indicativo,nombre,provincia,altitud_m,lat,lon,dist_costa_km,grupo_costa,franja_altitud,region,dia_mas_frio,dia_mas_calido,desfase_invierno_dias,desfase_verano_dias,desfase_invierno_tmin,desfase_verano_tmin,desfase_invierno_tmax,desfase_verano_tmax,verano_termico_ini,verano_termico_fin,verano_termico_dias,invierno_termico_ini,invierno_termico_fin,invierno_termico_dias,cuartil_calido_ini,cuartil_calido_fin,amplitud_anual_c,tmed_min_c,tmed_max_c,fuente
C659H,"LAS PALMAS DE GRAN CANARIA, SAN CRISTOBAL",LAS PALMAS,55.0,28.0897,-15.4161,0.4,litoral,<200,canarias,12 de marzo,7 de septiembre,81,78,34,76,81,82,30 de junio,15 de noviembre,139,,,0,27 de julio,25 de octubre,5.54,18.66,24.19,AEMET
C659M,"LAS PALMAS DE GRAN CANARIA, PL. DE LA FERIA",LAS PALMAS,15.0,28.1131,-15.4214,0.4,litoral,<200,canarias,26 de enero,5 de septiembre,36,76,37,76,35,77,7 de junio,16 de noviembre,163,,,0,24 de julio,22 de octubre,5.82,18.81,24.63,AEMET
C669B,ARUCAS,LAS PALMAS,86.0,28.1417,-15.5067,0.4,litoral,<200,canarias,27 de enero,5 de septiembre,37,76,52,58,35,100,24 de junio,28 de octubre,127,,,0,20 de julio,18 de octubre,5.85,17.84,23.69,AEMET
C929I,HIERRO AEROPUERTO,SANTA CRUZ DE TENERIFE,32.0,27.8189,-17.8889,0.2,litoral,<200,canarias,7 de febrero,5 de septiembre,48,76,53,76,34,76,5 de junio,17 de noviembre,166,,,0,24 de julio,22 de octubre,5.36,19.23,24.6,AEMET
C619Y,LA ALDEA DE SAN NICOLÁS,LAS PALMAS,13.0,28.0011,-15.8075,1.0,litoral,<200,canarias,15 de enero,3 de septiembre,25,74,12,56,29,93,19 de mayo,4 de noviembre,170,,,0,9 de julio,7 de octubre,7.49,17.7,25.19,AEMET
C328W,HERMIGUA,SANTA CRUZ DE TENERIFE,252.0,28.1636,-17.1942,1.6,litoral,200-500,canarias,24 de enero,1 de septiembre,34,72,48,58,33,70,23 de julio,5 de octubre,75,,,0,15 de julio,13 de octubre,6.3,16.33,22.63,AEMET
C458A,TACORONTE,SANTA CRUZ DE TENERIFE,310.0,28.4964,-16.42,0.4,litoral,200-500,canarias,6 de febrero,1 de septiembre,47,72,48,58,77,72,1 de agosto,5 de octubre,66,,,0,20 de julio,18 de octubre,5.91,16.62,22.52,AEMET
C619X,AGAETE,LAS PALMAS,5.0,28.1011,-15.7128,1.3,litoral,<200,canarias,25 de enero,1 de septiembre,35,72,48,72,35,67,6 de junio,16 de noviembre,164,,,0,19 de julio,17 de octubre,6.23,18.99,25.21,AEMET
C129V,FUENCALIENTE,SANTA CRUZ DE TENERIFE,19.0,28.455,-17.8411,0.6,litoral,<200,canarias,7 de febrero,31 de agosto,48,71,48,71,36,71,2 de junio,19 de noviembre,171,,,0,20 de julio,18 de octubre,5.64,19.41,25.05,AEMET
C139E,LA PALMA AEROPUERTO,SANTA CRUZ DE TENERIFE,33.0,28.6331,-17.755,0.6,litoral,<200,canarias,6 de febrero,31 de agosto,47,71,49,59,47,71,16 de junio,4 de noviembre,142,,,0,18 de julio,16 de octubre,5.89,18.49,24.39,AEMET
C329B,"LA GOMERA, AEROPUERTO",SANTA CRUZ DE TENERIFE,219.0,28.0317,-17.2108,0.9,litoral,200-500,canarias,25 de enero,26 de agosto,35,66,61,65,26,66,18 de junio,10 de noviembre,146,,,0,16 de julio,14 de octubre,6.48,18.36,24.84,AEMET
C468X,SAN JUAN DE LA RAMBLA,SANTA CRUZ DE TENERIFE,667.0,28.3731,-16.6258,1.9,litoral,500-800,canarias,8 de marzo,26 de agosto,77,66,76,67,77,66,,,0,,,0,19 de julio,14 de octubre,6.6,13.27,19.87,AEMET
C649R,"TELDE, MELENARA",LAS PALMAS,9.0,27.9867,-15.3778,0.8,litoral,<200,canarias,24 de enero,26 de agosto,34,66,17,58,33,65,8 de junio,3 de noviembre,149,,,0,11 de julio,9 de octubre,6.82,17.93,24.75,AEMET
C129Z,TAZACORTE,SANTA CRUZ DE TENERIFE,62.0,28.5958,-17.9153,0.7,litoral,<200,canarias,24 de enero,25 de agosto,34,65,48,72,28,56,10 de mayo,9 de noviembre,184,,,0,4 de julio,2 de octubre,6.54,19.01,25.55,AEMET
C148F,SAN ANDRÉS Y SAUCES,SANTA CRUZ DE TENERIFE,362.0,28.8047,-17.7822,1.3,litoral,200-500,canarias,1 de febrero,25 de agosto,42,65,52,59,33,64,3 de agosto,9 de septiembre,38,,,0,14 de julio,12 de octubre,6.55,15.84,22.39,AEMET
C319W,"VALLEHERMOSO, DAMA",SANTA CRUZ DE TENERIFE,190.0,28.0542,-17.3064,0.9,litoral,<200,canarias,25 de enero,25 de agosto,35,65,48,58,26,65,10 de junio,11 de noviembre,155,,,0,16 de julio,14 de octubre,6.63,18.42,25.05,AEMET
C629Q,"MOGÁN, PUERTO RICO",LAS PALMAS,10.0,27.78,-15.7111,0.1,litoral,<200,canarias,12 de marzo,25 de agosto,81,65,34,73,81,65,14 de junio,22 de noviembre,162,,,0,22 de julio,20 de octubre,5.03,19.44,24.47,AEMET
C629X,"MOGÁN, PUERTO",LAS PALMAS,10.0,27.8164,-15.7642,0.6,litoral,<200,canarias,25 de enero,25 de agosto,35,65,34,66,26,58,27 de mayo,19 de noviembre,177,,,0,11 de julio,9 de octubre,6.22,19.18,25.4,AEMET
C658L,LAS PALMAS DE G.C. (TAFIRA CMT),LAS PALMAS,269.0,28.075,-15.4508,3.1,litoral,200-500,canarias,23 de enero,25 de agosto,33,65,48,73,33,65,23 de julio,9 de octubre,79,,,0,18 de julio,16 de octubre,6.41,16.44,22.85,AEMET
C658X,"LAS PALMAS DE GRAN CANARIA, TAFIRA",LAS PALMAS,269.0,28.0781,-15.4533,3.3,litoral,200-500,canarias,23 de enero,25 de agosto,33,65,48,72,33,65,31 de julio,4 de octubre,66,,,0,18 de julio,16 de octubre,6.43,16.19,22.62,AEMET
C919K,TACORON-LAPILLAS-TORTUGA,SANTA CRUZ DE TENERIFE,98.0,27.6653,-18.0186,0.5,litoral,<200,canarias,13 de marzo,25 de agosto,82,65,76,72,32,65,6 de junio,23 de noviembre,171,,,0,22 de julio,20 de octubre,5.42,19.65,25.07,AEMET
1078I,GÜEÑES,BIZKAIA,208.0,43.2033,-3.1047,16.4,litoral,200-500,peninsula,18 de enero,24 de agosto,28,64,28,41,27,64,,,0,,,0,19 de junio,17 de septiembre,12.6,7.86,20.47,AEMET
C928I,VALVERDE,SANTA CRUZ DE TENERIFE,670.0,27.8108,-17.9194,2.9,litoral,500-800,canarias,8 de marzo,24 de agosto,77,64,77,65,77,63,,,0,,,0,17 de julio,15 de octubre,6.82,13.51,20.33,AEMET
C018J,TÍAS,LAS PALMAS,376.0,28.9697,-13.6903,5.5,litoral,200-500,canarias,23 de enero,21 de agosto,33,61,34,58,30,61,24 de julio,5 de octubre,74,,,0,16 de julio,14 de octubre,7.39,15.64,23.04,AEMET
C048W,TINAJO,LAS PALMAS,275.0,29.0425,-13.6808,4.2,litoral,200-500,canarias,25 de enero,21 de agosto,35,61,26,58,35,75,10 de agosto,11 de septiembre,33,,,0,22 de julio,20 de octubre,6.34,15.92,22.26,AEMET
C038N,HARÍA,LAS PALMAS,277.0,29.1436,-13.4892,2.7,litoral,200-500,canarias,23 de enero,20 de agosto,33,60,48,58,33,61,12 de julio,4 de octubre,85,,,0,9 de julio,7 de octubre,7.26,15.92,23.17,AEMET
C317B,AGULO,SANTA CRUZ DE TENERIFE,765.0,28.1789,-17.2131,1.3,litoral,500-800,canarias,25 de enero,20 de agosto,35,60,61,61,31,60,,,0,,,0,17 de julio,15 de octubre,7.07,13.93,21.0,AEMET
C457I,LA VICTORIA DE ACENTEJO,SANTA CRUZ DE TENERIFE,567.0,28.4344,-16.4544,1.8,litoral,500-800,canarias,25 de enero,20 de agosto,35,60,48,72,77,60,,,0,,,0,20 de julio,18 de octubre,6.07,14.12,20.19,AEMET
C939T,"FRONTERA, SABINOSA",SANTA CRUZ DE TENERIFE,20.0,27.7564,-18.1075,0.5,litoral,<200,canarias,7 de febrero,20 de agosto,48,60,52,60,81,56,4 de junio,9 de noviembre,159,,,0,13 de julio,11 de octubre,5.76,18.75,24.5,AEMET
6083X,MARBELLA,MALAGA,2.0,36.4833,-4.7403,0.7,litoral,<200,peninsula,21 de enero,19 de agosto,31,59,24,59,31,58,6 de junio,9 de octubre,126,,,0,24 de junio,22 de septiembre,11.73,14.47,26.2,AEMET
C459Z,PUERTO DE LA CRUZ,SANTA CRUZ DE TENERIFE,25.0,28.4181,-16.5483,0.9,litoral,<200,canarias,25 de enero,19 de agosto,35,59,34,58,35,76,2 de junio,11 de noviembre,163,,,0,17 de julio,15 de octubre,5.91,18.74,24.65,AEMET
C029O,LANZAROTE AEROPUERTO,LAS PALMAS,14.0,28.9519,-13.6003,1.0,litoral,<200,canarias,16 de enero,18 de agosto,26,58,34,58,26,60,19 de mayo,6 de noviembre,172,,,0,6 de julio,4 de octubre,8.45,17.83,26.28,AEMET
C419X,ADEJE,SANTA CRUZ DE TENERIFE,130.0,28.0814,-16.7106,1.9,litoral,<200,canarias,24 de enero,18 de agosto,34,58,47,58,31,58,4 de junio,12 de noviembre,162,,,0,12 de julio,10 de octubre,6.38,18.65,25.03,AEMET
C447A,TENERIFE NORTE AEROPUERTO,SANTA CRUZ DE TENERIFE,632.0,28.4775,-16.3294,5.7,litoral,500-800,canarias,24 de enero,18 de agosto,34,58,61,58,32,60,7 de agosto,1 de septiembre,26,,,0,10 de julio,8 de octubre,8.52,13.93,22.45,AEMET
C839X,LA GRACIOSA,LAS PALMAS,19.0,29.2297,-13.5103,1.4,litoral,<200,canarias,23 de enero,18 de agosto,33,58,48,58,33,65,12 de junio,8 de noviembre,150,,,0,16 de julio,14 de octubre,5.99,18.4,24.39,AEMET
C019V,YAIZA PLAYA BLANCA,LAS PALMAS,6.0,28.8589,-13.835,0.5,litoral,<200,canarias,17 de enero,17 de agosto,27,57,47,58,26,61,11 de junio,2 de noviembre,145,,,0,10 de julio,8 de octubre,6.97,17.97,24.94,AEMET
C248E,ANTIGUA,LAS PALMAS,252.0,28.4169,-14.0192,9.9,litoral,200-500,canarias,17 de enero,17 de agosto,27,57,25,57,27,61,1 de julio,16 de octubre,108,,,0,8 de julio,6 de octubre,8.06,16.16,24.22,AEMET
C258K,LA OLIVA,LAS PALMAS,217.0,28.6125,-13.9317,9.1,litoral,200-500,canarias,24 de enero,17 de agosto,34,57,48,58,33,61,2 de julio,17 de octubre,108,,,0,10 de julio,8 de octubre,7.46,16.41,23.87,AEMET
C329Z,SAN SEBASTIÁN DE LA GOMERA,SANTA CRUZ DE TENERIFE,15.0,28.0897,-17.1114,0.1,litoral,<200,canarias,26 de enero,17 de agosto,36,57,42,66,36,57,23 de mayo,21 de noviembre,183,,,0,12 de julio,10 de octubre,7.04,19.04,26.08,AEMET
C429I,TENERIFE SUR AEROPUERTO,SANTA CRUZ DE TENERIFE,64.0,28.0469,-16.5611,1.9,litoral,<200,canarias,24 de enero,17 de agosto,34,57,48,65,26,57,23 de mayo,17 de noviembre,179,,,0,12 de julio,10 de octubre,7.09,18.87,25.96,AEMET
C449F,ANAGA,SANTA CRUZ DE TENERIFE,19.0,28.5081,-16.1956,0.5,litoral,<200,canarias,1 de febrero,17 de agosto,42,57,43,57,35,52,26 de mayo,10 de noviembre,169,,,0,7 de julio,5 de octubre,7.87,18.38,26.25,AEMET
C649I,GRAN CANARIA AEROPUERTO,LAS PALMAS,24.0,27.9178,-15.3953,0.6,litoral,<200,canarias,24 de enero,17 de agosto,34,57,37,65,33,55,29 de mayo,12 de noviembre,168,,,0,9 de julio,7 de octubre,6.79,18.59,25.39,AEMET
2630X,PUERTO DE SAN ISIDRO,LEON,1510.0,43.0622,-5.3769,47.1,interior,>1200,peninsula,16 de enero,16 de agosto,26,56,31,56,27,52,,,0,5 de noviembre,21 de abril,168,11 de junio,9 de septiembre,13.83,1.23,15.07,AEMET
6076X,"MARBELLA, PUERTO",MALAGA,2.0,36.4844,-4.9531,0.9,litoral,<200,peninsula,15 de enero,16 de agosto,25,56,24,58,30,53,17 de junio,29 de septiembre,105,,,0,23 de junio,21 de septiembre,11.16,13.82,24.98,AEMET
C239N,"TUINEJE,PUERTO GRAN TARAJAL",LAS PALMAS,1.0,28.2086,-14.0231,0.3,litoral,<200,canarias,16 de enero,16 de agosto,26,56,26,56,26,52,24 de mayo,5 de noviembre,166,,,0,3 de julio,1 de octubre,8.43,17.93,26.36,AEMET
C249I,FUERTEVENTURA AEROPUERTO,LAS PALMAS,25.0,28.4447,-13.8631,0.6,litoral,<200,canarias,24 de enero,16 de agosto,34,56,48,58,33,55,26 de mayo,5 de noviembre,164,,,0,5 de julio,3 de octubre,7.01,18.15,25.16,AEMET
C639U,"SAN BARTOLOME TIRAJANA, EL MATORRAL",LAS PALMAS,41.0,27.8125,-15.4531,0.4,litoral,<200,canarias,25 de enero,16 de agosto,35,56,41,65,29,52,27 de mayo,11 de noviembre,169,,,0,6 de julio,4 de octubre,7.73,18.44,26.17,AEMET
C229J,PÁJARA,LAS PALMAS,15.0,28.0492,-14.3581,0.8,litoral,<200,canarias,18 de enero,15 de agosto,28,55,36,65,25,51,18 de mayo,23 de noviembre,190,,,0,11 de julio,9 de octubre,7.23,19.15,26.38,AEMET
C419L,LOMO DEL BALO,SANTA CRUZ DE TENERIFE,403.0,28.2069,-16.7919,3.3,litoral,200-500,canarias,7 de marzo,15 de agosto,76,55,77,58,26,55,4 de julio,16 de octubre,105,,,0,9 de julio,7 de octubre,6.99,17.13,24.12,AEMET
C639M,"MASPALOMAS, C. INSULAR TURISMO",LAS PALMAS,45.0,27.7581,-15.5756,0.6,litoral,<200,canarias,22 de enero,15 de agosto,32,55,43,56,26,55,16 de mayo,15 de noviembre,184,,,0,6 de julio,4 de octubre,7.35,18.74,26.09,AEMET
C668V,AGAETE - SUERTE ALTA,LAS PALMAS,352.0,28.0944,-15.675,2.5,litoral,200-500,canarias,22 de enero,15 de agosto,32,55,82,65,31,54,7 de julio,16 de octubre,102,,,0,10 de julio,8 de octubre,7.77,16.55,24.32,AEMET
1109,SANTANDER AEROPUERTO,CANTABRIA,3.0,43.4239,-3.8256,5.5,litoral,<200,peninsula,15 de enero,14 de agosto,25,54,21,41,27,54,,,0,,,0,23 de junio,21 de septiembre,11.55,9.83,21.38,AEMET
6058I,ESTEPONA,MALAGA,19.0,36.4169,-5.155,1.4,litoral,<200,peninsula,14 de enero,14 de agosto,24,54,24,54,20,42,29 de mayo,8 de octubre,133,,,0,19 de junio,17 de septiembre,12.77,13.86,26.64,AEMET
6084X,FUENGIROLA,MALAGA,8.0,36.5386,-4.6183,0.2,litoral,<200,peninsula,21 de enero,14 de agosto,31,54,31,57,31,39,7 de junio,3 de octubre,119,,,0,23 de junio,21 de septiembre,11.87,14.16,26.03,AEMET
6205X,TORROX,MALAGA,3.0,36.7264,-3.9572,0.5,litoral,<200,peninsula,14 de enero,14 de agosto,24,54,23,54,24,53,5 de junio,3 de octubre,121,,,0,22 de junio,20 de septiembre,11.96,13.98,25.93,AEMET
1024E,"DONOSTIA / SAN SEBASTIÁN, IGELDO",GIPUZKOA,250.0,43.3064,-2.0411,0.4,litoral,200-500,peninsula,15 de enero,13 de agosto,25,53,26,41,25,53,,,0,,,0,20 de junio,18 de septiembre,11.89,8.43,20.32,AEMET
1025A,SEGURA,GIPUZKOA,255.0,43.0156,-2.2567,31.0,interior,200-500,peninsula,15 de enero,13 de agosto,25,53,21,41,25,53,,,0,,,0,14 de junio,12 de septiembre,14.77,7.11,21.88,AEMET
1025X,"BEASAIN, ARRIARAN",GIPUZKOA,255.0,43.0547,-2.2319,26.4,litoral,200-500,peninsula,15 de enero,13 de agosto,25,53,21,41,25,53,,,0,,,0,13 de junio,11 de septiembre,14.37,7.14,21.5,AEMET
1026X,ORDIZIA,GIPUZKOA,290.0,43.0581,-2.1842,25.8,litoral,200-500,peninsula,15 de enero,13 de agosto,25,53,24,41,25,53,,,0,,,0,18 de junio,14 de septiembre,14.09,7.25,21.34,AEMET
1037Y,ZUMARRAGA,GIPUZKOA,431.0,43.08,-2.3175,24.5,litoral,200-500,peninsula,15 de enero,13 de agosto,25,53,25,41,25,53,,,0,8 de enero,21 de enero,14,19 de junio,12 de septiembre,14.43,5.73,20.16,AEMET
1044X,"ARAMAIO, ETXAGUEN",ARABA/ALAVA,617.0,43.0578,-2.5897,31.6,interior,500-800,peninsula,15 de enero,13 de agosto,25,53,25,41,27,53,,,0,7 de enero,25 de enero,19,19 de junio,12 de septiembre,13.76,5.67,19.43,AEMET
1048X,ARETXABALETA,GIPUZKOA,308.0,43.025,-2.4658,31.6,interior,200-500,peninsula,14 de enero,13 de agosto,24,53,21,41,23,57,,,0,,,0,14 de junio,12 de septiembre,14.37,6.45,20.81,AEMET
1049N,ELGETA,GIPUZKOA,470.0,43.1383,-2.4958,20.6,litoral,200-500,peninsula,13 de enero,13 de agosto,23,53,24,41,22,53,,,0,,,0,19 de junio,15 de septiembre,13.51,6.41,19.92,AEMET
1050J,ELGOIBAR,GIPUZKOA,119.0,43.2092,-2.4133,10.7,litoral,<200,peninsula,14 de enero,13 de agosto,24,53,21,41,25,64,,,0,,,0,22 de junio,20 de septiembre,12.23,8.11,20.34,AEMET
1052A,MUTRIKU,GIPUZKOA,150.0,43.3172,-2.3972,0.8,litoral,<200,peninsula,17 de enero,13 de agosto,27,53,26,52,27,53,,,0,,,0,22 de junio,20 de septiembre,11.71,9.51,21.22,AEMET
1069Y,"ABADIÑO, URKIOLA",BIZKAIA,747.0,43.0992,-2.6442,29.6,litoral,500-800,peninsula,15 de enero,13 de agosto,25,53,25,40,25,53,,,0,26 de diciembre,2 de febrero,39,18 de junio,13 de septiembre,13.77,4.68,18.45,AEMET
1083B,SOPUERTA,BIZKAIA,177.0,43.2797,-3.1686,7.8,litoral,<200,peninsula,15 de enero,13 de agosto,25,53,24,41,25,53,,,0,,,0,20 de junio,18 de septiembre,12.16,8.88,21.04,AEMET
1083L,CASTRO URDIALES,CANTABRIA,45.0,43.3947,-3.2339,0.6,litoral,<200,peninsula,15 de enero,13 de agosto,25,53,24,52,27,53,,,0,,,0,23 de junio,21 de septiembre,10.93,10.36,21.29,AEMET
1096X,"BARCENA DE CICERO, TRETO",CANTABRIA,10.0,43.3967,-3.4697,3.5,litoral,<200,peninsula,14 de enero,13 de agosto,24,53,21,41,27,53,,,0,,,0,20 de junio,18 de septiembre,11.36,9.19,20.55,AEMET
1111,SANTANDER,CANTABRIA,52.0,43.4911,-3.8006,0.9,litoral,<200,peninsula,17 de enero,13 de agosto,27,53,30,52,27,53,,,0,,,0,26 de junio,24 de septiembre,10.32,10.38,20.71,AEMET
1111X,SANTANDER,CANTABRIA,51.0,43.4911,-3.8006,0.9,litoral,<200,peninsula,20 de enero,13 de agosto,30,53,30,52,28,53,,,0,,,0,23 de junio,21 de septiembre,10.28,10.54,20.82,AEMET
1154H,"TORRELAVEGA, SIERRAPANDO",CANTABRIA,110.0,43.3586,-4.0275,7.9,litoral,<200,peninsula,21 de enero,13 de agosto,31,53,21,41,31,53,,,0,,,0,21 de junio,19 de septiembre,11.12,9.49,20.61,AEMET
1167B,"CAMALEÑO, FUENTE DE",CANTABRIA,1100.0,43.1439,-4.8128,29.7,litoral,800-1200,peninsula,21 de enero,13 de agosto,31,53,31,52,25,53,,,0,29 de diciembre,3 de febrero,37,12 de junio,10 de septiembre,13.57,4.85,18.42,AEMET
1176A,TRESVISO,CANTABRIA,940.0,43.2558,-4.6683,15.4,litoral,800-1200,peninsula,21 de enero,13 de agosto,31,53,34,53,27,53,,,0,,,0,21 de junio,19 de septiembre,11.46,6.16,17.62,AEMET
1179B,CABRALES,ASTURIAS,458.0,43.3111,-4.8528,13.1,litoral,200-500,peninsula,16 de enero,13 de agosto,26,53,26,40,26,53,,,0,,,0,19 de junio,16 de septiembre,11.89,8.09,19.97,AEMET
1186P,"AMIEVA, PANIZALES",ASTURIAS,370.0,43.2667,-5.1192,21.6,litoral,200-500,peninsula,15 de enero,13 de agosto,25,53,20,39,25,53,,,0,,,0,19 de junio,17 de septiembre,11.82,8.35,20.18,AEMET
1199X,"PILOÑA, BARGAÉU",ASTURIAS,280.0,43.3778,-5.3967,16.9,litoral,200-500,peninsula,10 de enero,13 de agosto,20,53,21,49,25,53,,,0,,,0,19 de junio,17 de septiembre,12.36,7.78,20.14,AEMET
1203D,COLUNGA,ASTURIAS,30.0,43.4922,-5.2472,0.6,litoral,<200,peninsula,20 de enero,13 de agosto,30,53,30,39,31,53,,,0,,,0,23 de junio,21 de septiembre,10.42,9.69,20.11,AEMET
1212E,ASTURIAS AEROPUERTO,ASTURIAS,127.0,43.5669,-6.0442,0.5,litoral,<200,peninsula,21 de enero,13 de agosto,31,53,30,49,31,53,,,0,,,0,23 de junio,21 de septiembre,10.19,9.49,19.68,AEMET
1221D,PAJARES-VALGRANDE,ASTURIAS,1480.0,42.9786,-5.7764,64.0,interior,>1200,peninsula,20 de enero,13 de agosto,30,53,31,53,29,52,,,0,5 de noviembre,17 de abril,164,11 de junio,9 de septiembre,12.84,2.06,14.91,AEMET
1234P,"MIERES, BAIÑA",ASTURIAS,170.0,43.275,-5.8192,32.6,interior,<200,peninsula,10 de enero,13 de agosto,20,53,19,55,20,53,,,0,,,0,20 de junio,18 de septiembre,12.91,8.47,21.38,AEMET
1249X,OVIEDO,ASTURIAS,334.0,43.3533,-5.8739,25.1,litoral,200-500,peninsula,15 de enero,13 de agosto,25,53,21,50,25,53,,,0,,,0,20 de junio,18 de septiembre,11.93,8.3,20.23,AEMET
1272B,"TINEO, SOUTU",ASTURIAS,280.0,43.2903,-6.3867,28.8,litoral,200-500,peninsula,9 de enero,13 de agosto,19,53,19,51,18,49,,,0,,,0,18 de junio,16 de septiembre,14.5,6.88,21.38,AEMET
1279X,"SALAS, CAMUÑO",ASTURIAS,240.0,43.425,-6.2308,15.6,litoral,200-500,peninsula,15 de enero,13 de agosto,25,53,20,53,25,53,,,0,,,0,22 de junio,20 de septiembre,11.6,8.8,20.4,AEMET
1327A,"VILLAYÓN, ONETA",ASTURIAS,410.0,43.4656,-6.6733,10.5,litoral,200-500,peninsula,15 de enero,13 de agosto,25,53,30,53,25,53,,,0,,,0,24 de junio,22 de septiembre,10.46,8.26,18.72,AEMET
1341B,"TARAMUNDI, OURIA",ASTURIAS,340.0,43.4156,-7.0611,14.9,litoral,200-500,peninsula,20 de enero,13 de agosto,30,53,30,48,25,53,,,0,,,0,25 de junio,23 de septiembre,10.12,8.41,18.53,AEMET
1363X,AS PONTES,A CORUÑA,343.0,43.4458,-7.8614,29.6,litoral,200-500,peninsula,15 de enero,13 de agosto,25,53,20,49,25,53,,,0,,,0,20 de junio,18 de septiembre,12.08,7.47,19.55,AEMET
1505,LUGO AEROPUERTO,LUGO,442.0,43.1111,-7.4575,52.7,interior,200-500,peninsula,10 de enero,13 de agosto,20,53,20,35,19,53,,,0,,,0,18 de junio,12 de septiembre,13.55,6.53,20.08,AEMET
1521I,O PÁRAMO,LUGO,403.0,42.8453,-7.4994,82.0,interior,200-500,peninsula,10 de enero,13 de agosto,20,53,20,34,19,53,,,0,,,0,18 de junio,15 de septiembre,14.71,6.48,21.19,AEMET
5860E,"MOGUER, EL ARENOSILLO",HUELVA,41.0,37.0981,-6.7381,0.9,litoral,<200,peninsula,14 de enero,13 de agosto,24,53,24,53,25,52,23 de junio,19 de septiembre,89,,,0,22 de junio,20 de septiembre,12.54,11.68,24.22,AEMET
6001,TARIFA,CADIZ,45.0,36.0144,-5.5972,0.6,litoral,<200,peninsula,14 de enero,13 de agosto,24,53,24,52,31,53,29 de junio,19 de septiembre,83,,,0,26 de junio,24 de septiembre,11.15,12.92,24.07,AEMET
6172X,MÁLAGA,MALAGA,25.0,36.7167,-4.4197,0.7,litoral,<200,peninsula,15 de enero,13 de agosto,25,53,24,54,25,43,29 de mayo,11 de octubre,136,,,0,19 de junio,17 de septiembre,13.08,14.09,27.17,AEMET
6175X,RINCÓN DE LA VICTORIA,MALAGA,7.0,36.715,-4.2861,0.7,litoral,<200,peninsula,15 de enero,13 de agosto,25,53,24,54,30,53,18 de mayo,19 de octubre,155,,,0,22 de junio,20 de septiembre,13.46,15.0,28.46,AEMET
6201X,ALGARROBO,MALAGA,35.0,36.7558,-4.0439,0.7,litoral,<200,peninsula,14 de enero,13 de agosto,24,53,23,53,30,53,9 de junio,3 de octubre,117,,,0,21 de junio,19 de septiembre,13.34,13.03,26.37,AEMET
6267X,SALOBREÑA,GRANADA,20.0,36.7483,-3.5786,0.9,litoral,<200,peninsula,15 de enero,13 de agosto,25,53,25,54,25,53,16 de junio,26 de septiembre,103,,,0,21 de junio,19 de septiembre,12.85,12.73,25.58,AEMET
6268Y,"MOTRIL, PUERTO",GRANADA,3.0,36.7239,-3.5292,0.4,litoral,<200,peninsula,8 de enero,13 de agosto,18,53,16,53,18,53,4 de junio,6 de octubre,125,,,0,20 de junio,18 de septiembre,12.63,13.81,26.44,AEMET
6272X,CASTELL DE FERRO,GRANADA,235.0,36.7342,-3.38,1.0,litoral,200-500,peninsula,15 de enero,13 de agosto,25,53,23,53,25,43,2 de junio,3 de octubre,124,,,0,18 de junio,16 de septiembre,14.05,13.05,27.1,AEMET
6277B,ADRA,ALMERIA,8.0,36.7472,-3.0206,0.3,litoral,<200,peninsula,13 de enero,13 de agosto,23,53,23,53,23,55,1 de junio,8 de octubre,130,,,0,23 de junio,21 de septiembre,12.85,13.87,26.72,AEMET
6325O,ALMERÍA AEROPUERTO,ALMERIA,21.0,36.8464,-2.3569,0.8,litoral,<200,peninsula,10 de enero,13 de agosto,20,53,18,53,23,53,28 de mayo,11 de octubre,137,,,0,21 de junio,19 de septiembre,15.21,13.07,28.28,AEMET
6329X,CABO DE GATA,ALMERIA,42.0,36.7219,-2.1931,0.9,litoral,<200,peninsula,15 de enero,13 de agosto,25,53,31,53,25,53,31 de mayo,12 de octubre,135,,,0,22 de junio,20 de septiembre,13.06,14.41,27.47,AEMET
6332Y,CARBONERAS,ALMERIA,222.0,36.9422,-1.9069,0.4,litoral,200-500,peninsula,27 de enero,13 de agosto,37,53,37,53,37,40,3 de junio,10 de octubre,130,,,0,18 de junio,16 de septiembre,14.18,13.28,27.46,AEMET
6340X,GARRUCHA,ALMERIA,28.0,37.1692,-1.8286,0.8,litoral,<200,peninsula,8 de enero,13 de agosto,18,53,18,52,24,54,6 de junio,6 de octubre,123,,,0,21 de junio,19 de septiembre,14.24,12.61,26.85,AEMET
7002Y,ÁGUILAS,MURCIA,32.0,37.4172,-1.5869,1.7,litoral,<200,peninsula,14 de enero,13 de agosto,24,53,24,52,24,43,29 de mayo,11 de octubre,136,,,0,20 de junio,18 de septiembre,14.83,13.02,27.85,AEMET
7031X,SAN JAVIER AEROPUERTO,MURCIA,4.0,37.7783,-0.8058,0.4,litoral,<200,peninsula,9 de enero,13 de agosto,19,53,16,52,21,43,3 de junio,6 de octubre,126,,,0,20 de junio,18 de septiembre,15.94,11.6,27.54,AEMET
9001S,ALTO CAMPOO,CANTABRIA,1650.0,43.0367,-4.3744,39.3,interior,>1200,peninsula,19 de enero,13 de agosto,29,53,31,48,28,53,,,0,3 de noviembre,22 de abril,171,13 de junio,11 de septiembre,13.64,1.81,15.45,AEMET
9012E,SANTA GADEA DE ALFOZ,BURGOS,915.0,42.9514,-3.9572,52.3,interior,800-1200,peninsula,15 de enero,13 de agosto,25,53,26,41,27,53,,,0,28 de noviembre,23 de febrero,88,13 de junio,11 de septiembre,14.64,3.85,18.49,AEMET
C316I,ARURE,SANTA CRUZ DE TENERIFE,916.0,28.1283,-17.315,2.5,litoral,800-1200,canarias,13 de marzo,13 de agosto,82,53,76,53,30,49,12 de julio,1 de septiembre,52,,,0,3 de julio,1 de octubre,10.55,13.05,23.6,AEMET
0073X,SITGES,BARCELONA,58.0,41.2439,1.8525,0.5,litoral,<200,peninsula,16 de enero,12 de agosto,26,52,26,52,26,49,13 de junio,17 de septiembre,97,,,0,16 de junio,14 de septiembre,15.48,10.16,25.64,AEMET
1002Y,"BAZTAN, IRURITA",NAVARRA,183.0,43.1358,-1.5431,22.2,litoral,<200,peninsula,12 de enero,12 de agosto,22,52,21,41,25,53,,,0,,,0,11 de junio,9 de septiembre,15.4,6.5,21.9,AEMET
1010X,BERA,NAVARRA,54.0,43.2786,-1.6758,3.1,litoral,<200,peninsula,15 de enero,12 de agosto,25,52,21,41,25,53,,,0,,,0,14 de junio,12 de septiembre,13.94,7.84,21.77,AEMET
1037X,LEGAZPI,GIPUZKOA,460.0,43.0517,-2.3372,27.6,litoral,200-500,peninsula,15 de enero,12 de agosto,25,52,25,41,25,52,,,0,,,0,13 de junio,11 de septiembre,13.99,6.19,20.19,AEMET
1038X,AZPEITIA,GIPUZKOA,180.0,43.1725,-2.2672,14.2,litoral,<200,peninsula,15 de enero,12 de agosto,25,52,24,41,25,53,,,0,,,0,18 de junio,14 de septiembre,13.25,8.06,21.3,AEMET
1064L,"OROZKO, IBARRA",BIZKAIA,270.0,43.0964,-2.8603,32.7,interior,200-500,peninsula,15 de enero,12 de agosto,25,52,24,41,23,57,,,0,,,0,19 de junio,17 de septiembre,13.75,7.44,21.2,AEMET
1082,BILBAO AEROPUERTO,BIZKAIA,42.0,43.2981,-2.9064,12.7,litoral,<200,peninsula,14 de enero,12 de agosto,24,52,21,41,27,53,11 de agosto,14 de agosto,4,,,0,19 de junio,17 de septiembre,12.73,9.32,22.05,AEMET
1207U,"GIJÓN, CAMPUS",ASTURIAS,26.0,43.5231,-5.6211,3.0,litoral,<200,peninsula,21 de enero,12 de agosto,31,52,21,37,31,52,,,0,,,0,20 de junio,18 de septiembre,11.64,8.94,20.57,AEMET
1208H,"GIJÓN, PUERTO",ASTURIAS,5.0,43.5597,-5.7008,0.9,litoral,<200,peninsula,21 de enero,12 de agosto,31,52,30,50,31,52,,,0,,,0,23 de junio,21 de septiembre,10.24,10.95,21.19,AEMET
1210X,CABO PEÑAS,ASTURIAS,100.0,43.6558,-5.8486,0.7,litoral,<200,peninsula,27 de enero,12 de agosto,37,52,37,52,34,52,,,0,,,0,24 de junio,22 de septiembre,9.82,10.38,20.2,AEMET
1226X,"ALLER, FELECHOSA",ASTURIAS,750.0,43.0953,-5.4769,46.6,interior,500-800,peninsula,13 de enero,12 de agosto,23,52,31,34,23,52,,,0,4 de enero,28 de enero,25,12 de junio,10 de septiembre,13.59,5.42,19.01,AEMET
1276F,POLA DE SOMIEDO,ASTURIAS,670.0,43.1,-6.2569,50.3,interior,500-800,peninsula,21 de enero,12 de agosto,31,52,31,34,25,52,,,0,,,0,13 de junio,11 de septiembre,13.28,6.15,19.43,AEMET
1297E,CERVANTES,LUGO,1020.0,42.7686,-7.0175,86.9,interior,800-1200,peninsula,17 de enero,12 de agosto,27,52,34,54,27,52,,,0,4 de enero,31 de enero,28,18 de junio,15 de septiembre,13.92,5.42,19.34,AEMET
1302F,DEGAÑA,ASTURIAS,1310.0,42.9553,-6.4725,65.0,interior,>1200,peninsula,17 de enero,12 de agosto,27,52,33,55,27,49,,,0,15 de noviembre,24 de marzo,130,12 de junio,10 de septiembre,14.32,3.18,17.5,AEMET
1309C,"IBIAS, SAN ANTOLIN",ASTURIAS,780.0,43.0275,-6.885,58.5,interior,500-800,peninsula,20 de enero,12 de agosto,30,52,34,53,25,49,,,0,,,0,19 de junio,16 de septiembre,13.81,6.38,20.19,AEMET
1354C,FERROL,A CORUÑA,4.0,43.4764,-8.2622,4.2,litoral,<200,peninsula,16 de enero,12 de agosto,26,52,30,49,26,53,,,0,,,0,23 de junio,21 de septiembre,10.32,10.64,20.95,AEMET
1387,A CORUÑA,A CORUÑA,57.0,43.3658,-8.4214,1.6,litoral,<200,peninsula,20 de enero,12 de agosto,30,52,30,49,27,53,,,0,,,0,26 de junio,24 de septiembre,9.2,11.25,20.46,AEMET
1400,FISTERRA,A CORUÑA,230.0,42.9247,-9.2914,0.5,litoral,200-500,peninsula,23 de enero,12 de agosto,33,52,36,53,30,74,,,0,,,0,29 de junio,27 de septiembre,8.43,10.4,18.83,AEMET
1406X,MAZARICOS,A CORUÑA,340.0,42.9353,-8.9936,12.5,litoral,200-500,peninsula,10 de enero,12 de agosto,20,52,30,49,20,52,,,0,,,0,19 de junio,17 de septiembre,11.07,8.28,19.35,AEMET
1410X,SOBRADO,A CORUÑA,500.0,43.0378,-8.0222,46.4,interior,500-800,peninsula,15 de enero,12 de agosto,25,52,20,32,25,52,,,0,,,0,19 de junio,17 de septiembre,12.17,6.9,19.07,AEMET
1428,SANTIAGO DE COMPOSTELA AEROPUERTO,A CORUÑA,370.0,42.8881,-8.4106,42.1,interior,200-500,peninsula,14 de enero,12 de agosto,24,52,30,49,23,52,,,0,,,0,20 de junio,18 de septiembre,12.02,7.99,20.01,AEMET
1446X,MONTERROSO,LUGO,680.0,42.8097,-7.7683,79.0,interior,500-800,peninsula,15 de enero,12 de agosto,25,52,25,52,23,52,,,0,,,0,19 de junio,17 de septiembre,13.54,6.69,20.23,AEMET
1455I,RODEIRO-VILAMAIOR,PONTEVEDRA,645.0,42.7111,-7.9539,66.6,interior,500-800,peninsula,15 de enero,12 de agosto,25,52,36,36,25,52,,,0,,,0,18 de junio,16 de septiembre,12.99,6.11,19.1,AEMET
1465U,LALIN-CRISTIMIL,PONTEVEDRA,463.0,42.6656,-8.1925,49.0,interior,200-500,peninsula,15 de enero,12 de agosto,25,52,31,35,23,52,,,0,,,0,19 de junio,17 de septiembre,12.67,7.49,20.16,AEMET
1466A,SILLEDA,PONTEVEDRA,435.0,42.7008,-8.2578,44.2,interior,200-500,peninsula,15 de enero,12 de agosto,25,52,30,52,25,52,,,0,,,0,22 de junio,20 de septiembre,12.76,8.58,21.34,AEMET
1475X,SANTIAGO DE COMPOSTELA,A CORUÑA,240.0,42.8761,-8.5558,33.0,interior,200-500,peninsula,10 de enero,12 de agosto,20,52,20,49,23,52,,,0,,,0,20 de junio,18 de septiembre,11.87,9.34,21.22,AEMET
1521X,BECERREÁ,LUGO,1080.0,42.8639,-7.1853,76.5,interior,800-1200,peninsula,21 de enero,12 de agosto,31,52,34,53,27,52,,,0,22 de diciembre,27 de febrero,68,18 de junio,15 de septiembre,13.47,4.63,18.09,AEMET
1542,PUERTO DE LEITARIEGOS,ASTURIAS,1530.0,42.9942,-6.4142,60.9,interior,>1200,peninsula,16 de enero,12 de agosto,26,52,31,53,25,52,,,0,5 de noviembre,5 de abril,152,15 de junio,11 de septiembre,13.78,2.07,15.84,AEMET
1631E,A POBRA DE TRIVES,OURENSE,840.0,42.3394,-7.2825,78.3,interior,800-1200,peninsula,10 de enero,12 de agosto,20,52,20,34,19,52,,,0,25 de diciembre,30 de enero,37,12 de junio,10 de septiembre,15.27,5.09,20.36,AEMET
1639X,CHANDREXA DE QUEIXA,OURENSE,990.0,42.2603,-7.3836,68.0,interior,800-1200,peninsula,15 de enero,12 de agosto,25,52,30,54,22,52,,,0,4 de diciembre,4 de febrero,63,17 de junio,13 de septiembre,14.47,4.64,19.11,AEMET
1658,FOLGOSO DO COUREL,LUGO,612.0,42.5886,-7.1917,96.6,interior,500-800,peninsula,10 de enero,12 de agosto,20,52,31,34,22,52,,,0,,,0,17 de junio,12 de septiembre,13.84,6.41,20.25,AEMET
1696O,BEARIZ,OURENSE,610.0,42.4681,-8.2781,36.6,interior,500-800,peninsula,10 de enero,12 de agosto,20,52,30,35,22,52,,,0,7 de enero,13 de enero,7,16 de junio,13 de septiembre,13.54,5.95,19.49,AEMET
1700X,O CARBALLIÑO,OURENSE,400.0,42.4214,-8.0925,32.5,interior,200-500,peninsula,8 de enero,12 de agosto,18,52,20,34,11,52,22 de julio,17 de agosto,27,,,0,15 de junio,13 de septiembre,15.57,6.74,22.31,AEMET
1719,A CAÑIZA,PONTEVEDRA,560.0,42.2181,-8.2811,9.1,litoral,500-800,peninsula,10 de enero,12 de agosto,20,52,20,52,21,52,,,0,,,0,21 de junio,19 de septiembre,13.03,7.73,20.76,AEMET
1723X,"PONTEAREAS, CANEDO",PONTEVEDRA,90.0,42.1822,-8.4928,10.4,litoral,<200,peninsula,10 de enero,12 de agosto,20,52,25,33,20,52,13 de julio,24 de agosto,43,,,0,18 de junio,16 de septiembre,14.04,8.84,22.87,AEMET
1738U,MUIÑOS,OURENSE,730.0,41.9342,-7.9889,24.8,litoral,500-800,peninsula,11 de enero,12 de agosto,21,52,20,33,22,52,,,0,,,0,17 de junio,15 de septiembre,14.55,6.32,20.88,AEMET
2235U,CERVERA DE PISUERGA,PALENCIA,1140.0,42.8706,-4.52,57.8,interior,800-1200,peninsula,15 de enero,12 de agosto,25,52,26,41,25,52,,,0,24 de noviembre,26 de febrero,95,11 de junio,9 de septiembre,16.06,3.92,19.99,AEMET
5656,FUENTES DE ANDALUCÍA,SEVILLA,165.0,37.4972,-5.4331,111.2,interior,<200,peninsula,14 de enero,12 de agosto,24,52,24,52,23,47,20 de mayo,12 de octubre,146,,,0,16 de junio,14 de septiembre,19.28,10.49,29.78,AEMET
5790Y,"SEVILLA, TABLADA",SEVILLA,9.0,37.3642,-6.0058,62.4,interior,<200,peninsula,14 de enero,12 de agosto,24,52,24,53,24,48,15 de mayo,16 de octubre,155,,,0,17 de junio,15 de septiembre,17.5,11.68,29.17,AEMET
5796,MORÓN DE LA FRONTERA,SEVILLA,87.0,37.1644,-5.6114,78.9,interior,<200,peninsula,13 de enero,12 de agosto,23,52,23,53,24,47,25 de mayo,11 de octubre,140,,,0,17 de junio,15 de septiembre,18.34,10.67,29.01,AEMET
5858X,ALMONTE,HUELVA,5.0,36.9886,-6.4431,6.0,litoral,<200,peninsula,14 de enero,12 de agosto,24,52,23,53,25,52,12 de junio,27 de septiembre,108,,,0,20 de junio,18 de septiembre,14.57,10.69,25.26,AEMET
5891X,LAS CABEZAS DE SAN JUAN,SEVILLA,105.0,36.9533,-5.8467,50.9,interior,<200,peninsula,15 de enero,12 de agosto,25,52,24,52,25,52,25 de mayo,10 de octubre,139,,,0,17 de junio,15 de septiembre,17.35,11.09,28.44,AEMET
5906X,CHIPIONA,CADIZ,10.0,36.75,-6.4006,0.8,litoral,<200,peninsula,14 de enero,12 de agosto,24,52,24,53,25,52,7 de junio,30 de septiembre,116,,,0,19 de junio,17 de septiembre,13.36,11.76,25.12,AEMET
5910,"ROTA, BASE NAVAL",CADIZ,21.0,36.6389,-6.3325,2.1,litoral,<200,peninsula,13 de enero,12 de agosto,23,52,23,53,25,52,2 de junio,6 de octubre,127,,,0,19 de junio,17 de septiembre,14.64,11.6,26.25,AEMET
5941X,EL BOSQUE,CADIZ,295.0,36.7294,-5.5122,45.4,interior,200-500,peninsula,13 de enero,12 de agosto,23,52,23,52,29,47,7 de junio,2 de octubre,118,,,0,18 de junio,16 de septiembre,16.87,10.67,27.54,AEMET
5950X,SAN JOSÉ DEL VALLE,CADIZ,105.0,36.6639,-5.7833,41.8,interior,<200,peninsula,14 de enero,12 de agosto,24,52,23,52,26,46,27 de mayo,13 de octubre,140,,,0,19 de junio,17 de septiembre,16.43,12.05,28.49,AEMET
5972X,SAN FERNANDO,CADIZ,28.0,36.4656,-6.2056,3.5,litoral,<200,peninsula,14 de enero,12 de agosto,24,52,23,52,27,52,31 de mayo,14 de octubre,137,,,0,23 de junio,21 de septiembre,13.36,12.9,26.25,AEMET
5973,CÁDIZ,CADIZ,2.0,36.4997,-6.2578,1.1,litoral,<200,peninsula,14 de enero,12 de agosto,24,52,23,52,27,52,31 de mayo,12 de octubre,135,,,0,23 de junio,21 de septiembre,12.65,13.3,25.95,AEMET
5983X,MEDINA SIDONIA,CADIZ,70.0,36.4061,-5.9203,21.3,litoral,<200,peninsula,14 de enero,12 de agosto,24,52,23,52,29,51,8 de junio,5 de octubre,120,,,0,21 de junio,19 de septiembre,15.7,11.38,27.09,AEMET
5995B,VEJER DE LA FRONTERA,CADIZ,183.0,36.2453,-5.9653,6.2,litoral,<200,peninsula,19 de enero,12 de agosto,29,52,31,52,29,51,8 de junio,5 de octubre,120,,,0,23 de junio,21 de septiembre,13.57,12.83,26.4,AEMET
5996B,BARBATE,CADIZ,4.0,36.1847,-5.9094,0.6,litoral,<200,peninsula,14 de enero,12 de agosto,24,52,23,53,29,52,7 de junio,6 de octubre,122,,,0,20 de junio,18 de septiembre,13.28,12.63,25.91,AEMET
6213X,NERJA,MALAGA,169.0,36.7628,-3.8453,1.5,litoral,<200,peninsula,15 de enero,12 de agosto,25,52,23,53,20,43,5 de junio,7 de octubre,125,,,0,21 de junio,19 de septiembre,12.97,13.82,26.79,AEMET
6291B,EL EJIDO,ALMERIA,98.0,36.7747,-2.8131,7.9,litoral,<200,peninsula,9 de enero,12 de agosto,19,52,19,53,27,40,22 de mayo,14 de octubre,146,,,0,18 de junio,16 de septiembre,14.4,14.24,28.64,AEMET
6293X,ROQUETAS DE MAR,ALMERIA,3.0,36.6869,-2.7017,0.4,litoral,<200,peninsula,13 de enero,12 de agosto,23,52,11,51,30,52,11 de junio,29 de septiembre,111,,,0,21 de junio,19 de septiembre,14.04,12.09,26.13,AEMET
8036Y,BENIDORM,ALICANTE,36.0,38.5436,-0.1378,1.5,litoral,<200,peninsula,20 de enero,12 de agosto,30,52,30,51,30,40,2 de junio,3 de octubre,124,,,0,17 de junio,15 de septiembre,15.53,11.93,27.46,AEMET
C117A,PUNTAGORDA,SANTA CRUZ DE TENERIFE,684.0,28.7606,-17.9856,1.4,litoral,500-800,canarias,25 de enero,12 de agosto,35,52,35,53,31,51,30 de julio,1 de septiembre,34,,,0,7 de julio,5 de octubre,8.95,14.11,23.06,AEMET
C117Z,TIJARAFE,SANTA CRUZ DE TENERIFE,733.0,28.6747,-17.9367,2.1,litoral,500-800,canarias,21 de enero,12 de agosto,31,52,77,53,27,51,22 de julio,3 de septiembre,44,,,0,4 de julio,14 de septiembre,8.98,14.49,23.47,AEMET
C428T,ARICO,SANTA CRUZ DE TENERIFE,418.0,28.1808,-16.4833,5.2,litoral,200-500,canarias,24 de enero,12 de agosto,34,52,81,57,29,51,12 de julio,13 de septiembre,64,,,0,10 de julio,8 de octubre,7.0,16.4,23.4,AEMET
C439J,GÜÍMAR,SANTA CRUZ DE TENERIFE,115.0,28.3183,-16.3822,1.2,litoral,<200,canarias,24 de enero,12 de agosto,34,52,50,56,26,51,20 de junio,23 de octubre,126,,,0,5 de julio,3 de octubre,7.04,17.39,24.42,AEMET
C446G,"SAN CRISTÓBAL DE LA LAGUNA,LLANO DE LOS LOROS",SANTA CRUZ DE TENERIFE,868.0,28.5264,-16.2803,4.2,litoral,800-1200,canarias,25 de enero,12 de agosto,35,52,34,52,35,52,9 de agosto,18 de agosto,10,,,0,11 de julio,9 de octubre,9.36,12.78,22.14,AEMET
C449C,STA.CRUZ DE TENERIFE,SANTA CRUZ DE TENERIFE,36.0,28.4633,-16.2553,0.6,litoral,<200,canarias,24 de enero,12 de agosto,34,52,48,56,33,48,15 de mayo,16 de noviembre,186,,,0,4 de julio,2 de octubre,7.54,18.96,26.49,AEMET
C628B,"LA ALDEA DE SAN NICOLÁS, TASARTE",LAS PALMAS,318.0,27.9089,-15.77,5.0,litoral,200-500,canarias,16 de enero,12 de agosto,26,52,26,52,28,51,21 de mayo,8 de noviembre,172,,,0,2 de julio,30 de septiembre,9.36,17.95,27.31,AEMET
C648N,"TELDE, CENTRO FORESTAL DORAMAS",LAS PALMAS,344.0,27.9875,-15.4578,7.4,litoral,200-500,canarias,24 de enero,12 de agosto,34,52,34,57,32,52,28 de junio,12 de octubre,107,,,0,3 de julio,1 de octubre,9.11,15.97,25.07,AEMET
C656V,TEROR,LAS PALMAS,683.0,28.0753,-15.5472,8.1,litoral,500-800,canarias,24 de enero,12 de agosto,34,52,48,57,31,51,,,0,,,0,8 de julio,6 de octubre,8.15,13.45,21.6,AEMET
C665T,VALLESECO,LAS PALMAS,900.0,28.0656,-15.5656,9.4,litoral,800-1200,canarias,23 de enero,12 de agosto,33,52,61,52,31,52,6 de agosto,24 de agosto,19,,,0,4 de julio,2 de octubre,9.94,12.74,22.68,AEMET
C925F,"SAN ANDRÉS, VALVERDE",SANTA CRUZ DE TENERIFE,1070.0,27.7689,-17.9603,4.4,litoral,800-1200,canarias,23 de enero,12 de agosto,33,52,50,50,31,52,,,0,,,0,4 de julio,14 de septiembre,11.29,10.42,21.71,AEMET
0042Y,TARRAGONA,TARRAGONA,55.0,41.1239,1.2492,1.5,litoral,<200,peninsula,11 de enero,11 de agosto,21,51,23,41,21,49,10 de junio,24 de septiembre,107,,,0,17 de junio,15 de septiembre,15.5,10.85,26.35,AEMET
1223P,"LENA, RONZÓN",ASTURIAS,370.0,43.1328,-5.8228,47.8,interior,200-500,peninsula,10 de enero,11 de agosto,20,51,20,35,25,52,,,0,,,0,15 de junio,12 de septiembre,13.18,7.03,20.22,AEMET
1387D,A CORUÑA BENS,A CORUÑA,132.0,43.3633,-8.4419,0.7,litoral,<200,peninsula,20 de enero,11 de agosto,30,51,30,51,26,52,,,0,,,0,27 de junio,25 de septiembre,9.2,10.82,20.02,AEMET
1495,VIGO AEROPUERTO,PONTEVEDRA,255.0,42.2386,-8.6239,13.7,litoral,200-500,peninsula,10 de enero,11 de agosto,20,51,23,33,20,51,,,0,,,0,21 de junio,19 de septiembre,12.6,8.86,21.46,AEMET
2491C,"LA COVATILLA, ESTACIÓN DE ESQUÍ",SALAMANCA,1960.0,40.355,-5.69,262.7,interior,>1200,peninsula,26 de enero,11 de agosto,36,51,36,51,34,50,,,0,29 de octubre,30 de abril,184,10 de junio,8 de septiembre,16.43,0.96,17.39,AEMET
2930Y,NAVASFRÍAS,SALAMANCA,880.0,40.2967,-6.8128,231.3,interior,800-1200,peninsula,10 de enero,11 de agosto,20,51,20,34,21,50,,,0,3 de diciembre,21 de febrero,81,12 de junio,10 de septiembre,16.18,3.99,20.17,AEMET
2978X,VERÍN,OURENSE,380.0,41.9267,-7.4219,66.3,interior,200-500,peninsula,8 de enero,11 de agosto,18,51,25,34,9,52,11 de julio,22 de agosto,43,4 de enero,15 de enero,12,12 de junio,10 de septiembre,17.23,5.73,22.97,AEMET
3427Y,OROPESA,TOLEDO,345.0,39.9933,-5.1144,254.9,interior,200-500,peninsula,7 de enero,11 de agosto,17,51,18,51,17,40,7 de junio,13 de septiembre,99,,,0,11 de junio,9 de septiembre,20.41,6.51,26.92,AEMET
3455X,JARAICEJO,CACERES,559.0,39.67,-5.8083,190.9,interior,500-800,peninsula,15 de enero,11 de agosto,25,51,24,51,25,50,6 de junio,20 de septiembre,107,,,0,12 de junio,10 de septiembre,19.75,8.2,27.95,AEMET
4245X,GUADALUPE,CACERES,660.0,39.4553,-5.3333,198.2,interior,500-800,peninsula,15 de enero,11 de agosto,25,51,21,51,25,50,11 de junio,15 de septiembre,97,,,0,14 de junio,12 de septiembre,19.43,7.83,27.26,AEMET
4263X,VALSEQUILLO,CORDOBA,575.0,38.4094,-5.3506,142.4,interior,500-800,peninsula,10 de enero,11 de agosto,20,51,20,51,20,34,8 de junio,14 de septiembre,99,,,0,12 de junio,10 de septiembre,20.25,6.86,27.11,AEMET
4300Y,ALMADÉN,CIUDAD REAL,535.0,38.7753,-4.8453,194.9,interior,500-800,peninsula,13 de enero,11 de agosto,23,51,20,51,27,37,28 de mayo,2 de octubre,128,,,0,11 de junio,9 de septiembre,20.96,8.76,29.71,AEMET
4325Y,CASTUERA,BADAJOZ,459.0,38.7419,-5.5292,138.4,interior,200-500,peninsula,17 de enero,11 de agosto,27,51,29,51,28,50,28 de mayo,29 de septiembre,125,,,0,10 de junio,8 de septiembre,19.97,9.32,29.3,AEMET
4358X,DON BENITO,BADAJOZ,274.0,38.9556,-5.8806,125.9,interior,200-500,peninsula,10 de enero,11 de agosto,20,51,21,53,20,50,24 de mayo,2 de octubre,132,,,0,11 de junio,9 de septiembre,19.54,8.89,28.43,AEMET
4386B,LLERENA,BADAJOZ,655.0,38.2317,-6.0169,82.5,interior,500-800,peninsula,17 de enero,11 de agosto,27,51,29,51,22,34,5 de junio,23 de septiembre,111,,,0,13 de junio,11 de septiembre,19.47,8.49,27.96,AEMET
4411C,ALCUESCAR,CACERES,467.0,39.1975,-6.2311,127.2,interior,200-500,peninsula,10 de enero,11 de agosto,20,51,22,52,20,50,5 de junio,23 de septiembre,111,,,0,13 de junio,11 de septiembre,19.2,8.21,27.42,AEMET
4427X,ZAFRA,BADAJOZ,433.0,38.4258,-6.4367,52.1,interior,200-500,peninsula,13 de enero,11 de agosto,23,51,23,51,27,50,8 de junio,17 de septiembre,102,,,0,13 de junio,11 de septiembre,18.7,8.28,26.99,AEMET
4499X,MONESTERIO,BADAJOZ,771.0,38.0814,-6.2719,60.4,interior,500-800,peninsula,17 de enero,11 de agosto,27,51,23,51,27,34,20 de junio,8 de septiembre,81,,,0,14 de junio,12 de septiembre,18.38,7.76,26.14,AEMET
4501X,FUENTE DE CANTOS,BADAJOZ,602.0,38.2086,-6.3114,56.7,interior,500-800,peninsula,17 de enero,11 de agosto,27,51,30,51,27,34,9 de junio,17 de septiembre,101,,,0,13 de junio,11 de septiembre,18.61,8.5,27.12,AEMET
4560Y,ALAJAR,HUELVA,572.0,37.8686,-6.675,33.6,interior,500-800,peninsula,15 de enero,11 de agosto,25,51,23,51,27,47,8 de junio,29 de septiembre,114,,,0,17 de junio,15 de septiembre,17.69,10.12,27.82,AEMET
5473X,AZUAGA,BADAJOZ,581.0,38.2678,-5.6861,111.5,interior,500-800,peninsula,13 de enero,11 de agosto,23,51,23,51,23,34,6 de junio,19 de septiembre,106,,,0,13 de junio,11 de septiembre,19.43,8.06,27.49,AEMET
5612B,LA RODA DE ANDALUCÍA,SEVILLA,410.0,37.1944,-4.77,61.7,interior,200-500,peninsula,13 de enero,11 de agosto,23,51,24,52,27,43,3 de junio,29 de septiembre,119,,,0,15 de junio,13 de septiembre,19.1,9.16,28.26,AEMET
5625X,LA RAMBLA,CORDOBA,200.0,37.6386,-4.7639,106.3,interior,200-500,peninsula,13 de enero,11 de agosto,23,51,23,53,23,40,31 de mayo,4 de octubre,127,,,0,16 de junio,14 de septiembre,19.65,9.38,29.04,AEMET
5911A,GRAZALEMA,CADIZ,913.0,36.7606,-5.3742,41.4,interior,800-1200,peninsula,19 de enero,11 de agosto,29,51,23,51,29,46,29 de junio,3 de septiembre,67,,,0,17 de junio,15 de septiembre,17.3,7.75,25.05,AEMET
5919X,OLVERA,CADIZ,530.0,36.9317,-5.2594,54.8,interior,500-800,peninsula,18 de enero,11 de agosto,28,51,23,52,29,40,3 de junio,4 de octubre,124,,,0,17 de junio,15 de septiembre,18.35,10.29,28.64,AEMET
5960,JEREZ DE LA FRONTERA AEROPUERTO,CADIZ,27.0,36.7506,-6.0558,24.9,litoral,<200,peninsula,10 de enero,11 de agosto,20,51,18,53,24,51,31 de mayo,5 de octubre,128,,,0,19 de junio,17 de septiembre,16.57,10.64,27.21,AEMET
7007Y,MAZARRÓN,MURCIA,66.0,37.5881,-1.2306,0.9,litoral,<200,peninsula,14 de enero,11 de agosto,24,51,18,51,25,42,28 de mayo,13 de octubre,139,,,0,20 de junio,18 de septiembre,15.32,13.3,28.62,AEMET
7012D,"CARTAGENA, TENTEGORRA",MURCIA,56.0,37.6044,-1.0233,2.2,litoral,<200,peninsula,14 de enero,11 de agosto,24,51,17,52,25,43,6 de junio,30 de septiembre,117,,,0,19 de junio,17 de septiembre,15.69,11.35,27.04,AEMET
7031,SAN JAVIER AEROPUERTO,MURCIA,4.0,37.7889,-0.8033,0.3,litoral,<200,peninsula,9 de enero,11 de agosto,19,51,16,51,21,43,7 de junio,2 de octubre,118,,,0,21 de junio,19 de septiembre,15.73,11.24,26.97,AEMET
9263X,"ARANGUREN, ILUNDAIN",NAVARRA,572.0,42.7761,-1.5325,59.8,interior,500-800,peninsula,14 de enero,11 de agosto,24,51,24,51,20,51,28 de julio,16 de agosto,20,30 de diciembre,28 de enero,30,11 de junio,9 de septiembre,17.28,5.06,22.33,AEMET
B398A,"CABRERA, PARQUE NACIONAL DE CABRERA",BALEARES,165.0,39.1356,2.9367,0.7,litoral,<200,baleares,9 de enero,11 de agosto,19,51,18,51,19,42,12 de junio,5 de octubre,116,,,0,23 de junio,21 de septiembre,14.5,12.16,26.66,AEMET
C126A,EL PASO,SANTA CRUZ DE TENERIFE,844.0,28.6539,-17.8531,8.4,litoral,800-1200,canarias,25 de enero,11 de agosto,35,51,62,52,32,50,11 de julio,2 de septiembre,54,,,0,1 de julio,29 de septiembre,11.59,12.53,24.12,AEMET
0201D,"BARCELONA, PORT OLÍMPIC",BARCELONA,26.0,41.3906,2.2,0.1,litoral,<200,peninsula,10 de enero,10 de agosto,20,50,21,50,20,49,10 de junio,21 de septiembre,104,,,0,15 de junio,13 de septiembre,15.11,10.98,26.09,AEMET
0284X,CASTELL D'ARO,GIRONA,14.0,41.8078,3.0308,2.5,litoral,<200,peninsula,16 de enero,10 de agosto,26,50,21,52,26,42,18 de junio,8 de septiembre,83,,,0,13 de junio,11 de septiembre,16.09,8.68,24.77,AEMET
1103X,SAN ROQUE DE RIOMIERA,CANTABRIA,849.0,43.2275,-3.7211,25.9,litoral,800-1200,peninsula,24 de enero,10 de agosto,34,50,36,50,28,50,,,0,,,0,12 de junio,7 de septiembre,11.7,6.27,17.97,AEMET
1351,ESTACA DE BARES,A CORUÑA,90.0,43.7861,-7.685,0.8,litoral,<200,peninsula,20 de enero,10 de agosto,30,50,38,52,31,50,,,0,,,0,28 de junio,26 de septiembre,8.57,11.09,19.67,AEMET
1679A,MONFORTE DE LEMOS,LUGO,291.0,42.5317,-7.5108,71.5,interior,200-500,peninsula,8 de enero,10 de agosto,18,50,34,34,9,52,14 de julio,21 de agosto,39,,,0,13 de junio,11 de septiembre,16.08,6.74,22.82,AEMET
1690A,OURENSE,OURENSE,146.0,42.3253,-7.8597,34.8,interior,<200,peninsula,10 de enero,10 de agosto,20,50,30,34,18,52,24 de junio,6 de septiembre,75,,,0,13 de junio,11 de septiembre,16.34,8.26,24.6,AEMET
1701X,RIBADAVIA,OURENSE,112.0,42.3,-8.1292,18.7,litoral,<200,peninsula,8 de enero,10 de agosto,18,50,21,34,10,52,26 de junio,6 de septiembre,73,,,0,14 de junio,12 de septiembre,16.52,7.93,24.45,AEMET
1706A,ALLARIZ,OURENSE,492.0,42.1828,-7.7961,33.0,interior,200-500,peninsula,11 de enero,10 de agosto,21,50,21,34,21,52,,,0,,,0,14 de junio,12 de septiembre,15.15,6.63,21.79,AEMET
2150H,"LA PINILLA, ESTACIÓN DE ESQUÍ",SEGOVIA,1798.0,41.1919,-3.4753,241.3,interior,>1200,peninsula,18 de enero,10 de agosto,28,50,29,51,28,40,,,0,1 de noviembre,17 de abril,168,10 de junio,8 de septiembre,18.53,0.89,19.42,AEMET
2362C,"VELILLA DEL RÍO CARRIÓN, CAMPORREDONDO DE ALBA",PALENCIA,1575.0,42.8939,-4.7136,55.7,interior,>1200,peninsula,15 de enero,10 de agosto,25,50,34,51,-15,50,,,0,11 de noviembre,29 de marzo,139,12 de junio,10 de septiembre,15.83,2.98,18.8,AEMET
2565,CORESES,ZAMORA,702.0,41.5553,-5.6306,215.5,interior,500-800,peninsula,20 de enero,10 de agosto,30,50,37,51,8,50,25 de junio,28 de agosto,65,24 de diciembre,2 de febrero,41,9 de junio,7 de septiembre,19.84,5.23,25.07,AEMET
2701D,"BARRIOS DE LUNA, MIÑERA",LEON,1120.0,42.8856,-5.8708,75.5,interior,800-1200,peninsula,15 de enero,10 de agosto,25,50,26,37,25,49,,,0,30 de noviembre,27 de febrero,90,13 de junio,11 de septiembre,15.47,4.14,19.61,AEMET
2828Y,BARCO DE AVILA,AVILA,1012.0,40.3553,-5.5192,269.2,interior,800-1200,peninsula,15 de enero,10 de agosto,25,50,20,52,25,50,,,0,9 de diciembre,6 de febrero,60,11 de junio,9 de septiembre,16.6,4.25,20.84,AEMET
2882D,PEÑAUSENDE,ZAMORA,1003.0,41.2389,-5.8975,213.1,interior,800-1200,peninsula,19 de enero,10 de agosto,29,50,32,53,29,50,17 de julio,22 de agosto,37,8 de enero,29 de enero,22,13 de junio,11 de septiembre,17.48,5.44,22.92,AEMET
2891A,VILLARINO DE LOS AIRES,SALAMANCA,690.0,41.2628,-6.4622,171.0,interior,500-800,peninsula,8 de enero,10 de agosto,18,50,25,38,17,50,25 de junio,3 de septiembre,71,6 de enero,15 de enero,10,12 de junio,10 de septiembre,18.83,5.87,24.71,AEMET
2916A,VITIGUDINO,SALAMANCA,769.0,41.0114,-6.4378,189.5,interior,500-800,peninsula,10 de enero,10 de agosto,20,50,25,51,18,50,1 de julio,30 de agosto,61,29 de diciembre,22 de enero,25,13 de junio,11 de septiembre,18.67,5.57,24.23,AEMET
2918Y,EL MAÍLLO,SALAMANCA,1027.0,40.5694,-6.2236,236.5,interior,800-1200,peninsula,15 de enero,10 de agosto,25,50,23,53,25,50,24 de julio,2 de agosto,10,27 de diciembre,30 de enero,35,13 de junio,11 de septiembre,17.12,5.12,22.24,AEMET
2926B,BAÑOBÁREZ,SALAMANCA,748.0,40.8514,-6.6089,191.4,interior,500-800,peninsula,11 de enero,10 de agosto,21,50,31,52,18,50,18 de julio,20 de agosto,34,24 de diciembre,31 de enero,39,13 de junio,11 de septiembre,17.82,4.87,22.69,AEMET
2945A,EL BODÓN BASE AÉREA,SALAMANCA,805.0,40.485,-6.5769,224.5,interior,800-1200,peninsula,8 de enero,10 de agosto,18,50,20,34,18,50,19 de julio,17 de agosto,30,20 de diciembre,29 de enero,41,12 de junio,10 de septiembre,17.93,4.57,22.5,AEMET
2946X,SAELICES EL CHICO,SALAMANCA,680.0,40.635,-6.6,210.1,interior,500-800,peninsula,9 de enero,10 de agosto,19,50,25,49,19,50,27 de junio,30 de agosto,65,3 de enero,21 de enero,19,11 de junio,9 de septiembre,18.54,5.63,24.17,AEMET
2966D,ALCAÑICES,ZAMORA,840.0,41.6833,-6.3014,163.0,interior,800-1200,peninsula,9 de enero,10 de agosto,19,50,20,51,9,50,20 de julio,18 de agosto,30,12 de diciembre,29 de enero,49,12 de junio,10 de septiembre,17.59,4.86,22.45,AEMET
2969U,A GUDIÑA,OURENSE,910.0,42.0272,-7.1831,83.5,interior,800-1200,peninsula,9 de enero,10 de agosto,19,50,20,52,19,49,,,0,12 de diciembre,29 de enero,49,13 de junio,11 de septiembre,16.93,5.01,21.94,AEMET
3386A,NAVALVILLAR DE IBOR,CACERES,923.0,39.5917,-5.3917,205.6,interior,800-1200,peninsula,15 de enero,10 de agosto,25,50,24,51,25,50,22 de junio,5 de septiembre,76,,,0,13 de junio,11 de septiembre,19.32,6.63,25.95,AEMET
3422D,CANDELEDA,AVILA,350.0,40.1392,-5.3114,257.8,interior,200-500,peninsula,7 de enero,10 de agosto,17,50,18,51,17,50,4 de junio,20 de septiembre,109,,,0,12 de junio,10 de septiembre,20.17,7.64,27.81,AEMET
3423I,MADRIGAL DE LA VERA,CACERES,464.0,40.1539,-5.3733,256.2,interior,200-500,peninsula,7 de enero,10 de agosto,17,50,18,51,17,50,5 de junio,23 de septiembre,111,,,0,14 de junio,12 de septiembre,20.68,7.83,28.51,AEMET
3434X,NAVALMORAL DE LA MATA,CACERES,269.0,39.9458,-5.5825,227.1,interior,200-500,peninsula,8 de enero,10 de agosto,18,50,23,38,14,50,1 de junio,20 de septiembre,112,,,0,11 de junio,9 de septiembre,21.0,7.03,28.03,AEMET
3436D,GARGANTA LA OLLA,CACERES,690.0,40.1111,-5.7847,234.8,interior,500-800,peninsula,8 de enero,10 de agosto,18,50,20,51,17,50,15 de junio,10 de septiembre,88,,,0,13 de junio,11 de septiembre,19.2,7.79,26.98,AEMET
3448X,SERRADILLA,CACERES,406.0,39.8208,-6.1275,193.3,interior,200-500,peninsula,8 de enero,10 de agosto,18,50,20,50,17,40,2 de junio,25 de septiembre,116,,,0,12 de junio,10 de septiembre,20.68,7.71,28.39,AEMET
3469A,CÁCERES,CACERES,394.0,39.4714,-6.3389,150.5,interior,200-500,peninsula,8 de enero,10 de agosto,18,50,18,51,18,50,3 de junio,24 de septiembre,114,,,0,12 de junio,10 de septiembre,19.9,8.12,28.02,AEMET
3475X,CAÑAVERAL,CACERES,373.0,39.7906,-6.3764,183.1,interior,200-500,peninsula,8 de enero,10 de agosto,18,50,18,50,17,40,30 de mayo,30 de septiembre,124,,,0,12 de junio,10 de septiembre,20.32,8.48,28.79,AEMET
3504X,HERVÁS,CACERES,724.0,40.265,-5.8611,247.7,interior,500-800,peninsula,15 de enero,10 de agosto,25,50,20,51,25,50,26 de junio,5 de septiembre,72,,,0,13 de junio,11 de septiembre,18.24,6.98,25.22,AEMET
3512X,MONTEHERMOSO,CACERES,351.0,40.0808,-6.3389,215.0,interior,200-500,peninsula,8 de enero,10 de agosto,18,50,20,51,17,50,4 de junio,18 de septiembre,107,,,0,12 de junio,10 de septiembre,19.6,7.89,27.49,AEMET
3514B,TORNAVACAS,CACERES,991.0,40.2586,-5.6783,253.5,interior,800-1200,peninsula,15 de enero,10 de agosto,25,50,25,51,25,50,28 de junio,2 de septiembre,67,,,0,13 de junio,11 de septiembre,18.42,6.66,25.08,AEMET
3516X,PIORNAL,CACERES,1260.0,40.1208,-5.8325,234.0,interior,>1200,peninsula,15 de enero,10 de agosto,25,50,25,50,25,50,13 de julio,22 de agosto,41,25 de diciembre,4 de febrero,42,13 de junio,11 de septiembre,18.34,5.22,23.57,AEMET
3519X,PLASENCIA,CACERES,415.0,40.0431,-6.0858,217.6,interior,200-500,peninsula,7 de enero,10 de agosto,17,50,20,50,10,50,29 de mayo,30 de septiembre,125,,,0,12 de junio,10 de septiembre,20.7,8.52,29.23,AEMET
3526X,CORIA,CACERES,313.0,40.0036,-6.5575,202.6,interior,200-500,peninsula,8 de enero,10 de agosto,18,50,18,49,17,40,30 de mayo,27 de septiembre,121,,,0,11 de junio,9 de septiembre,20.19,8.36,28.55,AEMET
3531X,TORRECILLA DE LOS ANGELES,CACERES,459.0,40.255,-6.4117,232.4,interior,200-500,peninsula,8 de enero,10 de agosto,18,50,20,51,17,37,15 de junio,10 de septiembre,88,,,0,13 de junio,11 de septiembre,18.92,7.73,26.65,AEMET
3536X,HOYOS,CACERES,560.0,40.1747,-6.7244,219.5,interior,500-800,peninsula,9 de enero,10 de agosto,19,50,20,49,19,50,11 de junio,11 de septiembre,93,,,0,13 de junio,11 de septiembre,19.01,8.26,27.27,AEMET
3540X,ZARZA LA MAYOR,CACERES,336.0,39.8714,-6.86,185.0,interior,200-500,peninsula,8 de enero,10 de agosto,18,50,18,49,17,50,2 de junio,27 de septiembre,118,,,0,13 de junio,11 de septiembre,19.58,8.45,28.03,AEMET
3562X,ALISEDA,CACERES,321.0,39.4275,-6.7364,136.9,interior,200-500,peninsula,8 de enero,10 de agosto,18,50,18,51,18,50,2 de junio,24 de septiembre,115,,,0,12 de junio,10 de septiembre,19.99,7.9,27.89,AEMET
3565X,BROZAS,CACERES,425.0,39.6181,-6.745,157.8,interior,200-500,peninsula,8 de enero,10 de agosto,18,50,18,51,17,50,7 de junio,20 de septiembre,106,,,0,13 de junio,11 de septiembre,19.02,8.18,27.19,AEMET
3576X,VALENCIA DE ALCÁNTARA,CACERES,444.0,39.4147,-7.2311,135.4,interior,200-500,peninsula,8 de enero,10 de agosto,18,50,18,51,18,50,11 de junio,12 de septiembre,94,,,0,13 de junio,11 de septiembre,18.46,8.0,26.46,AEMET
4210Y,ABENÓJAR,CIUDAD REAL,718.0,38.8981,-4.2919,239.6,interior,500-800,peninsula,10 de enero,10 de agosto,20,50,21,51,20,40,8 de junio,14 de septiembre,99,,,0,12 de junio,10 de septiembre,21.15,6.49,27.63,AEMET
4236Y,PUERTO REY,CACERES,689.0,39.4506,-5.0264,217.6,interior,500-800,peninsula,11 de enero,10 de agosto,21,50,21,51,25,34,4 de junio,16 de septiembre,105,,,0,11 de junio,9 de septiembre,20.8,7.08,27.88,AEMET
4244X,HERRERA DEL DUQUE,BADAJOZ,447.0,39.1694,-5.0622,196.9,interior,200-500,peninsula,10 de enero,10 de agosto,20,50,21,35,17,50,31 de mayo,24 de septiembre,117,,,0,11 de junio,9 de septiembre,20.77,7.61,28.39,AEMET
4339X,CAÑAMERO,CACERES,590.0,39.3142,-5.3689,185.3,interior,500-800,peninsula,15 de enero,10 de agosto,25,50,21,53,25,50,9 de junio,16 de septiembre,100,,,0,13 de junio,11 de septiembre,19.0,7.85,26.85,AEMET
4340,NAVALVILLAR DE PELA,BADAJOZ,313.0,39.1033,-5.4614,164.4,interior,200-500,peninsula,11 de enero,10 de agosto,21,50,21,38,20,50,29 de mayo,28 de septiembre,123,,,0,11 de junio,9 de septiembre,20.03,8.34,28.38,AEMET
4347X,ZORITA,CACERES,413.0,39.2828,-5.7103,161.8,interior,200-500,peninsula,10 de enero,10 de agosto,20,50,21,53,25,50,1 de junio,30 de septiembre,122,,,0,13 de junio,11 de septiembre,19.56,8.65,28.21,AEMET
4362X,RETAMAL DE LLERENA,BADAJOZ,474.0,38.5764,-5.8458,105.7,interior,200-500,peninsula,4 de enero,10 de agosto,14,50,32,51,14,50,5 de junio,11 de septiembre,99,,,0,9 de junio,7 de septiembre,19.93,8.28,28.2,AEMET
4395X,VILLAFRANCA DE LOS BARROS,BADAJOZ,430.0,38.5517,-6.3067,69.1,interior,200-500,peninsula,10 de enero,10 de agosto,20,50,20,53,27,50,8 de junio,12 de septiembre,97,,,0,12 de junio,10 de septiembre,18.52,7.94,26.46,AEMET
4410X,MÉRIDA,BADAJOZ,228.0,38.9158,-6.3856,93.5,interior,200-500,peninsula,9 de enero,10 de agosto,19,50,20,53,19,50,30 de mayo,27 de septiembre,121,,,0,11 de junio,9 de septiembre,18.51,8.88,27.39,AEMET
4436Y,ALMENDRALEJO,BADAJOZ,371.0,38.6889,-6.3611,75.1,interior,200-500,peninsula,10 de enero,10 de agosto,20,50,21,51,20,50,1 de junio,26 de septiembre,118,,,0,12 de junio,10 de septiembre,19.14,8.48,27.63,AEMET
4452,BADAJOZ AEROPUERTO,BADAJOZ,186.0,38.8833,-6.8139,76.1,interior,<200,peninsula,9 de enero,10 de agosto,19,50,21,53,19,50,29 de mayo,29 de septiembre,124,,,0,13 de junio,11 de septiembre,18.75,8.88,27.63,AEMET
4464X,ALBURQUERQUE,BADAJOZ,283.0,39.1819,-6.9953,108.1,interior,200-500,peninsula,8 de enero,10 de agosto,18,50,20,53,19,50,8 de junio,20 de septiembre,105,,,0,14 de junio,12 de septiembre,18.11,8.4,26.51,AEMET
4468X,PUEBLA DE OBANDO,BADAJOZ,392.0,39.1767,-6.6008,112.2,interior,200-500,peninsula,10 de enero,10 de agosto,20,50,21,50,19,50,9 de junio,18 de septiembre,102,,,0,14 de junio,12 de septiembre,18.39,8.32,26.71,AEMET
4478X,BADAJOZ,BADAJOZ,174.0,38.8861,-7.0094,75.2,interior,<200,peninsula,8 de enero,10 de agosto,18,50,23,53,19,50,30 de mayo,30 de septiembre,124,,,0,14 de junio,12 de septiembre,18.98,8.94,27.92,AEMET
4486X,OLIVENZA,BADAJOZ,275.0,38.6975,-7.0844,54.7,interior,200-500,peninsula,8 de enero,10 de agosto,18,50,18,53,19,50,2 de junio,30 de septiembre,121,,,0,14 de junio,12 de septiembre,18.65,8.86,27.51,AEMET
4489X,ALCONCHEL,BADAJOZ,170.0,38.4847,-7.2819,39.2,interior,<200,peninsula,10 de enero,10 de agosto,20,50,23,53,19,50,2 de junio,29 de septiembre,120,,,0,14 de junio,12 de septiembre,17.61,9.33,26.94,AEMET
4492F,BARCARROTA,BADAJOZ,377.0,38.4728,-6.9233,29.5,litoral,200-500,peninsula,13 de enero,10 de agosto,23,50,23,53,27,50,9 de junio,17 de septiembre,101,,,0,14 de junio,12 de septiembre,17.9,8.49,26.4,AEMET
4497X,VILLANUEVA DEL FRESNO,BADAJOZ,247.0,38.3722,-7.1581,22.7,litoral,200-500,peninsula,13 de enero,10 de agosto,23,50,23,53,23,50,3 de junio,29 de septiembre,119,,,0,17 de junio,15 de septiembre,17.2,9.75,26.94,AEMET
4511C,JEREZ DE LOS CABALLEROS,BADAJOZ,381.0,38.2986,-6.765,20.3,litoral,200-500,peninsula,13 de enero,10 de agosto,23,50,23,53,28,50,5 de junio,25 de septiembre,113,,,0,14 de junio,12 de septiembre,18.25,9.02,27.28,AEMET
4520X,FREGENAL DE LA SIERRA,BADAJOZ,586.0,38.1783,-6.6617,26.1,litoral,500-800,peninsula,13 de enero,10 de agosto,23,50,21,53,28,50,25 de junio,6 de septiembre,74,,,0,15 de junio,13 de septiembre,17.07,7.65,24.72,AEMET
4527X,AROCHE,HUELVA,267.0,37.9803,-6.9758,5.3,litoral,200-500,peninsula,13 de enero,10 de agosto,23,50,23,54,27,50,14 de junio,13 de septiembre,92,,,0,15 de junio,13 de septiembre,17.18,8.58,25.76,AEMET
4589X,"ALOSNO, THARSIS",HUELVA,276.0,37.5978,-7.1194,29.7,litoral,200-500,peninsula,14 de enero,10 de agosto,24,50,24,53,24,48,3 de junio,1 de octubre,121,,,0,17 de junio,15 de septiembre,16.02,10.8,26.82,AEMET
C648C,AGÜIMES,LAS PALMAS,306.0,27.9025,-15.4539,6.3,litoral,200-500,canarias,22 de enero,10 de agosto,32,50,34,55,31,50,14 de junio,26 de octubre,135,,,0,1 de julio,29 de septiembre,9.96,17.23,27.19,AEMET
C916Q,"EL PINAR, DEPÓSITO",SANTA CRUZ DE TENERIFE,948.0,27.7189,-17.9781,1.8,litoral,800-1200,canarias,21 de enero,10 de agosto,31,50,35,50,31,50,9 de julio,1 de septiembre,55,,,0,29 de junio,27 de septiembre,12.52,11.72,24.24,AEMET
C917E,"EL PINAR, LA DEHESA",SANTA CRUZ DE TENERIFE,713.0,27.7253,-18.115,1.8,litoral,500-800,canarias,21 de enero,10 de agosto,31,50,35,52,31,49,11 de julio,5 de septiembre,57,,,0,3 de julio,12 de septiembre,9.98,14.36,24.34,AEMET
0076,BARCELONA AEROPUERTO,BARCELONA,4.0,41.2928,2.07,0.3,litoral,<200,peninsula,12 de enero,9 de agosto,22,49,22,52,26,49,7 de junio,23 de septiembre,109,,,0,15 de junio,13 de septiembre,16.53,10.17,26.7,AEMET
0244X,VILASSAR DE DALT,BARCELONA,56.0,41.505,2.3625,0.8,litoral,<200,peninsula,16 de enero,9 de agosto,26,49,30,52,35,49,6 de junio,25 de septiembre,112,,,0,15 de junio,13 de septiembre,15.62,11.02,26.64,AEMET
1183X,LLANES,ASTURIAS,10.0,43.4203,-4.7481,1.0,litoral,<200,peninsula,21 de enero,9 de agosto,31,49,24,41,31,52,,,0,,,0,22 de junio,20 de septiembre,10.31,10.48,20.79,AEMET
1283U,CABO BUSTO,ASTURIAS,60.0,43.5692,-6.47,0.1,litoral,<200,peninsula,21 de enero,9 de agosto,31,49,30,50,31,43,,,0,,,0,25 de junio,23 de septiembre,9.36,10.44,19.8,AEMET
1342X,RIBADEO,LUGO,43.0,43.5406,-7.0831,1.1,litoral,<200,peninsula,15 de enero,9 de agosto,25,49,20,49,25,53,,,0,,,0,24 de junio,22 de septiembre,9.64,10.24,19.87,AEMET
1344X,MONDOÑEDO,LUGO,125.0,43.4314,-7.3617,16.9,litoral,<200,peninsula,10 de enero,9 de agosto,20,49,20,49,25,53,,,0,,,0,21 de junio,19 de septiembre,11.09,9.01,20.1,AEMET
1347T,BURELA,LUGO,80.0,43.6511,-7.3572,0.6,litoral,<200,peninsula,20 de enero,9 de agosto,30,49,36,49,31,47,,,0,,,0,26 de junio,24 de septiembre,9.38,10.73,20.11,AEMET
1387E,A CORUÑA AEROPUERTO,A CORUÑA,98.0,43.3069,-8.3719,8.1,litoral,<200,peninsula,20 de enero,9 de agosto,30,49,30,49,26,52,,,0,,,0,22 de junio,20 de septiembre,10.61,9.5,20.11,AEMET
1390X,"CARBALLO, DEPURADORA",A CORUÑA,98.0,43.2036,-8.7111,9.6,litoral,<200,peninsula,20 de enero,9 de agosto,30,49,30,43,27,52,,,0,,,0,20 de junio,18 de septiembre,10.02,9.12,19.14,AEMET
1399,VIMIANZO,A CORUÑA,287.0,43.0575,-9.0469,13.7,litoral,200-500,peninsula,10 de enero,9 de agosto,20,49,30,48,26,53,,,0,,,0,21 de junio,19 de septiembre,10.02,8.94,18.96,AEMET
1435C,NOIA,A CORUÑA,128.0,42.8003,-8.8761,12.3,litoral,<200,peninsula,10 de enero,9 de agosto,20,49,20,49,20,49,,,0,,,0,21 de junio,19 de septiembre,11.37,9.86,21.23,AEMET
1442U,BOIRO,A CORUÑA,10.0,42.6439,-8.8922,3.7,litoral,<200,peninsula,10 de enero,9 de agosto,20,49,23,36,20,49,,,0,,,0,15 de junio,13 de septiembre,12.01,9.68,21.69,AEMET
1468X,A ESTRADA,PONTEVEDRA,269.0,42.6936,-8.5019,24.6,litoral,200-500,peninsula,10 de enero,9 de agosto,20,49,30,36,21,52,,,0,,,0,18 de junio,16 de septiembre,13.01,8.32,21.33,AEMET
1473A,PADRÓN,A CORUÑA,100.0,42.7383,-8.6272,17.9,litoral,<200,peninsula,9 de enero,9 de agosto,19,49,30,49,18,49,,,0,,,0,19 de junio,17 de septiembre,13.28,8.72,22.0,AEMET
1476R,"ROIS, CASAS DO PORTO",A CORUÑA,210.0,42.7497,-8.7147,14.1,litoral,200-500,peninsula,10 de enero,9 de agosto,20,49,20,49,19,49,,,0,,,0,19 de junio,17 de septiembre,11.81,9.13,20.94,AEMET
1477V,VILAGARCÍA DE AROUSA,PONTEVEDRA,32.0,42.5847,-8.7747,1.4,litoral,<200,peninsula,10 de enero,9 de agosto,20,49,30,49,20,49,8 de agosto,10 de agosto,3,,,0,18 de junio,16 de septiembre,11.78,10.24,22.02,AEMET
1484C,PONTEVEDRA,PONTEVEDRA,113.0,42.4383,-8.6158,12.8,litoral,<200,peninsula,10 de enero,9 de agosto,20,49,20,32,21,49,,,0,,,0,19 de junio,17 de septiembre,11.88,9.75,21.63,AEMET
1489A,A LAMA,PONTEVEDRA,395.0,42.4069,-8.4511,24.7,litoral,200-500,peninsula,10 de enero,9 de agosto,20,49,19,32,23,52,,,0,,,0,18 de junio,16 de septiembre,12.66,7.73,20.39,AEMET
1496X,VIGO,PONTEVEDRA,120.0,42.2306,-8.7242,5.4,litoral,<200,peninsula,10 de enero,9 de agosto,20,49,23,32,20,49,,,0,,,0,21 de junio,19 de septiembre,10.75,10.8,21.55,AEMET
1518A,LUGO,LUGO,442.0,42.9983,-7.5525,67.1,interior,200-500,peninsula,10 de enero,9 de agosto,20,49,20,36,17,49,,,0,,,0,18 de junio,12 de septiembre,14.67,6.42,21.1,AEMET
1730E,O ROSAL,PONTEVEDRA,55.0,41.9439,-8.8475,2.7,litoral,<200,peninsula,10 de enero,9 de agosto,20,49,20,33,18,49,17 de julio,1 de agosto,16,,,0,20 de junio,18 de septiembre,12.5,9.91,22.41,AEMET
1740,"SANTILLANA DEL MAR, ALTAMIRA",CANTABRIA,150.0,43.3772,-4.1244,3.7,litoral,<200,peninsula,15 de enero,9 de agosto,25,49,24,41,25,53,,,0,,,0,21 de junio,19 de septiembre,11.07,9.01,20.09,AEMET
3503,GUIJO DE GRANADILLA,CACERES,393.0,40.1894,-6.1675,230.7,interior,200-500,peninsula,8 de enero,9 de agosto,18,49,20,48,17,50,3 de junio,22 de septiembre,112,,,0,12 de junio,10 de septiembre,19.95,8.12,28.06,AEMET
3547X,VALVERDE DEL FRESNO,CACERES,450.0,40.2072,-6.8961,222.2,interior,200-500,peninsula,7 de enero,9 de agosto,17,49,18,49,17,50,10 de junio,13 de septiembre,96,,,0,13 de junio,11 de septiembre,19.14,8.22,27.37,AEMET
C314Z,"VALLEHERMOSO, ALTO IGUALERO  ",SANTA CRUZ DE TENERIFE,1474.0,28.1069,-17.2492,7.2,litoral,>1200,canarias,21 de enero,9 de agosto,31,49,31,49,31,49,25 de julio,20 de agosto,27,,,0,29 de junio,25 de septiembre,13.93,8.84,22.78,AEMET
C438N,CANDELARIA,SANTA CRUZ DE TENERIFE,463.0,28.3592,-16.4017,3.1,litoral,200-500,canarias,24 de enero,9 de agosto,34,49,34,52,26,49,6 de julio,7 de septiembre,64,,,0,2 de julio,30 de septiembre,8.4,15.25,23.65,AEMET
C612F,"TEJEDA, CRUZ DE TEJEDA",LAS PALMAS,1514.0,28.0069,-15.5989,13.6,litoral,>1200,canarias,21 de enero,9 de agosto,31,49,31,49,31,48,23 de julio,18 de agosto,27,,,0,26 de junio,24 de septiembre,13.78,9.01,22.79,AEMET
C614H,TEJEDA,LAS PALMAS,1060.0,27.995,-15.6158,13.2,litoral,800-1200,canarias,21 de enero,9 de agosto,31,49,32,49,31,49,26 de junio,6 de octubre,103,,,0,28 de junio,26 de septiembre,13.47,13.8,27.27,AEMET
C623I,"SAN BARTOLOME TIRAJANA, CUEVAS DEL PINAR",LAS PALMAS,1220.0,27.9267,-15.5997,17.1,litoral,>1200,canarias,21 de enero,9 de agosto,31,49,31,49,27,49,27 de junio,10 de septiembre,76,,,0,25 de junio,23 de septiembre,15.07,11.78,26.85,AEMET
C625O,"SAN BARTOLOME TIRAJANA, LOMO PEDRO ALFONSO",LAS PALMAS,806.0,27.8569,-15.645,10.5,litoral,800-1200,canarias,21 de enero,9 de agosto,31,49,31,49,31,50,25 de junio,12 de octubre,110,,,0,29 de junio,25 de septiembre,12.19,15.18,27.37,AEMET
C635B,"SAN BARTOLOME TIRAJANA, LAS TIRAJANAS",LAS PALMAS,960.0,27.92,-15.5742,15.4,litoral,800-1200,canarias,21 de enero,9 de agosto,31,49,31,49,27,49,21 de junio,7 de octubre,109,,,0,26 de junio,24 de septiembre,14.23,13.82,28.05,AEMET
0016A,REUS AEROPUERTO,TARRAGONA,71.0,41.145,1.1636,6.8,litoral,<200,peninsula,11 de enero,8 de agosto,21,48,22,38,21,48,8 de junio,20 de septiembre,105,,,0,14 de junio,12 de septiembre,17.67,9.1,26.77,AEMET
1159,SAN VICENTE DE LA BARQUERA,CANTABRIA,38.0,43.3933,-4.3922,0.4,litoral,<200,peninsula,21 de enero,8 de agosto,31,48,21,41,34,49,,,0,,,0,20 de junio,18 de septiembre,11.1,9.59,20.69,AEMET
1331A,CASTROPOL,ASTURIAS,40.0,43.5247,-7.0314,2.8,litoral,<200,peninsula,20 de enero,8 de agosto,30,48,30,48,25,50,,,0,,,0,21 de junio,19 de septiembre,10.24,10.07,20.31,AEMET
1393,CABO VILÁN,A CORUÑA,50.0,43.1606,-9.2108,1.5,litoral,<200,peninsula,16 de enero,8 de agosto,26,48,30,49,26,48,,,0,,,0,30 de junio,28 de septiembre,7.58,10.95,18.53,AEMET
1486E,ESCUELA NAVAL DE MARÍN,PONTEVEDRA,20.0,42.3947,-8.7067,3.9,litoral,<200,peninsula,21 de enero,8 de agosto,31,48,37,50,19,47,,,0,,,0,11 de junio,9 de septiembre,10.34,11.23,21.57,AEMET
3494U,NUÑOMORAL,CACERES,470.0,40.4081,-6.2397,248.9,interior,200-500,peninsula,8 de enero,8 de agosto,18,48,20,43,17,50,23 de junio,3 de septiembre,73,,,0,11 de junio,9 de septiembre,18.48,6.65,25.14,AEMET
4541X,EL GRANADO,HUELVA,60.0,37.5536,-7.52,0.4,litoral,<200,peninsula,13 de enero,8 de agosto,23,48,23,50,22,47,21 de mayo,9 de octubre,142,,,0,14 de junio,12 de septiembre,17.67,10.68,28.35,AEMET
4584X,EL CERRO DE ANDÉVALO,HUELVA,270.0,37.7317,-6.9422,32.6,interior,200-500,peninsula,14 de enero,8 de agosto,24,48,24,53,27,48,29 de mayo,8 de octubre,133,,,0,17 de junio,15 de septiembre,16.63,11.55,28.18,AEMET
4608X,EL CAMPILLO,HUELVA,415.0,37.6772,-6.63,50.7,interior,200-500,peninsula,15 de enero,8 de agosto,25,48,25,52,27,47,4 de junio,1 de octubre,120,,,0,17 de junio,15 de septiembre,17.1,10.6,27.7,AEMET
5654X,LA PUEBLA DE LOS INFANTES,SEVILLA,200.0,37.7867,-5.3711,135.4,interior,200-500,peninsula,7 de enero,8 de agosto,17,48,17,54,20,47,4 de junio,23 de septiembre,112,,,0,14 de junio,12 de septiembre,19.22,8.12,27.34,AEMET
5704B,CAZALLA DE LA SIERRA,SEVILLA,550.0,37.9264,-5.7697,106.7,interior,500-800,peninsula,13 de enero,8 de agosto,23,48,17,52,27,47,20 de junio,11 de septiembre,84,,,0,17 de junio,15 de septiembre,17.74,8.3,26.04,AEMET
5726X,GUADALCANAL,SEVILLA,720.0,38.0994,-5.8192,99.9,interior,500-800,peninsula,17 de enero,8 de agosto,27,48,25,52,27,34,13 de junio,17 de septiembre,97,,,0,16 de junio,14 de septiembre,19.11,8.29,27.4,AEMET
C406G,"LA OROTAVA, CAÑADAS TEIDE",SANTA CRUZ DE TENERIFE,2150.0,28.2242,-16.6261,17.6,litoral,>1200,canarias,6 de febrero,8 de agosto,47,48,47,48,17,48,,,0,,,0,19 de junio,17 de septiembre,13.57,7.17,20.74,AEMET
C430E,IZAÑA,SANTA CRUZ DE TENERIFE,2369.0,28.3083,-16.4997,11.5,litoral,>1200,canarias,22 de enero,8 de agosto,32,48,38,48,32,48,,,0,27 de diciembre,25 de febrero,61,18 de junio,16 de septiembre,14.64,4.95,19.58,AEMET
C611E,VEGA DE SAN MATEO,LAS PALMAS,1702.0,27.9767,-15.5839,16.9,litoral,>1200,canarias,21 de enero,8 de agosto,31,48,60,49,31,48,15 de julio,18 de agosto,35,,,0,22 de junio,20 de septiembre,14.78,8.13,22.91,AEMET
0255B,SANTA SUSANNA,BARCELONA,40.0,41.6508,2.6969,2.3,litoral,<200,peninsula,15 de enero,7 de agosto,25,47,25,52,26,47,27 de junio,5 de septiembre,71,,,0,18 de junio,16 de septiembre,16.05,7.93,23.99,AEMET
4549Y,AYAMONTE,HUELVA,3.0,37.1947,-7.395,0.7,litoral,<200,peninsula,13 de enero,7 de agosto,23,47,20,47,24,47,31 de mayo,7 de octubre,130,,,0,21 de junio,19 de septiembre,13.99,12.48,26.47,AEMET
4554X,CARTAYA,HUELVA,15.0,37.2183,-7.0836,1.0,litoral,<200,peninsula,14 de enero,7 de agosto,24,47,23,47,21,48,20 de junio,14 de septiembre,87,,,0,19 de junio,17 de septiembre,13.86,11.0,24.86,AEMET
4575X,VALVERDE DEL CAMINO,HUELVA,280.0,37.5753,-6.7678,46.4,interior,200-500,peninsula,14 de enero,7 de agosto,24,47,24,47,27,47,29 de mayo,5 de octubre,130,,,0,17 de junio,15 de septiembre,17.54,10.71,28.25,AEMET
4622X,VILLARRASA,HUELVA,145.0,37.4508,-6.6367,39.2,interior,<200,peninsula,13 de enero,7 de agosto,23,47,23,53,24,47,1 de junio,2 de octubre,124,,,0,17 de junio,15 de septiembre,16.76,10.72,27.48,AEMET
4642E,"HUELVA, RONDA ESTE",HUELVA,18.0,37.2783,-6.9117,11.1,litoral,<200,peninsula,13 de enero,7 de agosto,23,47,23,53,25,47,30 de mayo,7 de octubre,131,,,0,19 de junio,17 de septiembre,15.63,11.61,27.24,AEMET
5000C,CEUTA,CEUTA,87.0,35.8886,-5.3469,0.6,litoral,<200,peninsula,21 de enero,7 de agosto,31,47,31,53,31,43,10 de junio,4 de octubre,117,,,0,22 de junio,20 de septiembre,11.8,14.24,26.04,AEMET
5427X,DOÑA MENCÍA,CORDOBA,650.0,37.5561,-4.3539,91.9,interior,500-800,peninsula,17 de enero,7 de agosto,27,47,29,47,27,40,1 de junio,4 de octubre,126,,,0,18 de junio,16 de septiembre,18.77,10.16,28.93,AEMET
5624X,AGUILAR DE LA FRONTERA,CORDOBA,309.0,37.4819,-4.6858,87.6,interior,200-500,peninsula,13 de enero,7 de agosto,23,47,23,52,23,40,29 de mayo,2 de octubre,127,,,0,13 de junio,11 de septiembre,19.29,9.42,28.71,AEMET
5702X,CARMONA,SEVILLA,50.0,37.5656,-5.7406,94.7,interior,<200,peninsula,14 de enero,7 de agosto,24,47,24,54,23,47,18 de mayo,9 de octubre,145,,,0,14 de junio,12 de septiembre,18.34,10.57,28.91,AEMET
5733X,ALMADÉN DE LA PLATA,SEVILLA,450.0,37.7911,-6.075,84.9,interior,200-500,peninsula,14 de enero,7 de agosto,24,47,24,52,26,47,2 de junio,30 de septiembre,121,,,0,15 de junio,13 de septiembre,18.36,9.94,28.3,AEMET
5783,SEVILLA AEROPUERTO,SEVILLA,34.0,37.4167,-5.8792,74.7,interior,<200,peninsula,14 de enero,7 de agosto,24,47,24,53,23,47,17 de mayo,13 de octubre,150,,,0,15 de junio,13 de septiembre,18.41,11.0,29.4,AEMET
5835X,CARRIÓN DE LOS CÉSPEDES,SEVILLA,76.0,37.36,-6.3342,44.1,interior,<200,peninsula,14 de enero,7 de agosto,24,47,24,53,20,47,29 de mayo,6 de octubre,131,,,0,18 de junio,16 de septiembre,17.41,10.6,28.0,AEMET
5998X,OSUNA,SEVILLA,255.0,37.2433,-5.1125,83.1,interior,200-500,peninsula,15 de enero,7 de agosto,25,47,24,52,25,41,17 de mayo,13 de octubre,150,,,0,14 de junio,12 de septiembre,18.8,11.43,30.23,AEMET
6040X,CORTES DE LA FRONTERA,MALAGA,315.0,36.5444,-5.3864,23.1,litoral,200-500,peninsula,11 de enero,7 de agosto,21,47,19,52,22,43,14 de junio,25 de septiembre,104,,,0,19 de junio,17 de septiembre,16.44,10.54,26.97,AEMET
6050X,GAUCÍN,MALAGA,594.0,36.5186,-5.3186,16.5,litoral,500-800,peninsula,14 de enero,7 de agosto,24,47,24,52,25,47,19 de junio,15 de septiembre,89,,,0,18 de junio,16 de septiembre,16.55,9.72,26.26,AEMET
C101A,ROQUE DE LOS MUCHACHOS,SANTA CRUZ DE TENERIFE,2223.0,28.7558,-17.8953,8.6,litoral,>1200,canarias,23 de enero,7 de agosto,33,47,33,47,17,47,,,0,,,0,19 de junio,16 de septiembre,13.57,6.82,20.39,AEMET
7012C,CARTAGENA,MURCIA,17.0,37.6011,-0.9878,2.4,litoral,<200,peninsula,14 de enero,5 de agosto,24,45,16,52,25,49,31 de mayo,9 de octubre,132,,,0,20 de junio,18 de septiembre,15.6,12.32,27.92,AEMET
B954,"IBIZA, AEROPUERTO",BALEARES,6.0,38.8764,1.3844,1.4,litoral,<200,baleares,13 de enero,5 de agosto,23,45,21,44,25,42,8 de junio,30 de septiembre,115,,,0,19 de junio,17 de septiembre,15.53,11.36,26.89,AEMET
6000A,MELILLA,MELILLA,52.0,35.2764,-2.9564,0.5,litoral,<200,peninsula,15 de enero,4 de agosto,25,44,18,53,31,43,3 de junio,11 de octubre,131,,,0,22 de junio,20 de septiembre,13.36,13.99,27.34,AEMET
6069X,BENAHAVÍS,MALAGA,392.0,36.5436,-5.0247,8.1,litoral,200-500,peninsula,15 de enero,4 de agosto,25,44,23,44,25,44,8 de junio,26 de septiembre,111,,,0,16 de junio,14 de septiembre,15.07,12.04,27.11,AEMET
6127X,ÁLORA,MALAGA,172.0,36.8547,-4.6967,29.3,litoral,<200,peninsula,9 de enero,4 de agosto,19,44,15,44,25,43,23 de mayo,10 de octubre,141,,,0,15 de junio,13 de septiembre,16.71,12.6,29.31,AEMET
6143X,COÍN,MALAGA,230.0,36.6578,-4.7608,17.3,litoral,200-500,peninsula,15 de enero,4 de agosto,25,44,24,44,25,43,24 de mayo,12 de octubre,142,,,0,16 de junio,14 de septiembre,16.25,12.79,29.04,AEMET
6156X,"MÁLAGA, CENTRO METEOROLÓGICO",MALAGA,54.0,36.7178,-4.4817,4.8,litoral,<200,peninsula,9 de enero,4 de agosto,19,44,16,44,25,43,26 de mayo,12 de octubre,140,,,0,18 de junio,16 de septiembre,14.57,13.52,28.09,AEMET
8416X,"VALENCIA, UPV",VALENCIA,6.0,39.4794,-0.3372,1.5,litoral,<200,peninsula,13 de enero,4 de agosto,23,44,23,44,21,51,9 de junio,29 de septiembre,113,,,0,18 de junio,16 de septiembre,14.48,11.97,26.45,AEMET
B346X,PORRERES,BALEARES,120.0,39.5217,3.0192,18.5,litoral,<200,baleares,11 de enero,4 de agosto,21,44,21,44,22,33,4 de junio,26 de septiembre,115,,,0,15 de junio,13 de septiembre,17.2,10.2,27.39,AEMET
B957,EIVISSA,BALEARES,3.0,38.9225,1.4414,0.3,litoral,<200,baleares,11 de enero,4 de agosto,21,44,21,44,25,43,6 de junio,30 de septiembre,117,,,0,18 de junio,16 de septiembre,15.73,11.37,27.1,AEMET
B986,FORMENTERA,BALEARES,24.0,38.6936,1.4636,1.5,litoral,<200,baleares,12 de enero,4 de agosto,22,44,22,42,23,43,2 de junio,9 de octubre,130,,,0,19 de junio,17 de septiembre,15.49,12.39,27.88,AEMET
6042I,JIMENA DE LA FRONTERA,CADIZ,42.0,36.4356,-5.395,16.5,litoral,<200,peninsula,8 de enero,3 de agosto,18,43,16,53,25,43,17 de junio,22 de septiembre,98,,,0,20 de junio,18 de septiembre,14.89,11.03,25.92,AEMET
6045X,ALPANDEIRE,MALAGA,676.0,36.6325,-5.2031,22.1,litoral,500-800,peninsula,19 de enero,3 de agosto,29,43,30,47,29,43,6 de junio,27 de septiembre,114,,,0,16 de junio,14 de septiembre,17.56,10.73,28.29,AEMET
6056X,SAN ROQUE,CADIZ,1.0,36.2731,-5.2844,0.6,litoral,<200,peninsula,14 de enero,3 de agosto,24,43,24,53,25,43,10 de junio,29 de septiembre,112,,,0,20 de junio,18 de septiembre,12.46,12.91,25.37,AEMET
6057X,MANILVA,MALAGA,140.0,36.3783,-5.26,2.8,litoral,<200,peninsula,21 de enero,3 de agosto,31,43,31,53,30,43,6 de junio,4 de octubre,121,,,0,19 de junio,17 de septiembre,13.44,13.21,26.64,AEMET
6088X,TORREMOLINOS,MALAGA,85.0,36.6206,-4.515,1.8,litoral,<200,peninsula,21 de enero,3 de agosto,31,43,18,53,25,43,31 de mayo,9 de octubre,132,,,0,18 de junio,16 de septiembre,13.28,14.1,27.39,AEMET
6155A,MÁLAGA AEROPUERTO,MALAGA,7.0,36.6661,-4.4822,2.1,litoral,<200,peninsula,8 de enero,3 de agosto,18,43,15,53,25,43,28 de mayo,9 de octubre,135,,,0,18 de junio,16 de septiembre,15.07,12.82,27.89,AEMET
6258X,LANJARÓN,GRANADA,708.0,36.9231,-3.4925,21.5,litoral,500-800,peninsula,13 de enero,3 de agosto,23,43,23,41,29,43,27 de junio,3 de septiembre,69,,,0,15 de junio,13 de septiembre,15.3,9.19,24.48,AEMET
6364X,ALBOX,ALMERIA,508.0,37.4067,-2.1514,36.6,interior,500-800,peninsula,13 de enero,3 de agosto,23,43,19,43,21,43,29 de mayo,3 de octubre,128,,,0,13 de junio,11 de septiembre,17.55,11.3,28.85,AEMET
6367B,HUÉRCAL-OVERA,ALMERIA,300.0,37.3906,-1.9436,21.1,litoral,200-500,peninsula,14 de enero,3 de agosto,24,43,16,43,21,43,3 de junio,29 de septiembre,119,,,0,16 de junio,14 de septiembre,16.37,11.08,27.46,AEMET
7019X,CARTAGENA/SALINAS CABO PALOS,MURCIA,2.0,37.6358,-0.7156,0.7,litoral,<200,peninsula,27 de enero,3 de agosto,37,43,33,52,37,43,2 de junio,11 de octubre,132,,,0,20 de junio,18 de septiembre,15.49,12.37,27.86,AEMET
7020C,MURCIA AEROPUERTO,MURCIA,205.0,37.8075,-1.1281,24.6,litoral,200-500,peninsula,9 de enero,3 de agosto,19,43,18,51,19,43,4 de junio,2 de octubre,121,,,0,18 de junio,16 de septiembre,16.3,11.39,27.7,AEMET
7023X,FUENTE ÁLAMO DE MURCIA,MURCIA,140.0,37.7264,-1.1672,16.5,litoral,<200,peninsula,9 de enero,3 de agosto,19,43,16,44,21,43,30 de mayo,6 de octubre,130,,,0,17 de junio,15 de septiembre,16.89,11.47,28.36,AEMET
7026X,TORRE-PACHECO,MURCIA,50.0,37.7389,-0.9675,10.3,litoral,<200,peninsula,9 de enero,3 de agosto,19,43,18,52,23,43,3 de junio,5 de octubre,125,,,0,19 de junio,17 de septiembre,16.06,11.64,27.69,AEMET
7096B,HELLÍN,ALBACETE,605.0,38.5419,-1.7031,102.8,interior,500-800,peninsula,15 de enero,3 de agosto,25,43,24,44,26,42,8 de junio,17 de septiembre,102,,,0,13 de junio,11 de septiembre,18.93,8.56,27.49,AEMET
7103Y,TOBARRA,ALBACETE,615.0,38.5881,-1.6894,103.9,interior,500-800,peninsula,9 de enero,3 de agosto,19,43,19,44,26,34,5 de junio,19 de septiembre,107,,,0,12 de junio,10 de septiembre,19.3,8.63,27.93,AEMET
7119B,CARAVACA DE LA CRUZ,MURCIA,643.0,38.1031,-1.8772,76.6,interior,500-800,peninsula,9 de enero,3 de agosto,19,43,16,43,23,34,12 de junio,12 de septiembre,93,,,0,13 de junio,11 de septiembre,18.52,8.19,26.71,AEMET
7121A,CALASPARRA,MURCIA,350.0,38.2342,-1.7022,81.4,interior,200-500,peninsula,9 de enero,3 de agosto,19,43,16,44,21,34,1 de junio,27 de septiembre,119,,,0,13 de junio,11 de septiembre,19.21,9.28,28.48,AEMET
7127X,BULLAS,MURCIA,690.0,38.0492,-1.6953,62.7,interior,500-800,peninsula,15 de enero,3 de agosto,25,43,18,44,25,34,9 de junio,16 de septiembre,100,,,0,13 de junio,11 de septiembre,17.93,9.08,27.01,AEMET
7158X,ARCHENA,MURCIA,150.0,38.1281,-1.3058,54.7,interior,<200,peninsula,9 de enero,3 de agosto,19,43,18,44,21,43,23 de mayo,9 de octubre,140,,,0,15 de junio,13 de septiembre,17.36,12.08,29.45,AEMET
7172X,MULA,MURCIA,255.0,38.0414,-1.4492,54.4,interior,200-500,peninsula,11 de enero,3 de agosto,21,43,18,44,22,43,31 de mayo,30 de septiembre,123,,,0,14 de junio,12 de septiembre,17.49,10.81,28.3,AEMET
7178I,MURCIA,MURCIA,62.0,38.0019,-1.1708,38.1,interior,<200,peninsula,8 de enero,3 de agosto,18,43,16,44,19,43,20 de mayo,11 de octubre,145,,,0,15 de junio,13 de septiembre,18.1,11.71,29.81,AEMET
7203A,"LORCA, ZARCILLA DE RAMOS",MURCIA,646.0,37.8447,-1.8697,53.2,interior,500-800,peninsula,9 de enero,3 de agosto,19,43,19,43,26,34,8 de junio,18 de septiembre,103,,,0,13 de junio,11 de septiembre,18.24,9.03,27.27,AEMET
7211B,PUERTO LUMBRERAS,MURCIA,445.0,37.5681,-1.7972,25.1,litoral,200-500,peninsula,11 de enero,3 de agosto,21,43,24,44,21,35,29 de mayo,3 de octubre,128,,,0,13 de junio,11 de septiembre,17.56,11.27,28.83,AEMET
7218Y,TOTANA,MURCIA,281.0,37.7586,-1.5128,26.8,litoral,200-500,peninsula,8 de enero,3 de agosto,18,43,18,44,21,43,23 de mayo,11 de octubre,142,,,0,15 de junio,13 de septiembre,17.16,12.38,29.54,AEMET
7227X,ALHAMA DE MURCIA,MURCIA,157.0,37.8617,-1.3347,32.4,interior,<200,peninsula,9 de enero,3 de agosto,19,43,16,44,19,34,30 de mayo,3 de octubre,127,,,0,15 de junio,13 de septiembre,18.35,10.44,28.79,AEMET
7228,"ALCANTARILLA, BASE AÉREA",MURCIA,75.0,37.9578,-1.2286,40.5,interior,<200,peninsula,7 de enero,3 de agosto,17,43,16,44,19,43,24 de mayo,8 de octubre,138,,,0,15 de junio,13 de septiembre,18.73,10.61,29.34,AEMET
7237E,MOLINA DE SEGURA,MURCIA,170.0,38.1389,-1.1586,44.0,interior,<200,peninsula,9 de enero,3 de agosto,19,43,18,44,19,34,27 de mayo,4 de octubre,131,,,0,14 de junio,12 de septiembre,17.75,11.16,28.91,AEMET
7244X,ORIHUELA,ALICANTE,26.0,38.0678,-0.9814,26.6,litoral,<200,peninsula,8 de enero,3 de agosto,18,43,16,44,19,43,27 de mayo,7 de octubre,134,,,0,16 de junio,14 de septiembre,17.55,11.02,28.56,AEMET
7247X,EL PINÓS/PINOSO,ALICANTE,577.0,38.3997,-1.0381,44.5,interior,500-800,peninsula,9 de enero,3 de agosto,19,43,18,44,22,43,15 de junio,10 de septiembre,88,,,0,14 de junio,12 de septiembre,17.95,7.79,25.74,AEMET
7250C,ABANILLA,MURCIA,174.0,38.1944,-1.0339,35.0,interior,<200,peninsula,9 de enero,3 de agosto,19,43,18,51,19,43,2 de junio,2 de octubre,123,,,0,17 de junio,15 de septiembre,16.74,11.01,27.75,AEMET
7261X,ROJALES,ALICANTE,31.0,38.0881,-0.7153,6.5,litoral,<200,peninsula,9 de enero,3 de agosto,19,43,18,52,21,43,1 de junio,6 de octubre,128,,,0,18 de junio,16 de septiembre,15.73,11.96,27.69,AEMET
7275C,YECLA,MURCIA,640.0,38.6017,-1.1597,63.9,interior,500-800,peninsula,9 de enero,3 de agosto,19,43,18,44,22,34,12 de junio,14 de septiembre,95,,,0,13 de junio,11 de septiembre,19.11,7.64,26.76,AEMET
8008Y,VILLENA,ALICANTE,486.0,38.5769,-0.8656,41.3,interior,200-500,peninsula,9 de enero,3 de agosto,19,43,18,44,21,43,17 de junio,9 de septiembre,85,,,0,14 de junio,12 de septiembre,18.3,7.17,25.47,AEMET
8013X,NOVELDA,ALICANTE,233.0,38.3856,-0.7578,22.0,litoral,200-500,peninsula,9 de enero,3 de agosto,19,43,18,43,21,43,29 de mayo,6 de octubre,131,,,0,15 de junio,13 de septiembre,16.7,11.7,28.4,AEMET
8018X,ELX/ELCHE,ALICANTE,110.0,38.2875,-0.6806,12.9,litoral,<200,peninsula,9 de enero,3 de agosto,19,43,19,51,21,43,1 de junio,6 de octubre,128,,,0,18 de junio,16 de septiembre,15.71,12.19,27.91,AEMET
8019,ALICANTE-ELCHE AEROPUERTO,ALICANTE,43.0,38.2828,-0.5708,4.4,litoral,<200,peninsula,9 de enero,3 de agosto,19,43,19,51,19,43,2 de junio,5 de octubre,126,,,0,18 de junio,16 de septiembre,15.66,11.94,27.6,AEMET
8025,ALACANT/ALICANTE,ALICANTE,81.0,38.3725,-0.4942,2.8,litoral,<200,peninsula,9 de enero,3 de agosto,19,43,19,44,19,43,1 de junio,5 de octubre,127,,,0,17 de junio,15 de septiembre,15.61,12.01,27.63,AEMET
8050X,JÁVEA/ XÀBIA,ALICANTE,15.0,38.7842,0.1667,2.1,litoral,<200,peninsula,13 de enero,3 de agosto,23,43,18,44,22,43,5 de junio,1 de octubre,119,,,0,18 de junio,16 de septiembre,15.72,11.6,27.32,AEMET
8058Y,MIRAMAR,VALENCIA,12.0,38.9503,-0.1378,1.9,litoral,<200,peninsula,11 de enero,3 de agosto,21,43,21,40,21,43,30 de mayo,7 de octubre,131,,,0,16 de junio,14 de septiembre,15.59,12.52,28.11,AEMET
8059C,ALCOI/ALCOY,ALICANTE,530.0,38.7108,-0.46,29.1,litoral,500-800,peninsula,9 de enero,3 de agosto,19,43,19,43,26,42,8 de junio,18 de septiembre,103,,,0,12 de junio,10 de septiembre,17.64,9.69,27.33,AEMET
8072Y,BARX,VALENCIA,340.0,39.0169,-0.3047,9.8,litoral,200-500,peninsula,9 de enero,3 de agosto,19,43,18,43,22,38,9 de junio,19 de septiembre,103,,,0,14 de junio,12 de septiembre,16.78,9.86,26.64,AEMET
8283X,ONTINYENT,VALENCIA,350.0,38.8294,-0.6078,43.0,interior,200-500,peninsula,9 de enero,3 de agosto,19,43,18,43,19,34,4 de junio,23 de septiembre,112,,,0,13 de junio,11 de septiembre,18.28,9.65,27.93,AEMET
8300X,CARCAIXENT,VALENCIA,25.0,39.1133,-0.4458,17.9,litoral,<200,peninsula,11 de enero,3 de agosto,21,43,23,45,19,43,31 de mayo,2 de octubre,125,,,0,15 de junio,13 de septiembre,17.18,11.03,28.22,AEMET
8337X,TURÍS,VALENCIA,186.0,39.3922,-0.6247,26.2,litoral,<200,peninsula,9 de enero,3 de agosto,19,43,19,45,19,42,8 de junio,22 de septiembre,107,,,0,14 de junio,12 de septiembre,16.32,10.29,26.61,AEMET
8395X,CHELVA,VALENCIA,515.0,39.7533,-0.9936,62.8,interior,500-800,peninsula,11 de enero,3 de agosto,21,43,21,40,25,42,12 de junio,13 de septiembre,94,,,0,14 de junio,12 de septiembre,17.03,9.31,26.33,AEMET
8409X,LLÍRIA,VALENCIA,198.0,39.6639,-0.6539,32.2,interior,<200,peninsula,11 de enero,3 de agosto,21,43,21,44,21,42,5 de junio,25 de septiembre,113,,,0,14 de junio,12 de septiembre,16.83,10.32,27.15,AEMET
8414A,VALENCIA AEROPUERTO,VALENCIA,56.0,39.485,-0.4747,13.3,litoral,<200,peninsula,11 de enero,3 de agosto,21,43,18,44,21,42,2 de junio,30 de septiembre,121,,,0,15 de junio,13 de septiembre,16.93,10.76,27.69,AEMET
8416,VALÈNCIA,VALENCIA,13.0,39.4806,-0.3664,4.0,litoral,<200,peninsula,11 de enero,3 de agosto,21,43,22,42,21,51,2 de junio,6 de octubre,127,,,0,18 de junio,16 de septiembre,15.16,12.31,27.47,AEMET
8416Y,"VALÈNCIA, VIVEROS",VALENCIA,13.0,39.4808,-0.3661,4.0,litoral,<200,peninsula,11 de enero,3 de agosto,21,43,23,41,21,51,2 de junio,6 de octubre,127,,,0,17 de junio,15 de septiembre,15.0,12.42,27.42,AEMET
8439X,SEGORBE,CASTELLON,400.0,39.7956,-0.4853,26.2,litoral,200-500,peninsula,11 de enero,3 de agosto,21,43,21,43,21,42,21 de junio,6 de septiembre,78,,,0,15 de junio,13 de septiembre,15.87,8.91,24.78,AEMET
8446Y,SAGUNT/SAGUNTO,VALENCIA,24.0,39.7008,-0.2589,5.0,litoral,<200,peninsula,11 de enero,3 de agosto,21,43,21,44,21,42,6 de junio,27 de septiembre,114,,,0,16 de junio,14 de septiembre,15.76,11.11,26.87,AEMET
8503Y,TORREBLANCA,CASTELLON,35.0,40.2114,0.1836,3.3,litoral,<200,peninsula,11 de enero,3 de agosto,21,43,19,51,25,43,7 de junio,29 de septiembre,115,,,0,17 de junio,15 de septiembre,15.03,11.68,26.71,AEMET
B278,"PALMA DE MALLORCA, AEROPUERTO",BALEARES,5.0,39.5608,2.7367,3.3,litoral,<200,baleares,15 de enero,3 de agosto,25,43,37,44,25,42,7 de junio,24 de septiembre,110,,,0,16 de junio,14 de septiembre,16.71,10.22,26.92,AEMET
B301,"LLUCMAJOR, RADAR",BALEARES,113.0,39.3797,2.785,0.4,litoral,<200,baleares,19 de enero,3 de agosto,29,43,36,43,25,41,5 de junio,2 de octubre,120,,,0,18 de junio,16 de septiembre,15.14,12.05,27.19,AEMET
B362X,"CAMPOS, CAN SION",BALEARES,40.0,39.4058,3.0642,9.5,litoral,<200,baleares,19 de enero,3 de agosto,29,43,37,55,25,40,12 de junio,19 de septiembre,100,,,0,17 de junio,15 de septiembre,16.6,9.55,26.15,AEMET
B373X,"CAMPOS, SALINES LLEVANT",BALEARES,3.0,39.3511,3.0119,2.3,litoral,<200,baleares,19 de enero,3 de agosto,29,43,37,44,25,42,11 de junio,22 de septiembre,104,,,0,17 de junio,15 de septiembre,16.5,9.8,26.3,AEMET
B410B,SANTANYÍ,BALEARES,45.0,39.34,3.1458,1.2,litoral,<200,baleares,15 de enero,3 de agosto,25,43,29,44,25,43,9 de junio,29 de septiembre,113,,,0,19 de junio,17 de septiembre,15.35,11.39,26.74,AEMET
B434X,PORTOCOLOM  ,BALEARES,17.0,39.4144,3.2717,1.7,litoral,<200,baleares,26 de enero,3 de agosto,36,43,37,44,36,43,9 de junio,2 de octubre,116,,,0,21 de junio,19 de septiembre,14.65,12.28,26.92,AEMET
B614E,MANACOR,BALEARES,100.0,39.5569,3.2178,8.8,litoral,<200,baleares,15 de enero,3 de agosto,25,43,21,44,25,42,9 de junio,22 de septiembre,106,,,0,16 de junio,14 de septiembre,16.33,10.36,26.7,AEMET
B870C,"CIUTADELLA, CALA GALDANA",BALEARES,43.0,39.9447,3.9567,0.6,litoral,<200,baleares,13 de enero,3 de agosto,23,43,54,44,22,41,13 de junio,19 de septiembre,99,,,0,17 de junio,15 de septiembre,15.36,10.43,25.79,AEMET
0009X,ALFORJA,TARRAGONA,406.0,41.2139,0.9633,17.2,litoral,200-500,peninsula,11 de enero,2 de agosto,21,42,21,52,21,42,19 de junio,8 de septiembre,82,,,0,14 de junio,12 de septiembre,16.93,8.2,25.13,AEMET
0016B,REUS (CENTRE LECTURA),TARRAGONA,118.0,41.1542,1.1089,9.4,litoral,<200,peninsula,11 de enero,2 de agosto,21,42,25,41,21,48,2 de junio,29 de septiembre,120,,,0,14 de junio,12 de septiembre,16.19,11.23,27.42,AEMET
0034X,VALLS,TARRAGONA,233.0,41.2931,1.2608,18.3,litoral,200-500,peninsula,11 de enero,2 de agosto,21,42,22,52,21,42,10 de junio,14 de septiembre,97,,,0,13 de junio,11 de septiembre,17.61,8.4,26.01,AEMET
0066X,VILAFRANCA DEL PENEDÈS,BARCELONA,177.0,41.3303,1.6769,13.3,litoral,<200,peninsula,11 de enero,2 de agosto,21,42,22,52,21,42,10 de junio,13 de septiembre,96,,,0,13 de junio,11 de septiembre,17.72,8.29,26.01,AEMET
0114X,PRATS DE LLUÇANÈS,BARCELONA,700.0,42.0069,2.0267,38.1,interior,500-800,peninsula,11 de enero,2 de agosto,21,42,26,42,21,41,25 de junio,27 de agosto,64,3 de diciembre,4 de febrero,64,11 de junio,9 de septiembre,19.98,4.26,24.24,AEMET
0120X,MOIÀ,BARCELONA,742.0,41.8133,2.0953,40.8,interior,500-800,peninsula,17 de enero,2 de agosto,27,42,30,41,27,42,28 de junio,25 de agosto,59,9 de enero,24 de enero,16,11 de junio,9 de septiembre,18.04,5.72,23.76,AEMET
0158O,MONTSERRAT,BARCELONA,738.0,41.5944,1.8392,37.1,interior,500-800,peninsula,18 de enero,2 de agosto,28,42,28,42,28,42,29 de junio,24 de agosto,57,10 de enero,25 de enero,16,11 de junio,9 de septiembre,17.87,5.76,23.63,AEMET
0158X,MONISTROL DE MONTSERRAT,BARCELONA,738.0,41.5944,1.8392,37.1,interior,500-800,peninsula,17 de enero,2 de agosto,27,42,27,42,27,42,27 de junio,25 de agosto,60,15 de enero,18 de enero,4,10 de junio,8 de septiembre,17.75,5.94,23.7,AEMET
0200E,"BARCELONA, FABRA",BARCELONA,408.0,41.4183,2.1242,6.3,litoral,200-500,peninsula,16 de enero,2 de agosto,26,42,27,52,23,42,10 de junio,13 de septiembre,96,,,0,12 de junio,10 de septiembre,16.64,9.5,26.14,AEMET
0201X,"BARCELONA, DRASSANES",BARCELONA,11.0,41.375,2.1739,0.6,litoral,<200,peninsula,16 de enero,2 de agosto,26,42,21,41,26,42,2 de junio,27 de septiembre,118,,,0,13 de junio,11 de septiembre,15.46,11.57,27.03,AEMET
0222X,CALDES DE MONTBUI,BARCELONA,175.0,41.6128,2.1683,18.0,litoral,<200,peninsula,11 de enero,2 de agosto,21,42,21,40,21,42,12 de junio,10 de septiembre,91,,,0,12 de junio,10 de septiembre,18.21,7.61,25.82,AEMET
0252D,ARENYS DE MAR,BARCELONA,74.0,41.5872,2.54,0.8,litoral,<200,peninsula,16 de enero,2 de agosto,26,42,30,42,26,42,8 de junio,20 de septiembre,105,,,0,14 de junio,12 de septiembre,15.86,10.26,26.13,AEMET
0260X,FOGARS DE MONTCLÚS,BARCELONA,936.0,41.76,2.4311,21.7,litoral,800-1200,peninsula,17 de enero,2 de agosto,27,42,28,41,26,42,5 de julio,19 de agosto,46,,,0,11 de junio,9 de septiembre,16.37,6.61,22.98,AEMET
0281Y,BLANES,GIRONA,45.0,41.6769,2.805,0.5,litoral,<200,peninsula,16 de enero,2 de agosto,26,42,27,42,25,49,7 de junio,21 de septiembre,107,,,0,14 de junio,12 de septiembre,16.15,10.6,26.75,AEMET
0294B,LA BISBAL (D'EMPORDA 3),GIRONA,51.0,41.9678,3.0422,13.1,litoral,<200,peninsula,11 de enero,2 de agosto,21,42,21,42,20,42,9 de junio,12 de septiembre,96,,,0,11 de junio,9 de septiembre,17.6,8.55,26.14,AEMET
0312X,SANT PAU DE SEGÚRIES,GIRONA,851.0,42.2583,2.3644,12.6,litoral,800-1200,peninsula,16 de enero,2 de agosto,26,42,26,35,25,42,,,0,26 de noviembre,23 de febrero,90,11 de junio,9 de septiembre,17.23,3.71,20.94,AEMET
0341,TONA (ESCOLA),BARCELONA,607.0,41.8469,2.2225,39.3,interior,500-800,peninsula,11 de enero,2 de agosto,21,42,26,42,21,42,30 de junio,23 de agosto,55,23 de diciembre,30 de enero,39,12 de junio,10 de septiembre,18.69,4.79,23.48,AEMET
0341X,TONA,BARCELONA,607.0,41.8469,2.2225,39.3,interior,500-800,peninsula,12 de enero,2 de agosto,22,42,25,42,22,41,29 de junio,25 de agosto,58,27 de diciembre,28 de enero,33,13 de junio,11 de septiembre,18.96,4.83,23.8,AEMET
0360X,LES PLANES D'HOSTOLES,GIRONA,337.0,42.0528,2.5511,30.8,interior,200-500,peninsula,11 de enero,2 de agosto,21,42,21,42,22,41,26 de junio,25 de agosto,61,8 de enero,20 de enero,13,11 de junio,9 de septiembre,17.94,5.82,23.76,AEMET
0363X,SANT HILARI,GIRONA,810.0,41.8808,2.5133,31.5,interior,800-1200,peninsula,16 de enero,2 de agosto,26,42,27,42,26,42,29 de julio,3 de agosto,6,5 de enero,30 de enero,26,11 de junio,9 de septiembre,16.72,5.37,22.09,AEMET
0367,GIRONA AEROPUERTO,GIRONA,143.0,41.9114,2.7631,24.0,litoral,<200,peninsula,16 de enero,2 de agosto,26,42,26,39,26,42,11 de junio,10 de septiembre,92,,,0,11 de junio,9 de septiembre,18.72,7.37,26.09,AEMET
0370E,GIRONA,GIRONA,76.0,41.9722,2.8194,26.6,litoral,<200,peninsula,11 de enero,2 de agosto,21,42,21,39,21,42,5 de junio,16 de septiembre,104,,,0,11 de junio,9 de septiembre,18.44,8.55,26.99,AEMET
0372C,PORQUERES,GIRONA,157.0,42.1044,2.7636,28.9,litoral,<200,peninsula,16 de enero,2 de agosto,26,42,25,42,22,41,10 de junio,9 de septiembre,92,,,0,11 de junio,9 de septiembre,18.3,7.65,25.95,AEMET
0413A,MAÇANET DE CABRENYS,GIRONA,355.0,42.3869,2.7556,3.7,litoral,200-500,peninsula,16 de enero,2 de agosto,26,42,26,43,26,41,20 de junio,2 de septiembre,75,,,0,11 de junio,9 de septiembre,17.22,7.46,24.68,AEMET
7209,LORCA,MURCIA,312.0,37.6564,-1.6872,27.2,litoral,200-500,peninsula,9 de enero,2 de agosto,19,42,18,42,21,41,30 de mayo,2 de octubre,126,,,0,15 de junio,13 de septiembre,18.32,10.39,28.71,AEMET
8270X,BICORP,VALENCIA,305.0,39.1336,-0.79,46.5,interior,200-500,peninsula,9 de enero,2 de agosto,19,42,18,45,25,42,6 de junio,23 de septiembre,110,,,0,14 de junio,12 de septiembre,17.23,10.19,27.42,AEMET
8293X,XÀTIVA,VALENCIA,88.0,39.0017,-0.5231,28.0,litoral,<200,peninsula,9 de enero,2 de agosto,19,42,18,41,19,38,25 de mayo,4 de octubre,133,,,0,13 de junio,11 de septiembre,18.02,11.02,29.04,AEMET
8325X,POLINYÀ DE XÚQUER,VALENCIA,11.0,39.1839,-0.3714,11.3,litoral,<200,peninsula,11 de enero,2 de agosto,21,42,31,42,21,39,7 de junio,26 de septiembre,112,,,0,16 de junio,14 de septiembre,15.62,11.1,26.72,AEMET
8472A,MONTANEJOS,CASTELLON,601.0,40.0878,-0.5469,46.4,interior,500-800,peninsula,9 de enero,2 de agosto,19,42,19,40,19,42,19 de junio,5 de septiembre,79,,,0,13 de junio,11 de septiembre,16.9,8.17,25.07,AEMET
8492X,ATZENETA DEL MAESTRAT,CASTELLON,420.0,40.2272,-0.1697,27.7,litoral,200-500,peninsula,11 de enero,2 de agosto,21,42,21,43,21,42,14 de junio,9 de septiembre,88,,,0,12 de junio,10 de septiembre,17.23,8.44,25.67,AEMET
9947X,LA POBLA DE MASSALUCA,TARRAGONA,370.0,41.1772,0.3533,49.1,interior,200-500,peninsula,8 de enero,2 de agosto,18,42,19,42,17,42,7 de junio,13 de septiembre,99,,,0,11 de junio,9 de septiembre,20.28,6.4,26.68,AEMET
9975X,RASQUERA,TARRAGONA,112.0,41.005,0.6136,20.2,litoral,<200,peninsula,10 de enero,2 de agosto,20,42,21,41,19,48,4 de junio,19 de septiembre,108,,,0,12 de junio,10 de septiembre,19.07,7.81,26.87,AEMET
B013X,"ESCORCA, LLUC",BALEARES,490.0,39.8233,2.8858,5.1,litoral,200-500,baleares,15 de enero,2 de agosto,25,42,25,43,28,42,24 de junio,1 de septiembre,70,,,0,14 de junio,12 de septiembre,17.05,7.61,24.67,AEMET
B051A,"SÓLLER, PUERTO",BALEARES,5.0,39.7956,2.6914,0.6,litoral,<200,baleares,27 de enero,2 de agosto,37,42,37,42,30,42,4 de junio,30 de septiembre,119,,,0,16 de junio,14 de septiembre,15.04,12.1,27.14,AEMET
B087X,BANYALBUFAR,BALEARES,60.0,39.6892,2.5128,0.6,litoral,<200,baleares,17 de enero,2 de agosto,27,42,37,42,27,42,6 de junio,30 de septiembre,117,,,0,18 de junio,16 de septiembre,14.85,12.26,27.11,AEMET
B158X,"CALVIÀ, ES CAPDELLÀ",BALEARES,50.0,39.5514,2.4664,2.4,litoral,<200,baleares,11 de enero,2 de agosto,21,42,55,44,25,42,10 de junio,24 de septiembre,107,,,0,18 de junio,16 de septiembre,15.53,11.05,26.58,AEMET
B228,"PALMA, PUERTO",BALEARES,3.0,39.5542,2.6253,0.6,litoral,<200,baleares,15 de enero,2 de agosto,25,42,37,44,25,42,31 de mayo,10 de octubre,133,,,0,18 de junio,16 de septiembre,15.52,12.69,28.21,AEMET
B236C,"PALMA, UNIVERSITAT",BALEARES,95.0,39.6422,2.6439,9.1,litoral,<200,baleares,15 de enero,2 de agosto,25,42,37,44,22,41,10 de junio,19 de septiembre,102,,,0,15 de junio,13 de septiembre,16.56,9.86,26.42,AEMET
B248,"SIERRA DE ALFABIA, BUNYOLA",BALEARES,1030.0,39.735,2.7131,6.0,litoral,800-1200,baleares,18 de enero,2 de agosto,28,42,28,42,28,41,29 de junio,24 de agosto,57,14 de enero,22 de enero,9,12 de junio,10 de septiembre,18.07,5.81,23.89,AEMET
B275E,"SON BONET, AEROPUERTO",BALEARES,47.0,39.6058,2.7067,5.6,litoral,<200,baleares,27 de enero,2 de agosto,37,42,37,42,37,41,30 de mayo,30 de septiembre,124,,,0,14 de junio,12 de septiembre,17.04,10.99,28.03,AEMET
B334X,LLUCMAJOR,BALEARES,140.0,39.4956,2.8917,13.2,litoral,<200,baleares,15 de enero,2 de agosto,25,42,29,43,25,41,3 de junio,28 de septiembre,118,,,0,15 de junio,13 de septiembre,17.45,10.57,28.02,AEMET
B496X,SON SERVERA,BALEARES,25.0,39.6303,3.3836,1.4,litoral,<200,baleares,19 de enero,2 de agosto,29,42,25,45,29,42,12 de junio,24 de septiembre,105,,,0,19 de junio,17 de septiembre,14.44,11.49,25.93,AEMET
B526X,ARTÀ,BALEARES,110.0,39.6886,3.3511,7.2,litoral,<200,baleares,15 de enero,2 de agosto,25,42,54,52,25,42,10 de junio,20 de septiembre,103,,,0,16 de junio,14 de septiembre,15.38,10.76,26.15,AEMET
B569X,CAPDEPERA,BALEARES,57.0,39.7167,3.4781,1.6,litoral,<200,baleares,25 de enero,2 de agosto,35,42,36,51,35,42,3 de junio,17 de octubre,137,,,0,21 de junio,19 de septiembre,14.31,13.5,27.82,AEMET
B603X,ARTÀ-COLÒNIA DE SANT PERE,BALEARES,99.0,39.7231,3.2786,1.1,litoral,<200,baleares,16 de enero,2 de agosto,26,42,37,44,24,41,4 de junio,29 de septiembre,118,,,0,15 de junio,13 de septiembre,15.67,11.94,27.61,AEMET
B605X,"MURO, S'ALBUFERA",BALEARES,2.0,39.7967,3.1047,2.2,litoral,<200,baleares,11 de enero,2 de agosto,21,42,21,44,24,42,10 de junio,20 de septiembre,103,,,0,16 de junio,14 de septiembre,15.33,10.68,26.01,AEMET
B644B,SINEU,BALEARES,120.0,39.6433,3.0022,18.9,litoral,<200,baleares,15 de enero,2 de agosto,25,42,29,43,25,41,6 de junio,21 de septiembre,108,,,0,14 de junio,12 de septiembre,17.05,10.11,27.16,AEMET
B656A,SANTA MARÍA DEL CAMÍ,BALEARES,121.0,39.6525,2.8003,14.3,litoral,<200,baleares,11 de enero,2 de agosto,21,42,21,44,25,41,5 de junio,23 de septiembre,111,,,0,14 de junio,12 de septiembre,17.09,10.18,27.27,AEMET
B662X,BINISSALEM,BALEARES,105.0,39.6781,2.8739,19.1,litoral,<200,baleares,15 de enero,2 de agosto,25,42,21,44,25,41,6 de junio,21 de septiembre,108,,,0,14 de junio,12 de septiembre,17.27,9.96,27.24,AEMET
B684A,"ESCORCA, SON TORRELLA",BALEARES,842.0,39.7928,2.7878,4.4,litoral,800-1200,baleares,11 de enero,2 de agosto,21,42,54,44,20,41,30 de julio,7 de agosto,9,31 de diciembre,2 de febrero,34,13 de junio,11 de septiembre,16.79,5.36,22.15,AEMET
B691Y,SA POBLA,BALEARES,32.0,39.7492,3.0167,10.7,litoral,<200,baleares,15 de enero,2 de agosto,25,42,21,43,25,42,5 de junio,23 de septiembre,111,,,0,14 de junio,12 de septiembre,16.47,10.63,27.1,AEMET
B760X,POLLENÇA,BALEARES,45.0,39.8769,3.0242,4.2,litoral,<200,baleares,15 de enero,2 de agosto,25,42,54,43,21,42,4 de junio,26 de septiembre,115,,,0,15 de junio,13 de septiembre,16.02,11.25,27.27,AEMET
B780X,PORT DE POLLENÇA,BALEARES,2.0,39.9094,3.1003,1.2,litoral,<200,baleares,15 de enero,2 de agosto,25,42,54,43,28,42,5 de junio,28 de septiembre,116,,,0,16 de junio,14 de septiembre,15.2,11.81,27.01,AEMET
B800X,"LA MOLA, MAÓ",BALEARES,78.0,39.8761,4.3239,1.3,litoral,<200,baleares,19 de enero,2 de agosto,29,42,30,42,28,42,7 de junio,2 de octubre,118,,,0,19 de junio,17 de septiembre,14.37,12.47,26.85,AEMET
B825B,ES MERCADAL,BALEARES,80.0,39.9906,4.0864,7.7,litoral,<200,baleares,19 de enero,2 de agosto,29,42,36,43,28,41,7 de junio,23 de septiembre,109,,,0,15 de junio,13 de septiembre,15.35,11.35,26.7,AEMET
B860X,CIUTADELLA,BALEARES,20.0,39.9928,3.8539,2.1,litoral,<200,baleares,15 de enero,2 de agosto,25,42,54,44,22,41,5 de junio,27 de septiembre,115,,,0,15 de junio,13 de septiembre,15.65,11.52,27.18,AEMET
B893,"MENORCA, AEROPUERTO",BALEARES,91.0,39.8547,4.2156,2.7,litoral,<200,baleares,16 de enero,2 de agosto,26,42,54,44,25,41,10 de junio,22 de septiembre,105,,,0,17 de junio,15 de septiembre,15.35,10.88,26.23,AEMET
B908X,SANT JOAN DE LABRITJA,BALEARES,110.0,39.0561,1.4925,4.9,litoral,<200,baleares,11 de enero,2 de agosto,21,42,19,44,21,41,11 de junio,19 de septiembre,101,,,0,16 de junio,14 de septiembre,16.17,10.09,26.26,AEMET
0061X,PONTONS,BARCELONA,632.0,41.4169,1.5192,25.3,litoral,500-800,peninsula,11 de enero,1 de agosto,21,41,21,52,26,41,5 de julio,25 de agosto,52,,,0,12 de junio,10 de septiembre,16.56,6.77,23.32,AEMET
0106X,BALSARENY,BARCELONA,361.0,41.8664,1.8725,54.8,interior,200-500,peninsula,11 de enero,1 de agosto,21,41,25,38,21,41,17 de junio,6 de septiembre,82,23 de diciembre,29 de enero,38,12 de junio,10 de septiembre,20.45,4.81,25.26,AEMET
0149D,MANRESA (LA CULLA),BARCELONA,291.0,41.72,1.8403,45.3,interior,200-500,peninsula,12 de enero,1 de agosto,22,41,22,39,21,41,9 de junio,11 de septiembre,95,,,0,11 de junio,9 de septiembre,20.18,6.09,26.28,AEMET
0149X,MANRESA,BARCELONA,291.0,41.72,1.8403,45.3,interior,200-500,peninsula,11 de enero,1 de agosto,21,41,25,38,18,41,10 de junio,10 de septiembre,93,8 de enero,13 de enero,6,11 de junio,9 de septiembre,20.33,5.93,26.27,AEMET
0171X,IGUALADA,BARCELONA,313.0,41.5789,1.6178,41.1,interior,200-500,peninsula,12 de enero,1 de agosto,22,41,25,52,20,41,11 de junio,15 de septiembre,97,,,0,14 de junio,12 de septiembre,18.89,7.0,25.89,AEMET
0320I,PLANOLES,GIRONA,1151.0,42.3169,2.1028,4.6,litoral,800-1200,peninsula,17 de enero,1 de agosto,27,41,27,42,27,41,,,0,3 de enero,4 de febrero,33,11 de junio,9 de septiembre,15.93,4.93,20.86,AEMET
0433D,CABO DE CREUS,GIRONA,75.0,42.3192,3.3156,0.4,litoral,<200,peninsula,16 de enero,1 de agosto,26,41,26,51,24,41,6 de junio,18 de septiembre,105,,,0,12 de junio,10 de septiembre,14.75,11.16,25.91,AEMET
1012P,IRUN,GIPUZKOA,120.0,43.3264,-1.7967,2.0,litoral,<200,peninsula,15 de enero,1 de agosto,25,41,25,41,25,53,,,0,,,0,18 de junio,16 de septiembre,12.57,9.15,21.72,AEMET
1014,"HONDARRIBIA, MALKARROA",GIPUZKOA,4.0,43.3569,-1.7922,0.4,litoral,<200,peninsula,15 de enero,1 de agosto,25,41,24,41,25,53,19 de julio,22 de agosto,35,,,0,17 de junio,15 de septiembre,13.54,8.93,22.48,AEMET
1014A,DONOSTIA / SAN SEBASTIÁN AEROPUERTO,GIPUZKOA,4.0,43.3569,-1.7922,0.4,litoral,<200,peninsula,15 de enero,1 de agosto,25,41,24,41,25,53,13 de julio,26 de agosto,45,,,0,16 de junio,14 de septiembre,13.46,9.33,22.79,AEMET
1021X,"ERRENTERIA, AÑARBE",GIPUZKOA,165.0,43.2139,-1.8789,13.3,litoral,<200,peninsula,15 de enero,1 de agosto,25,41,21,41,27,53,,,0,,,0,15 de junio,13 de septiembre,13.01,8.33,21.35,AEMET
1021Y,ARTICUTZA (AUTOMATICA),NAVARRA,305.0,43.2122,-1.7978,11.2,litoral,200-500,peninsula,13 de enero,1 de agosto,23,41,22,41,23,37,,,0,4 de enero,25 de enero,22,12 de junio,10 de septiembre,14.21,5.47,19.68,AEMET
1033X,ARESO,NAVARRA,520.0,43.085,-1.9508,25.8,litoral,500-800,peninsula,15 de enero,1 de agosto,25,41,25,41,27,53,,,0,,,0,13 de junio,11 de septiembre,13.75,6.09,19.84,AEMET
1041A,ZUMAIA,GIPUZKOA,28.0,43.3022,-2.2511,0.3,litoral,<200,peninsula,14 de enero,1 de agosto,24,41,24,41,27,41,25 de julio,15 de agosto,22,,,0,21 de junio,19 de septiembre,12.04,10.23,22.27,AEMET
1056K,FORUA,BIZKAIA,45.0,43.3425,-2.6711,6.7,litoral,<200,peninsula,11 de enero,1 de agosto,21,41,21,41,27,53,,,0,,,0,19 de junio,17 de septiembre,12.48,8.88,21.36,AEMET
1060X,AMURRIO,ARABA/ALAVA,240.0,43.0503,-3.0056,34.6,interior,200-500,peninsula,13 de enero,1 de agosto,23,41,21,41,25,53,,,0,,,0,14 de junio,12 de septiembre,14.44,7.21,21.65,AEMET
1074C,AMOREBIETA-ETXANO,BIZKAIA,100.0,43.2028,-2.7061,21.5,litoral,<200,peninsula,14 de enero,1 de agosto,24,41,21,41,27,53,,,0,,,0,18 de junio,16 de septiembre,13.0,8.16,21.17,AEMET
1078C,BALMASEDA,BIZKAIA,210.0,43.1806,-3.2097,19.1,litoral,200-500,peninsula,14 de enero,1 de agosto,24,41,21,41,25,53,,,0,,,0,15 de junio,13 de septiembre,13.68,7.55,21.23,AEMET
1109X,SANTANDER AEROPUERTO,CANTABRIA,3.0,43.4286,-3.8314,4.8,litoral,<200,peninsula,11 de enero,1 de agosto,21,41,21,41,27,53,,,0,,,0,20 de junio,18 de septiembre,11.86,9.42,21.28,AEMET
1152C,SAN FELICES DE BUELNA,CANTABRIA,105.0,43.2719,-4.0486,16.7,litoral,<200,peninsula,11 de enero,1 de agosto,21,41,21,41,25,53,,,0,,,0,19 de junio,17 de septiembre,12.34,8.34,20.69,AEMET
2005Y,"VINUESA, QUINTANAREJO",SORIA,1197.0,41.9678,-2.7828,151.9,interior,800-1200,peninsula,15 de enero,1 de agosto,25,41,25,41,27,51,,,0,17 de noviembre,18 de marzo,122,11 de junio,9 de septiembre,17.04,3.21,20.25,AEMET
2017Y,"LA PÓVEDA DE SORIA, BARRIOMARTÍN",SORIA,1260.0,41.9958,-2.4942,145.4,interior,>1200,peninsula,16 de enero,1 de agosto,26,41,25,34,27,40,,,0,15 de noviembre,22 de marzo,128,11 de junio,9 de septiembre,17.27,2.77,20.04,AEMET
2030,SORIA,SORIA,1081.0,41.775,-2.4831,169.8,interior,800-1200,peninsula,15 de enero,1 de agosto,25,41,21,41,27,40,18 de julio,17 de agosto,31,4 de diciembre,7 de febrero,66,11 de junio,9 de septiembre,18.51,4.28,22.79,AEMET
2044B,LUBIA,SORIA,1100.0,41.6006,-2.5075,189.3,interior,800-1200,peninsula,15 de enero,1 de agosto,25,41,24,41,25,40,29 de julio,2 de agosto,5,27 de noviembre,24 de febrero,90,11 de junio,9 de septiembre,18.51,3.59,22.11,AEMET
2048A,MORÓN DE ALMAZÁN,SORIA,978.0,41.4194,-2.4203,208.9,interior,800-1200,peninsula,15 de enero,1 de agosto,25,41,21,41,27,40,28 de julio,2 de agosto,6,26 de noviembre,25 de febrero,92,11 de junio,9 de septiembre,19.04,3.02,22.06,AEMET
2059B,LA RIBA DE ESCALOTE,SORIA,1042.0,41.3497,-2.7833,219.5,interior,800-1200,peninsula,15 de enero,1 de agosto,25,41,21,41,25,40,22 de julio,14 de agosto,24,27 de noviembre,24 de febrero,90,11 de junio,9 de septiembre,19.43,3.07,22.5,AEMET
2096B,LICERAS,SORIA,1150.0,41.3736,-3.2514,219.9,interior,800-1200,peninsula,13 de enero,1 de agosto,23,41,21,51,27,40,18 de julio,17 de agosto,31,29 de noviembre,23 de febrero,87,10 de junio,8 de septiembre,19.25,3.68,22.93,AEMET
2296A,ÓLVEGA,SORIA,1039.0,41.7756,-1.9767,168.7,interior,800-1200,peninsula,18 de enero,1 de agosto,28,41,29,52,27,41,,,0,26 de diciembre,6 de febrero,43,11 de junio,9 de septiembre,17.07,4.41,21.48,AEMET
2302N,MONTERRUBIO DE LA DEMANDA,BURGOS,1197.0,42.1464,-3.1097,133.8,interior,800-1200,peninsula,16 de enero,1 de agosto,26,41,21,41,27,40,,,0,14 de noviembre,22 de marzo,129,11 de junio,9 de septiembre,17.0,2.57,19.57,AEMET
2737E,LAGUNAS DE SOMOZA,LEON,1020.0,42.3775,-6.1967,130.5,interior,800-1200,peninsula,11 de enero,1 de agosto,21,41,20,41,19,50,,,0,26 de noviembre,12 de marzo,107,13 de junio,11 de septiembre,16.8,3.47,20.26,AEMET
3021Y,ZAOREJAS,GUADALAJARA,1250.0,40.7583,-2.1997,204.7,interior,>1200,peninsula,15 de enero,1 de agosto,25,41,24,41,27,40,12 de julio,18 de agosto,38,19 de noviembre,25 de febrero,99,10 de junio,8 de septiembre,20.24,3.09,23.33,AEMET
3094B,TARANCÓN,CUENCA,819.0,40.0119,-3.0214,237.0,interior,800-1200,peninsula,7 de enero,1 de agosto,17,41,18,41,17,40,7 de junio,15 de septiembre,101,,,0,11 de junio,9 de septiembre,21.65,6.49,28.14,AEMET
3110C,BUITRAGO DEL LOZOYA,MADRID,1030.0,41.0069,-3.6139,263.1,interior,800-1200,peninsula,13 de enero,1 de agosto,23,41,20,41,26,40,17 de julio,16 de agosto,31,11 de diciembre,6 de febrero,58,10 de junio,8 de septiembre,18.61,4.1,22.71,AEMET
3130C,SIGÜENZA,GUADALAJARA,1005.0,41.0864,-2.6181,247.0,interior,800-1200,peninsula,14 de enero,1 de agosto,24,41,24,41,27,40,,,0,23 de noviembre,27 de febrero,97,11 de junio,9 de septiembre,18.83,3.16,21.99,AEMET
3140Y,MANDAYONA,GUADALAJARA,990.0,40.985,-2.76,258.1,interior,800-1200,peninsula,16 de enero,1 de agosto,26,41,18,41,27,40,27 de junio,28 de agosto,63,22 de diciembre,2 de febrero,43,11 de junio,9 de septiembre,20.05,4.76,24.81,AEMET
4090Y,SAN CLEMENTE,CUENCA,728.0,39.4167,-2.4206,180.4,interior,500-800,peninsula,9 de enero,1 de agosto,19,41,18,41,20,34,12 de junio,9 de septiembre,90,27 de diciembre,27 de enero,32,11 de junio,9 de septiembre,22.0,4.93,26.93,AEMET
4148,VISO DEL MARQUÉS,CIUDAD REAL,804.0,38.5181,-3.5667,196.6,interior,800-1200,peninsula,13 de enero,1 de agosto,23,41,21,41,27,40,9 de junio,12 de septiembre,96,7 de enero,19 de enero,13,11 de junio,9 de septiembre,22.06,5.89,27.95,AEMET
5192,VILLARRODRIGO,JAEN,862.0,38.4892,-2.6375,151.1,interior,800-1200,peninsula,20 de enero,1 de agosto,30,41,30,41,27,34,3 de junio,24 de septiembre,114,,,0,13 de junio,11 de septiembre,20.91,7.71,28.62,AEMET
5582A,LOJA,GRANADA,760.0,37.1611,-4.1528,46.2,interior,500-800,peninsula,13 de enero,1 de agosto,23,41,23,41,29,40,30 de mayo,30 de septiembre,124,,,0,12 de junio,10 de septiembre,20.24,8.95,29.2,AEMET
5598X,BENAMEJÍ,CORDOBA,465.0,37.2308,-4.5478,57.4,interior,200-500,peninsula,13 de enero,1 de agosto,23,41,23,41,27,40,31 de mayo,30 de septiembre,123,,,0,13 de junio,11 de septiembre,19.32,9.42,28.74,AEMET
5612X,LORA DE ESTEPA,SEVILLA,450.0,37.2703,-4.8269,71.5,interior,200-500,peninsula,13 de enero,1 de agosto,23,41,24,52,27,40,31 de mayo,30 de septiembre,123,,,0,13 de junio,11 de septiembre,18.87,9.58,28.45,AEMET
6100B,ANTEQUERA AYUNTAMIENTO (AUTOMÁTICA THIES),MALAGA,515.0,37.0239,-4.5625,36.1,interior,500-800,peninsula,20 de enero,1 de agosto,30,41,31,41,29,34,29 de mayo,4 de octubre,129,,,0,12 de junio,10 de septiembre,19.58,9.85,29.43,AEMET
6106X,ANTEQUERA,MALAGA,408.0,37.0294,-4.7483,45.7,interior,200-500,peninsula,6 de enero,1 de agosto,16,41,15,52,20,43,5 de junio,22 de septiembre,110,,,0,13 de junio,11 de septiembre,19.48,8.38,27.86,AEMET
6281X,VÁLOR,GRANADA,1020.0,37.0053,-3.0714,27.6,litoral,800-1200,peninsula,8 de enero,1 de agosto,18,41,18,43,18,35,8 de junio,19 de septiembre,104,,,0,13 de junio,11 de septiembre,18.32,9.43,27.75,AEMET
8005X,FONTANARS DELS ALFORINS,VALENCIA,622.0,38.78,-0.7958,52.1,interior,500-800,peninsula,9 de enero,1 de agosto,19,41,18,43,26,34,19 de junio,6 de septiembre,80,,,0,13 de junio,11 de septiembre,18.33,7.2,25.53,AEMET
8210Y,SALVACAÑETE,CUENCA,1160.0,40.1031,-1.5036,118.7,interior,800-1200,peninsula,7 de enero,1 de agosto,17,41,15,53,29,34,,,0,24 de noviembre,25 de febrero,94,11 de junio,9 de septiembre,18.36,3.49,21.85,AEMET
8458X,CEDRILLAS,TERUEL,1380.0,40.4306,-0.8494,87.7,interior,>1200,peninsula,16 de enero,1 de agosto,26,41,21,41,28,41,,,0,16 de noviembre,22 de marzo,127,11 de junio,9 de septiembre,18.69,2.24,20.93,AEMET
8486X,MOSQUERUELA,TERUEL,1515.0,40.3625,-0.4544,55.8,interior,>1200,peninsula,19 de enero,1 de agosto,29,41,29,41,29,40,,,0,19 de noviembre,22 de marzo,124,11 de junio,9 de septiembre,17.65,3.31,20.96,AEMET
8489X,VILLAFRANCA DEL CID/VILAFRANCA,CASTELLON,1130.0,40.4333,-0.2556,47.8,interior,800-1200,peninsula,19 de enero,1 de agosto,29,41,29,41,29,42,,,0,23 de diciembre,22 de febrero,62,11 de junio,9 de septiembre,17.31,4.39,21.69,AEMET
8520X,LA POBLA DE BENIFASSÀ-FREDES,CASTELLON,1165.0,40.6936,0.1653,33.9,interior,800-1200,peninsula,18 de enero,1 de agosto,28,41,29,41,28,42,,,0,22 de diciembre,12 de marzo,81,11 de junio,9 de septiembre,16.7,3.92,20.62,AEMET
9001D,REINOSA,CANTABRIA,870.0,42.9919,-4.1606,44.3,interior,800-1200,peninsula,13 de enero,1 de agosto,23,41,20,41,25,52,,,0,22 de noviembre,27 de febrero,98,12 de junio,10 de septiembre,14.4,3.48,17.88,AEMET
9016X,"VALDERREDIBLE, CUBILLO DE EBRO",CANTABRIA,770.0,42.8097,-4.0322,65.8,interior,500-800,peninsula,11 de enero,1 de agosto,21,41,26,41,21,52,,,0,3 de diciembre,21 de febrero,81,11 de junio,9 de septiembre,16.15,4.04,20.2,AEMET
9019B,"VALDERREDIBLE, POLIENTES",CANTABRIA,720.0,42.8061,-3.9339,68.2,interior,500-800,peninsula,13 de enero,1 de agosto,23,41,26,41,21,52,,,0,23 de diciembre,5 de febrero,45,11 de junio,9 de septiembre,16.25,4.57,20.82,AEMET
9031C,BRIVIESCA,BURGOS,730.0,42.5594,-3.3089,88.6,interior,500-800,peninsula,13 de enero,1 de agosto,23,41,24,41,21,40,,,0,23 de diciembre,6 de febrero,46,11 de junio,9 de septiembre,16.85,4.52,21.37,AEMET
9051,MEDINA DE POMAR,BURGOS,580.0,42.92,-3.4828,54.1,interior,500-800,peninsula,10 de enero,1 de agosto,20,41,24,41,18,41,,,0,28 de diciembre,27 de enero,31,11 de junio,9 de septiembre,16.38,5.12,21.49,AEMET
9060X,LALASTRA,ARABA/ALAVA,910.0,42.8753,-3.2317,53.0,interior,800-1200,peninsula,21 de enero,1 de agosto,31,41,23,41,31,53,,,0,27 de noviembre,23 de febrero,89,11 de junio,9 de septiembre,15.42,3.74,19.15,AEMET
9069C,MIRANDA DE EBRO,BURGOS,460.0,42.6872,-2.9606,74.8,interior,200-500,peninsula,13 de enero,1 de agosto,23,41,30,41,20,40,13 de julio,23 de agosto,42,,,0,11 de junio,9 de septiembre,16.99,6.14,23.13,AEMET
9073X,"AGURAIN/SALVATIERRA, OPAKUA",ARABA/ALAVA,660.0,42.8297,-2.3597,52.3,interior,500-800,peninsula,15 de enero,1 de agosto,25,41,25,41,23,41,,,0,26 de diciembre,1 de febrero,38,12 de junio,10 de septiembre,15.9,4.75,20.65,AEMET
9091O,FORONDA-TXOKIZA,ARABA/ALAVA,513.0,42.8819,-2.735,54.3,interior,500-800,peninsula,11 de enero,1 de agosto,21,41,24,41,20,53,,,0,30 de diciembre,28 de enero,30,12 de junio,10 de septiembre,15.69,5.25,20.94,AEMET
9091R,VITORIA-GASTEIZ AEROPUERTO,ARABA/ALAVA,513.0,42.8719,-2.7328,55.2,interior,500-800,peninsula,11 de enero,1 de agosto,21,41,24,41,20,53,,,0,29 de diciembre,30 de enero,33,12 de junio,10 de septiembre,15.85,5.09,20.94,AEMET
9111,BELORADO,BURGOS,820.0,42.4211,-3.1703,103.3,interior,800-1200,peninsula,21 de enero,1 de agosto,31,41,31,41,31,40,,,0,27 de diciembre,7 de febrero,43,13 de junio,11 de septiembre,16.66,4.69,21.35,AEMET
9122I,LABASTIDA,ARABA/ALAVA,612.0,42.6039,-2.7767,84.2,interior,500-800,peninsula,10 de enero,1 de agosto,20,41,21,41,20,40,22 de julio,17 de agosto,27,4 de enero,24 de enero,21,11 de junio,9 de septiembre,17.07,5.51,22.59,AEMET
9136X,"ANGUIANO, VALVANERA",LA RIOJA,1006.0,42.2308,-2.8711,125.7,interior,800-1200,peninsula,10 de enero,1 de agosto,20,41,26,41,20,41,,,0,26 de noviembre,23 de febrero,90,11 de junio,9 de septiembre,16.81,3.5,20.31,AEMET
9141V,NÁJERA,LA RIOJA,500.0,42.4142,-2.7267,102.7,interior,500-800,peninsula,10 de enero,1 de agosto,20,41,21,41,20,40,28 de junio,24 de agosto,58,4 de enero,20 de enero,17,10 de junio,8 de septiembre,18.08,5.59,23.67,AEMET
9145X,LEZA,ARABA/ALAVA,575.0,42.5672,-2.6328,84.2,interior,500-800,peninsula,10 de enero,1 de agosto,20,41,24,41,20,40,25 de julio,14 de agosto,21,29 de diciembre,28 de enero,31,10 de junio,8 de septiembre,17.14,5.23,22.37,AEMET
9145Y,CENICERO,LA RIOJA,429.0,42.4828,-2.6394,93.5,interior,200-500,peninsula,10 de enero,1 de agosto,20,41,24,41,19,40,24 de junio,27 de agosto,65,7 de enero,16 de enero,10,9 de junio,7 de septiembre,18.35,5.83,24.18,AEMET
9170,"LOGROÑO, AEROPUERTO",LA RIOJA,353.0,42.4522,-2.3311,93.9,interior,200-500,peninsula,9 de enero,1 de agosto,19,41,24,41,19,40,21 de junio,1 de septiembre,73,,,0,10 de junio,8 de septiembre,18.53,6.06,24.6,AEMET
9171K,LOS ARCOS,NAVARRA,470.0,42.5703,-2.1839,80.0,interior,200-500,peninsula,10 de enero,1 de agosto,20,41,21,41,20,41,25 de junio,31 de agosto,68,,,0,11 de junio,9 de septiembre,18.19,6.14,24.33,AEMET
9178X,CAMPEZO/KANPEZU,ARABA/ALAVA,570.0,42.6706,-2.3461,70.0,interior,500-800,peninsula,11 de enero,1 de agosto,21,41,24,41,20,40,25 de julio,14 de agosto,21,23 de diciembre,1 de febrero,41,10 de junio,8 de septiembre,17.54,4.86,22.41,AEMET
9188,ENCISO,LA RIOJA,855.0,42.1494,-2.2733,127.0,interior,800-1200,peninsula,14 de enero,1 de agosto,24,41,21,41,25,40,,,0,26 de diciembre,3 de febrero,40,11 de junio,9 de septiembre,16.77,4.75,21.53,AEMET
9207,"VALLE DE HECHO, HECHO",HUESCA,860.0,42.7406,-0.7506,99.1,interior,800-1200,peninsula,15 de enero,1 de agosto,25,41,24,41,20,41,,,0,28 de noviembre,21 de febrero,86,11 de junio,9 de septiembre,17.7,3.99,21.69,AEMET
9208E,ARAGÜÉS DEL PUERTO,HUESCA,1025.0,42.7086,-0.6728,106.3,interior,800-1200,peninsula,17 de enero,1 de agosto,27,41,29,41,27,41,22 de julio,17 de agosto,27,2 de enero,2 de febrero,32,11 de junio,9 de septiembre,17.75,4.95,22.7,AEMET
9211F,"BAILO, PUYALTO",HUESCA,722.0,42.5142,-0.8172,113.2,interior,500-800,peninsula,15 de enero,1 de agosto,25,41,24,41,20,41,2 de julio,24 de agosto,54,24 de diciembre,2 de febrero,41,10 de junio,8 de septiembre,19.12,4.68,23.79,AEMET
9218A,ISABA/IZABA,NAVARRA,838.0,42.8625,-0.9247,79.6,interior,800-1200,peninsula,16 de enero,1 de agosto,26,41,25,41,22,41,,,0,26 de noviembre,22 de febrero,89,10 de junio,8 de septiembre,17.27,3.76,21.03,AEMET
9228J,OROZ-BETELU/OROTZ-BETELU,NAVARRA,635.0,42.8961,-1.3003,55.4,interior,500-800,peninsula,15 de enero,1 de agosto,25,41,25,40,25,41,,,0,22 de diciembre,4 de febrero,45,11 de junio,9 de septiembre,17.16,4.51,21.67,AEMET
9228T,RONCESVALLES/ORREAGA,NAVARRA,947.0,43.0078,-1.3256,44.5,interior,800-1200,peninsula,16 de enero,1 de agosto,26,41,26,41,27,41,,,0,20 de noviembre,14 de marzo,115,11 de junio,9 de septiembre,14.97,3.07,18.04,AEMET
9238X,NAVASCUÉS/NABASKOZE,NAVARRA,612.0,42.7175,-1.1172,80.3,interior,500-800,peninsula,11 de enero,1 de agosto,21,41,25,41,20,41,25 de julio,13 de agosto,20,27 de noviembre,10 de febrero,76,10 de junio,8 de septiembre,18.98,3.36,22.34,AEMET
9244X,SOS DEL REY CATÓLICO,ZARAGOZA,626.0,42.4908,-1.2133,98.3,interior,500-800,peninsula,14 de enero,1 de agosto,24,41,24,41,20,40,29 de junio,24 de agosto,57,28 de diciembre,28 de enero,32,10 de junio,8 de septiembre,18.57,5.03,23.59,AEMET
9245X,CÁSEDA,NAVARRA,440.0,42.5214,-1.3664,90.7,interior,200-500,peninsula,9 de enero,1 de agosto,19,41,24,41,18,41,19 de junio,2 de septiembre,76,29 de diciembre,24 de enero,27,10 de junio,8 de septiembre,19.92,5.18,25.1,AEMET
9252X,OLITE/ERRIBERRI,NAVARRA,390.0,42.4892,-1.6556,90.2,interior,200-500,peninsula,9 de enero,1 de agosto,19,41,24,41,19,40,24 de junio,27 de agosto,65,3 de enero,20 de enero,18,10 de junio,8 de septiembre,18.61,5.5,24.11,AEMET
9257X,"ESTERIBAR, EMBALSE DE EUGI",NAVARRA,615.0,42.9706,-1.5169,39.5,interior,500-800,peninsula,14 de enero,1 de agosto,24,41,25,41,20,51,,,0,30 de noviembre,6 de febrero,69,11 de junio,9 de septiembre,16.69,4.0,20.69,AEMET
9262,PAMPLONA,NAVARRA,450.0,42.8178,-1.6383,53.9,interior,200-500,peninsula,15 de enero,1 de agosto,25,41,25,41,20,41,30 de junio,26 de agosto,58,,,0,10 de junio,8 de septiembre,17.49,6.15,23.64,AEMET
9262P,MONREAL/ELO,NAVARRA,585.0,42.7011,-1.4956,68.6,interior,500-800,peninsula,14 de enero,1 de agosto,24,41,24,41,22,41,25 de julio,17 de agosto,24,27 de diciembre,31 de enero,36,12 de junio,10 de septiembre,17.63,4.83,22.47,AEMET
9263D,"PAMPLONA, AEROPUERTO",NAVARRA,459.0,42.7769,-1.65,58.3,interior,200-500,peninsula,14 de enero,1 de agosto,24,41,24,41,19,41,4 de julio,25 de agosto,53,29 de diciembre,29 de enero,32,12 de junio,10 de septiembre,18.47,5.05,23.52,AEMET
9274X,IRURTZUN,NAVARRA,432.0,42.9189,-1.835,43.2,interior,200-500,peninsula,12 de enero,1 de agosto,22,41,22,41,20,53,28 de julio,17 de agosto,21,6 de enero,18 de enero,13,11 de junio,9 de septiembre,16.56,5.76,22.32,AEMET
9280B,LARRAGA,NAVARRA,375.0,42.5494,-1.8575,84.1,interior,200-500,peninsula,10 de enero,1 de agosto,20,41,24,41,19,41,24 de junio,27 de agosto,65,3 de enero,18 de enero,16,10 de junio,8 de septiembre,18.39,5.54,23.94,AEMET
9287A,SAN PEDRO MANRIQUE,SORIA,1096.0,42.0264,-2.2308,140.5,interior,800-1200,peninsula,15 de enero,1 de agosto,25,41,24,41,27,41,,,0,22 de noviembre,15 de marzo,114,11 de junio,9 de septiembre,16.3,3.31,19.61,AEMET
9293X,"ALFARO, LA PLANA",LA RIOJA,371.0,42.1761,-1.7439,125.0,interior,200-500,peninsula,10 de enero,1 de agosto,20,41,37,52,2,40,9 de junio,6 de septiembre,90,,,0,8 de junio,6 de septiembre,18.94,6.52,25.46,AEMET
9294E,"BARDENAS REALES, BASE AÉREA",NAVARRA,295.0,42.1986,-1.4753,123.8,interior,200-500,peninsula,9 de enero,1 de agosto,19,41,24,41,19,40,9 de junio,7 de septiembre,91,6 de enero,14 de enero,9,9 de junio,7 de septiembre,20.17,5.79,25.96,AEMET
9299X,TARAZONA,ZARAGOZA,475.0,41.915,-1.7233,154.0,interior,200-500,peninsula,9 de enero,1 de agosto,19,41,19,41,19,40,22 de junio,29 de agosto,69,,,0,10 de junio,8 de septiembre,18.16,6.13,24.29,AEMET
9301X,MONTEAGUDO,NAVARRA,410.0,41.9589,-1.6906,149.1,interior,200-500,peninsula,9 de enero,1 de agosto,19,41,19,41,19,40,19 de junio,29 de agosto,72,9 de enero,9 de enero,1,9 de junio,7 de septiembre,18.6,5.99,24.59,AEMET
9302Y,TUDELA,NAVARRA,297.0,42.0556,-1.6094,138.6,interior,200-500,peninsula,9 de enero,1 de agosto,19,41,21,41,19,40,9 de junio,7 de septiembre,91,,,0,9 de junio,7 de septiembre,19.73,6.16,25.89,AEMET
9321X,EJEA DE LOS CABALLEROS,ZARAGOZA,321.0,42.1211,-1.1397,138.8,interior,200-500,peninsula,11 de enero,1 de agosto,21,41,24,41,19,39,11 de junio,7 de septiembre,89,7 de enero,15 de enero,9,10 de junio,8 de septiembre,20.06,5.84,25.9,AEMET
9336D,CASTEJON DE VALDEJASA,ZARAGOZA,543.0,41.9842,-0.9958,157.2,interior,500-800,peninsula,10 de enero,1 de agosto,20,41,22,41,20,40,20 de junio,31 de agosto,73,3 de enero,20 de enero,18,10 de junio,8 de septiembre,19.36,5.49,24.85,AEMET
9344C,ARCOS DE JALÓN,SORIA,863.0,41.2164,-2.2931,230.7,interior,800-1200,peninsula,14 de enero,1 de agosto,24,41,24,41,19,40,27 de junio,26 de agosto,61,24 de diciembre,3 de febrero,42,11 de junio,9 de septiembre,19.9,4.59,24.49,AEMET
9352A,ALMAZUL,SORIA,1000.0,41.5747,-2.1403,190.7,interior,800-1200,peninsula,15 de enero,1 de agosto,25,41,21,41,27,40,14 de julio,18 de agosto,36,1 de diciembre,21 de febrero,83,10 de junio,8 de septiembre,19.4,3.7,23.1,AEMET
9354X,ALHAMA DE ARAGON,ZARAGOZA,703.0,41.2931,-1.8953,215.2,interior,500-800,peninsula,9 de enero,1 de agosto,19,41,21,41,19,40,20 de junio,31 de agosto,73,25 de diciembre,30 de enero,37,10 de junio,8 de septiembre,20.66,4.77,25.43,AEMET
9390,DAROCA,ZARAGOZA,774.0,41.1144,-1.41,171.0,interior,500-800,peninsula,9 de enero,1 de agosto,19,41,21,41,19,40,25 de junio,27 de agosto,64,23 de diciembre,2 de febrero,42,10 de junio,8 de septiembre,20.26,4.33,24.6,AEMET
9394X,CALATAYUD,ZARAGOZA,582.0,41.3311,-1.6453,201.3,interior,500-800,peninsula,9 de enero,1 de agosto,19,41,21,41,19,41,16 de junio,3 de septiembre,80,29 de diciembre,26 de enero,29,10 de junio,8 de septiembre,20.51,5.16,25.67,AEMET
9427X,LA ALMUNIA DE DOÑA GODINA,ZARAGOZA,370.0,41.4811,-1.3808,190.1,interior,200-500,peninsula,9 de enero,1 de agosto,19,41,20,41,18,41,10 de junio,6 de septiembre,89,,,0,9 de junio,7 de septiembre,18.87,7.13,26.0,AEMET
9434,"ZARAGOZA, AEROPUERTO",ZARAGOZA,249.0,41.6606,-1.0042,172.7,interior,200-500,peninsula,9 de enero,1 de agosto,19,41,20,41,19,40,2 de junio,15 de septiembre,106,,,0,9 de junio,7 de septiembre,20.84,6.72,27.56,AEMET
9434P,"ZARAGOZA, VALDESPARTERA",ZARAGOZA,258.0,41.6211,-0.9347,165.5,interior,200-500,peninsula,9 de enero,1 de agosto,19,41,19,41,19,40,1 de junio,17 de septiembre,109,,,0,9 de junio,7 de septiembre,20.83,6.87,27.7,AEMET
9436X,FONFRÍA,TERUEL,1255.0,40.9953,-1.0875,141.5,interior,>1200,peninsula,18 de enero,1 de agosto,28,41,29,41,27,40,,,0,23 de noviembre,23 de febrero,93,10 de junio,8 de septiembre,18.76,3.22,21.97,AEMET
9453X,"BIESCAS, EMBALSE DE BÚBAL",HUESCA,1100.0,42.6992,-0.3189,130.7,interior,800-1200,peninsula,16 de enero,1 de agosto,26,41,26,41,25,41,,,0,18 de noviembre,13 de marzo,116,10 de junio,8 de septiembre,17.33,2.96,20.29,AEMET
9460X,SABIÑÁNIGO,HUESCA,775.0,42.5128,-0.3556,140.2,interior,500-800,peninsula,15 de enero,1 de agosto,25,41,24,41,21,40,4 de julio,22 de agosto,50,27 de noviembre,10 de febrero,76,10 de junio,8 de septiembre,20.07,3.55,23.62,AEMET
9491X,ALMUDÉVAR,HUESCA,390.0,42.0294,-0.5858,168.1,interior,200-500,peninsula,9 de enero,1 de agosto,19,41,25,41,18,38,12 de junio,5 de septiembre,86,28 de diciembre,22 de enero,26,9 de junio,7 de septiembre,20.18,5.14,25.32,AEMET
9495Y,LECIÑENA,ZARAGOZA,405.0,41.7967,-0.6172,155.1,interior,200-500,peninsula,9 de enero,1 de agosto,19,41,24,41,19,40,9 de junio,7 de septiembre,91,30 de diciembre,20 de enero,22,9 de junio,7 de septiembre,20.74,5.34,26.08,AEMET
9510X,QUINTO,ZARAGOZA,205.0,41.4292,-0.5039,123.8,interior,200-500,peninsula,9 de enero,1 de agosto,19,41,25,41,17,40,2 de junio,15 de septiembre,106,,,0,9 de junio,7 de septiembre,21.61,6.14,27.74,AEMET
9513X,MUNIESA,TERUEL,800.0,41.0311,-0.8056,123.8,interior,800-1200,peninsula,15 de enero,1 de agosto,25,41,21,41,25,39,26 de junio,25 de agosto,61,7 de enero,21 de enero,15,10 de junio,8 de septiembre,18.38,5.78,24.16,AEMET
9531Y,MONTALBÁN,TERUEL,895.0,40.8286,-0.7928,110.6,interior,800-1200,peninsula,17 de enero,1 de agosto,27,41,21,41,28,40,28 de junio,23 de agosto,57,29 de diciembre,31 de enero,34,10 de junio,8 de septiembre,18.99,4.98,23.97,AEMET
9546B,HIJAR,TERUEL,305.0,41.1719,-0.4419,106.2,interior,200-500,peninsula,9 de enero,1 de agosto,19,41,19,41,17,39,1 de junio,18 de septiembre,110,,,0,9 de junio,7 de septiembre,20.72,7.08,27.8,AEMET
9550C,"ANDORRA, HORCALLANA",TERUEL,762.0,40.9744,-0.4078,91.3,interior,500-800,peninsula,11 de enero,1 de agosto,21,41,21,41,21,39,20 de junio,29 de agosto,71,,,0,9 de junio,7 de septiembre,18.74,6.02,24.76,AEMET
9561X,CASTELLOTE,TERUEL,755.0,40.7983,-0.3153,75.3,interior,500-800,peninsula,15 de enero,1 de agosto,25,41,21,41,25,40,15 de junio,4 de septiembre,82,,,0,10 de junio,8 de septiembre,18.4,7.18,25.58,AEMET
9562X,MORELLA,CASTELLON,990.0,40.6217,-0.1019,49.8,interior,800-1200,peninsula,18 de enero,1 de agosto,28,41,29,41,27,42,5 de julio,20 de agosto,47,6 de enero,28 de enero,23,10 de junio,8 de septiembre,17.68,5.47,23.15,AEMET
9563X,CASTELLFORT,CASTELLON,1220.0,40.4986,-0.1867,48.0,interior,>1200,peninsula,18 de enero,1 de agosto,28,41,28,41,28,39,,,0,30 de diciembre,5 de febrero,38,10 de junio,8 de septiembre,17.16,4.66,21.82,AEMET
9569A,CALANDA,TERUEL,466.0,40.9467,-0.2378,77.6,interior,200-500,peninsula,9 de enero,1 de agosto,19,41,19,41,19,39,6 de junio,11 de septiembre,98,,,0,10 de junio,8 de septiembre,19.9,6.97,26.87,AEMET
9573X,ALCAÑIZ,TERUEL,334.0,41.0581,-0.1417,78.7,interior,200-500,peninsula,9 de enero,1 de agosto,19,41,19,41,18,39,9 de junio,7 de septiembre,91,,,0,9 de junio,7 de septiembre,20.2,6.01,26.2,AEMET
9574B,"CASPE, PLANA DEL PILÓN",ZARAGOZA,215.0,41.2425,-0.0686,82.0,interior,200-500,peninsula,9 de enero,1 de agosto,19,41,21,41,19,39,1 de junio,19 de septiembre,111,,,0,10 de junio,8 de septiembre,21.88,6.14,28.02,AEMET
9585,LA MOLINA,GIRONA,1699.0,42.3325,1.9394,4.9,litoral,>1200,peninsula,16 de enero,1 de agosto,26,41,30,41,26,40,,,0,7 de noviembre,14 de abril,159,11 de junio,9 de septiembre,17.09,0.88,17.97,AEMET
9590,MARTINET,LLEIDA,1038.0,42.3622,1.6933,14.5,litoral,800-1200,peninsula,11 de enero,1 de agosto,21,41,25,41,21,40,30 de julio,1 de agosto,3,19 de noviembre,24 de febrero,98,10 de junio,8 de septiembre,19.46,2.57,22.02,AEMET
9619,LA SEU D'URGELL,LLEIDA,677.0,42.3547,1.4628,24.7,litoral,500-800,peninsula,11 de enero,1 de agosto,21,41,26,35,19,40,4 de julio,17 de agosto,45,28 de noviembre,5 de febrero,70,11 de junio,9 de septiembre,19.19,3.8,22.99,AEMET
9647X,TORÀ,LLEIDA,435.0,41.8058,1.3956,69.5,interior,200-500,peninsula,12 de enero,1 de agosto,22,41,26,41,18,40,18 de junio,2 de septiembre,77,1 de diciembre,7 de febrero,69,10 de junio,8 de septiembre,21.74,3.39,25.13,AEMET
9650X,ARTESA DE SEGRE,LLEIDA,400.0,41.8814,1.1086,83.8,interior,200-500,peninsula,8 de enero,1 de agosto,18,41,30,41,18,41,11 de junio,7 de septiembre,89,4 de diciembre,4 de febrero,63,10 de junio,8 de septiembre,22.51,3.65,26.16,AEMET
9698U,TALARN,LLEIDA,807.0,42.2047,0.8647,75.3,interior,800-1200,peninsula,11 de enero,1 de agosto,21,41,22,39,18,41,21 de junio,29 de agosto,70,30 de noviembre,31 de enero,63,10 de junio,8 de septiembre,20.75,4.22,24.97,AEMET
9718X,TORDERA - GRANYANELLA,LLEIDA,463.0,41.6811,1.2231,60.3,interior,200-500,peninsula,10 de enero,1 de agosto,20,41,20,41,18,40,10 de junio,8 de septiembre,91,24 de diciembre,25 de enero,33,10 de junio,8 de septiembre,21.47,4.94,26.41,AEMET
9724X,OS DE BALAGUER,LLEIDA,520.0,41.8733,0.7561,92.4,interior,500-800,peninsula,8 de enero,1 de agosto,18,41,24,41,18,40,12 de junio,5 de septiembre,86,16 de diciembre,29 de enero,45,10 de junio,8 de septiembre,21.33,4.32,25.65,AEMET
9751,SOPEIRA,HUESCA,760.0,42.3186,0.7469,80.0,interior,500-800,peninsula,11 de enero,1 de agosto,21,41,26,40,18,41,26 de junio,26 de agosto,62,23 de diciembre,30 de enero,39,10 de junio,8 de septiembre,19.21,5.09,24.3,AEMET
9756X,BENABARRE,HUESCA,765.0,42.1125,0.48,108.4,interior,500-800,peninsula,11 de enero,1 de agosto,21,41,25,41,21,40,28 de junio,24 de agosto,58,5 de diciembre,3 de febrero,61,10 de junio,8 de septiembre,19.54,4.4,23.94,AEMET
9771C,LLEIDA,LLEIDA,186.0,41.6261,0.5981,72.0,interior,<200,peninsula,9 de enero,1 de agosto,19,41,24,41,17,40,2 de junio,15 de septiembre,106,28 de diciembre,21 de enero,25,9 de junio,7 de septiembre,22.34,5.27,27.61,AEMET
9772X,LA POBLA DE CÉRVOLES,LLEIDA,673.0,41.3661,0.9136,34.6,interior,500-800,peninsula,11 de enero,1 de agosto,21,41,21,41,21,42,18 de junio,4 de septiembre,79,6 de enero,18 de enero,13,11 de junio,9 de septiembre,19.73,5.66,25.39,AEMET
9775X,EL SOLERÀS,LLEIDA,392.0,41.4136,0.6783,48.6,interior,200-500,peninsula,9 de enero,1 de agosto,19,41,21,41,18,39,8 de junio,10 de septiembre,95,28 de diciembre,20 de enero,24,10 de junio,8 de septiembre,21.4,5.26,26.66,AEMET
9808X,"AÍNSA-SOBRARBE, LA SERRETA",HUESCA,610.0,42.4217,0.1381,127.6,interior,500-800,peninsula,11 de enero,1 de agosto,21,41,25,40,20,41,21 de junio,1 de septiembre,73,15 de diciembre,31 de enero,48,10 de junio,8 de septiembre,20.7,4.57,25.27,AEMET
9814X,TORLA - ORDESA,HUESCA,1076.0,42.6375,-0.1119,148.4,interior,800-1200,peninsula,15 de enero,1 de agosto,25,41,26,38,22,41,3 de julio,25 de agosto,54,4 de enero,30 de enero,27,12 de junio,10 de septiembre,18.88,5.31,24.19,AEMET
9838B,BENASQUE,HUESCA,1120.0,42.5994,0.5206,96.4,interior,800-1200,peninsula,15 de enero,1 de agosto,25,41,25,35,22,40,,,0,16 de noviembre,7 de marzo,112,10 de junio,8 de septiembre,17.65,2.83,20.48,AEMET
9843A,SEIRA,HUESCA,825.0,42.4769,0.4342,103.0,interior,800-1200,peninsula,10 de enero,1 de agosto,20,41,25,35,18,40,9 de julio,18 de agosto,41,28 de noviembre,5 de febrero,70,10 de junio,8 de septiembre,19.12,3.88,23.01,AEMET
9898,"HUESCA, AEROPUERTO",HUESCA,546.0,42.0844,-0.3256,158.7,interior,500-800,peninsula,9 de enero,1 de agosto,19,41,21,41,18,40,12 de junio,6 de septiembre,87,24 de diciembre,24 de enero,32,10 de junio,8 de septiembre,21.02,4.88,25.9,AEMET
9901X,HUESCA,HUESCA,463.0,42.1389,-0.395,167.0,interior,200-500,peninsula,9 de enero,1 de agosto,19,41,24,41,18,40,9 de junio,8 de septiembre,92,28 de diciembre,21 de enero,25,9 de junio,7 de septiembre,21.27,5.19,26.46,AEMET
9908X,LANAJA,HUESCA,380.0,41.7739,-0.3331,135.0,interior,200-500,peninsula,9 de enero,1 de agosto,19,41,19,41,17,38,10 de junio,7 de septiembre,90,29 de diciembre,17 de enero,20,9 de junio,7 de septiembre,20.52,5.38,25.9,AEMET
9911X,BALLOBAR,HUESCA,178.0,41.6194,0.1878,91.9,interior,<200,peninsula,9 de enero,1 de agosto,19,41,25,41,17,39,4 de junio,12 de septiembre,101,29 de diciembre,20 de enero,23,10 de junio,8 de septiembre,21.77,5.31,27.08,AEMET
9918Y,"TAMARITE DE LITERA, LA MELUSA",HUESCA,218.0,41.7808,0.3769,96.4,interior,200-500,peninsula,11 de enero,1 de agosto,21,41,30,41,17,39,8 de junio,9 de septiembre,94,22 de diciembre,28 de enero,38,9 de junio,7 de septiembre,21.49,4.6,26.09,AEMET
9924X,FRAGA,HUESCA,170.0,41.5247,0.3556,74.7,interior,<200,peninsula,9 de enero,1 de agosto,19,41,25,41,17,39,31 de mayo,19 de septiembre,112,7 de enero,11 de enero,5,10 de junio,8 de septiembre,22.01,5.91,27.91,AEMET
9935X,VALDERROBRES,TERUEL,483.0,40.8733,0.1464,47.0,interior,200-500,peninsula,9 de enero,1 de agosto,19,41,21,41,20,40,20 de junio,28 de agosto,70,29 de diciembre,28 de enero,31,9 de junio,7 de septiembre,19.46,5.21,24.67,AEMET
9946X,HORTA DE SANT JOAN,TARRAGONA,495.0,40.9531,0.3117,38.9,interior,200-500,peninsula,10 de enero,1 de agosto,20,41,25,41,19,42,14 de junio,6 de septiembre,85,,,0,11 de junio,9 de septiembre,18.54,6.97,25.51,AEMET
9961X,CABACÉS,TARRAGONA,363.0,41.2494,0.7353,30.8,interior,200-500,peninsula,10 de enero,1 de agosto,20,41,21,41,20,42,6 de junio,17 de septiembre,104,,,0,11 de junio,9 de septiembre,19.75,7.39,27.15,AEMET
9981A,ESTACIÓN DE TORTOSA (ROQUETES),TARRAGONA,50.0,40.8203,0.4933,21.6,litoral,<200,peninsula,11 de enero,1 de agosto,21,41,21,41,19,47,26 de mayo,2 de octubre,130,,,0,13 de junio,11 de septiembre,17.96,10.68,28.64,AEMET
9994X,BOSSÒST,LLEIDA,722.0,42.7761,0.6897,87.4,interior,500-800,peninsula,17 de enero,1 de agosto,27,41,26,42,27,51,,,0,28 de noviembre,4 de febrero,69,10 de junio,8 de septiembre,16.47,3.98,20.45,AEMET
9995Y,VALCARLOS/LUZAIDE,NAVARRA,334.0,43.0911,-1.3008,39.8,interior,200-500,peninsula,15 de enero,1 de agosto,25,41,25,41,27,53,,,0,,,0,12 de junio,10 de septiembre,13.65,6.99,20.65,AEMET
9998X,BELLO,TERUEL,1006.0,40.9214,-1.4944,163.3,interior,800-1200,peninsula,9 de enero,1 de agosto,19,41,19,41,27,40,16 de julio,14 de agosto,30,26 de noviembre,23 de febrero,90,10 de junio,8 de septiembre,20.01,2.8,22.81,AEMET
B103B,ANDRATX - SANT ELM,BALEARES,52.0,39.5794,2.3689,1.9,litoral,<200,baleares,17 de enero,1 de agosto,27,41,37,44,27,41,10 de junio,23 de septiembre,106,,,0,17 de junio,15 de septiembre,15.81,10.86,26.66,AEMET
B640X,PETRA,BALEARES,95.0,39.6164,3.1211,15.7,litoral,<200,baleares,27 de enero,1 de agosto,37,41,44,43,36,40,5 de junio,23 de septiembre,111,,,0,14 de junio,12 de septiembre,16.84,10.12,26.96,AEMET
B925,SANT ANTONI DE PORTMANY,BALEARES,32.0,38.9631,1.3214,3.3,litoral,<200,baleares,11 de enero,1 de agosto,21,41,21,44,21,41,5 de junio,28 de septiembre,116,,,0,16 de junio,14 de septiembre,16.64,10.64,27.28,AEMET
0092X,BERGA,BARCELONA,682.0,42.1014,1.8575,30.0,interior,500-800,peninsula,14 de enero,31 de julio,24,40,26,40,22,41,22 de junio,28 de agosto,68,29 de diciembre,29 de enero,32,10 de junio,8 de septiembre,19.38,5.03,24.41,AEMET
0321,CAMPDEVANOL,GIRONA,731.0,42.2228,2.1672,16.3,litoral,500-800,peninsula,11 de enero,31 de julio,21,40,21,39,21,41,8 de julio,20 de agosto,44,1 de diciembre,3 de febrero,65,9 de junio,7 de septiembre,18.88,4.31,23.18,AEMET
0349,SANT JULIÀ  DE VILATORTA,BARCELONA,578.0,41.9261,2.3175,42.4,interior,500-800,peninsula,12 de enero,31 de julio,22,40,25,40,21,41,25 de junio,26 de agosto,63,3 de diciembre,1 de febrero,61,11 de junio,9 de septiembre,19.71,4.14,23.85,AEMET
1057B,MATXITXAKO,BIZKAIA,93.0,43.4539,-2.7528,0.5,litoral,<200,peninsula,21 de enero,31 de julio,31,40,35,41,31,40,,,0,,,0,24 de junio,22 de septiembre,10.81,10.29,21.1,AEMET
1059X,PUNTA GALEA,BIZKAIA,81.0,43.375,-3.0217,0.6,litoral,<200,peninsula,10 de enero,31 de julio,20,40,21,36,20,40,,,0,,,0,19 de junio,17 de septiembre,11.51,9.7,21.21,AEMET
1089U,RAMALES DE LA VICTORIA,CANTABRIA,80.0,43.2558,-3.4708,17.5,litoral,<200,peninsula,11 de enero,31 de julio,21,40,21,41,20,53,,,0,,,0,16 de junio,14 de septiembre,13.33,7.91,21.24,AEMET
1124E,VILLACARRIEDO,CANTABRIA,196.0,43.2456,-3.8494,23.7,litoral,<200,peninsula,11 de enero,31 de julio,21,40,21,41,25,53,,,0,,,0,18 de junio,16 de septiembre,12.16,7.77,19.93,AEMET
1135C,"LOS TOJOS, BÁRCENA MAYOR",CANTABRIA,460.0,43.1469,-4.2142,27.0,litoral,200-500,peninsula,10 de enero,31 de julio,20,40,21,41,20,53,,,0,6 de enero,16 de enero,11,13 de junio,11 de septiembre,13.0,5.79,18.79,AEMET
1174I,"CILLORIGO DE LIÉBANA, TAMA",CANTABRIA,250.0,43.1828,-4.6017,23.0,litoral,200-500,peninsula,10 de enero,31 de julio,20,40,21,41,18,53,,,0,,,0,14 de junio,12 de septiembre,14.66,6.61,21.27,AEMET
1541B,VILLABLINO,LEON,958.0,42.9289,-6.3339,69.0,interior,800-1200,peninsula,15 de enero,31 de julio,25,40,31,16,-15,50,,,0,1 de diciembre,21 de febrero,83,11 de junio,9 de septiembre,15.26,4.21,19.47,AEMET
2084Y,UCERO,SORIA,960.0,41.7219,-3.0469,181.1,interior,800-1200,peninsula,12 de enero,31 de julio,22,40,21,41,22,40,,,0,20 de noviembre,6 de marzo,107,10 de junio,8 de septiembre,17.59,2.91,20.5,AEMET
2092,BURGO DE OSMA,SORIA,932.0,41.5894,-3.0869,195.8,interior,800-1200,peninsula,11 de enero,31 de julio,21,40,24,41,20,40,22 de julio,14 de agosto,24,1 de diciembre,22 de febrero,84,10 de junio,8 de septiembre,19.01,3.52,22.53,AEMET
2106B,CORUÑA DEL CONDE,BURGOS,955.0,41.7458,-3.3819,179.2,interior,800-1200,peninsula,11 de enero,31 de julio,21,40,21,41,20,40,9 de julio,21 de agosto,44,30 de noviembre,11 de febrero,74,11 de junio,9 de septiembre,19.74,3.51,23.25,AEMET
2117D,ARANDA DE DUERO,BURGOS,790.0,41.6658,-3.7428,193.1,interior,500-800,peninsula,8 de enero,31 de julio,18,40,25,40,18,40,5 de julio,17 de agosto,44,2 de diciembre,16 de febrero,77,8 de junio,6 de septiembre,19.8,3.22,23.02,AEMET
2140A,ALDEANUEVA DE SERREZUELA,SEGOVIA,1135.0,41.4644,-3.7858,215.7,interior,800-1200,peninsula,17 de enero,31 de julio,27,40,30,41,27,40,15 de julio,20 de agosto,37,2 de diciembre,5 de febrero,66,11 de junio,9 de septiembre,19.1,4.05,23.15,AEMET
2166Y,PEÑAFIEL,VALLADOLID,756.0,41.5931,-4.1247,199.9,interior,500-800,peninsula,8 de enero,31 de julio,18,40,21,38,18,40,14 de julio,16 de agosto,34,10 de diciembre,3 de febrero,56,10 de junio,8 de septiembre,18.88,3.87,22.75,AEMET
2182C,PEDRAZA,SEGOVIA,1107.0,41.1339,-3.7903,251.7,interior,800-1200,peninsula,12 de enero,31 de julio,22,40,18,41,27,40,10 de julio,20 de agosto,42,3 de diciembre,5 de febrero,65,11 de junio,9 de septiembre,19.18,4.1,23.27,AEMET
2243A,AGUILAR DE CAMPOO,PALENCIA,910.0,42.7981,-4.2772,65.8,interior,800-1200,peninsula,11 de enero,31 de julio,21,40,26,41,20,40,,,0,24 de noviembre,4 de marzo,101,11 de junio,9 de septiembre,16.46,3.28,19.73,AEMET
2276B,VILLAELES DE VALDAVIA,PALENCIA,908.0,42.5689,-4.575,91.3,interior,800-1200,peninsula,11 de enero,31 de julio,21,40,25,38,17,40,,,0,19 de noviembre,5 de marzo,107,11 de junio,9 de septiembre,18.13,3.07,21.21,AEMET
2285B,VILLADIEGO,BURGOS,869.0,42.5239,-4.0011,97.5,interior,800-1200,peninsula,10 de enero,31 de julio,20,40,21,41,17,40,25 de julio,4 de agosto,11,3 de diciembre,3 de febrero,63,12 de junio,10 de septiembre,18.7,3.71,22.4,AEMET
2290Y,PEDROSA DEL PRÍNCIPE,BURGOS,771.0,42.2511,-4.1989,126.6,interior,500-800,peninsula,10 de enero,31 de julio,20,40,25,41,18,40,24 de julio,13 de agosto,21,3 de diciembre,10 de febrero,70,11 de junio,9 de septiembre,18.74,3.64,22.38,AEMET
2298,PALACIOS DE LA SIERRA,BURGOS,1080.0,41.9597,-3.1317,154.6,interior,800-1200,peninsula,15 de enero,31 de julio,25,40,25,41,27,40,,,0,21 de noviembre,12 de marzo,112,11 de junio,9 de septiembre,17.92,3.03,20.95,AEMET
2311Y,VILLAMAYOR DE LOS MONTES,BURGOS,884.0,42.1053,-3.7678,146.8,interior,800-1200,peninsula,11 de enero,31 de julio,21,40,21,41,18,40,24 de julio,13 de agosto,21,3 de diciembre,8 de febrero,68,11 de junio,9 de septiembre,18.69,3.68,22.36,AEMET
2331,BURGOS AEROPUERTO,BURGOS,891.0,42.3569,-3.6203,116.4,interior,800-1200,peninsula,11 de enero,31 de julio,21,40,21,41,25,40,,,0,29 de noviembre,22 de febrero,86,11 de junio,9 de septiembre,17.82,3.57,21.39,AEMET
2374X,CARRIÓN DE LOS CONDES,PALENCIA,830.0,42.3508,-4.6172,115.6,interior,800-1200,peninsula,11 de enero,31 de julio,21,40,25,40,20,40,,,0,1 de diciembre,16 de febrero,78,10 de junio,8 de septiembre,18.23,3.68,21.91,AEMET
2400E,AUTILLA DEL PINO,PALENCIA,874.0,41.9956,-4.6028,155.1,interior,800-1200,peninsula,8 de enero,31 de julio,18,40,21,41,18,40,31 de julio,1 de agosto,2,28 de noviembre,22 de febrero,87,11 de junio,9 de septiembre,19.03,3.01,22.04,AEMET
2401X,PALENCIA,PALENCIA,736.0,42.0094,-4.5606,153.5,interior,500-800,peninsula,8 de enero,31 de julio,18,40,25,41,18,40,7 de julio,19 de agosto,44,9 de diciembre,3 de febrero,57,10 de junio,8 de septiembre,19.19,3.93,23.12,AEMET
2422,VALLADOLID,VALLADOLID,734.0,41.6406,-4.7542,194.8,interior,500-800,peninsula,8 de enero,31 de julio,18,40,21,41,18,40,24 de junio,29 de agosto,67,21 de diciembre,29 de enero,40,10 de junio,8 de septiembre,20.11,4.5,24.61,AEMET
2444,ÁVILA,AVILA,1130.0,40.6592,-4.6797,303.7,interior,800-1200,peninsula,13 de enero,31 de julio,23,40,20,39,27,34,7 de julio,20 de agosto,45,5 de diciembre,7 de febrero,65,10 de junio,8 de septiembre,19.24,4.09,23.33,AEMET
2453E,GOTARRENDURA,AVILA,920.0,40.8289,-4.7419,285.0,interior,800-1200,peninsula,8 de enero,31 de julio,18,40,18,41,18,35,7 de julio,21 de agosto,46,10 de diciembre,4 de febrero,57,10 de junio,8 de septiembre,19.4,3.86,23.26,AEMET
2456B,AREVALO,AVILA,820.0,41.0714,-4.73,258.0,interior,800-1200,peninsula,8 de enero,31 de julio,18,40,21,40,17,35,1 de julio,23 de agosto,54,9 de diciembre,4 de febrero,58,10 de junio,8 de septiembre,19.97,3.65,23.62,AEMET
2462,PUERTO DE NAVACERRADA,MADRID,1892.0,40.7933,-4.0108,289.1,interior,>1200,peninsula,19 de enero,31 de julio,29,40,29,51,28,40,,,0,30 de octubre,19 de abril,172,11 de junio,9 de septiembre,18.97,0.66,19.63,AEMET
2465,SEGOVIA,SEGOVIA,1008.0,40.9453,-4.1264,271.9,interior,800-1200,peninsula,12 de enero,31 de julio,22,40,20,40,27,34,30 de junio,25 de agosto,57,25 de diciembre,1 de febrero,39,11 de junio,9 de septiembre,19.49,4.69,24.18,AEMET
2471Y,SAN RAFAEL,SEGOVIA,1237.0,40.7186,-4.2119,297.0,interior,>1200,peninsula,17 de enero,31 de julio,27,40,25,39,27,34,,,0,20 de noviembre,13 de marzo,114,10 de junio,8 de septiembre,18.84,3.08,21.92,AEMET
2482B,MIGUELAÑEZ,SEGOVIA,870.0,41.1264,-4.3758,251.7,interior,800-1200,peninsula,8 de enero,31 de julio,18,40,20,41,18,33,30 de junio,24 de agosto,56,13 de diciembre,1 de febrero,51,10 de junio,8 de septiembre,19.74,4.17,23.9,AEMET
2503B,"OLMEDO, DEPÓSITO DE AGUA",VALLADOLID,786.0,41.28,-4.6919,234.7,interior,500-800,peninsula,8 de enero,31 de julio,18,40,18,38,17,35,29 de junio,25 de agosto,58,9 de diciembre,2 de febrero,56,10 de junio,8 de septiembre,20.21,3.79,24.0,AEMET
2507Y,RUEDA,VALLADOLID,724.0,41.4194,-4.9636,220.9,interior,500-800,peninsula,8 de enero,31 de julio,18,40,25,38,17,40,27 de junio,25 de agosto,60,12 de diciembre,31 de enero,51,10 de junio,8 de septiembre,19.9,4.14,24.04,AEMET
2512Y,RIVILLA DE BARAJAS,AVILA,925.0,40.8822,-5.0186,280.8,interior,800-1200,peninsula,9 de enero,31 de julio,19,40,19,41,18,40,7 de julio,22 de agosto,47,12 de diciembre,3 de febrero,54,11 de junio,9 de septiembre,19.25,4.1,23.35,AEMET
2517A,FUENTE EL SOL,VALLADOLID,755.0,41.1728,-4.9397,247.9,interior,500-800,peninsula,8 de enero,31 de julio,18,40,24,41,17,40,2 de julio,24 de agosto,54,15 de diciembre,31 de enero,48,11 de junio,9 de septiembre,19.64,4.09,23.73,AEMET
2536D,MORALES DEL TORO,ZAMORA,710.0,41.5483,-5.2714,211.0,interior,500-800,peninsula,8 de enero,31 de julio,18,40,25,36,18,40,28 de junio,26 de agosto,60,21 de diciembre,29 de enero,40,11 de junio,9 de septiembre,19.44,4.57,24.01,AEMET
2539,VALLADOLID AEROPUERTO,VALLADOLID,846.0,41.7119,-4.8556,187.6,interior,800-1200,peninsula,8 de enero,31 de julio,18,40,21,38,18,40,20 de julio,14 de agosto,26,2 de diciembre,8 de febrero,69,11 de junio,9 de septiembre,18.87,3.57,22.44,AEMET
2555B,FUENTESAUCO,ZAMORA,811.0,41.2367,-5.4814,244.6,interior,800-1200,peninsula,8 de enero,31 de julio,18,40,24,41,17,40,6 de julio,22 de agosto,48,11 de diciembre,2 de febrero,54,11 de junio,9 de septiembre,19.44,3.94,23.38,AEMET
2568D,"SANTERVÁS DE LA VEGA, VILLAPÚN",PALENCIA,985.0,42.5236,-4.8511,98.1,interior,800-1200,peninsula,11 de enero,31 de julio,21,40,25,41,19,40,,,0,21 de noviembre,5 de marzo,105,11 de junio,9 de septiembre,17.52,3.22,20.74,AEMET
2593D,VILLALÓN DE CAMPOS,VALLADOLID,782.0,42.0942,-5.0411,147.7,interior,500-800,peninsula,10 de enero,31 de julio,20,40,26,40,18,40,5 de julio,22 de agosto,49,4 de diciembre,6 de febrero,65,11 de junio,9 de septiembre,19.72,3.7,23.42,AEMET
2604B,MEDINA DE RIOSECO,VALLADOLID,731.0,41.8758,-5.0403,171.6,interior,500-800,peninsula,10 de enero,31 de julio,20,40,25,36,18,40,12 de julio,19 de agosto,39,3 de diciembre,9 de febrero,69,11 de junio,9 de septiembre,19.41,3.61,23.03,AEMET
2614,ZAMORA,ZAMORA,656.0,41.5156,-5.7353,213.6,interior,500-800,peninsula,8 de enero,31 de julio,18,40,25,41,17,40,21 de junio,3 de septiembre,75,25 de diciembre,27 de enero,34,10 de junio,8 de septiembre,20.15,4.96,25.1,AEMET
2626Y,CUBILLAS DE RUEDA,LEON,916.0,42.62,-5.1933,93.2,interior,800-1200,peninsula,11 de enero,31 de julio,21,40,25,35,19,40,,,0,20 de noviembre,9 de marzo,110,11 de junio,9 de septiembre,17.37,2.83,20.2,AEMET
2661,"LEÓN, VIRGEN DEL CAMINO",LEON,916.0,42.5883,-5.6511,104.1,interior,800-1200,peninsula,10 de enero,31 de julio,20,40,21,37,19,40,,,0,2 de diciembre,20 de febrero,81,11 de junio,9 de septiembre,17.62,3.89,21.51,AEMET
2728B,"QUINTANA DEL CASTILLO, VILLAMECA",LEON,995.0,42.6483,-6.0708,100.3,interior,800-1200,peninsula,11 de enero,31 de julio,21,40,25,35,17,40,,,0,28 de noviembre,24 de febrero,89,11 de junio,9 de septiembre,16.87,3.87,20.74,AEMET
2734D,ASTORGA,LEON,919.0,42.4767,-6.0744,119.4,interior,800-1200,peninsula,9 de enero,31 de julio,19,40,18,37,19,40,,,0,11 de diciembre,3 de febrero,55,11 de junio,9 de septiembre,17.37,4.39,21.76,AEMET
2755X,BENAVENTE,ZAMORA,715.0,42.0108,-5.6667,166.3,interior,500-800,peninsula,8 de enero,31 de julio,18,40,25,35,17,40,30 de junio,24 de agosto,56,21 de diciembre,30 de enero,41,10 de junio,8 de septiembre,19.22,4.56,23.78,AEMET
2863C,PEDRAZA DE ALBA  ,SALAMANCA,897.0,40.7322,-5.3661,280.3,interior,800-1200,peninsula,11 de enero,31 de julio,21,40,21,42,19,40,25 de julio,3 de agosto,10,4 de diciembre,18 de febrero,77,11 de junio,9 de septiembre,18.47,3.63,22.1,AEMET
3013,MOLINA DE ARAGÓN,GUADALAJARA,1062.0,40.8417,-1.8789,185.8,interior,800-1200,peninsula,11 de enero,31 de julio,21,40,21,41,27,37,,,0,20 de noviembre,25 de febrero,98,10 de junio,8 de septiembre,19.37,2.6,21.97,AEMET
3044X,CAÑIZARES,CUENCA,928.0,40.5303,-2.15,188.9,interior,800-1200,peninsula,13 de enero,31 de julio,23,40,23,36,29,40,1 de julio,24 de agosto,55,23 de diciembre,29 de enero,38,11 de junio,9 de septiembre,19.05,4.56,23.61,AEMET
3104Y,RASCAFRÍA,MADRID,1159.0,40.8897,-3.8883,279.1,interior,800-1200,peninsula,15 de enero,31 de julio,25,40,18,36,25,40,,,0,28 de noviembre,26 de febrero,91,11 de junio,9 de septiembre,16.77,3.87,20.64,AEMET
3125Y,SAN SEBASTIÁN DE LOS REYES,MADRID,672.0,40.55,-3.6167,302.7,interior,500-800,peninsula,7 de enero,31 de julio,17,40,18,39,17,40,6 de junio,10 de septiembre,97,,,0,10 de junio,8 de septiembre,21.6,6.44,28.04,AEMET
3170Y,ALCALA DE HENARES,MADRID,605.0,40.5283,-3.2897,276.1,interior,500-800,peninsula,8 de enero,31 de julio,18,40,18,38,17,40,12 de junio,9 de septiembre,90,30 de diciembre,22 de enero,24,11 de junio,9 de septiembre,21.68,5.4,27.08,AEMET
3209Y,BRIHUEGA,GUADALAJARA,835.0,40.7653,-2.8742,255.2,interior,800-1200,peninsula,15 de enero,31 de julio,25,40,21,41,25,34,30 de junio,24 de agosto,56,16 de diciembre,4 de febrero,51,11 de junio,9 de septiembre,19.62,4.49,24.11,AEMET
3330Y,ROZAS DE PUERTO REAL,MADRID,890.0,40.3131,-4.4872,316.8,interior,800-1200,peninsula,15 de enero,31 de julio,25,40,18,51,25,40,26 de junio,1 de septiembre,68,31 de diciembre,22 de enero,23,12 de junio,10 de septiembre,19.52,5.63,25.14,AEMET
3362Y,CASTILLO DE BAYUELA,TOLEDO,560.0,40.1083,-4.6806,289.0,interior,500-800,peninsula,7 de enero,31 de julio,17,40,18,51,17,40,3 de junio,20 de septiembre,110,,,0,11 de junio,9 de septiembre,21.57,7.09,28.66,AEMET
3391,SOTILLO DE LA ADRADA,AVILA,630.0,40.2886,-4.5908,308.8,interior,500-800,peninsula,7 de enero,31 de julio,17,40,18,40,10,40,4 de junio,16 de septiembre,105,,,0,11 de junio,9 de septiembre,20.81,7.29,28.11,AEMET
4007Y,OSSA DE MONTIEL,ALBACETE,905.0,38.9658,-2.745,198.4,interior,800-1200,peninsula,14 de enero,31 de julio,24,40,18,41,28,34,13 de junio,8 de septiembre,88,4 de enero,25 de enero,22,11 de junio,9 de septiembre,21.1,5.57,26.67,AEMET
4138Y,VILLANUEVA DE LOS INFANTES,CIUDAD REAL,900.0,38.7375,-3.0044,192.3,interior,800-1200,peninsula,18 de enero,31 de julio,28,40,30,40,27,37,10 de junio,11 de septiembre,94,,,0,11 de junio,9 de septiembre,21.51,6.17,27.69,AEMET
5038Y,CAZORLA,JAEN,799.0,37.9158,-3.0039,127.5,interior,500-800,peninsula,18 de enero,31 de julio,28,40,29,41,23,34,29 de mayo,27 de septiembre,122,,,0,11 de junio,9 de septiembre,21.35,8.61,29.96,AEMET
5047E,BAZA,GRANADA,785.0,37.5058,-2.735,77.1,interior,500-800,peninsula,8 de enero,31 de julio,18,40,15,40,23,34,10 de junio,11 de septiembre,94,,,0,11 de junio,9 de septiembre,20.81,6.25,27.06,AEMET
5164B,BAEZA,JAEN,771.0,37.9967,-3.4619,138.6,interior,500-800,peninsula,13 de enero,31 de julio,23,40,19,41,28,40,30 de mayo,28 de septiembre,122,,,0,12 de junio,10 de septiembre,21.18,8.41,29.59,AEMET
5165X,TORRES,JAEN,910.0,37.7808,-3.5636,114.7,interior,800-1200,peninsula,18 de enero,31 de julio,28,40,28,41,28,34,8 de junio,13 de septiembre,98,,,0,12 de junio,10 de septiembre,20.55,7.46,28.01,AEMET
5181D,ARROYO DEL OJANCO,JAEN,580.0,38.3147,-2.8897,150.6,interior,500-800,peninsula,13 de enero,31 de julio,23,40,18,41,23,38,30 de mayo,27 de septiembre,121,,,0,13 de junio,11 de septiembre,21.27,8.34,29.61,AEMET
5270B,JAÉN,JAEN,580.0,37.7775,-3.8092,114.3,interior,500-800,peninsula,13 de enero,31 de julio,23,40,23,40,23,34,28 de mayo,1 de octubre,127,,,0,12 de junio,10 de septiembre,20.52,9.08,29.6,AEMET
5279X,LINARES,JAEN,515.0,38.1511,-3.6294,155.8,interior,500-800,peninsula,13 de enero,31 de julio,23,40,23,40,23,34,26 de mayo,1 de octubre,129,,,0,11 de junio,9 de septiembre,21.1,8.94,30.05,AEMET
5281X,BAILÉN,JAEN,345.0,38.0931,-3.7825,149.3,interior,200-500,peninsula,8 de enero,31 de julio,18,40,21,40,17,40,18 de mayo,5 de octubre,141,,,0,12 de junio,10 de septiembre,21.14,9.33,30.47,AEMET
5341C,FUENCALIENTE,CIUDAD REAL,710.0,38.4289,-4.3017,187.7,interior,500-800,peninsula,13 de enero,31 de julio,23,40,24,52,29,40,13 de junio,11 de septiembre,91,,,0,13 de junio,11 de septiembre,19.22,7.63,26.85,AEMET
5346X,CARDEÑA,CORDOBA,720.0,38.1867,-4.2725,160.7,interior,500-800,peninsula,17 de enero,31 de julio,27,40,25,51,27,40,7 de junio,20 de septiembre,106,,,0,13 de junio,11 de septiembre,19.44,8.42,27.85,AEMET
5394X,"CÓRDOBA, EMBALSE DE GUADANUÑO",CORDOBA,525.0,38.0208,-4.7967,148.0,interior,500-800,peninsula,13 de enero,31 de julio,23,40,20,47,23,40,3 de junio,23 de septiembre,113,,,0,13 de junio,11 de septiembre,19.58,8.43,28.01,AEMET
5402,CÓRDOBA AEROPUERTO,CORDOBA,90.0,37.8489,-4.8467,130.8,interior,<200,peninsula,9 de enero,31 de julio,19,40,19,52,18,40,21 de mayo,6 de octubre,139,,,0,13 de junio,11 de septiembre,20.29,9.34,29.63,AEMET
5406X,ALCALÁ LA REAL,JAEN,908.0,37.4975,-3.9081,83.1,interior,800-1200,peninsula,13 de enero,31 de julio,23,40,19,40,28,34,14 de junio,9 de septiembre,88,,,0,12 de junio,10 de septiembre,19.38,7.46,26.84,AEMET
5412X,PRIEGO DE CÓRDOBA,CORDOBA,550.0,37.4847,-4.2078,82.5,interior,500-800,peninsula,9 de enero,31 de julio,19,40,17,40,28,34,3 de junio,20 de septiembre,110,,,0,12 de junio,10 de septiembre,20.16,7.98,28.14,AEMET
5459X,ESPIEL,CORDOBA,465.0,38.1111,-4.9286,160.8,interior,200-500,peninsula,12 de enero,31 de julio,22,40,21,39,22,40,6 de junio,17 de septiembre,104,,,0,12 de junio,10 de septiembre,19.51,7.87,27.38,AEMET
5470,FUENTE PALMERA,CORDOBA,120.0,37.7531,-5.1006,130.0,interior,<200,peninsula,9 de enero,31 de julio,19,40,19,52,16,40,19 de mayo,8 de octubre,143,,,0,13 de junio,11 de septiembre,19.75,10.03,29.78,AEMET
5514,GRANADA BASE AÉREA,GRANADA,687.0,37.1372,-3.6314,43.1,interior,500-800,peninsula,10 de enero,31 de julio,20,40,18,41,22,34,6 de junio,17 de septiembre,104,,,0,12 de junio,10 de septiembre,20.59,7.31,27.9,AEMET
5515D,VÍZNAR,GRANADA,1258.0,37.2369,-3.5506,54.3,interior,>1200,peninsula,19 de enero,31 de julio,29,40,29,41,29,40,22 de junio,3 de septiembre,74,18 de enero,20 de enero,3,13 de junio,11 de septiembre,20.27,5.94,26.21,AEMET
5515X,GRANADA-CARTUJA,GRANADA,775.0,37.1897,-3.5956,48.9,interior,500-800,peninsula,12 de enero,31 de julio,22,40,20,41,22,40,2 de junio,29 de septiembre,120,,,0,14 de junio,12 de septiembre,20.45,8.88,29.33,AEMET
5530E,GRANADA AEROPUERTO,GRANADA,560.0,37.1903,-3.7897,49.0,interior,500-800,peninsula,8 de enero,31 de julio,18,40,16,39,22,34,2 de junio,19 de septiembre,110,,,0,11 de junio,9 de septiembre,21.14,7.08,28.22,AEMET
5641X,ÉCIJA,SEVILLA,130.0,37.5161,-5.085,106.9,interior,<200,peninsula,10 de enero,31 de julio,20,40,19,53,20,40,22 de mayo,9 de octubre,141,,,0,14 de junio,12 de septiembre,19.34,10.22,29.56,AEMET
6032X,RONDA INSTITUTO,MALAGA,760.0,36.75,-5.1686,33.2,interior,500-800,peninsula,26 de enero,31 de julio,36,40,31,47,36,43,10 de junio,18 de septiembre,101,,,0,14 de junio,12 de septiembre,18.48,9.02,27.5,AEMET
6375X,FUENTE DE PIEDRA,MALAGA,420.0,37.1322,-4.7419,54.5,interior,200-500,peninsula,11 de enero,31 de julio,21,40,16,40,27,43,5 de junio,22 de septiembre,110,,,0,14 de junio,12 de septiembre,19.07,8.53,27.61,AEMET
8057C,PEGO,ALICANTE,60.0,38.8467,-0.1183,7.0,litoral,<200,peninsula,9 de enero,31 de julio,19,40,19,44,19,34,24 de mayo,9 de octubre,139,,,0,14 de junio,12 de septiembre,16.12,12.84,28.96,AEMET
8096,CUENCA,CUENCA,949.0,40.0672,-2.1319,165.9,interior,800-1200,peninsula,13 de enero,31 de julio,23,40,18,40,25,34,16 de junio,6 de septiembre,83,4 de enero,21 de enero,18,11 de junio,9 de septiembre,20.75,5.66,26.41,AEMET
8155Y,MOTILLA DEL PALANCAR,CUENCA,830.0,39.5553,-1.9153,136.8,interior,800-1200,peninsula,9 de enero,31 de julio,19,40,18,51,26,34,19 de junio,5 de septiembre,79,28 de diciembre,29 de enero,33,12 de junio,10 de septiembre,20.81,5.15,25.95,AEMET
8245Y,MIRA,CUENCA,815.0,39.7144,-1.4425,98.3,interior,800-1200,peninsula,12 de enero,31 de julio,22,40,17,52,27,40,3 de julio,24 de agosto,53,23 de diciembre,5 de febrero,45,12 de junio,10 de septiembre,19.09,4.54,23.62,AEMET
8354X,ALBARRACÍN,TERUEL,1130.0,40.4197,-1.4414,130.4,interior,800-1200,peninsula,12 de enero,31 de julio,22,40,19,41,28,40,7 de julio,18 de agosto,43,2 de diciembre,22 de febrero,83,11 de junio,9 de septiembre,19.64,3.71,23.35,AEMET
8500A,CASTELLÓ - ALMASSORA,CASTELLON,43.0,39.9572,-0.0719,6.4,litoral,<200,peninsula,11 de enero,31 de julio,21,40,22,43,21,42,2 de junio,1 de octubre,122,,,0,15 de junio,13 de septiembre,15.98,11.48,27.46,AEMET
9027X,SARGENTES DE LA LORA,BURGOS,1017.0,42.7469,-3.8844,75.7,interior,800-1200,peninsula,16 de enero,31 de julio,26,40,23,40,27,39,,,0,18 de noviembre,27 de febrero,102,13 de junio,11 de septiembre,16.71,2.77,19.48,AEMET
9115X,VALDEZCARAY,LA RIOJA,1630.0,42.255,-2.9681,122.4,interior,>1200,peninsula,21 de enero,31 de julio,31,40,31,40,28,40,,,0,6 de noviembre,18 de abril,164,11 de junio,9 de septiembre,15.93,1.26,17.18,AEMET
9121X,HARO,LA RIOJA,465.0,42.5753,-2.8547,88.5,interior,200-500,peninsula,11 de enero,31 de julio,21,40,21,41,20,39,3 de julio,24 de agosto,53,6 de enero,17 de enero,12,11 de junio,9 de septiembre,17.68,5.79,23.47,AEMET
9198X,CANFRANC,HUESCA,1197.0,42.7494,-0.5161,114.1,interior,800-1200,peninsula,16 de enero,31 de julio,26,40,36,39,25,40,,,0,14 de noviembre,15 de marzo,122,9 de junio,7 de septiembre,17.69,2.63,20.32,AEMET
9201K,JACA,HUESCA,823.0,42.5789,-0.5469,123.4,interior,800-1200,peninsula,18 de enero,31 de julio,28,40,28,41,22,40,10 de julio,16 de agosto,38,22 de noviembre,21 de febrero,92,11 de junio,9 de septiembre,19.9,3.22,23.12,AEMET
9374X,SANTA EULALIA DEL CAMPO,TERUEL,1000.0,40.5667,-1.3208,129.9,interior,800-1200,peninsula,11 de enero,31 de julio,21,40,21,41,27,34,2 de julio,22 de agosto,52,2 de diciembre,18 de febrero,79,11 de junio,9 de septiembre,20.39,3.45,23.85,AEMET
9377Y,EL PEDREGAL,GUADALAJARA,1185.0,40.7786,-1.5683,159.6,interior,800-1200,peninsula,17 de enero,31 de julio,27,40,25,41,27,34,9 de julio,17 de agosto,40,1 de diciembre,21 de febrero,83,10 de junio,8 de septiembre,18.97,4.0,22.97,AEMET
9381I,CALAMOCHA,TERUEL,884.0,40.9261,-1.2933,150.3,interior,800-1200,peninsula,9 de enero,31 de julio,19,40,21,41,19,40,28 de junio,24 de agosto,58,9 de diciembre,5 de febrero,59,10 de junio,8 de septiembre,20.27,3.69,23.96,AEMET
9451F,"PANTICOSA, PETROSOS",HUESCA,1850.0,42.7044,-0.2753,133.4,interior,>1200,peninsula,17 de enero,31 de julio,27,40,27,40,27,40,,,0,6 de noviembre,28 de abril,174,10 de junio,8 de septiembre,16.24,1.68,17.92,AEMET
9590D,CAP DE REC,LLEIDA,1940.0,42.4303,1.6675,8.0,litoral,>1200,peninsula,15 de enero,31 de julio,25,40,25,41,19,40,,,0,27 de octubre,6 de mayo,192,10 de junio,8 de septiembre,16.2,0.09,16.29,AEMET
9632X,TUIXENT,LLEIDA,1196.0,42.2303,1.5694,31.6,interior,800-1200,peninsula,16 de enero,31 de julio,26,40,26,40,25,40,,,0,21 de noviembre,26 de febrero,98,10 de junio,8 de septiembre,16.98,3.75,20.72,AEMET
9657X,ESTERRI D'ÀNEU,LLEIDA,952.0,42.625,1.1261,48.2,interior,800-1200,peninsula,11 de enero,31 de julio,21,40,21,35,20,17,,,0,22 de noviembre,20 de febrero,91,9 de junio,7 de septiembre,17.62,3.32,20.93,AEMET
9660,SANT MAURICI (LLAC),LLEIDA,1907.0,42.5808,1.0075,56.6,interior,>1200,peninsula,18 de enero,31 de julio,28,40,35,40,27,40,,,0,30 de octubre,22 de abril,175,10 de junio,8 de septiembre,17.3,0.24,17.54,AEMET
9677,PORT AINÉ,LLEIDA,2410.0,42.41,1.2147,40.3,interior,>1200,peninsula,17 de enero,31 de julio,27,40,27,40,27,40,,,0,1 de octubre,26 de mayo,238,9 de junio,7 de septiembre,17.28,-3.65,13.63,AEMET
9689X,TORRE DE CABDELLA,LLEIDA,1273.0,42.4664,0.9908,57.5,interior,>1200,peninsula,17 de enero,31 de julio,27,40,26,40,27,41,,,0,23 de noviembre,27 de febrero,97,10 de junio,8 de septiembre,16.5,3.96,20.46,AEMET
9707,LLIMIANA,LLEIDA,515.0,42.0669,0.9072,80.4,interior,500-800,peninsula,7 de enero,31 de julio,17,40,22,40,17,40,11 de junio,8 de septiembre,90,3 de diciembre,30 de enero,59,10 de junio,8 de septiembre,22.76,3.73,26.49,AEMET
9729X,MOLLERUSSA,LLEIDA,252.0,41.6169,0.8667,62.5,interior,200-500,peninsula,8 de enero,31 de julio,18,40,23,41,11,40,5 de junio,12 de septiembre,100,24 de diciembre,23 de enero,31,10 de junio,8 de septiembre,21.77,4.95,26.71,AEMET
9814I,"TORLA-ORDESA, EL CEBOLLAR",HUESCA,1905.0,42.6561,-0.1244,146.8,interior,>1200,peninsula,17 de enero,31 de julio,27,40,27,40,27,40,,,0,31 de octubre,1 de mayo,183,10 de junio,8 de septiembre,16.21,1.22,17.44,AEMET
9839V,"CERLER, COGULLA",HUESCA,2374.0,42.555,0.5431,94.2,interior,>1200,peninsula,17 de enero,31 de julio,27,40,27,40,27,40,,,0,11 de octubre,21 de mayo,223,10 de junio,8 de septiembre,15.64,-1.29,14.36,AEMET
9855E,"CAPELLA, LAGUARRES",HUESCA,600.0,42.2014,0.4661,105.9,interior,500-800,peninsula,11 de enero,31 de julio,21,40,24,40,20,40,23 de junio,28 de agosto,67,1 de diciembre,5 de febrero,67,10 de junio,8 de septiembre,21.08,3.61,24.69,AEMET
9866C,BARBASTRO,HUESCA,305.0,42.0214,0.1406,129.6,interior,200-500,peninsula,8 de enero,31 de julio,18,40,29,41,18,40,8 de junio,7 de septiembre,92,22 de diciembre,28 de enero,38,9 de junio,7 de septiembre,21.38,4.61,25.99,AEMET
9894Y,SARIÑENA,HUESCA,300.0,41.7992,-0.1608,126.6,interior,200-500,peninsula,9 de enero,31 de julio,19,40,25,41,17,38,6 de junio,8 de septiembre,95,26 de diciembre,22 de enero,28,9 de junio,7 de septiembre,21.27,5.0,26.27,AEMET
9988B,CAP DE VAQUÈIRA,LLEIDA,2467.0,42.6919,0.9739,62.4,interior,>1200,peninsula,18 de enero,31 de julio,28,40,28,40,28,40,,,0,22 de septiembre,27 de mayo,248,8 de junio,6 de septiembre,16.49,-3.33,13.17,AEMET
0394X,LA VALL DE BIANYA,GIRONA,350.0,42.2106,2.4719,13.4,litoral,200-500,peninsula,11 de enero,30 de julio,21,39,21,35,21,41,21 de junio,31 de agosto,72,6 de enero,18 de enero,13,11 de junio,9 de septiembre,18.69,5.78,24.46,AEMET
0411X,CASTELLÓ D'EMPÚRIES,GIRONA,2.0,42.2247,3.0931,2.2,litoral,<200,peninsula,12 de enero,30 de julio,22,39,21,39,22,49,13 de junio,9 de septiembre,89,,,0,12 de junio,10 de septiembre,17.09,8.4,25.49,AEMET
0421E,ESPOLLA 'LES ALBERES',GIRONA,100.0,42.39,3.0061,7.1,litoral,<200,peninsula,16 de enero,30 de julio,26,39,21,33,26,38,10 de junio,13 de septiembre,96,,,0,12 de junio,10 de septiembre,16.88,9.27,26.15,AEMET
0421X,ESPOLLA,GIRONA,100.0,42.39,3.0061,7.1,litoral,<200,peninsula,12 de enero,30 de julio,22,39,22,39,25,41,9 de junio,12 de septiembre,96,,,0,11 de junio,9 de septiembre,17.15,9.16,26.31,AEMET
0429X,FIGUERES,GIRONA,45.0,42.2592,2.9603,13.5,litoral,<200,peninsula,11 de enero,30 de julio,21,39,21,39,22,39,4 de junio,17 de septiembre,106,,,0,11 de junio,9 de septiembre,17.7,9.35,27.04,AEMET
2624C,RIAÑO,LEON,1090.0,42.9583,-5.0075,54.3,interior,800-1200,peninsula,15 de enero,30 de julio,25,39,31,34,21,40,,,0,18 de noviembre,16 de marzo,119,11 de junio,9 de septiembre,16.87,2.56,19.43,AEMET
3040Y,BETETA,CUENCA,1214.0,40.5717,-2.0764,185.6,interior,>1200,peninsula,14 de enero,30 de julio,24,39,18,41,34,39,25 de julio,3 de agosto,10,15 de noviembre,10 de marzo,116,10 de junio,8 de septiembre,19.53,2.67,22.2,AEMET
5361X,MONTORO,CORDOBA,155.0,38.0133,-4.3303,142.2,interior,<200,peninsula,13 de enero,30 de julio,23,39,20,39,23,34,21 de mayo,1 de octubre,134,,,0,11 de junio,9 de septiembre,20.97,8.85,29.82,AEMET
5788X,"TOMARES, ZAUDÍN",SEVILLA,84.0,37.3617,-6.0597,58.7,interior,<200,peninsula,10 de enero,30 de julio,20,39,19,39,21,39,16 de mayo,11 de octubre,149,,,0,16 de junio,14 de septiembre,17.54,11.43,28.97,AEMET
9501X,VALMADRID,ZARAGOZA,535.0,41.4431,-0.8858,152.5,interior,500-800,peninsula,9 de enero,30 de julio,19,39,21,42,20,39,13 de junio,5 de septiembre,85,,,0,9 de junio,7 de septiembre,19.07,6.48,25.55,AEMET
9638D,COLL DE NARGÓ,LLEIDA,609.0,42.1544,1.3119,49.4,interior,500-800,peninsula,11 de enero,30 de julio,21,39,21,38,22,41,21 de junio,30 de agosto,71,10 de diciembre,2 de febrero,55,10 de junio,8 de septiembre,20.75,4.13,24.88,AEMET
B341X,PORRERES,BALEARES,149.0,39.5061,3.0056,16.5,litoral,<200,baleares,27 de enero,30 de julio,37,39,44,43,37,40,2 de junio,1 de octubre,122,,,0,14 de junio,12 de septiembre,16.65,11.32,27.98,AEMET
0194D,"CORBERA, PUIG D'AGULLES",BARCELONA,647.0,41.4081,1.885,16.9,litoral,500-800,peninsula,16 de enero,29 de julio,26,38,26,38,20,38,13 de junio,5 de septiembre,85,,,0,9 de junio,7 de septiembre,19.27,6.68,25.95,AEMET
0324A,RIPOLL,GIRONA,675.0,42.1914,2.1961,20.5,litoral,500-800,peninsula,11 de enero,29 de julio,21,38,21,35,21,39,28 de junio,21 de agosto,55,3 de diciembre,4 de febrero,64,9 de junio,7 de septiembre,19.41,4.09,23.5,AEMET
0385X,L'ESTARTIT,GIRONA,1.0,42.0539,3.2014,0.7,litoral,<200,peninsula,11 de enero,29 de julio,21,38,21,38,25,38,13 de junio,10 de septiembre,90,,,0,13 de junio,11 de septiembre,15.8,9.6,25.41,AEMET
1178Y,"POSADA DE VALDEÓN, SOTO ",LEON,953.0,43.1453,-4.9317,32.6,interior,800-1200,peninsula,13 de enero,29 de julio,23,38,26,37,18,52,,,0,22 de noviembre,26 de febrero,97,12 de junio,10 de septiembre,14.27,3.33,17.6,AEMET
3319D,PUERTO DEL PICO,AVILA,1285.0,40.3397,-5.0128,290.6,interior,>1200,peninsula,15 de enero,29 de julio,25,38,20,54,25,50,,,0,14 de noviembre,2 de abril,140,12 de junio,10 de septiembre,16.02,2.2,18.22,AEMET
3463Y,TRUJILLO,CACERES,523.0,39.4642,-5.8742,168.7,interior,500-800,peninsula,9 de enero,29 de julio,19,38,18,51,19,40,2 de junio,14 de septiembre,105,,,0,11 de junio,9 de septiembre,19.98,8.4,28.38,AEMET
4220X,PUEBLA DE DON RODRIGO,CIUDAD REAL,533.0,39.0836,-4.6219,225.6,interior,500-800,peninsula,7 de enero,29 de julio,17,38,21,35,17,40,4 de junio,15 de septiembre,104,,,0,11 de junio,9 de septiembre,21.02,6.86,27.88,AEMET
5429X,"CÓRDOBA, PRÁGDENA",CORDOBA,275.0,37.8103,-4.4622,120.3,interior,200-500,peninsula,9 de enero,29 de julio,19,38,19,39,23,34,24 de mayo,5 de octubre,135,,,0,13 de junio,11 de septiembre,20.47,9.28,29.74,AEMET
9195C,"ASTÚN, LA RACA",HUESCA,2276.0,42.7931,-0.5053,112.3,interior,>1200,peninsula,22 de febrero,29 de julio,63,38,63,38,27,38,,,0,18 de octubre,23 de mayo,218,9 de junio,7 de septiembre,17.12,-2.13,14.99,AEMET
9445L,"FORMIGAL, SARRIOS",HUESCA,1800.0,42.7625,-0.3928,121.9,interior,>1200,peninsula,14 de enero,29 de julio,24,38,63,39,23,38,,,0,5 de noviembre,3 de mayo,180,9 de junio,7 de septiembre,16.39,1.26,17.65,AEMET
9726E,LLORAC,TARRAGONA,657.0,41.5572,1.3094,44.9,interior,500-800,peninsula,11 de enero,29 de julio,21,38,25,33,21,39,16 de julio,14 de agosto,30,28 de noviembre,22 de febrero,87,12 de junio,10 de septiembre,19.32,3.19,22.51,AEMET
9744B,VALL DE BOÍ,LLEIDA,1089.0,42.5033,0.7989,73.1,interior,800-1200,peninsula,15 de enero,29 de julio,25,38,25,35,22,40,,,0,18 de noviembre,27 de febrero,102,10 de junio,8 de septiembre,17.2,3.18,20.39,AEMET
9784P,BIELSA,HUESCA,992.0,42.63,0.2247,120.9,interior,800-1200,peninsula,11 de enero,29 de julio,21,38,25,38,20,40,,,0,24 de noviembre,11 de febrero,80,9 de junio,7 de septiembre,17.75,3.86,21.61,AEMET
2192C,CUÉLLAR,SEGOVIA,795.0,41.3836,-4.2656,223.1,interior,500-800,peninsula,7 de enero,28 de julio,17,37,21,36,17,40,,,0,30 de noviembre,18 de febrero,81,10 de junio,8 de septiembre,18.5,3.33,21.83,AEMET
2430Y,MUÑOTELLO,AVILA,1178.0,40.5433,-5.0442,307.7,interior,800-1200,peninsula,17 de enero,28 de julio,27,37,25,51,27,40,16 de julio,18 de agosto,34,25 de diciembre,7 de febrero,45,12 de junio,10 de septiembre,18.6,4.22,22.81,AEMET
2775X,VILLARDECIERVOS,ZAMORA,850.0,41.9414,-6.2797,158.8,interior,800-1200,peninsula,10 de enero,28 de julio,20,37,25,35,9,40,,,0,5 de diciembre,8 de febrero,66,11 de junio,9 de septiembre,17.04,4.25,21.29,AEMET
2789H,POZUELO DE TABARA,ZAMORA,711.0,41.7856,-5.9089,191.9,interior,500-800,peninsula,8 de enero,28 de julio,18,37,20,35,17,40,7 de julio,21 de agosto,46,11 de diciembre,3 de febrero,55,12 de junio,10 de septiembre,19.51,3.78,23.29,AEMET
2870,SALAMANCA,SALAMANCA,775.0,40.9575,-5.6622,245.8,interior,500-800,peninsula,9 de enero,28 de julio,19,37,20,38,17,37,24 de junio,31 de agosto,69,3 de enero,19 de enero,17,10 de junio,8 de septiembre,18.96,5.7,24.66,AEMET
2873X,BARBADILLO,SALAMANCA,817.0,40.9036,-5.7797,240.8,interior,800-1200,peninsula,8 de enero,28 de julio,18,37,23,35,17,37,16 de julio,17 de agosto,33,9 de diciembre,5 de febrero,59,11 de junio,9 de septiembre,18.6,4.04,22.64,AEMET
2885K,FRESNO DE SAYAGO,ZAMORA,804.0,41.3044,-6.0222,200.5,interior,800-1200,peninsula,7 de enero,28 de julio,17,37,24,36,17,50,20 de julio,17 de agosto,29,4 de diciembre,5 de febrero,64,12 de junio,10 de septiembre,18.51,3.89,22.39,AEMET
3100B,ARANJUEZ,MADRID,540.0,40.0672,-3.5461,282.0,interior,500-800,peninsula,8 de enero,28 de julio,18,37,18,51,17,35,6 de junio,11 de septiembre,98,2 de enero,16 de enero,15,10 de junio,8 de septiembre,21.62,5.69,27.31,AEMET
3103,PANTANO EL VADO,GUADALAJARA,910.0,41.0036,-3.3019,261.1,interior,800-1200,peninsula,15 de enero,28 de julio,25,37,21,37,25,34,28 de junio,26 de agosto,60,24 de diciembre,2 de febrero,41,10 de junio,8 de septiembre,19.43,5.0,24.43,AEMET
3175,TORREJÓN DE ARDOZ,MADRID,607.0,40.4886,-3.4436,286.6,interior,500-800,peninsula,8 de enero,28 de julio,18,37,18,38,17,34,11 de junio,8 de septiembre,90,30 de diciembre,23 de enero,25,11 de junio,9 de septiembre,21.51,5.33,26.84,AEMET
3182Y,ARGANDA DEL REY,MADRID,533.0,40.3117,-3.4978,284.6,interior,500-800,peninsula,7 de enero,28 de julio,17,37,18,39,17,34,3 de junio,12 de septiembre,102,3 de enero,16 de enero,14,10 de junio,8 de septiembre,22.21,5.64,27.85,AEMET
3365A,TALAVERA DE LA REINA,TOLEDO,372.0,39.9586,-4.8636,266.2,interior,200-500,peninsula,7 de enero,28 de julio,17,37,17,36,15,34,30 de mayo,19 de septiembre,113,,,0,9 de junio,7 de septiembre,21.72,6.52,28.24,AEMET
4093Y,OSA DE LA VEGA,CUENCA,763.0,39.6561,-2.76,209.5,interior,500-800,peninsula,7 de enero,28 de julio,17,37,18,40,17,34,12 de junio,7 de septiembre,88,22 de diciembre,30 de enero,40,10 de junio,8 de septiembre,22.08,4.58,26.66,AEMET
5516D,SIERRA NEVADA 'RADIOTELESCOPIO',GRANADA,2856.0,37.0631,-3.3869,35.2,interior,>1200,peninsula,23 de febrero,28 de julio,64,37,64,37,64,37,,,0,18 de octubre,20 de mayo,215,11 de junio,9 de septiembre,18.4,-2.22,16.17,AEMET
7067Y,NERPIO,ALBACETE,1485.0,38.0883,-2.4131,103.8,interior,>1200,peninsula,26 de enero,28 de julio,36,37,37,38,30,34,,,0,19 de noviembre,18 de marzo,120,12 de junio,10 de septiembre,18.8,3.09,21.89,AEMET
9776D,ELS TORMS,LLEIDA,495.0,41.3939,0.7347,44.1,interior,200-500,peninsula,11 de enero,28 de julio,21,37,21,41,21,37,11 de junio,8 de septiembre,90,,,0,10 de junio,8 de septiembre,20.15,6.0,26.15,AEMET
1549,PONFERRADA,LEON,532.0,42.5639,-6.6,108.6,interior,500-800,peninsula,7 de enero,27 de julio,17,36,20,34,9,36,30 de junio,25 de agosto,57,25 de diciembre,20 de enero,27,11 de junio,9 de septiembre,18.31,5.3,23.61,AEMET
1561I,VEGA DE ESPINAREDA  ,LEON,770.0,42.7661,-6.6736,86.5,interior,500-800,peninsula,9 de enero,27 de julio,19,36,20,34,5,50,,,0,23 de diciembre,28 de enero,37,15 de junio,12 de septiembre,15.61,5.19,20.79,AEMET
1583X,O BARCO DE VALDEORRAS,OURENSE,315.0,42.4156,-6.9931,103.5,interior,200-500,peninsula,10 de enero,27 de julio,20,36,25,34,17,49,24 de junio,4 de septiembre,73,,,0,11 de junio,9 de septiembre,18.23,6.32,24.54,AEMET
2611D,VILLAFÁFILA,ZAMORA,690.0,41.8564,-5.5925,182.0,interior,500-800,peninsula,8 de enero,27 de julio,18,36,25,35,17,40,5 de julio,22 de agosto,49,10 de diciembre,3 de febrero,56,11 de junio,9 de septiembre,19.17,4.08,23.25,AEMET
2777K,SANTIBAÑEZ DE VIDRIALES,ZAMORA,737.0,42.0781,-6.0072,163.8,interior,500-800,peninsula,9 de enero,27 de julio,19,36,25,35,19,40,24 de julio,1 de agosto,9,9 de diciembre,5 de febrero,59,11 de junio,9 de septiembre,18.14,3.95,22.09,AEMET
6302A,ABLA,ALMERIA,869.0,37.1414,-2.78,40.7,interior,800-1200,peninsula,19 de enero,27 de julio,29,36,19,42,29,35,9 de junio,17 de septiembre,101,,,0,13 de junio,11 de septiembre,17.61,9.73,27.33,AEMET
7138B,JUMILLA,MURCIA,485.0,38.4589,-1.3353,69.9,interior,200-500,peninsula,9 de enero,27 de julio,19,36,18,36,22,34,7 de junio,18 de septiembre,104,,,0,13 de junio,11 de septiembre,19.46,7.91,27.37,AEMET
2135A,FRESNO DE CANTESPINO,SEGOVIA,993.0,41.3728,-3.5072,221.6,interior,800-1200,peninsula,8 de enero,26 de julio,18,35,18,42,27,34,22 de julio,12 de agosto,22,29 de noviembre,24 de febrero,88,11 de junio,9 de septiembre,19.29,3.05,22.34,AEMET
2172Y,SARDÓN DE DUERO,VALLADOLID,725.0,41.6119,-4.4056,197.7,interior,500-800,peninsula,10 de enero,26 de julio,20,35,25,36,18,34,5 de julio,19 de agosto,46,11 de diciembre,2 de febrero,54,9 de junio,7 de septiembre,18.94,4.15,23.08,AEMET
2664B,VALENCIA DE DON JUAN,LEON,788.0,42.2958,-5.5047,132.6,interior,500-800,peninsula,8 de enero,26 de julio,18,35,25,35,18,40,,,0,4 de diciembre,6 de febrero,65,9 de junio,7 de septiembre,17.9,3.86,21.76,AEMET
2742R,BUSTILLO DEL PÁRAMO,LEON,850.0,42.4664,-5.7797,120.5,interior,800-1200,peninsula,10 de enero,26 de julio,20,35,26,35,19,36,,,0,2 de diciembre,21 de febrero,82,8 de junio,6 de septiembre,17.25,3.71,20.97,AEMET
2804F,VILLADEPERA,ZAMORA,790.0,41.5339,-6.1419,181.0,interior,500-800,peninsula,8 de enero,26 de julio,18,35,25,34,17,35,8 de julio,23 de agosto,47,11 de diciembre,31 de enero,52,13 de junio,11 de septiembre,19.29,4.22,23.51,AEMET
2847X,PEDROSILLO DE LOS AIRES   ,SALAMANCA,865.0,40.6756,-5.6433,265.0,interior,800-1200,peninsula,11 de enero,26 de julio,21,35,31,38,18,40,,,0,3 de diciembre,21 de febrero,81,11 de junio,9 de septiembre,18.03,3.95,21.98,AEMET
2867,SALAMANCA AEROPUERTO,SALAMANCA,790.0,40.9594,-5.4983,257.4,interior,500-800,peninsula,8 de enero,26 de julio,18,35,23,35,17,40,15 de julio,16 de agosto,33,9 de diciembre,3 de febrero,57,9 de junio,7 de septiembre,18.6,3.97,22.57,AEMET
3085Y,PASTRANA,GUADALAJARA,920.0,40.4078,-2.9531,244.7,interior,800-1200,peninsula,15 de enero,26 de julio,25,35,37,35,27,34,16 de junio,6 de septiembre,83,7 de enero,29 de enero,23,11 de junio,9 de septiembre,20.92,5.66,26.59,AEMET
3099Y,OCAÑA,TOLEDO,733.0,39.9353,-3.4961,275.3,interior,500-800,peninsula,8 de enero,26 de julio,18,35,18,35,17,34,13 de junio,8 de septiembre,88,29 de diciembre,23 de enero,26,11 de junio,9 de septiembre,21.75,5.32,27.06,AEMET
3111D,SOMOSIERRA,MADRID,1454.0,41.1358,-3.5803,248.5,interior,>1200,peninsula,15 de enero,26 de julio,25,35,25,35,25,34,,,0,13 de noviembre,28 de marzo,136,11 de junio,9 de septiembre,19.4,2.02,21.42,AEMET
3126Y,"MADRID, EL GOLOSO",MADRID,740.0,40.5614,-3.7119,310.6,interior,500-800,peninsula,8 de enero,26 de julio,18,35,18,37,17,35,20 de junio,1 de septiembre,74,25 de diciembre,29 de enero,36,10 de junio,8 de septiembre,20.74,4.9,25.64,AEMET
3129,MADRID AEROPUERTO,MADRID,609.0,40.4667,-3.5556,294.6,interior,500-800,peninsula,7 de enero,26 de julio,17,35,18,38,17,34,7 de junio,10 de septiembre,96,3 de enero,16 de enero,14,10 de junio,8 de septiembre,21.78,5.72,27.5,AEMET
3168D,GUADALAJARA,GUADALAJARA,727.0,40.6303,-3.1503,269.8,interior,500-800,peninsula,8 de enero,26 de julio,18,35,18,38,25,34,10 de junio,9 de septiembre,92,,,0,10 de junio,8 de septiembre,21.0,6.11,27.11,AEMET
3194Y,POZUELO DE ALARCÓN,MADRID,665.0,40.4483,-3.8133,314.6,interior,500-800,peninsula,8 de enero,26 de julio,18,35,18,36,17,34,10 de junio,8 de septiembre,91,3 de enero,17 de enero,15,10 de junio,8 de septiembre,20.91,5.73,26.64,AEMET
3195,"MADRID, RETIRO",MADRID,667.0,40.4114,-3.6778,302.4,interior,500-800,peninsula,7 de enero,26 de julio,17,35,18,38,17,34,4 de junio,11 de septiembre,100,,,0,10 de junio,8 de septiembre,21.63,6.55,28.18,AEMET
3196,"MADRID, CUATRO VIENTOS",MADRID,690.0,40.3756,-3.7861,310.0,interior,500-800,peninsula,8 de enero,26 de julio,18,35,18,35,17,34,4 de junio,12 de septiembre,101,,,0,10 de junio,8 de septiembre,21.37,6.69,28.07,AEMET
3200,GETAFE,MADRID,620.0,40.2994,-3.7222,302.5,interior,500-800,peninsula,7 de enero,26 de julio,17,35,18,37,17,34,2 de junio,15 de septiembre,106,,,0,10 de junio,8 de septiembre,22.11,6.39,28.51,AEMET
3229Y,TIELMES,MADRID,594.0,40.2472,-3.3117,267.4,interior,500-800,peninsula,11 de enero,26 de julio,21,35,21,38,17,34,8 de junio,8 de septiembre,93,31 de diciembre,23 de enero,24,9 de junio,7 de septiembre,21.4,5.53,26.93,AEMET
3245Y,TEMBLEQUE,TOLEDO,635.0,39.6961,-3.5058,273.5,interior,500-800,peninsula,8 de enero,26 de julio,18,35,19,38,17,34,9 de junio,8 de septiembre,92,26 de diciembre,28 de enero,34,9 de junio,7 de septiembre,21.8,4.9,26.7,AEMET
3305Y,NAVAHERMOSA,TOLEDO,750.0,39.6306,-4.4769,267.3,interior,500-800,peninsula,15 de enero,26 de julio,25,35,20,35,25,34,7 de junio,11 de septiembre,97,,,0,11 de junio,9 de septiembre,20.98,6.88,27.87,AEMET
3343Y,VALDEMORILLO,MADRID,884.0,40.4967,-4.0611,321.9,interior,800-1200,peninsula,14 de enero,26 de julio,24,35,21,37,25,34,15 de junio,7 de septiembre,85,,,0,11 de junio,9 de septiembre,20.55,6.29,26.83,AEMET
4067,MADRIDEJOS,TOLEDO,690.0,39.4919,-3.5283,275.3,interior,500-800,peninsula,8 de enero,26 de julio,18,35,18,38,17,34,10 de junio,8 de septiembre,91,27 de diciembre,27 de enero,32,10 de junio,8 de septiembre,22.15,4.99,27.14,AEMET
4070Y,ABIA DE OBISPALIA,CUENCA,1020.0,40.0189,-2.3953,185.5,interior,800-1200,peninsula,14 de enero,26 de julio,24,35,18,35,27,34,22 de junio,27 de agosto,67,21 de diciembre,3 de febrero,45,10 de junio,8 de septiembre,20.15,4.7,24.86,AEMET
4089A,ALBERCA DE ZANCARA,CUENCA,858.0,39.5169,-2.4958,186.6,interior,800-1200,peninsula,11 de enero,26 de julio,21,35,18,41,26,34,11 de junio,7 de septiembre,89,29 de diciembre,27 de enero,30,10 de junio,8 de septiembre,21.46,5.23,26.69,AEMET
4095Y,BELMONTE,CUENCA,745.0,39.5553,-2.7056,204.6,interior,500-800,peninsula,12 de enero,26 de julio,22,35,21,42,25,34,8 de junio,12 de septiembre,97,,,0,11 de junio,9 de septiembre,21.56,6.22,27.78,AEMET
4267X,HINOJOSA DEL DUQUE,CORDOBA,551.0,38.4986,-5.1214,163.7,interior,500-800,peninsula,10 de enero,26 de julio,20,35,20,51,20,34,3 de junio,18 de septiembre,108,,,0,11 de junio,9 de septiembre,20.74,7.18,27.92,AEMET
5107D,DÓLAR,GRANADA,1197.0,37.18,-2.9864,47.8,interior,800-1200,peninsula,19 de enero,26 de julio,29,35,19,41,29,34,21 de junio,2 de septiembre,74,,,0,11 de junio,9 de septiembre,19.19,6.53,25.71,AEMET
5210X,VILLANUEVA DEL ARZOBISPO,JAEN,680.0,38.175,-2.9981,147.8,interior,500-800,peninsula,8 de enero,26 de julio,18,35,18,35,22,34,29 de mayo,22 de septiembre,117,,,0,10 de junio,8 de septiembre,21.8,7.71,29.5,AEMET
5298X,ANDÚJAR,JAEN,202.0,38.0231,-4.0633,141.6,interior,200-500,peninsula,10 de enero,26 de julio,20,35,20,35,23,34,20 de mayo,30 de septiembre,134,,,0,9 de junio,7 de septiembre,20.99,8.4,29.39,AEMET
6307X,LÁUJAR DE ANDARAX,ALMERIA,1510.0,37.0333,-2.9125,31.5,interior,>1200,peninsula,19 de enero,26 de julio,29,35,29,41,29,34,28 de junio,27 de agosto,61,,,0,12 de junio,10 de septiembre,18.29,6.73,25.03,AEMET
7080X,MORATALLA,MURCIA,955.0,38.2683,-1.9864,97.1,interior,800-1200,peninsula,9 de enero,26 de julio,19,35,29,43,19,34,20 de junio,3 de septiembre,76,,,0,12 de junio,10 de septiembre,18.32,7.29,25.62,AEMET
7195X,"CARAVACA DE LA CRUZ, LOS ROYOS",MURCIA,985.0,37.9261,-2.0583,71.0,interior,800-1200,peninsula,15 de enero,26 de julio,25,35,19,43,29,34,25 de junio,30 de agosto,67,,,0,13 de junio,11 de septiembre,18.47,6.33,24.8,AEMET
8175,ALBACETE BASE AÉREA,ALBACETE,702.0,38.9542,-1.8564,135.8,interior,500-800,peninsula,9 de enero,26 de julio,19,35,18,41,22,34,10 de junio,10 de septiembre,93,30 de diciembre,21 de enero,23,11 de junio,9 de septiembre,21.77,5.52,27.29,AEMET
8198Y,ALMANSA,ALBACETE,710.0,38.8506,-1.0631,74.9,interior,500-800,peninsula,9 de enero,26 de julio,19,35,18,43,26,34,18 de junio,5 de septiembre,80,,,0,12 de junio,10 de septiembre,19.39,6.48,25.87,AEMET
1249I,OVIEDO,ASTURIAS,336.0,43.3533,-5.8742,25.1,litoral,200-500,peninsula,15 de enero,25 de julio,25,34,25,32,26,53,,,0,,,0,23 de junio,21 de septiembre,12.07,7.81,19.88,AEMET
1735X,XINZO DE LIMIA,OURENSE,616.0,42.0792,-7.7336,37.7,interior,500-800,peninsula,10 de enero,25 de julio,20,34,21,18,19,52,,,0,11 de diciembre,4 de febrero,56,15 de junio,13 de septiembre,15.77,4.28,20.05,AEMET
2766E,"SANABRIA, ROBLEDA-CERVANTES",ZAMORA,933.0,42.0825,-6.6397,127.9,interior,800-1200,peninsula,11 de enero,25 de julio,21,34,24,17,19,50,,,0,20 de noviembre,10 de marzo,111,10 de junio,8 de septiembre,15.3,3.15,18.45,AEMET
2914C,BOADILLA FUENTE SAN ESTEBAN,SALAMANCA,785.0,40.7861,-6.2028,220.9,interior,500-800,peninsula,10 de enero,25 de julio,20,34,25,34,19,33,12 de julio,21 de agosto,41,22 de diciembre,31 de enero,41,13 de junio,11 de septiembre,18.44,4.68,23.12,AEMET
3191E,COLMENAR VIEJO,MADRID,1004.0,40.6961,-3.765,299.2,interior,800-1200,peninsula,15 de enero,25 de julio,25,34,25,35,25,34,21 de junio,2 de septiembre,74,4 de enero,23 de enero,20,11 de junio,9 de septiembre,20.18,5.68,25.86,AEMET
3254Y,MORA,TOLEDO,717.0,39.6869,-3.7806,296.9,interior,500-800,peninsula,8 de enero,25 de julio,18,34,18,35,25,34,3 de junio,13 de septiembre,103,,,0,10 de junio,8 de septiembre,21.67,6.56,28.22,AEMET
3260B,TOLEDO,TOLEDO,513.0,39.8847,-4.0453,313.8,interior,500-800,peninsula,7 de enero,25 de julio,17,34,18,38,17,34,31 de mayo,20 de septiembre,113,,,0,10 de junio,8 de septiembre,22.45,6.67,29.12,AEMET
3266A,PUERTO ALTO DEL LEÓN,MADRID,1530.0,40.7064,-4.1414,298.4,interior,>1200,peninsula,17 de enero,25 de julio,27,34,29,51,28,34,,,0,7 de noviembre,4 de abril,149,11 de junio,9 de septiembre,19.71,1.38,21.09,AEMET
3268C,ALPEDRETE,MADRID,924.0,40.6597,-4.0175,303.9,interior,800-1200,peninsula,15 de enero,25 de julio,25,34,18,35,28,34,18 de junio,5 de septiembre,80,,,0,10 de junio,8 de septiembre,19.34,6.73,26.07,AEMET
3298X,SAN PABLO DE LOS MONTES,TOLEDO,917.0,39.5469,-4.3506,271.0,interior,800-1200,peninsula,8 de enero,25 de julio,18,34,18,34,25,34,14 de junio,8 de septiembre,87,,,0,11 de junio,9 de septiembre,20.12,6.59,26.71,AEMET
3337U,CEBREROS,AVILA,850.0,40.4675,-4.4558,325.0,interior,800-1200,peninsula,15 de enero,25 de julio,25,34,18,35,25,34,14 de junio,6 de septiembre,85,,,0,10 de junio,8 de septiembre,20.06,6.65,26.71,AEMET
3338,ROBLEDO DE CHAVELA,MADRID,770.0,40.4286,-4.2486,329.3,interior,500-800,peninsula,8 de enero,25 de julio,18,34,18,35,19,34,17 de junio,6 de septiembre,82,7 de enero,11 de enero,5,11 de junio,9 de septiembre,20.27,5.94,26.21,AEMET
4051Y,ALCÁZAR DEL REY,CUENCA,875.0,40.0611,-2.8069,220.5,interior,800-1200,peninsula,11 de enero,25 de julio,21,34,18,35,25,34,18 de junio,4 de septiembre,79,23 de diciembre,31 de enero,40,10 de junio,8 de septiembre,21.11,4.82,25.93,AEMET
4064Y,ALCAZAR DE SAN JUAN,CIUDAD REAL,640.0,39.3908,-3.2158,248.8,interior,500-800,peninsula,7 de enero,25 de julio,17,34,19,35,17,34,31 de mayo,19 de septiembre,112,4 de enero,14 de enero,11,10 de junio,8 de septiembre,23.27,5.82,29.09,AEMET
4075Y,VILLARES DEL SAZ,CUENCA,870.0,39.8403,-2.5033,190.0,interior,800-1200,peninsula,9 de enero,25 de julio,19,34,18,35,21,34,12 de junio,7 de septiembre,88,22 de diciembre,30 de enero,40,11 de junio,9 de septiembre,21.81,4.73,26.55,AEMET
4091Y,VILLARROBLEDO,ALBACETE,718.0,39.2619,-2.5925,195.8,interior,500-800,peninsula,9 de enero,25 de julio,19,34,17,35,21,34,5 de junio,16 de septiembre,104,6 de enero,14 de enero,9,11 de junio,9 de septiembre,22.1,5.93,28.03,AEMET
4096Y,MUNERA,ALBACETE,918.0,39.0167,-2.4889,187.6,interior,800-1200,peninsula,9 de enero,25 de julio,19,34,17,35,27,34,23 de junio,1 de septiembre,71,11 de diciembre,3 de febrero,55,11 de junio,9 de septiembre,20.96,4.47,25.44,AEMET
4103X,TOMELLOSO,CIUDAD REAL,662.0,39.1692,-3.0075,230.0,interior,500-800,peninsula,8 de enero,25 de julio,18,34,18,35,16,40,4 de junio,13 de septiembre,102,31 de diciembre,17 de enero,18,10 de junio,8 de septiembre,22.44,5.64,28.08,AEMET
4116I,ALMAGRO / FAMET,CIUDAD REAL,626.0,38.9508,-3.7419,244.8,interior,500-800,peninsula,8 de enero,25 de julio,18,34,18,35,17,34,5 de junio,13 de septiembre,101,30 de diciembre,17 de enero,19,10 de junio,8 de septiembre,22.57,5.56,28.13,AEMET
4121,CIUDAD REAL,CIUDAD REAL,626.0,38.9892,-3.9203,249.0,interior,500-800,peninsula,8 de enero,25 de julio,18,34,18,35,18,34,31 de mayo,17 de septiembre,110,,,0,10 de junio,8 de septiembre,22.65,6.3,28.96,AEMET
4147X,VALDEPEÑAS,CIUDAD REAL,700.0,38.7506,-3.3914,215.7,interior,500-800,peninsula,8 de enero,25 de julio,18,34,18,35,18,34,3 de junio,16 de septiembre,106,7 de enero,10 de enero,4,11 de junio,9 de septiembre,22.46,5.96,28.43,AEMET
4193Y,EL ROBLEDO,CIUDAD REAL,587.0,39.2169,-4.2828,258.3,interior,500-800,peninsula,8 de enero,25 de julio,18,34,18,35,17,34,3 de junio,17 de septiembre,107,,,0,11 de junio,9 de septiembre,21.42,6.59,28.01,AEMET
4260,PERALEDA DEL ZAUCEJO,BADAJOZ,542.0,38.4797,-5.5775,124.5,interior,500-800,peninsula,10 de enero,25 de julio,20,34,20,51,27,34,9 de junio,12 de septiembre,96,,,0,12 de junio,10 de septiembre,19.61,7.09,26.7,AEMET
5060X,VÉLEZ BLANCO - TOPARES,ALMERIA,1190.0,37.8608,-2.2281,74.0,interior,800-1200,peninsula,15 de enero,25 de julio,25,34,25,43,29,34,24 de junio,29 de agosto,67,4 de enero,29 de enero,26,12 de junio,10 de septiembre,19.74,5.43,25.17,AEMET
5304Y,PUERTOLLANO,CIUDAD REAL,665.0,38.6689,-4.0592,213.4,interior,500-800,peninsula,11 de enero,25 de julio,21,34,21,35,23,34,3 de junio,18 de septiembre,108,,,0,11 de junio,9 de septiembre,21.96,7.0,28.96,AEMET
5390Y,VILLANUEVA DE CÓRDOBA,CORDOBA,750.0,38.3331,-4.6089,179.3,interior,500-800,peninsula,17 de enero,25 de julio,27,34,28,52,27,34,7 de junio,18 de septiembre,104,,,0,13 de junio,11 de septiembre,20.0,7.92,27.92,AEMET
5769X,CALA,HUELVA,618.0,37.9736,-6.3222,58.5,interior,500-800,peninsula,13 de enero,25 de julio,23,34,23,47,23,34,8 de junio,14 de septiembre,99,,,0,12 de junio,10 de septiembre,19.04,8.25,27.28,AEMET
7066Y,"YESTE, EMBALSE FUENSANTA",ALBACETE,680.0,38.3933,-2.2189,120.1,interior,500-800,peninsula,9 de enero,25 de julio,19,34,17,35,23,34,5 de junio,20 de septiembre,108,,,0,12 de junio,10 de septiembre,20.68,7.77,28.45,AEMET
7072Y,YESTE,ALBACETE,960.0,38.295,-2.2939,115.3,interior,800-1200,peninsula,19 de enero,25 de julio,29,34,30,35,29,34,16 de junio,7 de septiembre,84,,,0,12 de junio,10 de septiembre,19.0,7.62,26.62,AEMET
8177A,CHINCHILLA,ALBACETE,880.0,38.9375,-1.6589,120.4,interior,800-1200,peninsula,17 de enero,25 de julio,27,34,28,41,27,34,19 de junio,5 de septiembre,79,3 de enero,30 de enero,28,12 de junio,10 de septiembre,20.93,5.09,26.01,AEMET
8178D,ALBACETE,ALBACETE,674.0,39.0056,-1.8622,138.6,interior,500-800,peninsula,9 de enero,25 de julio,19,34,19,35,22,34,7 de junio,14 de septiembre,100,,,0,11 de junio,9 de septiembre,21.33,6.46,27.79,AEMET
8193E,JALANCE,VALENCIA,372.0,39.2083,-1.0944,68.8,interior,200-500,peninsula,8 de enero,25 de julio,18,34,18,36,19,34,7 de junio,18 de septiembre,104,,,0,12 de junio,10 de septiembre,20.5,7.17,27.67,AEMET
8203O,ZARRA,VALENCIA,856.0,39.0831,-1.1011,73.5,interior,800-1200,peninsula,19 de enero,25 de julio,29,34,29,34,26,34,14 de junio,6 de septiembre,85,,,0,11 de junio,9 de septiembre,19.02,7.4,26.42,AEMET
8309X,UTIEL,VALENCIA,758.0,39.5756,-1.2447,79.4,interior,500-800,peninsula,11 de enero,25 de julio,21,34,18,38,21,34,20 de junio,3 de septiembre,76,,,0,11 de junio,9 de septiembre,19.35,6.09,25.44,AEMET
8368U,TERUEL,TERUEL,902.0,40.3508,-1.1242,103.4,interior,800-1200,peninsula,12 de enero,25 de julio,22,34,21,41,22,34,24 de junio,29 de agosto,67,22 de diciembre,2 de febrero,43,10 de junio,8 de septiembre,20.63,4.2,24.83,AEMET
8376,JABALOYAS,TERUEL,1430.0,40.2361,-1.4117,118.3,interior,>1200,peninsula,19 de enero,25 de julio,29,34,29,35,28,34,20 de julio,12 de agosto,24,20 de noviembre,18 de marzo,119,11 de junio,9 de septiembre,19.2,3.32,22.52,AEMET
8381X,ADEMUZ,VALENCIA,705.0,40.0606,-1.2836,100.0,interior,500-800,peninsula,9 de enero,25 de julio,19,34,17,30,19,34,23 de junio,31 de agosto,70,26 de diciembre,28 de enero,34,11 de junio,9 de septiembre,20.03,4.89,24.91,AEMET
5246,SANTA ELENA,JAEN,770.0,38.3444,-3.5353,177.4,interior,500-800,peninsula,19 de enero,24 de julio,29,33,30,41,28,33,31 de mayo,22 de septiembre,115,,,0,11 de junio,9 de septiembre,21.99,7.11,29.1,AEMET
8523X,VINARÒS,CASTELLON,111.0,40.5542,0.4297,7.1,litoral,<200,peninsula,11 de enero,24 de julio,21,33,22,35,21,33,10 de junio,21 de septiembre,104,,,0,16 de junio,14 de septiembre,16.33,10.27,26.61,AEMET
3194U,"MADRID, CIUDAD UNIVERSITARIA",MADRID,664.0,40.4517,-3.7242,307.6,interior,500-800,peninsula,8 de enero,23 de julio,18,32,18,32,25,33,5 de junio,13 de septiembre,101,30 de diciembre,19 de enero,21,9 de junio,7 de septiembre,22.03,5.33,27.36,AEMET
9990X,"NAUT ARAN, ARTIES",LLEIDA,1161.0,42.7003,0.8769,70.2,interior,800-1200,peninsula,12 de enero,23 de julio,22,32,28,29,19,41,,,0,16 de noviembre,24 de febrero,101,9 de junio,7 de septiembre,19.14,1.74,20.88,AEMET
1477U,VILAGARCIA DE AROUSA,PONTEVEDRA,36.0,42.5822,-8.7697,1.7,litoral,<200,peninsula,16 de enero,22 de julio,26,31,25,32,26,31,,,0,,,0,21 de junio,19 de septiembre,11.91,10.02,21.93,AEMET
