id,nombre,lat,lon,provincia
a-bana,A Baña,42.9618,-8.7578,
a-coruna,A Coruña,43.3713,-8.396,
a-estrada,A Estrada,42.6891,-8.4884,
a-guarda,A Guarda,41.9013,-8.8742,
a-pobra-do-brollon,A Pobra do Brollon,42.5561,-7.3914,
a-pobra-do-caraminal,A Pobra do Caramiñal,42.6029,-8.9382,
a-ramallosa,A Ramallosa,42.1116,-8.8173,
a-rua,A Rúa,42.4005,-7.1027,
a-veiga,A Veiga,42.25,-7.0261,
ababuj,Ababuj,40.5491,-0.8076,Teruel
abades,Abades,40.9165,-4.2694,Segovia
abadino,Abadiño,43.1511,-2.6094,Bizkaia
abadia,Abadía,40.2592,-5.9783,Cáceres
abadin,Abadín,43.3667,-7.4833,Lugo
abajas,Abajas,42.6231,-3.5809,Burgos
abaltzisketa,Abaltzisketa,43.0474,-2.1053,Gipuzkoa
abanilla,Abanilla,38.2054,-1.0415,Murcia
abanto,Abanto,41.1375,-1.6982,Zaragoza
abaran,Abarán,38.2055,-1.3991,Murcia
abegondo,Abegondo,43.2167,-8.2833,A Coruña
abejar,Abejar,41.8075,-2.7841,Soria
abella-de-la-conca,Abella de la Conca,42.1616,1.0923,Lleida
abengibre,Abengibre,39.2167,-1.5333,Albacete
abenojar,Abenójar,38.8803,-4.357,Ciudad Real
abertura,Abertura,39.2435,-5.8139,Cáceres
abezames,Abezames,41.6264,-5.4258,Zamora
abia-de-las-torres,Abia de las Torres,42.4202,-4.4213,Palencia
abiego,Abiego,42.1209,-0.0687,Huesca
abizanda,Abizanda,42.2424,0.1972,Huesca
abla,Abla,37.1424,-2.7781,Almería
ablanque,Ablanque,40.8982,-2.2252,Guadalajara
ablitas,Ablitas,41.9745,-1.6405,Navarra
abrantes,Abrantes,40.379,-3.7262,
abrera,Abrera,41.5168,1.901,Barcelona
abrucena,Abrucena,37.1323,-2.7971,Almería
abusejo,Abusejo,40.709,-6.1407,Salamanca
abaigar,Abáigar,42.6482,-2.1418,Navarra
abanades,Abánades,40.8926,-2.4853,Guadalajara
acacias,Acacias,40.4011,-3.7073,
acebedo,Acebedo,43.0397,-5.116,León
acebo,Acebo,40.2011,-6.7169,Cáceres
acedera,Acedera,39.0768,-5.5738,Badajoz
aceituna,Aceituna,40.1501,-6.3329,Cáceres
acered,Acered,41.1708,-1.604,Zaragoza
aceuchal,Aceuchal,38.6463,-6.4864,Badajoz
adahuesca,Adahuesca,42.1461,-0.008,Huesca
adalia,Adalia,41.6489,-5.1211,Valladolid
adamuz,Adamuz,38.0267,-4.5223,Córdoba
adanero,Adanero,40.9449,-4.6056,Ávila
adeje,Adeje,28.1227,-16.726,Santa Cruz de Tenerife
adelfas,Adelfas,40.4011,-3.671,
ademuz,Ademuz,40.0614,-1.2868,Valencia
adios,Adiós,42.6863,-1.7353,Navarra
adobes,Adobes,40.6758,-1.6792,Guadalajara
ador,Ador,38.9182,-0.2225,Valencia
adra,Adra,36.7483,-3.0208,Almería
adrada-de-haza,Adrada de Haza,41.5945,-3.8233,Burgos
adrada-de-piron,Adrada de Pirón,41.0526,-4.0511,Segovia
adradas,Adradas,41.351,-2.4737,Soria
adrados,Adrados,41.3682,-4.1119,Segovia
adsubia,Adsubia,38.8482,-0.1532,
aduna,Aduna,43.2037,-2.0503,Gipuzkoa
adzaneta,Adzaneta,40.2162,-0.1703,
aeropuerto,Aeropuerto,40.4761,-3.5586,
agaete,Agaete,28.1002,-15.7,Las Palmas
agallas,Agallas,40.4487,-6.4418,Salamanca
agoncillo,Agoncillo,42.4467,-2.2898,La Rioja
agost,Agost,38.44,-0.6384,Alicante
agramunt,Agramunt,41.7869,1.0968,Lleida
agres,Agres,38.7833,-0.5167,Alicante
agron,Agrón,37.0302,-3.8287,Granada
aguadulce,Aguadulce,37.2527,-4.9927,Sevilla
aguadulce,Aguadulce,36.8141,-2.5724,Sevilla
aguaron,Aguarón,41.339,-1.2706,Zaragoza
aguasal,Aguasal,41.2749,-4.6529,Valladolid
aguaton,Aguatón,40.6716,-1.2348,Teruel
aguaviva,Aguaviva,40.8221,-0.1953,Teruel
agudo,Agudo,38.9818,-4.8713,Ciudad Real
aguilafuente,Aguilafuente,41.2267,-4.1118,Segovia
aguilar,Aguilar,37.5148,-4.6572,
aguilar-de-bureba,Aguilar de Bureba,42.5897,-3.3291,Burgos
aguilar-de-campoo,Aguilar de Campoo,42.7945,-4.2589,Palencia
aguilar-de-campos,Aguilar de Campos,41.9838,-5.1812,Valladolid
aguilar-de-codes,Aguilar de Codés,42.6125,-2.3899,Navarra
aguilar-de-segarra,Aguilar de Segarra,41.7482,1.6292,Barcelona
aguilar-del-alfambra,Aguilar del Alfambra,40.5903,-0.7959,Teruel
aguilar-del-rio-alhama,Aguilar del Río Alhama,41.9621,-1.9934,La Rioja
aguilon,Aguilón,41.2947,-1.0463,Zaragoza
agullana,Agullana,42.3941,2.8467,Girona
agullent,Agullent,38.8227,-0.5483,Valencia
agulo,Agulo,28.1878,-17.1968,Santa Cruz de Tenerife
agurain-salvatierra,Agurain/Salvatierra,42.8516,-2.3912,Araba/Álava
agon,Agón,41.8557,-1.4523,Zaragoza
aguero,Agüero,42.355,-0.7932,Huesca
aguimes,Agüimes,27.9054,-15.4461,Las Palmas
ahigal,Ahigal,40.1895,-6.1882,Cáceres
ahigal-de-villarino,Ahigal de Villarino,41.1582,-6.3804,Salamanca
ahigal-de-los-aceiteros,Ahigal de los Aceiteros,40.8723,-6.747,Salamanca
ahillones,Ahillones,38.2667,-5.85,Badajoz
aia,Aia,43.2372,-2.1483,Gipuzkoa
aielo-de-malferit,Aielo de Malferit,38.8833,-0.5833,Valencia
aiguafreda,Aiguafreda,41.7681,2.2505,Barcelona
aiguaviva,Aiguaviva,41.9384,2.7622,Girona
aigues,Aigües,38.5,-0.35,Alicante
ainzon,Ainzón,41.8164,-1.5199,Zaragoza
aitona,Aitona,41.4833,0.4667,Lleida
aizarnazabal,Aizarnazabal,43.2559,-2.2361,Gipuzkoa
ajalvir,Ajalvir,40.532,-3.4784,Madrid
ajamil,Ajamil,42.1671,-2.4875,
ajofrin,Ajofrín,39.7109,-3.9822,Toledo
alacon,Alacón,41.0258,-0.6978,Teruel
aladren,Aladrén,41.2492,-1.1559,Zaragoza
alaejos,Alaejos,41.3073,-5.2157,Valladolid
alagon,Alagón,41.7696,-1.1191,Zaragoza
alaior,Alaior,39.9303,4.1404,Illes Balears
alajero,Alajeró,28.062,-17.2407,Santa Cruz de Tenerife
alameda,Alameda,37.2087,-4.6586,Málaga
alameda-de-osuna,Alameda de Osuna,40.4518,-3.5867,
alameda-del-valle,Alameda del Valle,40.9187,-3.8424,Madrid
alamedilla,Alamedilla,37.5823,-3.2424,Granada
alamillo,Alamillo,38.6784,-4.7901,Ciudad Real
alaminos,Alaminos,40.863,-2.7257,Guadalajara
alange,Alange,38.785,-6.2457,Badajoz
alanis,Alanís,38.0333,-5.7167,Sevilla
alaquas,Alaquàs,39.4557,-0.461,Valencia
alar-del-rey,Alar del Rey,42.6604,-4.3127,Palencia
alaraz,Alaraz,40.7489,-5.2878,Salamanca
alarba,Alarba,41.2048,-1.6134,Zaragoza
alarcon,Alarcón,39.55,-2.0833,Cuenca
alarilla,Alarilla,40.8471,-3.1031,Guadalajara
alaro,Alaró,39.7044,2.7918,Illes Balears
alatoz,Alatoz,39.0949,-1.361,Albacete
alba,Alba,40.6183,-1.3466,Teruel
alba-de-cerrato,Alba de Cerrato,41.8128,-4.3647,Palencia
alba-de-tormes,Alba de Tormes,40.8266,-5.5124,Salamanca
alba-de-yeltes,Alba de Yeltes,40.6718,-6.3166,Salamanca
albacete,Albacete,38.9942,-1.8564,Albacete
albaida,Albaida,38.838,-0.5172,Valencia
albaida-del-aljarafe,Albaida del Aljarafe,37.4235,-6.1668,Sevilla
albal,Albal,39.4,-0.4167,Valencia
albaladejo,Albaladejo,38.6189,-2.8078,Ciudad Real
albaladejo-del-cuende,Albaladejo del Cuende,39.8068,-2.229,Cuenca
albalat-de-la-ribera,Albalat de la Ribera,39.2,-0.3833,Valencia
albalat-dels-sorells,Albalat dels Sorells,39.5436,-0.3456,Valencia
albalat-dels-tarongers,Albalat dels Tarongers,39.7,-0.3333,Valencia
albalate-de-cinca,Albalate de Cinca,41.7252,0.1524,Huesca
albalate-de-zorita,Albalate de Zorita,40.3081,-2.8427,Guadalajara
albalate-de-las-nogueras,Albalate de las Nogueras,40.3661,-2.2772,Cuenca
albalate-del-arzobispo,Albalate del Arzobispo,41.1217,-0.5114,Teruel
albalatillo,Albalatillo,41.7353,-0.1512,Huesca
albala,Albalá,39.2559,-6.1853,Cáceres
albanchez,Albanchez,37.2836,-2.1823,Almería
albares,Albares,40.3069,-3.009,Guadalajara
albarracin,Albarracín,40.4082,-1.4438,Teruel
albarreal-de-tajo,Albarreal de Tajo,39.897,-4.229,Toledo
albatana,Albatana,38.5706,-1.5221,Albacete
albatera,Albatera,38.179,-0.8706,Alicante
albelda,Albelda,41.8654,0.46,Huesca
albelda-de-iregua,Albelda de Iregua,42.3584,-2.4728,La Rioja
albendea,Albendea,40.4875,-2.4175,Cuenca
albendiego,Albendiego,41.2274,-3.0517,Guadalajara
albentosa,Albentosa,40.1028,-0.7676,Teruel
alberche-del-caudillo,Alberche del Caudillo,39.9106,-4.9299,
alberic,Alberic,39.1167,-0.5167,Valencia
alberite,Alberite,42.407,-2.4389,La Rioja
alberite-de-san-juan,Alberite de San Juan,41.8201,-1.4706,Zaragoza
albero-alto,Albero Alto,42.0503,-0.3371,Huesca
albero-bajo,Albero Bajo,42.0238,-0.3802,Huesca
alberuela-de-tubo,Alberuela de Tubo,41.9085,-0.2142,Huesca
albesa,Albesa,41.7528,0.6594,Lleida
albeta,Albeta,41.8264,-1.4994,Zaragoza
albillos,Albillos,42.2768,-3.7891,Burgos
albinyana,Albinyana,41.25,1.4833,Tarragona
albiztur,Albiztur,43.1293,-2.1365,Gipuzkoa
albocasser,Albocàsser,40.35,0.0333,Castellón
albolote,Albolote,37.2309,-3.6551,Granada
albondon,Albondón,36.8277,-3.2114,Granada
albons,Albons,42.1039,3.0843,Girona
alborache,Alborache,39.3833,-0.7667,Valencia
alboraya,Alboraya,39.5,-0.35,
alborea,Alborea,39.2833,-1.3833,Albacete
alborge,Alborge,41.3337,-0.3568,Zaragoza
albornos,Albornos,40.8379,-4.8813,Ávila
albox,Albox,37.3886,-2.1495,Almería
albudeite,Albudeite,38.029,-1.3866,Murcia
albuixech,Albuixech,39.55,-0.3167,Valencia
alburquerque,Alburquerque,39.2208,-7.0023,Badajoz
albunol,Albuñol,36.792,-3.205,Granada
albunuelas,Albuñuelas,36.9283,-3.6318,Granada
albunan,Albuñán,37.2271,-3.1332,Granada
alcabon,Alcabón,40.0022,-4.3685,Toledo
alcadozo,Alcadozo,38.6492,-1.98,Albacete
alcaine,Alcaine,40.9534,-0.7058,Teruel
alcalali,Alcalalí,38.7504,-0.0401,Alicante
alcala-de-xivert,Alcalà de Xivert,40.3,0.2333,Castellón
alcala-de-ebro,Alcalá de Ebro,41.815,-1.1943,Zaragoza
alcala-de-guadaira,Alcalá de Guadaíra,37.3379,-5.8395,Sevilla
alcala-de-gurrea,Alcalá de Gurrea,42.0665,-0.6853,Huesca
alcala-de-henares,Alcalá de Henares,40.4821,-3.36,Madrid
alcala-de-moncayo,Alcalá de Moncayo,41.7861,-1.6954,Zaragoza
alcala-de-la-selva,Alcalá de la Selva,40.3718,-0.7201,Teruel
alcala-de-la-vega,Alcalá de la Vega,40.0333,-1.5167,Cuenca
alcala-de-los-gazules,Alcalá de los Gazules,36.4621,-5.7238,Cádiz
alcala-del-jucar,Alcalá del Júcar,39.1931,-1.4302,Albacete
alcala-del-obispo,Alcalá del Obispo,42.0773,-0.2912,Huesca
alcala-del-rio,Alcalá del Río,37.5178,-5.9818,Sevilla
alcala-del-valle,Alcalá del Valle,36.9045,-5.1724,Cádiz
alcala-la-real,Alcalá la Real,37.4614,-3.923,Jaén
alcanadre,Alcanadre,42.4049,-2.1207,La Rioja
alcanar,Alcanar,40.5432,0.4808,Tarragona
alcantarilla,Alcantarilla,37.9694,-1.2171,Murcia
alcantud,Alcantud,40.5482,-2.3326,Cuenca
alcano,Alcanó,41.4806,0.6166,Lleida
alcaracejos,Alcaracejos,38.3833,-4.9667,Córdoba
alcaraz,Alcaraz,38.6668,-2.491,Albacete
alcarras,Alcarràs,41.5667,0.5167,Lleida
alcaucin,Alcaucín,36.903,-4.1141,Málaga
alcaudete,Alcaudete,37.5909,-4.0824,Jaén
alcazaren,Alcazarén,41.3706,-4.6726,Valladolid
alcanices,Alcañices,41.6994,-6.3465,Zamora
alcaniz,Alcañiz,41.05,-0.1333,Teruel
alcanizo,Alcañizo,39.9031,-5.1059,Toledo
alcoba,Alcoba,39.2599,-4.4771,Ciudad Real
alcobendas,Alcobendas,40.5475,-3.642,Madrid
alcocer,Alcocer,40.4697,-2.6094,Guadalajara
alcocer-de-planes,Alcocer de Planes,38.795,-0.4024,
alcocero-de-mola,Alcocero de Mola,42.4722,-3.3579,Burgos
alcoceber,Alcocéber,40.2514,0.2843,
alcohujate,Alcohujate,40.4176,-2.6149,Cuenca
alcolea,Alcolea,36.9746,-2.9615,Almería
alcolea-de-calatrava,Alcolea de Calatrava,38.9868,-4.116,Ciudad Real
alcolea-de-cinca,Alcolea de Cinca,41.7194,0.1172,Huesca
alcolea-de-tajo,Alcolea de Tajo,39.8097,-5.1474,Toledo
alcolea-de-las-penas,Alcolea de las Peñas,41.2096,-2.7848,Guadalajara
alcolea-del-pinar,Alcolea del Pinar,41.0357,-2.4665,Guadalajara
alcolea-del-rio,Alcolea del Río,37.6151,-5.6669,Sevilla
alcoletge,Alcoletge,41.6476,0.6938,Lleida
alcollarin,Alcollarín,39.2447,-5.7392,Cáceres
alconaba,Alconaba,41.7236,-2.3848,Soria
alconada,Alconada,40.9109,-5.3631,Salamanca
alconada-de-maderuelo,Alconada de Maderuelo,41.4502,-3.4855,Segovia
alconchel,Alconchel,38.5165,-7.0716,Badajoz
alconchel-de-ariza,Alconchel de Ariza,41.2043,-2.1219,Zaragoza
alconchel-de-la-estrella,Alconchel de la Estrella,39.7196,-2.5737,Cuenca
alconera,Alconera,38.4,-6.4667,Badajoz
alcorcon,Alcorcón,40.3458,-3.8249,Madrid
alcorisa,Alcorisa,40.8921,-0.3814,Teruel
alcoroches,Alcoroches,40.6267,-1.7463,Guadalajara
alcover,Alcover,41.2627,1.1701,Tarragona
alcoy,Alcoy,38.7054,-0.4743,
alcubierre,Alcubierre,41.8076,-0.4529,Huesca
alcubilla-de-avellaneda,Alcubilla de Avellaneda,41.7259,-3.3047,Soria
alcubilla-de-nogales,Alcubilla de Nogales,42.1279,-5.9218,Zamora
alcubilla-de-las-penas,Alcubilla de las Peñas,41.2513,-2.5268,Soria
alcubillas,Alcubillas,38.7531,-3.1341,Ciudad Real
alcublas,Alcublas,39.8,-0.7,Valencia
alcudia-de-monteagud,Alcudia de Monteagud,37.2353,-2.2665,Almería
alcudia-de-veo,Alcudia de Veo,39.9167,-0.35,Castellón
alcuescar,Alcuéscar,39.1809,-6.2292,Cáceres
alcantera-de-xuquer,Alcàntera de Xúquer,39.0667,-0.55,Valencia
alcasser,Alcàsser,39.3679,-0.4445,Valencia
alcantara,Alcántara,39.7189,-6.8838,Cáceres
alcazar-de-san-juan,Alcázar de San Juan,39.3901,-3.2083,Ciudad Real
alcazar-del-rey,Alcázar del Rey,40.0629,-2.8078,Cuenca
alcontar,Alcóntar,37.3365,-2.5972,Almería
alcudia,Alcúdia,39.8532,3.1214,Illes Balears
aldaia,Aldaia,39.4657,-0.4601,Valencia
aldea-real,Aldea Real,41.1855,-4.1656,Segovia
aldea-de-san-miguel,Aldea de San Miguel,41.461,-4.6158,Valladolid
aldea-del-cano,Aldea del Cano,39.2887,-6.3181,Cáceres
aldea-del-fresno,Aldea del Fresno,40.3236,-4.2032,Madrid
aldea-del-obispo,Aldea del Obispo,40.7068,-6.7925,Salamanca
aldea-del-rey,Aldea del Rey,38.7383,-3.8402,Ciudad Real
aldeacentenera,Aldeacentenera,39.5273,-5.6294,Cáceres
aldeacipreste,Aldeacipreste,40.3809,-5.8975,Salamanca
aldeadavila-de-la-ribera,Aldeadávila de la Ribera,41.2177,-6.6179,Salamanca
aldealafuente,Aldealafuente,41.6719,-2.3252,Soria
aldealcorvo,Aldealcorvo,41.2444,-3.7914,Segovia
aldealengua,Aldealengua,40.9809,-5.5492,Salamanca
aldealengua-de-santa-maria,Aldealengua de Santa María,41.462,-3.4672,Segovia
aldealpozo,Aldealpozo,41.7826,-2.2042,Soria
aldealsenor,Aldealseñor,41.8789,-2.3157,Soria
aldeamayor-de-san-martin,Aldeamayor de San Martín,41.5126,-4.6395,Valladolid
aldeanueva-de-barbarroya,Aldeanueva de Barbarroya,39.7593,-5.0229,Toledo
aldeanueva-de-ebro,Aldeanueva de Ebro,42.2291,-1.8874,La Rioja
aldeanueva-de-figueroa,Aldeanueva de Figueroa,41.1481,-5.524,Salamanca
aldeanueva-de-guadalajara,Aldeanueva de Guadalajara,40.6799,-3.0444,Guadalajara
aldeanueva-de-san-bartolome,Aldeanueva de San Bartolomé,39.6361,-5.1131,Toledo
aldeanueva-de-santa-cruz,Aldeanueva de Santa Cruz,40.3819,-5.4214,Ávila
aldeanueva-de-la-sierra,Aldeanueva de la Sierra,40.6162,-6.1002,Salamanca
aldeanueva-de-la-vera,Aldeanueva de la Vera,40.1271,-5.7015,Cáceres
aldeanueva-del-camino,Aldeanueva del Camino,40.2598,-5.9289,Cáceres
aldeanueva-del-codonal,Aldeanueva del Codonal,41.0824,-4.5437,Segovia
aldeaquemada,Aldeaquemada,38.4121,-3.3714,Jaén
aldearrodrigo,Aldearrodrigo,41.1097,-5.8073,Salamanca
aldearrubia,Aldearrubia,41.0081,-5.4983,Salamanca
aldeaseca,Aldeaseca,41.0491,-4.8171,Ávila
aldeaseca-de-alba,Aldeaseca de Alba,40.8191,-5.447,Salamanca
aldeaseca-de-la-frontera,Aldeaseca de la Frontera,40.9416,-5.2072,Salamanca
aldeasona,Aldeasoña,41.4729,-4.0571,Segovia
aldeatejada,Aldeatejada,40.9217,-5.6927,Salamanca
aldeavieja-de-tormes,Aldeavieja de Tormes,40.5831,-5.617,Salamanca
aldehuela-de-liestos,Aldehuela de Liestos,41.0641,-1.7011,Zaragoza
aldehuela-de-yeltes,Aldehuela de Yeltes,40.6625,-6.2433,Salamanca
aldehuela-de-la-boveda,Aldehuela de la Bóveda,40.8508,-6.0526,Salamanca
aldehuela-del-codonal,Aldehuela del Codonal,41.055,-4.5386,Segovia
aldeire,Aldeire,37.1601,-3.072,Granada
aldeonte,Aldeonte,41.3509,-3.6785,Segovia
aledo,Aledo,37.7934,-1.5736,Murcia
alegia,Alegia,43.101,-2.0964,Gipuzkoa
alella,Alella,41.4938,2.2945,Barcelona
alentisque,Alentisque,41.4206,-2.3319,Soria
alerre,Alerre,42.1647,-0.4637,Huesca
alesanco,Alesanco,42.4141,-2.8167,La Rioja
aleson,Alesón,42.4055,-2.6894,La Rioja
alfacar,Alfacar,37.2374,-3.5681,Granada
alfafar,Alfafar,39.4167,-0.3833,Valencia
alfafara,Alfafara,38.7734,-0.5555,Alicante
alfajarin,Alfajarín,41.614,-0.7037,Zaragoza
alfambra,Alfambra,40.5464,-1.0331,Teruel
alfamen,Alfamén,41.4392,-1.2446,Zaragoza
alfara-de-algimia,Alfara de Algimia,39.7667,-0.35,
alfara-del-patriarca,Alfara del Patriarca,39.55,-0.3833,Valencia
alfarnate,Alfarnate,36.9943,-4.2593,Málaga
alfarnatejo,Alfarnatejo,36.9957,-4.2606,Málaga
alfaro,Alfaro,42.1803,-1.7502,La Rioja
alfarp,Alfarp,39.2833,-0.55,
alfarrasi,Alfarrasí,38.9,-0.5,Valencia
alfarras,Alfarràs,41.8167,0.5833,Lleida
alfauir,Alfauir,38.9333,-0.25,Valencia
alfondeguilla,Alfondeguilla,39.8333,-0.2667,Castellón
alforja,Alforja,41.2111,0.9754,Tarragona
alforque,Alforque,41.3294,-0.3852,Zaragoza
alfantega,Alfántega,41.8283,0.1482,Huesca
alfes,Alfés,41.5214,0.6205,Lleida
algadefe,Algadefe,42.2193,-5.5842,León
algaida,Algaida,39.559,2.8954,Illes Balears
algar,Algar,37.6474,-0.867,Cádiz
algar,Algar,36.6575,-5.6556,Cádiz
algar-de-mesa,Algar de Mesa,41.1349,-1.9596,Guadalajara
algarinejo,Algarinejo,37.3253,-4.1585,Granada
algarra,Algarra,40.0,-1.4333,Cuenca
algarrobo,Algarrobo,36.7739,-4.0395,Málaga
algatocin,Algatocín,36.5736,-5.2755,Málaga
algeciras,Algeciras,36.1333,-5.4505,Cádiz
algemesi,Algemesí,39.1904,-0.4357,Valencia
algerri,Algerri,41.8148,0.6363,Lleida
algete,Algete,40.5971,-3.4974,Madrid
algimia-de-alfara,Algimia de Alfara,39.75,-0.3667,
algimia-de-almonacid,Algimia de Almonacid,39.9167,-0.4333,Castellón
alginet,Alginet,39.2667,-0.4667,Valencia
algodonales,Algodonales,36.8804,-5.4054,Cádiz
algodre,Algodre,41.5663,-5.6041,Zamora
algora,Algora,40.9632,-2.6669,Guadalajara
algorfa,Algorfa,38.0864,-0.7965,Alicante
algorta,Algorta,43.3493,-3.0094,
alguaire,Alguaire,41.737,0.5845,Lleida
alguazas,Alguazas,38.0536,-1.2505,Murcia
alguena,Algueña,38.3391,-1.0043,Alicante
algamitas,Algámitas,37.0152,-5.1495,Sevilla
alhabia,Alhabia,36.99,-2.5865,Almería
alhama-de-almeria,Alhama de Almería,36.9569,-2.5686,Almería
alhama-de-aragon,Alhama de Aragón,41.2966,-1.8936,Zaragoza
alhama-de-granada,Alhama de Granada,37.0069,-3.9896,Granada
alhama-de-murcia,Alhama de Murcia,37.851,-1.4251,Murcia
alhambra,Alhambra,38.8993,-3.0533,Ciudad Real
alhaurin-de-la-torre,Alhaurín de la Torre,36.664,-4.5614,Málaga
alhaurin-el-grande,Alhaurín el Grande,36.643,-4.6873,Málaga
alhendin,Alhendín,37.1088,-3.6456,Granada
alhondiga,Alhóndiga,40.5267,-2.8244,Guadalajara
aliaga,Aliaga,40.6741,-0.7033,Teruel
aliaguilla,Aliaguilla,39.7414,-1.3257,Cuenca
alicante,Alicante,38.3452,-0.4815,
alicun,Alicún,36.9658,-2.6021,Almería
alicun-de-ortega,Alicún de Ortega,37.609,-3.1365,Granada
alique,Alique,40.5867,-2.6444,Guadalajara
aliseda,Aliseda,39.4233,-6.6923,Cáceres
aliud,Aliud,41.6541,-2.2531,Soria
alio,Alió,41.2942,1.3058,Tarragona
aljaraque,Aljaraque,37.2699,-7.0231,Huelva
aljucen,Aljucén,39.0442,-6.3311,Badajoz
alkiza,Alkiza,43.1726,-2.1092,Gipuzkoa
allariz,Allariz,42.1904,-7.8018,Ourense
allepuz,Allepuz,40.493,-0.7248,Teruel
allo,Allo,42.5674,-2.0205,Navarra
alloza,Alloza,40.9694,-0.5294,Teruel
allueva,Allueva,40.9853,-1.0426,Teruel
almacelles,Almacelles,41.7322,0.4372,Lleida
almadrones,Almadrones,40.901,-2.7741,Guadalajara
almaden,Almadén,38.7754,-4.8316,Ciudad Real
almaden-de-la-plata,Almadén de la Plata,37.8722,-6.0808,Sevilla
almagro,Almagro,38.8894,-3.7113,Ciudad Real
almagro,Almagro,40.4329,-3.6935,Ciudad Real
almajano,Almajano,41.8509,-2.3383,Soria
almaluez,Almaluez,41.2893,-2.2687,Soria
almansa,Almansa,38.8692,-1.0971,Albacete
almanza,Almanza,42.6583,-5.0362,León
almaraz,Almaraz,39.8142,-5.677,Cáceres
almaraz-de-duero,Almaraz de Duero,41.4751,-5.9165,Zamora
almargen,Almargen,37.0021,-5.0218,Málaga
almarza,Almarza,41.9468,-2.469,Soria
almarza-de-cameros,Almarza de Cameros,42.2165,-2.5987,La Rioja
almassora,Almassora,39.9473,-0.0631,Castellón
almazul,Almazul,41.574,-2.1462,Soria
almazan,Almazán,41.4865,-2.5309,Soria
almedina,Almedina,38.6245,-2.9538,Ciudad Real
almedinilla,Almedinilla,37.439,-4.0905,Córdoba
almedijar,Almedíjar,39.8667,-0.4,Castellón
almegijar,Almegíjar,36.9026,-3.3012,Granada
almenar,Almenar,41.796,0.5683,Lleida
almenar-de-soria,Almenar de Soria,41.6823,-2.2008,Soria
almenara,Almenara,39.75,-0.2167,Castellón
almenara,Almenara,40.4707,-3.6943,Castellón
almenara-de-adaja,Almenara de Adaja,41.2141,-4.6782,Valladolid
almenara-de-tormes,Almenara de Tormes,41.0639,-5.8235,Salamanca
almendra,Almendra,41.2292,-6.3407,Salamanca
almendral,Almendral,38.6142,-6.821,Badajoz
almendral-de-la-canada,Almendral de la Cañada,40.1846,-4.7417,Toledo
almendralejo,Almendralejo,38.6832,-6.4075,Badajoz
almendrales,Almendrales,40.3837,-3.6993,
almendricos,Almendricos,37.4726,-1.7747,
almensilla,Almensilla,37.311,-6.11,Sevilla
almeria,Almería,36.8381,-2.4597,Almería
almisera,Almiserà,38.9167,-0.2833,Valencia
almochuel,Almochuel,41.2799,-0.5507,Zaragoza
almodovar-del-campo,Almodóvar del Campo,38.7094,-4.1791,Ciudad Real
almodovar-del-pinar,Almodóvar del Pinar,39.7167,-1.8833,Cuenca
almodovar-del-rio,Almodóvar del Río,37.8107,-5.0204,Córdoba
almoguera,Almoguera,40.2971,-2.9824,Guadalajara
almogia,Almogía,36.8255,-4.5407,Málaga
almohaja,Almohaja,40.6049,-1.438,Teruel
almoharin,Almoharín,39.1769,-6.0428,Cáceres
almoines,Almoines,38.9432,-0.1815,Valencia
almonacid-de-zorita,Almonacid de Zorita,40.3293,-2.8504,Guadalajara
almonacid-de-la-cuba,Almonacid de la Cuba,41.2807,-0.7927,Zaragoza
almonacid-de-la-sierra,Almonacid de la Sierra,41.3975,-1.3239,Zaragoza
almonacid-del-marquesado,Almonacid del Marquesado,39.8234,-2.7677,Cuenca
almonte,Almonte,37.2647,-6.5167,Huelva
almoradi,Almoradí,38.1088,-0.792,Alicante
almorox,Almorox,40.2342,-4.3904,Toledo
almoster,Almoster,41.1976,1.1117,Tarragona
almozara,Almozara,41.6612,-0.9017,
almudaina,Almudaina,38.76,-0.3515,Alicante
almudevar,Almudévar,42.0425,-0.5814,Huesca
almuniente,Almuniente,41.9495,-0.4117,Huesca
almussafes,Almussafes,39.2833,-0.4167,Valencia
almunecar,Almuñécar,36.7325,-3.6917,Granada
almachar,Almáchar,36.8089,-4.2161,Málaga
almocita,Almócita,37.0026,-2.7905,Almería
alobras,Alobras,40.1817,-1.3873,Teruel
alocen,Alocén,40.5746,-2.7499,Guadalajara
alonsotegi,Alonsotegi,43.2448,-2.9876,Bizkaia
alora,Álora,36.8236,-4.7058,Málaga
alosno,Alosno,37.5486,-7.1147,Huelva
alovera,Alovera,40.5937,-3.2453,Guadalajara
alozaina,Alozaina,36.7274,-4.8576,Málaga
alp,Alp,42.3726,1.887,Girona
alpandeire,Alpandeire,36.634,-5.2022,Málaga
alpanseque,Alpanseque,41.2651,-2.6706,Soria
alpartir,Alpartir,41.4225,-1.3806,Zaragoza
alpedrete,Alpedrete,40.6589,-4.0251,Madrid
alpens,Alpens,42.1193,2.1014,Barcelona
alpera,Alpera,38.9587,-1.2305,Albacete
alpenes,Alpeñés,40.7996,-1.0662,Teruel
alpicat,Alpicat,41.6657,0.5556,Lleida
alpuente,Alpuente,39.8667,-1.0167,Valencia
alquerias-del-nino-perdido,Alquerías del Niño Perdido,39.8947,-0.1294,
alquife,Alquife,37.1802,-3.1155,Granada
alquezar,Alquézar,42.1727,0.0259,Huesca
alsodux,Alsodux,37.0025,-2.5948,Almería
altable,Altable,42.6028,-3.0772,Burgos
altafulla,Altafulla,41.1429,1.3727,Tarragona
altarejos,Altarejos,39.9126,-2.3569,Cuenca
altea,Altea,38.5988,-0.0515,Alicante
altsasu,Altsasu,42.9,-2.1652,
altura,Altura,39.85,-0.5167,Castellón
altzaga,Altzaga,43.0647,-2.154,Gipuzkoa
aluche,Aluche,40.3919,-3.7567,
alustante,Alustante,40.6144,-1.6591,Guadalajara
alzira,Alzira,39.15,-0.4333,Valencia
alas-i-cerc,Alàs i Cerc,42.35,1.5167,Lleida
alajar,Alájar,37.8741,-6.6654,Huelva
alia,Alía,39.448,-5.2175,Cáceres
amavida,Amavida,40.5737,-5.0654,Ávila
amayuelas-de-arriba,Amayuelas de Arriba,42.2111,-4.4888,Palencia
ambel,Ambel,41.7947,-1.6152,Zaragoza
ambite,Ambite,40.3319,-3.1803,Madrid
ambia,Ambía,42.2058,-7.7371,
ameyugo,Ameyugo,42.6562,-3.0617,Burgos
amezketa,Amezketa,43.0481,-2.0854,Gipuzkoa
amieva,Amieva,43.244,-5.0746,Asturias
amoeiro,Amoeiro,42.4167,-7.95,Ourense
amorebieta,Amorebieta,43.2167,-2.7333,
amoroto,Amoroto,43.3263,-2.5135,Bizkaia
amposta,Amposta,40.7099,0.5786,Tarragona
amposta,Amposta,40.4261,-3.622,Tarragona
ampudia,Ampudia,41.9161,-4.7803,Palencia
ampuero,Ampuero,43.3427,-3.4167,Cantabria
amurrio,Amurrio,43.05,-3.0,Araba/Álava
amusco,Amusco,42.1731,-4.4702,Palencia
amusquillo,Amusquillo,41.7485,-4.3012,Valladolid
anadon,Anadón,40.9823,-0.9837,Teruel
anaya,Anaya,40.9918,-4.3095,Segovia
anaya-de-alba,Anaya de Alba,40.7283,-5.4927,Salamanca
anchuelo,Anchuelo,40.4653,-3.2684,Madrid
anchuras,Anchuras,39.4806,-4.8338,Ciudad Real
ancin,Ancín,42.6605,-2.1888,
andilla,Andilla,39.8333,-0.8,Valencia
andoain,Andoain,43.2166,-2.0253,Gipuzkoa
andorra,Andorra,40.9766,-0.4472,Teruel
andosilla,Andosilla,42.3814,-1.673,Navarra
andosilla,Andosilla,42.3773,-1.9427,Navarra
andratx,Andratx,39.5755,2.4202,Illes Balears
andujar,Andújar,38.0392,-4.0508,Jaén
anento,Anento,41.0696,-1.3337,Zaragoza
anglesola,Anglesola,41.6565,1.0829,Lleida
angles,Anglès,41.9562,2.636,Girona
anguciana,Anguciana,42.5742,-2.9012,La Rioja
anguiano,Anguiano,42.2638,-2.7646,La Rioja
anguita,Anguita,41.0266,-2.3685,Guadalajara
anguix,Anguix,41.7533,-3.9312,Burgos
angues,Angüés,42.1111,-0.153,Huesca
anna,Anna,39.0203,-0.6462,Valencia
anoeta,Anoeta,43.1624,-2.0711,Gipuzkoa
anquela-del-ducado,Anquela del Ducado,40.9708,-2.1307,Guadalajara
anquela-del-pedregal,Anquela del Pedregal,40.7434,-1.737,Guadalajara
anso,Ansó,42.7578,-0.8295,Huesca
antas,Antas,37.2454,-1.9176,Almería
antella,Antella,39.0798,-0.5919,Valencia
antequera,Antequera,37.0194,-4.5612,Málaga
antigua,Antigua,28.4231,-14.0138,Las Palmas
antiguedad,Antigüedad,41.9468,-4.1206,Palencia
antillon,Antillón,42.0364,-0.1624,Huesca
antzuola,Antzuola,43.0973,-2.38,Gipuzkoa
aoiz,Aoiz,42.7863,-1.3725,
apostol-santiago,Apostol Santiago,40.4764,-3.6594,
aracena,Aracena,37.894,-6.5612,Huelva
arafo,Arafo,28.3397,-16.4224,Santa Cruz de Tenerife
aragues-del-puerto,Aragüés del Puerto,42.7064,-0.67,Huesca
arahuetes,Arahuetes,41.1376,-3.8566,Segovia
araia,Araia,42.8935,-2.3131,
arama,Arama,43.0633,-2.1654,Gipuzkoa
aranarache,Aranarache,42.7798,-2.2292,
arancon,Arancón,41.8002,-2.2814,Soria
aranda-de-duero,Aranda de Duero,41.6704,-3.6892,Burgos
aranda-de-moncayo,Aranda de Moncayo,41.5775,-1.7917,Zaragoza
arandilla,Arandilla,41.7378,-3.4291,Burgos
arandilla-del-arroyo,Arandilla del Arroyo,40.5106,-2.3836,Cuenca
aranga,Aranga,43.2347,-8.017,A Coruña
aranjuez,Aranjuez,40.0311,-3.6025,Madrid
arano,Arano,43.1996,-1.8957,Navarra
arantza,Arantza,43.1962,-1.7249,Navarra
aranzueque,Aranzueque,40.4909,-3.0745,Guadalajara
arapiles,Arapiles,40.8937,-5.6449,Salamanca
arapiles,Arapiles,40.4344,-3.708,Salamanca
aras,Aras,42.5617,-2.356,Navarra
arauzo-de-miel,Arauzo de Miel,41.8588,-3.3877,Burgos
arauzo-de-salce,Arauzo de Salce,41.8192,-3.4119,Burgos
arauzo-de-torre,Arauzo de Torre,41.7982,-3.4231,Burgos
aravaca,Aravaca,40.4577,-3.7828,
aranuel,Arañuel,40.0667,-0.4833,Castellón
arbancon,Arbancón,40.9643,-3.1151,Guadalajara
arbeca,Arbeca,41.5415,0.9246,Lleida
arbeteta,Arbeteta,40.67,-2.4024,Guadalajara
arbizu,Arbizu,42.9154,-2.0392,Navarra
arbo,Arbo,42.1167,-8.3167,Pontevedra
arboleas,Arboleas,37.3502,-2.0738,Almería
arbucies,Arbúcies,41.8167,2.5167,Girona
arce,Arce,43.4095,-3.9422,
arcediano,Arcediano,41.0938,-5.5606,Salamanca
arcenillas,Arcenillas,41.4564,-5.6851,Zamora
archena,Archena,38.1163,-1.3004,Murcia
archidona,Archidona,37.0965,-4.3887,Málaga
arcicollar,Arcicóllar,40.0552,-4.1164,Toledo
arconada,Arconada,42.3277,-4.4962,Palencia
arcones,Arcones,41.1182,-3.7238,Segovia
arcos,Arcos,42.2666,-3.7546,Burgos
arcos,Arcos,40.4212,-3.6176,Burgos
arcos-de-jalon,Arcos de Jalón,41.2159,-2.2747,Soria
arcos-de-la-frontera,Arcos de la Frontera,36.7507,-5.8106,Cádiz
arcos-de-la-polvorosa,Arcos de la Polvorosa,41.9439,-5.6973,Zamora
arcos-de-la-sierra,Arcos de la Sierra,40.3466,-2.1131,Cuenca
arcos-de-las-salinas,Arcos de las Salinas,39.9833,-1.0333,Teruel
ardales,Ardales,36.878,-4.8469,Málaga
ardon,Ardón,42.4363,-5.5605,León
areatza,Areatza,43.1167,-2.7667,Bizkaia
arellano,Arellano,42.606,-2.0465,Navarra
arenas,Arenas,36.8162,-4.0441,Málaga
arenas-de-iguna,Arenas de Iguña,43.1829,-4.0473,Cantabria
arenas-de-san-juan,Arenas de San Juan,39.2186,-3.5021,Ciudad Real
arenas-de-san-pedro,Arenas de San Pedro,40.2104,-5.0869,Ávila
arenas-del-rey,Arenas del Rey,36.958,-3.8936,Granada
arenillas,Arenillas,41.3471,-2.8462,Soria
areny-de-noguera-aren,Areny de Noguera / Arén,42.2582,0.7214,
arenys-de-lledo-arens-de-lledo,Arenys de Lledó / Arens de Lledó,40.9924,0.2709,
arenys-de-mar,Arenys de Mar,41.5819,2.5494,Barcelona
arenys-de-munt,Arenys de Munt,41.6142,2.5397,Barcelona
arenzana-de-abajo,Arenzana de Abajo,42.386,-2.7194,La Rioja
arenzana-de-arriba,Arenzana de Arriba,42.3875,-2.6949,La Rioja
ares,Ares,43.4299,-8.2425,A Coruña
ares-del-maestre,Ares del Maestre,40.4567,-0.1327,
areso,Areso,43.0821,-1.952,Navarra
aretxabaleta,Aretxabaleta,43.0341,-2.5046,Gipuzkoa
arevalillo-de-cega,Arevalillo de Cega,41.1617,-3.8891,Segovia
argamasilla-de-alba,Argamasilla de Alba,39.1292,-3.0925,Ciudad Real
argamasilla-de-calatrava,Argamasilla de Calatrava,38.7298,-4.0763,Ciudad Real
arganda,Arganda,40.3008,-3.4372,
arganza,Arganza,42.6408,-6.6863,León
arganzuela,Arganzuela,40.4002,-3.6962,
argavieso,Argavieso,42.0528,-0.2783,Huesca
arganin,Argañín,41.4395,-6.2083,Zamora
argecilla,Argecilla,40.8815,-2.8218,Guadalajara
argelaguer,Argelaguer,42.2156,2.6419,Girona
argelita,Argelita,40.05,-0.35,Castellón
argensola,Argensola,41.598,1.4451,
argente,Argente,40.6884,-1.1622,Teruel
argentona,Argentona,41.5534,2.4011,Barcelona
argonos,Argoños,43.4574,-3.4901,Cantabria
arguedas,Arguedas,42.1776,-1.5972,Navarra
arguis,Arguis,42.3148,-0.4397,Huesca
arguisuelas,Arguisuelas,39.8333,-1.8167,Cuenca
argujillo,Argujillo,41.3116,-5.5876,Zamora
arges,Argés,39.8062,-4.057,Toledo
arguelles,Argüelles,40.4282,-3.7178,
aria,Aria,42.9528,-1.2658,Navarra
ariany,Ariany,39.6505,3.1105,Illes Balears
aribe,Aribe,42.95,-1.25,Navarra
arija,Arija,42.9935,-3.945,Burgos
ariza,Ariza,41.3144,-2.0533,Zaragoza
arino,Ariño,41.0302,-0.5921,Teruel
arjona,Arjona,37.9349,-4.0548,Jaén
arjonilla,Arjonilla,37.9742,-4.1068,Jaén
arlanzon,Arlanzón,42.3227,-3.4578,Burgos
armallones,Armallones,40.7358,-2.3026,Guadalajara
armananzas,Armañanzas,42.5596,-2.2848,Navarra
armenteros,Armenteros,40.5932,-5.4481,Salamanca
armilla,Armilla,37.1439,-3.6253,Granada
arminon,Armiñón,42.7231,-2.8717,Araba/Álava
armuna,Armuña,41.0772,-4.3195,Segovia
armuna-de-almanzora,Armuña de Almanzora,37.3503,-2.4115,Almería
armuna-de-tajuna,Armuña de Tajuña,40.5288,-3.0282,Guadalajara
arnedillo,Arnedillo,42.2122,-2.236,La Rioja
arnedo,Arnedo,42.228,-2.1008,La Rioja
arnuero,Arnuero,43.4776,-3.5696,Cantabria
aroche,Aroche,37.9421,-6.9576,Huelva
arona,Arona,28.0996,-16.681,Santa Cruz de Tenerife
arquillinos,Arquillinos,41.7099,-5.6571,Zamora
arquillos,Arquillos,38.1815,-3.4283,Jaén
arrabalde,Arrabalde,42.1076,-5.8944,Zamora
arrancacepas,Arrancacepas,40.3032,-2.359,Cuenca
arrasate-mondragon,Arrasate/Mondragón,43.0644,-2.4898,Gipuzkoa
arraya-de-oca,Arraya de Oca,42.4149,-3.3978,Burgos
arrecife,Arrecife,28.963,-13.5477,Las Palmas
arredondo,Arredondo,43.2732,-3.6003,Cantabria
arriate,Arriate,36.8,-5.1408,Málaga
arrigorriaga,Arrigorriaga,43.2101,-2.8856,Bizkaia
arroyo-de-san-servan,Arroyo de San Serván,38.8544,-6.454,Badajoz
arroyo-de-la-encomienda,Arroyo de la Encomienda,41.6096,-4.7969,Valladolid
arroyo-de-la-luz,Arroyo de la Luz,39.4851,-6.584,Cáceres
arroyo-de-la-miel,Arroyo de la Miel,36.5992,-4.5351,
arroyo-de-las-fraguas,Arroyo de las Fraguas,41.1025,-3.1301,Guadalajara
arroyo-del-ojanco,Arroyo del Ojanco,38.3207,-2.8949,Jaén
arroyomolinos,Arroyomolinos,40.2695,-3.9195,Cáceres
arroyomolinos-de-leon,Arroyomolinos de León,38.0167,-6.4167,Huelva
arroyomolinos-de-la-vera,Arroyomolinos de la Vera,40.0528,-5.8511,Cáceres
arruazu,Arruazu,42.9219,-2.0016,Navarra
arroniz,Arróniz,42.5882,-2.0924,Navarra
arrubal,Arrúbal,42.4348,-2.2514,La Rioja
artajona,Artajona,42.5887,-1.765,Navarra
artana,Artana,39.891,-0.2576,Castellón
artazu,Artazu,42.6923,-1.8395,Navarra
arteixo,Arteixo,43.3048,-8.5075,A Coruña
artenara,Artenara,28.0206,-15.6469,Las Palmas
artesa-de-segre,Artesa de Segre,41.8947,1.0462,Lleida
artieda,Artieda,42.5854,-0.9842,Zaragoza
arta,Artà,39.6932,3.3498,Illes Balears
artes,Artés,41.798,1.9543,Barcelona
arucas,Arucas,28.1198,-15.5233,Las Palmas
arzua,Arzúa,42.9281,-8.1641,A Coruña
arzua,Arzúa,42.9333,-8.15,A Coruña
arandiga,Arándiga,41.5087,-1.5007,Zaragoza
arevalo,Arévalo,41.0626,-4.7204,Ávila
arevalo-de-la-sierra,Arévalo de la Sierra,41.9472,-2.4003,Soria
as-pontes-de-garcia-rodriguez,As Pontes de García Rodríguez,43.4527,-7.8518,
asco,Ascó,41.1833,0.5667,Tarragona
asin,Asín,42.2831,-1.0466,Zaragoza
aspa,Aspa,41.4947,0.6728,Lleida
aspariegos,Aspariegos,41.6746,-5.5995,Zamora
aspe,Aspe,38.3451,-0.7672,Alicante
asteasu,Asteasu,43.1944,-2.0982,Gipuzkoa
astigarraga,Astigarraga,43.2817,-1.9463,Gipuzkoa
astorga,Astorga,42.4588,-6.056,León
astudillo,Astudillo,42.1933,-4.2939,Palencia
asturianos,Asturianos,42.052,-6.4894,Zamora
atajate,Atajate,36.6402,-5.2461,Málaga
atalaya,Atalaya,38.3333,-6.4667,Badajoz
atalaya,Atalaya,40.4643,-3.6649,Badajoz
atalaya-del-canavate,Atalaya del Cañavate,39.5186,-2.2517,Cuenca
atamaria,Atamaría,37.5999,-0.8068,
atanzon,Atanzón,40.667,-2.9969,Guadalajara
atapuerca,Atapuerca,42.3776,-3.5079,Burgos
ataquines,Ataquines,41.1825,-4.8032,Valladolid
atarfe,Atarfe,37.2248,-3.6869,Granada
atarrabia,Atarrabia,42.8323,-1.6074,
ataun,Ataun,43.0061,-2.1766,Gipuzkoa
atea,Atea,41.1606,-1.5553,Zaragoza
ateca,Ateca,41.3309,-1.7935,Zaragoza
atienza,Atienza,41.1972,-2.8713,Guadalajara
atocha,Atocha,40.4035,-3.6873,
atzeneta-d-albaida,Atzeneta d'Albaida,38.8333,-0.5,Valencia
aulesti,Aulesti,43.3,-2.5667,Bizkaia
ausejo,Ausejo,42.3421,-2.1671,La Rioja
ausejo-de-la-sierra,Ausejo de la Sierra,41.8946,-2.3739,Soria
autilla-del-pino,Autilla del Pino,41.9921,-4.6339,Palencia
autillo-de-campos,Autillo de Campos,42.0872,-4.8338,Palencia
autol,Autol,42.2166,-2.0053,La Rioja
aunon,Auñón,40.5175,-2.7925,Guadalajara
aveinte,Aveinte,40.7823,-4.8365,Ávila
avellaneda,Avellaneda,43.2294,-3.1617,Ávila
avellaneda,Avellaneda,40.3891,-5.3881,Ávila
avellanosa-de-muno,Avellanosa de Muñó,41.9835,-3.8255,Burgos
aviles,Avilés,43.5547,-5.9248,Asturias
avinyonet-de-puigventos,Avinyonet de Puigventós,42.2498,2.9151,Girona
avinyonet-del-penedes,Avinyonet del Penedès,41.35,1.7833,Barcelona
avinyo,Avinyó,41.8637,1.9709,Barcelona
avia,Avià,42.0667,1.85,Barcelona
avion,Avión,42.3751,-8.2512,Ourense
axpe-san-bartolome,Axpe-San Bartolome,43.3835,-2.6977,
ayamonte,Ayamonte,37.2133,-7.4081,Huelva
ayegui,Ayegui,42.6566,-2.0393,
ayerbe,Ayerbe,42.2727,-0.6884,Huesca
ayllon,Ayllón,41.419,-3.3754,Segovia
ayna,Ayna,38.55,-2.0833,Albacete
ayora,Ayora,39.0585,-1.0563,Valencia
ayoo-de-vidriales,Ayoó de Vidriales,42.1304,-6.0655,Zamora
ayuela,Ayuela,42.6262,-4.6598,Palencia
ayodar,Ayódar,40.0,-0.3667,Castellón
azagra,Azagra,42.3,-1.9,Navarra
azara,Azara,42.0703,-0.0292,Huesca
azkoitia,Azkoitia,43.1774,-2.3113,Gipuzkoa
azlor,Azlor,42.0943,-0.0459,Huesca
aznalcazar,Aznalcázar,37.3042,-6.2496,Sevilla
aznalcollar,Aznalcóllar,37.5191,-6.2699,Sevilla
azofra,Azofra,42.424,-2.8009,La Rioja
azpeitia,Azpeitia,43.1825,-2.2669,Gipuzkoa
azuaga,Azuaga,38.2667,-5.6833,Badajoz
azuara,Azuara,41.2582,-0.8708,Zaragoza
azuelo,Azuelo,42.6084,-2.3499,Navarra
azuqueca-de-henares,Azuqueca de Henares,40.5657,-3.2675,Guadalajara
azutan,Azután,39.7856,-5.1273,Toledo
azuebar,Azuébar,39.8333,-0.3667,Castellón
ainsa,Aínsa,42.4155,0.1401,
ane,Añe,41.037,-4.2946,Segovia
anora,Añora,38.4167,-4.9,Córdoba
anorbe,Añorbe,42.6573,-1.7149,Navarra
anover-de-tajo,Añover de Tajo,39.9887,-3.7658,Toledo
anover-de-tormes,Añover de Tormes,41.1366,-5.9158,Salamanca
babilafuente,Babilafuente,40.977,-5.4255,Salamanca
badajoz,Badajoz,38.8779,-6.9706,Badajoz
badalona,Badalona,41.45,2.2474,Barcelona
badaran,Badarán,42.3679,-2.8108,La Rioja
badolatosa,Badolatosa,37.3079,-4.673,Sevilla
badules,Badules,41.139,-1.2537,Zaragoza
baells,Baélls,41.9532,0.4596,Huesca
baena,Baena,37.6167,-4.3224,Córdoba
baeza,Baeza,37.9938,-3.471,Jaén
baga,Bagà,42.2529,1.861,Barcelona
bagues,Bagüés,42.5493,-0.9458,Zaragoza
bahabon,Bahabón,41.4814,-4.2794,Valladolid
bahabon-de-esgueva,Bahabón de Esgueva,41.8616,-3.7298,Burgos
baides,Baides,41.0069,-2.7762,Guadalajara
bailo,Bailo,42.5091,-0.8114,Huesca
bailen,Bailén,38.0964,-3.7779,Jaén
baiona,Baiona,42.1167,-8.85,Pontevedra
bakaiku,Bakaiku,42.8924,-2.1025,Navarra
bakio,Bakio,43.4292,-2.8088,Bizkaia
balaguer,Balaguer,41.7912,0.8109,Lleida
balanegra,Balanegra,36.7489,-2.9097,Almería
balazote,Balazote,38.8844,-2.1518,Albacete
balboa,Balboa,42.7061,-6.9222,León
balconchan,Balconchán,41.0874,-1.46,Zaragoza
baliarrain,Baliarrain,43.0693,-2.1278,Gipuzkoa
ballesteros-de-calatrava,Ballesteros de Calatrava,38.8346,-3.9447,Ciudad Real
ballobar,Ballobar,41.6211,0.192,Huesca
balmaseda,Balmaseda,43.2,-3.2,Bizkaia
balones,Balones,38.7373,-0.3432,Alicante
balsa-de-ves,Balsa de Ves,39.2667,-1.2,Albacete
balsareny,Balsareny,41.8631,1.8736,Barcelona
baltanas,Baltanás,41.9378,-4.2466,Palencia
baltar,Baltar,41.952,-7.7158,Ourense
banastas,Banastás,42.1809,-0.4519,Huesca
bande,Bande,42.0312,-7.9749,Ourense
banyalbufar,Banyalbufar,39.6873,2.5141,Illes Balears
banyoles,Banyoles,42.1167,2.7667,Girona
baquerin-de-campos,Baquerín de Campos,42.016,-4.7819,Palencia
barajas-de-madrid,Barajas de Madrid,40.4737,-3.5778,
barajas-de-melo,Barajas de Melo,40.1234,-2.9167,Cuenca
barakaldo,Barakaldo,43.2964,-2.9881,Bizkaia
baralla,Baralla,42.8921,-7.2549,Lugo
baranain,Barañáin,42.8057,-1.6773,
barbadillo-de-herreros,Barbadillo de Herreros,42.1497,-3.177,Burgos
barbadillo-del-mercado,Barbadillo del Mercado,42.0386,-3.3567,Burgos
barbadillo-del-pez,Barbadillo del Pez,42.1188,-3.228,Burgos
barbalos,Barbalos,40.6768,-5.9426,Salamanca
barbastro,Barbastro,42.0356,0.1269,Huesca
barbate,Barbate,36.1924,-5.9219,Cádiz
barbera-del-valles,Barberà del Vallès,41.5159,2.1246,Barcelona
barbolla,Barbolla,41.3257,-3.6736,Segovia
barbues,Barbués,41.9808,-0.4195,Huesca
barbunales,Barbuñales,42.0256,-0.0866,Huesca
barca,Barca,41.4549,-2.6222,Soria
barcarrota,Barcarrota,38.5147,-6.8492,Badajoz
barcelona,Barcelona,41.3888,2.159,Barcelona
barceo,Barceo,41.0611,-6.4517,Salamanca
barchin-del-hoyo,Barchín del Hoyo,39.6667,-2.0667,Cuenca
barcial-de-la-loma,Barcial de la Loma,41.9514,-5.2835,Valladolid
barcial-del-barco,Barcial del Barco,41.9335,-5.6627,Zamora
barcience,Barcience,39.9837,-4.2344,Toledo
barcones,Barcones,41.2915,-2.8163,Soria
bardallur,Bardallur,41.6842,-1.2118,Zaragoza
bareyo,Bareyo,43.4669,-3.6008,Cantabria
bargas,Bargas,39.9411,-4.0198,Toledo
bargota,Bargota,42.5598,-2.3107,Navarra
barillas,Barillas,41.9667,-1.6333,Navarra
barjas,Barjas,42.6118,-6.9798,León
barlovento,Barlovento,28.8271,-17.8038,Santa Cruz de Tenerife
barracas,Barracas,40.0167,-0.6833,Castellón
barrachina,Barrachina,40.8969,-1.1386,Teruel
barraco,Barraco,40.4765,-4.6435,
barrado,Barrado,40.0848,-5.8807,Cáceres
barrax,Barrax,39.0461,-2.2015,Albacete
barreiros,Barreiros,43.5332,-7.2334,Lugo
barri-gotic,Barri Gòtic,41.3836,2.1763,
barri-de-sant-andreu,Barri de Sant Andreu,41.4369,2.1902,
barri-de-les-corts,Barri de les Corts,41.387,2.1347,
barrio-de-muno,Barrio de Muñó,42.1758,-4.0072,Burgos
barrio-de-peral,Barrio de Peral,37.6251,-0.9879,
barrio-de-la-concepcion,Barrio de la Concepción,37.6,-1.0,
barriopedro,Barriopedro,40.7903,-2.7525,Guadalajara
barrios-de-colina,Barrios de Colina,42.3959,-3.46,Burgos
barro,Barro,42.5553,-8.6223,Pontevedra
barroman,Barromán,41.0654,-4.9307,Ávila
barruecopardo,Barruecopardo,41.0722,-6.6642,Salamanca
barruelo-de-santullan,Barruelo de Santullán,42.9064,-4.2859,Palencia
barx,Barx,39.0167,-0.3,Valencia
barxeta,Barxeta,39.0167,-0.4167,Valencia
barasoain,Barásoain,42.6034,-1.6466,Navarra
baro-de-viver,Baró de Viver,41.4458,2.199,
basardilla,Basardilla,41.0274,-4.026,Segovia
basauri,Basauri,43.2397,-2.8858,Bizkaia
basconcillos-del-tozo,Basconcillos del Tozo,42.7024,-3.9894,Burgos
bascunana,Bascuñana,42.4255,-3.0823,Burgos
bascunana-de-san-pedro,Bascuñana de San Pedro,40.2132,-2.2281,Cuenca
bastida-labastida,Bastida / Labastida,42.5897,-2.7957,
batea,Batea,41.0943,0.311,Tarragona
baterno,Baterno,38.9558,-4.9104,Badajoz
batres,Batres,40.2098,-3.9233,Madrid
bayarque,Bayarque,37.3306,-2.4361,Almería
bayubas-de-abajo,Bayubas de Abajo,41.5275,-2.8959,Soria
bayubas-de-arriba,Bayubas de Arriba,41.5575,-2.8873,Soria
bayarcal,Bayárcal,37.0307,-2.9961,Almería
baza,Baza,37.4907,-2.7726,Granada
banares,Bañares,42.4684,-2.9101,La Rioja
banobarez,Bañobárez,40.8483,-6.6131,Salamanca
banos-de-molgas,Baños de Molgas,42.2415,-7.6722,Ourense
banos-de-montemayor,Baños de Montemayor,40.3167,-5.8601,Cáceres
banos-de-rioja,Baños de Rioja,42.5123,-2.9463,La Rioja
banos-de-rio-tobia,Baños de Río Tobía,42.3353,-2.761,La Rioja
banos-de-tajo,Baños de Tajo,40.7167,-1.9667,Guadalajara
banos-de-valdearados,Baños de Valdearados,41.7701,-3.5559,Burgos
banos-de-la-encina,Baños de la Encina,38.1738,-3.7748,Jaén
banuelos,Bañuelos,41.286,-2.9148,Guadalajara
banuelos-de-bureba,Bañuelos de Bureba,42.5026,-3.2796,Burgos
banon,Bañón,40.8383,-1.1909,Teruel
bea,Bea,41.0363,-1.1473,Teruel
beade,Beade,42.3307,-8.1295,Ourense
beamud,Beamud,40.1865,-1.8288,Cuenca
beas,Beas,37.4257,-6.7932,Huelva
beas-de-granada,Beas de Granada,37.218,-3.4809,Granada
beas-de-guadix,Beas de Guadix,37.2786,-3.2058,Granada
beas-de-segura,Beas de Segura,38.2524,-2.8887,Jaén
beasain,Beasain,43.0502,-2.2009,Gipuzkoa
becedas,Becedas,40.4037,-5.6358,Ávila
becedillas,Becedillas,40.5382,-5.3256,Ávila
becerrea,Becerreá,42.8561,-7.1636,Lugo
becerril-de-campos,Becerril de Campos,42.1084,-4.6415,Palencia
becerril-de-la-sierra,Becerril de la Sierra,40.717,-3.9886,Madrid
becilla-de-valderaduey,Becilla de Valderaduey,42.099,-5.218,Valladolid
begonte,Begonte,43.1512,-7.6864,Lugo
begues,Begues,41.3333,1.9333,Barcelona
begur,Begur,41.95,3.2167,Girona
begijar,Begíjar,37.9849,-3.5309,Jaén
beire,Beire,42.4541,-1.621,Navarra
beires,Beires,37.0124,-2.7913,Almería
beizama,Beizama,43.1339,-2.2,Gipuzkoa
belalcazar,Belalcázar,38.5757,-5.1665,Córdoba
belascoain,Belascoáin,42.7562,-1.8323,Navarra
belauntza,Belauntza,43.1359,-2.0516,Gipuzkoa
belbimbre,Belbimbre,42.1687,-4.0128,Burgos
belchite,Belchite,41.306,-0.754,Zaragoza
belena,Beleña,40.7507,-5.6271,Salamanca
belinchon,Belinchón,40.046,-3.0552,Cuenca
bellas-vistas,Bellas Vistas,40.4524,-3.7076,
bellcaire-d-urgell,Bellcaire d'Urgell,41.75,0.9167,Lleida
bello,Bello,40.9227,-1.4985,Teruel
bellprat,Bellprat,41.517,1.4333,Barcelona
bellpuig,Bellpuig,41.626,1.0114,Lleida
bellreguard,Bellreguard,38.95,-0.1667,Valencia
bellver-de-cerdanya,Bellver de Cerdanya,42.3667,1.7833,Lleida
bellvis,Bellvís,41.6727,0.8177,Lleida
bellus,Bellús,38.9458,-0.487,Valencia
belmonte,Belmonte,39.5575,-2.7046,Cuenca
belmonte,Belmonte,43.2824,-6.2182,Cuenca
belmonte-de-campos,Belmonte de Campos,41.9425,-4.9866,Palencia
belmonte-de-tajo,Belmonte de Tajo,40.1316,-3.3358,Madrid
belmontejo,Belmontejo,39.8221,-2.3447,Cuenca
belorado,Belorado,42.4205,-3.1913,Burgos
belver-de-cinca,Belver de Cinca,41.6927,0.1783,Huesca
belver-de-los-montes,Belver de los Montes,41.7228,-5.4518,Zamora
belvis-de-la-jara,Belvís de la Jara,39.7577,-4.9493,Toledo
bembibre,Bembibre,42.6177,-6.4154,León
benacazon,Benacazón,37.3529,-6.1966,Sevilla
benafarces,Benafarces,41.6213,-5.2928,Valladolid
benafigos,Benafigos,40.2764,-0.2077,Castellón
benaguasil,Benaguasil,39.6,-0.5833,Valencia
benageber,Benagéber,39.7167,-1.1,Valencia
benahadux,Benahadux,36.9249,-2.4594,Almería
benahavis,Benahavís,36.5236,-5.0463,Málaga
benalauria,Benalauría,36.5945,-5.261,Málaga
benalmadena,Benalmádena,36.5961,-4.5727,Málaga
benalup-casas-viejas,Benalup-Casas Viejas,36.3438,-5.8128,Cádiz
benalua-de-guadix,Benalúa de Guadix,37.3519,-3.164,
benalua-de-las-villas,Benalúa de las Villas,37.4274,-3.6835,Granada
benamargosa,Benamargosa,36.835,-4.1936,Málaga
benamaurel,Benamaurel,37.6083,-2.7025,Granada
benameji,Benamejí,37.2683,-4.5412,Córdoba
benamocarra,Benamocarra,36.7908,-4.1615,Málaga
benaocaz,Benaocaz,36.7007,-5.4222,Cádiz
benaojan,Benaoján,36.7193,-5.2522,Málaga
benarraba,Benarrabá,36.5512,-5.2761,Málaga
benasau,Benasau,38.6905,-0.3428,Alicante
benasque,Benasque,42.6053,0.5231,Huesca
benassal,Benassal,40.3769,-0.1397,Castellón
benatae,Benatae,38.3532,-2.6512,Jaén
benavarri-benabarre,Benavarri / Benabarre,42.1059,0.4821,
benavente,Benavente,42.0025,-5.6783,Zamora
benavides,Benavides,42.5044,-5.8944,León
benavites,Benavites,39.7333,-0.25,Valencia
benegiles,Benegiles,41.627,-5.6348,Zamora
beneixama,Beneixama,38.7,-0.7667,Alicante
beneixida,Beneixida,39.0667,-0.55,Valencia
benejuzar,Benejúzar,38.0773,-0.8394,Alicante
benetusser,Benetússer,39.4226,-0.3969,Valencia
benferri,Benferri,38.1413,-0.9621,Alicante
beniarbeig,Beniarbeig,38.8223,-0.0021,Alicante
beniarda,Beniardà,38.6843,-0.2163,Alicante
beniarjo,Beniarjó,38.9325,-0.1863,Valencia
beniarres,Beniarrés,38.8202,-0.3774,Alicante
beniatjar,Beniatjar,38.8475,-0.4174,Valencia
benicarlo,Benicarló,40.4165,0.4271,Castellón
benicolet,Benicolet,38.9199,-0.3469,Valencia
benicassim,Benicàssim,40.05,0.0667,
benidoleig,Benidoleig,38.7928,-0.0299,Alicante
benidorm,Benidorm,38.5382,-0.131,Alicante
beniel,Beniel,38.0464,-1.0023,Murcia
benifairo-de-les-valls,Benifairó de les Valls,39.7333,-0.2667,Valencia
benifaio,Benifaió,39.2844,-0.426,Valencia
benifallet,Benifallet,40.9742,0.5177,Tarragona
benifallim,Benifallim,38.6626,-0.3999,Alicante
benifla,Beniflá,38.9281,-0.1782,Valencia
beniganim,Benigànim,38.95,-0.4333,Valencia
benijofar,Benijófar,38.0778,-0.7368,Alicante
benilloba,Benilloba,38.7001,-0.39,Alicante
benillup,Benillup,38.754,-0.3799,Alicante
benimantell,Benimantell,38.6771,-0.2106,Alicante
benimarfull,Benimarfull,38.7759,-0.3908,Alicante
benimassot,Benimassot,38.75,-0.2833,Alicante
benimeli,Benimeli,38.8236,-0.0422,Alicante
benimodo,Benimodo,39.214,-0.5268,Valencia
benimuslem,Benimuslem,39.1316,-0.4929,Valencia
beniparrell,Beniparrell,39.3833,-0.4167,Valencia
benirredra,Benirredrà,38.9611,-0.1974,Valencia
benisano,Benisanó,39.6167,-0.5667,
benissa,Benissa,38.7149,0.0485,Alicante
benissoda,Benissoda,38.8333,-0.5167,Valencia
benisuera,Benisuera,38.9132,-0.4778,
benitachell,Benitachell,38.7327,0.1435,
benitagla,Benitagla,37.2314,-2.2393,Almería
benizalon,Benizalón,37.2121,-2.2418,Almería
benlloch,Benlloch,40.2107,0.0272,
benquerencia,Benquerencia,39.3099,-6.0846,Cáceres
bentarique,Bentarique,36.9882,-2.6199,Almería
benuza,Benuza,42.3994,-6.7097,León
benzu,Benzú,35.9165,-5.3729,
bera,Bera,43.2818,-1.6863,Navarra
berango,Berango,43.365,-2.996,Bizkaia
berantevilla,Berantevilla,42.6825,-2.8583,Araba/Álava
beranuy,Beranuy,42.3665,0.5942,Huesca
berastegi,Berastegi,43.1242,-1.9802,Gipuzkoa
beraton,Beratón,41.7175,-1.8109,Soria
berbegal,Berbegal,41.9596,-0.0033,Huesca
berberana,Berberana,42.9178,-3.0606,Burgos
berbinzana,Berbinzana,42.5278,-1.8342,Navarra
berceo,Berceo,42.3391,-2.8524,La Rioja
bercero,Bercero,41.564,-5.0558,Valladolid
berceruelo,Berceruelo,41.5803,-5.0327,Valladolid
bercial,Bercial,40.9071,-4.4364,Segovia
bercial-de-zapardiel,Bercial de Zapardiel,41.0468,-4.9691,Ávila
bercianos-del-paramo,Bercianos del Páramo,42.3802,-5.7083,León
bercianos-del-real-camino,Bercianos del Real Camino,42.3873,-5.1446,León
bercimuel,Bercimuel,41.3993,-3.5705,Segovia
berdejo,Berdejo,41.5613,-1.9443,Zaragoza
berga,Berga,42.1043,1.8463,Barcelona
bergara,Bergara,43.1151,-2.4175,Gipuzkoa
bergasa,Bergasa,42.2529,-2.1322,La Rioja
bergasillas-bajera,Bergasillas Bajera,42.2446,-2.1583,La Rioja
berge,Berge,40.8579,-0.4271,Teruel
bergondo,Bergondo,43.3167,-8.2333,A Coruña
beriain,Beriáin,42.7335,-1.6445,Navarra
berja,Berja,36.8469,-2.9497,Almería
berlanga,Berlanga,38.2833,-5.8167,Badajoz
berlanga-de-duero,Berlanga de Duero,41.4656,-2.8615,Soria
berlanga-del-bierzo,Berlanga del Bierzo,42.731,-6.6056,León
berlangas-de-roa,Berlangas de Roa,41.6891,-3.8728,Burgos
bermellar,Bermellar,40.9992,-6.6701,Salamanca
bermeo,Bermeo,43.4209,-2.7215,Bizkaia
bermillo-de-sayago,Bermillo de Sayago,41.3665,-6.1122,Zamora
bernardos,Bernardos,41.1279,-4.3512,Segovia
berninches,Berninches,40.5711,-2.8012,Guadalajara
berriatua,Berriatua,43.3167,-2.4667,Bizkaia
berriobeiti,Berriobeiti,42.8552,-1.6892,
berriozar,Berriozar,42.8307,-1.6665,Navarra
berriz,Berriz,43.1667,-2.5667,Bizkaia
berrobi,Berrobi,43.1452,-2.0262,Gipuzkoa
berrocal,Berrocal,37.6086,-6.5415,Huelva
berrocal-de-huebra,Berrocal de Huebra,40.7186,-6.0005,Salamanca
berrocal-de-salvatierra,Berrocal de Salvatierra,40.6333,-5.6901,Salamanca
berrocalejo,Berrocalejo,39.8195,-5.3495,Cáceres
berrocalejo-de-aragona,Berrocalejo de Aragona,40.6944,-4.5947,Ávila
berrueces,Berrueces,41.9461,-5.0969,Valladolid
berruguete,Berruguete,40.4596,-3.705,
berzosa-de-bureba,Berzosa de Bureba,42.6268,-3.2665,Burgos
berzosa-del-lozoya,Berzosa del Lozoya,40.9732,-3.5201,Madrid
berzosilla,Berzosilla,42.7805,-4.0375,Palencia
besalu,Besalú,42.1989,2.6995,Girona
bescano,Bescanó,41.966,2.7392,Girona
betanzos,Betanzos,43.2804,-8.2147,A Coruña
betelu,Betelu,43.0256,-1.9803,Navarra
beteta,Beteta,40.5719,-2.0759,Cuenca
betxi,Betxí,39.9333,-0.2,Castellón
beuda,Beuda,42.2372,2.7094,Girona
bezares,Bezares,42.3704,-2.6708,La Rioja
bezas,Bezas,40.3308,-1.3251,Teruel
biar,Biar,38.6312,-0.7646,Alicante
bicorp,Bicorp,39.1322,-0.7872,Valencia
biel,Biel,42.3876,-0.9415,Zaragoza
bielsa,Bielsa,42.6335,0.2186,Huesca
bienservida,Bienservida,38.5172,-2.6109,Albacete
bienvenida,Bienvenida,38.3,-6.2,Badajoz
bierge,Bierge,42.1622,-0.0833,Huesca
biescas,Biescas,42.629,-0.3214,Huesca
bigastro,Bigastro,38.0624,-0.8984,Alicante
bigues-i-riells,Bigues i Riells,41.6833,2.2333,
bijuesca,Bijuesca,41.5408,-1.9204,Zaragoza
bilbao,Bilbao,43.2627,-2.9253,Bizkaia
bimenes,Bimenes,43.3167,-5.55,Asturias
binaced,Binaced,41.8256,0.2008,Huesca
binissalem,Binissalem,39.6874,2.844,Illes Balears
binefar,Binéfar,41.8514,0.2943,Huesca
biota,Biota,42.2621,-1.1873,Zaragoza
bisaurri,Bisaurri,42.4968,0.5065,Huesca
biscarrues,Biscarrués,42.2287,-0.7497,Huesca
bisimbre,Bisimbre,41.8561,-1.4427,Zaragoza
biure,Biure,42.3373,2.8951,Girona
blacos,Blacos,41.6809,-2.8583,Soria
blanca,Blanca,38.1791,-1.3747,Murcia
blancafort,Blancafort,41.4374,1.1598,Tarragona
blancas,Blancas,40.8139,-1.4821,Teruel
blancos,Blancos,41.9965,-7.7518,
blanes,Blanes,41.6742,2.7904,Girona
blascomillan,Blascomillán,40.8015,-5.087,Ávila
blascosancho,Blascosancho,40.8774,-4.6374,Ávila
blesa,Blesa,41.0515,-0.885,Teruel
bliecos,Bliecos,41.5279,-2.2713,Soria
blimea,Blimea,43.2725,-5.5898,
boada,Boada,40.8157,-6.3061,Salamanca
boada-de-campos,Boada de Campos,41.9896,-4.8773,Palencia
boadilla-del-camino,Boadilla del Camino,42.2593,-4.3453,Palencia
boadilla-del-monte,Boadilla del Monte,40.405,-3.8784,Madrid
boal,Boal,43.432,-6.8151,Asturias
boalo,Boalo,40.716,-3.9166,
bobadilla,Bobadilla,42.3187,-2.7599,La Rioja
bobadilla-del-campo,Bobadilla del Campo,41.2043,-5.0229,Valladolid
boboras,Boborás,42.4333,-8.1443,Ourense
boca-de-huergano,Boca de Huérgano,42.9729,-4.9242,León
bocairent,Bocairent,38.7667,-0.6167,Valencia
boceguillas,Boceguillas,41.3364,-3.6383,Segovia
bocigas,Bocigas,41.2307,-4.6813,Valladolid
bocos-de-duero,Bocos de Duero,41.6234,-4.0705,Valladolid
bodonal-de-la-sierra,Bodonal de la Sierra,38.1475,-6.5595,Badajoz
boecillo,Boecillo,41.5409,-4.6994,Valladolid
bogajo,Bogajo,40.9071,-6.5306,Salamanca
bogarra,Bogarra,38.5814,-2.2129,Albacete
bohonal-de-ibor,Bohonal de Ibor,39.7846,-5.485,Cáceres
bohoyo,Bohoyo,40.3158,-5.4429,Ávila
boimorto,Boimorto,43.0,-8.1333,A Coruña
boiro,Boiro,42.6472,-8.8846,A Coruña
bolanos-de-calatrava,Bolaños de Calatrava,38.9069,-3.6635,Ciudad Real
bolanos-de-campos,Bolaños de Campos,42.0068,-5.2843,Valladolid
bolbaite,Bolbaite,39.0604,-0.6747,Valencia
bollullos-de-la-mitacion,Bollullos de la Mitación,37.3401,-6.1372,Sevilla
bollullos-par-del-condado,Bollullos Par del Condado,37.3413,-6.5397,Huelva
boltana,Boltaña,42.4455,0.068,Huesca
bolulla,Bolulla,38.6753,-0.1118,Alicante
bolvir,Bolvir,42.4177,1.8799,Girona
bonansa,Bonansa,42.4269,0.6669,Huesca
bonares,Bonares,37.3242,-6.6807,Huelva
bonastre,Bonastre,41.2203,1.4394,Tarragona
bonete,Bonete,38.8714,-1.3485,Albacete
boniches,Boniches,39.9833,-1.6167,Cuenca
bonilla-de-la-sierra,Bonilla de la Sierra,40.5306,-5.2645,Ávila
bonrepos-i-mirambell,Bonrepòs i Mirambell,39.5167,-0.3667,Valencia
boo,Boo,43.431,-3.9459,
boquineni,Boquiñeni,41.848,-1.2525,Zaragoza
borau,Borau,42.6586,-0.5885,Huesca
bordalba,Bordalba,41.4167,-2.0667,Zaragoza
bordils,Bordils,42.0434,2.9109,Girona
bordon,Bordón,40.6865,-0.3222,Teruel
borja,Borja,41.8341,-1.5327,Zaragoza
borjabad,Borjabad,41.5525,-2.3662,Soria
bormujos,Bormujos,37.3736,-6.0723,Sevilla
bornos,Bornos,36.8168,-5.7445,Cádiz
borobia,Borobia,41.6648,-1.8962,Soria
borox,Borox,40.068,-3.738,Toledo
borrassa,Borrassà,42.2232,2.9261,Girona
borreda,Borredà,42.1356,1.9943,Barcelona
borrenes,Borrenes,42.4902,-6.7234,León
borriol,Borriol,40.0425,-0.0703,Castellón
bot,Bot,41.0092,0.3839,Tarragona
botarell,Botarell,41.1363,0.9892,Tarragona
botija,Botija,39.345,-6.0732,Cáceres
botorrita,Botorrita,41.5071,-1.031,Zaragoza
bovera,Bovera,41.3167,0.65,Lleida
bonar,Boñar,42.8668,-5.3239,León
brabos,Brabos,40.7785,-4.9393,Ávila
braojos,Braojos,41.0404,-3.6433,Madrid
brazacorta,Brazacorta,41.7174,-3.3671,Burgos
brazatortas,Brazatortas,38.6587,-4.2937,Ciudad Real
brazuelo,Brazuelo,42.497,-6.1573,León
branosera,Brañosera,42.9362,-4.3083,Palencia
brea-de-aragon,Brea de Aragón,41.5239,-1.6026,Zaragoza
brea-de-tajo,Brea de Tajo,40.2333,-3.1,Madrid
breda,Breda,41.7483,2.5596,Girona
brenes,Brenes,37.5494,-5.8714,Sevilla
bretocino,Bretocino,41.8843,-5.7547,Zamora
breto,Bretó,41.8792,-5.739,Zamora
brena-alta,Breña Alta,28.65,-17.7833,Santa Cruz de Tenerife
brena-baja,Breña Baja,28.6301,-17.7895,Santa Cruz de Tenerife
brieva,Brieva,41.0348,-4.0536,Segovia
brieva-de-cameros,Brieva de Cameros,42.1646,-2.7945,La Rioja
brihuega,Brihuega,40.7605,-2.8697,Guadalajara
brime-de-sog,Brime de Sog,42.0616,-6.0479,Zamora
brime-de-urz,Brime de Urz,42.0379,-5.8733,Zamora
brincones,Brincones,41.1134,-6.3487,Salamanca
briones,Briones,42.544,-2.7857,La Rioja
briviesca,Briviesca,42.5499,-3.3232,Burgos
brinas,Briñas,42.6011,-2.8319,La Rioja
bronchales,Bronchales,40.5117,-1.5882,Teruel
broto,Broto,42.6043,-0.1235,Huesca
brozas,Brozas,39.6128,-6.7777,Cáceres
brunete,Brunete,40.4053,-3.9985,Madrid
brunyola,Brunyola,41.9,2.6833,
buberos,Buberos,41.6469,-2.1941,Soria
bubierca,Bubierca,41.3148,-1.8539,Zaragoza
bubion,Bubión,36.949,-3.3561,Granada
buciegas,Buciegas,40.3362,-2.4625,Cuenca
budia,Budia,40.6273,-2.7585,Guadalajara
buenache-de-alarcon,Buenache de Alarcón,39.65,-2.1667,Cuenca
buenamadre,Buenamadre,40.8571,-6.2499,Salamanca
buenaventura,Buenaventura,40.1771,-4.85,Toledo
buenavista,Buenavista,40.7676,-5.6114,Salamanca
buenavista,Buenavista,40.3671,-3.7461,Salamanca
buenavista-de-valdavia,Buenavista de Valdavia,42.6379,-4.6145,Palencia
buenavista-del-norte,Buenavista del Norte,28.3746,-16.861,Santa Cruz de Tenerife
buendia,Buendía,40.3664,-2.7565,Cuenca
bueu,Bueu,42.3246,-8.785,Pontevedra
buena,Bueña,40.7088,-1.2674,Teruel
bufali,Bufali,38.8678,-0.5162,Valencia
bugarra,Bugarra,39.6167,-0.7667,Valencia
bugedo,Bugedo,42.6491,-3.0179,Burgos
buitrago,Buitrago,41.8473,-2.4086,Soria
buitrago-del-lozoya,Buitrago del Lozoya,40.9909,-3.6336,Madrid
bujalance,Bujalance,37.8956,-4.3807,Córdoba
bujalaro,Bujalaro,40.9369,-2.8833,Guadalajara
bujaraloz,Bujaraloz,41.4981,-0.1529,Zaragoza
bulbuente,Bulbuente,41.8197,-1.6024,Zaragoza
bullas,Bullas,38.0467,-1.6723,Murcia
buniel,Buniel,42.312,-3.8223,Burgos
bunyola,Bunyola,39.6963,2.6995,Illes Balears
burbaguena,Burbáguena,41.0178,-1.3382,Teruel
burela-de-cabo,Burela de Cabo,43.662,-7.367,
bureta,Bureta,41.8157,-1.4882,Zaragoza
burganes-de-valverde,Burganes de Valverde,41.9213,-5.7824,Zamora
burgohondo,Burgohondo,40.4142,-4.7851,Ávila
burgos,Burgos,42.3411,-3.7018,Burgos
burguillos,Burguillos,37.5844,-5.9665,Sevilla
burguillos-de-toledo,Burguillos de Toledo,39.7963,-3.9925,Toledo
burguillos-del-cerro,Burguillos del Cerro,38.3801,-6.5904,Badajoz
burjassot,Burjassot,39.5098,-0.4133,Valencia
burlata,Burlata,42.8256,-1.6167,
burriana,Burriana,39.889,-0.085,
burujon,Burujón,39.9011,-4.2973,Toledo
buron,Burón,43.0249,-5.0512,León
busot,Busot,38.4821,-0.4192,Alicante
busquistar,Busquístar,36.938,-3.2944,Granada
bustares,Bustares,41.1333,-3.0667,Guadalajara
bustarviejo,Bustarviejo,40.8572,-3.7077,Madrid
bustillo-de-chaves,Bustillo de Chaves,42.1311,-5.0917,Valladolid
bustillo-de-la-vega,Bustillo de la Vega,42.456,-4.7412,Palencia
bustillo-del-oro,Bustillo del Oro,41.6746,-5.4616,Zamora
bustillo-del-paramo,Bustillo del Páramo,42.4413,-5.7928,León
bustillo-del-paramo-de-carrion,Bustillo del Páramo de Carrión,42.3551,-4.7398,Palencia
busto-de-bureba,Busto de Bureba,42.6591,-3.2651,Burgos
butarque,Butarque,40.3372,-3.6763,
bunol,Buñol,39.4167,-0.7833,Valencia
bunuel,Buñuel,41.9801,-1.445,Navarra
bascara,Bàscara,42.16,2.9103,Girona
badenas,Bádenas,41.0922,-1.1224,Teruel
baguena,Báguena,41.0418,-1.3577,Teruel
barboles,Bárboles,41.709,-1.1859,Zaragoza
barcabo,Bárcabo,42.2422,0.0693,Huesca
barcena-de-campos,Bárcena de Campos,42.4843,-4.4988,Palencia
barcena-de-cicero,Bárcena de Cicero,43.4216,-3.5103,Cantabria
barcena-de-pie-de-concha,Bárcena de Pie de Concha,43.1258,-4.0566,Cantabria
barzana,Bárzana,43.1574,-5.9734,
bascones-de-ojeda,Báscones de Ojeda,42.6706,-4.5269,Palencia
belgida,Bèlgida,38.85,-0.4667,Valencia
bedar,Bédar,37.1939,-1.9817,Almería
bejar,Béjar,40.3864,-5.7634,Salamanca
belmez,Belmez,38.2667,-5.2,Córdoba
belmez-de-la-moraleda,Bélmez de la Moraleda,37.7238,-3.3821,Jaén
berchules,Bérchules,36.9768,-3.1907,Granada
betera,Bétera,39.5911,-0.4615,Valencia
boveda,Bóveda,42.6236,-7.4848,Lugo
boveda-del-rio-almar,Bóveda del Río Almar,40.8572,-5.2103,Salamanca
buger,Búger,39.7581,2.9835,Illes Balears
caballar,Caballar,41.1216,-3.9642,Segovia
cabanelles,Cabanelles,42.2307,2.82,Girona
cabanes,Cabanes,40.156,0.0432,Castellón
cabanes,Cabanes,42.3081,2.9777,Castellón
cabanillas,Cabanillas,42.0325,-1.5259,Navarra
cabanillas-de-la-sierra,Cabanillas de la Sierra,40.8201,-3.6244,Madrid
cabanillas-del-campo,Cabanillas del Campo,40.6338,-3.2294,Guadalajara
cabanas-de-ebro,Cabañas de Ebro,41.8,-1.2,Zaragoza
cabanas-de-polendos,Cabañas de Polendos,41.0667,-4.1101,Segovia
cabanas-de-sayago,Cabañas de Sayago,41.3333,-5.7833,Zamora
cabanas-de-yepes,Cabañas de Yepes,39.8905,-3.535,Toledo
cabanas-de-la-sagra,Cabañas de la Sagra,40.0061,-3.9456,Toledo
cabanas-del-castillo,Cabañas del Castillo,39.548,-5.512,Cáceres
cabanes-de-esgueva,Cabañes de Esgueva,41.8302,-3.7882,Burgos
cabeza-del-buey,Cabeza del Buey,38.7223,-5.2195,Badajoz
cabeza-del-caballo,Cabeza del Caballo,41.1298,-6.5574,Salamanca
cabeza-la-vaca,Cabeza la Vaca,38.0833,-6.4167,Badajoz
cabezabellosa,Cabezabellosa,40.1376,-6.0009,Cáceres
cabezabellosa-de-la-calzada,Cabezabellosa de la Calzada,41.044,-5.4887,Salamanca
cabezamesada,Cabezamesada,39.8163,-3.1024,Toledo
cabezarados,Cabezarados,38.8447,-4.2983,Ciudad Real
cabezas-rubias,Cabezas Rubias,37.7266,-7.0874,Huelva
cabezas-de-alambre,Cabezas de Alambre,40.9422,-4.8418,Ávila
cabezas-del-pozo,Cabezas del Pozo,41.0014,-4.9545,Ávila
cabezas-del-villar,Cabezas del Villar,40.7156,-5.2096,Ávila
cabezuela,Cabezuela,41.2359,-3.9317,Segovia
cabezuela-del-valle,Cabezuela del Valle,40.1936,-5.8065,Cáceres
cabezon,Cabezón,41.7337,-4.6451,
cabezon-de-cameros,Cabezón de Cameros,42.1972,-2.5199,La Rioja
cabezon-de-liebana,Cabezón de Liébana,43.1344,-4.5763,Cantabria
cabezon-de-valderaduey,Cabezón de Valderaduey,42.1679,-5.1589,Valladolid
cabezon-de-la-sal,Cabezón de la Sal,43.3082,-4.2357,Cantabria
cabezon-de-la-sierra,Cabezón de la Sierra,41.9343,-3.2415,Burgos
cabizuela,Cabizuela,40.9009,-4.8021,Ávila
cabolafuente,Cabolafuente,41.2105,-2.0413,Zaragoza
cabra,Cabra,37.4725,-4.4421,Córdoba
cabra-de-mora,Cabra de Mora,40.317,-0.8068,Teruel
cabra-del-camp,Cabra del Camp,41.4,1.2833,Tarragona
cabra-del-santo-cristo,Cabra del Santo Cristo,37.7038,-3.2877,Jaén
cabredo,Cabredo,42.6297,-2.4113,Navarra
cabrejas-del-campo,Cabrejas del Campo,41.681,-2.2696,Soria
cabrejas-del-pinar,Cabrejas del Pinar,41.796,-2.8495,Soria
cabrera-de-mar,Cabrera de Mar,41.5167,2.4,Barcelona
cabrerizos,Cabrerizos,40.9781,-5.6091,Salamanca
cabrero,Cabrero,40.1132,-5.8929,Cáceres
cabreros-del-monte,Cabreros del Monte,41.8491,-5.2702,Valladolid
cabreros-del-rio,Cabreros del Río,42.4021,-5.5415,León
cabrillanes,Cabrillanes,42.9534,-6.1485,León
cabrillas,Cabrillas,40.7398,-6.1787,Salamanca
cabrils,Cabrils,41.5276,2.37,Barcelona
cacabelos,Cacabelos,42.6002,-6.7237,León
cachorrilla,Cachorrilla,39.9156,-6.6691,Cáceres
cadalso,Cadalso,40.2374,-6.5408,Cáceres
cadalso-de-los-vidrios,Cadalso de los Vidrios,40.3007,-4.4335,Madrid
cadaques,Cadaqués,42.2886,3.2771,Girona
cadiz,Cádiz,36.5267,-6.2891,Cádiz
cadreita,Cadreita,42.2167,-1.6833,Navarra
cadrete,Cadrete,41.5558,-0.9601,Zaragoza
cala,Cala,37.9667,-6.3167,Huelva
cala-millor,Cala Millor,39.605,3.3867,
cala-rajada,Cala Rajada,39.7117,3.4631,
cala-d-or,Cala d'Or,39.3781,3.2348,
calaceite,Calaceite,41.0162,0.1888,Teruel
calaf,Calaf,41.7329,1.5137,Barcelona
calafell,Calafell,41.2,1.5683,Tarragona
calahorra,Calahorra,42.3051,-1.9652,La Rioja
calahorra-de-boedo,Calahorra de Boedo,42.5741,-4.3849,Palencia
calamocha,Calamocha,40.9193,-1.2975,Teruel
calamonte,Calamonte,38.8886,-6.3879,Badajoz
calanda,Calanda,40.9415,-0.2324,Teruel
calasparra,Calasparra,38.23,-1.6999,Murcia
calatayud,Calatayud,41.3535,-1.6432,Zaragoza
calatanazor,Calatañazor,41.6988,-2.8184,Soria
calatorao,Calatorao,41.5223,-1.347,Zaragoza
calanas,Calañas,37.6557,-6.8805,Huelva
calcena,Calcena,41.6551,-1.7176,Zaragoza
caldas-de-reis,Caldas de Reis,42.6047,-8.6423,Pontevedra
caldes-d-estrac,Caldes d'Estrac,41.5667,2.5333,Barcelona
caldes-de-malavella,Caldes de Malavella,41.8333,2.8167,Girona
caldes-de-montbui,Caldes de Montbui,41.6333,2.1667,Barcelona
calella,Calella,41.6138,2.6542,Barcelona
calera-de-leon,Calera de León,38.1,-6.3333,Badajoz
calera-y-chozas,Calera y Chozas,39.8828,-4.9821,Toledo
caleruega,Caleruega,41.8255,-3.4859,Burgos
caleruela,Caleruela,39.8748,-5.2569,Toledo
calicasas,Calicasas,37.2713,-3.6134,Granada
calles,Calles,39.7212,-0.9706,Valencia
callosa-d-en-sarria,Callosa d'en Sarrià,38.65,-0.1167,Alicante
callosa-de-segura,Callosa de Segura,38.125,-0.8782,Alicante
callus,Callús,41.7815,1.784,Barcelona
calmarza,Calmarza,41.1581,-1.912,Zaragoza
calomarde,Calomarde,40.3726,-1.5743,Teruel
calonge,Calonge,39.4004,3.2033,
calonge,Calonge,41.8587,3.0793,
calp,Calp,38.6447,0.0445,Alicante
caltojar,Caltojar,41.4023,-2.7644,Soria
calvarrasa-de-abajo,Calvarrasa de Abajo,40.9464,-5.5526,Salamanca
calvarrasa-de-arriba,Calvarrasa de Arriba,40.9067,-5.592,Salamanca
calvia,Calvià,39.5657,2.5062,Illes Balears
calvos,Calvos,41.9479,-7.896,
calzada-de-don-diego,Calzada de Don Diego,40.905,-5.9028,Salamanca
calzada-de-valdunciel,Calzada de Valdunciel,41.0866,-5.7022,Salamanca
calzada-de-los-molinos,Calzada de los Molinos,42.3272,-4.6529,Palencia
calzada-del-coto,Calzada del Coto,42.3861,-5.0781,León
calzadilla,Calzadilla,40.0601,-6.5333,Cáceres
calzadilla-de-tera,Calzadilla de Tera,41.979,-6.0824,Zamora
camaleno,Camaleño,43.1508,-4.6938,Cantabria
camarasa,Camarasa,41.8749,0.8781,Lleida
camarena,Camarena,40.0931,-4.1193,Toledo
camarena-de-la-sierra,Camarena de la Sierra,40.15,-1.0333,Teruel
camarenilla,Camarenilla,40.0167,-4.0762,Toledo
camargo,Camargo,43.4074,-3.885,Cantabria
camarillas,Camarillas,40.6124,-0.7542,Teruel
camarinas,Camariñas,43.1311,-9.1817,A Coruña
camarles,Camarles,40.7817,0.6551,Tarragona
camarma-de-esteruelas,Camarma de Esteruelas,40.5503,-3.3729,Madrid
camarzana-de-tera,Camarzana de Tera,41.9947,-6.0266,Zamora
camas,Camas,37.402,-6.0331,Sevilla
camanas,Camañas,40.6431,-1.1375,Teruel
cambados,Cambados,42.5122,-8.8131,Pontevedra
cambil,Cambil,37.6793,-3.5654,Jaén
cambre,Cambre,43.2944,-8.3474,A Coruña
cambrils,Cambrils,41.07,1.0595,Tarragona
cami-vell-de-sant-mateu,Cami Vell de Sant Mateu,39.0143,1.3738,
caminomorisco,Caminomorisco,40.3272,-6.2892,Cáceres
caminreal,Caminreal,40.8388,-1.3242,Teruel
camp-de-mar,Camp de Mar,39.5383,2.4239,
campamento,Campamento,40.3864,-3.7982,
campanario,Campanario,38.8644,-5.6174,Badajoz
campanet,Campanet,39.7747,2.9651,Illes Balears
campaspero,Campaspero,41.4921,-4.1961,Valladolid
campazas,Campazas,42.1422,-5.4935,León
campdevanol,Campdevànol,42.2244,2.1686,Girona
campillo-de-altobuey,Campillo de Altobuey,39.6,-1.8,Cuenca
campillo-de-aragon,Campillo de Aragón,41.1265,-1.8439,Zaragoza
campillo-de-aranda,Campillo de Aranda,41.6101,-3.7302,Burgos
campillo-de-arenas,Campillo de Arenas,37.5553,-3.6355,Jaén
campillo-de-azaba,Campillo de Azaba,40.5095,-6.6871,Salamanca
campillo-de-deleitosa,Campillo de Deleitosa,39.703,-5.5744,Cáceres
campillo-de-duenas,Campillo de Dueñas,40.8838,-1.685,Guadalajara
campillo-de-llerena,Campillo de Llerena,38.502,-5.8314,Badajoz
campillo-de-ranas,Campillo de Ranas,41.086,-3.3143,Guadalajara
campillos,Campillos,37.0483,-4.8631,Málaga
campillos-paravientos,Campillos-Paravientos,39.9833,-1.55,Cuenca
campillos-sierra,Campillos-Sierra,40.1,-1.7,Cuenca
campins,Campins,41.7167,2.4667,Barcelona
campisabalos,Campisábalos,41.2667,-3.1333,Guadalajara
campina,Campiña,38.219,-2.9807,
campo,Campo,42.4096,0.3962,Huesca
campo-real,Campo Real,40.3333,-3.3833,Madrid
campo-de-caso,Campo de Caso,43.1831,-5.3448,
campo-de-criptana,Campo de Criptana,39.4046,-3.1249,Ciudad Real
campo-de-san-pedro,Campo de San Pedro,41.4299,-3.546,Segovia
campo-de-villavidel,Campo de Villavidel,42.4391,-5.5281,León
campofrio,Campofrío,37.7665,-6.5736,Huelva
campolara,Campolara,42.1195,-3.4274,Burgos
camponaraya,Camponaraya,42.578,-6.6671,León
camporredondo,Camporredondo,41.4733,-4.505,Valladolid
camporrells,Camporrélls,41.9586,0.5214,Huesca
camporrobles,Camporrobles,39.65,-1.4,Valencia
campos,Campos,39.431,3.0194,Illes Balears
campos-del-rio,Campos del Río,38.0397,-1.3531,Murcia
campotejar,Campotéjar,37.4823,-3.6177,Granada
camprodon,Camprodon,42.3118,2.3651,Girona
camproviin,Camproviín,42.3539,-2.7229,
camunas,Camuñas,39.427,-3.455,Toledo
camos,Camós,42.0878,2.7629,Girona
can-baro,Can Baró,41.4168,2.1624,
can-pastilla,Can Pastilla,39.5361,2.7177,
can-peguera,Can Peguera,41.4349,2.1665,
can-picafort,Can Picafort,39.7657,3.1549,
canalejas-de-penafiel,Canalejas de Peñafiel,41.5251,-4.1155,Valladolid
canalejas-del-arroyo,Canalejas del Arroyo,40.3685,-2.4941,Cuenca
canales,Canales,41.0033,-4.9016,Ávila
canales-de-la-sierra,Canales de la Sierra,42.1423,-3.0246,La Rioja
canals,Canals,38.9625,-0.5844,Valencia
candasnos,Candasnos,41.5021,0.0643,Huesca
candelaria,Candelaria,28.3548,-16.3727,Santa Cruz de Tenerife
candelario,Candelario,40.3681,-5.745,Salamanca
candeleda,Candeleda,40.1552,-5.2405,Ávila
candilichera,Candilichera,41.7043,-2.3012,Soria
candas,Candás,43.5892,-5.7674,
candin,Candín,42.8169,-6.7285,
canena,Canena,38.0493,-3.4831,Jaén
canencia,Canencia,40.9073,-3.7352,Madrid
canet-d-en-berenguer,Canet d'En Berenguer,39.6833,-0.2167,Valencia
canet-de-mar,Canet de Mar,41.5905,2.5812,Barcelona
canet-lo-roig,Canet lo Roig,40.5514,0.2431,Castellón
canfranc,Canfranc,42.7163,-0.5256,Huesca
cangas-de-onis,Cangas de Onís,43.3514,-5.1292,Asturias
cangas-del-narcea,Cangas del Narcea,43.1833,-6.55,Asturias
cangas-do-morrazo,Cangas do Morrazo,42.2641,-8.7846,
canicosa-de-la-sierra,Canicosa de la Sierra,41.9367,-3.0409,Burgos
caniles,Caniles,37.4367,-2.7248,Granada
canillas,Canillas,40.464,-3.6362,
canillas-de-abajo,Canillas de Abajo,40.9227,-5.9291,Salamanca
canillas-de-aceituno,Canillas de Aceituno,36.873,-4.0825,Málaga
canillas-de-albaida,Canillas de Albaida,36.8466,-3.9868,Málaga
canillas-de-esgueva,Canillas de Esgueva,41.7546,-4.125,Valladolid
canillas-de-rio-tuerto,Canillas de Río Tuerto,42.3995,-2.8409,La Rioja
canillejas,Canillejas,40.4484,-3.6085,
canjayar,Canjáyar,37.0096,-2.7394,Almería
canovelles,Canovelles,41.6167,2.2833,Barcelona
canredondo,Canredondo,40.8126,-2.4938,Guadalajara
cantabrana,Cantabrana,42.7342,-3.467,Burgos
cantagallo,Cantagallo,40.3724,-5.8189,Salamanca
cantalapiedra,Cantalapiedra,41.1263,-5.1835,Salamanca
cantalejo,Cantalejo,41.2576,-3.9279,Segovia
cantallops,Cantallops,42.4222,2.9252,Girona
cantalojas,Cantalojas,41.2347,-3.2463,Guadalajara
cantalpino,Cantalpino,41.0534,-5.3304,Salamanca
cantaracillo,Cantaracillo,40.9038,-5.1629,Salamanca
cantarranas,Cantarranas,41.5916,-4.5501,
cantavieja,Cantavieja,40.5264,-0.4056,Teruel
cantillana,Cantillana,37.6103,-5.8247,Sevilla
cantimpalos,Cantimpalos,41.0741,-4.1599,Segovia
cantiveros,Cantiveros,40.9522,-4.9546,Ávila
cantoria,Cantoria,37.3515,-2.1921,Almería
canyelles,Canyelles,41.4451,2.1635,Barcelona
cap-martinet,Cap Martinet,38.9186,1.4603,
capafonts,Capafonts,41.3,1.0333,Tarragona
caparroso,Caparroso,42.3413,-1.6496,Navarra
capdepera,Capdepera,39.7024,3.4353,Illes Balears
capdesaso,Capdesaso,41.8429,-0.1832,Huesca
capella,Capella,42.1964,0.3964,Huesca
capellades,Capellades,41.5301,1.6865,Barcelona
capileira,Capileira,36.9615,-3.3586,Granada
capilla,Capilla,38.8204,-5.0842,Badajoz
capillas,Capillas,42.0136,-4.8905,Palencia
capmany,Capmany,42.3735,2.9203,Girona
capolat,Capolat,42.0772,1.7535,Barcelona
carabanchel,Carabanchel,40.3909,-3.7242,
carabantes,Carabantes,41.5521,-1.9981,Soria
carabana,Carabaña,40.2542,-3.2357,Madrid
caracena,Caracena,41.3832,-3.0915,Soria
carataunas,Carataunas,36.922,-3.4083,Granada
caravaca,Caravaca,38.1056,-1.8634,
carazo,Carazo,41.9683,-3.3531,Burgos
carbajales-de-alba,Carbajales de Alba,41.6535,-5.9971,Zamora
carbajo,Carbajo,39.6033,-7.1956,Cáceres
carbajosa-de-la-sagrada,Carbajosa de la Sagrada,40.9331,-5.6503,Salamanca
carballeda-de-avia,Carballeda de Avia,42.3214,-8.1646,Ourense
carballedo,Carballedo,42.5219,-7.8284,Lugo
carballo,Carballo,43.213,-8.691,A Coruña
carbellino,Carbellino,41.2298,-6.149,Zamora
carboneras,Carboneras,36.9967,-1.8965,Almería
carboneras-de-guadazaon,Carboneras de Guadazaón,39.8833,-1.8,Cuenca
carbonero-el-mayor,Carbonero el Mayor,41.1226,-4.2648,Segovia
carboneros,Carboneros,38.2296,-3.6314,Jaén
carcaboso,Carcaboso,40.0497,-6.2138,Cáceres
carcabuey,Carcabuey,37.4442,-4.2747,Córdoba
carcaixent,Carcaixent,39.1218,-0.4481,Valencia
carcastillo,Carcastillo,42.3791,-1.4438,Navarra
carcedo-de-bureba,Carcedo de Bureba,42.5782,-3.4983,Burgos
carcedo-de-burgos,Carcedo de Burgos,42.287,-3.6227,Burgos
carcelen,Carcelén,39.102,-1.3088,Albacete
cardedeu,Cardedeu,41.6398,2.3574,Barcelona
cardenete,Cardenete,39.7667,-1.6833,Cuenca
cardena,Cardeña,38.2702,-4.3236,Córdoba
cardenadijo,Cardeñadijo,42.3022,-3.6678,Burgos
cardenajimeno,Cardeñajimeno,42.3304,-3.621,Burgos
cardenosa,Cardeñosa,40.7424,-4.7458,Ávila
cardenosa-de-volpejera,Cardeñosa de Volpejera,42.2321,-4.702,Palencia
cardiel-de-los-montes,Cardiel de los Montes,40.0635,-4.6549,Toledo
cardona,Cardona,41.9137,1.6785,Barcelona
carenas,Carenas,41.2775,-1.7975,Zaragoza
carinena,Cariñena,41.3373,-1.2244,Zaragoza
carino,Cariño,43.7413,-7.8671,A Coruña
carlet,Carlet,39.2266,-0.5214,Valencia
carmena,Carmena,39.9556,-4.4015,Toledo
carmona,Carmona,37.4712,-5.6461,Sevilla
carmonita,Carmonita,39.1546,-6.3386,Badajoz
carnota,Carnota,42.8233,-9.0891,A Coruña
carpio,Carpio,41.2133,-5.1091,Valladolid
carpio-de-azaba,Carpio de Azaba,40.596,-6.6468,Salamanca
carracedelo,Carracedelo,42.556,-6.7332,León
carral,Carral,43.2286,-8.3554,A Coruña
carranque,Carranque,40.1698,-3.9009,Toledo
carrascal-de-barregas,Carrascal de Barregas,40.9787,-5.7623,Salamanca
carrascal-del-obispo,Carrascal del Obispo,40.7638,-5.9991,Salamanca
carrascal-del-rio,Carrascal del Río,41.368,-3.8982,Segovia
carrascalejo,Carrascalejo,39.6333,-5.2167,Cáceres
carrascosa,Carrascosa,40.5909,-2.1631,Cuenca
carrascosa-de-abajo,Carrascosa de Abajo,41.4234,-3.0896,Soria
carrascosa-de-haro,Carrascosa de Haro,39.5976,-2.5418,Cuenca
carrascosa-de-la-sierra,Carrascosa de la Sierra,41.8954,-2.28,Soria
carratraca,Carratraca,36.8529,-4.82,Málaga
carrena,Carreña,43.3174,-4.8461,
carrias,Carrias,42.4814,-3.2832,Burgos
carriches,Carriches,39.9642,-4.4586,Toledo
carrizal,Carrizal,27.9116,-15.4056,
carrizo-de-la-ribera,Carrizo de la Ribera,42.584,-5.8288,
carrizosa,Carrizosa,38.842,-2.9925,Ciudad Real
carrion-de-calatrava,Carrión de Calatrava,39.019,-3.8168,Ciudad Real
carrion-de-los-condes,Carrión de los Condes,42.3413,-4.6007,Palencia
carrion-de-los-cespedes,Carrión de los Céspedes,37.3701,-6.3292,Sevilla
carrocera,Carrocera,42.7961,-5.7437,León
carricola,Carrícola,38.8413,-0.4726,Valencia
cartagena,Cartagena,37.602,-0.984,Murcia
cartajima,Cartajima,36.6455,-5.1541,Málaga
cartaya,Cartaya,37.2811,-7.1507,Huelva
cartelle,Cartelle,42.2511,-8.0706,Ourense
cartes,Cartes,43.326,-4.0689,Cantabria
carucedo,Carucedo,42.4903,-6.7656,León
casa-de-campo,Casa de Campo,40.4236,-3.753,
casa-de-uceda,Casa de Uceda,40.8411,-3.3685,Guadalajara
casabermeja,Casabermeja,36.8926,-4.4294,Málaga
casafranca,Casafranca,40.5927,-5.7604,Salamanca
casalarreina,Casalarreina,42.5491,-2.9099,La Rioja
casar-de-caceres,Casar de Cáceres,39.5611,-6.4194,Cáceres
casar-de-palomero,Casar de Palomero,40.2948,-6.257,Cáceres
casarabonela,Casarabonela,36.7862,-4.8428,Málaga
casarejos,Casarejos,41.7965,-3.0325,Soria
casares,Casares,36.4469,-5.2858,Málaga
casares-de-las-hurdes,Casares de las Hurdes,40.4333,-6.2833,Cáceres
casariche,Casariche,37.2939,-4.7597,Sevilla
casarrubios-del-monte,Casarrubios del Monte,40.187,-4.0364,Toledo
casarrubuelos,Casarrubuelos,40.1715,-3.831,Madrid
casas-altas,Casas Altas,40.0333,-1.2667,Valencia
casas-bajas,Casas Bajas,40.0167,-1.2667,Valencia
casas-ibanez,Casas-Ibáñez,39.2833,-1.4667,Albacete
casas-de-benitez,Casas de Benítez,39.3667,-2.1333,Cuenca
casas-de-don-antonio,Casas de Don Antonio,39.2358,-6.2914,Cáceres
casas-de-don-gomez,Casas de Don Gómez,40.0093,-6.6007,Cáceres
casas-de-don-pedro,Casas de Don Pedro,39.1082,-5.3308,Badajoz
casas-de-fernando-alonso,Casas de Fernando Alonso,39.3507,-2.324,Cuenca
casas-de-garcimolina,Casas de Garcimolina,40.0,-1.4167,Cuenca
casas-de-guijarro,Casas de Guijarro,39.35,-2.1667,Cuenca
casas-de-haro,Casas de Haro,39.3336,-2.2727,Cuenca
casas-de-juan-nunez,Casas de Juan Núñez,39.1019,-1.5582,Albacete
casas-de-lazaro,Casas de Lázaro,38.7706,-2.2404,Albacete
casas-de-millan,Casas de Millán,39.8176,-6.3297,Cáceres
casas-de-miravete,Casas de Miravete,39.7269,-5.7436,Cáceres
casas-de-reina,Casas de Reina,38.2,-5.9667,Badajoz
casas-de-san-galindo,Casas de San Galindo,40.8723,-2.9575,Guadalajara
casas-de-ves,Casas de Ves,39.25,-1.3333,Albacete
casas-de-los-pinos,Casas de los Pinos,39.3338,-2.3698,Cuenca
casas-del-castanar,Casas del Castañar,40.1078,-5.9051,Cáceres
casas-del-monte,Casas del Monte,40.2032,-5.9615,Cáceres
casasbuenas,Casasbuenas,39.7612,-4.1256,Toledo
casaseca-de-campean,Casaseca de Campeán,41.3743,-5.7465,Zamora
casaseca-de-las-chanas,Casaseca de las Chanas,41.4387,-5.6755,Zamora
casasimarro,Casasimarro,39.3667,-2.0333,Cuenca
casasola-de-arion,Casasola de Arión,41.5782,-5.2408,Valladolid
casatejada,Casatejada,39.8864,-5.6819,Cáceres
casavieja,Casavieja,40.2833,-4.7667,Ávila
casbas-de-huesca,Casbas de Huesca,42.1555,-0.1399,Huesca
cascajares-de-bureba,Cascajares de Bureba,42.6788,-3.2377,Burgos
cascajares-de-la-sierra,Cascajares de la Sierra,42.0618,-3.3994,Burgos
cascante,Cascante,41.9977,-1.681,Navarra
cascante-del-rio,Cascante del Río,40.1965,-1.1141,Teruel
casco-historico-de-barajas,Casco Histórico de Barajas,40.4747,-3.579,
casco-historico-de-vallecas,Casco Histórico de Vallecas,40.3485,-3.6162,
casco-historico-de-vicalvaro,Casco Histórico de Vicálvaro,40.3924,-3.5701,
caseres,Caseres,41.0333,0.25,Tarragona
casillas,Casillas,40.3261,-4.5718,Ávila
casillas-de-coria,Casillas de Coria,39.9654,-6.6371,Cáceres
casillas-de-flores,Casillas de Flores,40.3811,-6.756,Salamanca
casinos,Casinos,39.7,-0.7,Valencia
casla,Casla,41.166,-3.6564,Segovia
caspe,Caspe,41.234,-0.0394,Zaragoza
caspuenas,Caspueñas,40.695,-2.9794,Guadalajara
cassa-de-la-selva,Cassà de la Selva,41.8878,2.8752,Girona
castalla,Castalla,38.5969,-0.6721,Alicante
castandiello,Castandiello,43.2796,-5.892,
castanar-de-ibor,Castañar de Ibor,39.6284,-5.4171,Cáceres
castanares-de-rioja,Castañares de Rioja,42.5125,-2.9315,La Rioja
castejon,Castejón,42.1691,-1.6895,Cuenca
castejon-de-alarba,Castejón de Alarba,41.1837,-1.6361,Zaragoza
castejon-de-henares,Castejón de Henares,40.9376,-2.7866,Guadalajara
castejon-de-monegros,Castejón de Monegros,41.618,-0.2401,Huesca
castejon-de-sos,Castejón de Sos,42.5123,0.4924,Huesca
castejon-de-tornos,Castejón de Tornos,40.9973,-1.4281,Teruel
castejon-de-valdejasa,Castejón de Valdejasa,41.982,-0.9939,Zaragoza
castejon-de-las-armas,Castejón de las Armas,41.3098,-1.8108,Zaragoza
castejon-del-puente,Castejón del Puente,41.9618,0.1588,Huesca
castel-de-cabra,Castel de Cabra,40.8025,-0.696,Teruel
castelflorite,Castelflorite,41.8027,-0.0217,Huesca
castell-de-cabres,Castell de Cabres,40.6606,0.0422,Castellón
castell-de-castells,Castell de Castells,38.7255,-0.1924,Alicante
castell-de-ferro,Castell de Ferro,36.7257,-3.355,
castell-platja-d-aro,Castell-Platja d'Aro,41.8175,3.0674,
castellana,Castellana,40.4335,-3.6843,
castellanos-de-castro,Castellanos de Castro,42.3281,-4.0342,Burgos
castellanos-de-moriscos,Castellanos de Moriscos,41.0192,-5.5907,Salamanca
castellanos-de-villiquera,Castellanos de Villiquera,41.0514,-5.6948,Salamanca
castellanos-de-zapardiel,Castellanos de Zapardiel,41.0845,-4.9098,Ávila
castellar-de-santiago,Castellar de Santiago,38.5393,-3.2757,Ciudad Real
castellar-de-santisteban,Castellar de Santisteban,38.2542,-3.1318,
castellar-de-la-frontera,Castellar de la Frontera,36.3174,-5.4541,Cádiz
castellar-de-la-muela,Castellar de la Muela,40.819,-1.7593,Guadalajara
castellar-del-riu,Castellar del Riu,42.123,1.7738,Barcelona
castellar-del-valles,Castellar del Vallès,41.6167,2.0833,Barcelona
castellbisbal,Castellbisbal,41.4753,1.9817,Barcelona
castellcir,Castellcir,41.7607,2.1613,Barcelona
castelldefels,Castelldefels,41.2779,1.9703,Barcelona
castellet,Castellet,41.2628,1.6337,
castellfollit-de-riubregos,Castellfollit de Riubregós,41.7667,1.4333,Barcelona
castellfollit-del-boix,Castellfollit del Boix,41.6667,1.7,Barcelona
castellfort,Castellfort,40.5021,-0.1913,Castellón
castellnou-de-bages,Castellnou de Bages,41.8344,1.8372,Barcelona
castellnou-de-seana,Castellnou de Seana,41.648,0.9709,Lleida
castellnovo,Castellnovo,39.8667,-0.45,Castellón
castelloli,Castellolí,41.5983,1.7006,Barcelona
castellonet-de-la-conquesta,Castellonet de la Conquesta,38.9167,-0.2667,Valencia
castellote,Castellote,40.8,-0.3197,Teruel
castellsera,Castellserà,41.75,1.0,Lleida
castelltercol,Castellterçol,41.75,2.1167,Barcelona
castellvi-de-rosanes,Castellví de Rosanes,41.45,1.9,Barcelona
castello-d-empuries,Castelló d'Empúries,42.2567,3.0745,Girona
castello-de-farfanya,Castelló de Farfanya,41.8167,0.7333,Lleida
castello-de-rugat,Castelló de Rugat,38.8833,-0.3667,Valencia
castello-de-la-plana,Castelló de la Plana,39.9857,-0.0493,
castelnou,Castelnou,41.2289,-0.3643,Teruel
castelseras,Castelserás,40.9813,-0.1467,Teruel
castielfabib,Castielfabib,40.1308,-1.304,Valencia
castiello-de-jaca,Castiello de Jaca,42.6296,-0.5502,Huesca
castigaleu,Castigaleu,42.2037,0.5794,Huesca
castil-de-peones,Castil de Peones,42.4835,-3.3846,Burgos
castil-de-vela,Castil de Vela,41.9846,-4.9592,Palencia
castilblanco,Castilblanco,39.2849,-5.091,Badajoz
castilblanco-de-los-arroyos,Castilblanco de los Arroyos,37.6758,-5.9889,Sevilla
castildelgado,Castildelgado,42.4376,-3.0839,Burgos
castilfale,Castilfalé,42.2199,-5.4212,León
castilforte,Castilforte,40.5573,-2.4323,Guadalajara
castilfrio-de-la-sierra,Castilfrío de la Sierra,41.9193,-2.305,Soria
castiliscar,Castiliscar,42.3766,-1.2733,Zaragoza
castilla,Castilla,40.4743,-3.6797,
castillazuelo,Castillazuelo,42.0677,0.0649,Huesca
castilleja-de-guzman,Castilleja de Guzmán,37.4096,-6.0552,Sevilla
castilleja-de-la-cuesta,Castilleja de la Cuesta,37.3859,-6.0526,Sevilla
castilleja-del-campo,Castilleja del Campo,37.3863,-6.3344,Sevilla
castillejo-de-iniesta,Castillejo de Iniesta,39.5333,-1.7667,Cuenca
castillejo-de-martin-viejo,Castillejo de Martín Viejo,40.6973,-6.6376,Salamanca
castillejo-de-mesleon,Castillejo de Mesleón,41.281,-3.6014,Segovia
castillejo-de-robledo,Castillejo de Robledo,41.5587,-3.4969,Soria
castillejo-sierra,Castillejo-Sierra,40.3748,-2.1404,Cuenca
castillejos,Castillejos,40.4604,-3.6941,
castillo-de-bayuela,Castillo de Bayuela,40.1003,-4.6856,Toledo
castillo-de-garcimunoz,Castillo de Garcimuñoz,39.6593,-2.3803,Cuenca
castillo-de-locubin,Castillo de Locubín,37.5286,-3.9422,Jaén
castillo-de-villamalefa,Castillo de Villamalefa,40.1333,-0.3833,Castellón
castillo-albaranez,Castillo-Albaráñez,40.2987,-2.3928,Cuenca
castillonuevo,Castillonuevo,42.6827,-1.0312,
castillejar,Castilléjar,37.717,-2.6406,Granada
castilnuevo,Castilnuevo,40.8143,-1.8578,Guadalajara
castilruiz,Castilruiz,41.8768,-2.0593,Soria
castraz,Castraz,40.7052,-6.3338,Salamanca
castrejon-de-la-pena,Castrejón de la Peña,42.8079,-4.599,Palencia
castrelo-de-mino,Castrelo de Miño,42.2846,-8.1063,Ourense
castril,Castril,37.7958,-2.78,Granada
castrillo-de-cabrera,Castrillo de Cabrera,42.3404,-6.5445,León
castrillo-de-don-juan,Castrillo de Don Juan,41.7909,-4.0703,Palencia
castrillo-de-duero,Castrillo de Duero,41.5749,-4.0155,Valladolid
castrillo-de-onielo,Castrillo de Onielo,41.8582,-4.3012,Palencia
castrillo-de-villavega,Castrillo de Villavega,42.4546,-4.4807,Palencia
castrillo-de-la-guarena,Castrillo de la Guareña,41.2304,-5.3255,Zamora
castrillo-de-la-reina,Castrillo de la Reina,41.9871,-3.2356,Burgos
castrillo-de-la-valduerna,Castrillo de la Valduerna,42.3239,-6.1345,León
castrillo-de-la-vega,Castrillo de la Vega,41.6517,-3.7809,Burgos
castrillo-del-val,Castrillo del Val,42.314,-3.585,Burgos
castrillo-tejeriego,Castrillo-Tejeriego,41.7034,-4.3714,Valladolid
castrillon,Castrillón,43.5479,-5.9938,Asturias
castro,Castro,42.7667,-7.5833,
castro-caldelas,Castro Caldelas,42.3737,-7.4258,Ourense
castro-de-filabres,Castro de Filabres,37.1848,-2.4402,Almería
castro-de-fuentiduena,Castro de Fuentidueña,41.4204,-3.8553,Segovia
castro-de-rei,Castro de Rei,43.2087,-7.4003,Lugo
castro-del-rio,Castro del Río,37.6912,-4.4806,Córdoba
castro-urdiales,Castro-Urdiales,43.3828,-3.2204,Cantabria
castrobol,Castrobol,42.1372,-5.3142,Valladolid
castrocalbon,Castrocalbón,42.1971,-5.9823,León
castrocontrigo,Castrocontrigo,42.1836,-6.1902,León
castrodeza,Castrodeza,41.6492,-4.9589,Valladolid
castrogonzalo,Castrogonzalo,41.991,-5.603,Zamora
castrojimeno,Castrojimeno,41.3966,-3.8473,Segovia
castromembibre,Castromembibre,41.6725,-5.3047,Valladolid
castromocho,Castromocho,42.031,-4.824,Palencia
castromonte,Castromonte,41.7736,-5.0391,Valladolid
castronuevo,Castronuevo,41.7205,-5.5431,Zamora
castronuevo-de-esgueva,Castronuevo de Esgueva,41.6818,-4.5887,Valladolid
castronuno,Castronuño,41.3892,-5.2641,Valladolid
castropodame,Castropodame,42.5794,-6.4684,León
castropol,Castropol,43.5278,-7.0305,Asturias
castroponce,Castroponce,42.1265,-5.1825,Valladolid
castroserna-de-abajo,Castroserna de Abajo,41.2084,-3.7339,Segovia
castroserracin,Castroserracín,41.3933,-3.802,Segovia
castroverde,Castroverde,43.0302,-7.3243,Lugo
castroverde-de-campos,Castroverde de Campos,41.9705,-5.3143,Zamora
castroverde-de-cerrato,Castroverde de Cerrato,41.7561,-4.2215,Valladolid
castroviejo,Castroviejo,42.3294,-2.6612,La Rioja
castuera,Castuera,38.732,-5.5439,Badajoz
catadau,Catadau,39.2667,-0.5667,Valencia
catarroja,Catarroja,39.4,-0.4,Valencia
catoira,Catoira,42.6675,-8.7232,Pontevedra
catral,Catral,38.1606,-0.8021,Alicante
cati,Catí,40.4716,0.0227,Castellón
caudete,Caudete,38.7068,-0.9872,Albacete
caudete-de-las-fuentes,Caudete de las Fuentes,39.5596,-1.2785,Valencia
cayuela,Cayuela,42.2722,-3.819,Burgos
cazalegas,Cazalegas,40.0096,-4.6761,Toledo
cazalilla,Cazalilla,37.9839,-3.883,Jaén
cazalla,Cazalla,37.649,-1.6685,
cazalla-de-la-sierra,Cazalla de la Sierra,37.9333,-5.75,Sevilla
cazorla,Cazorla,37.9149,-3.0034,Jaén
cazurra,Cazurra,41.4158,-5.7045,Zamora
canada,Cañada,38.6739,-0.8133,Alicante
canada-rosal,Cañada Rosal,37.5992,-5.2102,Sevilla
canada-vellida,Cañada Vellida,40.7081,-0.9149,Teruel
canada-de-benatanduz,Cañada de Benatanduz,40.5793,-0.5368,Teruel
canada-de-calatrava,Cañada de Calatrava,38.8543,-4.021,Ciudad Real
canada-del-hoyo,Cañada del Hoyo,39.9667,-1.9,Cuenca
canamaque,Cañamaque,41.4445,-2.2379,Soria
canamares,Cañamares,40.452,-2.2398,Cuenca
canamero,Cañamero,39.38,-5.3886,Cáceres
canas,Cañas,42.3924,-2.8465,La Rioja
canaveral,Cañaveral,39.792,-6.3913,Cáceres
canaveral-de-leon,Cañaveral de León,38.0167,-6.5167,Huelva
canaveras,Cañaveras,40.3599,-2.3961,Cuenca
canaveruelas,Cañaveruelas,40.4002,-2.6372,Cuenca
canete,Cañete,40.05,-1.65,Cuenca
canete-de-las-torres,Cañete de las Torres,37.8672,-4.3183,Córdoba
canete-la-real,Cañete la Real,36.9515,-5.0244,Málaga
canizal,Cañizal,41.1665,-5.3683,Zamora
canizar,Cañizar,40.7676,-3.064,Guadalajara
canizar-del-olivar,Cañizar del Olivar,40.8162,-0.6457,Teruel
canizares,Cañizares,40.5187,-2.192,Cuenca
canizo,Cañizo,41.7696,-5.502,Zamora
cea,Cea,42.4749,-7.9874,León
cebanico,Cebanico,42.7253,-5.0257,León
cebolla,Cebolla,39.949,-4.5717,Toledo
cebrecos,Cebrecos,41.9841,-3.5966,Burgos
cebreros,Cebreros,40.4584,-4.4643,Ávila
cebrones-del-rio,Cebrones del Río,42.2573,-5.8262,León
ceclavin,Ceclavín,39.8223,-6.7733,Cáceres
cedeira,Cedeira,43.6604,-8.0572,A Coruña
cedillo,Cedillo,39.651,-7.4982,Cáceres
cedillo-de-la-torre,Cedillo de la Torre,41.4248,-3.6058,Segovia
cedillo-del-condado,Cedillo del Condado,40.1126,-3.9213,Toledo
cedrillas,Cedrillas,40.4371,-0.8515,Teruel
cee,Cee,42.9547,-9.188,A Coruña
cehegin,Cehegín,38.0924,-1.7985,Murcia
ceinos-de-campos,Ceinos de Campos,42.0328,-5.1501,Valladolid
celada-del-camino,Celada del Camino,42.2636,-3.9336,Burgos
celanova,Celanova,42.153,-7.9551,Ourense
cella,Cella,40.4532,-1.2875,Teruel
cellorigo,Cellorigo,42.627,-3.0002,La Rioja
celra,Celrà,42.0333,2.8833,Girona
cendejas-de-la-torre,Cendejas de la Torre,40.9792,-2.8505,Guadalajara
cenes-de-la-vega,Cenes de la Vega,37.1601,-3.5355,Granada
cenicero,Cenicero,42.4813,-2.6441,La Rioja
cenicientos,Cenicientos,40.2646,-4.4668,Madrid
cenizate,Cenizate,39.3,-1.65,Albacete
cenlle,Cenlle,42.3418,-8.0898,Ourense
centelles,Centelles,41.7975,2.219,Barcelona
centenera,Centenera,40.6506,-3.0512,Guadalajara
centenera-de-andaluz,Centenera de Andaluz,41.5068,-2.7181,Soria
centro,Centro,28.1272,-15.4314,
cepeda,Cepeda,40.466,-6.041,Salamanca
cepeda-la-mora,Cepeda la Mora,40.4578,-5.0483,Ávila
cerbon,Cerbón,41.9293,-2.169,Soria
cerceda,Cerceda,43.1833,-8.4833,A Coruña
cerceda,Cerceda,40.6989,-3.9337,A Coruña
cercedilla,Cercedilla,40.741,-4.0564,Madrid
cerdanyola-del-valles,Cerdanyola del Vallès,41.4911,2.1408,Barcelona
cerdido,Cerdido,43.6206,-7.9996,A Coruña
cerda,Cerdà,38.9833,-0.5667,Valencia
cereceda-de-la-sierra,Cereceda de la Sierra,40.5663,-6.0914,Salamanca
cerecinos-de-campos,Cerecinos de Campos,41.9002,-5.486,Zamora
cerecinos-del-carrizal,Cerecinos del Carrizal,41.6838,-5.653,Zamora
cerezal-de-penahorcada,Cerezal de Peñahorcada,41.1307,-6.6536,Salamanca
cerezo,Cerezo,40.2368,-6.2276,Cáceres
cerezo-de-abajo,Cerezo de Abajo,41.2182,-3.5913,Segovia
cerezo-de-arriba,Cerezo de Arriba,41.2389,-3.5585,Segovia
cerezo-de-rio-tiron,Cerezo de Río Tirón,42.4914,-3.136,Burgos
cernadilla,Cernadilla,42.0208,-6.417,Zamora
cerralbo,Cerralbo,40.9735,-6.5871,Salamanca
cerraton-de-juarros,Cerratón de Juarros,42.4223,-3.3735,Burgos
cervatos-de-la-cueza,Cervatos de la Cueza,42.2905,-4.7695,Palencia
cervello,Cervelló,41.3959,1.9592,Barcelona
cervera,Cervera,41.67,1.2721,Lleida
cervera-de-buitrago,Cervera de Buitrago,40.9199,-3.527,Madrid
cervera-de-pisuerga,Cervera de Pisuerga,42.8668,-4.498,Palencia
cervera-de-la-canada,Cervera de la Cañada,41.433,-1.7357,Zaragoza
cervera-de-los-montes,Cervera de los Montes,40.0518,-4.8107,Toledo
cervera-del-llano,Cervera del Llano,39.7831,-2.4202,Cuenca
cervera-del-maestre,Cervera del Maestre,40.4537,0.2766,Castellón
cervera-del-rio-alhama,Cervera del Río Alhama,42.0052,-1.9553,La Rioja
cerveruela,Cerveruela,41.2157,-1.2152,Zaragoza
cervillego-de-la-cruz,Cervillego de la Cruz,41.1878,-4.9497,Valladolid
cervia-de-ter,Cervià de Ter,42.0665,2.9074,Girona
cervo,Cervo,43.6702,-7.4101,Lugo
cesuras,Cesuras,43.1728,-8.2006,
cetina,Cetina,41.2921,-1.9628,Zaragoza
ceuta,Ceuta,35.8892,-5.3204,Ceuta
ceuti,Ceutí,38.0786,-1.2747,Murcia
cevico-navero,Cevico Navero,41.8611,-4.185,Palencia
cevico-de-la-torre,Cevico de la Torre,41.8511,-4.4097,Palencia
chalamera,Chalamera,41.6657,0.163,Huesca
chamartin,Chamartín,40.4621,-3.6766,Ávila
chamartin,Chamartín,40.7027,-4.9577,Ávila
chamberi,Chamberí,40.434,-3.7038,
chantada,Chantada,42.6088,-7.7711,Lugo
chapineria,Chapinería,40.3789,-4.2101,Madrid
chauchina,Chauchina,37.1998,-3.7716,Granada
chane,Chañe,41.3383,-4.4276,Segovia
checa,Checa,40.5861,-1.7906,Guadalajara
cheles,Cheles,38.5123,-7.2818,Badajoz
chella,Chella,39.042,-0.6592,Valencia
chelva,Chelva,39.7493,-0.9968,Valencia
chequilla,Chequilla,40.606,-1.8279,Guadalajara
chera,Chera,39.6,-0.9667,Valencia
chercos,Chercos,37.2545,-2.2666,Almería
chert-xert,Chert/Xert,40.5194,0.1583,
cheste,Cheste,39.4833,-0.6833,Valencia
chiclana-de-segura,Chiclana de Segura,38.3119,-3.0422,Jaén
chiclana-de-la-frontera,Chiclana de la Frontera,36.4198,-6.1437,Cádiz
chilches,Chilches,39.7824,-0.1874,
chillaron-de-cuenca,Chillarón de Cuenca,40.1054,-2.2218,Cuenca
chillaron-del-rey,Chillarón del Rey,40.5982,-2.6913,Guadalajara
chilluevar,Chilluévar,38.0009,-3.0324,Jaén
chillon,Chillón,38.7959,-4.8663,Ciudad Real
chiloeches,Chiloeches,40.5704,-3.16,Guadalajara
chimeneas,Chimeneas,37.1313,-3.8213,Granada
chimillas,Chimillas,42.1703,-0.4517,Huesca
chinchilla-de-monte-aragon,Chinchilla de Monte-Aragón,38.9209,-1.7202,Albacete
chinchon,Chinchón,40.1402,-3.4227,Madrid
chipiona,Chipiona,36.7366,-6.437,Cádiz
chiprana,Chiprana,41.2632,-0.1274,Zaragoza
chirivel,Chirivel,37.5953,-2.2684,Almería
chiva,Chiva,39.4667,-0.7167,Valencia
chodes,Chodes,41.487,-1.4801,Zaragoza
chopera,Chopera,40.3948,-3.6991,
chozas-de-abajo,Chozas de Abajo,42.5066,-5.6866,León
chozas-de-canales,Chozas de Canales,40.1001,-4.0433,Toledo
chucena,Chucena,37.3631,-6.393,Huelva
chueca,Chueca,39.7319,-3.9436,Toledo
chulilla,Chulilla,39.65,-0.8833,Valencia
chumillas,Chumillas,39.7667,-2.0333,Cuenca
churriana-de-la-vega,Churriana de la Vega,37.145,-3.6462,Granada
chia,Chía,42.5208,0.4656,Huesca
chovar,Chóvar,39.85,-0.3167,Castellón
ciadoncha,Ciadoncha,42.1581,-3.9324,Burgos
cidamon,Cidamón,42.4952,-2.8783,La Rioja
cidones,Cidones,41.8144,-2.6399,Soria
ciempozuelos,Ciempozuelos,40.1591,-3.621,Madrid
cieza,Cieza,38.24,-1.4199,Cantabria
cifuentes,Cifuentes,40.7862,-2.6225,Guadalajara
cigales,Cigales,41.7578,-4.6985,Valladolid
cigudosa,Cigudosa,41.9333,-2.05,Soria
cigunuela,Ciguñuela,41.6406,-4.8569,Valladolid
cihuela,Cihuela,41.4072,-1.9999,Soria
cihuri,Cihuri,42.565,-2.9229,La Rioja
cijuela,Cijuela,37.198,-3.8117,Granada
cilleros,Cilleros,40.1149,-6.7926,Cáceres
cilleros-de-la-bastida,Cilleros de la Bastida,40.5761,-6.0609,Salamanca
cilleruelo-de-abajo,Cilleruelo de Abajo,41.8841,-3.7972,Burgos
cilleruelo-de-arriba,Cilleruelo de Arriba,41.9049,-3.661,Burgos
cilleruelo-de-san-mames,Cilleruelo de San Mamés,41.4322,-3.5661,Segovia
cillan,Cillán,40.7067,-4.9813,Ávila
cimanes-de-la-vega,Cimanes de la Vega,42.1165,-5.5985,León
cimanes-del-tejar,Cimanes del Tejar,42.6179,-5.8051,León
cimballa,Cimballa,41.1012,-1.7735,Zaragoza
cinco-olivas,Cinco Olivas,41.3397,-0.3712,Zaragoza
cincovillas,Cincovillas,41.205,-2.8183,Guadalajara
cinctorres,Cinctorres,40.5833,-0.2167,Castellón
cintruenigo,Cintruénigo,42.0794,-1.8046,Navarra
ciperez,Cipérez,40.9621,-6.2655,Salamanca
cirat,Cirat,40.05,-0.45,Castellón
cirauqui,Cirauqui,42.676,-1.8912,
ciria,Ciria,41.6183,-1.9658,Soria
ciriza,Ciriza,42.7902,-1.8282,
ciruelas,Ciruelas,40.7502,-3.0858,Guadalajara
ciruelos,Ciruelos,39.9388,-3.6138,Toledo
ciruelos-de-cervera,Ciruelos de Cervera,41.9056,-3.5301,Burgos
ciruena,Cirueña,42.4121,-2.8959,La Rioja
cirujales-del-rio,Cirujales del Río,41.8669,-2.3255,Soria
cisla,Cisla,40.9666,-5.0141,Ávila
cisneros,Cisneros,42.2205,-4.8581,Palencia
cistella,Cistella,42.2687,2.8478,Girona
cistierna,Cistierna,42.8034,-5.1266,León
cisterniga,Cistérniga,41.6129,-4.687,Valladolid
ciudad-jardin,Ciudad Jardín,40.4483,-3.673,
ciudad-lineal,Ciudad Lineal,40.4451,-3.6513,
ciudad-real,Ciudad Real,38.9863,-3.9291,Ciudad Real
ciudad-rodrigo,Ciudad Rodrigo,40.6,-6.5333,Salamanca
ciudad-universitaria,Ciudad Universitaria,40.456,-3.7384,
ciutadella,Ciutadella,40.0011,3.8414,
ciutadilla,Ciutadilla,41.5611,1.1394,Lleida
ciutat-meridiana,Ciutat Meridiana,41.4612,2.1749,
ciutat-vella,Ciutat Vella,41.3802,2.1732,
clares-de-ribota,Clarés de Ribota,41.5296,-1.8377,Zaragoza
clavijo,Clavijo,42.349,-2.4267,La Rioja
coana,Coaña,43.5139,-6.7553,Asturias
cobatillas,Cobatillas,38.0555,-1.0768,
cobeja,Cobeja,40.0208,-3.856,Toledo
cobeta,Cobeta,40.8656,-2.1421,Guadalajara
cobena,Cobeña,40.5667,-3.5,Madrid
cobisa,Cobisa,39.8043,-4.0253,Toledo
cobos-de-cerrato,Cobos de Cerrato,42.0281,-4.0025,Palencia
cobos-de-fuentiduena,Cobos de Fuentidueña,41.3826,-3.9272,Segovia
cobreros,Cobreros,42.0732,-6.7005,Zamora
coca,Coca,41.2177,-4.5214,Segovia
coca-de-alba,Coca de Alba,40.8783,-5.3654,Salamanca
cocentaina,Cocentaina,38.7398,-0.4398,Alicante
codorniz,Codorniz,41.0675,-4.6002,Segovia
codos,Codos,41.2927,-1.3742,Zaragoza
cofrentes,Cofrentes,39.2293,-1.0606,Valencia
cogeces-del-monte,Cogeces del Monte,41.5103,-4.3172,Valladolid
cogollor,Cogollor,40.8482,-2.7443,Guadalajara
cogollos,Cogollos,42.1998,-3.7001,Burgos
cogollos-de-guadix,Cogollos de Guadix,37.2252,-3.1609,Granada
cogolludo,Cogolludo,40.9469,-3.0893,Guadalajara
coiros,Coirós,43.25,-8.1667,A Coruña
colera,Colera,42.4039,3.1515,Girona
coles,Coles,42.4007,-7.8353,Ourense
colina,Colina,40.4581,-3.6603,
colindres,Colindres,43.3967,-3.4536,Cantabria
coll-d-en-rabassa,Coll d'en Rabassa,39.5508,2.6947,
coll-de-nargo,Coll de Nargó,42.1747,1.3169,Lleida
collado,Collado,40.0573,-5.7205,
collado-hermoso,Collado Hermoso,41.0387,-3.9186,Segovia
collado-mediano,Collado Mediano,40.6933,-4.0228,Madrid
collado-de-contreras,Collado de Contreras,40.8874,-4.9314,Ávila
collado-del-miron,Collado del Mirón,40.5531,-5.354,Ávila
collado-villalba,Collado Villalba,40.6351,-4.0049,Madrid
collazos-de-boedo,Collazos de Boedo,42.6201,-4.4829,Palencia
collbato,Collbató,41.5701,1.8271,Barcelona
colldejou,Colldejou,41.0997,0.8872,Tarragona
collsuspina,Collsuspina,41.8258,2.1755,Barcelona
colmenar,Colmenar,36.9052,-4.3356,Málaga
colmenar-viejo,Colmenar Viejo,40.6591,-3.7676,Madrid
colmenar-de-montemayor,Colmenar de Montemayor,40.3996,-5.9562,Salamanca
colmenar-de-oreja,Colmenar de Oreja,40.1067,-3.3855,Madrid
colmenar-del-arroyo,Colmenar del Arroyo,40.419,-4.1985,Madrid
colmenarejo,Colmenarejo,40.5606,-4.0171,Madrid
colomera,Colomera,37.3716,-3.7139,Granada
colomers,Colomers,42.0833,2.9833,Girona
colunga,Colunga,43.4853,-5.2701,Asturias
colungo,Colungo,42.1713,0.0681,Huesca
colonia-de-sant-jordi,Colònia de Sant Jordi,39.3181,2.992,
coma-ruga,Coma-ruga,41.1799,1.5254,
comares,Comares,36.8493,-4.2466,Málaga
combarro,Combarro,42.4319,-8.7065,
comillas,Comillas,43.386,-4.2916,Cantabria
comillas,Comillas,40.3935,-3.712,Cantabria
concepcion,Concepción,40.4393,-3.6493,
condemios-de-abajo,Condemios de Abajo,41.2167,-3.1,Guadalajara
condemios-de-arriba,Condemios de Arriba,41.2164,-3.1254,Guadalajara
conesa,Conesa,41.5167,1.3,Tarragona
confrides,Confrides,38.6845,-0.2689,Alicante
congosto,Congosto,42.6176,-6.5205,León
congosto-de-valdavia,Congosto de Valdavia,42.7158,-4.6337,Palencia
congostrina,Congostrina,41.0372,-2.9857,Guadalajara
conil-de-la-frontera,Conil de la Frontera,36.2772,-6.0885,Cádiz
conquista,Conquista,38.4,-4.5,Córdoba
conquista-de-la-sierra,Conquista de la Sierra,39.3507,-5.7346,Cáceres
consell,Consell,39.6686,2.8127,Illes Balears
constantina,Constantina,37.8667,-5.6167,Sevilla
constanti,Constantí,41.1539,1.2126,Tarragona
constanzana,Constanzana,40.9382,-4.8751,Ávila
consuegra,Consuegra,39.4625,-3.608,Toledo
contamina,Contamina,41.3053,-1.9173,Zaragoza
contreras,Contreras,42.02,-3.4108,Burgos
coomonte,Coomonte,42.1155,-5.8132,Zamora
copernal,Copernal,40.8646,-3.054,Guadalajara
corbalan,Corbalán,40.4031,-0.9852,Teruel
corbera,Corbera,39.15,-0.35,Valencia
corbera-de-llobregat,Corbera de Llobregat,41.417,1.9197,Barcelona
corbillos-de-los-oteros,Corbillos de los Oteros,42.4077,-5.4596,León
corbins,Corbins,41.6833,0.7,Lleida
corcos,Corcos,41.8095,-4.6927,Valladolid
corcubion,Corcubión,42.9441,-9.1926,A Coruña
cordobilla-de-lacara,Cordobilla de Lácara,39.1476,-6.4362,Badajoz
cordovilla,Cordovilla,40.9509,-5.4073,Salamanca
cordovilla-la-real,Cordovilla la Real,42.0796,-4.2599,Palencia
cordovin,Cordovín,42.3856,-2.815,La Rioja
corduente,Corduente,40.843,-1.9784,Guadalajara
corella,Corella,42.1151,-1.7856,Navarra
corera,Corera,42.3434,-2.2202,La Rioja
coreses,Coreses,41.5479,-5.6225,Zamora
corgo,Corgo,42.9443,-7.4314,
coria,Coria,39.9841,-6.536,Cáceres
coria-del-rio,Coria del Río,37.2877,-6.0541,Sevilla
coripe,Coripe,36.9734,-5.4402,Sevilla
coristanco,Coristanco,43.2,-8.75,A Coruña
cornago,Cornago,42.0644,-2.0949,La Rioja
cornella-de-llobregat,Cornellà de Llobregat,41.35,2.0833,Barcelona
cornella-del-terri,Cornellà del Terri,42.0833,2.8167,Girona
corpa,Corpa,40.4233,-3.26,Madrid
corporales,Corporales,42.4321,-2.9954,La Rioja
corral-de-almaguer,Corral de Almaguer,39.7599,-3.1645,Toledo
corral-de-ayllon,Corral de Ayllón,41.3908,-3.4586,Segovia
corral-de-calatrava,Corral de Calatrava,38.8579,-4.0814,Ciudad Real
corral-rubio,Corral-Rubio,38.8346,-1.4603,Albacete
corralejo,Corralejo,28.7308,-13.8675,
corralejos,Corralejos,40.4641,-3.6073,
corrales,Corrales,41.358,-5.7248,
corrales-de-duero,Corrales de Duero,41.672,-4.0482,Valladolid
corte-de-peleas,Corte de Peleas,38.7263,-6.6704,Badajoz
corteconcepcion,Corteconcepción,37.9,-6.5,Huelva
cortegada,Cortegada,42.2098,-8.1682,Ourense
cortegana,Cortegana,37.9112,-6.8205,Huelva
cortelazor,Cortelazor,37.9364,-6.6246,Huelva
cortes,Cortes,41.9227,-1.4204,Navarra
cortes-de-aragon,Cortes de Aragón,40.9737,-0.8357,Teruel
cortes-de-arenoso,Cortes de Arenoso,40.1881,-0.542,Castellón
cortes-de-baza,Cortes de Baza,37.6551,-2.7717,Granada
cortes-de-pallas,Cortes de Pallás,39.25,-0.9333,Valencia
cortes-de-la-frontera,Cortes de la Frontera,36.6171,-5.3427,Málaga
corullon,Corullón,42.579,-6.8193,León
coruna-del-conde,Coruña del Conde,41.7657,-3.3906,Burgos
corvera-de-asturias,Corvera de Asturias,43.5355,-5.8889,Asturias
corca,Corçà,41.9833,3.0167,Girona
cosa,Cosa,40.8339,-1.1365,Teruel
coscurita,Coscurita,41.4348,-2.4757,Soria
coslada,Coslada,40.4238,-3.5613,Madrid
costa-calma,Costa Calma,28.1615,-14.2269,
costa-teguise,Costa Teguise,28.9984,-13.4991,
costacabana,Costacabana,36.8381,-2.3811,
costillares,Costillares,40.4766,-3.6685,
costitx,Costitx,39.6568,2.9495,Illes Balears
costur,Costur,40.1197,-0.1739,Castellón
cosuenda,Cosuenda,41.3656,-1.2987,Zaragoza
cotes,Cotes,39.0701,-0.5745,Valencia
cotillas,Cotillas,38.4312,-2.5055,Albacete
covaleda,Covaleda,41.9349,-2.8832,Soria
covarrubias,Covarrubias,42.0593,-3.5196,Burgos
covelo,Covelo,42.2315,-8.363,Pontevedra
cox,Cox,38.1416,-0.8874,Alicante
cozuelos-de-fuentiduena,Cozuelos de Fuentidueña,41.3909,-4.0956,Segovia
coin,Coín,36.6595,-4.7564,Málaga
creixell,Creixell,41.1662,1.4403,Tarragona
crespia,Crespià,42.1833,2.8,Girona
crespos,Crespos,40.8713,-4.9709,Ávila
crevillente,Crevillente,38.2499,-0.8097,
cristina,Cristina,38.8374,-6.0987,Badajoz
cristobal,Cristóbal,40.4692,-5.8897,Salamanca
crivillen,Crivillén,40.8832,-0.5767,Teruel
cruce-de-arinaga,Cruce de Arinaga,27.8766,-15.428,
cruilles,Cruïlles,41.95,3.0167,
cremenes,Crémenes,42.9036,-5.1437,León
cuadros,Cuadros,42.7116,-5.6383,León
cualedro,Cualedro,41.989,-7.5946,Ourense
cuarte-de-huerva,Cuarte de Huerva,41.5947,-0.9327,Zaragoza
cuatro-caminos,Cuatro Caminos,40.4468,-3.7035,
cuatro-vientos,Cuatro Vientos,40.371,-3.7737,
cubas,Cubas,40.189,-3.8353,
cubel,Cubel,41.096,-1.6373,Zaragoza
cubelles,Cubelles,41.2077,1.6727,Barcelona
cubells,Cubells,41.8506,0.959,Lleida
cubilla,Cubilla,41.749,-2.9372,Soria
cubillas-de-cerrato,Cubillas de Cerrato,41.7984,-4.4672,Palencia
cubillas-de-rueda,Cubillas de Rueda,42.6563,-5.1753,León
cubillas-de-santa-marta,Cubillas de Santa Marta,41.8336,-4.6146,Valladolid
cubillas-de-los-oteros,Cubillas de los Oteros,42.372,-5.5088,León
cubillo,Cubillo,41.1214,-3.9088,Segovia
cubillo-del-campo,Cubillo del Campo,42.1685,-3.6103,Burgos
cubillos,Cubillos,41.5744,-5.7392,Zamora
cubillos-del-sil,Cubillos del Sil,42.6252,-6.5636,León
cubla,Cubla,40.2098,-1.0792,Teruel
cubo-de-benavente,Cubo de Benavente,42.1249,-6.1634,Zamora
cubo-de-bureba,Cubo de Bureba,42.6401,-3.2063,Burgos
cubo-de-la-solana,Cubo de la Solana,41.6022,-2.4218,Soria
cucalon,Cucalón,41.0861,-1.2147,Teruel
cudillero,Cudillero,43.5622,-6.1459,Asturias
cuelgamures,Cuelgamures,41.3074,-5.6577,Zamora
cuenca,Cuenca,40.0667,-2.1333,Cuenca
cuenca-de-campos,Cuenca de Campos,42.0593,-5.0554,Valladolid
cuerva,Cuerva,39.6637,-4.2108,Toledo
cueva-de-agreda,Cueva de Ágreda,41.7631,-1.8882,Soria
cueva-del-hierro,Cueva del Hierro,40.5826,-2.0361,Cuenca
cuevas-bajas,Cuevas Bajas,37.2353,-4.4871,Málaga
cuevas-labradas,Cuevas Labradas,40.4535,-1.0501,Teruel
cuevas-de-almuden,Cuevas de Almudén,40.7134,-0.8296,Teruel
cuevas-de-provanco,Cuevas de Provanco,41.5421,-3.962,Segovia
cuevas-de-san-clemente,Cuevas de San Clemente,42.1301,-3.5684,Burgos
cuevas-de-san-marcos,Cuevas de San Marcos,37.2667,-4.4143,Málaga
cuevas-de-vinroma,Cuevas de Vinromá,40.3098,0.1208,
cuevas-del-almanzora,Cuevas del Almanzora,37.2968,-1.8822,Almería
cuevas-del-becerro,Cuevas del Becerro,36.8754,-5.0449,Málaga
cuevas-del-campo,Cuevas del Campo,37.6076,-2.9294,Granada
cuevas-del-valle,Cuevas del Valle,40.2942,-5.0094,Ávila
culla,Culla,40.3365,-0.1657,Castellón
cullera,Cullera,39.1667,-0.25,Valencia
culleredo,Culleredo,43.2879,-8.3886,A Coruña
cumbres-mayores,Cumbres Mayores,38.0619,-6.6456,Huelva
cunit,Cunit,41.1983,1.6364,Tarragona
cuntis,Cuntis,42.634,-8.5626,Pontevedra
curiel-de-duero,Curiel de Duero,41.6433,-4.1011,Valladolid
curtis,Curtis,43.1237,-8.1482,A Coruña
cuzcurrita-de-rio-tiron,Cuzcurrita de Río Tirón,42.5415,-2.9642,La Rioja
cuellar,Cuéllar,41.4016,-4.3147,Segovia
calig,Càlig,40.4626,0.3552,Castellón
canoves-i-samalus,Cànoves i Samalús,41.6833,2.35,Barcelona
carcer,Càrcer,39.0667,-0.5667,Valencia
caceres,Cáceres,39.4765,-6.3722,Cáceres
cadiar,Cádiar,36.9459,-3.1802,Granada
cajar,Cájar,37.1338,-3.5727,Granada
carcar,Cárcar,42.3931,-1.979,Navarra
cardenas,Cárdenas,42.3746,-2.7673,La Rioja
carmenes,Cármenes,42.9586,-5.5735,León
carmenes,Cármenes,40.4015,-3.7359,León
cartama,Cártama,36.7107,-4.633,Málaga
caseda,Cáseda,42.5226,-1.3664,Navarra
castaras,Cástaras,36.9316,-3.2541,Granada
canar,Cáñar,36.9268,-3.4281,Granada
cobdar,Cóbdar,37.2617,-2.211,Almería
competa,Cómpeta,36.8335,-3.9743,Málaga
cordoba,Córdoba,37.8916,-4.7728,Córdoba
cozar,Cózar,38.6622,-3.072,Ciudad Real
cullar-vega,Cúllar Vega,37.1536,-3.6707,Granada
cutar,Cútar,36.8313,-4.2274,Málaga
daganzo-de-arriba,Daganzo de Arriba,40.5429,-3.4546,Madrid
daimiel,Daimiel,39.07,-3.615,Ciudad Real
daimus,Daimús,38.9667,-0.15,Valencia
dalias,Dalías,36.8218,-2.8714,Almería
darnius,Darnius,42.3667,2.8333,Girona
daroca,Daroca,41.1148,-1.4149,Zaragoza
daroca-de-rioja,Daroca de Rioja,42.3712,-2.5819,La Rioja
darro,Darro,37.3499,-3.2946,Granada
das,Das,42.3614,1.8705,Girona
daya-nueva,Daya Nueva,38.1131,-0.7603,Alicante
daya-vieja,Daya Vieja,38.1048,-0.738,Alicante
deba,Deba,43.2957,-2.3521,Gipuzkoa
degana,Degaña,42.9397,-6.5694,Asturias
dehesa-de-montejo,Dehesa de Montejo,42.8194,-4.5102,Palencia
dehesa-de-romanos,Dehesa de Romanos,42.6388,-4.4352,Palencia
dehesas-viejas,Dehesas Viejas,37.4741,-3.5522,Granada
dehesas-de-guadix,Dehesas de Guadix,37.5888,-3.1032,Granada
deifontes,Deifontes,37.3262,-3.5957,Granada
deia,Deià,39.7481,2.6482,Illes Balears
deleitosa,Deleitosa,39.6436,-5.6458,Cáceres
delicias,Delicias,41.6493,-0.9076,
delicias,Delicias,40.3967,-3.69,
deltebre,Deltebre,40.7194,0.7084,Tarragona
denia,Dénia,38.8408,0.1057,Alicante
derio,Derio,43.3054,-2.8812,Bizkaia
descargamaria,Descargamaría,40.3045,-6.4867,Cáceres
desojo,Desojo,42.5879,-2.2744,Navarra
destriana,Destriana,42.3273,-6.0957,León
deza,Deza,41.4637,-2.0205,Soria
diagonal-mar,Diagonal Mar,41.409,2.2161,
dicastillo,Dicastillo,42.5965,-2.0267,Navarra
diezma,Diezma,37.3198,-3.3326,Granada
dios-le-guarde,Dios le Guarde,40.6428,-6.3151,Salamanca
dolores,Dolores,38.14,-0.7709,Alicante
domeno,Domeño,39.6611,-0.6708,Valencia
domingo-garcia,Domingo García,41.1153,-4.3793,Segovia
domingo-perez,Domingo Pérez,39.9766,-4.5055,Toledo
domingo-perez,Domingo Pérez,37.4959,-3.5093,Toledo
don-benito,Don Benito,38.9563,-5.8616,Badajoz
don-alvaro,Don Álvaro,38.8484,-6.2748,Badajoz
doneztebe-santesteban,Doneztebe/Santesteban,43.1333,-1.6667,Navarra
donhierro,Donhierro,41.1164,-4.6967,Segovia
donjimeno,Donjimeno,40.9598,-4.8463,Ávila
donostia-san-sebastian,Donostia/San Sebastián,43.3128,-1.975,Gipuzkoa
donvidas,Donvidas,41.0895,-4.8063,Ávila
dos-aguas,Dos Aguas,39.2833,-0.8,Valencia
dos-hermanas,Dos Hermanas,37.2829,-5.9209,Sevilla
dos-torres,Dos Torres,38.45,-4.9,Córdoba
dosbarrios,Dosbarrios,39.882,-3.4842,Toledo
dosrius,Dosrius,41.5833,2.4167,Barcelona
dozon,Dozón,42.5833,-8.0167,Pontevedra
dona-mencia,Doña Mencía,37.5535,-4.356,Córdoba
doninos-de-ledesma,Doñinos de Ledesma,41.0125,-6.0341,Salamanca
doninos-de-salamanca,Doñinos de Salamanca,40.9598,-5.7435,Salamanca
dreta-de-l-eixample,Dreta de l'Eixample,41.3961,2.1669,
driebes,Driebes,40.245,-3.0417,Guadalajara
duesaigues,Duesaigües,41.15,0.9333,Tarragona
duenas,Dueñas,41.8772,-4.5471,Palencia
dumbria,Dumbría,43.0084,-9.1133,A Coruña
durango,Durango,43.1712,-2.6338,Bizkaia
duruelo,Duruelo,41.2362,-3.6491,Segovia
duruelo-de-la-sierra,Duruelo de la Sierra,41.9545,-2.9309,Soria
duron,Durón,40.6253,-2.7266,Guadalajara
dilar,Dílar,37.0728,-3.6013,Granada
dudar,Dúdar,37.1858,-3.4835,Granada
durcal,Dúrcal,36.9879,-3.566,Granada
ea,Ea,43.3798,-2.5856,Bizkaia
echarri,Echarri,42.7802,-1.8253,
echarri-aranaz,Echarri-Aranaz,42.9079,-2.0647,
echo,Echo,42.7384,-0.7502,
eibar,Eibar,43.1849,-2.4716,Gipuzkoa
eixample,Eixample,41.389,2.1618,
ejea-de-los-caballeros,Ejea de los Caballeros,42.1263,-1.1372,Zaragoza
ejeme,Éjeme,40.7668,-5.5383,Salamanca
ejulve,Ejulve,40.7763,-0.5534,Teruel
el-altet,El Altet,38.273,-0.5397,
el-arahal,El Arahal,37.2627,-5.5453,
el-astillero,El Astillero,43.4009,-3.8205,
el-barco-de-avila,El Barco de Ávila,40.3571,-5.5236,
el-bonillo,El Bonillo,38.9505,-2.5405,
el-bosque,El Bosque,36.7583,-5.5053,
el-burgo-de-ebro,El Burgo de Ebro,41.5716,-0.7413,
el-burgo-de-osma,El Burgo de Osma,41.5862,-3.0652,
el-campello,El Campello,38.4288,-0.3977,
el-carmel,El Carmel,41.4176,2.1591,
el-carpio,El Carpio,37.9408,-4.497,
el-carpio-de-tajo,El Carpio de Tajo,39.888,-4.4539,
el-casar,El Casar,38.5309,-5.9251,
el-casar-de-escalona,El Casar de Escalona,40.0464,-4.5251,
el-castellar,El Castellar,40.3653,-0.8173,
el-castillo-de-las-guardas,El Castillo de las Guardas,37.6931,-6.315,
el-cerro-de-andevalo,El Cerro de Andévalo,37.7354,-6.9369,
el-coronil,El Coronil,37.0795,-5.6341,
el-cotillo,El Cotillo,28.6826,-14.0064,
el-cuervo,El Cuervo,36.853,-6.0378,
el-ejido,El Ejido,36.7763,-2.8146,
el-escorial,El Escorial,40.5825,-4.1285,
el-franco,El Franco,43.5552,-6.8662,
el-gastor,El Gastor,36.8548,-5.3233,
el-goloso,El Goloso,40.5534,-3.6997,
el-grao,El Grao,39.9736,0.0128,
el-hoyo-de-pinares,El Hoyo de Pinares,40.5008,-4.4236,
el-masnou,El Masnou,41.4798,2.3188,
el-molar,El Molar,40.7321,-3.5797,
el-pardo,El Pardo,40.5145,-3.7725,
el-paso,El Paso,28.6501,-17.8827,
el-pedernoso,El Pedernoso,39.4858,-2.7464,
el-perello,El Perelló,39.2772,-0.2757,
el-perello,El Perelló,40.8743,0.7113,
el-pla-de-santa-maria,El Pla de Santa Maria,41.3634,1.2915,
el-plan,El Plan,37.65,-1.0167,
el-plantio,El Plantío,40.4693,-3.8236,
el-prat-de-llobregat,El Prat de Llobregat,41.3278,2.0947,
el-provencio,El Provencio,39.3774,-2.5745,
el-puente-del-arzobispo,El Puente del Arzobispo,39.8017,-5.1718,
el-puerto-de-santa-maria,El Puerto de Santa María,36.5939,-6.233,
el-real-de-san-vicente,El Real de San Vicente,40.1356,-4.6909,
el-robledo,El Robledo,39.219,-4.281,
el-rompido,El Rompido,37.2177,-7.1221,
el-ronquillo,El Ronquillo,37.7263,-6.1762,
el-rubio,El Rubio,37.3562,-4.989,
el-saucejo,El Saucejo,37.0724,-5.0982,
el-tiemblo,El Tiemblo,40.4153,-4.5016,
el-toboso,El Toboso,39.5133,-2.9973,
el-toro,El Toro,39.4848,2.4822,
el-varadero,El Varadero,36.7252,-3.5218,
el-vellon,El Vellón,40.7649,-3.5797,
el-vendrell,El Vendrell,41.2167,1.5333,
el-viso,El Viso,38.4833,-4.95,
el-viso,El Viso,40.4463,-3.6841,
el-viso-de-san-juan,El Viso de San Juan,40.1415,-3.9182,
el-viso-del-alcor,El Viso del Alcor,37.3911,-5.7199,
el-alamo,El Álamo,40.2307,-3.9945,
elantxobe,Elantxobe,43.4024,-2.6391,Bizkaia
elche,Elche,38.2622,-0.7011,
elche-de-la-sierra,Elche de la Sierra,38.4512,-2.0476,Albacete
elciego,Elciego,42.5157,-2.619,Araba/Álava
elda,Elda,38.4778,-0.7916,Alicante
elduain,Elduain,43.1402,-2.001,Gipuzkoa
elexalde,Elexalde,43.4149,-2.9368,
elexalde,Elexalde,43.15,-2.9333,
elgeta,Elgeta,43.137,-2.4886,Gipuzkoa
elgoibar,Elgoibar,43.216,-2.4133,Gipuzkoa
elgorriaga,Elgorriaga,43.1386,-1.6866,Navarra
elizondo,Elizondo,43.1483,-1.5178,
eljas,Eljas,40.2165,-6.8462,Cáceres
elorrio,Elorrio,43.1292,-2.5406,Bizkaia
elorz,Elorz,42.7326,-1.5615,
embajadores,Embajadores,40.4092,-3.7025,
embid,Embid,40.9726,-1.7121,Guadalajara
embid-de-ariza,Embid de Ariza,41.3783,-1.9737,Zaragoza
emperador,Emperador,39.55,-0.3333,Valencia
empuriabrava,Empuriabrava,42.2469,3.1206,
encina-de-san-silvestre,Encina de San Silvestre,41.0144,-6.0927,Salamanca
encinacorba,Encinacorba,41.2852,-1.2752,Zaragoza
encinas,Encinas,41.3751,-3.6676,Segovia
encinas-reales,Encinas Reales,37.2742,-4.4883,Córdoba
encinas-de-abajo,Encinas de Abajo,40.9349,-5.4704,Salamanca
encinas-de-arriba,Encinas de Arriba,40.7712,-5.5566,Salamanca
encinas-de-esgueva,Encinas de Esgueva,41.7565,-4.1036,Valladolid
encinasola,Encinasola,38.1341,-6.8667,Huelva
encinasola-de-los-comendadores,Encinasola de los Comendadores,41.0309,-6.5326,Salamanca
encinedo,Encinedo,42.2705,-6.5937,León
encinillas,Encinillas,41.0181,-4.1578,Segovia
enciso,Enciso,42.1495,-2.2695,La Rioja
encio,Encío,42.6711,-3.0868,Burgos
endrinal,Endrinal,40.5911,-5.8041,Salamanca
enguera,Enguera,38.9797,-0.6868,Valencia
enguidanos,Enguídanos,39.6667,-1.6,Cuenca
enix,Enix,36.8773,-2.6018,Almería
entrala,Entrala,41.4301,-5.7556,Zamora
entrambasaguas,Entrambasaguas,43.3785,-3.6807,Cantabria
entrena,Entrena,42.3878,-2.5307,La Rioja
entrevias,Entrevías,40.3785,-3.6739,
entrimo,Entrimo,41.933,-8.1173,Ourense
entrin-bajo,Entrín Bajo,38.7186,-6.7135,Badajoz
eneriz,Enériz,42.6709,-1.7279,
erandio,Erandio,43.3044,-2.9735,Bizkaia
eratsun,Eratsun,43.0833,-1.8,Navarra
erla,Erla,42.1173,-0.9502,Zaragoza
ermitagana,Ermitagaña,42.8108,-1.6641,
ermua,Ermua,43.1872,-2.5026,Bizkaia
errenteria,Errenteria,43.312,-1.9023,Gipuzkoa
errezil,Errezil,43.1651,-2.174,Gipuzkoa
errigoiti,Errigoiti,43.3167,-2.7167,Bizkaia
erustes,Erustes,39.9567,-4.4966,Toledo
es-castell,Es Castell,39.8776,4.2899,
es-migjorn-gran,Es Migjorn Gran,39.9466,4.0512,
es-molinar,Es Molinar,39.5614,2.6752,
escacena-del-campo,Escacena del Campo,37.4084,-6.3887,Huelva
escalante,Escalante,43.4368,-3.5135,Cantabria
escalona,Escalona,40.1669,-4.4048,Toledo
escalona-del-prado,Escalona del Prado,41.1668,-4.1227,Segovia
escalonilla,Escalonilla,39.9257,-4.351,Toledo
escamilla,Escamilla,40.5498,-2.5629,Guadalajara
escarabajosa-de-cabezas,Escarabajosa de Cabezas,41.1047,-4.1941,Segovia
escariche,Escariche,40.4055,-3.0531,Guadalajara
escatron,Escatrón,41.2915,-0.3231,Zaragoza
escanuela,Escañuela,37.8788,-4.0338,Jaén
escobar-de-campos,Escobar de Campos,42.3134,-4.9657,León
escobar-de-polendos,Escobar de Polendos,41.0908,-4.1312,Segovia
escobosa-de-almazan,Escobosa de Almazán,41.4863,-2.3714,Soria
escopete,Escopete,40.4132,-3.0046,Guadalajara
escorca,Escorca,39.8214,2.8694,Illes Balears
escorihuela,Escorihuela,40.544,-0.9708,Teruel
escucha,Escucha,40.7947,-0.8101,Teruel
escurial,Escurial,39.1686,-5.8846,Cáceres
escurial-de-la-sierra,Escurial de la Sierra,40.6173,-5.9552,Salamanca
escuzar,Escúzar,37.0622,-3.7613,Granada
esgos,Esgos,42.3255,-7.6969,Ourense
esguevillas-de-esgueva,Esguevillas de Esgueva,41.7502,-4.3806,Valladolid
eskoriatza,Eskoriatza,43.0183,-2.526,Gipuzkoa
eskuernaga-villabuena-de-alava,Eskuernaga / Villabuena de Álava,42.5479,-2.6655,
eslava,Eslava,42.5646,-1.4595,Navarra
eslida,Eslida,39.8833,-0.3,Castellón
espadana,Espadaña,41.0609,-6.2846,Salamanca
espadanedo,Espadañedo,42.1162,-6.3942,Zamora
espadilla,Espadilla,40.0333,-0.35,Castellón
esparragal,Esparragal,38.0333,-1.0833,
esparragalejo,Esparragalejo,38.9433,-6.4355,Badajoz
esparragosa-de-lares,Esparragosa de Lares,38.9752,-5.2697,Badajoz
esparragosa-de-la-serena,Esparragosa de la Serena,38.651,-5.6066,Badajoz
esparreguera,Esparreguera,41.5381,1.8702,Barcelona
espartinas,Espartinas,37.3815,-6.1258,Sevilla
espeja,Espeja,40.5656,-6.7158,Salamanca
espeja-de-san-marcelino,Espeja de San Marcelino,41.8023,-3.2223,Soria
espejo,Espejo,37.6798,-4.5536,Córdoba
espejon,Espejón,41.8302,-3.2594,Soria
espeluy,Espeluy,38.0318,-3.8631,Jaén
espera,Espera,36.8745,-5.806,Cádiz
espiel,Espiel,38.2,-5.0167,Córdoba
espino-de-la-orbada,Espino de la Orbada,41.1069,-5.4252,Salamanca
espinosa-de-cerrato,Espinosa de Cerrato,41.9668,-3.9535,Palencia
espinosa-de-cervera,Espinosa de Cervera,41.8968,-3.4686,Burgos
espinosa-de-henares,Espinosa de Henares,40.9005,-3.0696,Guadalajara
espinosa-de-villagonzalo,Espinosa de Villagonzalo,42.4795,-4.3722,Palencia
espinosa-de-los-monteros,Espinosa de los Monteros,43.0775,-3.5537,Burgos
espinosa-del-camino,Espinosa del Camino,42.4059,-3.2802,Burgos
espinoso-del-rey,Espinoso del Rey,39.6533,-4.7837,Toledo
espirdo,Espirdo,40.9976,-4.0733,Segovia
esplegares,Esplegares,40.8565,-2.3708,Guadalajara
esplugues-de-llobregat,Esplugues de Llobregat,41.3773,2.0881,Barcelona
esplus,Esplús,41.7987,0.2759,Huesca
espolla,Espolla,42.3912,3.0006,Girona
esponella,Esponellà,42.1667,2.8,Girona
esporles,Esporles,39.6679,2.5787,Illes Balears
espot,Espot,42.5784,1.0867,Lleida
espronceda,Espronceda,42.5971,-2.3052,Navarra
esquivias,Esquivias,40.1044,-3.7668,Toledo
establiments,Establiments,39.619,2.6271,
estables,Establés,41.0077,-2.0244,Guadalajara
estacion-de-cartama,Estación de Cártama,36.7333,-4.6167,
estada,Estada,42.072,0.2322,Huesca
estadilla,Estadilla,42.0566,0.2434,Huesca
estella-lizarra,Estella-Lizarra,42.6718,-2.0323,Navarra
estellencs,Estellencs,39.6534,2.4813,Illes Balears
estepa,Estepa,37.2926,-4.879,Sevilla
estepa-de-san-juan,Estepa de San Juan,41.9266,-2.3332,Soria
estepona,Estepona,36.4276,-5.1459,Málaga
estercuel,Estercuel,40.855,-0.6321,Teruel
estivella,Estivella,39.7167,-0.35,Valencia
estollo,Estollo,42.3295,-2.8509,La Rioja
estrella,Estrella,40.4141,-3.6655,
estremera,Estremera,40.1833,-3.1,Madrid
estriegana,Estriégana,41.0582,-2.5236,Guadalajara
estubeny,Estubeny,39.0179,-0.6238,Valencia
estepar,Estépar,42.2773,-3.8995,Burgos
etayo,Etayo,42.617,-2.1545,Navarra
etxalar,Etxalar,43.2338,-1.6367,Navarra
etxebarria,Etxebarria,43.2541,-2.4778,Bizkaia
eulate,Eulate,42.7764,-2.2064,Navarra
ezcaray,Ezcaray,42.3254,-3.0131,La Rioja
ezkurra,Ezkurra,43.0833,-1.8167,Navarra
fabara,Fabara,41.1775,0.1691,Zaragoza
fabero,Fabero,42.768,-6.6265,León
facheca,Facheca,38.735,-0.2677,
fago,Fago,42.7344,-0.8813,Huesca
falces,Falces,42.3897,-1.7932,Navarra
falset,Falset,41.1458,0.8198,Tarragona
famorca,Famorca,38.731,-0.2473,Alicante
fanzara,Fanzara,40.0167,-0.3167,Castellón
farajan,Faraján,36.617,-5.1884,Málaga
faramontanos-de-tabara,Faramontanos de Tábara,41.8347,-5.8888,Zamora
fariza,Fariza,41.4167,-6.2667,Zamora
farlete,Farlete,41.6812,-0.5068,Zaragoza
farrera,Farrera,42.4965,1.2722,Lleida
fasnia,Fasnia,28.2364,-16.4389,Santa Cruz de Tenerife
faura,Faura,39.7167,-0.25,Valencia
favara,Favara,39.1167,-0.2833,Valencia
fayon,Fayón,41.2385,0.333,Zaragoza
felanitx,Felanitx,39.4696,3.1483,Illes Balears
fene,Fene,43.45,-8.15,A Coruña
feria,Feria,38.5115,-6.5642,Badajoz
fermoselle,Fermoselle,41.3174,-6.3958,Zamora
fernan-nunez,Fernán-Núñez,37.6704,-4.7264,Córdoba
ferreira,Ferreira,37.1725,-3.0354,Granada
ferreras-de-abajo,Ferreras de Abajo,41.8965,-6.079,Zamora
ferreras-de-arriba,Ferreras de Arriba,41.8988,-6.1946,Zamora
ferreries,Ferreries,39.9832,4.0118,Illes Balears
ferreruela,Ferreruela,41.7667,-6.0721,Zamora
ferreruela-de-huerva,Ferreruela de Huerva,41.0632,-1.2335,Teruel
ferrol,Ferrol,43.4845,-8.2329,A Coruña
figaro,Figaró,41.7212,2.273,
figueres,Figueres,42.2664,2.9616,Girona
figueroles,Figueroles,40.1167,-0.2333,Castellón
figueruela-de-arriba,Figueruela de Arriba,41.8687,-6.4445,Zamora
figueruelas,Figueruelas,41.7665,-1.1747,Zaragoza
fines,Fines,37.3607,-2.2581,Almería
finestrat,Finestrat,38.5674,-0.2124,Alicante
firgas,Firgas,28.1071,-15.563,Las Palmas
fiscal,Fiscal,42.4956,-0.1209,Huesca
fisterra,Fisterra,42.9049,-9.2629,A Coruña
fitero,Fitero,42.0577,-1.8576,Navarra
finana,Fiñana,37.1715,-2.8401,Almería
flaca,Flaçà,42.0667,2.9667,Girona
flix,Flix,41.2307,0.5501,Tarragona
flores-de-avila,Flores de Ávila,40.9336,-5.0791,Ávila
florida-de-liebana,Florida de Liébana,41.0236,-5.7625,Salamanca
fogars-de-montclus,Fogars de Montclús,41.7333,2.45,Barcelona
foios,Foios,39.5333,-0.35,Valencia
foixa,Foixà,42.0363,3.0002,Girona
folgoso-de-la-ribera,Folgoso de la Ribera,42.6469,-6.3204,León
fombellida,Fombellida,41.7669,-4.1841,Valladolid
fombuena,Fombuena,41.1444,-1.1927,Zaragoza
fompedraza,Fompedraza,41.5354,-4.1448,Valladolid
foncea,Foncea,42.6153,-3.039,La Rioja
fondon,Fondón,36.9802,-2.8596,Almería
fonelas,Fonelas,37.4104,-3.1716,Granada
fonfria,Fonfría,41.6349,-6.1408,Teruel
fonfria,Fonfría,40.9957,-1.0848,Teruel
fonollosa,Fonollosa,41.763,1.6687,Barcelona
fonsagrada,Fonsagrada,43.124,-7.0679,
font-rubi,Font-rubí,41.4343,1.591,Barcelona
fontanar,Fontanar,40.7247,-3.1731,Guadalajara
fontanarejo,Fontanarejo,39.2201,-4.5175,Ciudad Real
fontanars-dels-alforins,Fontanars dels Alforins,38.7842,-0.7867,Valencia
fontanilles,Fontanilles,42.0112,3.1078,Girona
fontarron,Fontarrón,40.4014,-3.6468,
fontcoberta,Fontcoberta,42.1333,2.8,Girona
fontellas,Fontellas,42.0269,-1.5765,Navarra
fontihoyuelo,Fontihoyuelo,42.1619,-5.0579,Valladolid
fontioso,Fontioso,41.9427,-3.7387,Burgos
fontiveros,Fontiveros,40.93,-4.9645,Ávila
fontscaldes,Fontscaldes,41.3324,1.2325,
fonz,Fonz,42.0102,0.2588,Huesca
fonzaleche,Fonzaleche,42.5811,-3.0122,La Rioja
forcall,Forcall,40.6454,-0.1999,Castellón
forcarei,Forcarei,42.5923,-8.3509,Pontevedra
forfoleda,Forfoleda,41.0978,-5.7498,Salamanca
formentera-de-segura,Formentera de Segura,38.0851,-0.746,
formiche-alto,Formiche Alto,40.3237,-0.8924,Teruel
fornalutx,Fornalutx,39.7823,2.7411,Illes Balears
fornells-de-la-selva,Fornells de la Selva,41.9316,2.8091,Girona
fornelos-de-montes,Fornelos de Montes,42.3413,-8.4529,Pontevedra
fort-pienc,Fort Pienc,41.3946,2.1795,
fortaleny,Fortaleny,39.1833,-0.3,Valencia
fortanete,Fortanete,40.5053,-0.5228,Teruel
fortia,Fortià,42.2432,3.0388,Girona
fortuna,Fortuna,38.1814,-1.1259,Murcia
forua,Forua,43.3334,-2.675,Bizkaia
fores,Forès,41.4833,1.2333,Tarragona
foz,Foz,43.5692,-7.2544,Lugo
foz-calanda,Foz-Calanda,40.9221,-0.2648,Teruel
frades,Frades,43.0501,-8.2939,A Coruña
frades-de-la-sierra,Frades de la Sierra,40.6569,-5.7822,Salamanca
fraga,Fraga,41.5229,0.3489,Huesca
frailes,Frailes,37.4862,-3.8374,Jaén
frandovinez,Frandovínez,42.3103,-3.8378,Burgos
frechilla,Frechilla,42.1377,-4.8411,Palencia
frechilla-de-almazan,Frechilla de Almazán,41.4266,-2.5144,Soria
fregenal-de-la-sierra,Fregenal de la Sierra,38.1692,-6.6537,Badajoz
freila,Freila,37.5299,-2.9083,Granada
fresneda-de-altarejos,Fresneda de Altarejos,39.9258,-2.315,Cuenca
fresneda-de-cuellar,Fresneda de Cuéllar,41.319,-4.4494,Segovia
fresneda-de-la-sierra,Fresneda de la Sierra,40.391,-2.1423,Cuenca
fresneda-de-la-sierra-tiron,Fresneda de la Sierra Tirón,42.3154,-3.136,Burgos
fresnedilla,Fresnedilla,40.2323,-4.622,Ávila
fresnedillas,Fresnedillas,40.487,-4.1715,
fresnedoso,Fresnedoso,40.4362,-5.7097,Salamanca
fresnedoso-de-ibor,Fresnedoso de Ibor,39.6842,-5.509,Cáceres
fresnena,Fresneña,42.4137,-3.1345,Burgos
fresnillo-de-las-duenas,Fresnillo de las Dueñas,41.647,-3.6456,Burgos
fresno-el-viejo,Fresno el Viejo,41.1975,-5.1441,Valladolid
fresno-de-cantespino,Fresno de Cantespino,41.3682,-3.4995,Segovia
fresno-de-caracena,Fresno de Caracena,41.4525,-3.0912,Soria
fresno-de-rodilla,Fresno de Rodilla,42.4205,-3.4851,Burgos
fresno-de-sayago,Fresno de Sayago,41.3185,-5.9713,Zamora
fresno-de-torote,Fresno de Torote,40.5904,-3.41,Madrid
fresno-de-la-fuente,Fresno de la Fuente,41.3924,-3.6449,Segovia
fresno-de-la-polvorosa,Fresno de la Polvorosa,42.0831,-5.7697,Zamora
fresno-de-la-ribera,Fresno de la Ribera,41.5293,-5.5666,Zamora
fresno-de-la-vega,Fresno de la Vega,42.3454,-5.5359,León
fresno-del-rio,Fresno del Río,42.6818,-4.8173,Palencia
friera-de-valverde,Friera de Valverde,41.9121,-5.8415,Zamora
frigiliana,Frigiliana,36.7875,-3.8944,Málaga
friol,Friol,43.0321,-7.7951,Lugo
frontera,Frontera,27.754,-18.0037,Santa Cruz de Tenerife
frumales,Frumales,41.3833,-4.1863,Segovia
frescano,Fréscano,41.8833,-1.45,Zaragoza
frias,Frías,42.7623,-3.2939,Burgos
frias-de-albarracin,Frías de Albarracín,40.3375,-1.6147,Teruel
fromista,Frómista,42.2667,-4.4055,Palencia
fuembellida,Fuembellida,40.7559,-1.9986,Guadalajara
fuencaliente,Fuencaliente,39.1862,-4.0258,Ciudad Real
fuencaliente,Fuencaliente,38.406,-4.3049,Ciudad Real
fuencaliente-de-la-palma,Fuencaliente de la Palma,28.4924,-17.8453,Santa Cruz de Tenerife
fuencarral,Fuencarral,40.5,-3.6833,
fuencarral-el-pardo,Fuencarral-El Pardo,40.4984,-3.7314,
fuencemillan,Fuencemillán,40.9206,-3.0982,Guadalajara
fuendejalon,Fuendejalón,41.7605,-1.4721,Zaragoza
fuendetodos,Fuendetodos,41.3424,-0.9599,Zaragoza
fuenferrada,Fuenferrada,40.8692,-1.0118,Teruel
fuengirola,Fuengirola,36.54,-4.6247,Málaga
fuenlabrada,Fuenlabrada,40.2842,-3.7942,Madrid
fuenlabrada-de-los-montes,Fuenlabrada de los Montes,39.1329,-4.9351,Badajoz
fuenllana,Fuenllana,38.7559,-2.9581,Ciudad Real
fuenmayor,Fuenmayor,42.4673,-2.5615,La Rioja
fuensaldana,Fuensaldaña,41.7062,-4.7655,Valladolid
fuensalida,Fuensalida,40.0529,-4.2072,Toledo
fuensanta,Fuensanta,39.2333,-2.0667,Albacete
fuensanta-de-martos,Fuensanta de Martos,37.6476,-3.9085,Jaén
fuente-encalada,Fuente Encalada,42.1101,-5.9962,Zamora
fuente-obejuna,Fuente Obejuna,38.2667,-5.4167,Córdoba
fuente-palmera,Fuente Palmera,37.7049,-5.0996,Córdoba
fuente-vaqueros,Fuente Vaqueros,37.2202,-3.7829,Granada
fuente-de-cantos,Fuente de Cantos,38.25,-6.3,Badajoz
fuente-de-pedro-naharro,Fuente de Pedro Naharro,39.9244,-3.0092,Cuenca
fuente-de-piedra,Fuente de Piedra,37.1353,-4.73,Málaga
fuente-de-santa-cruz,Fuente de Santa Cruz,41.2097,-4.6353,Segovia
fuente-del-berro,Fuente del Berro,40.4248,-3.6638,
fuente-del-maestre,Fuente del Maestre,38.5266,-6.4478,Badajoz
fuente-el-fresno,Fuente el Fresno,39.2284,-3.7749,Ciudad Real
fuente-el-olmo-de-fuentiduena,Fuente el Olmo de Fuentidueña,41.3793,-4.0009,Segovia
fuente-el-saz,Fuente el Saz,40.6322,-3.5115,
fuente-el-sol,Fuente el Sol,41.176,-4.9343,Valladolid
fuente-la-lancha,Fuente la Lancha,38.4167,-5.0333,Córdoba
fuente-la-reina,Fuente la Reina,40.0667,-0.6,Castellón
fuente-tojar,Fuente-Tójar,37.511,-4.1463,Córdoba
fuente-alamo,Fuente-Álamo,38.6929,-1.4316,Albacete
fuente-alamo-de-murcia,Fuente Álamo de Murcia,37.7239,-1.1697,Murcia
fuentealbilla,Fuentealbilla,39.2667,-1.55,Albacete
fuentearmegil,Fuentearmegil,41.715,-3.1836,Soria
fuentebureba,Fuentebureba,42.634,-3.2351,Burgos
fuentecambron,Fuentecambrón,41.5058,-3.3287,Soria
fuentecantos,Fuentecantos,41.8493,-2.4285,Soria
fuentecen,Fuentecén,41.6285,-3.8687,Burgos
fuenteguinaldo,Fuenteguinaldo,40.4288,-6.6753,Salamanca
fuenteheridos,Fuenteheridos,37.9055,-6.6611,Huelva
fuentelahiguera-de-albatages,Fuentelahiguera de Albatages,40.7831,-3.3049,Guadalajara
fuentelapena,Fuentelapeña,41.2514,-5.3833,Zamora
fuentelcesped,Fuentelcésped,41.5916,-3.6406,Burgos
fuentelencina,Fuentelencina,40.5178,-2.8823,Guadalajara
fuentelespino-de-haro,Fuentelespino de Haro,39.6893,-2.6687,Cuenca
fuentelespino-de-moya,Fuentelespino de Moya,39.9167,-1.4667,Cuenca
fuentelisendo,Fuentelisendo,41.6227,-3.9013,Burgos
fuentelsaz,Fuentelsaz,41.0736,-1.8311,Guadalajara
fuentelsaz-de-soria,Fuentelsaz de Soria,41.8659,-2.4152,Soria
fuentelviejo,Fuentelviejo,40.5264,-2.9843,Guadalajara
fuentemolinos,Fuentemolinos,41.6048,-3.85,Burgos
fuentenebro,Fuentenebro,41.5287,-3.7545,Burgos
fuentenovilla,Fuentenovilla,40.3625,-3.091,Guadalajara
fuentepelayo,Fuentepelayo,41.2225,-4.1757,Segovia
fuentepinilla,Fuentepinilla,41.5668,-2.7629,Soria
fuentepinel,Fuentepiñel,41.3989,-4.043,Segovia
fuenterroble-de-salvatierra,Fuenterroble de Salvatierra,40.5647,-5.7338,Salamanca
fuenterrobles,Fuenterrobles,39.5833,-1.35,Valencia
fuentes,Fuentes,39.9667,-2.0167,Cuenca
fuentes-calientes,Fuentes Calientes,40.7,-0.9667,Teruel
fuentes-claras,Fuentes Claras,40.8638,-1.3227,Teruel
fuentes-de-andalucia,Fuentes de Andalucía,37.4641,-5.3461,Sevilla
fuentes-de-ayodar,Fuentes de Ayódar,40.0333,-0.4167,Castellón
fuentes-de-ano,Fuentes de Año,41.0177,-4.8991,Ávila
fuentes-de-bejar,Fuentes de Béjar,40.5082,-5.6927,Salamanca
fuentes-de-carbajal,Fuentes de Carbajal,42.1778,-5.4461,León
fuentes-de-ebro,Fuentes de Ebro,41.5125,-0.6316,Zaragoza
fuentes-de-jiloca,Fuentes de Jiloca,41.2286,-1.5362,Zaragoza
fuentes-de-leon,Fuentes de León,38.0687,-6.5388,Badajoz
fuentes-de-magana,Fuentes de Magaña,41.9352,-2.1795,Soria
fuentes-de-nava,Fuentes de Nava,42.0833,-4.7833,Palencia
fuentes-de-onoro,Fuentes de Oñoro,40.591,-6.8114,Salamanca
fuentes-de-ropel,Fuentes de Ropel,42.0038,-5.5453,Zamora
fuentes-de-rubielos,Fuentes de Rubielos,40.1667,-0.6167,Teruel
fuentes-de-valdepero,Fuentes de Valdepero,42.0753,-4.5005,Palencia
fuentesauco,Fuentesaúco,41.2304,-5.4972,Zamora
fuentesauco-de-fuentiduena,Fuentesaúco de Fuentidueña,41.4245,-4.0621,Segovia
fuentesecas,Fuentesecas,41.6308,-5.4725,Zamora
fuentesoto,Fuentesoto,41.4566,-3.9184,Segovia
fuentespalda,Fuentespalda,40.8067,0.0652,Teruel
fuentespina,Fuentespina,41.6308,-3.6848,Burgos
fuentespreadas,Fuentespreadas,41.3263,-5.628,Zamora
fuentestrun,Fuentestrún,41.8747,-2.0828,Soria
fuentiduena,Fuentidueña,41.4423,-3.979,Segovia
fuentiduena-de-tajo,Fuentidueña de Tajo,40.1157,-3.1572,Madrid
fuerte-del-rey,Fuerte del Rey,37.8749,-3.8839,Jaén
fuertescusa,Fuertescusa,40.4755,-2.1762,Cuenca
fulleda,Fulleda,41.4633,1.0239,Lleida
funes,Funes,42.3156,-1.8002,Navarra
fustinana,Fustiñana,42.0209,-1.4853,Navarra
ferez,Férez,38.35,-2.0,Albacete
fornoles,Fórnoles,40.8936,-0.0038,Teruel
gabaldon,Gabaldón,39.6167,-1.9333,Cuenca
gabiria,Gabiria,43.0493,-2.2796,Gipuzkoa
gaibiel,Gaibiel,39.9333,-0.4833,Castellón
gaintza,Gaintza,43.0527,-2.1329,Gipuzkoa
gajanejos,Gajanejos,40.8415,-2.8923,Guadalajara
gajates,Gajates,40.7825,-5.3651,Salamanca
galapagar,Galapagar,40.5783,-4.0043,Madrid
galar,Galar,42.7615,-1.6988,Navarra
galaroza,Galaroza,37.9286,-6.7073,Huelva
galbarros,Galbarros,42.5273,-3.4383,Burgos
galbarruli,Galbárruli,42.6218,-2.9609,La Rioja
galdakao,Galdakao,43.2307,-2.8429,Bizkaia
galende,Galende,42.1044,-6.6625,Zamora
galera,Galera,37.7426,-2.5518,Granada
galilea,Galilea,42.347,-2.2361,La Rioja
galindo-y-perahuy,Galindo y Perahuy,40.944,-5.8741,Salamanca
galinduste,Galinduste,40.6627,-5.54,Salamanca
galisancho,Galisancho,40.7442,-5.5547,Salamanca
galisteo,Galisteo,39.9764,-6.2678,Cáceres
gallegos,Gallegos,41.0751,-3.7859,Segovia
gallegos-de-arganan,Gallegos de Argañán,40.6315,-6.7025,Salamanca
gallegos-de-hornija,Gallegos de Hornija,41.6098,-5.0977,Valladolid
gallegos-de-sobrinos,Gallegos de Sobrinos,40.7169,-5.1122,Ávila
gallegos-del-pan,Gallegos del Pan,41.5999,-5.5812,Zamora
gallegos-del-rio,Gallegos del Río,41.735,-6.1743,Zamora
gallifa,Gallifa,41.6924,2.1135,Barcelona
gallinero-de-cameros,Gallinero de Cameros,42.1723,-2.6179,La Rioja
gallipienzo,Gallipienzo,42.5245,-1.4111,
gallocanta,Gallocanta,40.9962,-1.5077,Zaragoza
gallur,Gallur,41.8683,-1.3158,Zaragoza
galve,Galve,40.6559,-0.8822,Teruel
galve-de-sorbe,Galve de Sorbe,41.2167,-3.1833,Guadalajara
galapagos,Galápagos,40.6935,-3.3354,Guadalajara
gamonal,Gamonal,42.3566,-3.6732,
gamones,Gamones,41.4669,-6.1762,Zamora
gandesa,Gandesa,41.0538,0.4385,Tarragona
gandia,Gandia,38.9667,-0.1833,Valencia
garaballa,Garaballa,39.8167,-1.3667,Cuenca
garachico,Garachico,28.7781,-17.7646,Santa Cruz de Tenerife
garachico,Garachico,28.3737,-16.7634,Santa Cruz de Tenerife
garafia,Garafía,28.8167,-17.9333,Santa Cruz de Tenerife
garaioa,Garaioa,42.9333,-1.2333,Navarra
garbayuela,Garbayuela,39.0496,-4.9986,Badajoz
garcia,Garcia,41.1333,0.65,Tarragona
garcibuey,Garcibuey,40.5155,-5.9944,Salamanca
garcihernandez,Garcihernández,40.861,-5.4357,Salamanca
garcillan,Garcillán,40.9777,-4.2658,Segovia
garcirrey,Garcirrey,40.9005,-6.1312,Salamanca
garde,Garde,42.7894,-0.9259,Navarra
gargallo,Gargallo,40.8358,-0.5844,Teruel
garganta-de-los-montes,Garganta de los Montes,40.9199,-3.6837,Madrid
garganta-del-villar,Garganta del Villar,40.4496,-5.1042,Ávila
garganta-la-olla,Garganta la Olla,40.1105,-5.7767,Cáceres
gargantilla,Gargantilla,40.2484,-5.9207,Cáceres
garguera,Gargüera,40.0613,-5.9278,Cáceres
garlitos,Garlitos,38.8802,-5.0476,Badajoz
garrafe-de-torio,Garrafe de Torío,42.7328,-5.5236,León
garralda,Garralda,42.9482,-1.2862,Navarra
garray,Garray,41.8162,-2.4459,Soria
garrigoles,Garrigoles,42.1,3.0333,Girona
garriguella,Garriguella,42.3439,3.0651,Girona
garrigas,Garrigàs,42.1934,2.9544,Girona
garrovillas,Garrovillas,39.7108,-6.5503,
garrucha,Garrucha,37.1814,-1.8225,Almería
garvin,Garvín,39.7198,-5.3468,Cáceres
garinoain,Garínoain,42.6004,-1.6443,Navarra
gascones,Gascones,41.0184,-3.6422,Madrid
gascuena,Gascueña,40.2994,-2.5186,Cuenca
gascuena-de-bornova,Gascueña de Bornova,41.1424,-3.0192,Guadalajara
gasteiz-vitoria,Gasteiz / Vitoria,42.85,-2.6727,
gata,Gata,40.2376,-6.5968,Cáceres
gata-de-gorgos,Gata de Gorgos,38.7744,0.0854,Alicante
gatika,Gatika,43.3631,-2.8729,Bizkaia
gaton-de-campos,Gatón de Campos,42.0498,-4.9808,Valladolid
gaucin,Gaucín,36.5178,-5.3158,Málaga
gavarda,Gavarda,39.0833,-0.55,Valencia
gavilanes,Gavilanes,40.2779,-4.8532,Ávila
gava,Gavà,41.306,2.0012,Barcelona
gaztambide,Gaztambide,40.435,-3.7146,
gaztelu,Gaztelu,43.1162,-2.0244,Gipuzkoa
gea-de-albarracin,Gea de Albarracín,40.4111,-1.3482,Teruel
gejuelo-del-barro,Gejuelo del Barro,41.0763,-6.1233,Salamanca
geldo,Geldo,39.8333,-0.4667,Castellón
gelida,Gelida,41.4333,1.8667,Barcelona
gelsa,Gelsa,41.4077,-0.4616,Zaragoza
gelves,Gelves,37.3348,-6.026,Sevilla
gema,Gema,41.4186,-5.6491,Zamora
gemuno,Gemuño,40.5916,-4.7818,Ávila
genalguacil,Genalguacil,36.5455,-5.2357,Málaga
genevilla,Genevilla,42.6452,-2.3902,Navarra
genoves,Genovés,38.9892,-0.4699,
ger,Ger,42.4106,1.8454,Girona
gerena,Gerena,37.5296,-6.1548,Sevilla
geria,Geria,41.5787,-4.8766,Valladolid
gerindote,Gerindote,39.9659,-4.3028,Toledo
gernika-lumo,Gernika-Lumo,43.3167,-2.6833,Bizkaia
gestalgar,Gestalgar,39.6,-0.8333,Valencia
getafe,Getafe,40.3057,-3.733,Madrid
getaria,Getaria,43.3033,-2.2044,Gipuzkoa
getxo,Getxo,43.3569,-3.0115,Bizkaia
gibraleon,Gibraleón,37.3763,-6.969,Huelva
gijon,Gijón,43.5357,-5.6615,Asturias
gilena,Gilena,37.2515,-4.9144,Sevilla
gilet,Gilet,39.6786,-0.3251,Valencia
gimialcon,Gimialcón,40.877,-5.1231,Ávila
gimileo,Gimileo,42.5499,-2.8224,La Rioja
gines,Gines,37.3865,-6.0773,Sevilla
ginestar,Ginestar,41.0418,0.6329,Tarragona
girona,Girona,41.9831,2.8249,Girona
gironella,Gironella,42.0343,1.8802,Barcelona
gistain,Gistaín,42.5911,0.3348,Huesca
gobernador,Gobernador,37.4785,-3.3212,Granada
godella,Godella,39.5333,-0.4167,Valencia
godelleta,Godelleta,39.4167,-0.6833,Valencia
godojos,Godojos,41.2684,-1.8641,Zaragoza
goizueta,Goizueta,43.1719,-1.8641,Navarra
golmayo,Golmayo,41.7662,-2.5227,Soria
golmes,Golmés,41.6335,0.9313,Lleida
golosalvo,Golosalvo,39.2333,-1.6333,Albacete
golpejas,Golpejas,40.9998,-5.9069,Salamanca
gomecello,Gomecello,41.0428,-5.5358,Salamanca
gondomar,Gondomar,42.1116,-8.7497,Pontevedra
gor,Gor,37.3694,-2.9702,Granada
gordaliza-del-pino,Gordaliza del Pino,42.3436,-5.1573,León
gordexola,Gordexola,43.1786,-3.076,Bizkaia
gordoncillo,Gordoncillo,42.1356,-5.4018,León
gorga,Gorga,38.719,-0.3559,Alicante
gormaz,Gormaz,41.4923,-3.005,Soria
gotarrendura,Gotarrendura,40.8265,-4.7409,Ávila
gotor,Gotor,41.5458,-1.6491,Zaragoza
goya,Goya,40.425,-3.6744,
goni,Goñi,42.8517,-1.9036,
gradefes,Gradefes,42.624,-5.2269,León
grado,Grado,43.388,-6.0743,Asturias
graja-de-campalbo,Graja de Campalbo,39.9,-1.2667,Cuenca
graja-de-iniesta,Graja de Iniesta,39.5167,-1.6667,Cuenca
grajal-de-campos,Grajal de Campos,42.3207,-5.0194,León
grajera,Grajera,41.3732,-3.613,Segovia
granada,Granada,37.1882,-3.6067,Granada
granadilla-de-abona,Granadilla de Abona,28.1188,-16.576,Santa Cruz de Tenerife
grandas-de-salime,Grandas de Salime,43.2155,-6.8757,Asturias
granera,Granera,41.7274,2.0592,Barcelona
granja-de-moreruela,Granja de Moreruela,41.8103,-5.7389,Zamora
granja-de-rocamora,Granja de Rocamora,38.1516,-0.8917,Alicante
granja-de-torrehermosa,Granja de Torrehermosa,38.3167,-5.5833,Badajoz
granollers,Granollers,41.608,2.2877,Barcelona
granucillo,Granucillo,42.0521,-5.9278,Zamora
grao-de-murviedro,Grao de Murviedro,39.6417,-0.2389,
graus,Graus,42.1889,0.3375,Huesca
grazalema,Grazalema,36.7602,-5.3684,Cádiz
granen,Grañén,41.941,-0.3694,Huesca
granon,Grañón,42.4499,-3.0277,La Rioja
griegos,Griegos,40.4272,-1.712,Teruel
grijalba,Grijalba,42.43,-4.119,Burgos
grijota,Grijota,42.0529,-4.5831,Palencia
grisalena,Grisaleña,42.5912,-3.2642,Burgos
grisel,Grisel,41.8711,-1.7279,Zaragoza
grisen,Grisén,41.7452,-1.1626,Zaragoza
grinon,Griñón,40.2125,-3.8548,Madrid
gracia,Gràcia,41.4024,2.1564,
gravalos,Grávalos,42.1084,-1.9987,La Rioja
guadacorte,Guadacorte,36.1928,-5.4307,
guadahortuna,Guadahortuna,37.5571,-3.3986,Granada
guadalajara,Guadalajara,40.6286,-3.1618,Guadalajara
guadalaviar,Guadalaviar,40.3882,-1.718,Teruel
guadalcanal,Guadalcanal,38.1,-5.8167,Sevilla
guadalcazar,Guadalcázar,37.7574,-4.9439,Córdoba
guadalix-de-la-sierra,Guadalix de la Sierra,40.785,-3.6935,Madrid
guadalmez,Guadalmez,38.7266,-4.971,Ciudad Real
guadalupe,Guadalupe,39.4508,-5.3259,Cáceres
guadamur,Guadamur,39.8118,-4.1489,Toledo
guadarrama,Guadarrama,40.6727,-4.0895,Madrid
guadasequies,Guadasequies,38.9254,-0.4859,
guadassuar,Guadassuar,39.1866,-0.4786,Valencia
guadix,Guadix,37.2993,-3.1392,Granada
guadramiro,Guadramiro,41.017,-6.4937,Salamanca
gualchos,Gualchos,36.7447,-3.3908,Granada
gualta,Gualta,42.0295,3.1031,Girona
guardamar-del-segura,Guardamar del Segura,38.0903,-0.6556,Alicante
guardiola-de-bergueda,Guardiola de Berguedà,42.2349,1.8772,Barcelona
guardo,Guardo,42.7897,-4.8482,Palencia
guarena,Guareña,38.8595,-6.0999,Badajoz
guaro,Guaro,36.6563,-4.8343,Málaga
guarroman,Guarromán,38.1828,-3.687,Jaén
guaza-de-campos,Guaza de Campos,42.1337,-4.9095,Palencia
guia,Guia,28.1397,-15.6329,
guijo-de-coria,Guijo de Coria,40.101,-6.4638,Cáceres
guijo-de-galisteo,Guijo de Galisteo,40.0938,-6.4101,Cáceres
guijo-de-granadilla,Guijo de Granadilla,40.1935,-6.1634,Cáceres
guijo-de-santa-barbara,Guijo de Santa Bárbara,40.1541,-5.6541,Cáceres
guijo-de-avila,Guijo de Ávila,40.5308,-5.6397,Salamanca
guijuelo,Guijuelo,40.5576,-5.6707,Salamanca
guillena,Guillena,37.5426,-6.0563,Sevilla
guils-de-cerdanya,Guils de Cerdanya,42.4474,1.8801,Girona
guimera,Guimerà,41.5645,1.1853,Lleida
guindalera,Guindalera,40.4363,-3.6666,
guirguillano,Guirguillano,42.7172,-1.878,Navarra
guisando,Guisando,40.2223,-5.1395,Ávila
guissona,Guissona,41.7833,1.3,Lleida
guitiriz,Guitiriz,43.1817,-7.8966,Lugo
guntin,Guntín,42.887,-7.6926,Lugo
gurb,Gurb,41.9542,2.2354,Barcelona
gurrea-de-gallego,Gurrea de Gállego,42.0154,-0.7615,Huesca
gusendos-de-los-oteros,Gusendos de los Oteros,42.3782,-5.4309,León
gutierre-munoz,Gutierre-Muñoz,40.983,-4.6384,Ávila
guia-de-isora,Guía de Isora,28.2115,-16.7795,Santa Cruz de Tenerife
gador,Gádor,36.9532,-2.4925,Almería
galdar,Gáldar,28.147,-15.6502,Las Palmas
galvez,Gálvez,39.7021,-4.2724,Toledo
genave,Génave,38.4306,-2.7331,Jaén
gergal,Gérgal,37.1189,-2.5401,Almería
gojar,Gójar,37.1046,-3.6056,Granada
gomara,Gómara,41.6235,-2.2249,Soria
gosol,Gósol,42.237,1.6601,Lleida
gudar,Gúdar,40.4411,-0.7205,Teruel
guevejar,Güevéjar,37.2576,-3.5969,Granada
guenes,Güeñes,43.2125,-3.095,Bizkaia
guimar,Güímar,28.3112,-16.4128,Santa Cruz de Tenerife
guejar-sierra,Güéjar Sierra,37.1599,-3.4386,Granada
hacinas,Hacinas,41.9851,-3.2871,Burgos
haro,Haro,42.5763,-2.8476,La Rioja
haria,Haría,29.1455,-13.4999,Las Palmas
haza,Haza,41.6167,-3.8167,Burgos
hazas-de-cesto,Hazas de Cesto,43.3965,-3.5892,Cantabria
hellin,Hellín,38.5106,-1.701,Albacete
hellin,Hellín,40.431,-3.6168,Albacete
henarejos,Henarejos,39.8667,-1.4833,Cuenca
henche,Henche,40.7147,-2.7075,Guadalajara
herbes,Herbés,40.721,-0.0044,
herce,Herce,42.2142,-2.1649,La Rioja
herencia,Herencia,39.3662,-3.3573,Ciudad Real
herguijuela,Herguijuela,39.3745,-5.76,Cáceres
herguijuela-de-ciudad-rodrigo,Herguijuela de Ciudad Rodrigo,40.4586,-6.5207,Salamanca
herguijuela-de-la-sierra,Herguijuela de la Sierra,40.4453,-6.0744,Salamanca
herguijuela-del-campo,Herguijuela del Campo,40.631,-5.864,Salamanca
hermigua,Hermigua,28.1677,-17.1905,Santa Cruz de Tenerife
hermisende,Hermisende,41.969,-6.8962,Zamora
hernani,Hernani,43.2662,-1.9762,Gipuzkoa
hernansancho,Hernansancho,40.8575,-4.7305,Ávila
hernialde,Hernialde,43.1545,-2.0852,Gipuzkoa
hernan-perez,Hernán-Pérez,40.2125,-6.4648,Cáceres
herramelluri,Herramélluri,42.5029,-3.0195,La Rioja
herrera,Herrera,37.364,-4.8498,Sevilla
herrera-de-alcantara,Herrera de Alcántara,39.6386,-7.4062,Cáceres
herrera-de-pisuerga,Herrera de Pisuerga,42.5949,-4.3303,Palencia
herrera-de-soria,Herrera de Soria,41.7627,-3.0124,Soria
herrera-de-valdecanas,Herrera de Valdecañas,42.0483,-4.2,Palencia
herrera-de-los-navarros,Herrera de los Navarros,41.2102,-1.0827,Zaragoza
herrera-del-duque,Herrera del Duque,39.1684,-5.0505,Badajoz
herreros-de-suso,Herreros de Suso,40.8036,-5.0389,Ávila
herreruela-de-oropesa,Herreruela de Oropesa,39.8893,-5.2428,Toledo
herreria,Herrería,40.8882,-1.9601,Guadalajara
herrin-de-campos,Herrín de Campos,42.1248,-4.9524,Valladolid
hervas,Hervás,40.2708,-5.8672,Cáceres
hervias,Hervías,42.4478,-2.8871,La Rioja
hiendelaencina,Hiendelaencina,41.0837,-3.0034,Guadalajara
higuera,Higuera,39.7255,-5.6669,
higuera-de-arjona,Higuera de Arjona,37.9706,-3.9906,
higuera-de-calatrava,Higuera de Calatrava,37.7985,-4.1574,Jaén
higuera-de-vargas,Higuera de Vargas,38.447,-6.9752,Badajoz
higuera-de-la-serena,Higuera de la Serena,38.6462,-5.7413,Badajoz
higuera-de-la-sierra,Higuera de la Sierra,37.8333,-6.45,Huelva
higuera-de-las-duenas,Higuera de las Dueñas,40.239,-4.6036,Ávila
higuera-la-real,Higuera la Real,38.1409,-6.6892,Badajoz
higueras,Higueras,39.9833,-0.5,Castellón
higueruela,Higueruela,38.9637,-1.4437,Albacete
higueruelas,Higueruelas,39.7833,-0.85,Valencia
hijes,Hijes,41.2514,-2.9999,Guadalajara
hinojal,Hinojal,39.709,-6.3557,Cáceres
hinojales,Hinojales,38.0,-6.5833,Huelva
hinojares,Hinojares,37.7159,-2.9977,Jaén
hinojos,Hinojos,37.2917,-6.3787,Huelva
hinojosa-de-duero,Hinojosa de Duero,40.9867,-6.7953,Salamanca
hinojosa-de-jarque,Hinojosa de Jarque,40.6905,-0.7854,Teruel
hinojosa-de-san-vicente,Hinojosa de San Vicente,40.1046,-4.7227,Toledo
hinojosa-del-campo,Hinojosa del Campo,41.7384,-2.0995,Soria
hinojosa-del-duque,Hinojosa del Duque,38.5006,-5.1465,Córdoba
hinojosa-del-valle,Hinojosa del Valle,38.4833,-6.1833,Badajoz
hinojosas-de-calatrava,Hinojosas de Calatrava,38.6145,-4.1398,Ciudad Real
hispanoamerica,Hispanoamérica,40.4554,-3.6771,
hita,Hita,40.8215,-3.0454,Guadalajara
holguera,Holguera,39.8992,-6.35,Cáceres
hombrados,Hombrados,40.8012,-1.6856,Guadalajara
hondarribia,Hondarribia,43.3686,-1.7962,Gipuzkoa
hondon-de-las-nieves,Hondón de las Nieves,38.3084,-0.8533,
hondon-de-los-frailes,Hondón de los Frailes,38.2739,-0.9294,Alicante
honrubia,Honrubia,39.6136,-2.2808,Cuenca
honrubia-de-la-cuesta,Honrubia de la Cuesta,41.51,-3.7045,Segovia
hontalbilla,Hontalbilla,41.3455,-4.1215,Segovia
hontanar,Hontanar,39.613,-4.4966,Toledo
hontanares-de-eresma,Hontanares de Eresma,40.9827,-4.2044,Segovia
hontanas,Hontanas,42.3131,-4.0453,Burgos
hontanaya,Hontanaya,39.7155,-2.8352,Cuenca
hontangas,Hontangas,41.5822,-3.7955,Burgos
hontecillas,Hontecillas,39.7,-2.1833,Cuenca
hontoba,Hontoba,40.4539,-3.0386,Guadalajara
hontoria-de-cerrato,Hontoria de Cerrato,41.9106,-4.4421,Palencia
hontoria-de-valdearados,Hontoria de Valdearados,41.7449,-3.5198,Burgos
hontoria-de-la-cantera,Hontoria de la Cantera,42.1888,-3.6425,Burgos
hontoria-del-pinar,Hontoria del Pinar,41.8484,-3.1625,Burgos
horcajo,Horcajo,40.4086,-3.6269,
horcajo-de-montemayor,Horcajo de Montemayor,40.4226,-5.8943,Salamanca
horcajo-de-santiago,Horcajo de Santiago,39.8422,-2.9972,Cuenca
horcajo-de-la-sierra,Horcajo de la Sierra,41.0672,-3.5853,
horcajo-de-las-torres,Horcajo de las Torres,41.065,-5.0909,Ávila
horcajuelo-de-la-sierra,Horcajuelo de la Sierra,41.0602,-3.5464,Madrid
horche,Horche,40.564,-3.0611,Guadalajara
hormigos,Hormigos,40.0978,-4.4447,Toledo
hormilla,Hormilla,42.4383,-2.7745,La Rioja
hormilleja,Hormilleja,42.4563,-2.7315,La Rioja
hornachos,Hornachos,38.5543,-6.0683,Badajoz
hornachuelos,Hornachuelos,37.8333,-5.2333,Córdoba
hornillos-de-cameros,Hornillos de Cameros,42.21,-2.4196,La Rioja
hornillos-de-cerrato,Hornillos de Cerrato,41.9877,-4.2721,Palencia
hornillos-del-camino,Hornillos del Camino,42.3386,-3.9256,Burgos
hornos-de-moncalvillo,Hornos de Moncalvillo,42.392,-2.5855,La Rioja
horta,Horta,41.4363,2.1572,
horta-de-sant-joan,Horta de Sant Joan,40.95,0.3167,Tarragona
horta-guinardo,Horta-Guinardó,41.4185,2.1677,
hortaleza,Hortaleza,40.4744,-3.6411,
hortiguela,Hortigüela,42.0684,-3.4258,Burgos
hospital-de-orbigo,Hospital de Órbigo,42.4635,-5.8864,León
hostafrancs,Hostafrancs,41.3769,2.1431,
hostalric,Hostalric,41.75,2.6333,Girona
hoya-gonzalo,Hoya-Gonzalo,38.9579,-1.5568,Albacete
hoyales-de-roa,Hoyales de Roa,41.6589,-3.862,Burgos
hoyo-de-manzanares,Hoyo de Manzanares,40.6227,-3.9073,Madrid
hoyocasero,Hoyocasero,40.3989,-4.9745,Ávila
hoyorredondo,Hoyorredondo,40.4627,-5.411,Ávila
hoyos,Hoyos,40.1715,-6.7209,Cáceres
hoyos-de-miguel-munoz,Hoyos de Miguel Muñoz,40.3924,-5.0671,Ávila
hoyos-del-collado,Hoyos del Collado,40.3595,-5.2003,Ávila
hoyos-del-espino,Hoyos del Espino,40.3562,-5.175,Ávila
hoz-de-jaca,Hoz de Jaca,42.6904,-0.3065,Huesca
huarte,Huarte,42.8304,-1.5909,
huecas,Huecas,40.0123,-4.1954,Toledo
huelma,Huelma,37.6478,-3.4598,Jaén
huelva,Huelva,37.2664,-6.94,Huelva
huelves,Huelves,40.0428,-2.8844,Cuenca
huercal-overa,Huércal-Overa,37.3892,-1.943,Almería
huerta,Huerta,40.9684,-5.4677,Salamanca
huerta-de-arriba,Huerta de Arriba,42.1167,-3.0821,Burgos
huerta-de-valdecarabanos,Huerta de Valdecarábanos,39.8632,-3.6128,Toledo
huerta-de-la-obispalia,Huerta de la Obispalía,39.989,-2.4787,Cuenca
huerta-del-marquesado,Huerta del Marquesado,40.15,-1.6833,Cuenca
huerta-del-rey,Huerta del Rey,41.8391,-3.3476,
huertahernando,Huertahernando,40.8235,-2.287,Guadalajara
huerto,Huerto,41.9313,-0.1668,Huesca
huesa,Huesa,37.7643,-3.0764,Jaén
huesa-del-comun,Huesa del Común,41.0105,-0.9188,Teruel
huesca,Huesca,42.1362,-0.4087,Huesca
huete,Huete,40.1453,-2.6903,Cuenca
hueva,Hueva,40.4622,-2.9604,Guadalajara
humada,Humada,42.6667,-4.0833,Burgos
humanes,Humanes,40.826,-3.1526,Guadalajara
humanes-de-madrid,Humanes de Madrid,40.2504,-3.8306,Madrid
humilladero,Humilladero,37.1139,-4.703,Málaga
hurones,Hurones,42.4057,-3.6159,Burgos
hurtumpascual,Hurtumpascual,40.692,-5.1138,Ávila
husillos,Husillos,42.0905,-4.5271,Palencia
huecija,Huécija,36.968,-2.6094,Almería
huelaga,Huélaga,40.0558,-6.6157,Cáceres
huelago,Huélago,37.4197,-3.2623,Granada
huelamo,Huélamo,40.2766,-1.8096,Cuenca
hueneja,Huéneja,37.1766,-2.9502,Granada
huercal-de-almeria,Huércal de Almería,36.8851,-2.4376,Almería
huercanos,Huércanos,42.428,-2.6959,La Rioja
huerguina,Huérguina,40.0333,-1.6,Cuenca
huermeces,Huérmeces,42.5225,-3.7707,Burgos
huermeces-del-cerro,Huérmeces del Cerro,41.0533,-2.7971,Guadalajara
huescar,Huéscar,37.811,-2.5412,Granada
huetor-santillan,Huétor Santillán,37.2209,-3.5163,
huetor-vega,Huétor Vega,37.1453,-3.5696,Granada
huetor-tajar,Huétor Tájar,37.1983,-4.0469,Granada
huevar-del-aljarafe,Huévar del Aljarafe,37.3552,-6.2774,Sevilla
hermedes-de-cerrato,Hérmedes de Cerrato,41.8197,-4.1736,Palencia
hijar,Híjar,41.1743,-0.4511,Teruel
ibahernando,Ibahernando,39.3254,-5.9183,Cáceres
ibarra,Ibarra,43.1313,-2.0649,Gipuzkoa
ibarrangelu,Ibarrangelu,43.3903,-2.6342,Bizkaia
ibdes,Ibdes,41.2167,-1.8333,Zaragoza
ibeas-de-juarros,Ibeas de Juarros,42.3309,-3.5352,Burgos
ibi,Ibi,38.6253,-0.5723,Alicante
ibieca,Ibieca,42.1608,-0.2086,Huesca
ibiza,Ibiza,38.9088,1.433,
ibiza,Ibiza,40.4189,-3.6743,
ibrillos,Ibrillos,42.4543,-3.0824,Burgos
ibros,Ibros,38.0211,-3.5031,Jaén
icod-de-los-vinos,Icod de los Vinos,28.3724,-16.7119,Santa Cruz de Tenerife
idiazabal,Idiazabal,43.0119,-2.2336,Gipuzkoa
igantzi,Igantzi,43.2253,-1.7005,Navarra
igea,Igea,42.0678,-2.0109,La Rioja
iglesiarrubia,Iglesiarrubia,41.9738,-3.847,Burgos
iglesias,Iglesias,42.2981,-3.9893,Burgos
igries,Igriés,42.2144,-0.432,Huesca
igualada,Igualada,41.581,1.6172,Barcelona
igualeja,Igualeja,36.6321,-5.1219,Málaga
iguzquiza,Igúzquiza,42.6454,-2.0855,Navarra
iguena,Igüeña,42.7285,-6.2774,León
ikaztegieta,Ikaztegieta,43.0944,-2.1237,Gipuzkoa
ilche,Ilche,41.957,0.0573,Huesca
illa-de-arousa,Illa de Arousa,42.5638,-8.8726,
illana,Illana,40.1844,-2.9089,Guadalajara
illano,Illano,43.3338,-6.8656,Asturias
illar,Íllar,36.9856,-2.6387,Almería
illas,Illas,43.4972,-5.975,Asturias
illescas,Illescas,40.1221,-3.847,Toledo
illora,Íllora,37.2877,-3.8811,Granada
illueca,Illueca,41.5382,-1.6275,Zaragoza
illan-de-vacas,Illán de Vacas,39.9708,-4.5574,Toledo
imperial,Imperial,40.4062,-3.7184,
inca,Inca,39.7211,2.9109,Illes Balears
infantes,Infantes,38.7367,-3.0122,
infiesto,Infiesto,43.3482,-5.3641,
ingenio,Ingenio,27.9185,-15.4343,Las Palmas
iniesta,Iniesta,39.4333,-1.75,Cuenca
iniestola,Iniéstola,40.994,-2.3706,Guadalajara
instincion,Instinción,36.9934,-2.6605,Almería
iraneta,Irañeta,42.9229,-1.946,Navarra
irixoa,Irixoa,43.2847,-8.0592,A Coruña
iruelos,Iruelos,41.1414,-6.3281,Salamanca
irueste,Irueste,40.6121,-2.8907,Guadalajara
irun,Irun,43.339,-1.7894,Gipuzkoa
irura,Irura,43.1665,-2.0675,Gipuzkoa
irurtzun,Irurtzun,42.9167,-1.8333,Navarra
isar,Isar,42.3614,-3.9304,Burgos
iscar,Íscar,41.3612,-4.5335,Valladolid
isla-cristina,Isla Cristina,37.2,-7.3167,Huelva
islantilla,Islantilla,37.2057,-7.2374,
istan,Istán,36.5827,-4.9496,Málaga
isuerre,Isuerre,42.4873,-1.054,Zaragoza
isovol,Isòvol,42.3776,1.8181,Girona
itero-de-la-vega,Itero de la Vega,42.288,-4.2568,Palencia
itero-del-castillo,Itero del Castillo,42.2899,-4.2444,Burgos
itsasondo,Itsasondo,43.0691,-2.1646,Gipuzkoa
ituero-de-azaba,Ituero de Azaba,40.4849,-6.6927,Salamanca
ituero-y-lama,Ituero y Lama,40.8007,-4.3792,Segovia
ituren,Ituren,43.129,-1.7071,Navarra
iturmendi,Iturmendi,42.8899,-2.1192,Navarra
iturrama,Iturrama,42.8085,-1.6583,
iurreta,Iurreta,43.1833,-2.6333,Bizkaia
ivars-d-urgell,Ivars d'Urgell,41.6802,0.987,Lleida
ivorra,Ivorra,41.7667,1.4,Lleida
izagre,Izagre,42.2241,-5.2573,León
iznalloz,Iznalloz,37.3926,-3.5276,Granada
iznate,Iznate,36.7833,-4.1833,Málaga
iznatoraf,Iznatoraf,38.1571,-3.0324,Jaén
iznajar,Iznájar,37.2577,-4.3084,Córdoba
izurtza,Izurtza,43.15,-2.6333,Bizkaia
jabaloyas,Jabaloyas,40.2401,-1.4089,Teruel
jabalquinto,Jabalquinto,38.0194,-3.7251,Jaén
jabugo,Jabugo,37.9162,-6.7297,Huelva
jaca,Jaca,42.569,-0.5499,Huesca
jacarilla,Jacarilla,38.0625,-0.8682,Alicante
jadraque,Jadraque,40.9245,-2.9247,Guadalajara
jafre,Jafre,42.0725,3.0106,Girona
jalance,Jalance,39.2,-1.0667,Valencia
jalon,Jalón,38.7406,-0.0113,
jalon-de-cameros,Jalón de Cameros,42.218,-2.49,La Rioja
jambrina,Jambrina,41.392,-5.6641,Zamora
jamilena,Jamilena,37.7472,-3.9143,Jaén
jaraba,Jaraba,41.1908,-1.8844,Zaragoza
jarafuel,Jarafuel,39.1401,-1.0731,Valencia
jaraicejo,Jaraicejo,39.6662,-5.8131,Cáceres
jaramillo-quemado,Jaramillo Quemado,42.0857,-3.3587,Burgos
jaramillo-de-la-fuente,Jaramillo de la Fuente,42.1147,-3.3124,Burgos
jarandilla-de-la-vera,Jarandilla de la Vera,40.1292,-5.6608,Cáceres
jaraiz-de-la-vera,Jaraíz de la Vera,40.06,-5.7543,Cáceres
jarilla,Jarilla,40.1716,-6.0028,Cáceres
jarque,Jarque,41.5561,-1.6756,
jarque-de-la-val,Jarque de la Val,40.7028,-0.8008,Teruel
jasa,Jasa,42.6948,-0.6661,Huesca
jatiel,Jatiel,41.2201,-0.3818,Teruel
jaulin,Jaulín,41.452,-0.9926,Zaragoza
javea,Javea,38.7833,0.1667,
javier,Javier,42.5912,-1.2088,Navarra
jayena,Jayena,36.9492,-3.8231,Granada
jaen,Jaén,37.7692,-3.7903,Jaén
jerez-de-la-frontera,Jerez de la Frontera,36.6865,-6.1361,Cádiz
jerez-de-los-caballeros,Jerez de los Caballeros,38.3206,-6.7726,Badajoz
jerte,Jerte,40.2227,-5.7501,Cáceres
jeronimos,Jerónimos,40.4138,-3.6851,
jete,Jete,36.7969,-3.6672,Granada
jimena,Jimena,37.8416,-3.4771,Jaén
jimena-de-la-frontera,Jimena de la Frontera,36.4352,-5.4539,Cádiz
jimera-de-libar,Jimera de Líbar,36.6512,-5.2741,Málaga
jirueque,Jirueque,40.9643,-2.9029,Guadalajara
joarilla-de-las-matas,Joarilla de las Matas,42.2876,-5.1786,León
jorba,Jorba,41.6019,1.5475,Barcelona
jorcas,Jorcas,40.5427,-0.7531,Teruel
jorquera,Jorquera,39.1667,-1.5167,Albacete
josa,Josa,40.9555,-0.7668,Teruel
juarros-de-voltoya,Juarros de Voltoya,41.031,-4.5192,Segovia
jubrique,Jubrique,36.5647,-5.2156,Málaga
juia,Juià,42.0167,2.9167,Girona
jumilla,Jumilla,38.4792,-1.325,Murcia
jun,Jun,37.2208,-3.5941,Granada
junciana,Junciana,40.4108,-5.557,Ávila
juncosa,Juncosa,41.3703,0.7765,Lleida
juneda,Juneda,41.5485,0.8245,Lleida
justel,Justel,42.1486,-6.2959,Zamora
justicia,Justicia,40.4237,-3.6967,
juviles,Juviles,36.9488,-3.2259,Granada
juzbado,Juzbado,41.0779,-5.8614,Salamanca
jerez-del-marquesado,Jérez del Marquesado,37.1838,-3.1596,Granada
jerica,Jérica,39.9167,-0.5667,Castellón
jodar,Jódar,37.8406,-3.3526,Jaén
juzcar,Júzcar,36.6244,-5.1697,Málaga
kortezubi,Kortezubi,43.3333,-2.65,Bizkaia
l-alcudia,L'Alcúdia,39.1972,-0.5054,
l-alcudia-de-crespins,L'Alcúdia de Crespìns,38.9667,-0.5833,
l-alqueria-de-la-comtessa,L'Alqueria de la Comtessa,38.9333,-0.15,
l-ametlla-del-valles,L'Ametlla del Vallès,41.6667,2.2667,
l-ampolla,L'Ampolla,40.8124,0.7101,
l-eliana,L'Eliana,39.5667,-0.5333,
l-entregu-el-entrego,L'Entregu/El Entrego,43.2875,-5.638,
l-esquirol,L'Esquirol,42.0333,2.3667,
l-hospitalet-de-llobregat,L'Hospitalet de Llobregat,41.3597,2.1003,
l-olleria,L'Olleria,38.9167,-0.55,
la-adrada,La Adrada,40.2995,-4.6359,
la-alameda-de-la-sagra,La Alameda de la Sagra,40.012,-3.7925,
la-alberca,La Alberca,40.4891,-6.1111,
la-alberca-de-zancara,La Alberca de Záncara,39.5146,-2.4927,
la-albuera,La Albuera,38.7178,-6.8233,
la-algaba,La Algaba,37.4633,-6.0111,
la-almunia-de-dona-godina,La Almunia de Doña Godina,41.4767,-1.3745,
la-antilla,La Antilla,37.2071,-7.2091,
la-baneza,La Bañeza,42.3003,-5.8977,
la-bonanova,La Bonanova,41.4059,2.1324,
la-bordeta,La Bordeta,41.374,2.1438,
la-bouza,La Bouza,40.8363,-6.7955,
la-cabrera,La Cabrera,40.8639,-3.6126,
la-calzada-de-calatrava,La Calzada de Calatrava,38.7034,-3.7756,
la-campana,La Campana,37.5689,-5.4267,
la-canonja,La Canonja,41.1211,1.1806,
la-carlota,La Carlota,37.6736,-4.9312,
la-carolina,La Carolina,38.2756,-3.6153,
la-carrera,La Carrera,40.3478,-5.5547,
la-codosera,La Codosera,39.2088,-7.1733,
la-coronada,La Coronada,38.9205,-5.6698,
la-cuesta,La Cuesta,41.0828,-3.9602,
la-felguera,La Felguera,43.3075,-5.6909,
la-font-de-la-figuera,La Font de la Figuera,38.8,-0.8833,
la-frontera,La Frontera,40.4016,-2.217,
la-fuente-de-san-esteban,La Fuente de San Esteban,40.8016,-6.2585,
la-fuliola,La Fuliola,41.7136,1.0175,
la-gangosa-vistasol,La Gangosa Vistasol,36.8058,-2.6217,
la-garrovilla,La Garrovilla,38.9196,-6.4775,
la-ginebrosa,La Ginebrosa,40.8699,-0.1353,
la-gineta,La Gineta,39.1145,-1.996,
la-granada,La Granada,41.3782,1.719,
la-guancha,La Guancha,28.3732,-16.6516,
la-guardia,La Guardia,39.788,-3.476,
la-guardia-de-jaen,La Guardia de Jaén,37.743,-3.6931,
la-haba,La Haba,38.9193,-5.8003,
la-herradura,La Herradura,36.7349,-3.7376,
la-iglesuela-del-cid,La Iglesuela del Cid,40.4831,-0.3194,
la-iruela,La Iruela,37.9199,-2.9966,
la-laguna,La Laguna,28.4853,-16.3201,
la-lantejuela,La Lantejuela,37.3535,-5.2248,
la-lastrilla,La Lastrilla,40.9682,-4.1047,
la-latina,La Latina,40.4132,-3.7093,
la-llagosta,La Llagosta,41.5144,2.193,
la-luisiana,La Luisiana,37.526,-5.2488,
la-linea-de-la-concepcion,La Línea de la Concepción,36.1681,-5.3478,
la-manga-del-mar-menor,La Manga del Mar Menor,37.6413,-0.7165,
la-matanza-de-acentejo,La Matanza de Acentejo,28.4524,-16.4472,
la-mojonera,La Mojonera,37.2923,-2.4373,
la-muela,La Muela,41.5801,-1.1172,
la-oliva,La Oliva,28.6105,-13.9291,
la-orotava,La Orotava,28.3908,-16.5231,
la-palma-del-condado,La Palma del Condado,37.386,-6.5523,
la-parra,La Parra,38.5212,-6.6226,
la-paz,La Paz,40.4812,-3.6966,
la-pedraja-de-portillo,La Pedraja de Portillo,41.4712,-4.6464,
la-pesga,La Pesga,40.3263,-6.176,
la-pineda,La Pineda,41.077,1.1789,
la-plaza,La Plaza,43.164,-6.0994,
la-pobla-llarga,La Pobla Llarga,39.0833,-0.4667,
la-pobla-de-claramunt,La Pobla de Claramunt,41.5542,1.6771,
la-pobla-de-farnals,La Pobla de Farnals,39.5657,-0.2843,
la-pobla-de-vallbona,La Pobla de Vallbona,39.5975,-0.5547,
la-poblachuela,La Poblachuela,38.9642,-3.9509,
la-pola-de-gordon,La Pola de Gordón,42.8566,-5.6677,
la-poveda,La Poveda,40.3,-3.4667,
la-puebla-de-almoradiel,La Puebla de Almoradiel,39.5986,-3.1178,
la-puebla-de-cazalla,La Puebla de Cazalla,37.2216,-5.3115,
la-puebla-de-montalban,La Puebla de Montalbán,39.863,-4.3592,
la-puebla-de-los-infantes,La Puebla de los Infantes,37.7809,-5.3884,
la-puebla-del-rio,La Puebla del Río,37.2679,-6.0626,
la-pueblanueva,La Pueblanueva,39.9121,-4.6793,
la-puerta-de-segura,La Puerta de Segura,38.3529,-2.7396,
la-rambla,La Rambla,37.6076,-4.7396,
la-rinconada,La Rinconada,37.4861,-5.9809,
la-robla,La Robla,42.803,-5.629,
la-roca-de-la-sierra,La Roca de la Sierra,39.1097,-6.6892,
la-roca-del-valles,La Roca del Vallès,41.5833,2.3333,
la-roda,La Roda,39.2073,-2.1572,
la-roda-de-andalucia,La Roda de Andalucía,37.2038,-4.778,
la-romana,La Romana,38.3675,-0.8986,
la-sagrera,La Sagrera,41.4227,2.1859,
la-seca,La Seca,41.4136,-4.9055,
la-secuita,La Secuita,41.2046,1.28,
la-selva-del-camp,La Selva del Camp,41.2148,1.1388,
la-seu-d-urgell,La Seu d'Urgell,42.3588,1.4614,
la-solana,La Solana,38.9442,-3.2381,
la-torre-de-esteban-hambran,La Torre de Esteban Hambrán,40.1694,-4.2155,
la-torrecilla,La Torrecilla,37.6236,-1.7279,
la-union,La Unión,37.6191,-0.878,
la-victoria,La Victoria,37.6813,-4.852,
la-victoria-de-acentejo,La Victoria de Acentejo,28.4323,-16.4623,
la-yesa,La Yesa,39.8833,-0.95,
labajos,Labajos,40.8434,-4.5201,Segovia
labuerda,Labuerda,42.4523,0.1356,Huesca
lada,Lada,43.3024,-5.7073,
ladrillar,Ladrillar,40.4658,-6.2243,Cáceres
lagartera,Lagartera,39.9056,-5.2014,Toledo
lagartos,Lagartos,42.4058,-4.9045,Palencia
lagata,Lagata,41.2397,-0.8049,Zaragoza
lagran,Lagrán,42.6262,-2.5838,Araba/Álava
laguardia,Laguardia,42.5546,-2.5853,Araba/Álava
lagueruela,Lagueruela,41.0425,-1.1928,Teruel
laguna-dalga,Laguna Dalga,42.3319,-5.7522,León
laguna-de-cameros,Laguna de Cameros,42.1746,-2.5428,La Rioja
laguna-de-contreras,Laguna de Contreras,41.4951,-4.0287,Segovia
laguna-de-duero,Laguna de Duero,41.5815,-4.7233,Valladolid
laguna-de-negrillos,Laguna de Negrillos,42.2389,-5.6607,León
laguna-del-marquesado,Laguna del Marquesado,40.1775,-1.6717,Cuenca
lagunaseca,Lagunaseca,40.531,-2.0196,Cuenca
lagunilla,Lagunilla,40.3249,-5.9713,Salamanca
lagunilla-del-jubera,Lagunilla del Jubera,42.3341,-2.3212,La Rioja
lakuntza,Lakuntza,42.9225,-2.0234,Navarra
laluenga,Laluenga,42.007,-0.0471,Huesca
lalueza,Lalueza,41.8397,-0.2549,Huesca
lalin,Lalín,42.6609,-8.1128,Pontevedra
lama,Lama,42.4,-8.4333,
lanaja,Lanaja,41.7706,-0.331,Huesca
landa,Landa,43.3785,-2.9572,
landete,Landete,39.9,-1.3667,Cuenca
lanestosa,Lanestosa,43.2199,-3.4392,Bizkaia
langa,Langa,41.0055,-4.8595,Ávila
langa-de-duero,Langa de Duero,41.6099,-3.4006,Soria
langa-del-castillo,Langa del Castillo,41.212,-1.3985,Zaragoza
langayo,Langayo,41.5699,-4.1987,Valladolid
languilla,Languilla,41.4493,-3.4244,Segovia
lanjaron,Lanjarón,36.9185,-3.4818,Granada
lantadilla,Lantadilla,42.3408,-4.2787,Palencia
lanteira,Lanteira,37.1687,-3.1382,Granada
lantz,Lantz,43.0,-1.6167,Navarra
lanzuela,Lanzuela,41.0985,-1.2062,Teruel
laperdiguera,Laperdiguera,41.9905,-0.0466,Huesca
lapoblacion,Lapoblación,42.6048,-2.4601,Navarra
lapuebla-de-labarca,Lapuebla de Labarca,42.4945,-2.5734,Araba/Álava
laracha,Laracha,43.2537,-8.5854,
lardero,Lardero,42.4269,-2.4615,La Rioja
laredo,Laredo,43.4098,-3.4161,Cantabria
laroya,Laroya,37.2977,-2.3342,Almería
larraga,Larraga,42.5584,-1.8495,Navarra
larraona,Larraona,42.7797,-2.2568,Navarra
larraul,Larraul,43.1877,-2.102,Gipuzkoa
larrodrigo,Larrodrigo,40.7372,-5.4489,Salamanca
larva,Larva,37.7607,-3.2027,Jaén
las-cabezas-de-san-juan,Las Cabezas de San Juan,36.9838,-5.9393,
las-cortes,Las Cortes,40.4161,-3.6967,
las-gabias,Las Gabias,37.1355,-3.6703,
las-matas,Las Matas,40.5578,-3.8917,
las-mesas,Las Mesas,39.3887,-2.7652,
las-navas-del-marques,Las Navas del Marqués,40.6024,-4.3345,
las-palmas-de-gran-canaria,Las Palmas de Gran Canaria,28.1018,-15.4157,
las-pedroneras,Las Pedroñeras,39.45,-2.6739,
las-rosas,Las Rosas,28.0154,-16.6537,
las-rozas-de-madrid,Las Rozas de Madrid,40.4929,-3.8737,
las-tablas,Las Tablas,40.5065,-3.6723,
las-torres-de-cotillas,Las Torres de Cotillas,38.0282,-1.2419,
las-tres-torres,Las Tres Torres,41.3999,2.1293,
las-ventas-de-retamosa,Las Ventas de Retamosa,40.1553,-4.1146,
las-aguilas,Las Águilas,40.3818,-3.7711,
lasarte,Lasarte,43.2677,-2.0217,
lascuarre,Lascuarre,42.1961,0.5201,Huesca
laspaules,Laspaúles,42.4714,0.597,Huesca
laspuna,Laspuña,42.5037,0.1544,Huesca
lastras-de-cuellar,Lastras de Cuéllar,41.2976,-4.1067,Segovia
lastras-del-pozo,Lastras del Pozo,40.8792,-4.3466,Segovia
latina,Latina,40.389,-3.7457,
laudio-llodio,Laudio/Llodio,43.1432,-2.962,Araba/Álava
laujar-de-andarax,Laujar de Andarax,36.9952,-2.8903,Almería
lavapies,Lavapiés,40.408,-3.7013,
laxe,Laxe,43.2202,-9.0063,A Coruña
layana,Layana,42.2955,-1.2448,Zaragoza
layos,Layos,39.777,-4.0645,Toledo
laza,Laza,42.0614,-7.462,Ourense
lazagurria,Lazagurría,42.4929,-2.2402,Navarra
lazkao,Lazkao,43.0324,-2.1862,Gipuzkoa
leaburu,Leaburu,43.1219,-2.0543,Gipuzkoa
leache,Leache,42.6072,-1.4073,
lebrija,Lebrija,36.9208,-6.0753,Sevilla
lechon,Lechón,41.0863,-1.2848,Zaragoza
lecinena,Leciñena,41.7987,-0.6117,Zaragoza
ledanca,Ledanca,40.8688,-2.8434,Guadalajara
ledana,Ledaña,39.3667,-1.7,Cuenca
ledesma,Ledesma,41.0883,-6.0018,Salamanca
ledesma-de-la-cogolla,Ledesma de la Cogolla,42.3203,-2.719,La Rioja
ledigos,Ledigos,42.3548,-4.8648,Palencia
ledrada,Ledrada,40.4688,-5.7204,Salamanca
leganiel,Leganiel,40.1657,-2.9497,Cuenca
leganes,Leganés,40.3272,-3.7635,Madrid
legarda,Legarda,42.7118,-1.7685,Navarra
legaria,Legaria,42.6492,-2.1739,Navarra
legazpi,Legazpi,43.0532,-2.3369,Gipuzkoa
legazpi,Legazpi,40.3888,-3.6871,Gipuzkoa
legorreta,Legorreta,43.0846,-2.1502,Gipuzkoa
leintz-gatzaga,Leintz-Gatzaga,42.9868,-2.5685,Gipuzkoa
leioa,Leioa,43.3269,-2.9888,Bizkaia
leitza,Leitza,43.0833,-1.9167,Navarra
leiva,Leiva,42.5028,-3.047,La Rioja
lekeitio,Lekeitio,43.3642,-2.5049,Bizkaia
lekunberri,Lekunberri,43.0005,-1.8926,Navarra
lentegi,Lentegí,36.8361,-3.6743,Granada
lepe,Lepe,37.2548,-7.2043,Huelva
lerga,Lerga,42.5678,-1.5011,Navarra
lerma,Lerma,42.0261,-3.7598,Burgos
lerin,Lerín,42.4832,-1.9718,Navarra
les,Les,42.8108,0.7105,Lleida
les-cases-d-alcanar,Les Cases d'Alcanar,40.5536,0.5302,
les-corts,Les Corts,41.3871,2.1301,
les-franqueses-del-valles,Les Franqueses del Vallès,41.6193,2.2983,
lesaka,Lesaka,43.25,-1.7,Navarra
letur,Letur,38.3663,-2.1021,Albacete
letux,Letux,41.2551,-0.8027,Zaragoza
leza,Leza,42.5655,-2.6332,Araba/Álava
leza-de-rio-leza,Leza de Río Leza,42.3295,-2.4061,La Rioja
lezama,Lezama,43.028,-2.9726,Bizkaia
lezo,Lezo,43.3214,-1.8974,Gipuzkoa
lezuza,Lezuza,38.9497,-2.3542,Albacete
lezaun,Lezaun,42.7774,-1.9938,Navarra
leon,León,42.6,-5.5703,León
librilla,Librilla,37.8864,-1.3556,Murcia
libros,Libros,40.1631,-1.2336,Teruel
liceras,Liceras,41.3794,-3.2437,Soria
lidon,Lidón,40.7172,-1.1125,Teruel
liencres,Liencres,43.4601,-3.9291,
liendo,Liendo,43.4008,-3.3703,Cantabria
lillo,Lillo,39.7233,-3.3062,Toledo
limpias,Limpias,43.364,-3.4178,Cantabria
linares,Linares,38.0952,-3.636,Jaén
linares-de-mora,Linares de Mora,40.3216,-0.5747,Teruel
linares-de-riofrio,Linares de Riofrío,40.5834,-5.9209,Salamanca
linares-de-la-sierra,Linares de la Sierra,37.8796,-6.6232,Huelva
linyola,Linyola,41.7,0.9167,Lleida
lista,Lista,40.432,-3.6758,
litago,Litago,41.8141,-1.7528,Zaragoza
lituenigo,Lituénigo,41.8353,-1.762,Zaragoza
lizartza,Lizartza,43.1024,-2.0349,Gipuzkoa
lizoain,Lizoáin,42.7987,-1.4675,
liedena,Liédena,42.6194,-1.2758,Navarra
lierganes,Liérganes,43.3461,-3.7467,Cantabria
lietor,Liétor,38.5427,-1.9537,Albacete
llado,Lladó,42.2477,2.8137,Girona
llagostera,Llagostera,41.8269,2.8937,Girona
llamas-de-la-ribera,Llamas de la Ribera,42.635,-5.8252,León
llambilles,Llambilles,41.9211,2.8508,Girona
llanera,Llanera,43.4396,-5.8508,Asturias
llanera-de-ranes,Llanera de Ranes,38.9951,-0.5753,Valencia
llanes,Llanes,43.4198,-4.7549,Asturias
llano-de-bureba,Llano de Bureba,42.6243,-3.4589,Burgos
llano-de-olmedo,Llano de Olmedo,41.2673,-4.6139,Valladolid
llanca,Llançà,42.3624,3.1521,Girona
llauri,Llaurí,39.1467,-0.3294,Valencia
lledo,Lledó,40.955,0.2775,Teruel
llefia,Llefià,41.4381,2.2195,
lleida,Lleida,41.6167,0.6222,Lleida
llera,Llera,38.45,-6.05,Badajoz
llerena,Llerena,38.2333,-6.0167,Badajoz
llers,Llers,42.2957,2.9118,Girona
lles-de-cerdanya,Lles de Cerdanya,42.3903,1.6869,Lleida
llimiana,Llimiana,42.0748,0.9162,Lleida
llinars-del-valles,Llinars del Vallès,41.6333,2.4,Barcelona
llica-d-amunt,Lliçà d'Amunt,41.6167,2.2333,Barcelona
llica-de-vall,Lliçà de Vall,41.5905,2.2412,Barcelona
llocnou-de-sant-jeroni,Llocnou de Sant Jeroni,38.9167,-0.2833,Valencia
llombai,Llombai,39.2833,-0.5667,Valencia
lloret-de-mar,Lloret de Mar,41.6999,2.8457,Girona
lloret-de-vistalegre,Lloret de Vistalegre,39.6183,2.9749,Illes Balears
llosa-de-ranes,Llosa de Ranes,39.0216,-0.538,
lloseta,Lloseta,39.7185,2.8669,Illes Balears
llubi,Llubí,39.6993,3.0068,Illes Balears
llucmajor,Llucmajor,39.4909,2.8911,Illes Balears
llutxent,Llutxent,38.9333,-0.35,Valencia
lliria,Llíria,39.6289,-0.5978,Valencia
llivia,Llívia,42.4646,1.9807,Girona
lo-pagan,Lo Pagán,37.8176,-0.7883,
loarre,Loarre,42.3143,-0.6259,Huesca
lobera-de-onsella,Lobera de Onsella,42.4785,-1.0221,Zaragoza
lobios,Lobios,41.8749,-8.0878,Ourense
lobios,Lobios,42.4075,-7.5316,Ourense
lobras,Lobras,36.9285,-3.2123,Granada
lobon,Lobón,38.8488,-6.6236,Badajoz
lodosa,Lodosa,42.4227,-2.0774,Navarra
loeches,Loeches,40.3834,-3.4146,Madrid
logrosan,Logrosán,39.3364,-5.4928,Cáceres
logrono,Logroño,42.4661,-2.4512,La Rioja
loja,Loja,37.1689,-4.1513,Granada
lomas,Lomas,42.2736,-4.551,Palencia
lominchar,Lominchar,40.0906,-3.9671,Toledo
lomo-de-arico,Lomo de Arico,28.1667,-16.4833,
longares,Longares,41.4031,-1.1688,Zaragoza
longas,Longás,42.4809,-0.9342,Zaragoza
lopera,Lopera,37.9454,-4.2146,Jaén
loporzano,Loporzano,42.1614,-0.3234,Huesca
lora-de-estepa,Lora de Estepa,37.2693,-4.8276,Sevilla
lora-del-rio,Lora del Río,37.659,-5.5275,Sevilla
loranca-de-tajuna,Loranca de Tajuña,40.4437,-3.1108,Guadalajara
lorca,Lorca,37.6712,-1.7017,Murcia
loriguilla,Loriguilla,39.4902,-0.5714,Valencia
lorqui,Lorquí,38.0826,-1.251,Murcia
los-alcazares,Los Alcázares,37.7443,-0.8504,
los-angeles,Los Angeles,40.3558,-3.6991,
los-arcos,Los Arcos,42.5708,-2.1928,
los-barreros,Los Barreros,37.6283,-0.9977,
los-barrios,Los Barrios,36.1848,-5.4921,
los-corrales,Los Corrales,37.0992,-4.9843,
los-corrales-de-buelna,Los Corrales de Buelna,43.2636,-4.0726,
los-dolores,Los Dolores,37.6398,-1.0046,
los-gabatos,Los Gabatos,37.6333,-1.0,
los-gigantes,Los Gigantes,28.2436,-16.8415,
los-hinojosos,Los Hinojosos,39.6042,-2.8257,
los-hueros,Los Hueros,40.4438,-3.3496,
los-llanos-de-aridane,Los Llanos de Aridane,28.6585,-17.9182,
los-martinez,Los Martínez,37.8184,-1.0788,
los-molares,Los Molares,37.157,-5.718,
los-molinos,Los Molinos,40.7158,-4.074,
los-montesinos,Los Montesinos,38.0282,-0.745,
los-morillas,Los Morillas,37.2919,-2.1292,
los-navalmorales,Los Navalmorales,39.7253,-4.6423,
los-navalucillos,Los Navalucillos,39.6666,-4.6421,
los-palacios-y-villafranca,Los Palacios y Villafranca,37.1618,-5.9243,
los-realejos,Los Realejos,28.3849,-16.5828,
los-rosales,Los Rosales,40.3557,-3.6886,
los-santos-de-maimona,Los Santos de Maimona,38.45,-6.3833,
los-santos-de-la-humosa,Los Santos de la Humosa,40.4997,-3.2533,
los-silos,Los Silos,28.3661,-16.8155,
los-villares,Los Villares,37.6915,-3.8187,
los-yebenes,Los Yébenes,39.5816,-3.8706,
losa-del-obispo,Losa del Obispo,39.7,-0.8667,Valencia
losacino,Losacino,41.6808,-6.0799,Zamora
losacio,Losacio,41.7109,-6.0406,Zamora
losar-de-la-vera,Losar de la Vera,40.1216,-5.6045,Cáceres
loscorrales,Loscorrales,42.2545,-0.643,Huesca
loscos,Loscos,41.0811,-1.0443,Teruel
lousame,Lousame,42.7648,-8.8493,A Coruña
lozoya,Lozoya,40.9495,-3.7909,Madrid
luanco,Luanco,43.6152,-5.7934,
lubian,Lubián,42.0357,-6.9054,Zamora
lubrin,Lubrín,37.2154,-2.0668,Almería
lucainena-de-las-torres,Lucainena de las Torres,37.0404,-2.201,Almería
lucena,Lucena,37.4088,-4.4852,Córdoba
lucena-de-jalon,Lucena de Jalón,41.553,-1.3131,Zaragoza
lucena-del-cid,Lucena del Cid,40.1333,-0.2833,
lucena-del-puerto,Lucena del Puerto,37.304,-6.7293,Huelva
luceni,Luceni,41.8286,-1.2389,Zaragoza
lucero,Lucero,40.4023,-3.7504,
lucillos,Lucillos,39.9851,-4.6128,Toledo
ludiente,Ludiente,40.0833,-0.3667,Castellón
luelmo,Luelmo,41.4403,-6.1334,Zamora
luesia,Luesia,42.3697,-1.0242,Zaragoza
luesma,Luesma,41.1658,-1.1458,Zaragoza
lugo,Lugo,43.0099,-7.556,Lugo
lugones,Lugones,43.4027,-5.8121,
lugros,Lugros,37.2294,-3.2415,Granada
luintra,Luintra,42.4096,-7.7268,
lumbier,Lumbier,42.653,-1.3067,Navarra
lumbrales,Lumbrales,40.935,-6.7195,Salamanca
lumbreras,Lumbreras,42.1048,-2.6219,
lumpiaque,Lumpiaque,41.6295,-1.3016,Zaragoza
luna,Luna,42.1676,-0.9329,Zaragoza
lupiana,Lupiana,40.6085,-3.0512,Guadalajara
lupion,Lupión,37.9965,-3.547,Jaén
luque,Luque,37.558,-4.2797,Córdoba
luyego,Luyego,42.3667,-6.2333,León
luzaga,Luzaga,40.9734,-2.445,Guadalajara
luzmela,Luzmela,43.2968,-4.2088,
luzon,Luzón,41.0269,-2.2769,Guadalajara
lachar,Láchar,37.1952,-3.8328,Granada
lancara,Láncara,42.8642,-7.3367,Lugo
lecera,Lécera,41.2049,-0.7113,Zaragoza
lucar,Lúcar,37.4004,-2.425,Almería
lujar,Lújar,36.7883,-3.404,Granada
macael,Macael,37.3332,-2.3009,Almería
macastre,Macastre,39.3833,-0.7833,Valencia
maceda,Maceda,42.2697,-7.6505,Ourense
machacon,Machacón,40.9262,-5.5243,Salamanca
macharavialla,Macharavialla,36.7624,-4.2139,
macotera,Macotera,40.831,-5.2853,Salamanca
maderuelo,Maderuelo,41.4864,-3.5222,Segovia
madremanya,Madremanya,41.9833,2.9667,Girona
madrid,Madrid,40.4165,-3.7026,Madrid
madrid-centro,Madrid Centro,40.4183,-3.7027,
madridanos,Madridanos,41.4797,-5.6046,Zamora
madridejos,Madridejos,39.4682,-3.532,Toledo
madrigal-de-la-vera,Madrigal de la Vera,40.1476,-5.3682,Cáceres
madrigal-de-las-altas-torres,Madrigal de las Altas Torres,41.0897,-4.9986,Ávila
madrigal-del-monte,Madrigal del Monte,42.1446,-3.6757,Burgos
madrigalejo,Madrigalejo,39.1386,-5.6274,Cáceres
madrigalejo-del-monte,Madrigalejo del Monte,42.1244,-3.7251,Burgos
madrigueras,Madrigueras,39.2333,-1.8,Albacete
madronal,Madroñal,40.4641,-6.0627,Salamanca
madronera,Madroñera,39.4253,-5.7557,Cáceres
maella,Maella,41.1225,0.1393,Zaragoza
maello,Maello,40.8093,-4.5119,Ávila
magacela,Magacela,38.8965,-5.7344,Badajoz
magallon,Magallón,41.8325,-1.4598,Zaragoza
magaluf,Magaluf,39.5111,2.5353,
magaz-de-cepeda,Magaz de Cepeda,42.5397,-6.0717,León
magana,Magaña,41.9009,-2.1627,Soria
maguilla,Maguilla,38.3667,-5.8333,Badajoz
magan,Magán,39.9614,-3.9316,Toledo
mahamud,Mahamud,42.1198,-3.9406,Burgos
mahide,Mahide,41.8692,-6.3778,Zamora
mahora,Mahora,39.2167,-1.7333,Albacete
maials,Maials,41.3667,0.5,Lleida
maicas,Maicas,40.9671,-0.8904,Teruel
mainar,Mainar,41.1927,-1.3029,Zaragoza
maire-de-castroponce,Maire de Castroponce,42.1128,-5.7847,Zamora
mairena-del-alcor,Mairena del Alcor,37.373,-5.7495,Sevilla
mairena-del-aljarafe,Mairena del Aljarafe,37.3446,-6.0639,Sevilla
majadahonda,Majadahonda,40.4735,-3.8718,Madrid
majadas,Majadas,39.9429,-5.7459,Cáceres
majaelrayo,Majaelrayo,41.1126,-3.3026,Guadalajara
majan,Maján,41.4689,-2.3027,Soria
malaguilla,Malaguilla,40.8196,-3.2545,Guadalajara
malagon,Malagón,39.1667,-3.8542,Ciudad Real
malanquilla,Malanquilla,41.5686,-1.8748,Zaragoza
malcocinado,Malcocinado,38.1167,-5.6833,Badajoz
malejan,Maleján,41.8276,-1.5491,Zaragoza
malgrat-de-mar,Malgrat de Mar,41.6466,2.7414,Barcelona
mallen,Mallén,41.9006,-1.4199,Zaragoza
malpartida,Malpartida,40.7627,-5.2315,Salamanca
malpartida-de-corneja,Malpartida de Corneja,40.5221,-5.3503,Ávila
malpartida-de-caceres,Malpartida de Cáceres,39.4466,-6.5076,Cáceres
malpartida-de-plasencia,Malpartida de Plasencia,39.9796,-6.0461,Cáceres
malpartida-de-la-serena,Malpartida de la Serena,38.6747,-5.6405,Badajoz
malpica,Malpica,39.8975,-4.5499,
malpica,Malpica,43.3228,-8.8105,
maluenda,Maluenda,41.2877,-1.616,Zaragoza
malva,Malva,41.6547,-5.4866,Zamora
malon,Malón,41.9524,-1.672,Zaragoza
mamblas,Mamblas,41.0192,-5.0087,Ávila
mambrilla-de-castrejon,Mambrilla de Castrejón,41.6663,-3.9845,Burgos
mambrillas-de-lara,Mambrillas de Lara,42.0945,-3.4619,Burgos
mamolar,Mamolar,41.9276,-3.3623,Burgos
manacor,Manacor,39.5696,3.2096,Illes Balears
mancera-de-abajo,Mancera de Abajo,40.8397,-5.1993,Salamanca
mancera-de-arriba,Mancera de Arriba,40.7914,-5.1477,Ávila
mancha-real,Mancha Real,37.7863,-3.6123,Jaén
manchita,Manchita,38.814,-6.0204,Badajoz
manchones,Manchones,41.15,-1.4667,Zaragoza
manciles,Manciles,42.4573,-3.9446,Burgos
mancor-de-la-vall,Mancor de la Vall,39.7497,2.8728,Illes Balears
mandayona,Mandayona,40.9561,-2.7502,Guadalajara
manganeses-de-la-lampreana,Manganeses de la Lampreana,41.7508,-5.7105,Zamora
manganeses-de-la-polvorosa,Manganeses de la Polvorosa,42.0356,-5.7469,Zamora
manilva,Manilva,36.3764,-5.2503,Málaga
manises,Manises,39.4914,-0.4635,Valencia
manjabalago,Manjabálago,40.6644,-5.0772,
manjarres,Manjarrés,42.3915,-2.6751,La Rioja
manlleu,Manlleu,42.0023,2.2848,Barcelona
manquillos,Manquillos,42.2052,-4.5684,Palencia
manresa,Manresa,41.7281,1.824,Barcelona
mansilla-mayor,Mansilla Mayor,42.5094,-5.4427,León
mansilla-de-las-mulas,Mansilla de las Mulas,42.4989,-5.4174,León
mantiel,Mantiel,40.6189,-2.6632,Guadalajara
mantinos,Mantinos,42.7526,-4.8421,Palencia
manuel,Manuel,39.0506,-0.4898,Valencia
manzanal-de-arriba,Manzanal de Arriba,41.9922,-6.4401,Zamora
manzanal-de-los-infantes,Manzanal de los Infantes,42.0543,-6.3829,Zamora
manzanal-del-barco,Manzanal del Barco,41.635,-5.9467,Zamora
manzanares,Manzanares,38.9992,-3.3699,Ciudad Real
manzanares-de-rioja,Manzanares de Rioja,42.3961,-2.8959,La Rioja
manzanares-el-real,Manzanares el Real,40.7263,-3.8626,Madrid
manzaneda,Manzaneda,42.3096,-7.2321,Ourense
manzaneque,Manzaneque,39.6355,-3.7925,Toledo
manzanera,Manzanera,40.05,-0.8333,Teruel
manzanilla,Manzanilla,37.3899,-6.4329,Huelva
manzanillo,Manzanillo,41.5862,-4.1883,Valladolid
maqueda,Maqueda,40.0661,-4.3707,Toledo
mara,Mara,41.2895,-1.5184,Zaragoza
maracena,Maracena,37.2076,-3.6349,Granada
maranchon,Maranchón,41.0475,-2.2048,Guadalajara
marazoleja,Marazoleja,40.9609,-4.3388,Segovia
marazuela,Marazuela,40.9791,-4.3651,Segovia
marana,Maraña,43.0499,-5.1773,León
maranon,Marañón,42.6294,-2.4393,Navarra
marbella,Marbella,36.5154,-4.8858,Málaga
marchagaz,Marchagaz,40.2677,-6.2748,Cáceres
marchal,Marchal,37.2964,-3.2035,Granada
marchamalo,Marchamalo,40.6668,-3.1991,Guadalajara
marchena,Marchena,37.329,-5.4168,Sevilla
marcilla,Marcilla,42.3279,-1.7371,Navarra
marcilla-de-campos,Marcilla de Campos,42.3177,-4.3967,Palencia
margalef,Margalef,41.285,0.7533,Tarragona
maria-de-la-salut,Maria de la Salut,39.6631,3.073,Illes Balears
mariana,Mariana,40.1672,-2.146,Cuenca
marinaleda,Marinaleda,37.3712,-4.9595,Sevilla
marines,Marines,39.7416,-0.531,Valencia
marjaliza,Marjaliza,39.5633,-3.935,Toledo
markina-xemein,Markina-Xemein,43.2667,-2.5,Bizkaia
marmolejo,Marmolejo,38.0455,-4.1703,Jaén
marracos,Marracos,42.0883,-0.7759,Zaragoza
marratxi,Marratxí,39.6214,2.7253,Illes Balears
marroquina,Marroquina,40.4107,-3.6406,
martiago,Martiago,40.4542,-6.4901,Salamanca
martiherrero,Martiherrero,40.6739,-4.7816,Ávila
martinamor,Martinamor,40.8068,-5.5991,Salamanca
martorell,Martorell,41.474,1.9306,Barcelona
martos,Martos,37.7211,-3.9726,Jaén
martin-miguel,Martín Miguel,40.9522,-4.2717,Segovia
martin-munoz-de-la-dehesa,Martín Muñoz de la Dehesa,41.0665,-4.6868,Segovia
martin-munoz-de-las-posadas,Martín Muñoz de las Posadas,40.9955,-4.5967,Segovia
martin-de-yeltes,Martín de Yeltes,40.7759,-6.2916,Salamanca
martin-de-la-jara,Martín de la Jara,37.1087,-4.9635,Sevilla
martin-del-rio,Martín del Río,40.8446,-0.8955,Teruel
martinez,Martínez,40.6305,-5.348,Ávila
marugan,Marugán,40.8994,-4.3838,Segovia
marzales,Marzales,41.5864,-5.1345,Valladolid
maria,María,37.7102,-2.1645,Almería
maria-de-huerva,María de Huerva,41.5388,-0.9961,Zaragoza
marin,Marín,42.3914,-8.7014,Pontevedra
mas-de-barberans,Mas de Barberans,40.7333,0.3667,Tarragona
mas-de-las-matas,Mas de las Matas,40.8341,-0.2429,Teruel
masalaves,Masalavés,39.1438,-0.5226,
masarac,Masarac,42.3509,2.973,
mascaraque,Mascaraque,39.7164,-3.8125,Toledo
masdenverge,Masdenverge,40.716,0.5301,Tarragona
masegosa,Masegosa,40.5469,-2.0259,Cuenca
masegoso,Masegoso,38.7183,-2.3161,Albacete
masegoso-de-tajuna,Masegoso de Tajuña,40.8255,-2.6953,Guadalajara
maside,Maside,42.4103,-8.0258,Ourense
maspalomas,Maspalomas,27.7606,-15.586,
masquefa,Masquefa,41.5035,1.8114,Barcelona
massamagrell,Massamagrell,39.5667,-0.3333,Valencia
massanes,Massanes,41.7654,2.6532,Girona
masueco,Masueco,41.2035,-6.5894,Salamanca
mata-de-alcantara,Mata de Alcántara,39.7174,-6.8182,Cáceres
mata-de-cuellar,Mata de Cuéllar,41.3965,-4.4717,Segovia
matabuena,Matabuena,41.0959,-3.7583,Segovia
matadepera,Matadepera,41.5989,2.0265,Barcelona
matadeon-de-los-oteros,Matadeón de los Oteros,42.3378,-5.3689,León
matalebreras,Matalebreras,41.8412,-2.0464,Soria
matallana-de-torio,Matallana de Torío,42.8656,-5.5203,León
matamala-de-almazan,Matamala de Almazán,41.5056,-2.6412,Soria
matanza,Matanza,42.24,-5.3757,León
mataporquera,Mataporquera,42.8749,-4.1628,
matapozuelos,Matapozuelos,41.4142,-4.7912,Valladolid
matarrubia,Matarrubia,40.8646,-3.2894,Guadalajara
mataro,Mataró,41.5421,2.4445,Barcelona
matet,Matet,39.9333,-0.4667,Castellón
matilla-de-arzon,Matilla de Arzón,42.105,-5.6416,Zamora
matilla-de-los-canos,Matilla de los Caños,41.5482,-4.9676,Valladolid
matilla-de-los-canos-del-rio,Matilla de los Caños del Río,40.8254,-5.9428,Salamanca
matilla-la-seca,Matilla la Seca,41.5793,-5.5003,Zamora
matillas,Matillas,40.9442,-2.8359,Guadalajara
matute,Matute,42.2989,-2.7956,La Rioja
mayalde,Mayalde,41.2508,-5.7977,Zamora
mayorga,Mayorga,42.1669,-5.263,Valladolid
mazagon,Mazagón,37.1375,-6.827,
mazaleon,Mazaleón,41.0506,0.1029,Teruel
mazarambroz,Mazarambroz,39.6941,-4.0196,Toledo
mazarete,Mazarete,41.0009,-2.1592,Guadalajara
mazaricos,Mazaricos,42.9403,-8.9719,A Coruña
mazariegos,Mazariegos,42.0269,-4.7154,Palencia
mazarron,Mazarrón,37.5992,-1.3149,Murcia
mazo,Mazo,28.6091,-17.778,
mazuecos,Mazuecos,40.2602,-3.0076,Guadalajara
mazuecos-de-valdeginate,Mazuecos de Valdeginate,42.1681,-4.8406,Palencia
mazuela,Mazuela,42.2077,-3.9192,Burgos
macanet-de-cabrenys,Maçanet de Cabrenys,42.386,2.7481,Girona
macanet-de-la-selva,Maçanet de la Selva,41.7833,2.7333,Girona
manaria,Mañaria,43.1382,-2.661,Bizkaia
maneru,Mañeru,42.67,-1.863,Navarra
manon,Mañón,43.65,-7.7333,A Coruña
mao,Maó,39.8885,4.2658,Illes Balears
meano,Meaño,42.4466,-8.7812,Pontevedra
mecerreyes,Mecerreyes,42.0954,-3.5739,Burgos
meco,Meco,40.5527,-3.3289,Madrid
medellin,Medellín,38.9626,-5.9578,Badajoz
media-legua,Media Legua,40.4119,-3.6568,
mediana-de-voltoya,Mediana de Voltoya,40.701,-4.5634,Ávila
medina-sidonia,Medina Sidonia,36.4569,-5.9272,Cádiz
medina-de-pomar,Medina de Pomar,42.9294,-3.488,Burgos
medina-de-rioseco,Medina de Rioseco,41.8833,-5.0441,Valladolid
medina-de-las-torres,Medina de las Torres,38.3333,-6.4,Badajoz
medina-del-campo,Medina del Campo,41.3124,-4.9141,Valladolid
medinaceli,Medinaceli,41.1722,-2.4348,Soria
medinilla,Medinilla,40.4397,-5.6177,Ávila
mediona,Mediona,41.478,1.6122,Barcelona
medranda,Medranda,40.9833,-2.9372,Guadalajara
medrano,Medrano,42.3836,-2.5539,La Rioja
megeces,Megeces,41.4083,-4.5617,Valladolid
megina,Megina,40.6391,-1.8704,Guadalajara
meira,Meira,43.2134,-7.2937,Lugo
meis,Meis,42.5,-8.75,Pontevedra
mejorada,Mejorada,40.0099,-4.8851,Toledo
mejorada-del-campo,Mejorada del Campo,40.3928,-3.4819,Madrid
melgar-de-abajo,Melgar de Abajo,42.2434,-5.1422,Valladolid
melgar-de-arriba,Melgar de Arriba,42.2681,-5.0971,Valladolid
melgar-de-fernamental,Melgar de Fernamental,42.4044,-4.2448,Burgos
melgar-de-tera,Melgar de Tera,41.9662,-6.0139,Zamora
melgar-de-yuso,Melgar de Yuso,42.2538,-4.2539,Palencia
meliana,Meliana,39.5333,-0.3333,Valencia
melide,Melide,42.9138,-8.015,A Coruña
melilla,Melilla,35.2937,-2.9383,Melilla
melque-de-cercos,Melque de Cercos,41.0517,-4.4694,Segovia
melon,Melón,42.2602,-8.214,Ourense
membibre-de-la-hoz,Membibre de la Hoz,41.4496,-4.0957,Segovia
membribe-de-la-sierra,Membribe de la Sierra,40.6912,-5.8057,Salamanca
membrilla,Membrilla,38.972,-3.3433,Ciudad Real
membrillera,Membrillera,40.9481,-2.9797,Guadalajara
menasalbas,Menasalbas,39.6395,-4.2842,Toledo
mendaro,Mendaro,43.2533,-2.3857,Gipuzkoa
mendavia,Mendavia,42.4434,-2.2009,Navarra
mendexa,Mendexa,43.3459,-2.4842,Bizkaia
mendigorria,Mendigorria,42.6282,-1.8345,Navarra
meneses-de-campos,Meneses de Campos,41.9414,-4.9193,Palencia
mengabril,Mengabril,38.9355,-5.9333,Badajoz
mengamunoz,Mengamuñoz,40.5001,-4.9998,Ávila
mengibar,Mengíbar,37.9698,-3.8088,Jaén
mequinensa-mequinenza,Mequinensa / Mequinenza,41.3721,0.3017,
meranges,Meranges,42.4452,1.7878,Girona
mercadal,Mercadal,39.9901,4.0939,
mesas-de-ibor,Mesas de Ibor,39.7559,-5.5464,Cáceres
mesegar-de-corneja,Mesegar de Corneja,40.5021,-5.3013,Ávila
mesia,Mesía,43.1,-8.2667,A Coruña
mesones-de-isuela,Mesones de Isuela,41.5512,-1.5386,Zaragoza
mestanza,Mestanza,38.5762,-4.071,Ciudad Real
metauten,Metauten,42.6771,-2.1301,Navarra
mezalocha,Mezalocha,41.4258,-1.0828,Zaragoza
mezquita-de-jarque,Mezquita de Jarque,40.721,-0.867,Teruel
miajadas,Miajadas,39.1513,-5.9084,Cáceres
mianos,Mianos,42.5854,-0.9548,Zaragoza
micereces-de-tera,Micereces de Tera,41.9889,-5.8713,Zamora
micieces-de-ojeda,Micieces de Ojeda,42.6908,-4.4617,Palencia
miedes-de-atienza,Miedes de Atienza,41.2667,-2.9638,Guadalajara
miengo,Miengo,43.4286,-3.9987,Cantabria
mieres,Mieres,43.25,-5.7667,Asturias
mieres,Mieres,42.1225,2.6385,Asturias
mieza,Mieza,41.1642,-6.6914,Salamanca
miguel-esteban,Miguel Esteban,39.5245,-3.0762,Toledo
miguelturra,Miguelturra,38.9644,-3.8905,Ciudad Real
miguelanez,Migueláñez,41.1215,-4.3641,Segovia
mijares,Mijares,40.2966,-4.8365,Ávila
mijas,Mijas,36.5958,-4.6373,Málaga
milagro,Milagro,42.2416,-1.7659,Navarra
milagros,Milagros,41.575,-3.6991,Burgos
millana,Millana,40.5072,-2.5712,Guadalajara
millanes,Millanes,39.8492,-5.5808,Cáceres
millares,Millares,39.25,-0.7667,Valencia
millena,Millena,38.7308,-0.3627,Alicante
milles-de-la-polvorosa,Milles de la Polvorosa,41.9234,-5.7331,Zamora
milmarcos,Milmarcos,41.0862,-1.8765,Guadalajara
minaya,Minaya,39.2705,-2.3218,Albacete
minglanilla,Minglanilla,39.5333,-1.6,Cuenca
mingorria,Mingorría,40.7519,-4.6658,Ávila
mira,Mira,39.7167,-1.4333,Cuenca
mirabel,Mirabel,39.8623,-6.2327,Cáceres
mirabueno,Mirabueno,40.9448,-2.7244,Guadalajara
miraflores-de-la-sierra,Miraflores de la Sierra,40.8155,-3.7621,Madrid
mirafuentes,Mirafuentes,42.623,-2.2797,Navarra
miralcamp,Miralcamp,41.6052,0.8799,Lleida
miralrio,Miralrío,40.889,-2.9434,Guadalajara
miramar,Miramar,38.9504,-0.1401,Valencia
mirambel,Mirambel,40.5873,-0.3427,Teruel
miranda-de-arga,Miranda de Arga,42.4834,-1.8276,Navarra
miranda-de-azan,Miranda de Azán,40.8875,-5.6818,Salamanca
miranda-de-ebro,Miranda de Ebro,42.6865,-2.947,Burgos
miranda-del-castanar,Miranda del Castañar,40.4845,-5.9958,Salamanca
mirandilla,Mirandilla,39.002,-6.2889,Badajoz
mirasierra,Mirasierra,40.4963,-3.7196,
miraveche,Miraveche,42.674,-3.1995,Burgos
miravet,Miravet,41.0393,0.5967,Tarragona
mironcillo,Mironcillo,40.5543,-4.8245,Ávila
mislata,Mislata,39.4752,-0.4183,Valencia
mino,Miño,43.35,-8.2,A Coruña
mino-de-san-esteban,Miño de San Esteban,41.5358,-3.3458,Soria
moana,Moaña,42.2781,-8.7392,Pontevedra
mocejon,Mocejón,39.9393,-3.9172,Toledo
mochales,Mochales,41.0965,-2.0156,Guadalajara
moclinejo,Moclinejo,36.7713,-4.2551,Málaga
moclin,Moclín,37.3396,-3.7865,Granada
modubar-de-la-emparedada,Modúbar de la Emparedada,42.2612,-3.6597,Burgos
moeche,Moeche,43.55,-8.0167,A Coruña
mogarraz,Mogarraz,40.4926,-6.0533,Salamanca
mogente,Mogente,38.876,-0.7515,
moguer,Moguer,37.2756,-6.8385,Huelva
mogan,Mogán,27.8838,-15.7254,Las Palmas
mohedas-de-la-jara,Mohedas de la Jara,39.6042,-5.1425,Toledo
mohernando,Mohernando,40.8013,-3.1723,Guadalajara
moia,Moià,41.8111,2.0984,Barcelona
mojacar,Mojácar,37.1402,-1.851,Almería
mojados,Mojados,41.4324,-4.6649,Valladolid
molacillos,Molacillos,41.5827,-5.6605,Zamora
molezuelas-de-la-carballeda,Molezuelas de la Carballeda,42.0817,-6.1872,Zamora
molina-de-aragon,Molina de Aragón,40.8436,-1.8876,Guadalajara
molina-de-segura,Molina de Segura,38.0546,-1.2076,Murcia
molinaseca,Molinaseca,42.5383,-6.52,León
molinicos,Molinicos,38.4672,-2.2394,Albacete
molinillo,Molinillo,40.469,-5.9449,Salamanca
molinos,Molinos,40.821,-0.4502,Teruel
molinos-de-duero,Molinos de Duero,41.886,-2.7868,Soria
molins-de-rei,Molins de Rei,41.4167,2.0167,Barcelona
molledo,Molledo,43.1497,-4.0424,Cantabria
mollerussa,Mollerussa,41.6333,0.9,Lleida
mollet-de-peralada,Mollet de Peralada,42.3596,3.0003,Girona
mollet-del-valles,Mollet del Vallès,41.5403,2.2131,Barcelona
mollina,Mollina,37.1253,-4.6569,Málaga
molvizar,Molvízar,36.7859,-3.6078,Granada
mombeltran,Mombeltrán,40.2599,-5.0175,Ávila
momblona,Momblona,41.4442,-2.3466,Soria
mombuey,Mombuey,42.0228,-6.3303,Zamora
monachil,Monachil,37.1332,-3.5372,Granada
monasterio,Monasterio,40.9855,-3.0971,Guadalajara
monasterio-de-rodilla,Monasterio de Rodilla,42.4577,-3.4697,Burgos
monasterio-de-vega,Monasterio de Vega,42.2302,-5.181,Valladolid
monasterio-de-la-sierra,Monasterio de la Sierra,42.0518,-3.1931,Burgos
moncada,Moncada,39.5455,-0.3955,
moncalvillo,Moncalvillo,41.9541,-3.1989,Burgos
moncloa-aravaca,Moncloa-Aravaca,40.4355,-3.7317,
moncofa,Moncofa,39.8091,-0.147,Castellón
monda,Monda,36.6303,-4.8319,Málaga
mondariz,Mondariz,42.2311,-8.4584,Pontevedra
mondariz-balneario,Mondariz-Balneario,42.2269,-8.4673,Pontevedra
mondonedo,Mondoñedo,43.4268,-7.3583,Lugo
mondonedo,Mondoñedo,43.4,-7.4,Lugo
mondejar,Mondéjar,40.321,-3.1069,Guadalajara
monegrillo,Monegrillo,41.6386,-0.4157,Zaragoza
monesterio,Monesterio,38.0833,-6.2667,Badajoz
moneva,Moneva,41.1282,-0.8359,Zaragoza
monfarracinos,Monfarracinos,41.5547,-5.708,Zamora
monfero,Monfero,43.3333,-8.0167,A Coruña
monforte-de-lemos,Monforte de Lemos,42.5217,-7.5142,Lugo
monforte-de-moyuela,Monforte de Moyuela,41.0551,-1.0141,Teruel
monforte-de-la-sierra,Monforte de la Sierra,40.4826,-6.0567,Salamanca
monforte-del-cid,Monforte del Cid,38.3803,-0.7285,Alicante
monistrol-de-montserrat,Monistrol de Montserrat,41.6167,1.85,Barcelona
monleras,Monleras,41.187,-6.2262,Salamanca
monleon,Monleón,40.5819,-5.8431,Salamanca
monreal,Monreal,42.7042,-1.5078,
monreal-de-ariza,Monreal de Ariza,41.2916,-2.1049,Zaragoza
monreal-del-campo,Monreal del Campo,40.788,-1.3554,Teruel
monreal-del-llano,Monreal del Llano,39.5689,-2.7605,Cuenca
monroyo,Monroyo,40.7878,-0.0355,Teruel
monsagro,Monsagro,40.5034,-6.2711,Salamanca
monsalupe,Monsalupe,40.7695,-4.7813,Ávila
monserrat,Monserrat,39.3667,-0.6,
mont-ral,Mont-ral,41.2833,1.1,Tarragona
mont-roig-del-camp,Mont-roig del Camp,41.0868,0.9593,Tarragona
montaberner,Montaberner,38.8902,-0.4958,
montalbanejo,Montalbanejo,39.7337,-2.4991,Cuenca
montalbo,Montalbo,39.8799,-2.6704,Cuenca
montalban,Montalbán,40.8328,-0.8018,Teruel
montalban-de-cordoba,Montalbán de Córdoba,37.58,-4.7493,Córdoba
montalvos,Montalvos,39.1667,-2.0167,Albacete
montamarta,Montamarta,41.6472,-5.804,Zamora
montanejos,Montanejos,40.0667,-0.5167,Castellón
montarron,Montarrón,40.9068,-3.1149,Guadalajara
montbau,Montbau,41.4353,2.1378,
montblanc,Montblanc,41.3764,1.1616,Tarragona
montcada-i-reixac,Montcada i Reixac,41.4833,2.1833,Barcelona
monteagudo,Monteagudo,41.9667,-1.6833,Navarra
monteagudo-de-las-salinas,Monteagudo de las Salinas,39.8,-1.9,Cuenca
monteagudo-de-las-vicarias,Monteagudo de las Vicarías,41.3648,-2.1696,Soria
monteagudo-del-castillo,Monteagudo del Castillo,40.4566,-0.8178,Teruel
montealegre-del-castillo,Montealegre del Castillo,38.7886,-1.3272,Albacete
montearagon,Montearagón,39.9642,-4.6321,Toledo
montecanal,Montecanal,41.6296,-0.9387,
montecorto,Montecorto,36.8158,-5.298,Málaga
montederramo,Montederramo,42.2755,-7.5014,Ourense
montefrio,Montefrío,37.3231,-4.009,Granada
montehermoso,Montehermoso,40.088,-6.3498,Cáceres
montejaque,Montejaque,36.7368,-5.2499,Málaga
montejicar,Montejícar,37.5722,-3.5053,Granada
montejo,Montejo,40.6325,-5.6229,Salamanca
montejo-de-arevalo,Montejo de Arévalo,41.1403,-4.6641,Segovia
montejo-de-tiermes,Montejo de Tiermes,41.3684,-3.2002,Soria
montejo-de-la-sierra,Montejo de la Sierra,41.0596,-3.5299,Madrid
montejo-de-la-vega-de-la-serrezuela,Montejo de la Vega de la Serrezuela,41.5503,-3.6541,Segovia
montellano,Montellano,36.9953,-5.5714,Sevilla
montemayor,Montemayor,37.6479,-4.6978,Córdoba
montemayor-de-pililla,Montemayor de Pililla,41.5087,-4.4574,Valladolid
montemayor-del-rio,Montemayor del Río,40.3484,-5.8943,Salamanca
montemolin,Montemolín,38.15,-6.2,Badajoz
montenegro-de-cameros,Montenegro de Cameros,42.0892,-2.7541,Soria
monterde,Monterde,41.1743,-1.735,Zaragoza
monterde-de-albarracin,Monterde de Albarracín,40.4971,-1.4922,Teruel
monterroso,Monterroso,42.7925,-7.8342,Lugo
monterrubio,Monterrubio,40.8491,-4.35,Segovia
monterrubio-de-armuna,Monterrubio de Armuña,41.0265,-5.6439,Salamanca
monterrubio-de-la-serena,Monterrubio de la Serena,38.5888,-5.4457,Badajoz
monterrubio-de-la-sierra,Monterrubio de la Sierra,40.7559,-5.6933,Salamanca
montesa,Montesa,38.9503,-0.652,Valencia
montesclaros,Montesclaros,40.1065,-4.9385,Toledo
montesquiu,Montesquiu,42.1167,2.2167,Barcelona
montferri,Montferri,41.2655,1.3652,Tarragona
montgat,Montgat,41.4686,2.28,Barcelona
montichelvo,Montichelvo,38.8913,-0.3412,
montiel,Montiel,38.698,-2.8644,Ciudad Real
montijo,Montijo,38.9084,-6.6178,Badajoz
montilla,Montilla,37.5863,-4.638,Córdoba
montillana,Montillana,37.5017,-3.6737,Granada
montizon,Montizón,38.3425,-3.104,Jaén
montmelo,Montmeló,41.55,2.2419,Barcelona
montorio,Montorio,42.5847,-3.7772,Burgos
montornes-del-valles,Montornès del Vallès,41.5421,2.2675,Barcelona
montoro,Montoro,38.0241,-4.3834,Córdoba
montroy,Montroy,39.3333,-0.6167,
monturque,Monturque,37.4719,-4.5816,Córdoba
montuiri,Montuïri,39.5674,2.9819,Illes Balears
montan,Montán,40.0333,-0.55,Castellón
montanchez,Montánchez,39.2255,-6.1491,Cáceres
monton,Montón,41.2067,-1.5155,Zaragoza
monzon,Monzón,41.9108,0.1941,Huesca
monzon-de-campos,Monzón de Campos,42.116,-4.4928,Palencia
monovar,Monóvar,38.4381,-0.8406,
mora,Mora,39.6849,-3.7739,Toledo
mora-de-rubielos,Mora de Rubielos,40.2502,-0.7525,Teruel
moradillo-de-roa,Moradillo de Roa,41.5516,-3.7912,Burgos
moraira,Moraira,38.6887,0.1348,
moral-de-calatrava,Moral de Calatrava,38.8299,-3.5781,Ciudad Real
moral-de-sayago,Moral de Sayago,41.4702,-6.1006,Zamora
moral-de-la-reina,Moral de la Reina,41.9861,-5.0721,Valladolid
moraleda-de-zafayona,Moraleda de Zafayona,37.1672,-3.9651,Granada
moraleja,Moraleja,40.0668,-6.6598,Cáceres
moraleja-de-enmedio,Moraleja de Enmedio,40.2612,-3.8596,Madrid
moraleja-de-matacabras,Moraleja de Matacabras,41.1073,-4.9572,Ávila
moraleja-de-sayago,Moraleja de Sayago,41.1692,-6.0037,Zamora
moraleja-de-las-panaderas,Moraleja de las Panaderas,41.2764,-4.8252,Valladolid
moraleja-del-vino,Moraleja del Vino,41.4639,-5.6563,Zamora
morales-de-campos,Morales de Campos,41.8607,-5.1725,Valladolid
morales-de-toro,Morales de Toro,41.5374,-5.3064,Zamora
morales-de-valverde,Morales de Valverde,41.9364,-5.8925,Zamora
morales-del-vino,Morales del Vino,41.4474,-5.7307,Zamora
moralina,Moralina,41.49,-6.1367,Zamora
moralzarzal,Moralzarzal,40.6782,-3.9707,Madrid
morasverdes,Morasverdes,40.6002,-6.275,Salamanca
morata-de-jalon,Morata de Jalón,41.4735,-1.4763,Zaragoza
morata-de-jiloca,Morata de Jiloca,41.248,-1.5866,Zaragoza
morata-de-tajuna,Morata de Tajuña,40.2268,-3.4327,Madrid
moratalaz,Moratalaz,40.4074,-3.6494,
moratalla,Moratalla,38.1893,-1.8918,Murcia
moratilla-de-los-meleros,Moratilla de los Meleros,40.5018,-2.9428,Guadalajara
moratinos,Moratinos,42.3619,-4.9283,Palencia
morana,Moraña,42.55,-8.5833,Pontevedra
morcillo,Morcillo,40.0188,-6.3975,Cáceres
moreda-araba-moreda-de-alava,Moreda Araba / Moreda de Álava,42.5257,-2.4083,
morella,Morella,40.6197,-0.0989,Castellón
morenilla,Morenilla,40.7869,-1.7072,Guadalajara
morentin,Morentin,42.6129,-2.0139,Navarra
moreruela-de-tabara,Moreruela de Tábara,41.7959,-5.8685,Zamora
moreruela-de-los-infanzones,Moreruela de los Infanzones,41.6312,-5.7061,Zamora
moriles,Moriles,37.4367,-4.6076,Córdoba
morille,Morille,40.8069,-5.6983,Salamanca
moriscos,Moriscos,41.0082,-5.5818,Salamanca
moronta,Moronta,40.9769,-6.431,Salamanca
moros,Moros,41.3978,-1.8284,Zaragoza
mores,Morés,41.4733,-1.5649,Zaragoza
moron-de-almazan,Morón de Almazán,41.4136,-2.4132,Soria
moron-de-la-frontera,Morón de la Frontera,37.1208,-5.454,Sevilla
mos,Mos,43.1612,-7.5432,Pontevedra
moscardo,Moscardó,40.389,-3.7068,
moscardon,Moscardón,40.3329,-1.5368,Teruel
mosqueruela,Mosqueruela,40.3613,-0.4489,Teruel
mota-de-altarejos,Mota de Altarejos,39.882,-2.3096,Cuenca
mota-del-cuervo,Mota del Cuervo,39.5019,-2.8699,Cuenca
mota-del-marques,Mota del Marqués,41.6325,-5.1768,Valladolid
motilla-del-palancar,Motilla del Palancar,39.5667,-1.8833,Cuenca
motilleja,Motilleja,39.1833,-1.7833,Albacete
motril,Motril,36.7507,-3.5179,Granada
moya,Moya,39.95,-1.3667,Cuenca
moya,Moya,28.1111,-15.5829,Cuenca
moyuela,Moyuela,41.1279,-0.9223,Zaragoza
mozoncillo,Mozoncillo,41.1454,-4.1875,Segovia
mozota,Mozota,41.4841,-1.0681,Zaragoza
mozarbez,Mozárbez,40.8565,-5.6514,Salamanca
mucientes,Mucientes,41.7428,-4.7619,Valladolid
muduex,Muduex,40.8293,-2.959,Guadalajara
muda,Mudá,42.8753,-4.3943,Palencia
muel,Muel,41.4663,-1.085,Zaragoza
muelas-de-los-caballeros,Muelas de los Caballeros,42.1284,-6.3372,Zamora
muga-de-sayago,Muga de Sayago,41.3878,-6.1978,Zamora
mugardos,Mugardos,43.4604,-8.2551,A Coruña
mugia,Mugia,43.1041,-9.2179,
mula,Mula,38.041,-1.4901,Murcia
mundaka,Mundaka,43.408,-2.6985,Bizkaia
munera,Munera,39.0422,-2.4807,Albacete
mungia,Mungia,43.3546,-2.8452,Bizkaia
muniesa,Muniesa,41.0331,-0.8114,Teruel
munilla,Munilla,42.189,-2.2951,La Rioja
muntanyola,Muntanyola,41.8833,2.1833,Barcelona
munebrega,Munébrega,41.252,-1.7056,Zaragoza
mura,Mura,41.6994,1.9761,Barcelona
muras,Muras,43.4669,-7.7238,Lugo
murchante,Murchante,42.0318,-1.6558,Navarra
murcia,Murcia,37.987,-1.13,Murcia
murero,Murero,41.1597,-1.4828,Zaragoza
murgia,Murgia,42.9569,-2.8194,
murias-de-paredes,Murias de Paredes,42.8503,-6.1916,León
muriel-viejo,Muriel Viejo,41.7826,-2.9152,Soria
muriel-de-la-fuente,Muriel de la Fuente,41.7232,-2.86,Soria
murieta,Murieta,42.6562,-2.1545,Navarra
murillo-de-rio-leza,Murillo de Río Leza,42.401,-2.3246,La Rioja
murillo-el-fruto,Murillo el Fruto,42.3927,-1.4603,Navarra
murla,Murla,38.7604,-0.0821,Alicante
muro,Muro,39.7366,3.0556,Illes Balears
muro-de-aguas,Muro de Aguas,42.1336,-2.1117,La Rioja
muro-del-alcoy,Muro del Alcoy,38.7812,-0.4361,
muro-en-cameros,Muro en Cameros,42.2251,-2.5304,La Rioja
muros,Muros,42.7762,-9.0603,A Coruña
muros-de-nalon,Muros de Nalón,43.5428,-6.1035,Asturias
murtas,Murtas,36.885,-3.1094,Granada
muruzabal,Muruzábal,42.6905,-1.7693,Navarra
museros,Museros,39.5667,-0.35,Valencia
mutiloa,Mutiloa,43.0229,-2.2726,Gipuzkoa
mutriku,Mutriku,43.3064,-2.3852,Gipuzkoa
mutxamel,Mutxamel,38.4158,-0.4453,Alicante
muxika,Muxika,43.2891,-2.6894,Bizkaia
munana,Muñana,40.5904,-5.0145,Ávila
munico,Muñico,40.7068,-5.0272,Ávila
munogalindo,Muñogalindo,40.6032,-4.899,Ávila
munogrande,Muñogrande,40.8218,-4.9222,Ávila
munomer-del-peco,Muñomer del Peco,40.8588,-4.8799,Ávila
munopedro,Muñopedro,40.888,-4.4721,Segovia
munopepe,Muñopepe,40.6341,-4.8188,Ávila
munosancho,Muñosancho,40.921,-5.0356,Ávila
munotello,Muñotello,40.5424,-5.0419,Ávila
munoveros,Muñoveros,41.1723,-3.9516,Segovia
macher,Mácher,28.9484,-13.6912,
malaga,Málaga,36.7202,-4.4203,Málaga
malaga-del-fresno,Málaga del Fresno,40.7874,-3.2447,Guadalajara
melida,Mélida,42.3587,-1.5489,Navarra
mentrida,Méntrida,40.239,-4.1934,Toledo
merida,Mérida,38.918,-6.3429,Badajoz
mora-d-ebre,Móra d'Ebre,41.0833,0.6333,Tarragona
mostoles,Móstoles,40.3223,-3.865,Madrid
nafria-de-ucero,Nafría de Ucero,41.7227,-3.095,Soria
nalda,Nalda,42.3347,-2.4871,La Rioja
nalec,Nalec,41.55,1.1167,Lleida
nambroca,Nambroca,39.7977,-3.9443,Toledo
narboneta,Narboneta,39.75,-1.4667,Cuenca
narrillos-del-rebollar,Narrillos del Rebollar,40.6649,-4.9658,Ávila
narrillos-del-alamo,Narrillos del Álamo,40.5667,-5.4658,Ávila
narros,Narros,41.8492,-2.2947,Soria
narros-de-matalayegua,Narros de Matalayegua,40.6988,-5.9266,Salamanca
narros-de-salduena,Narros de Saldueña,40.8727,-4.8691,Ávila
narros-del-castillo,Narros del Castillo,40.8587,-5.0601,Ávila
narros-del-puerto,Narros del Puerto,40.5413,-4.9929,Ávila
naron,Narón,43.5018,-8.1908,A Coruña
natahoyo,Natahoyo,43.5403,-5.6823,
nava,Nava,43.3581,-5.5106,Asturias
nava-de-arevalo,Nava de Arévalo,40.978,-4.7757,Ávila
nava-de-bejar,Nava de Béjar,40.4752,-5.6786,Salamanca
nava-de-francia,Nava de Francia,40.5357,-6.1163,Salamanca
nava-de-roa,Nava de Roa,41.6133,-3.9644,Burgos
nava-de-sotrobal,Nava de Sotrobal,40.8904,-5.2856,Salamanca
nava-de-la-asuncion,Nava de la Asunción,41.1559,-4.4875,Segovia
nava-del-barco,Nava del Barco,40.2932,-5.5402,Ávila
nava-del-rey,Nava del Rey,41.3304,-5.0809,Valladolid
navacarros,Navacarros,40.3978,-5.7142,Salamanca
navacepedilla-de-corneja,Navacepedilla de Corneja,40.486,-5.1838,Ávila
navacerrada,Navacerrada,40.7291,-4.017,Madrid
navaconcejo,Navaconcejo,40.1771,-5.8311,Cáceres
navadijos,Navadijos,40.4252,-5.0828,Ávila
navaescurial,Navaescurial,40.4716,-5.2776,Ávila
navafria,Navafría,41.0551,-3.8248,Segovia
navahermosa,Navahermosa,39.6353,-4.4701,Toledo
navahondilla,Navahondilla,40.3251,-4.4966,Ávila
navajas,Navajas,39.8833,-0.5,Castellón
navajun,Navajún,41.9667,-2.1,La Rioja
naval,Naval,42.195,0.1518,Huesca
navalacruz,Navalacruz,40.4399,-4.9312,Ávila
navalafuente,Navalafuente,40.8206,-3.6727,Madrid
navalagamella,Navalagamella,40.4689,-4.1233,Madrid
navalcarnero,Navalcarnero,40.2891,-4.012,Madrid
navalcan,Navalcán,40.0667,-5.0833,Toledo
navaleno,Navaleno,41.8383,-3.0042,Soria
navales,Navales,40.7886,-5.4786,Salamanca
navalilla,Navalilla,41.3415,-3.9321,Segovia
navalmanzano,Navalmanzano,41.2159,-4.2563,Segovia
navalmoral,Navalmoral,40.4603,-4.7686,Ávila
navalmoral-de-bejar,Navalmoral de Béjar,40.4226,-5.7831,Salamanca
navalmoral-de-la-mata,Navalmoral de la Mata,39.8916,-5.5406,Cáceres
navalmoralejo,Navalmoralejo,39.7393,-5.1436,Toledo
navalosa,Navalosa,40.4021,-4.93,Ávila
navalperal-de-pinares,Navalperal de Pinares,40.594,-4.4115,Ávila
navalperal-de-tormes,Navalperal de Tormes,40.3528,-5.3008,Ávila
navalpino,Navalpino,39.2257,-4.5913,Ciudad Real
navalquejigo,Navalquejigo,40.6071,-4.0497,
navaluenga,Navaluenga,40.4112,-4.709,Ávila
navalvillar-de-ibor,Navalvillar de Ibor,39.5839,-5.4133,Cáceres
navalvillar-de-pela,Navalvillar de Pela,39.0944,-5.4681,Badajoz
navamorales,Navamorales,40.4762,-5.4789,Salamanca
navamorcuende,Navamorcuende,40.1566,-4.7862,Toledo
navaquesera,Navaquesera,40.4256,-4.9111,Ávila
navarcles,Navarcles,41.7517,1.9036,Barcelona
navardun,Navardún,42.5125,-1.1482,Zaragoza
navares-de-ayuso,Navares de Ayuso,41.3745,-3.7075,Segovia
navares-de-enmedio,Navares de Enmedio,41.381,-3.7228,Segovia
navares-de-las-cuevas,Navares de las Cuevas,41.4143,-3.7508,Segovia
navaridas,Navaridas,42.5457,-2.6265,Araba/Álava
navarredonda-de-gredos,Navarredonda de Gredos,40.3614,-5.1327,Ávila
navarredonda-de-la-rinconada,Navarredonda de la Rinconada,40.6066,-6.0117,Salamanca
navarredondilla,Navarredondilla,40.4542,-4.822,Ávila
navarrete,Navarrete,42.4307,-2.5647,La Rioja
navarrevisca,Navarrevisca,40.3642,-4.8935,Ávila
navarres,Navarrés,39.102,-0.6947,Valencia
navas,Navàs,41.418,2.186,Barcelona
navas-de-bureba,Navas de Bureba,42.6809,-3.327,Burgos
navas-de-estena,Navas de Estena,39.4948,-4.5216,Ciudad Real
navas-de-jorquera,Navas de Jorquera,39.2833,-1.7167,Albacete
navas-de-oro,Navas de Oro,41.1963,-4.4375,Segovia
navas-de-san-juan,Navas de San Juan,38.1838,-3.316,Jaén
navas-del-madrono,Navas del Madroño,39.6229,-6.6526,Cáceres
navas-del-rey,Navas del Rey,40.3861,-4.2512,Madrid
navascues,Navascués,42.7176,-1.1174,
navasfrias,Navasfrías,40.2968,-6.8197,Salamanca
navata,Navata,42.2235,2.8611,Girona
navatalgordo,Navatalgordo,40.4152,-4.8716,Ávila
navatejares,Navatejares,40.336,-5.5322,Ávila
navezuelas,Navezuelas,39.5092,-5.4377,Cáceres
navia,Navia,43.5354,-6.7194,Asturias
navia-de-suarna,Navia de Suarna,42.9667,-7.0,Lugo
navianos-de-valverde,Navianos de Valverde,41.9532,-5.8178,Zamora
navas,Navàs,41.9,1.8776,Barcelona
nazar,Nazar,42.6369,-2.2797,Navarra
nazaret,Nazaret,29.0382,-13.5639,
nebreda,Nebreda,41.9688,-3.6343,Burgos
negredo,Negredo,41.0274,-2.8588,Guadalajara
negreira,Negreira,42.904,-8.7427,A Coruña
negrilla-de-palencia,Negrilla de Palencia,41.0919,-5.5916,Salamanca
neila,Neila,42.0602,-2.9969,Burgos
neila-de-san-miguel,Neila de San Miguel,40.4237,-5.6509,Ávila
nepas,Nepas,41.5264,-2.3987,Soria
nerja,Nerja,36.7528,-3.8744,Málaga
nerpio,Nerpio,38.1475,-2.302,Albacete
nerva,Nerva,37.6963,-6.5497,Huelva
nestares,Nestares,42.2701,-2.6199,La Rioja
niebla,Niebla,37.3621,-6.6789,Huelva
nieva,Nieva,41.0819,-4.425,Segovia
nieva-de-cameros,Nieva de Cameros,42.2184,-2.667,La Rioja
nigran,Nigrán,42.1415,-8.8066,Pontevedra
niguelas,Nigüelas,36.9776,-3.5395,Granada
niguella,Nigüella,41.5362,-1.5245,Zaragoza
niharra,Niharra,40.5894,-4.8389,Ávila
nino-jesus,Niño Jesús,40.4116,-3.6734,
noalejo,Noalejo,37.5302,-3.6561,Jaén
noblejas,Noblejas,39.9806,-3.44,Toledo
noez,Noez,39.7409,-4.1841,Toledo
nogal-de-las-huertas,Nogal de las Huertas,42.3925,-4.6416,Palencia
nogales,Nogales,38.5863,-6.749,Badajoz
nogueira-de-ramuin,Nogueira de Ramuín,42.4171,-7.7498,Ourense
nogueras,Nogueras,41.1347,-1.0671,Teruel
nogueruelas,Nogueruelas,40.2362,-0.6361,Teruel
noia,Noia,42.7858,-8.8873,A Coruña
noja,Noja,43.4892,-3.5231,Cantabria
nolay,Nolay,41.5272,-2.3506,Soria
nombela,Nombela,40.1553,-4.5022,Toledo
nombrevilla,Nombrevilla,41.1073,-1.359,Zaragoza
nonaspe,Nonaspe,41.2088,0.2477,Zaragoza
norena,Noreña,43.3936,-5.7066,Asturias
nou-barris,Nou Barris,41.4416,2.1773,
novales,Novales,42.032,-0.287,Huesca
novallas,Novallas,41.95,-1.7,Zaragoza
novelda,Novelda,38.3848,-0.7677,Alicante
noviercas,Noviercas,41.7119,-2.0343,Soria
novillas,Novillas,41.9333,-1.3941,Zaragoza
noves,Novés,40.0475,-4.2747,Toledo
nueno,Nueno,42.267,-0.4391,Huesca
nueva-espana,Nueva España,40.4628,-3.6781,
nueva-jarilla,Nueva Jarilla,36.7582,-6.0315,
nueva-villa-de-las-torres,Nueva Villa de las Torres,41.2676,-5.0568,Valladolid
nueva-carteya,Nueva Carteya,37.5863,-4.4676,Córdoba
nuevo-baztan,Nuevo Baztán,40.3673,-3.2412,Madrid
nuez-de-ebro,Nuez de Ebro,41.5896,-0.6677,Zaragoza
nules,Nules,39.8536,-0.1564,Castellón
numancia,Numancia,40.3995,-3.6585,
numancia-de-la-sagra,Numancia de la Sagra,40.074,-3.8512,Toledo
nuevalos,Nuévalos,41.2118,-1.7895,Zaragoza
nuno-gomez,Nuño Gómez,40.1138,-4.6198,Toledo
nunomoral,Nuñomoral,40.4069,-6.2464,Cáceres
najera,Nájera,42.4182,-2.7287,La Rioja
naquera,Náquera,39.65,-0.4167,
nijar,Níjar,36.9665,-2.206,Almería
nivar,Nívar,37.2591,-3.5777,Granada
o-barco-de-valdeorras,O Barco de Valdeorras,42.4164,-6.9901,
o-carballino,O Carballiño,42.4316,-8.079,
o-grove,O Grove,42.4944,-8.865,
o-incio,O Incio,42.6333,-7.35,
o-paramo,O Páramo,42.9466,-7.2962,
o-rosal,O Rosal,41.9354,-8.8368,
obanos,Obanos,42.6807,-1.7849,Navarra
obejo,Obejo,38.1326,-4.8002,Córdoba
obon,Obón,40.9045,-0.723,Teruel
ocana,Ocaña,39.9579,-3.4982,Toledo
ocentejo,Ocentejo,40.7723,-2.3976,Guadalajara
ochanduri,Ochánduri,42.5252,-3.0042,La Rioja
oco,Oco,42.6383,-2.1648,Navarra
ocon,Ocón,42.299,-2.2402,La Rioja
odon,Odón,40.8842,-1.5679,Teruel
oencia,Oencia,42.5476,-6.9686,León
ogijares,Ogíjares,37.1191,-3.6077,Granada
ohanes,Ohanes,37.0386,-2.7452,Almería
oia,Oia,42.0,-8.8667,Pontevedra
oimbra,Oímbra,41.8855,-7.4722,Ourense
oion-oyon,Oion / Oyón,42.5057,-2.4364,
oitz,Oitz,43.1167,-1.6833,
ojacastro,Ojacastro,42.3472,-3.0049,La Rioja
ojos-negros,Ojos Negros,40.7375,-1.4988,Teruel
ojos-albos,Ojos-Albos,40.706,-4.5163,Ávila
ojen,Ojén,36.5649,-4.8556,Málaga
ojos,Ojós,38.147,-1.3426,Murcia
olaberria,Olaberria,43.0273,-2.2035,Gipuzkoa
olazagutia,Olazagutía,42.8758,-2.1954,
olba,Olba,40.1333,-0.6167,Teruel
olea-de-boedo,Olea de Boedo,42.6099,-4.4504,Palencia
oleiros,Oleiros,43.3333,-8.3167,A Coruña
olejua,Olejua,42.6233,-2.142,Navarra
olesa-de-bonesvalls,Olesa de Bonesvalls,41.3543,1.8491,Barcelona
olesa-de-montserrat,Olesa de Montserrat,41.5437,1.8941,Barcelona
oliana,Oliana,42.069,1.3135,Lleida
oliete,Oliete,40.9979,-0.6743,Teruel
olite-erriberri,Olite/Erriberri,42.4797,-1.652,Navarra
olius,Olius,42.0104,1.5646,Lleida
oliva,Oliva,38.9197,-0.1193,Valencia
oliva-de-merida,Oliva de Mérida,38.7905,-6.124,Badajoz
oliva-de-plasencia,Oliva de Plasencia,40.1123,-6.0865,Cáceres
oliva-de-la-frontera,Oliva de la Frontera,38.276,-6.9187,Badajoz
olivares,Olivares,37.418,-6.156,Sevilla
olivares-de-duero,Olivares de Duero,41.6375,-4.3655,Valladolid
olivares-de-jucar,Olivares de Júcar,39.761,-2.3559,Cuenca
olivella,Olivella,41.3167,1.8167,Barcelona
olivenza,Olivenza,38.6827,-7.1005,Badajoz
oliver-valdefierro,Oliver-Valdefierro,41.6445,-0.9335,
ollauri,Ollauri,42.5426,-2.8345,La Rioja
olloniego,Olloniego,43.2988,-5.8236,
olmeda-de-cobeta,Olmeda de Cobeta,40.8597,-2.1828,Guadalajara
olmeda-de-la-cuesta,Olmeda de la Cuesta,40.3109,-2.4759,Cuenca
olmeda-del-rey,Olmeda del Rey,39.8,-2.0833,Cuenca
olmedilla-de-alarcon,Olmedilla de Alarcón,39.6167,-2.1,Cuenca
olmedilla-de-eliz,Olmedilla de Eliz,40.3023,-2.4195,Cuenca
olmedillo-de-roa,Olmedillo de Roa,41.7836,-3.9342,Burgos
olmedo,Olmedo,41.2871,-4.6888,Valladolid
olmedo-de-camaces,Olmedo de Camaces,40.8797,-6.6236,Salamanca
olmillos-de-castro,Olmillos de Castro,41.7318,-5.9679,Zamora
olmillos-de-muno,Olmillos de Muñó,42.2032,-3.9391,Burgos
olmos-de-esgueva,Olmos de Esgueva,41.6882,-4.5225,Valladolid
olmos-de-ojeda,Olmos de Ojeda,42.7227,-4.4245,Palencia
olmos-de-penafiel,Olmos de Peñafiel,41.5714,-4.0432,Valladolid
olocau,Olocau,39.7,-0.5333,Valencia
olocau-del-rey,Olocau del Rey,40.6377,-0.3404,Castellón
olombrada,Olombrada,41.4149,-4.1607,Segovia
olost,Olost,41.9854,2.0946,Barcelona
olot,Olot,42.181,2.4901,Girona
oltza,Oltza,42.85,-1.7667,
olula-de-castro,Olula de Castro,37.1748,-2.4743,Almería
olula-del-rio,Olula del Río,37.3544,-2.2975,Almería
olvan,Olvan,42.0667,1.9,Barcelona
olvega,Ólvega,41.779,-1.9839,Soria
olvera,Olvera,36.9342,-5.2668,Cádiz
olves,Olvés,41.2396,-1.6465,Zaragoza
olias-del-rey,Olías del Rey,39.9444,-3.9868,Toledo
oloriz,Olóriz,42.6352,-1.6128,
oncala,Oncala,41.9702,-2.3149,Soria
onda,Onda,39.965,-0.2604,Castellón
ondara,Ondara,38.8282,0.0172,Alicante
ondarroa,Ondarroa,43.3167,-2.4167,Bizkaia
onil,Onil,38.6261,-0.6731,Alicante
ontinyent,Ontinyent,38.8219,-0.606,Valencia
ontinena,Ontiñena,41.6766,0.0886,Huesca
ontur,Ontur,38.6151,-1.4972,Albacete
ontigola,Ontígola,40.0042,-3.5723,Toledo
onzonilla,Onzonilla,42.5243,-5.5816,León
opanel,Opañel,40.3902,-3.7218,
oquillas,Oquillas,41.8308,-3.7056,Burgos
orba,Orba,38.7804,-0.0628,Alicante
orbara,Orbara,42.9673,-1.2421,Navarra
orbita,Orbita,40.9985,-4.6483,Ávila
orcajo,Orcajo,41.1097,-1.4893,Zaragoza
orcasitas,Orcasitas,40.3686,-3.7124,
orcasur,Orcasur,40.3722,-3.6982,
orce,Orce,37.7212,-2.4775,Granada
orcera,Orcera,38.3174,-2.6649,Jaén
orcheta,Orcheta,38.564,-0.263,
ordes,Ordes,43.0765,-8.409,A Coruña
ordis,Ordis,42.2183,2.907,Girona
ordizia,Ordizia,43.0541,-2.1763,Gipuzkoa
orea,Orea,40.5573,-1.7274,Guadalajara
orellana-la-vieja,Orellana la Vieja,39.0062,-5.5344,Badajoz
orendain,Orendain,43.079,-2.112,Gipuzkoa
orera,Orera,41.2984,-1.4785,Zaragoza
orexa,Orexa,43.0938,-2.0112,Gipuzkoa
orgaz,Orgaz,39.6483,-3.8758,Toledo
oria,Oria,37.4853,-2.2929,Almería
oria,Oria,43.2554,-2.0187,Almería
orihuela,Orihuela,38.0848,-0.944,Alicante
orihuela-del-tremedal,Orihuela del Tremedal,40.55,-1.65,Teruel
orio,Orio,43.2787,-2.1254,Gipuzkoa
orista,Oristà,41.9333,2.0667,Barcelona
orkoien,Orkoien,42.8238,-1.7048,Navarra
ormaiztegi,Ormaiztegi,43.0434,-2.2567,Gipuzkoa
oronz,Oronz,42.8687,-1.0968,
oropesa,Oropesa,39.9173,-5.1737,Toledo
oropesa-del-mar,Oropesa del Mar,40.0913,0.1411,
oroso,Oroso,42.9833,-8.4333,A Coruña
orpi,Orpí,41.5187,1.5754,Barcelona
orrios,Orrios,40.5894,-0.9861,Teruel
ortigosa,Ortigosa,42.1757,-2.7051,
ortigosa-de-pestano,Ortigosa de Pestaño,41.0874,-4.3952,Segovia
ortigosa-del-monte,Ortigosa del Monte,40.8418,-4.1772,Segovia
ortuella,Ortuella,43.3111,-3.0562,Bizkaia
ores,Orés,42.2777,-1.0015,Zaragoza
oris,Orís,42.0597,2.2207,Barcelona
orisoain,Orísoain,42.6012,-1.604,Navarra
os-de-balaguer,Os de Balaguer,41.8731,0.7202,Lleida
osa-de-la-vega,Osa de la Vega,39.6598,-2.76,Cuenca
oseja,Oseja,41.5956,-1.7003,Zaragoza
oseja-de-sajambre,Oseja de Sajambre,43.1367,-5.0379,León
osornillo,Osornillo,42.3705,-4.2915,Palencia
ossa-de-montiel,Ossa de Montiel,38.964,-2.7455,Albacete
osso-de-sio,Ossó de Sió,41.7548,1.159,Lleida
osuna,Osuna,37.2376,-5.1031,Sevilla
oteiza,Oteiza,42.6191,-1.9539,Navarra
otero,Otero,40.001,-4.5154,Toledo
otero-de-bodas,Otero de Bodas,41.9387,-6.1502,Zamora
otero-de-herreros,Otero de Herreros,40.8202,-4.2099,Segovia
otos,Otos,38.8543,-0.444,Valencia
otura,Otura,37.0885,-3.6332,
otxandio,Otxandio,43.0333,-2.65,Bizkaia
otivar,Otívar,36.8158,-3.6798,Granada
ourense,Ourense,42.3367,-7.8641,Ourense
ourol,Ourol,42.8701,-7.6145,Lugo
outeiro,Outeiro,43.1446,-7.2921,
outeiro-de-rei,Outeiro de Rei,43.102,-7.615,Lugo
outes,Outes,42.8506,-8.9265,A Coruña
oviedo,Oviedo,43.3603,-5.8448,Asturias
ona,Oña,42.734,-3.4146,Burgos
onati,Oñati,43.0326,-2.41,Gipuzkoa
pacifico,Pacífico,40.4044,-3.6787,
paderne,Paderne,43.2857,-8.1741,A Coruña
padiernos,Padiernos,40.6217,-4.8452,Ávila
padilla-de-abajo,Padilla de Abajo,42.4077,-4.1765,Burgos
padilla-de-arriba,Padilla de Arriba,42.438,-4.1909,Burgos
padrenda,Padrenda,42.1333,-8.15,Ourense
padrones-de-bureba,Padrones de Bureba,42.7058,-3.533,Burgos
padron,Padrón,42.7388,-8.6606,A Coruña
padul,Padul,37.0246,-3.6268,Granada
padules,Padules,36.9981,-2.7737,Almería
paiporta,Paiporta,39.4281,-0.4177,Valencia
pajarejos,Pajarejos,41.3899,-3.59,Segovia
pajares-de-adaja,Pajares de Adaja,40.924,-4.6405,Ávila
pajares-de-la-laguna,Pajares de la Laguna,41.0875,-5.5089,Salamanca
pajares-de-la-lampreana,Pajares de la Lampreana,41.7155,-5.6935,Zamora
pajares-de-los-oteros,Pajares de los Oteros,42.3301,-5.4731,León
pajaroncillo,Pajaroncillo,39.95,-1.7333,Cuenca
pajaron,Pajarón,39.95,-1.7833,Cuenca
palacio,Palacio,40.4154,-3.7141,
palacios-de-goda,Palacios de Goda,41.118,-4.785,Ávila
palacios-de-sanabria,Palacios de Sanabria,42.059,-6.5236,Zamora
palacios-de-la-sierra,Palacios de la Sierra,41.9639,-3.1279,Burgos
palacios-de-la-valduerna,Palacios de la Valduerna,42.3277,-5.9383,León
palacios-del-arzobispo,Palacios del Arzobispo,41.1666,-5.8893,Salamanca
palacios-del-pan,Palacios del Pan,41.6024,-5.8777,Zamora
palacios-del-sil,Palacios del Sil,42.876,-6.4315,León
palaciosrubios,Palaciosrubios,41.0524,-5.1951,Salamanca
palafolls,Palafolls,41.6667,2.75,Barcelona
palafrugell,Palafrugell,41.9174,3.1631,Girona
palamos,Palamós,41.8484,3.1291,Girona
palanques,Palanques,40.718,-0.1794,Castellón
palau-sator,Palau-sator,41.989,3.1102,Girona
palazuelo-de-vedija,Palazuelo de Vedija,41.9297,-5.1453,Valladolid
palazuelos-de-eresma,Palazuelos de Eresma,40.9305,-4.0607,Segovia
palazuelos-de-muno,Palazuelos de Muñó,42.1969,-3.9898,Burgos
palazuelos-de-la-sierra,Palazuelos de la Sierra,42.2116,-3.4601,Burgos
palencia,Palencia,42.0095,-4.5241,Palencia
palencia-de-negrilla,Palencia de Negrilla,41.0944,-5.6017,Salamanca
palenciana,Palenciana,37.2485,-4.5826,Córdoba
palenzuela,Palenzuela,42.0952,-4.1304,Palencia
palleja,Pallejà,41.4239,1.995,Barcelona
palma,Palma,39.5694,2.6502,Illes Balears
palma-de-gandia,Palma de Gandía,38.9267,-0.2203,Valencia
palma-del-rio,Palma del Río,37.7002,-5.2812,Córdoba
palmanova,Palmanova,39.5247,2.5392,
palmeira,Palmeira,42.5833,-8.95,
palmera,Palmera,38.9393,-0.1541,Valencia
palo,Palo,42.3227,0.2438,Huesca
palol-de-revardit,Palol de Revardit,42.0667,2.8,Girona
palomar-de-arroyos,Palomar de Arroyos,40.7791,-0.7506,Teruel
palomares-del-campo,Palomares del Campo,39.9466,-2.5978,Cuenca
palomares-del-rio,Palomares del Río,37.3222,-6.0586,Sevilla
palomas,Palomas,38.6928,-6.1349,Badajoz
palomas,Palomas,40.4525,-3.6155,Badajoz
palomeque,Palomeque,40.1197,-3.964,Toledo
palomeras-bajas,Palomeras Bajas,40.3848,-3.6589,
palomeras-sureste,Palomeras Sureste,40.3852,-3.6373,
palomero,Palomero,40.2469,-6.2771,Cáceres
palos-de-moguer,Palos de Moguer,40.4035,-3.6947,
palos-de-la-frontera,Palos de la Frontera,37.2346,-6.8947,Huelva
pals,Pals,41.971,3.1481,Girona
pampaneira,Pampaneira,36.9402,-3.361,Granada
pampliega,Pampliega,42.2058,-3.9867,Burgos
pamplona,Pamplona,42.8169,-1.6432,
pancorbo,Pancorbo,42.6342,-3.1118,Burgos
pancrudo,Pancrudo,40.7622,-1.0297,Teruel
paniza,Paniza,41.284,-1.2122,Zaragoza
pantoja,Pantoja,40.0434,-3.8328,Toledo
panton,Pantón,42.5167,-7.6,Lugo
papatrigo,Papatrigo,40.8679,-4.834,Ávila
paracuellos,Paracuellos,39.7167,-1.7833,Cuenca
paracuellos-de-jarama,Paracuellos de Jarama,40.5035,-3.5278,Madrid
paracuellos-de-jiloca,Paracuellos de Jiloca,41.3138,-1.6403,Zaragoza
paracuellos-de-la-ribera,Paracuellos de la Ribera,41.4227,-1.5624,Zaragoza
parada-de-arriba,Parada de Arriba,40.9866,-5.7933,Salamanca
parada-de-rubiales,Parada de Rubiales,41.1482,-5.4364,Salamanca
paradas,Paradas,37.2905,-5.497,Sevilla
paradela,Paradela,42.7667,-7.5667,Lugo
paradinas-de-san-juan,Paradinas de San Juan,40.9832,-5.1542,Salamanca
parauta,Parauta,36.6563,-5.1292,Málaga
parcent,Parcent,38.745,-0.0645,Alicante
pardilla,Pardilla,41.5518,-3.7109,Burgos
pardos,Pardos,40.9482,-1.9256,Guadalajara
paredes,Paredes,40.0658,-2.854,Cuenca
paredes-de-escalona,Paredes de Escalona,40.2047,-4.4305,Toledo
paredes-de-nava,Paredes de Nava,42.1537,-4.6919,Palencia
paredes-de-siguenza,Paredes de Sigüenza,41.2428,-2.7338,Guadalajara
pareja,Pareja,40.5558,-2.6488,Guadalajara
parets-del-valles,Parets del Vallès,41.5748,2.2331,Barcelona
parla,Parla,40.236,-3.7675,Madrid
parlava,Parlavà,42.0216,3.032,Girona
parres,Parres,43.35,-5.15,Asturias
parrillas,Parrillas,40.0622,-5.0639,Toledo
partaloa,Partaloa,37.4076,-2.2253,Almería
pasaia,Pasaia,43.3253,-1.9271,Gipuzkoa
pascualcobo,Pascualcobo,40.6564,-5.2773,Ávila
pastores,Pastores,40.5151,-6.5102,Salamanca
pastoriza,Pastoriza,43.3333,-8.4667,
pastrana,Pastrana,40.419,-2.9226,Guadalajara
paterna,Paterna,39.5026,-0.4408,Valencia
paterna-de-rivera,Paterna de Rivera,36.5225,-5.8658,Cádiz
paterna-del-campo,Paterna del Campo,37.4195,-6.4025,Huelva
paterna-del-madera,Paterna del Madera,38.5975,-2.3442,Albacete
paterna-del-rio,Paterna del Río,37.0222,-2.9534,Almería
patones,Patones,40.8556,-3.4849,Madrid
pau,Pau,42.3161,3.1162,Girona
pavones,Pavones,40.3985,-3.6321,
pavias,Pavías,39.9667,-0.4833,Castellón
paymogo,Paymogo,37.74,-7.345,Huelva
payo-de-ojeda,Payo de Ojeda,42.7186,-4.4775,Palencia
pazuengos,Pazuengos,42.3178,-2.9254,La Rioja
peal-de-becerro,Peal de Becerro,37.9134,-3.1215,Jaén
pechina,Pechina,36.9162,-2.4369,Almería
pedrajas-de-san-esteban,Pedrajas de San Esteban,41.3415,-4.5823,Valladolid
pedralba,Pedralba,39.6,-0.7167,Valencia
pedralbes,Pedralbes,41.3905,2.1102,
pedraza,Pedraza,41.1309,-3.8112,Segovia
pedraza-de-alba,Pedraza de Alba,40.755,-5.3752,Salamanca
pedraza-de-campos,Pedraza de Campos,41.9842,-4.7352,Palencia
pedreguer,Pedreguer,38.7931,0.0341,Alicante
pedrera,Pedrera,37.226,-4.8942,Sevilla
pedrezuela,Pedrezuela,40.7428,-3.5998,Madrid
pedro-abad,Pedro Abad,37.9669,-4.4556,Córdoba
pedro-bernardo,Pedro Bernardo,40.2421,-4.9096,Ávila
pedro-martinez,Pedro Martínez,37.5029,-3.2313,Granada
pedro-munoz,Pedro Muñoz,39.4029,-2.9466,Ciudad Real
pedroche,Pedroche,38.4285,-4.7633,Córdoba
pedrola,Pedrola,41.791,-1.2136,Zaragoza
pedrosa-de-duero,Pedrosa de Duero,41.7129,-3.988,Burgos
pedrosa-de-la-vega,Pedrosa de la Vega,42.4816,-4.7468,Palencia
pedrosa-del-principe,Pedrosa del Príncipe,42.2492,-4.1985,Burgos
pedrosa-del-paramo,Pedrosa del Páramo,42.4421,-3.9719,Burgos
pedrosa-del-rey,Pedrosa del Rey,41.5562,-5.2047,Valladolid
pedrosillo-de-alba,Pedrosillo de Alba,40.8228,-5.3951,Salamanca
pedrosillo-de-los-aires,Pedrosillo de los Aires,40.7152,-5.7051,Salamanca
pedrosillo-el-ralo,Pedrosillo el Ralo,41.063,-5.5479,Salamanca
pedroso,Pedroso,42.2996,-2.7189,La Rioja
pedroso-de-acim,Pedroso de Acim,39.8252,-6.4125,Cáceres
pegalajar,Pegalajar,37.7401,-3.6495,Jaén
pego,Pego,38.843,-0.1171,Alicante
peguera,Peguera,39.5375,2.4481,
peguerinos,Peguerinos,40.6262,-4.2315,Ávila
pelabravo,Pelabravo,40.9366,-5.5792,Salamanca
pelahustan,Pelahustán,40.176,-4.5984,Toledo
pelarrodriguez,Pelarrodríguez,40.8872,-6.2127,Salamanca
pelayos,Pelayos,40.6499,-5.5758,Salamanca
pelayos-de-la-presa,Pelayos de la Presa,40.3605,-4.3346,Madrid
pelayos-del-arroyo,Pelayos del Arroyo,41.0509,-3.941,Segovia
peleagonzalo,Peleagonzalo,41.4817,-5.483,Zamora
peleas-de-abajo,Peleas de Abajo,41.3926,-5.6897,Zamora
peligros,Peligros,37.2323,-3.629,Granada
penagos,Penagos,43.3522,-3.8138,Cantabria
penelles,Penelles,41.75,0.9667,Lleida
peniscola,Peníscola,40.3574,0.4069,
peque,Peque,42.073,-6.2749,Zamora
peracense,Peracense,40.641,-1.4708,Teruel
peral-de-arlanza,Peral de Arlanza,42.0761,-4.0773,Burgos
peralada,Peralada,42.3082,3.0091,Girona
peraleda-de-san-roman,Peraleda de San Román,39.7413,-5.3873,Cáceres
peraleda-de-la-mata,Peraleda de la Mata,39.8529,-5.4607,Cáceres
peralejos,Peralejos,40.4843,-1.0341,Teruel
peralejos-de-abajo,Peralejos de Abajo,41.0047,-6.3624,Salamanca
peralejos-de-arriba,Peralejos de Arriba,41.0041,-6.3336,Salamanca
peralejos-de-las-truchas,Peralejos de las Truchas,40.5934,-1.9095,Guadalajara
perales,Perales,42.194,-4.5811,Palencia
perales-de-tajuna,Perales de Tajuña,40.2313,-3.3502,Madrid
perales-del-alfambra,Perales del Alfambra,40.6338,-1.0018,Teruel
perales-del-puerto,Perales del Puerto,40.156,-6.6819,Cáceres
peralta,Peralta,42.3383,-1.8003,
peraltilla,Peraltilla,42.0541,-0.0184,Huesca
peralveche,Peralveche,40.6108,-2.4496,Guadalajara
peranzanes,Peranzanes,42.8772,-6.6338,León
perdiguera,Perdiguera,41.7546,-0.6315,Zaragoza
pereiro-de-aguiar,Pereiro de Aguiar,42.3452,-7.8001,
pereruela,Pereruela,41.4165,-5.8781,Zamora
periana,Periana,36.9293,-4.1916,Málaga
perilla-de-castro,Perilla de Castro,41.7254,-5.8764,Zamora
peromingo,Peromingo,40.4639,-5.7724,Salamanca
perosillo,Perosillo,41.3929,-4.1411,Segovia
pertusa,Pertusa,42.0021,-0.1273,Huesca
pescueza,Pescueza,39.9181,-6.6459,Cáceres
pesoz,Pesoz,43.25,-6.8667,Asturias
pesquera,Pesquera,43.0822,-4.0793,Cantabria
petilla-de-aragon,Petilla de Aragón,42.45,-1.1167,Navarra
petra,Petra,39.6135,3.1131,Illes Balears
petres,Petrés,39.6833,-0.3,Valencia
petin,Petín,42.3819,-7.129,Ourense
pezuela-de-las-torres,Pezuela de las Torres,40.4161,-3.1736,Madrid
pena-grande,Peña Grande,40.4746,-3.7224,
penacaballera,Peñacaballera,40.3435,-5.8612,Salamanca
penafiel,Peñafiel,41.6016,-4.1142,Valladolid
penaflor,Peñaflor,37.7089,-5.345,Sevilla
penaflor-de-hornija,Peñaflor de Hornija,41.7116,-4.9833,Valladolid
penalba,Peñalba,41.5009,-0.038,Huesca
penalba-de-avila,Peñalba de Ávila,40.7727,-4.7459,Ávila
penalsordo,Peñalsordo,38.8202,-5.114,Badajoz
penalver,Peñalver,40.5814,-2.8889,Guadalajara
penalen,Peñalén,40.6656,-2.07,Guadalajara
penaparda,Peñaparda,40.3209,-6.6695,Salamanca
penaranda-de-bracamonte,Peñaranda de Bracamonte,40.9011,-5.2003,Salamanca
penaranda-de-duero,Peñaranda de Duero,41.6885,-3.4786,Burgos
penarandilla,Peñarandilla,40.8835,-5.3936,Salamanca
penarroya-pueblonuevo,Peñarroya-Pueblonuevo,38.3,-5.2667,Córdoba
penas-de-san-pedro,Peñas de San Pedro,38.7288,-2.005,Albacete
penausende,Peñausende,41.2866,-5.8675,Zamora
picanya,Picanya,39.4333,-0.4333,Valencia
picassent,Picassent,39.3635,-0.4595,Valencia
picon,Picón,39.0507,-4.0608,Ciudad Real
piedrabuena,Piedrabuena,39.0354,-4.1751,Ciudad Real
piedrahita-de-castro,Piedrahita de Castro,41.6809,-5.7289,Zamora
piedralaves,Piedralaves,40.3172,-4.7002,Ávila
piedramillera,Piedramillera,42.632,-2.2042,Navarra
piedras-albas,Piedras Albas,39.7842,-6.9259,Cáceres
piedras-blancas,Piedras Blancas,43.5591,-5.9756,
piedratajada,Piedratajada,42.1212,-0.8037,Zaragoza
piera,Piera,41.5223,1.7508,Barcelona
pilar,Pilar,40.4771,-3.7096,
pilar-de-la-horadada,Pilar de la Horadada,37.8659,-0.7926,Alicante
pilas,Pilas,37.3034,-6.301,Sevilla
piles,Piles,38.9414,-0.1329,Valencia
pilona,Piloña,43.35,-5.3667,Asturias
pina-de-ebro,Pina de Ebro,41.4885,-0.5312,Zaragoza
pina-de-montalgrao,Pina de Montalgrao,40.0167,-0.65,Castellón
pinar-de-chamartin,Pinar de Chamartín,40.479,-3.6684,
pinar-del-rey,Pinar del Rey,40.4724,-3.6471,
pinarejo,Pinarejo,39.6164,-2.4259,Cuenca
pinarejos,Pinarejos,41.2595,-4.2936,Segovia
pinarnegrillo,Pinarnegrillo,41.191,-4.2097,Segovia
pineda-de-giguela,Pineda de Gigüela,40.0855,-2.5437,Cuenca
pineda-de-mar,Pineda de Mar,41.6276,2.6889,Barcelona
pineda-de-la-sierra,Pineda de la Sierra,42.2156,-3.2969,Burgos
pinedas,Pinedas,40.4449,-5.9603,Salamanca
pinet,Pinet,38.9818,-0.3387,Valencia
pinilla-de-jadraque,Pinilla de Jadraque,41.0199,-2.9425,Guadalajara
pinilla-de-molina,Pinilla de Molina,40.6797,-1.8803,Guadalajara
pinilla-de-toro,Pinilla de Toro,41.6278,-5.3641,Zamora
pinilla-de-los-barruecos,Pinilla de los Barruecos,41.9179,-3.3037,Burgos
pinilla-de-los-moros,Pinilla de los Moros,42.0682,-3.3271,Burgos
pinilla-del-campo,Pinilla del Campo,41.7169,-2.0835,Soria
pinilla-del-valle,Pinilla del Valle,40.9245,-3.8169,Madrid
pinillos,Pinillos,42.1995,-2.5971,La Rioja
pino-del-rio,Pino del Río,42.645,-4.8079,Palencia
pinofranqueado,Pinofranqueado,40.3035,-6.3318,Cáceres
pinos-genil,Pinos Genil,37.1635,-3.5021,Granada
pinos-puente,Pinos Puente,37.2511,-3.7497,Granada
pinoso,Pinoso,38.4016,-1.042,
pinseque,Pinseque,41.7366,-1.1004,Zaragoza
pinto,Pinto,40.2415,-3.7,Madrid
piornal,Piornal,40.1173,-5.8479,Cáceres
piovera,Piovera,40.4557,-3.6351,
pioz,Pioz,40.4615,-3.1723,Guadalajara
piqueras,Piqueras,40.6637,-1.722,Guadalajara
piqueras-del-castillo,Piqueras del Castillo,39.7167,-2.0667,Cuenca
piraces,Piracés,42.0045,-0.3177,Huesca
pitarque,Pitarque,40.6485,-0.5932,Teruel
pitiegua,Pitiegua,41.0621,-5.4665,Salamanca
pitillas,Pitillas,42.4217,-1.6202,Navarra
pizarra,Pizarra,36.7654,-4.7083,Málaga
pizarral,Pizarral,40.6145,-5.6524,Salamanca
piernigas,Piérnigas,42.5903,-3.4134,Burgos
pina-de-campos,Piña de Campos,42.2133,-4.4366,Palencia
pina-de-esgueva,Piña de Esgueva,41.7284,-4.4282,Valladolid
pinar,Píñar,37.4446,-3.4386,Granada
pinel-de-abajo,Piñel de Abajo,41.6746,-4.1466,Valladolid
pinel-de-arriba,Piñel de Arriba,41.6992,-4.1281,Valladolid
pinor,Piñor,42.5012,-8.0015,Ourense
plan,Plan,42.5813,0.3374,Huesca
planes,Planes,38.7852,-0.3427,Alicante
planoles,Planoles,42.3167,2.1,Girona
plasencia,Plasencia,40.0312,-6.0884,Cáceres
plasencia-de-jalon,Plasencia de Jalón,41.6815,-1.23,Zaragoza
plasenzuela,Plasenzuela,39.3819,-6.0479,Cáceres
platja-d-alcudia,Platja d'Alcúdia,39.8338,3.1206,
playa-blanca,Playa Blanca,28.8643,-13.8281,
playa-de-san-juan,Playa de San Juan,28.1816,-16.8169,
playa-de-las-americas,Playa de las Américas,28.064,-16.7301,
playa-del-ingles,Playa del Ingles,27.7567,-15.5787,
pleitas,Pleitas,41.7114,-1.2025,Zaragoza
plenas,Plenas,41.1121,-0.9644,Zaragoza
plentzia,Plentzia,43.4053,-2.9479,Bizkaia
pliego,Pliego,37.9895,-1.5044,Murcia
plou,Plou,40.9927,-0.8544,Teruel
poblacion-de-arroyo,Población de Arroyo,42.3368,-4.874,Palencia
poblacion-de-campos,Población de Campos,42.2699,-4.4474,Palencia
poblacion-de-cerrato,Población de Cerrato,41.793,-4.4287,Palencia
pobladura-de-pelayo-garcia,Pobladura de Pelayo García,42.306,-5.6856,León
pobladura-de-valderaduey,Pobladura de Valderaduey,41.7001,-5.5419,Zamora
pobladura-del-valle,Pobladura del Valle,42.1026,-5.7333,Zamora
poble-sec,Poble Sec,41.3745,2.1633,
poblete,Poblete,38.9355,-3.9814,Ciudad Real
pobra-de-trives,Pobra de Trives,42.3393,-7.2534,
poio,Poio,42.4477,-8.6859,Pontevedra
poio,Poio,42.4293,-8.6608,Pontevedra
pol,Pol,43.1489,-7.3302,Lugo
pola-de-allande,Pola de Allande,43.2731,-6.6215,
pola-de-laviana,Pola de Laviana,43.2454,-5.5629,
pola-de-lena,Pola de Lena,43.1609,-5.8288,
pola-de-siero,Pola de Siero,43.3923,-5.6634,
pola-de-somiedo,Pola de Somiedo,43.0929,-6.2563,
polanco,Polanco,43.3852,-4.0164,Cantabria
polentinos,Polentinos,42.9393,-4.5289,Palencia
polenino,Poleñino,41.8697,-0.3101,Huesca
polinya,Polinyà,41.55,2.15,Barcelona
polinya-de-xuquer,Polinyà de Xúquer,39.2,-0.3667,Valencia
pollenca,Pollença,39.8768,3.0163,Illes Balears
pollos,Pollos,41.4441,-5.1249,Valladolid
polop,Polop,38.6226,-0.1309,Alicante
polopos,Polopos,36.7947,-3.2982,Granada
polan,Polán,39.7876,-4.1679,Toledo
policar,Polícar,37.2576,-3.2338,Granada
pomar-de-valdivia,Pomar de Valdivia,42.7744,-4.1676,Palencia
pomer,Pomer,41.6377,-1.841,Zaragoza
ponferrada,Ponferrada,42.5466,-6.5962,León
pont-de-molins,Pont de Molins,42.3144,2.93,Girona
ponte-caldelas,Ponte Caldelas,42.3891,-8.5023,Pontevedra
ponteareas,Ponteareas,42.1748,-8.504,Pontevedra
pontevedra,Pontevedra,42.431,-8.6443,Pontevedra
pontils,Pontils,41.4773,1.3877,Tarragona
ponts,Ponts,41.9161,1.1851,Lleida
pontos,Pontós,42.1867,2.9171,Girona
porcuna,Porcuna,37.871,-4.185,Jaén
porqueira,Porqueira,42.0167,-7.85,Ourense
porqueres,Porqueres,42.1168,2.7414,Girona
porreres,Porreres,39.5143,3.022,Illes Balears
porrino,Porriño,42.1616,-8.6198,
port-d-alcudia,Port d'Alcúdia,39.8418,3.1329,
port-de-pollenca,Port de Pollença,39.9075,3.0814,
port-de-soller,Port de Sóller,39.797,2.6962,
porta,Porta,41.4349,2.1788,
portaje,Portaje,39.9176,-6.5622,Cáceres
portas,Portas,42.5853,-8.6557,Pontevedra
portazgo,Portazgo,40.3906,-3.6482,
portbou,Portbou,42.4265,3.158,Girona
portell-de-morella,Portell de Morella,40.5327,-0.2625,Castellón
portezuelo,Portezuelo,39.8123,-6.4743,Cáceres
portilla,Portilla,40.2896,-2.0818,Cuenca
portillo,Portillo,41.4787,-4.5897,Valladolid
portillo-de-soria,Portillo de Soria,41.635,-2.1214,Soria
portillo-de-toledo,Portillo de Toledo,40.0641,-4.2279,Toledo
porto,Porto,42.1674,-6.8993,Zamora
porto-cristo,Porto Cristo,39.5395,3.333,
porto-do-son,Porto do Son,42.7248,-9.0053,A Coruña
portocolom,Portocolom,39.4159,3.257,
portomarin,Portomarín,42.8062,-7.6164,Lugo
portonovo,Portonovo,42.3942,-8.8256,
portugalete,Portugalete,43.321,-3.0206,Bizkaia
porzuna,Porzuna,39.1462,-4.1541,Ciudad Real
posada,Posada,43.424,-4.8629,
posada-de-valdeon,Posada de Valdeón,43.1515,-4.921,León
posadas,Posadas,37.8021,-5.1073,Córdoba
potes,Potes,43.1546,-4.6205,Cantabria
potries,Potries,38.9162,-0.1959,Valencia
poveda,Poveda,40.568,-5.0791,Ávila
poveda-de-la-sierra,Poveda de la Sierra,40.6433,-2.029,Guadalajara
poveda-de-las-cintas,Poveda de las Cintas,41.046,-5.2602,Salamanca
povedilla,Povedilla,38.7002,-2.6021,Albacete
poyales-del-hoyo,Poyales del Hoyo,40.1725,-5.166,Ávila
poza-de-la-sal,Poza de la Sal,42.6654,-3.5014,Burgos
poza-de-la-vega,Poza de la Vega,42.5782,-4.7984,Palencia
pozal-de-gallinas,Pozal de Gallinas,41.3183,-4.8394,Valladolid
pozalmuro,Pozalmuro,41.7745,-2.1021,Soria
pozanco,Pozanco,40.801,-4.6677,Ávila
pozo-alcon,Pozo Alcón,37.7026,-2.9337,Jaén
pozo-de-almoguera,Pozo de Almoguera,40.3403,-3.0264,Guadalajara
pozo-de-guadalajara,Pozo de Guadalajara,40.4953,-3.1814,Guadalajara
pozo-de-urama,Pozo de Urama,42.2544,-4.8939,Palencia
pozo-canada,Pozo Cañada,38.8033,-1.7353,Albacete
pozoamargo,Pozoamargo,39.3656,-2.1962,Cuenca
pozoantiguo,Pozoantiguo,41.5973,-5.4366,Zamora
pozoblanco,Pozoblanco,38.3791,-4.8483,Córdoba
pozohondo,Pozohondo,38.721,-1.9119,Albacete
pozondon,Pozondón,40.5611,-1.4703,Teruel
pozorrubio,Pozorrubio,39.8165,-2.9494,
pozos-de-hinojo,Pozos de Hinojo,40.913,-6.4114,Salamanca
pozuel-de-ariza,Pozuel de Ariza,41.35,-2.15,Zaragoza
pozuel-del-campo,Pozuel del Campo,40.7713,-1.5057,Teruel
pozuelo,Pozuelo,38.8099,-2.101,Albacete
pozuelo-de-alarcon,Pozuelo de Alarcón,40.4329,-3.8134,Madrid
pozuelo-de-aragon,Pozuelo de Aragón,41.7643,-1.423,Zaragoza
pozuelo-de-calatrava,Pozuelo de Calatrava,38.5833,-3.8333,Ciudad Real
pozuelo-de-tabara,Pozuelo de Tábara,41.785,-5.8945,Zamora
pozuelo-de-zarzon,Pozuelo de Zarzón,40.148,-6.4146,Cáceres
pozuelo-de-la-orden,Pozuelo de la Orden,41.8214,-5.2589,Valladolid
pozuelo-del-paramo,Pozuelo del Páramo,42.171,-5.7681,León
pozuelo-del-rey,Pozuelo del Rey,40.3646,-3.317,Madrid
pozan-de-vero,Pozán de Vero,42.0822,0.0307,Huesca
pradales,Pradales,41.4556,-3.7075,
pradejon,Pradejón,42.3345,-2.0685,La Rioja
prades,Prades,41.3098,0.9887,Tarragona
pradilla-de-ebro,Pradilla de Ebro,41.8611,-1.2632,Zaragoza
pradillo,Pradillo,42.1766,-2.6418,La Rioja
prado,Prado,41.9208,-5.4203,Zamora
prado-de-la-guzpena,Prado de la Guzpeña,42.7831,-5.0255,León
prado-del-rey,Prado del Rey,36.7876,-5.5559,Cádiz
pradolongo,Pradolongo,40.3781,-3.7071,
pradoluengo,Pradoluengo,42.3248,-3.2028,Burgos
prados-redondos,Prados Redondos,40.785,-1.7933,Guadalajara
pradosegar,Pradosegar,40.5502,-5.0701,Ávila
prats-de-llucanes,Prats de Lluçanès,42.0167,2.0333,Barcelona
pravia,Pravia,43.4886,-6.1117,Asturias
premia-de-dalt,Premià de Dalt,41.5,2.35,Barcelona
premia-de-mar,Premià de Mar,41.4921,2.3652,Barcelona
presencio,Presencio,42.1866,-3.9013,Burgos
priaranza-del-bierzo,Priaranza del Bierzo,42.5098,-6.6702,León
priego,Priego,40.4494,-2.3144,Cuenca
priego-de-cordoba,Priego de Córdoba,37.4381,-4.1952,Córdoba
primer-ensanche,Primer Ensanche,42.8148,-1.649,
principe,Principe,35.8792,-5.3469,
prioro,Prioro,42.8948,-4.9635,León
proaza,Proaza,43.2518,-6.0163,Asturias
prosperidad,Prosperidad,40.4443,-3.6693,
provenals-del-poblenou,Provenals del Poblenou,41.4111,2.2026,
pruna,Pruna,36.9723,-5.2223,Sevilla
pradanos-de-bureba,Prádanos de Bureba,42.5026,-3.3475,Burgos
pradanos-de-ojeda,Prádanos de Ojeda,42.6816,-4.3466,Palencia
pradena,Prádena,41.1391,-3.6882,Segovia
pradena-de-atienza,Prádena de Atienza,41.1724,-3.0073,Guadalajara
pradena-del-rincon,Prádena del Rincón,41.0441,-3.5408,Madrid
prejano,Préjano,42.1865,-2.18,La Rioja
puebla-de-alborton,Puebla de Albortón,41.3852,-0.8556,Zaragoza
puebla-de-alcocer,Puebla de Alcocer,38.9865,-5.2563,Badajoz
puebla-de-alfinden,Puebla de Alfindén,41.6319,-0.7515,
puebla-de-almenara,Puebla de Almenara,39.7844,-2.8144,Cuenca
puebla-de-arenoso,Puebla de Arenoso,40.1,-0.5833,Castellón
puebla-de-azaba,Puebla de Azaba,40.4473,-6.7462,Salamanca
puebla-de-belena,Puebla de Beleña,40.8879,-3.2162,Guadalajara
puebla-de-don-fadrique,Puebla de Don Fadrique,37.9616,-2.4396,Granada
puebla-de-don-rodrigo,Puebla de Don Rodrigo,39.0856,-4.6197,Ciudad Real
puebla-de-guzman,Puebla de Guzmán,37.6143,-7.2488,Huelva
puebla-de-lillo,Puebla de Lillo,43.0069,-5.2739,León
puebla-de-obando,Puebla de Obando,39.1763,-6.6276,Badajoz
puebla-de-pedraza,Puebla de Pedraza,41.2056,-3.9138,Segovia
puebla-de-san-medel,Puebla de San Medel,40.5107,-5.7367,Salamanca
puebla-de-san-miguel,Puebla de San Miguel,40.05,-1.1333,Valencia
puebla-de-sanabria,Puebla de Sanabria,42.054,-6.6335,Zamora
puebla-de-sancho-perez,Puebla de Sancho Pérez,38.4,-6.4,Badajoz
puebla-de-yeltes,Puebla de Yeltes,40.6253,-6.1815,Salamanca
puebla-de-la-calzada,Puebla de la Calzada,38.8944,-6.6259,Badajoz
puebla-de-la-reina,Puebla de la Reina,38.6645,-6.1022,Badajoz
puebla-del-maestre,Puebla del Maestre,38.0833,-6.0833,Badajoz
puebla-del-prior,Puebla del Prior,38.5703,-6.1958,Badajoz
puebla-del-principe,Puebla del Príncipe,38.5677,-2.9261,Ciudad Real
puebla-del-salvador,Puebla del Salvador,39.5667,-1.6667,Cuenca
pueblica-de-valverde,Pueblica de Valverde,41.9184,-5.8998,Zamora
pueblo-nuevo,Pueblo Nuevo,40.4263,-3.6355,
pueblonuevo-de-miramontes,Pueblonuevo de Miramontes,40.0606,-5.3783,Cáceres
puente-nuevo,Puente Nuevo,43.3495,-7.1946,
puente-viesgo,Puente Viesgo,43.2981,-3.9682,Cantabria
puente-de-domingo-florez,Puente de Domingo Flórez,42.4117,-6.8208,León
puente-de-genave,Puente de Génave,38.3554,-2.8032,Jaén
puente-de-vallecas,Puente de Vallecas,40.3935,-3.662,
puente-del-congosto,Puente del Congosto,40.4904,-5.5263,Salamanca
puente-la-reina,Puente la Reina,42.6729,-1.8141,
puente-la-reina-de-jaca,Puente la Reina de Jaca,42.5591,-0.7876,Huesca
puente-genil,Puente Genil,37.3894,-4.7669,Córdoba
puentedura,Puentedura,42.0413,-3.5823,Burgos
puerta-bonita,Puerta Bonita,40.3797,-3.7391,
puerta-del-angel,Puerta del Angel,40.4097,-3.7318,
puertas,Puertas,41.0968,-6.2875,Salamanca
puerto-castilla,Puerto Castilla,40.288,-5.6237,Ávila
puerto-lumbreras,Puerto Lumbreras,37.5633,-1.8097,Murcia
puerto-lapice,Puerto Lápice,39.3236,-3.4815,Ciudad Real
puerto-real,Puerto Real,36.5282,-6.1901,Cádiz
puerto-rico,Puerto Rico,27.7894,-15.7104,
puerto-seguro,Puerto Seguro,40.8272,-6.7611,Salamanca
puerto-serrano,Puerto Serrano,36.9221,-5.543,Cádiz
puerto-de-bejar,Puerto de Béjar,40.3505,-5.8376,Salamanca
puerto-de-san-vicente,Puerto de San Vicente,39.5228,-5.1141,Toledo
puerto-de-santa-cruz,Puerto de Santa Cruz,39.3163,-5.8587,Cáceres
puerto-de-la-cruz,Puerto de la Cruz,28.4169,-16.5509,Santa Cruz de Tenerife
puerto-del-carmen,Puerto del Carmen,28.9231,-13.6658,
puerto-del-rosario,Puerto del Rosario,28.5004,-13.8627,Las Palmas
puertollano,Puertollano,38.6871,-4.1073,Ciudad Real
puertomingalvo,Puertomingalvo,40.2643,-0.4576,Teruel
pueyo,Pueyo,42.5651,-1.6483,
pueyo-de-santa-cruz,Pueyo de Santa Cruz,41.858,0.1566,Huesca
puig,Puig,39.5887,-0.3033,
puig-reig,Puig-reig,41.9667,1.8833,Barcelona
puigcerda,Puigcerdà,42.4316,1.9282,Girona
puigpelat,Puigpelat,41.279,1.2971,Tarragona
puigpunyent,Puigpunyent,39.6251,2.5276,Illes Balears
pujalt,Pujalt,41.7171,1.4209,Barcelona
pujerra,Pujerra,36.6127,-5.1498,Málaga
pulgar,Pulgar,39.6938,-4.1523,Toledo
pulianas,Pulianas,37.223,-3.6083,Granada
pulpi,Pulpí,37.4115,-1.745,Almería
punta-umbria,Punta Umbría,37.1821,-6.9661,Huelva
punta-de-mujeres,Punta de Mujeres,29.1466,-13.4476,
puntagorda,Puntagorda,28.7749,-17.9774,Santa Cruz de Tenerife
puntallana,Puntallana,28.7333,-17.7333,Santa Cruz de Tenerife
punxin,Punxín,42.3707,-8.0106,Ourense
puras,Puras,41.1833,-4.65,Valladolid
purchena,Purchena,37.3474,-2.3608,Almería
purujosa,Purujosa,41.6826,-1.7652,Zaragoza
purullena,Purullena,37.3176,-3.1906,Granada
pucol,Puçol,39.6167,-0.3,Valencia
puertolas,Puértolas,42.5475,0.1321,Huesca
pajara,Pájara,28.3504,-14.1076,Las Palmas
palmaces-de-jadraque,Pálmaces de Jadraque,41.0561,-2.9106,Guadalajara
paramo-de-boedo,Páramo de Boedo,42.5784,-4.4004,Palencia
paramo-del-sil,Páramo del Sil,42.8206,-6.4875,León
petrola,Pétrola,38.8263,-1.5566,Albacete
pias,Pías,42.0833,-7.0,Zamora
portugos,Pórtugos,36.9419,-3.3107,Granada
quart-d-onyar,Quart d'Onyar,41.9405,2.8408,
quart-de-poblet,Quart de Poblet,39.4814,-0.4394,Valencia
quartell,Quartell,39.7375,-0.2646,Valencia
quatretonda,Quatretonda,38.95,-0.4,Valencia
quel,Quel,42.2298,-2.052,La Rioja
quemada,Quemada,41.7007,-3.5748,Burgos
quer,Quer,40.6053,-3.2753,Guadalajara
quero,Quero,39.5111,-3.2474,Toledo
querol,Querol,41.4229,1.3968,Tarragona
quesa,Quesa,39.1197,-0.74,Valencia
quesada,Quesada,37.8434,-3.0656,Jaén
quicena,Quicena,42.148,-0.3605,Huesca
quijorna,Quijorna,40.4276,-4.0568,Madrid
quintana,Quintana,40.437,-3.6451,
quintana-redonda,Quintana Redonda,41.639,-2.6145,Soria
quintana-de-la-serena,Quintana de la Serena,38.746,-5.6723,Badajoz
quintana-del-castillo,Quintana del Castillo,42.6599,-6.0498,León
quintana-del-marco,Quintana del Marco,42.2067,-5.8503,León
quintana-del-pidio,Quintana del Pidio,41.7589,-3.7512,Burgos
quintana-del-puente,Quintana del Puente,42.0847,-4.2065,Palencia
quintana-y-congosto,Quintana y Congosto,42.2559,-6.0364,León
quintanabureba,Quintanabureba,42.5866,-3.3668,Burgos
quintanaortuno,Quintanaortuño,42.45,-3.6833,Burgos
quintanapalla,Quintanapalla,42.4091,-3.533,Burgos
quintanar-de-la-orden,Quintanar de la Orden,39.5937,-3.0417,Toledo
quintanar-de-la-sierra,Quintanar de la Sierra,41.9829,-3.0377,Burgos
quintanar-del-rey,Quintanar del Rey,39.3333,-1.9333,Cuenca
quintanas-de-gormaz,Quintanas de Gormaz,41.5093,-2.9763,Soria
quintanavides,Quintanavides,42.4808,-3.4245,Burgos
quintanaelez,Quintanaélez,42.6692,-3.2988,Burgos
quintanilla-de-arriba,Quintanilla de Arriba,41.6197,-4.2177,Valladolid
quintanilla-de-onsona,Quintanilla de Onsoña,42.4694,-4.6639,Palencia
quintanilla-de-onesimo,Quintanilla de Onésimo,41.6249,-4.3629,Valladolid
quintanilla-de-trigueros,Quintanilla de Trigueros,41.8545,-4.6593,Valladolid
quintanilla-de-urz,Quintanilla de Urz,42.0329,-5.8487,Zamora
quintanilla-de-la-mata,Quintanilla de la Mata,41.9885,-3.7676,Burgos
quintanilla-del-coco,Quintanilla del Coco,41.9833,-3.5167,Burgos
quintanilla-del-molar,Quintanilla del Molar,41.9894,-5.4493,Valladolid
quintanilla-del-monte,Quintanilla del Monte,41.8681,-5.3493,Zamora
quintanilla-del-olmo,Quintanilla del Olmo,41.9056,-5.4073,Zamora
quintela-de-leirado,Quintela de Leirado,42.1397,-8.1013,Ourense
quinto,Quinto,41.4238,-0.4959,Zaragoza
quiroga,Quiroga,42.4768,-7.2746,Lugo
quiruelas-de-vidriales,Quiruelas de Vidriales,42.0176,-5.8295,Zamora
quismondo,Quismondo,40.1053,-4.3239,Toledo
quentar,Quéntar,37.1925,-3.4665,Granada
rabanales,Rabanales,41.7429,-6.2767,Zamora
rabanera,Rabanera,42.1895,-2.4865,La Rioja
rabanera-del-pinar,Rabanera del Pinar,41.8937,-3.1966,Burgos
rabe-de-las-calzadas,Rabé de las Calzadas,42.3406,-3.8341,Burgos
rabos,Rabós,42.3789,3.0283,Girona
rada-de-haro,Rada de Haro,39.57,-2.6209,Cuenca
rafal,Rafal,38.1046,-0.849,Alicante
rafelcofer,Rafelcofer,38.9325,-0.1677,Valencia
rafelguaraf,Rafelguaraf,39.0513,-0.4554,Valencia
rairiz-de-veiga,Rairiz de Veiga,42.0836,-7.835,Ourense
rajadell,Rajadell,41.728,1.7062,Barcelona
ramales-de-la-victoria,Ramales de la Victoria,43.2572,-3.4652,Cantabria
ramiro,Ramiro,41.2285,-4.7861,Valladolid
ranon,Ranón,43.5536,-6.0649,
rapariegos,Rapariegos,41.095,-4.6527,Segovia
rascafria,Rascafría,40.9041,-3.879,Madrid
rasines,Rasines,43.3051,-3.4292,Cantabria
rasquera,Rasquera,41.0027,0.5997,Tarragona
rasueros,Rasueros,41.0234,-5.0738,Ávila
rayaces,Rayaces,41.9214,-4.714,
real-de-gandia,Real de Gandía,38.9482,-0.1924,
real-de-montroi,Real de Montroi,39.3333,-0.6,
realejo-alto,Realejo Alto,28.3764,-16.5858,
rebolledo-de-la-torre,Rebolledo de la Torre,42.6893,-4.2269,Burgos
rebollo,Rebollo,41.1932,-3.8577,Segovia
rebollosa-de-jadraque,Rebollosa de Jadraque,41.0904,-2.842,Guadalajara
recas,Recas,40.0529,-3.9909,Toledo
recoletos,Recoletos,40.4246,-3.6858,
recuerda,Recuerda,41.4741,-2.9946,Soria
redecilla-del-camino,Redecilla del Camino,42.438,-3.0655,Burgos
redecilla-del-campo,Redecilla del Campo,42.4667,-3.1153,Burgos
redondela,Redondela,42.2834,-8.6096,Pontevedra
redovan,Redován,38.1162,-0.9098,Alicante
reduena,Redueña,40.8169,-3.5984,Madrid
regencos,Regencós,41.9527,3.1701,Girona
regueras-de-arriba,Regueras de Arriba,42.2941,-5.8596,León
regumiel-de-la-sierra,Regumiel de la Sierra,41.9562,-2.9884,Burgos
reina,Reina,38.1833,-5.95,Badajoz
reinosa,Reinosa,42.9996,-4.138,Cantabria
reinoso,Reinoso,42.5091,-3.3847,Burgos
reinoso-de-cerrato,Reinoso de Cerrato,41.9762,-4.3834,Palencia
rejas,Rejas,40.4451,-3.5702,
relleu,Relleu,38.5872,-0.3116,Alicante
rello,Rello,41.333,-2.7492,Soria
remolinos,Remolinos,41.8395,-1.1777,Zaragoza
remondo,Remondo,41.341,-4.4839,Segovia
rena,Rena,39.0525,-5.8087,Badajoz
renau,Renau,41.2245,1.3108,Tarragona
renedo,Renedo,43.3528,-3.9503,
renedo-de-la-vega,Renedo de la Vega,42.4535,-4.703,Palencia
renera,Renera,40.4898,-3.0137,Guadalajara
renieblas,Renieblas,41.8201,-2.3724,Soria
reocin,Reocín,43.3391,-4.094,Cantabria
requejo,Requejo,42.0304,-6.7423,Zamora
requena,Requena,39.4883,-1.1004,Valencia
requena-de-campos,Requena de Campos,42.308,-4.343,Palencia
respenda-de-la-pena,Respenda de la Peña,42.7651,-4.6854,Palencia
retamar,Retamar,36.8332,-2.316,
retascon,Retascón,41.1435,-1.3838,Zaragoza
retiendas,Retiendas,40.9684,-3.2723,Guadalajara
retiro,Retiro,40.4132,-3.6831,
retortillo,Retortillo,40.8013,-6.3595,Salamanca
retortillo-de-soria,Retortillo de Soria,41.3109,-2.9823,Soria
retuerta,Retuerta,42.0294,-3.5068,Burgos
retuerta-de-bullaque,Retuerta de Bullaque,39.4636,-4.4136,
reus,Reus,41.1561,1.1069,Tarragona
revellinos,Revellinos,41.8898,-5.5687,Zamora
revenga-de-campos,Revenga de Campos,42.284,-4.4822,Palencia
revilla-de-collazos,Revilla de Collazos,42.6296,-4.5034,Palencia
revilla-del-campo,Revilla del Campo,42.2108,-3.5429,Burgos
revillarruz,Revillarruz,42.2301,-3.6525,Burgos
reyero,Reyero,42.9488,-5.1989,León
rezmondo,Rezmondo,42.5157,-4.2388,Burgos
reznos,Reznos,41.5909,-2.0278,Soria
reillo,Reíllo,39.9,-1.8667,Cuenca
riaguas-de-san-bartolome,Riaguas de San Bartolomé,41.4264,-3.4889,Segovia
rianxo,Rianxo,42.6498,-8.8176,A Coruña
riaza,Riaza,41.2783,-3.4779,Segovia
riano,Riaño,42.977,-5.0035,León
rianu,Riañu,43.328,-5.7184,
riba-de-saelices,Riba de Saelices,40.9115,-2.2971,Guadalajara
ribadavia,Ribadavia,42.288,-8.1436,Ourense
ribadeo,Ribadeo,43.537,-7.0409,Lugo
ribadesella,Ribadesella,43.4614,-5.0595,Asturias
ribadumia,Ribadumia,42.5167,-8.75,Pontevedra
ribaforada,Ribaforada,41.9981,-1.5127,Navarra
ribarroja-del-turia,Ribarroja del Turia,39.5459,-0.5707,
ribas-de-campos,Ribas de Campos,42.1525,-4.5165,Palencia
ribatejada,Ribatejada,40.6642,-3.3898,Madrid
ribeira,Ribeira,42.7381,-8.4411,A Coruña
ribera-del-fresno,Ribera del Fresno,38.5518,-6.2377,Badajoz
riberos-de-la-cueza,Riberos de la Cueza,42.2788,-4.725,Palencia
ribes-de-freser,Ribes de Freser,42.3042,2.1676,Girona
ribesalbes,Ribesalbes,40.0167,-0.2667,Castellón
ribota,Ribota,41.3648,-3.4296,Segovia
ricla,Ricla,41.5058,-1.4047,Zaragoza
ricote,Ricote,38.1534,-1.3656,Murcia
riego-de-la-vega,Riego de la Vega,42.3914,-5.981,León
riells-i-viabrea,Riells i Viabrea,41.7833,2.5167,Girona
rielves,Rielves,39.9621,-4.193,Toledo
rillo,Rillo,40.7223,-0.9962,Teruel
rillo-de-gallo,Rillo de Gallo,40.8663,-1.9374,Guadalajara
rincon-de-soto,Rincón de Soto,42.2347,-1.8521,La Rioja
rincon-de-la-victoria,Rincón de la Victoria,36.7171,-4.2758,Málaga
riocavado-de-la-sierra,Riocavado de la Sierra,42.1521,-3.1976,Burgos
riodeva,Riodeva,40.1167,-1.15,Teruel
rioja,Rioja,36.9451,-2.463,Almería
riola,Riola,39.2,-0.3333,Valencia
rios-rosas,Rios Rosas,40.4424,-3.6977,
ripoll,Ripoll,42.2006,2.1903,Girona
ripollet,Ripollet,41.4969,2.1574,Barcelona
riu-de-cerdanya,Riu de Cerdanya,42.3454,1.8263,Lleida
riudarenes,Riudarenes,41.8167,2.7167,Girona
riudecanyes,Riudecanyes,41.1333,0.9667,Tarragona
riudecols,Riudecols,41.169,0.9762,Tarragona
riudellots-de-la-selva,Riudellots de la Selva,41.8933,2.8045,Girona
riudoms,Riudoms,41.1333,1.05,Tarragona
riumors,Riumors,42.2273,3.0419,Girona
rivas-vaciamadrid,Rivas-Vaciamadrid,40.3261,-3.5109,Madrid
rivilla-de-barajas,Rivilla de Barajas,40.9021,-4.9884,Ávila
riopar,Riópar,38.5,-2.45,Albacete
rios,Riós,41.9746,-7.2823,Ourense
roa,Roa,41.697,-3.9278,Burgos
roales,Roales,41.5517,-5.7721,Zamora
robladillo,Robladillo,41.6084,-4.9099,Valladolid
robleda,Robleda,40.3847,-6.6073,Salamanca
robleda-cervantes,Robleda-Cervantes,42.0825,-6.5941,Zamora
robledillo-de-gata,Robledillo de Gata,40.3223,-6.4713,Cáceres
robledillo-de-mohernando,Robledillo de Mohernando,40.8512,-3.2316,Guadalajara
robledillo-de-trujillo,Robledillo de Trujillo,39.2696,-5.98,Cáceres
robledillo-de-la-jara,Robledillo de la Jara,40.9505,-3.5218,Madrid
robledillo-de-la-vera,Robledillo de la Vera,40.1009,-5.589,Cáceres
robledo,Robledo,38.7581,-2.4504,Albacete
robledo-de-chavela,Robledo de Chavela,40.5006,-4.2363,Madrid
robledo-de-corpes,Robledo de Corpes,41.1184,-2.95,Guadalajara
robledollano,Robledollano,39.6096,-5.5085,Cáceres
robliza-de-cojos,Robliza de Cojos,40.8677,-5.9779,Salamanca
robregordo,Robregordo,41.1066,-3.5937,Madrid
robres,Robres,41.8675,-0.4609,Huesca
robres-del-castillo,Robres del Castillo,42.2759,-2.2925,La Rioja
rocafort,Rocafort,39.5333,-0.4,Valencia
roda-de-bara,Roda de Barà,41.1865,1.4589,
roda-de-eresma,Roda de Eresma,41.0285,-4.1813,Segovia
rodeiro,Rodeiro,42.6519,-7.9552,Pontevedra
rodezno,Rodezno,42.5258,-2.846,La Rioja
rois,Rois,42.7629,-8.7053,A Coruña
rojales,Rojales,38.088,-0.7254,Alicante
rojas,Rojas,42.5778,-3.4419,Burgos
rollamienta,Rollamienta,41.9259,-2.5312,Soria
rollan,Rollán,40.9623,-5.9175,Salamanca
romangordo,Romangordo,39.742,-5.7008,Cáceres
romanillos-de-atienza,Romanillos de Atienza,41.2667,-2.9,Guadalajara
romanones,Romanones,40.5715,-2.9907,Guadalajara
romanos,Romanos,41.1264,-1.275,Zaragoza
ronda,Ronda,36.7423,-5.1671,Málaga
roperuelos-del-paramo,Roperuelos del Páramo,42.2378,-5.7824,León
roquetas-de-mar,Roquetas de Mar,36.7642,-2.6147,Almería
rosal-de-la-frontera,Rosal de la Frontera,37.9675,-7.2189,Huelva
rosalejo,Rosalejo,39.4366,-4.9082,Cáceres
rosas,Rosas,40.4275,-3.5943,
roses,Roses,42.262,3.1769,Girona
rossello,Rosselló,41.6937,0.5951,Lleida
rota,Rota,36.6236,-6.36,Cádiz
rotgla-y-corbera,Rotglá y Corbera,39.0046,-0.5648,
roturas,Roturas,41.6679,-4.119,Valladolid
royuela,Royuela,40.3785,-1.5134,Teruel
royuela-de-rio-franco,Royuela de Río Franco,42.0022,-3.9555,Burgos
rozalen-del-monte,Rozalén del Monte,39.9908,-2.8053,Cuenca
rozas-de-puerto-real,Rozas de Puerto Real,40.3167,-4.4833,Madrid
ruanes,Ruanes,39.3281,-6.0135,Cáceres
rubena,Rubena,42.3875,-3.5749,Burgos
rubiales,Rubiales,40.2762,-1.2717,Teruel
rubielos-de-mora,Rubielos de Mora,40.1889,-0.6531,Teruel
rubielos-de-la-cerida,Rubielos de la Cérida,40.7706,-1.2129,Teruel
rubite,Rubite,36.8095,-3.3482,Granada
rublacedo-de-abajo,Rublacedo de Abajo,42.5533,-3.5024,Burgos
rubi,Rubí,41.4923,2.033,Barcelona
rubi-de-bracamonte,Rubí de Bracamonte,41.2142,-4.9249,Valladolid
rucandio,Rucandio,42.7511,-3.5417,Burgos
rueda,Rueda,41.4123,-4.9588,Valladolid
rueda-de-la-sierra,Rueda de la Sierra,40.9179,-1.8544,Guadalajara
ruente,Ruente,43.2583,-4.2679,Cantabria
ruesca,Ruesca,41.2835,-1.4814,Zaragoza
ruesga,Ruesga,42.8641,-4.5294,Cantabria
rugat,Rugat,38.8793,-0.3612,Valencia
ruidera,Ruidera,38.9778,-2.8832,Ciudad Real
rupia,Rupià,42.0167,3.0167,Girona
rus,Rus,38.0476,-3.4625,Jaén
rute,Rute,37.3269,-4.3683,Córdoba
rabade,Rábade,43.117,-7.6171,Lugo
rabano,Rábano,41.5331,-4.0621,Valladolid
rabano-de-aliste,Rábano de Aliste,41.7443,-6.433,Zamora
rabanos,Rábanos,42.3197,-3.2703,Burgos
rafales,Ráfales,40.8377,0.0192,Teruel
rafol-de-salem,Ráfol de Salem,38.8665,-0.3999,Valencia
ragama,Rágama,40.9977,-5.1272,Salamanca
ragol,Rágol,36.9952,-2.6818,Almería
riofrio-de-aliste,Riofrío de Aliste,41.8172,-6.1774,Zamora
riogordo,Riogordo,36.9173,-4.2932,Málaga
riolobos,Riolobos,39.9207,-6.304,Cáceres
riotorto,Riotorto,43.343,-7.2608,Lugo
rodenas,Ródenas,40.6408,-1.5162,Teruel
rotova,Ròtova,38.932,-0.2576,Valencia
s-agaro,S'Agaró,41.7937,3.0536,
sabadell,Sabadell,41.5433,2.1094,Barcelona
sabero,Sabero,42.8359,-5.1487,León
sabiote,Sabiote,38.0692,-3.3145,Jaén
sabinanigo,Sabiñánigo,42.5192,-0.3661,Huesca
sacanet,Sacañet,39.8667,-0.7167,Castellón
sacecorbo,Sacecorbo,40.8328,-2.4184,Guadalajara
saceda-trasierra,Saceda-Trasierra,40.1553,-2.8537,Cuenca
sacedon,Sacedón,40.4808,-2.7334,Guadalajara
saceruela,Saceruela,38.9438,-4.6077,Ciudad Real
sacramenia,Sacramenia,41.4942,-3.9621,Segovia
sada,Sada,43.3562,-8.258,A Coruña
saelices,Saelices,39.9206,-2.805,Cuenca
saelices-de-mayorga,Saelices de Mayorga,42.2121,-5.2053,Valladolid
saelices-de-la-sal,Saelices de la Sal,40.9072,-2.3232,Guadalajara
saelices-el-chico,Saelices el Chico,40.67,-6.6327,Salamanca
sagra,Sagra,38.811,-0.0656,Alicante
sagrada-familia,Sagrada Família,41.4041,2.1733,
sagunto,Sagunto,39.6833,-0.2667,
sagas,Sagàs,42.05,1.9667,Barcelona
sahagun,Sahagún,42.3708,-5.0294,León
sahun,Sahún,42.5759,0.4655,Huesca
sajazarra,Sajazarra,42.5888,-2.9612,La Rioja
salamanca,Salamanca,40.9688,-5.6639,Salamanca
salamanca,Salamanca,40.4297,-3.6797,Salamanca
salar,Salar,37.1504,-4.0658,Granada
salares,Salares,36.8546,-4.0243,Málaga
salas,Salas,43.4118,-6.2602,Asturias
salas-altas,Salas Altas,42.1141,0.0682,Huesca
salas-bajas,Salas Bajas,42.1005,0.0835,Huesca
salas-de-bureba,Salas de Bureba,42.6919,-3.4736,Burgos
salas-de-los-infantes,Salas de los Infantes,42.0224,-3.2863,Burgos
salce,Salce,41.27,-6.2188,Zamora
salcedillo,Salcedillo,40.962,-1.0043,Teruel
saldana,Saldaña,42.5215,-4.736,Palencia
saldana-de-burgos,Saldaña de Burgos,42.2584,-3.6971,Burgos
saldeana,Saldeana,41.0207,-6.6402,Salamanca
saldes,Saldes,42.2333,1.7333,Barcelona
salduero,Salduero,41.8895,-2.7967,Soria
saldias,Saldías,43.0886,-1.7795,Navarra
saldon,Saldón,40.3251,-1.4278,Teruel
sales-de-llierca,Sales de Llierca,42.2333,2.65,Girona
salillas,Salillas,41.995,-0.2228,Huesca
salillas-de-jalon,Salillas de Jalón,41.5679,-1.3234,Zaragoza
salinas,Salinas,38.5202,-0.912,Alicante
salinas-de-oro,Salinas de Oro,42.7749,-1.89,
salinas-de-pisuerga,Salinas de Pisuerga,42.8505,-4.3778,Palencia
salinas-del-manzano,Salinas del Manzano,40.0833,-1.55,Cuenca
salinillas-de-bureba,Salinillas de Bureba,42.5524,-3.3875,Burgos
sallent,Sallent,41.826,1.8955,Barcelona
sallent-de-gallego,Sallent de Gállego,42.7713,-0.3345,Huesca
salmeron,Salmerón,40.5453,-2.4931,Guadalajara
salmoral,Salmoral,40.8014,-5.2191,Salamanca
salobral,Salobral,40.6118,-4.8101,Ávila
salobre,Salobre,38.593,-2.5504,Albacete
salobrena,Salobreña,36.7428,-3.5872,Granada
salomo,Salomó,41.2296,1.3744,Tarragona
salorino,Salorino,39.4802,-7.0076,Cáceres
salou,Salou,41.0766,1.1416,Tarragona
salt,Salt,41.9749,2.7928,Girona
salteras,Salteras,37.4206,-6.1105,Sevilla
salvacanete,Salvacañete,40.1,-1.5,Cuenca
salvadios,Salvadiós,40.8784,-5.0963,Ávila
salvador,Salvador,40.4453,-3.631,
salvador-de-zapardiel,Salvador de Zapardiel,41.117,-4.8749,Valladolid
salvaleon,Salvaleón,38.5102,-6.7863,Badajoz
salvatierra-de-esca,Salvatierra de Esca,42.67,-1.0048,Zaragoza
salvatierra-de-mino,Salvatierra de Miño,42.0833,-8.5,
salvatierra-de-santiago,Salvatierra de Santiago,39.3036,-6.0321,Cáceres
salvatierra-de-tormes,Salvatierra de Tormes,40.5901,-5.5976,Salamanca
salvatierra-de-los-barros,Salvatierra de los Barros,38.4909,-6.6842,Badajoz
sama,Sama,43.2957,-5.6842,
samaniego,Samaniego,42.5685,-2.6797,Araba/Álava
samboal,Samboal,41.2576,-4.4173,Segovia
samir-de-los-canos,Samir de los Caños,41.6728,-6.1642,Zamora
samos,Samos,42.731,-7.3258,Lugo
samper-de-calanda,Samper de Calanda,41.1893,-0.3888,Teruel
samper-del-salz,Samper del Salz,41.2346,-0.8251,Zaragoza
san-adrian,San Adrián,42.3343,-1.9351,Navarra
san-adrian-de-juarros,San Adrián de Juarros,42.2743,-3.4755,Burgos
san-adrian-del-valle,San Adrián del Valle,42.1303,-5.729,León
san-agustin,San Agustín,40.0593,-0.6925,Teruel
san-agustin-del-guadalix,San Agustín del Guadalix,40.6788,-3.6164,Madrid
san-agustin-del-pozo,San Agustín del Pozo,41.8861,-5.5935,Zamora
san-amaro,San Amaro,42.3738,-8.0735,Ourense
san-andres-del-congosto,San Andrés del Congosto,40.9978,-3.0242,Guadalajara
san-andres-del-rabanedo,San Andrés del Rabanedo,42.6117,-5.6167,León
san-andres-del-rey,San Andrés del Rey,40.6384,-2.8202,Guadalajara
san-antolin,San Antolín,43.0385,-6.8738,
san-antonio-abad,San Antonio Abad,37.6177,-0.9967,
san-asensio,San Asensio,42.4968,-2.7506,La Rioja
san-bartolome,San Bartolomé,29.0009,-13.613,Las Palmas
san-bartolome-de-bejar,San Bartolomé de Béjar,40.4078,-5.6626,Ávila
san-bartolome-de-corneja,San Bartolomé de Corneja,40.4926,-5.3852,Ávila
san-bartolome-de-tirajana,San Bartolomé de Tirajana,27.9248,-15.5733,Las Palmas
san-bartolome-de-la-torre,San Bartolomé de la Torre,37.4451,-7.106,Huelva
san-bartolome-de-las-abiertas,San Bartolomé de las Abiertas,39.8297,-4.719,Toledo
san-blas-canillejas,San Blas-Canillejas,40.4389,-3.6154,
san-carlos-del-valle,San Carlos del Valle,38.844,-3.2415,Ciudad Real
san-cebrian-de-campos,San Cebrián de Campos,42.2006,-4.5313,Palencia
san-cebrian-de-castro,San Cebrián de Castro,41.7063,-5.7561,Zamora
san-cebrian-de-mazote,San Cebrián de Mazote,41.6802,-5.1485,Valladolid
san-cebrian-de-muda,San Cebrián de Mudá,42.8926,-4.3872,Palencia
san-clemente,San Clemente,39.4041,-2.4282,Cuenca
san-cristobal,San Cristobal,40.3408,-3.6884,
san-cristobal-de-boedo,San Cristóbal de Boedo,42.5419,-4.3533,Palencia
san-cristobal-de-cuellar,San Cristóbal de Cuéllar,41.4059,-4.4044,Segovia
san-cristobal-de-entrevinas,San Cristóbal de Entreviñas,42.0457,-5.6347,Zamora
san-cristobal-de-segovia,San Cristóbal de Segovia,40.9522,-4.0765,Segovia
san-cristobal-de-la-cuesta,San Cristóbal de la Cuesta,41.0292,-5.6177,Salamanca
san-cristobal-de-la-polantera,San Cristóbal de la Polantera,42.3904,-5.9073,León
san-cristobal-de-la-vega,San Cristóbal de la Vega,41.1121,-4.6445,Segovia
san-diego,San Diego,40.39,-3.6679,
san-emiliano,San Emiliano,42.9716,-6.0008,León
san-enrique-de-guadiaro,San Enrique de Guadiaro,36.3047,-5.2909,
san-esteban-de-gormaz,San Esteban de Gormaz,41.5744,-3.2042,Soria
san-esteban-de-nogales,San Esteban de Nogales,42.16,-5.9306,León
san-esteban-de-la-sierra,San Esteban de la Sierra,40.5068,-5.9062,Salamanca
san-esteban-de-los-patos,San Esteban de los Patos,40.7471,-4.6241,Ávila
san-esteban-del-molar,San Esteban del Molar,41.9372,-5.5516,Zamora
san-esteban-del-valle,San Esteban del Valle,40.2751,-4.9821,Ávila
san-felices,San Felices,41.9371,-2.0264,Soria
san-felices-de-los-gallegos,San Felices de los Gallegos,40.8495,-6.708,Salamanca
san-fermin,San Fermín,40.3706,-3.6891,
san-fernando,San Fernando,36.4759,-6.1982,Cádiz
san-fernando-de-henares,San Fernando de Henares,40.4239,-3.5326,Madrid
san-garcia-de-ingelmos,San García de Ingelmos,40.7691,-5.1152,Ávila
san-gines-de-la-jara,San Ginés de la Jara,37.6411,-0.8228,
san-ildefonso,San Ildefonso,40.9018,-4.0069,
san-isidro,San Isidro,28.0762,-16.558,Alicante
san-isidro,San Isidro,38.1725,-0.8387,Alicante
san-isidro,San Isidro,40.3966,-3.7283,Alicante
san-javier,San Javier,37.8063,-0.8374,Murcia
san-jose,San José,36.7605,-2.1091,
san-jose-del-valle,San José del Valle,36.6055,-5.7989,Cádiz
san-juan-bautista,San Juan Bautista,40.4507,-3.6564,
san-juan-de-aznalfarache,San Juan de Aznalfarache,37.3581,-6.0373,Sevilla
san-juan-de-moro,San Juan de Moró,40.0599,-0.1369,
san-juan-de-la-arena,San Juan de la Arena,43.559,-6.0743,
san-juan-de-la-encinilla,San Juan de la Encinilla,40.8302,-4.8396,Ávila
san-juan-de-la-nava,San Juan de la Nava,40.4788,-4.6824,Ávila
san-juan-de-la-rambla,San Juan de la Rambla,28.3928,-16.6502,Santa Cruz de Tenerife
san-juan-de-enova,San Juan de Énova,39.071,-0.487,
san-juan-del-molinillo,San Juan del Molinillo,40.4591,-4.8171,Ávila
san-juan-del-monte,San Juan del Monte,41.6831,-3.5234,Burgos
san-juan-del-puerto,San Juan del Puerto,37.3167,-6.8414,Huelva
san-julian-de-muskiz,San Julián de Muskiz,43.3333,-3.1,
san-justo,San Justo,42.1332,-6.6239,Zamora
san-justo-de-la-vega,San Justo de la Vega,42.457,-6.0183,León
san-leonardo-de-yague,San Leonardo de Yagüe,41.8303,-3.0688,Soria
san-llorente,San Llorente,41.6863,-4.066,Valladolid
san-lorenzo-de-calatrava,San Lorenzo de Calatrava,38.4768,-3.826,Ciudad Real
san-lorenzo-de-el-escorial,San Lorenzo de El Escorial,40.5914,-4.1474,Madrid
san-lorenzo-de-tormes,San Lorenzo de Tormes,40.3698,-5.4885,Ávila
san-lorenzo-de-la-parrilla,San Lorenzo de la Parrilla,39.8513,-2.3608,Cuenca
san-mames-de-burgos,San Mamés de Burgos,42.3368,-3.794,Burgos
san-mames-de-campos,San Mamés de Campos,42.3551,-4.5656,Palencia
san-martin-de-boniches,San Martín de Boniches,39.9,-1.5667,Cuenca
san-martin-de-elines,San Martín de Elines,42.8286,-3.8687,
san-martin-de-montalban,San Martín de Montalbán,39.7019,-4.388,Toledo
san-martin-de-oscos,San Martín de Oscos,43.2659,-6.9624,Asturias
san-martin-de-pusa,San Martín de Pusa,39.784,-4.6325,Toledo
san-martin-de-rubiales,San Martín de Rubiales,41.6419,-3.9913,Burgos
san-martin-de-trevejo,San Martín de Trevejo,40.2124,-6.7954,Cáceres
san-martin-de-unx,San Martín de Unx,42.5247,-1.5609,Navarra
san-martin-de-valdeiglesias,San Martín de Valdeiglesias,40.3618,-4.3983,Madrid
san-martin-de-valderaduey,San Martín de Valderaduey,41.8141,-5.4725,Zamora
san-martin-de-valveni,San Martín de Valvení,41.7534,-4.5672,Valladolid
san-martin-de-la-vega,San Martín de la Vega,40.2073,-3.5706,Madrid
san-martin-de-la-vega-del-alberche,San Martín de la Vega del Alberche,40.4305,-5.155,Ávila
san-martin-del-castanar,San Martín del Castañar,40.5226,-6.0639,Salamanca
san-martin-del-pimpollar,San Martín del Pimpollar,40.3683,-5.0544,Ávila
san-martin-del-rio,San Martín del Río,41.0663,-1.3873,Teruel
san-mateo-de-gallego,San Mateo de Gállego,41.8304,-0.7658,Zaragoza
san-miguel-de-abona,San Miguel de Abona,28.0983,-16.6171,Santa Cruz de Tenerife
san-miguel-de-aguayo,San Miguel de Aguayo,43.0538,-4.0255,Cantabria
san-miguel-de-corneja,San Miguel de Corneja,40.4872,-5.2865,Ávila
san-miguel-de-meruelo,San Miguel de Meruelo,43.4621,-3.5888,
san-miguel-de-salinas,San Miguel de Salinas,37.9797,-0.789,Alicante
san-miguel-de-serrezuela,San Miguel de Serrezuela,40.6706,-5.2886,Ávila
san-miguel-de-valero,San Miguel de Valero,40.5436,-5.9228,Salamanca
san-miguel-de-la-ribera,San Miguel de la Ribera,41.333,-5.5769,Zamora
san-miguel-del-arroyo,San Miguel del Arroyo,41.4433,-4.4599,Valladolid
san-miguel-del-pino,San Miguel del Pino,41.5094,-4.9115,Valladolid
san-millan-de-lara,San Millán de Lara,42.1362,-3.3451,Burgos
san-millan-de-yecora,San Millán de Yécora,42.547,-3.0968,La Rioja
san-millan-de-la-cogolla,San Millán de la Cogolla,42.3297,-2.8619,La Rioja
san-millan-de-los-caballeros,San Millán de los Caballeros,42.2852,-5.5611,León
san-morales,San Morales,40.9936,-5.5023,Salamanca
san-munoz,San Muñoz,40.7833,-6.1276,Salamanca
san-nicolas,San Nicolás,27.9891,-15.7813,
san-nicolas-del-puerto,San Nicolás del Puerto,38.0,-5.65,Sevilla
san-pablo-de-la-moraleja,San Pablo de la Moraleja,41.161,-4.7776,Valladolid
san-pascual,San Pascual,40.8814,-4.7561,Ávila
san-pascual,San Pascual,40.4429,-3.6535,Ávila
san-pedro,San Pedro,38.8249,-2.1828,Albacete
san-pedro-alcantara,San Pedro Alcántara,36.4884,-4.9912,
san-pedro-bercianos,San Pedro Bercianos,42.3914,-5.7134,León
san-pedro-manrique,San Pedro Manrique,42.0286,-2.231,Soria
san-pedro-palmiches,San Pedro Palmiches,40.4296,-2.406,Cuenca
san-pedro-de-ceque,San Pedro de Ceque,42.0433,-6.0724,Zamora
san-pedro-de-gaillos,San Pedro de Gaíllos,41.2266,-3.8092,Segovia
san-pedro-de-latarce,San Pedro de Latarce,41.7356,-5.3259,Valladolid
san-pedro-de-muinos,San Pedro de Muiños,41.9536,-7.978,
san-pedro-de-merida,San Pedro de Mérida,38.9501,-6.1864,Badajoz
san-pedro-de-rozados,San Pedro de Rozados,40.7901,-5.7372,Salamanca
san-pedro-del-arroyo,San Pedro del Arroyo,40.8021,-4.8708,Ávila
san-pedro-del-pinatar,San Pedro del Pinatar,37.8357,-0.791,Murcia
san-pedro-del-romeral,San Pedro del Romeral,43.1151,-3.8186,Cantabria
san-pedro-del-valle,San Pedro del Valle,41.0333,-5.8602,Salamanca
san-pelayo,San Pelayo,41.6803,-5.034,Valladolid
san-pelayo-de-guarena,San Pelayo de Guareña,41.1158,-5.857,Salamanca
san-roman,San Román,42.8693,-7.0626,
san-roman-de-cameros,San Román de Cameros,42.2326,-2.4744,La Rioja
san-roman-de-hornija,San Román de Hornija,41.4813,-5.2845,Valladolid
san-roman-de-la-cuba,San Román de la Cuba,42.2626,-4.8572,Palencia
san-roque,San Roque,36.2098,-5.3845,Cádiz
san-sadurnino,San Sadurniño,43.5333,-8.0667,A Coruña
san-salvador,San Salvador,41.6206,-5.0871,Valladolid
san-sebastian-de-la-gomera,San Sebastián de la Gomera,28.0916,-17.1133,Santa Cruz de Tenerife
san-sebastian-de-los-ballesteros,San Sebastián de los Ballesteros,37.6538,-4.8241,Córdoba
san-sebastian-de-los-reyes,San Sebastián de los Reyes,40.5555,-3.6273,Madrid
san-silvestre-de-guzman,San Silvestre de Guzmán,37.3877,-7.3491,Huelva
san-tirso-de-abres,San Tirso de Abres,43.4087,-7.1432,Asturias
san-torcuato,San Torcuato,42.4822,-2.8892,La Rioja
san-vicent-del-raspeig,San Vicent del Raspeig,38.3964,-0.5255,
san-vicente-de-alcantara,San Vicente de Alcántara,39.3613,-7.1377,Badajoz
san-vicente-de-arevalo,San Vicente de Arévalo,40.9677,-4.8019,Ávila
san-vicente-de-la-barquera,San Vicente de la Barquera,43.3851,-4.3993,Cantabria
san-vicente-de-la-cabeza,San Vicente de la Cabeza,41.807,-6.2499,Zamora
san-vicente-de-la-sonsierra,San Vicente de la Sonsierra,42.5632,-2.7607,La Rioja
san-vicente-del-palacio,San Vicente del Palacio,41.219,-4.8516,Valladolid
san-vicente-del-valle,San Vicente del Valle,42.3376,-3.1621,Burgos
san-vitero,San Vitero,41.7774,-6.3488,Zamora
sancedo,Sancedo,42.6667,-6.6346,León
sanchidrian,Sanchidrián,40.8935,-4.5813,Ávila
sanchonuno,Sanchonuño,41.3233,-4.3053,Segovia
sanchorreja,Sanchorreja,40.6647,-4.9149,Ávila
sanchotello,Sanchotello,40.4381,-5.7539,Salamanca
sanchon-de-la-ribera,Sanchón de la Ribera,41.0884,-6.4131,Salamanca
sanchon-de-la-sagrada,Sanchón de la Sagrada,40.7429,-6.025,Salamanca
sando,Sando,40.9677,-6.1114,Salamanca
sanet-y-negrals,Sanet y Negrals,38.8197,-0.0341,Alicante
sangarcia,Sangarcía,40.9502,-4.4108,Segovia
sangarren,Sangarrén,42.0192,-0.4332,Huesca
sangonera-la-verde,Sangonera la Verde,37.9286,-1.2079,
sanguesa-zangoza,Sangüesa/Zangoza,42.5748,-1.2828,Navarra
sanlucar-de-barrameda,Sanlúcar de Barrameda,36.7781,-6.3515,Cádiz
sanlucar-de-guadiana,Sanlúcar de Guadiana,37.4727,-7.4655,Huelva
sanlucar-la-mayor,Sanlúcar la Mayor,37.3876,-6.2035,Sevilla
sansol,Sansol,42.5536,-2.2668,Navarra
sant-adria-de-besos,Sant Adrià de Besòs,41.4307,2.2186,Barcelona
sant-agusti,Sant Agustí,39.5506,2.5974,
sant-andreu,Sant Andreu,41.4354,2.1898,
sant-andreu-salou,Sant Andreu Salou,41.8667,2.8333,Girona
sant-andreu-de-llavaneres,Sant Andreu de Llavaneres,41.5667,2.4833,Barcelona
sant-andreu-de-la-barca,Sant Andreu de la Barca,41.4466,1.9719,Barcelona
sant-aniol-de-finestres,Sant Aniol de Finestres,42.0902,2.5869,Girona
sant-antoni,Sant Antoni,41.3786,2.1594,
sant-antoni-de-portmany,Sant Antoni de Portmany,38.9807,1.3036,Illes Balears
sant-boi-de-llobregat,Sant Boi de Llobregat,41.3436,2.0366,Barcelona
sant-boi-de-llucanes,Sant Boi de Lluçanès,42.05,2.15,Barcelona
sant-carles-de-peralta,Sant Carles de Peralta,39.0345,1.5653,
sant-carles-de-la-rapita,Sant Carles de la Ràpita,40.6167,0.6,
sant-celoni,Sant Celoni,41.6892,2.4897,Barcelona
sant-cristofol-de-les-fonts,Sant Cristòfol de les Fonts,42.1696,2.4994,
sant-cugat-del-valles,Sant Cugat del Vallès,41.4706,2.0861,Barcelona
sant-esteve-d-en-bas,Sant Esteve d'en Bas,42.1181,2.4568,
sant-feliu-sasserra,Sant Feliu Sasserra,41.95,2.0333,Barcelona
sant-feliu-de-codines,Sant Feliu de Codines,41.7,2.1667,Barcelona
sant-feliu-de-guixols,Sant Feliu de Guíxols,41.7833,3.0333,Girona
sant-feliu-de-llobregat,Sant Feliu de Llobregat,41.3833,2.05,Barcelona
sant-feliu-de-pallerols,Sant Feliu de Pallerols,42.0771,2.5093,Girona
sant-ferriol,Sant Ferriol,42.2,2.6667,Girona
sant-francesc-de-formentera,Sant Francesc de Formentera,38.7057,1.4289,
sant-fruitos-de-bages,Sant Fruitós de Bages,41.75,1.8667,Barcelona
sant-genis-dels-agudells,Sant Genís dels Agudells,41.4254,2.1302,
sant-gervasi-galvany,Sant Gervasi - Galvany,41.3975,2.143,
sant-gregori,Sant Gregori,41.9833,2.7333,Girona
sant-guim-de-freixenet,Sant Guim de Freixenet,41.6557,1.4202,Lleida
sant-hilari-sacalm,Sant Hilari Sacalm,41.8833,2.5167,Girona
sant-iscle-de-vallalta,Sant Iscle de Vallalta,41.6167,2.5667,Barcelona
sant-jaume-dels-domenys,Sant Jaume dels Domenys,41.3,1.5667,Tarragona
sant-joan,Sant Joan,39.5962,3.0392,Illes Balears
sant-joan-despi,Sant Joan Despí,41.3672,2.0574,Barcelona
sant-joan-d-alacant,Sant Joan d'Alacant,38.4015,-0.4362,Alicante
sant-joan-de-labritja,Sant Joan de Labritja,39.0789,1.514,Illes Balears
sant-joan-de-mediona,Sant Joan de Mediona,41.4786,1.6116,
sant-joan-de-mollet,Sant Joan de Mollet,42.05,2.95,Girona
sant-joan-de-vilatorrada,Sant Joan de Vilatorrada,41.7455,1.8048,Barcelona
sant-joan-de-les-abadesses,Sant Joan de les Abadesses,42.2333,2.2852,Girona
sant-joan-les-fonts,Sant Joan les Fonts,42.2119,2.5129,Girona
sant-jordi,Sant Jordi,39.5552,2.7795,
sant-jordi,Sant Jordi,40.5098,0.3321,
sant-jordi-desvalls,Sant Jordi Desvalls,42.0667,2.95,Girona
sant-josep-de-sa-talaia,Sant Josep de sa Talaia,38.9224,1.2944,Illes Balears
sant-julia-de-cerdanyola,Sant Julià de Cerdanyola,42.2235,1.8931,Barcelona
sant-julia-de-ramis,Sant Julià de Ramis,42.0293,2.8534,Girona
sant-julia-de-vilatorta,Sant Julià de Vilatorta,41.9219,2.3245,Barcelona
sant-just-desvern,Sant Just Desvern,41.3839,2.0676,Barcelona
sant-llorenc-d-hortons,Sant Llorenç d'Hortons,41.4667,1.8333,Barcelona
sant-llorenc-de-la-muga,Sant Llorenç de la Muga,42.3198,2.7889,Girona
sant-llorenc-des-cardassar,Sant Llorenç des Cardassar,39.6101,3.2838,Illes Balears
sant-lluis,Sant Lluís,39.8494,4.2582,Illes Balears
sant-marti,Sant Martí,41.4181,2.1993,
sant-marti-sarroca,Sant Martí Sarroca,41.3858,1.6112,Barcelona
sant-marti-vell,Sant Martí Vell,42.0167,2.9333,Girona
sant-marti-de-centelles,Sant Martí de Centelles,41.7662,2.2057,Barcelona
sant-marti-de-provencals,Sant Martí de Provençals,41.4202,2.1963,
sant-marti-de-tous,Sant Martí de Tous,41.55,1.5167,Barcelona
sant-miquel-de-campmajor,Sant Miquel de Campmajor,42.1333,2.6833,Girona
sant-miquel-de-fluvia,Sant Miquel de Fluvià,42.172,2.9926,Girona
sant-mori,Sant Mori,42.1559,2.9895,Girona
sant-pere-pescador,Sant Pere Pescador,42.1881,3.0821,Girona
sant-pere-de-ribes,Sant Pere de Ribes,41.2604,1.7739,Barcelona
sant-pere-de-riudebitlles,Sant Pere de Riudebitlles,41.45,1.7,Barcelona
sant-pere-de-vilamajor,Sant Pere de Vilamajor,41.6833,2.3833,Barcelona
sant-pere-santa-caterina-i-la-ribera,"Sant Pere, Santa Caterina i La Ribera",41.3845,2.1815,
sant-pol-de-mar,Sant Pol de Mar,41.6018,2.6174,Barcelona
sant-quirze-safaja,Sant Quirze Safaja,41.7333,2.15,Barcelona
sant-quirze-del-valles,Sant Quirze del Vallès,41.5333,2.0833,Barcelona
sant-sadurni-d-anoia,Sant Sadurní d'Anoia,41.4256,1.7852,Barcelona
sant-salvador-de-guardiola,Sant Salvador de Guardiola,41.6833,1.7667,Barcelona
sant-vicenc-de-castellet,Sant Vicenç de Castellet,41.6667,1.8667,Barcelona
sant-vicenc-de-montalt,Sant Vicenç de Montalt,41.5785,2.5088,Barcelona
sant-vicenc-dels-horts,Sant Vicenç dels Horts,41.3932,2.0069,Barcelona
santa-amalia,Santa Amalia,39.0112,-6.0116,Badajoz
santa-ana,Santa Ana,39.3082,-5.9903,Cáceres
santa-ana-de-pusa,Santa Ana de Pusa,39.7624,-4.709,Toledo
santa-ana-la-real,Santa Ana la Real,37.8625,-6.7238,Huelva
santa-brigida,Santa Brígida,28.032,-15.5043,Las Palmas
santa-barbara,Santa Bàrbara,40.7154,0.4929,Tarragona
santa-barbara-de-casa,Santa Bárbara de Casa,37.7966,-7.1874,Huelva
santa-cecilia,Santa Cecilia,42.0523,-3.8035,Burgos
santa-cecilia-del-alcor,Santa Cecilia del Alcor,41.9323,-4.6555,Palencia
santa-cecilia-de-voltrega,Santa Cecília de Voltregà,42.0,2.2333,Barcelona
santa-clara-de-avedillo,Santa Clara de Avedillo,41.3388,-5.6769,Zamora
santa-coloma,Santa Coloma,42.3672,-2.656,La Rioja
santa-coloma-de-cervello,Santa Coloma de Cervelló,41.3674,2.0143,Barcelona
santa-coloma-de-farners,Santa Coloma de Farners,41.8667,2.6667,Girona
santa-coloma-de-gramenet,Santa Coloma de Gramenet,41.4515,2.2081,Barcelona
santa-coloma-de-queralt,Santa Coloma de Queralt,41.5333,1.3833,Tarragona
santa-colomba-de-curueno,Santa Colomba de Curueño,42.7506,-5.412,León
santa-colomba-de-somoza,Santa Colomba de Somoza,42.4447,-6.2448,León
santa-colomba-de-las-monjas,Santa Colomba de las Monjas,41.9583,-5.6839,Zamora
santa-comba,Santa Comba,43.0331,-8.8093,A Coruña
santa-cristina-d-aro,Santa Cristina d'Aro,41.8167,3.0,Girona
santa-cristina-de-valmadrigal,Santa Cristina de Valmadrigal,42.3545,-5.3093,León
santa-cristina-de-la-polvorosa,Santa Cristina de la Polvorosa,41.9999,-5.7135,Zamora
santa-croya-de-tera,Santa Croya de Tera,41.9833,-5.9772,Zamora
santa-cruz,Santa Cruz,38.0218,-1.0575,
santa-cruz-de-bezana,Santa Cruz de Bezana,43.4437,-3.9032,Cantabria
santa-cruz-de-boedo,Santa Cruz de Boedo,42.5253,-4.374,Palencia
santa-cruz-de-grio,Santa Cruz de Grío,41.3705,-1.4301,Zaragoza
santa-cruz-de-moncayo,Santa Cruz de Moncayo,41.8824,-1.7564,Zaragoza
santa-cruz-de-moya,Santa Cruz de Moya,39.95,-1.2667,Cuenca
santa-cruz-de-mudela,Santa Cruz de Mudela,38.6424,-3.4665,Ciudad Real
santa-cruz-de-nogueras,Santa Cruz de Nogueras,41.1148,-1.0893,Teruel
santa-cruz-de-paniagua,Santa Cruz de Paniagua,40.1917,-6.34,Cáceres
santa-cruz-de-pinares,Santa Cruz de Pinares,40.5427,-4.5804,Ávila
santa-cruz-de-tenerife,Santa Cruz de Tenerife,28.4682,-16.2546,Santa Cruz de Tenerife
santa-cruz-de-yanguas,Santa Cruz de Yanguas,42.0625,-2.4489,Soria
santa-cruz-de-la-palma,Santa Cruz de la Palma,28.6835,-17.7642,Santa Cruz de Tenerife
santa-cruz-de-la-salceda,Santa Cruz de la Salceda,41.5959,-3.5932,Burgos
santa-cruz-de-la-seros,Santa Cruz de la Serós,42.5227,-0.6752,Huesca
santa-cruz-de-la-sierra,Santa Cruz de la Sierra,39.3364,-5.8456,Cáceres
santa-cruz-de-la-zarza,Santa Cruz de la Zarza,39.981,-3.1879,Toledo
santa-cruz-de-los-canamos,Santa Cruz de los Cáñamos,38.6376,-2.8662,Ciudad Real
santa-cruz-del-retamar,Santa Cruz del Retamar,40.1192,-4.2416,Toledo
santa-cruz-del-valle,Santa Cruz del Valle,40.2516,-5.0013,Ávila
santa-cruz-del-valle-urbion,Santa Cruz del Valle Urbión,42.3056,-3.2214,Burgos
santa-elena,Santa Elena,38.3416,-3.5395,Jaén
santa-elena-de-jamuz,Santa Elena de Jamuz,42.2606,-5.8876,León
santa-eufemia,Santa Eufemia,38.6,-4.9,Córdoba
santa-eufemia-del-arroyo,Santa Eufemia del Arroyo,41.895,-5.2657,Valladolid
santa-eufemia-del-barco,Santa Eufemia del Barco,41.6781,-5.8983,Zamora
santa-eugenia,Santa Eugènia,40.3834,-3.6113,Illes Balears
santa-eugenia,Santa Eugènia,39.6236,2.8386,Illes Balears
santa-eugenia-de-berga,Santa Eugènia de Berga,41.9,2.2833,Barcelona
santa-eulalia,Santa Eulalia,43.4162,-5.4113,Teruel
santa-eulalia,Santa Eulalia,40.5674,-1.3135,Teruel
santa-eulalia-bajera,Santa Eulalia Bajera,42.2096,-2.1917,La Rioja
santa-eulalia-de-gallego,Santa Eulalia de Gállego,42.287,-0.7607,Zaragoza
santa-eulalia-de-oscos,Santa Eulalia de Oscos,43.2595,-7.019,Asturias
santa-eulalia-de-roncana,Santa Eulàlia de Ronçana,41.65,2.2333,Barcelona
santa-eularia-des-riu,Santa Eulària des Riu,38.9846,1.5341,Illes Balears
santa-fe-de-mondujar,Santa Fe de Mondújar,36.9748,-2.5313,Almería
santa-gadea-del-cid,Santa Gadea del Cid,42.7153,-3.0589,Burgos
santa-ines,Santa Inés,42.0401,-3.7032,Burgos
santa-lucia,Santa Lucía,27.9117,-15.5407,
santa-magdalena-de-pulpis,Santa Magdalena de Pulpis,40.3563,0.3026,Castellón
santa-margalida,Santa Margalida,39.7014,3.1021,Illes Balears
santa-maria-d-olo,Santa Maria d'Oló,41.8667,2.0333,Barcelona
santa-maria-de-palautordera,Santa Maria de Palautordera,41.6942,2.4457,Barcelona
santa-maria-del-cami,Santa María del Camí,39.6511,2.7732,Illes Balears
santa-marina-del-rey,Santa Marina del Rey,42.5133,-5.8606,León
santa-marta,Santa Marta,38.6142,-6.628,Badajoz
santa-marta-de-magasca,Santa Marta de Magasca,39.5115,-6.0988,Cáceres
santa-marta-de-ortigueira,Santa Marta de Ortigueira,43.6833,-7.85,
santa-marta-de-tormes,Santa Marta de Tormes,40.9507,-5.6272,Salamanca
santa-marta-del-cerro,Santa Marta del Cerro,41.2184,-3.6858,Segovia
santa-maria-de-cayon,Santa María de Cayón,43.3085,-3.8368,Cantabria
santa-maria-de-huerta,Santa María de Huerta,41.2667,-2.1667,Soria
santa-maria-de-ordas,Santa María de Ordás,42.7265,-5.823,León
santa-maria-de-sando,Santa María de Sando,40.9791,-6.129,Salamanca
santa-maria-de-valverde,Santa María de Valverde,41.9348,-5.9356,Zamora
santa-maria-de-la-alameda,Santa María de la Alameda,40.5949,-4.2577,Madrid
santa-maria-de-la-isla,Santa María de la Isla,42.3553,-5.9287,León
santa-maria-de-la-vega,Santa María de la Vega,42.085,-5.8085,Zamora
santa-maria-de-las-hoyas,Santa María de las Hoyas,41.7715,-3.1417,Soria
santa-maria-de-los-caballeros,Santa María de los Caballeros,40.3892,-5.4511,Ávila
santa-maria-del-berrocal,Santa María del Berrocal,40.5085,-5.4048,Ávila
santa-maria-del-campo,Santa María del Campo,42.133,-3.9728,Burgos
santa-maria-del-campo-rus,Santa María del Campo Rus,39.5594,-2.4231,Cuenca
santa-maria-del-invierno,Santa María del Invierno,42.4429,-3.4378,Burgos
santa-maria-del-monte-de-cea,Santa María del Monte de Cea,42.4914,-5.1169,León
santa-maria-del-paramo,Santa María del Páramo,42.3551,-5.7515,León
santa-maria-del-val,Santa María del Val,40.5044,-2.0412,Cuenca
santa-maria-la-real-de-nieva,Santa María la Real de Nieva,41.07,-4.4071,Segovia
santa-olalla,Santa Olalla,40.0235,-4.4303,Toledo
santa-olalla-de-bureba,Santa Olalla de Bureba,42.4772,-3.4411,Burgos
santa-olalla-del-cala,Santa Olalla del Cala,37.9,-6.2167,Huelva
santa-oliva,Santa Oliva,41.2536,1.5509,Tarragona
santa-pau,Santa Pau,42.1443,2.5712,Girona
santa-perpetua-de-mogoda,Santa Perpètua de Mogoda,41.5333,2.1833,Barcelona
santa-pola,Santa Pola,38.1917,-0.5658,Alicante
santa-ponsa,Santa Ponsa,39.5087,2.4766,
santa-susanna,Santa Susanna,41.6333,2.7167,Barcelona
santa-uxia-de-ribeira,Santa Uxía de Ribeira,42.5535,-8.9909,
santa-ursula,Santa Úrsula,28.4261,-16.4888,Santa Cruz de Tenerife
santacara,Santacara,42.3755,-1.5478,Navarra
santaella,Santaella,37.5629,-4.8436,Córdoba
santafe,Santafé,37.1886,-3.7189,
santander,Santander,43.4659,-3.8049,Cantabria
santanyi,Santanyí,39.3546,3.1291,Illes Balears
santas-martas,Santas Martas,42.4322,-5.3707,León
santed,Santed,41.0317,-1.5103,Zaragoza
santervas-de-campos,Santervás de Campos,42.2182,-5.1003,Valladolid
santervas-de-la-vega,Santervás de la Vega,42.5068,-4.8,Palencia
santiago-millas,Santiago Millas,42.3838,-6.1054,León
santiago-de-alcantara,Santiago de Alcántara,39.6066,-7.244,Cáceres
santiago-de-calatrava,Santiago de Calatrava,37.7538,-4.1709,Jaén
santiago-de-compostela,Santiago de Compostela,42.8805,-8.5457,A Coruña
santiago-de-la-puebla,Santiago de la Puebla,40.8013,-5.2807,Salamanca
santiago-de-la-ribera,Santiago de la Ribera,37.7968,-0.8054,
santiago-del-campo,Santiago del Campo,39.6284,-6.3636,Cáceres
santiago-del-collado,Santiago del Collado,40.4333,-5.3563,Ávila
santiago-del-teide,Santiago del Teide,28.294,-16.8162,Santa Cruz de Tenerife
santibanez-de-bejar,Santibáñez de Béjar,40.4879,-5.6111,Salamanca
santibanez-de-ecla,Santibáñez de Ecla,42.7078,-4.3726,Palencia
santibanez-de-tera,Santibáñez de Tera,41.9856,-5.9226,Zamora
santibanez-de-valcorba,Santibáñez de Valcorba,41.5698,-4.4494,Valladolid
santibanez-de-vidriales,Santibáñez de Vidriales,42.0736,-6.0155,Zamora
santibanez-de-la-pena,Santibáñez de la Peña,42.8093,-4.7303,Palencia
santibanez-de-la-sierra,Santibáñez de la Sierra,40.4946,-5.9158,Salamanca
santibanez-del-val,Santibáñez del Val,41.9735,-3.4814,Burgos
santibanez-el-alto,Santibáñez el Alto,40.1853,-6.5478,Cáceres
santibanez-el-bajo,Santibáñez el Bajo,40.1764,-6.2244,Cáceres
santillana,Santillana,43.389,-4.1084,
santiponce,Santiponce,37.4355,-6.0411,Sevilla
santiso,Santiso,42.8739,-8.055,A Coruña
santisteban-del-puerto,Santisteban del Puerto,38.2483,-3.2076,Jaén
santiurde-de-reinosa,Santiurde de Reinosa,43.0614,-4.0835,Cantabria
santiurde-de-toranzo,Santiurde de Toranzo,43.2382,-3.9395,Cantabria
santiuste,Santiuste,41.0846,-2.8095,Guadalajara
santiuste-de-san-juan-bautista,Santiuste de San Juan Bautista,41.1559,-4.572,Segovia
santiz,Santiz,41.2058,-5.8965,Salamanca
santo-domingo-de-piron,Santo Domingo de Pirón,41.041,-3.9893,Segovia
santo-domingo-de-silos,Santo Domingo de Silos,41.964,-3.4174,Burgos
santo-domingo-de-la-calzada,Santo Domingo de la Calzada,42.4402,-2.9537,La Rioja
santo-domingo-de-las-posadas,Santo Domingo de las Posadas,40.812,-4.6338,Ávila
santo-tome,Santo Tomé,38.0286,-3.1009,Jaén
santo-tome-de-zabarcos,Santo Tomé de Zabarcos,40.7873,-4.9105,Ávila
santomera,Santomera,38.0615,-1.0488,Murcia
santorcaz,Santorcaz,40.4718,-3.2346,Madrid
santovenia,Santovenia,41.8786,-5.71,Zamora
santovenia-de-pisuerga,Santovenia de Pisuerga,41.6946,-4.6903,Valladolid
santoyo,Santoyo,42.2147,-4.343,Palencia
santona,Santoña,43.4439,-3.4576,Cantabria
santpedor,Santpedor,41.7831,1.8467,Barcelona
sants,Sants,41.3743,2.1383,
sants-badal,Sants - Badal,41.3747,2.1277,
sants-montjuic,Sants-Montjuïc,41.3726,2.1546,
santurdejo,Santurdejo,42.377,-2.9544,La Rioja
santurtzi,Santurtzi,43.3284,-3.0325,Bizkaia
santutxu,Santutxu,43.2535,-2.9161,
sanxenxo,Sanxenxo,42.4,-8.807,Pontevedra
sanzoles,Sanzoles,41.4323,-5.5671,Zamora
sardon-de-duero,Sardón de Duero,41.6085,-4.434,Valladolid
sardon-de-los-frailes,Sardón de los Frailes,41.2137,-6.271,Salamanca
sargentes-de-la-lora,Sargentes de la Lora,42.7692,-3.8728,Burgos
sariego,Sariego,43.4,-5.5333,Asturias
sariegos,Sariegos,42.65,-5.6333,León
sarinena,Sariñena,41.7913,-0.158,Huesca
saro,Saro,43.2597,-3.8361,Cantabria
sarracin,Sarracín,42.2581,-3.6861,Burgos
sarratella,Sarratella,40.3128,0.0315,
sarreaus,Sarreaus,42.0878,-7.6035,Ourense
sarria,Sarria,42.7815,-7.4143,Lugo
sarriguren,Sarriguren,42.8129,-1.5981,
sarria,Sarria,41.4027,2.1162,Lugo
sarria-de-ter,Sarrià de Ter,42.0167,2.8333,Girona
sarria-sant-gervasi,Sarrià-Sant Gervasi,41.401,2.1394,
sarrion,Sarrión,40.1418,-0.8153,Teruel
sartaguda,Sartaguda,42.3833,-2.0571,Navarra
sartajada,Sartajada,40.2132,-4.7943,Toledo
sasamon,Sasamón,42.4169,-4.0429,Burgos
saucedilla,Saucedilla,39.8528,-5.6778,Cáceres
saucelle,Saucelle,41.0477,-6.7533,Salamanca
sauquillo-de-cabezas,Sauquillo de Cabezas,41.1942,-4.0688,Segovia
sauzal,Sauzal,28.4667,-16.4167,
sax,Sax,38.5373,-0.8178,Alicante
sayalonga,Sayalonga,36.7982,-4.0133,Málaga
sayaton,Sayatón,40.3764,-2.8525,Guadalajara
sauca,Saúca,41.031,-2.529,Guadalajara
sebulcor,Sebúlcor,41.2709,-3.884,Segovia
secastilla,Secastilla,42.1811,0.2674,Huesca
sedavi,Sedaví,39.4333,-0.3833,Valencia
sedella,Sedella,36.8623,-4.0331,Málaga
sediles,Sediles,41.3461,-1.5318,Zaragoza
segart,Segart,39.6833,-0.3667,Valencia
segorbe,Segorbe,39.85,-0.4833,Castellón
segovia,Segovia,40.9481,-4.1184,Segovia
segundo-ensanche,Segundo Ensanche,42.8139,-1.6429,
segura,Segura,43.0075,-2.254,Gipuzkoa
segura-de-leon,Segura de León,38.1167,-6.5167,Badajoz
segura-de-toro,Segura de Toro,40.2243,-5.9484,Cáceres
segura-de-la-sierra,Segura de la Sierra,38.2978,-2.6523,Jaén
segura-de-los-banos,Segura de los Baños,40.9409,-0.9511,Teruel
segurilla,Segurilla,40.0239,-4.8642,Toledo
seira,Seira,42.477,0.4313,Huesca
selas,Selas,40.9515,-2.102,Guadalajara
selaya,Selaya,43.2138,-3.8056,Cantabria
sella,Sella,38.6093,-0.2731,Alicante
sellent,Sellent,39.0322,-0.5878,Valencia
selva,Selva,39.755,2.9007,Illes Balears
semillas,Semillas,41.0586,-3.1195,Guadalajara
sempere,Sempere,38.9201,-0.4814,Valencia
sena-de-luna,Sena de Luna,42.9291,-5.9527,León
senan,Senan,41.4699,1.0854,Tarragona
sencelles,Sencelles,39.646,2.8977,Illes Balears
senija,Senija,38.728,0.0418,Alicante
seno,Seno,40.8122,-0.3382,Teruel
senterada,Senterada,42.3255,0.9364,Lleida
sentmenat,Sentmenat,41.6086,2.1353,Barcelona
senyera,Senyera,39.0667,-0.5,Valencia
senes-de-alcubierre,Senés de Alcubierre,41.9073,-0.4891,Huesca
sepulveda,Sepúlveda,41.297,-3.7422,Segovia
sequera-de-fresno,Sequera de Fresno,41.3664,-3.5461,Segovia
sequeros,Sequeros,40.5129,-6.0249,Salamanca
serra,Serra,39.6833,-0.4333,Valencia
serra-de-daro,Serra de Daró,42.0288,3.0722,Girona
serrada,Serrada,41.4572,-4.8628,Valladolid
serradilla,Serradilla,39.8292,-6.1403,Cáceres
serradilla-del-arroyo,Serradilla del Arroyo,40.5213,-6.3601,Salamanca
serradilla-del-llano,Serradilla del Llano,40.5,-6.357,Salamanca
serranillos,Serranillos,40.3362,-4.9116,Ávila
serranillos-del-valle,Serranillos del Valle,40.2021,-3.8819,Madrid
serrato,Serrato,36.8854,-4.9815,Málaga
serrejon,Serrejón,39.8173,-5.8026,Cáceres
seros,Seròs,41.4667,0.4167,Lleida
seron,Serón,37.3449,-2.5091,Almería
ses-salines,Ses Salines,39.3383,3.0527,
sesa,Sesa,41.9948,-0.2451,Huesca
sesena,Seseña,40.1047,-3.6979,Toledo
sesma,Sesma,42.4775,-2.0835,Navarra
sestao,Sestao,43.3098,-3.0072,Bizkaia
sestrica,Sestrica,41.486,-1.595,Zaragoza
sesue,Sesué,42.5513,0.4721,Huesca
setenil-de-las-bodegas,Setenil de las Bodegas,36.864,-5.1818,Cádiz
setiles,Setiles,40.7342,-1.6172,Guadalajara
seva,Seva,41.8383,2.2801,Barcelona
sevilla,Sevilla,37.3828,-5.9732,Sevilla
sevilla-la-nueva,Sevilla la Nueva,40.3477,-4.0273,Madrid
sevilleja-de-la-jara,Sevilleja de la Jara,39.5749,-4.9639,Toledo
sidamon,Sidamon,41.6333,0.8333,Lleida
sienes,Sienes,41.201,-2.6533,Guadalajara
sierra-de-fuentes,Sierra de Fuentes,39.44,-6.2724,Cáceres
sierra-de-luna,Sierra de Luna,42.0482,-0.9103,Zaragoza
sierra-de-yeguas,Sierra de Yeguas,37.1242,-4.8677,Málaga
sierra-engarceran,Sierra Engarcerán,40.2693,-0.0189,Castellón
sierro,Sierro,37.3224,-2.3984,Almería
siete-aguas,Siete Aguas,39.4667,-0.9167,Valencia
siete-iglesias-de-trabancos,Siete Iglesias de Trabancos,41.3522,-5.1849,Valladolid
sigeres,Sigeres,40.7994,-4.9336,Ávila
siguenza,Sigüenza,41.0689,-2.6431,Guadalajara
sigues,Sigüés,42.6303,-1.0121,Zaragoza
siles,Siles,38.3898,-2.5819,Jaén
silla,Silla,39.3626,-0.4117,Valencia
silleda,Silleda,42.696,-8.2465,Pontevedra
sils,Sils,41.8084,2.7451,Girona
simancas,Simancas,41.5907,-4.828,Valladolid
simancas,Simancas,40.4353,-3.6251,Valladolid
simat-de-la-valldigna,Simat de la Valldigna,39.0333,-0.3167,Valencia
sinarcas,Sinarcas,39.7333,-1.2333,Valencia
sineu,Sineu,39.6425,3.0103,Illes Balears
singra,Singra,40.6551,-1.3116,Teruel
sinlabajos,Sinlabajos,41.0765,-4.8324,Ávila
siruela,Siruela,38.9772,-5.0497,Badajoz
sisamon,Sisamón,41.1712,-2.0039,Zaragoza
sisante,Sisante,39.4085,-2.2017,Cuenca
sitges,Sitges,41.2351,1.8119,Barcelona
siurana,Siurana,42.2092,2.9939,Girona
sietamo,Siétamo,42.1239,-0.2807,Huesca
sober,Sober,42.4613,-7.5864,Lugo
sobradelo,Sobradelo,42.5833,-8.7833,
sobradiel,Sobradiel,41.7388,-1.0376,Zaragoza
sobradillo,Sobradillo,40.9175,-6.7973,Salamanca
sobrado,Sobrado,43.0388,-8.0278,A Coruña
sobrado,Sobrado,42.5167,-6.85,A Coruña
socovos,Socovos,38.3323,-1.9849,Albacete
socuellamos,Socuéllamos,39.2858,-2.7921,Ciudad Real
sojuela,Sojuela,42.3699,-2.5452,La Rioja
sol,Sol,40.4166,-3.7033,
solana-de-los-barros,Solana de los Barros,38.7253,-6.539,Badajoz
solanillos-del-extremo,Solanillos del Extremo,40.7509,-2.698,Guadalajara
solarana,Solarana,41.9717,-3.6588,Burgos
soliedra,Soliedra,41.4693,-2.3816,Soria
sollana,Sollana,39.2783,-0.3824,Valencia
solosancho,Solosancho,40.5529,-4.9048,Ávila
solsona,Solsona,41.9939,1.5171,Lleida
solorzano,Solórzano,43.3823,-3.5878,Cantabria
somolinos,Somolinos,41.2461,-3.06,Guadalajara
somontin,Somontín,37.3918,-2.3883,Almería
somosierra,Somosierra,41.1327,-3.5824,Madrid
somozas,Somozas,43.5333,-7.9333,
son-ferrer,Son Ferrer,39.4967,2.501,
son-ferriol,Son Ferriol,39.5667,2.7167,
son-rapinya,Son Rapinya,39.5893,2.619,
son-roca,Son Roca,39.6045,2.6066,
son-sardina,Son Sardina,39.6204,2.6571,
son-servera,Son Servera,39.6207,3.3601,Illes Balears
sondika,Sondika,43.3002,-2.9244,Bizkaia
soneja,Soneja,39.8167,-0.4167,Castellón
sonseca,Sonseca,39.6775,-3.9745,Toledo
sopeira,Sopeira,42.3162,0.7463,Huesca
sopela,Sopela,43.3789,-2.9831,Bizkaia
soportujar,Soportújar,36.9286,-3.4054,Granada
sopuerta,Sopuerta,43.2624,-3.1551,Bizkaia
sora,Sora,42.1124,2.1608,Barcelona
sorbas,Sorbas,37.0976,-2.1235,Almería
sordillos,Sordillos,42.462,-4.1073,Burgos
soria,Soria,41.764,-2.4688,Soria
sorihuela,Sorihuela,40.4438,-5.6782,Salamanca
sorihuela-del-guadalimar,Sorihuela del Guadalimar,38.2406,-3.0536,Jaén
sorlada,Sorlada,42.6151,-2.2153,Navarra
sort,Sort,42.4132,1.1304,Lleida
sorvilan,Sorvilán,36.7951,-3.2677,Granada
sorzano,Sorzano,42.3431,-2.5287,La Rioja
sos-del-rey-catolico,Sos del Rey Católico,42.4969,-1.2151,Zaragoza
soses,Soses,41.5333,0.4833,Lleida
sot-de-chera,Sot de Chera,39.6333,-0.9,Valencia
sot-de-ferrer,Sot de Ferrer,39.8,-0.4,Castellón
sotalbo,Sotalbo,40.5417,-4.8455,Ávila
sotillo,Sotillo,41.2585,-3.6373,Segovia
sotillo-de-la-adrada,Sotillo de la Adrada,40.2912,-4.5838,Ávila
sotillo-de-la-ribera,Sotillo de la Ribera,41.7772,-3.8253,Burgos
sotillo-de-las-palomas,Sotillo de las Palomas,40.1036,-4.8274,Toledo
sotillo-del-rincon,Sotillo del Rincón,41.9322,-2.603,Soria
soto-de-cerrato,Soto de Cerrato,41.9531,-4.43,Palencia
soto-de-vinuelas,Soto de Viñuelas,40.6102,-3.6888,
soto-de-la-vega,Soto de la Vega,42.3323,-5.8822,León
soto-del-barco,Soto del Barco,43.5329,-6.0698,Asturias
soto-del-real,Soto del Real,40.7526,-3.7802,Madrid
soto-en-cameros,Soto en Cameros,42.2859,-2.426,La Rioja
soto-y-amio,Soto y Amío,42.7748,-5.8869,León
sotobanado-y-priorato,Sotobañado y Priorato,42.5899,-4.4418,Palencia
sotodosos,Sotodosos,40.9215,-2.3921,Guadalajara
sotosalbos,Sotosalbos,41.0354,-3.9411,Segovia
sotoserrano,Sotoserrano,40.435,-6.0326,Salamanca
sotragero,Sotragero,42.41,-3.7131,Burgos
sotresgudo,Sotresgudo,42.5793,-4.1772,Burgos
suances,Suances,43.4334,-4.0434,Cantabria
subirats,Subirats,41.4,1.8333,Barcelona
sueca,Sueca,39.2026,-0.3111,Valencia
suellacabras,Suellacabras,41.853,-2.224,Soria
sufli,Suflí,37.3387,-2.3882,Almería
sumacarcer,Sumacàrcer,39.1,-0.6333,Valencia
sunbilla,Sunbilla,43.1667,-1.6667,Navarra
sunyer,Sunyer,41.5227,0.592,Lleida
susinos-del-paramo,Susinos del Páramo,42.4711,-3.9255,Burgos
susqueda,Susqueda,41.9778,2.5165,Girona
sadaba,Sádaba,42.2818,-1.2695,Zaragoza
sastago,Sástago,41.3217,-0.3508,Zaragoza
soller,Sóller,39.7662,2.7152,Illes Balears
suria,Súria,41.8333,1.75,Barcelona
tabanera-de-cerrato,Tabanera de Cerrato,42.0247,-4.1236,Palencia
tabanera-de-valdavia,Tabanera de Valdavia,42.6473,-4.6941,Palencia
tabanera-la-luenga,Tabanera la Luenga,41.0965,-4.2394,Segovia
tabera-de-abajo,Tabera de Abajo,40.9102,-6.0023,Salamanca
tabernas,Tabernas,37.0499,-2.3908,Almería
taberno,Taberno,37.4688,-2.0774,Almería
taboada,Taboada,42.699,-7.823,Lugo
taboadela,Taboadela,42.2423,-7.8272,Ourense
tabuenca,Tabuenca,41.695,-1.5433,Zaragoza
tacoronte,Tacoronte,28.4769,-16.4102,Santa Cruz de Tenerife
tafalla,Tafalla,42.5269,-1.6745,Navarra
tagamanent,Tagamanent,41.7375,2.2672,Barcelona
tahal,Tahal,37.228,-2.2847,Almería
tajahuerce,Tajahuerce,41.7399,-2.1507,Soria
tajueco,Tajueco,41.5364,-2.8485,Soria
talamanca,Talamanca,41.7374,1.9779,Barcelona
talamanca-de-jarama,Talamanca de Jarama,40.7433,-3.5089,Madrid
talamantes,Talamantes,41.7305,-1.6786,Zaragoza
talarrubias,Talarrubias,39.037,-5.2342,Badajoz
talavera-la-real,Talavera la Real,38.8779,-6.7686,Badajoz
talavera-de-la-reina,Talavera de la Reina,39.9635,-4.8308,Toledo
talavan,Talaván,39.7171,-6.2815,Cáceres
talayuela,Talayuela,39.987,-5.6098,Cáceres
talayuelas,Talayuelas,39.85,-1.2833,Cuenca
tales,Tales,39.9484,-0.3072,Castellón
tamajon,Tamajón,40.9991,-3.2474,Guadalajara
tamames,Tamames,40.6572,-6.1054,Salamanca
tamarit-de-llitera-tamarite-de-litera,Tamarit de Llitera / Tamarite de Litera,41.8691,0.4221,
tamariz-de-campos,Tamariz de Campos,41.9771,-5.0233,Valladolid
tamaron,Tamarón,42.2739,-3.9915,Burgos
tamurejo,Tamurejo,38.9833,-4.9333,Badajoz
tanque,Tanque,28.3558,-16.7799,
tapia-de-casariego,Tapia de Casariego,43.5702,-6.9438,Asturias
tapioles,Tapioles,41.8574,-5.4962,Zamora
taradell,Taradell,41.8749,2.2866,Barcelona
taragudo,Taragudo,40.8211,-3.0768,Guadalajara
taramundi,Taramundi,43.3602,-7.1083,Asturias
tarancon,Tarancón,40.0085,-3.0073,Cuenca
taravilla,Taravilla,40.6974,-1.9682,Guadalajara
tarazona,Tarazona,41.9047,-1.7268,Zaragoza
tarazona-de-guarena,Tarazona de Guareña,41.1721,-5.25,Salamanca
tarazona-de-la-mancha,Tarazona de la Mancha,39.25,-1.9167,Albacete
tardajos,Tardajos,42.3491,-3.817,Burgos
tardelcuende,Tardelcuende,41.594,-2.6444,Soria
tardienta,Tardienta,41.9778,-0.5373,Huesca
tardaguila,Tardáguila,41.1149,-5.5742,Salamanca
tarifa,Tarifa,36.0139,-5.607,Cádiz
taroda,Taroda,41.348,-2.4332,Soria
tarragona,Tarragona,41.1191,1.2454,Tarragona
tartanedo,Tartanedo,40.9935,-1.9246,Guadalajara
tauste,Tauste,41.918,-1.2534,Zaragoza
tavernes-blanques,Tavernes Blanques,39.5,-0.3667,Valencia
tavernes-de-la-valldigna,Tavernes de la Valldigna,39.072,-0.2662,Valencia
tavertet,Tavertet,41.9957,2.4186,Barcelona
tazacorte,Tazacorte,28.6419,-17.9339,Santa Cruz de Tenerife
teba,Teba,36.9836,-4.9191,Málaga
tegueste,Tegueste,28.5224,-16.3407,Santa Cruz de Tenerife
teguise,Teguise,29.0605,-13.564,Las Palmas
teia,Teià,41.498,2.3221,Barcelona
tejada,Tejada,41.9525,-3.5351,Burgos
tejadillos,Tejadillos,40.1333,-1.6333,Cuenca
tejado,Tejado,41.5889,-2.2672,Soria
tejeda,Tejeda,27.9951,-15.6154,Las Palmas
tejeda-de-tietar,Tejeda de Tiétar,40.0179,-5.8695,Cáceres
tejeda-y-segoyuela,Tejeda y Segoyuela,40.6315,-6.0231,Salamanca
telde,Telde,27.9924,-15.4192,Las Palmas
tembleque,Tembleque,39.6954,-3.5043,Toledo
tendilla,Tendilla,40.5438,-2.9578,Guadalajara
tenebron,Tenebrón,40.6245,-6.3545,Salamanca
teo,Teo,42.795,-8.548,A Coruña
teror,Teror,28.0606,-15.5491,Las Palmas
terque,Terque,36.9839,-2.5968,Almería
terrades,Terrades,42.3103,2.8386,Girona
terradillos,Terradillos,40.8384,-5.5416,Salamanca
terradillos-de-esgueva,Terradillos de Esgueva,41.8188,-3.8432,Burgos
terrassa,Terrassa,41.5667,2.0167,Barcelona
terrateig,Terrateig,38.8945,-0.3199,Valencia
terrer,Terrer,41.3281,-1.7133,Zaragoza
terriente,Terriente,40.2974,-1.504,Teruel
terrinches,Terrinches,38.6106,-2.8422,Ciudad Real
terroba,Terroba,42.2581,-2.4438,La Rioja
teruel,Teruel,40.3456,-1.1065,Teruel
terzaga,Terzaga,40.6951,-1.9039,Guadalajara
tetuan-de-las-victorias,Tetuán de las Victorias,40.4597,-3.6975,
teulada,Teulada,38.7294,0.1038,Alicante
tiana,Tiana,41.482,2.267,Barcelona
tibi,Tibi,38.5307,-0.5778,Alicante
tiedra,Tiedra,41.6524,-5.2669,Valladolid
tielmes,Tielmes,40.2465,-3.3146,Madrid
tierz,Tierz,42.1336,-0.3549,Huesca
tierzo,Tierzo,40.7493,-1.9307,Guadalajara
tijarafe,Tijarafe,28.7,-17.95,Santa Cruz de Tenerife
timon,Timón,40.4844,-3.5973,
tinajas,Tinajas,40.3255,-2.5823,Cuenca
tinajo,Tinajo,29.0633,-13.6765,Las Palmas
tineo,Tineo,43.3376,-6.4145,Asturias
tirapu,Tirapu,42.6574,-1.7026,Navarra
tirgo,Tirgo,42.5459,-2.9494,La Rioja
titaguas,Titaguas,39.8667,-1.0833,Valencia
titulcia,Titulcia,40.1354,-3.5676,Madrid
tiurana,Tiurana,41.9753,1.2561,Lleida
tivenys,Tivenys,40.9079,0.5124,Tarragona
tivissa,Tivissa,41.0333,0.7333,Tarragona
tietar,Tiétar,40.0294,-5.4819,Cáceres
tinosillos,Tiñosillos,40.934,-4.7277,Ávila
tobar,Tobar,42.4838,-3.9398,Burgos
tobarra,Tobarra,38.5921,-1.6919,Albacete
tobed,Tobed,41.3387,-1.3998,Zaragoza
tobia,Tobía,42.2985,-2.814,La Rioja
tocina,Tocina,37.609,-5.734,Sevilla
todolella,Todolella,40.6467,-0.2467,Castellón
toga,Toga,40.05,-0.3667,Castellón
tolbanos,Tolbaños,40.7517,-4.5819,Ávila
toledo,Toledo,39.8581,-4.0226,Toledo
tollos,Tollos,38.7563,-0.2747,Alicante
tolocirio,Tolocirio,41.1343,-4.6512,Segovia
toloriu,Toloriu,42.3621,1.6276,
tolosa,Tolosa,43.1348,-2.078,Gipuzkoa
tolox,Tolox,36.6872,-4.9051,Málaga
tomares,Tomares,37.3728,-6.0459,Sevilla
tomelloso,Tomelloso,39.1576,-3.0216,Ciudad Real
tomino,Tomiño,41.9877,-8.755,Pontevedra
tona,Tona,41.8479,2.2281,Barcelona
topas,Topas,41.1576,-5.634,Salamanca
toral-de-los-guzmanes,Toral de los Guzmanes,42.2427,-5.5677,León
tordehumos,Tordehumos,41.8153,-5.1581,Valladolid
tordellego,Tordellego,40.7216,-1.6704,Guadalajara
tordelrabano,Tordelrábano,41.2183,-2.7579,Guadalajara
tordera,Tordera,41.6991,2.7189,Barcelona
tordesillas,Tordesillas,41.502,-5.0015,Valladolid
tordesilos,Tordesilos,40.6707,-1.5937,Guadalajara
tordillos,Tordillos,40.8527,-5.3528,Salamanca
tordomar,Tordómar,42.0463,-3.8651,Burgos
torello,Torelló,42.0463,2.2668,Barcelona
toreno,Toreno,42.6996,-6.5124,León
torija,Torija,40.7425,-3.0283,Guadalajara
toril,Toril,39.8975,-5.7795,Cáceres
torlengua,Torlengua,41.4548,-2.1618,Soria
tormantos,Tormantos,42.4943,-3.0745,La Rioja
tormellas,Tormellas,40.304,-5.5118,Ávila
tormos,Tormos,38.8014,-0.0716,Alicante
tormon,Tormón,40.2027,-1.3541,Teruel
tornabous,Tornabous,41.7012,1.0538,Lleida
tornadizos-de-avila,Tornadizos de Ávila,40.6276,-4.6143,Ávila
tornavacas,Tornavacas,40.255,-5.6888,Cáceres
tornos,Tornos,40.9619,-1.4339,Teruel
toro,Toro,41.5242,-5.3953,Zamora
torquemada,Torquemada,42.0349,-4.3184,Palencia
torralba,Torralba,40.3025,-2.2855,Cuenca
torralba-de-aragon,Torralba de Aragón,41.9349,-0.5105,Huesca
torralba-de-calatrava,Torralba de Calatrava,39.0179,-3.7511,Ciudad Real
torralba-de-oropesa,Torralba de Oropesa,39.9338,-5.154,Toledo
torralba-de-ribota,Torralba de Ribota,41.418,-1.6843,Zaragoza
torralba-de-los-frailes,Torralba de los Frailes,41.0362,-1.6605,Zaragoza
torralba-de-los-sisones,Torralba de los Sisones,40.8908,-1.4587,Teruel
torralba-del-pinar,Torralba del Pinar,39.9833,-0.4333,Castellón
torralbilla,Torralbilla,41.2101,-1.338,Zaragoza
torre-alhaquime,Torre Alháquime,36.9159,-5.2338,Cádiz
torre-baro,Torre Baró,41.4549,2.1742,
torre-val-de-san-pedro,Torre Val de San Pedro,41.0753,-3.8712,Segovia
torre-de-arcas,Torre de Arcas,40.7514,-0.0689,Teruel
torre-de-don-miguel,Torre de Don Miguel,40.2233,-6.5769,Cáceres
torre-de-esgueva,Torre de Esgueva,41.7682,-4.2,Valladolid
torre-de-juan-abad,Torre de Juan Abad,38.5842,-3.0599,Ciudad Real
torre-de-miguel-sesmero,Torre de Miguel Sesmero,38.6191,-6.7958,Badajoz
torre-de-penafiel,Torre de Peñafiel,41.5365,-4.0883,Valladolid
torre-de-santa-maria,Torre de Santa María,39.2544,-6.1161,Cáceres
torre-de-la-horadada,Torre de la Horadada,37.8697,-0.7584,
torre-de-las-arcas,Torre de las Arcas,40.8417,-0.7178,Teruel
torre-del-bierzo,Torre del Bierzo,42.6077,-6.3667,León
torre-del-burgo,Torre del Burgo,40.7918,-3.0772,Guadalajara
torre-del-campo,Torre del Campo,37.7705,-3.8973,
torre-del-compte,Torre del Compte,40.9363,0.1093,Teruel
torre-del-mar,Torre del Mar,36.742,-4.0929,
torre-en-cameros,Torre en Cameros,42.2413,-2.5181,La Rioja
torre-los-negros,Torre los Negros,40.8531,-1.0978,Teruel
torre-cardela,Torre-Cardela,37.5046,-3.3561,Granada
torre-pacheco,Torre-Pacheco,37.7429,-0.954,Murcia
torreadrada,Torreadrada,41.4447,-3.84,Segovia
torrebesses,Torrebesses,41.4333,0.6,Lleida
torreblacos,Torreblacos,41.6693,-2.8788,Soria
torreblanca,Torreblanca,40.2203,0.1965,Castellón
torreblascopedro,Torreblascopedro,37.9975,-3.6378,Jaén
torrecaballeros,Torrecaballeros,40.9921,-4.0247,Segovia
torrecampo,Torrecampo,38.4667,-4.6667,Córdoba
torrechiva,Torrechiva,40.05,-0.4,Castellón
torrecilla-de-alcaniz,Torrecilla de Alcañiz,40.9606,-0.0908,Teruel
torrecilla-de-la-abadesa,Torrecilla de la Abadesa,41.485,-5.0876,Valladolid
torrecilla-de-la-jara,Torrecilla de la Jara,39.7043,-4.7719,Toledo
torrecilla-de-la-orden,Torrecilla de la Orden,41.2189,-5.2238,Valladolid
torrecilla-de-la-torre,Torrecilla de la Torre,41.6672,-5.0498,Valladolid
torrecilla-de-los-angeles,Torrecilla de los Ángeles,40.2479,-6.4161,Cáceres
torrecilla-del-monte,Torrecilla del Monte,42.0949,-3.6936,Burgos
torrecilla-del-pinar,Torrecilla del Pinar,41.3736,-4.0384,Segovia
torrecilla-del-rebollar,Torrecilla del Rebollar,40.9098,-1.0724,Teruel
torrecilla-en-cameros,Torrecilla en Cameros,42.2553,-2.6311,La Rioja
torrecilla-sobre-alesanco,Torrecilla sobre Alesanco,42.4083,-2.8338,La Rioja
torrecillas-de-la-tiesa,Torrecillas de la Tiesa,39.5684,-5.7424,Cáceres
torrecuadrada-de-molina,Torrecuadrada de Molina,40.7495,-1.8071,Guadalajara
torrecuadradilla,Torrecuadradilla,40.8536,-2.5322,Guadalajara
torredembarra,Torredembarra,41.145,1.3986,Tarragona
torredonjimeno,Torredonjimeno,37.7675,-3.9578,Jaén
torrefarrera,Torrefarrera,41.6732,0.6067,Lleida
torregalindo,Torregalindo,41.583,-3.7522,Burgos
torregamones,Torregamones,41.487,-6.1833,Zamora
torrehermosa,Torrehermosa,41.2377,-2.128,Zaragoza
torreiglesias,Torreiglesias,41.1024,-4.0328,Segovia
torrejoncillo,Torrejoncillo,39.8967,-6.4671,Cáceres
torrejoncillo-del-rey,Torrejoncillo del Rey,40.0084,-2.5711,Cuenca
torrejon-de-ardoz,Torrejón de Ardoz,40.4554,-3.4697,Madrid
torrejon-de-velasco,Torrejón de Velasco,40.1875,-3.7768,Madrid
torrejon-de-la-calzada,Torrejón de la Calzada,40.1989,-3.797,Madrid
torrejon-del-rey,Torrejón del Rey,40.6433,-3.3338,Guadalajara
torrejon-el-rubio,Torrejón el Rubio,39.7707,-6.0126,Cáceres
torrelaguna,Torrelaguna,40.8276,-3.5368,Madrid
torrelapaja,Torrelapaja,41.5813,-1.9518,Zaragoza
torrelara,Torrelara,42.1667,-3.5169,Burgos
torrelavega,Torrelavega,43.3494,-4.0479,Cantabria
torrella,Torrella,38.9845,-0.5673,Valencia
torrellas,Torrellas,41.8944,-1.7714,Zaragoza
torrelles-de-llobregat,Torrelles de Llobregat,41.35,1.9833,Barcelona
torrelobaton,Torrelobatón,41.6494,-5.0253,Valladolid
torrelodones,Torrelodones,40.5765,-3.9266,Madrid
torremayor,Torremayor,38.9014,-6.5386,Badajoz
torremegia,Torremegía,38.7904,-6.3767,
torremenga,Torremenga,40.0466,-5.7747,Cáceres
torremocha,Torremocha,39.3456,-6.1734,Cáceres
torremocha-de-jadraque,Torremocha de Jadraque,41.0188,-2.8992,Guadalajara
torremocha-de-jarama,Torremocha de Jarama,40.8415,-3.4967,Madrid
torremocha-del-campo,Torremocha del Campo,40.9782,-2.6188,Guadalajara
torremocha-del-pinar,Torremocha del Pinar,40.8895,-2.045,Guadalajara
torremochuela,Torremochuela,40.7653,-1.8419,Guadalajara
torremolinos,Torremolinos,36.6204,-4.4998,Málaga
torremontalbo,Torremontalbo,42.5,-2.6833,La Rioja
torremormojon,Torremormojón,41.9602,-4.7777,Palencia
torrent,Torrent,39.437,-0.4655,Girona
torrent,Torrent,41.9524,3.1268,Girona
torrenueva,Torrenueva,38.6396,-3.3626,Ciudad Real
torrenueva,Torrenueva,36.704,-3.4897,Ciudad Real
torreorgaz,Torreorgaz,39.3831,-6.2494,Cáceres
torreperogil,Torreperogil,38.0354,-3.29,Jaén
torrequemada,Torrequemada,39.3666,-6.2205,Cáceres
torres,Torres,37.7854,-3.509,Jaén
torres-de-albarracin,Torres de Albarracín,40.4271,-1.5324,Teruel
torres-de-alcanadre,Torres de Alcanadre,41.9673,-0.111,Huesca
torres-de-barbues,Torres de Barbués,41.9605,-0.4335,Huesca
torres-de-berrellen,Torres de Berrellén,41.758,-1.0655,Zaragoza
torres-de-segre,Torres de Segre,41.534,0.5142,Lleida
torres-de-la-alameda,Torres de la Alameda,40.4026,-3.3577,Madrid
torres-del-carrizal,Torres del Carrizal,41.617,-5.6717,Zamora
torres-del-rio,Torres del Río,42.5516,-2.2729,Navarra
torresandino,Torresandino,41.8292,-3.9098,Burgos
torrescarcela,Torrescárcela,41.4845,-4.3192,Valladolid
torresmenudas,Torresmenudas,41.1025,-5.7847,Salamanca
torrevelilla,Torrevelilla,40.902,-0.1098,Teruel
torrevieja,Torrevieja,37.9787,-0.6822,Alicante
torrico,Torrico,39.8292,-5.2258,Toledo
torrijas,Torrijas,40.0167,-0.95,Teruel
torrijo-de-la-canada,Torrijo de la Cañada,41.473,-1.8744,Zaragoza
torrijo-del-campo,Torrijo del Campo,40.8257,-1.3377,Teruel
torrijos,Torrijos,39.9819,-4.2835,Toledo
torroella-de-fluvia,Torroella de Fluvià,42.1752,3.0402,Girona
torroella-de-montgri,Torroella de Montgrí,42.0425,3.127,Girona
torrox,Torrox,36.7579,-3.9523,Málaga
torrubia,Torrubia,40.9658,-1.9006,Guadalajara
torrubia-de-soria,Torrubia de Soria,41.6305,-2.0915,Soria
torrubia-del-campo,Torrubia del Campo,39.8975,-2.9613,Cuenca
torrubia-del-castillo,Torrubia del Castillo,39.6585,-2.3117,Cuenca
tortosa,Tortosa,40.8125,0.5216,Tarragona
tortuera,Tortuera,40.9718,-1.7976,Guadalajara
tortuero,Tortuero,40.9341,-3.3502,Guadalajara
tora-de-riubregos,Torà de Riubregós,41.8167,1.4,
toras,Torás,39.9167,-0.6833,Castellón
tosantos,Tosantos,42.4137,-3.2429,Burgos
toses,Toses,42.3216,2.0158,Girona
tosos,Tosos,41.3154,-1.0729,Zaragoza
tossa-de-mar,Tossa de Mar,41.7167,2.9333,Girona
totalan,Totalán,36.7653,-4.2971,Málaga
totana,Totana,37.7688,-1.5023,Murcia
totanes,Totanés,39.7106,-4.2265,Toledo
touro,Touro,42.8681,-8.3076,A Coruña
tous,Tous,39.1395,-0.5878,Valencia
toen,Toén,42.3177,-7.9543,Ourense
trabada,Trabada,43.4447,-7.1953,Lugo
trabadelo,Trabadelo,42.6487,-6.88,León
trabanca,Trabanca,41.2328,-6.3848,Salamanca
trabazos,Trabazos,41.7479,-6.4909,Zamora
trafalgar,Trafalgar,40.4329,-3.7011,
traiguera,Traiguera,40.5251,0.2902,Castellón
tramacastiel,Tramacastiel,40.1884,-1.2408,Teruel
tramacastilla,Tramacastilla,40.4306,-1.5747,Teruel
tramaced,Tramaced,41.9732,-0.2975,Huesca
trasierra,Trasierra,38.1833,-6.0,Badajoz
trasmiras,Trasmiras,42.0254,-7.6174,Ourense
trasmoz,Trasmoz,41.826,-1.7228,Zaragoza
trasobares,Trasobares,41.6431,-1.6419,Zaragoza
traspinedo,Traspinedo,41.5751,-4.4757,Valladolid
trazo,Trazo,43.0167,-8.5333,A Coruña
trebujena,Trebujena,36.8708,-6.1759,Cádiz
trefacio,Trefacio,42.1217,-6.6541,Zamora
tremedal-de-tormes,Tremedal de Tormes,41.0742,-6.1816,Salamanca
tremp,Tremp,42.167,0.8949,Lleida
tres-cantos,Tres Cantos,40.6009,-3.7081,Madrid
trescasas,Trescasas,40.9644,-4.0359,Segovia
tresjuncos,Tresjuncos,39.7009,-2.755,Cuenca
trespaderne,Trespaderne,42.8022,-3.3899,Burgos
tresviso,Tresviso,43.2575,-4.6677,Cantabria
treviana,Treviana,42.559,-3.0503,La Rioja
trevelez,Trevélez,37.0004,-3.2654,Granada
tribaldos,Tribaldos,39.9726,-2.8981,Cuenca
tricio,Tricio,42.4022,-2.7191,La Rioja
trigueros,Trigueros,37.3861,-6.8268,Huelva
trigueros-del-valle,Trigueros del Valle,41.8305,-4.6518,Valladolid
trijueque,Trijueque,40.7743,-2.9925,Guadalajara
trillo,Trillo,40.7009,-2.5926,Guadalajara
triollo,Triollo,42.9246,-4.6813,Palencia
tronchon,Tronchón,40.6209,-0.3983,Teruel
truchas,Truchas,42.2609,-6.436,León
trujillanos,Trujillanos,38.9523,-6.2576,Badajoz
trujillo,Trujillo,39.4579,-5.882,Cáceres
tubilla-del-agua,Tubilla del Agua,42.7093,-3.8012,Burgos
tubilla-del-lago,Tubilla del Lago,41.8015,-3.5863,Burgos
tudela,Tudela,42.0617,-1.6045,Navarra
tudela-de-duero,Tudela de Duero,41.5845,-4.5809,Valladolid
tudelilla,Tudelilla,42.3002,-2.1175,La Rioja
tui,Tui,42.0471,-8.6443,Pontevedra
tuineje,Tuineje,28.3237,-14.0472,Las Palmas
tulebras,Tulebras,41.977,-1.6762,Navarra
turcia,Turcia,42.5343,-5.8784,León
turleque,Turleque,39.6014,-3.614,Toledo
turre,Turre,37.1522,-1.895,Almería
turrillas,Turrillas,37.0295,-2.2661,Almería
turegano,Turégano,41.1561,-4.007,Segovia
turis,Turís,39.3833,-0.7,Valencia
tuejar,Tuéjar,39.7667,-1.0333,Valencia
tarrega,Tàrrega,41.647,1.1396,Lleida
tabara,Tábara,41.8246,-5.9642,Zamora
taliga,Táliga,38.5286,-7.0171,Badajoz
tebar,Tébar,39.5,-2.1667,Cuenca
termens,Térmens,41.7167,0.7667,Lleida
tias,Tías,28.9611,-13.645,Las Palmas
tijola,Tíjola,37.3461,-2.4333,Almería
tortola-de-henares,Tórtola de Henares,40.7043,-3.1232,Guadalajara
tortoles,Tórtoles,40.5612,-5.2612,Ávila
ubide,Ubide,43.024,-2.6876,Bizkaia
ubrique,Ubrique,36.6778,-5.446,Cádiz
uceda,Uceda,40.8394,-3.4604,Guadalajara
ucero,Ucero,41.7169,-3.0515,Soria
ucles,Uclés,39.9794,-2.8614,Cuenca
ugena,Ugena,40.1557,-3.876,Toledo
ugijar,Ugíjar,36.9609,-3.0552,Granada
ujados,Ujados,41.2353,-3.0048,Guadalajara
ujue,Ujué,42.5,-1.5,
ulea,Ulea,38.1405,-1.3301,Murcia
uleila-del-campo,Uleila del Campo,37.1846,-2.2049,Almería
ullastrell,Ullastrell,41.5264,1.9554,Barcelona
ullastret,Ullastret,42.0,3.0667,Girona
ulldecona,Ulldecona,40.5973,0.4472,Tarragona
ulldemolins,Ulldemolins,41.3222,0.8765,Tarragona
ulla,Ullà,42.0496,3.1075,Girona
ultramort,Ultramort,42.0364,3.0345,Girona
umbrete,Umbrete,37.3688,-6.1585,Sevilla
umbrias,Umbrías,40.3153,-5.5804,Ávila
uncastillo,Uncastillo,42.3596,-1.1284,Zaragoza
undues-de-lerda,Undués de Lerda,42.5657,-1.1694,Zaragoza
universidad,Universidad,40.4257,-3.7071,
unzue,Unzué,42.6525,-1.626,
urbanizacion-casas-viejas,Urbanizacion Casas Viejas,38.9829,-1.9406,
urda,Urda,39.4118,-3.7149,Toledo
urdazubi-urdax,Urdazubi/Urdax,43.2673,-1.5039,Navarra
urdiales-del-paramo,Urdiales del Páramo,42.3703,-5.773,León
urduna-orduna,Urduña/Orduña,42.9943,-3.0097,Bizkaia
urnieta,Urnieta,43.2473,-1.9908,Gipuzkoa
urones-de-castroponce,Urones de Castroponce,42.0991,-5.2822,Valladolid
urrea-de-jalon,Urrea de Jalón,41.6671,-1.2342,Zaragoza
urretxu,Urretxu,43.091,-2.317,Gipuzkoa
urries,Urriés,42.5194,-1.1302,Zaragoza
urracal,Urrácal,37.3974,-2.3649,Almería
uruena,Urueña,41.7274,-5.203,Valladolid
uruenas,Urueñas,41.3559,-3.7739,Segovia
urunuela,Uruñuela,42.4431,-2.7075,La Rioja
urzainqui,Urzainqui,42.8303,-0.9462,
urus,Urús,42.3513,1.8534,Girona
usagre,Usagre,38.35,-6.1667,Badajoz
used,Used,41.0555,-1.5595,Zaragoza
usera,Usera,40.3887,-3.7003,
usurbil,Usurbil,43.2716,-2.0491,Gipuzkoa
utande,Utande,40.8483,-2.9277,Guadalajara
utebo,Utebo,41.7083,-0.9992,Zaragoza
uterga,Uterga,42.7098,-1.76,Navarra
utiel,Utiel,39.5667,-1.2,Valencia
utrera,Utrera,37.1852,-5.7809,Sevilla
utrillas,Utrillas,40.8127,-0.8455,Teruel
una,Uña,40.2241,-1.9779,Cuenca
una-de-quintana,Uña de Quintana,42.0866,-6.1448,Zamora
vadillo,Vadillo,41.7911,-3.0084,Soria
vadillo-de-la-guarena,Vadillo de la Guareña,41.2824,-5.353,Zamora
vadillo-de-la-sierra,Vadillo de la Sierra,40.6063,-5.1251,Ávila
vadocondes,Vadocondes,41.6392,-3.5738,Burgos
val-de-san-lorenzo,Val de San Lorenzo,42.4182,-6.1239,León
val-de-san-martin,Val de San Martín,41.0579,-1.4493,Zaragoza
valacloche,Valacloche,40.1909,-1.0913,Teruel
valbona,Valbona,40.2288,-0.8108,Teruel
valbuena-de-duero,Valbuena de Duero,41.6432,-4.2927,Valladolid
valbuena-de-pisuerga,Valbuena de Pisuerga,42.1458,-4.2401,Palencia
valcabado,Valcabado,41.5486,-5.7492,Zamora
valdaracete,Valdaracete,40.2077,-3.191,Madrid
valdarachas,Valdarachas,40.5171,-3.1265,Guadalajara
valdastillas,Valdastillas,40.1329,-5.8793,Cáceres
valdeacederas,Valdeacederas,40.467,-3.7042,
valdealgorfa,Valdealgorfa,40.9907,-0.0343,Teruel
valdeande,Valdeande,41.833,-3.5279,Burgos
valdearcos-de-la-vega,Valdearcos de la Vega,41.6426,-4.0484,Valladolid
valdearenas,Valdearenas,40.8094,-2.9922,Guadalajara
valdeavellano,Valdeavellano,40.6656,-2.9698,Guadalajara
valdeavellano-de-tera,Valdeavellano de Tera,41.9423,-2.5763,Soria
valdeavero,Valdeavero,40.6298,-3.33,Madrid
valdeaveruelo,Valdeaveruelo,40.6347,-3.3137,Guadalajara
valdebernardo,Valdebernardo,40.4007,-3.6213,
valdecaballeros,Valdecaballeros,39.2429,-5.19,Badajoz
valdecarros,Valdecarros,40.7701,-5.4222,Salamanca
valdecasa,Valdecasa,40.6593,-5.0118,Ávila
valdecanas-de-tajo,Valdecañas de Tajo,39.7592,-5.6195,Cáceres
valdeconcha,Valdeconcha,40.4564,-2.8766,Guadalajara
valdecuenca,Valdecuenca,40.2978,-1.4083,Teruel
valdefinjas,Valdefinjas,41.4517,-5.4523,Zamora
valdefresno,Valdefresno,42.5949,-5.4935,León
valdefuentes,Valdefuentes,39.2743,-6.1218,Cáceres
valdefuentes,Valdefuentes,40.4937,-3.6359,Cáceres
valdefuentes-de-sangusin,Valdefuentes de Sangusín,40.4658,-5.8329,Salamanca
valdefuentes-del-paramo,Valdefuentes del Páramo,42.3237,-5.831,León
valdeganga,Valdeganga,39.1351,-1.677,Albacete
valdegrudas,Valdegrudas,40.7112,-3.0121,Guadalajara
valdehijaderos,Valdehijaderos,40.4192,-5.8479,Salamanca
valdehorna,Valdehorna,41.0727,-1.4238,Zaragoza
valdehuncar,Valdehúncar,39.8366,-5.5231,Cáceres
valdelacalzada,Valdelacalzada,38.8894,-6.7003,Badajoz
valdelacasa,Valdelacasa,40.5063,-5.7635,Salamanca
valdelacasa-de-tajo,Valdelacasa de Tajo,39.7259,-5.283,Cáceres
valdelageve,Valdelageve,40.3695,-5.9908,Salamanca
valdelagua-del-cerro,Valdelagua del Cerro,41.8882,-2.1154,Soria
valdelarco,Valdelarco,37.9488,-6.682,Huelva
valdelcubo,Valdelcubo,41.2264,-2.6759,Guadalajara
valdelinares,Valdelinares,40.3911,-0.6059,Teruel
valdelosa,Valdelosa,41.1716,-5.7839,Salamanca
valdeltormo,Valdeltormo,40.9872,0.0834,Teruel
valdemadera,Valdemadera,41.9841,-2.074,La Rioja
valdemaluque,Valdemaluque,41.6738,-3.0464,Soria
valdemanco,Valdemanco,40.8704,-3.6587,Madrid
valdemanco-del-esteras,Valdemanco del Esteras,38.9386,-4.8292,Ciudad Real
valdemaqueda,Valdemaqueda,40.512,-4.2972,Madrid
valdemarin,Valdemarín,40.4681,-3.7789,
valdemeca,Valdemeca,40.2237,-1.7436,Cuenca
valdemierque,Valdemierque,40.8218,-5.5823,Salamanca
valdemora,Valdemora,42.1954,-5.4275,León
valdemorales,Valdemorales,39.2059,-6.0662,Cáceres
valdemorillo,Valdemorillo,40.5006,-4.0671,Madrid
valdemorillo-de-la-sierra,Valdemorillo de la Sierra,40.0333,-1.7833,Cuenca
valdemoro,Valdemoro,40.1908,-3.6789,Madrid
valdemoro-sierra,Valdemoro-Sierra,40.1,-1.7667,Cuenca
valdenebro,Valdenebro,41.5717,-2.9642,Soria
valdenebro-de-los-valles,Valdenebro de los Valles,41.8569,-4.97,Valladolid
valdeobispo,Valdeobispo,40.083,-6.2476,Cáceres
valdeolivas,Valdeolivas,40.506,-2.4453,Cuenca
valdeolmillos,Valdeolmillos,42.0412,-4.4002,Palencia
valdeolmos,Valdeolmos,40.6371,-3.4506,
valdepenas,Valdepeñas,38.7621,-3.3848,Ciudad Real
valdepenas-de-jaen,Valdepeñas de Jaén,37.589,-3.8145,Jaén
valdepenas-de-la-sierra,Valdepeñas de la Sierra,40.9056,-3.3841,Guadalajara
valdepielago,Valdepiélago,42.8689,-5.3976,León
valdepielagos,Valdepiélagos,40.7584,-3.4616,Madrid
valdepolo,Valdepolo,42.5769,-5.2251,León
valdeprado,Valdeprado,41.9377,-2.1092,Soria
valdeprados,Valdeprados,40.8177,-4.2573,Segovia
valderas,Valderas,42.0783,-5.4436,León
valderrebollo,Valderrebollo,40.8103,-2.7289,Guadalajara
valderrey,Valderrey,42.3941,-6.0215,León
valderrobres,Valderrobres,40.8721,0.1543,Teruel
valderrodilla,Valderrodilla,41.5635,-2.8078,Soria
valderrodrigo,Valderrodrigo,41.0652,-6.5088,Salamanca
valderrubio,Valderrubio,37.2338,-3.8201,Granada
valderrueda,Valderrueda,42.8156,-4.9473,León
valderrabano,Valderrábano,42.6067,-4.6558,Palencia
valdesamario,Valdesamario,42.7209,-5.951,León
valdescorriel,Valdescorriel,42.0223,-5.51,Zamora
valdesotos,Valdesotos,40.9555,-3.3254,Guadalajara
valdestillas,Valdestillas,41.477,-4.7712,Valladolid
valdetorres,Valdetorres,38.9154,-6.0677,Badajoz
valdetorres-de-jarama,Valdetorres de Jarama,40.6937,-3.5116,Madrid
valdevacas-de-montejo,Valdevacas de Montejo,41.5207,-3.6357,Segovia
valdeverdeja,Valdeverdeja,39.7963,-5.2454,Toledo
valdevimbre,Valdevimbre,42.4196,-5.6197,León
valdezarza,Valdezarza,40.4652,-3.7173,
valdezate,Valdezate,41.6023,-3.9304,Burgos
valdezorras,Valdezorras,37.4294,-5.9263,
valdilecha,Valdilecha,40.2953,-3.3023,Madrid
valdorros,Valdorros,42.1723,-3.7094,Burgos
valdovino,Valdoviño,43.6,-8.1333,A Coruña
valdunciel,Valdunciel,41.0854,-5.6722,Salamanca
valdunquillo,Valdunquillo,42.0423,-5.3134,Valladolid
valdes,Valdés,36.7584,-4.2424,Asturias
valencia,València,39.4739,-0.3797,Valencia
valencia-de-alcantara,Valencia de Alcántara,39.4115,-7.2443,Cáceres
valencia-de-don-juan,Valencia de Don Juan,42.2937,-5.5172,León
valencia-de-las-torres,Valencia de las Torres,38.4052,-6.004,Badajoz
valencia-del-mombuey,Valencia del Mombuey,38.2424,-7.1197,Badajoz
valencia-del-ventoso,Valencia del Ventoso,38.2667,-6.4667,Badajoz
valencina-de-la-concepcion,Valencina de la Concepción,37.4162,-6.0742,Sevilla
valenzuela,Valenzuela,37.7756,-4.2204,Córdoba
valenzuela-de-calatrava,Valenzuela de Calatrava,38.8525,-3.7721,Ciudad Real
valero,Valero,40.5353,-5.9431,Salamanca
valfarta,Valfarta,41.5573,-0.133,Huesca
valfermoso-de-tajuna,Valfermoso de Tajuña,40.619,-2.9541,Guadalajara
valga,Valga,42.6979,-8.6396,Pontevedra
valganon,Valgañón,42.3178,-3.0673,La Rioja
valhermoso,Valhermoso,40.7859,-1.9612,Guadalajara
valhermoso-de-la-fuente,Valhermoso de la Fuente,39.5667,-2.0167,Cuenca
valjunquera,Valjunquera,40.9525,0.0257,Teruel
vall-de-almonacid,Vall de Almonacid,39.9,-0.45,Castellón
vall-de-ebo,Vall de Ebo,38.8056,-0.1589,
vall-de-gallinera,Vall de Gallinera,38.8231,-0.2417,
vallada,Vallada,38.8957,-0.691,Valencia
valladolid,Valladolid,41.6554,-4.7235,Valladolid
vallanca,Vallanca,40.0667,-1.3333,Valencia
vallarta-de-bureba,Vallarta de Bureba,42.5886,-3.2046,Burgos
vallbona,Vallbona,41.4634,2.1842,
vallbona-de-les-monges,Vallbona de les Monges,41.5263,1.0887,Lleida
vallcarca,Vallcarca,41.4121,2.1439,
vallcebre,Vallcebre,42.2035,1.8181,Barcelona
vallclara,Vallclara,41.3796,0.9834,Tarragona
valldemossa,Valldemossa,39.7104,2.6223,Illes Balears
valle-de-abdalagis,Valle de Abdalagís,36.9321,-4.6826,
valle-de-cerrato,Valle de Cerrato,41.8805,-4.3624,Palencia
valle-de-matamoros,Valle de Matamoros,38.3789,-6.8037,Badajoz
valle-de-santa-ana,Valle de Santa Ana,38.3664,-6.7886,Badajoz
valle-de-tabladillo,Valle de Tabladillo,41.363,-3.8397,Segovia
valle-de-la-serena,Valle de la Serena,38.7101,-5.7985,Badajoz
vallecas,Vallecas,40.3833,-3.6167,
vallecillo,Vallecillo,42.356,-5.2109,León
vallehermosa,Vallehermosa,28.1794,-17.2666,
vallehermoso,Vallehermoso,40.4429,-3.7112,Santa Cruz de Tenerife
vallejera-de-riofrio,Vallejera de Riofrío,40.4091,-5.7194,Salamanca
vallelado,Vallelado,41.4044,-4.4266,Segovia
valleruela-de-pedraza,Valleruela de Pedraza,41.1794,-3.8072,Segovia
valleruela-de-sepulveda,Valleruela de Sepúlveda,41.1879,-3.7728,Segovia
valles-de-palenzuela,Valles de Palenzuela,42.1202,-4.0775,Burgos
vallesa-de-la-guarena,Vallesa de la Guareña,41.1353,-5.3261,Zamora
valleseco,Valleseco,28.0433,-15.5762,Las Palmas
vallfogona-de-balaguer,Vallfogona de Balaguer,41.7521,0.8138,Lleida
vallfogona-de-riucorb,Vallfogona de Riucorb,41.5628,1.2369,Tarragona
vallgorguina,Vallgorguina,41.6482,2.51,Barcelona
vallibona,Vallibona,40.603,0.0464,Castellón
vallirana,Vallirana,41.3868,1.9321,Barcelona
vallmoll,Vallmoll,41.2431,1.249,Tarragona
vallromanes,Vallromanes,41.5333,2.3,Barcelona
valls,Valls,41.2861,1.2499,Tarragona
valluercanes,Valluércanes,42.5722,-3.1211,Burgos
vallvidrera-el-tibidabo-i-les-planes,"Vallvidrera, el Tibidabo i les Planes",41.4197,2.0891,
valles,Vallés,38.9852,-0.557,Valencia
valmadrid,Valmadrid,41.4435,-0.8848,Zaragoza
valmala,Valmala,42.3059,-3.2546,Burgos
valmojado,Valmojado,40.2044,-4.0915,Toledo
valoria-la-buena,Valoria la Buena,41.7997,-4.5305,Valladolid
valpalmas,Valpalmas,42.1582,-0.8548,Zaragoza
valsalabroso,Valsalabroso,41.1096,-6.5027,Salamanca
valsalobre,Valsalobre,40.6174,-2.093,Cuenca
valseca,Valseca,40.9993,-4.1751,Segovia
valsequillo-de-gran-canaria,Valsequillo de Gran Canaria,27.9856,-15.4972,Las Palmas
valtablado-del-rio,Valtablado del Río,40.7142,-2.4022,Guadalajara
valtajeros,Valtajeros,41.9381,-2.2229,Soria
valtiendas,Valtiendas,41.4785,-3.9177,Segovia
valtierra,Valtierra,42.1965,-1.6346,Navarra
valtorres,Valtorres,41.2985,-1.7408,Zaragoza
valverde,Valverde,27.8063,-17.9158,Santa Cruz de Tenerife
valverde,Valverde,40.5002,-3.6788,Santa Cruz de Tenerife
valverde-de-alcala,Valverde de Alcalá,40.4167,-3.2963,Madrid
valverde-de-burguillos,Valverde de Burguillos,38.3271,-6.5365,Badajoz
valverde-de-campos,Valverde de Campos,41.8351,-5.0367,Valladolid
valverde-de-jucar,Valverde de Júcar,39.7187,-2.2214,Cuenca
valverde-de-leganes,Valverde de Leganés,38.6706,-6.9804,Badajoz
valverde-de-llerena,Valverde de Llerena,38.2167,-5.8167,Badajoz
valverde-de-merida,Valverde de Mérida,38.9112,-6.22,Badajoz
valverde-de-valdelacasa,Valverde de Valdelacasa,40.4815,-5.7815,Salamanca
valverde-de-la-vera,Valverde de la Vera,40.1227,-5.4954,Cáceres
valverde-de-la-virgen,Valverde de la Virgen,42.5682,-5.6846,León
valverde-de-los-arroyos,Valverde de los Arroyos,41.1293,-3.2333,Guadalajara
valverde-del-camino,Valverde del Camino,37.5751,-6.7543,Huelva
valverde-del-fresno,Valverde del Fresno,40.2221,-6.8785,Cáceres
valverde-del-majano,Valverde del Majano,40.9569,-4.2347,Segovia
valverde-enrique,Valverde-Enrique,42.3046,-5.2999,León
valverdejo,Valverdejo,39.6167,-2.0167,Cuenca
valverdon,Valverdón,41.0469,-5.7695,Salamanca
vara-de-rey,Vara de Rey,39.426,-2.294,Cuenca
vecindario,Vecindario,27.8464,-15.4445,
vecinos,Vecinos,40.7788,-5.8781,Salamanca
vedra,Vedra,42.7782,-8.4764,A Coruña
vega-de-espinareda,Vega de Espinareda,42.7254,-6.6544,León
vega-de-infanzones,Vega de Infanzones,42.4812,-5.5329,León
vega-de-pas,Vega de Pas,43.1569,-3.7832,Cantabria
vega-de-ruiponce,Vega de Ruiponce,42.1881,-5.1148,Valladolid
vega-de-san-mateo,Vega de San Mateo,28.0089,-15.5333,Las Palmas
vega-de-santa-maria,Vega de Santa María,40.8362,-4.6429,Ávila
vega-de-tera,Vega de Tera,41.9976,-6.125,Zamora
vega-de-tirados,Vega de Tirados,41.0254,-5.8867,Salamanca
vega-de-valcarce,Vega de Valcarce,42.6607,-6.9379,León
vega-de-valdetronco,Vega de Valdetronco,41.5936,-5.1132,Valladolid
vega-de-villalobos,Vega de Villalobos,41.9706,-5.4632,Zamora
vega-del-codorno,Vega del Codorno,40.4246,-1.9131,Cuenca
vegacervera,Vegacervera,42.8881,-5.5355,León
vegadeo,Vegadeo,43.4683,-7.0539,Asturias
vegalatrave,Vegalatrave,41.7003,-6.1067,Zamora
veganzones,Veganzones,41.1931,-3.9933,Segovia
vegaquemada,Vegaquemada,42.8187,-5.3324,León
vegas-de-matute,Vegas de Matute,40.7948,-4.2776,Segovia
veguillas-de-la-sierra,Veguillas de la Sierra,40.15,-1.4,Teruel
vejer-de-la-frontera,Vejer de la Frontera,36.2521,-5.9672,Cádiz
velada,Velada,39.9769,-4.9764,Toledo
velamazan,Velamazán,41.449,-2.6993,Soria
velascalvaro,Velascálvaro,41.2303,-4.9724,Valladolid
velayos,Velayos,40.8416,-4.6232,Ávila
velefique,Velefique,37.1941,-2.4015,Almería
velez-rubio,Vélez-Rubio,37.6484,-2.0769,Almería
velilla,Velilla,41.5592,-5.0045,Valladolid
velilla-de-ebro,Velilla de Ebro,41.3742,-0.4348,Zaragoza
velilla-de-jiloca,Velilla de Jiloca,41.2751,-1.604,Zaragoza
velilla-de-san-antonio,Velilla de San Antonio,40.3652,-3.4848,Madrid
velilla-de-los-ajos,Velilla de los Ajos,41.4906,-2.2558,Soria
velilla-del-rio-carrion,Velilla del Río Carrión,42.8261,-4.8463,Palencia
vellisca,Vellisca,40.1296,-2.8144,Cuenca
velliza,Velliza,41.5792,-4.9466,Valladolid
venialbo,Venialbo,41.3896,-5.536,Zamora
venta-de-banos,Venta de Baños,41.9211,-4.4909,Palencia
venta-del-moro,Venta del Moro,39.4833,-1.35,Valencia
ventallo,Ventalló,42.1492,3.0263,Girona
ventas,Ventas,40.4225,-3.6474,
ventas-con-pena-aguilera,Ventas con Peña Aguilera,39.6103,-4.2313,
ventas-de-huelma,Ventas de Huelma,37.0684,-3.8198,Granada
ventosa,Ventosa,42.4049,-2.6265,La Rioja
ventosa-de-la-cuesta,Ventosa de la Cuesta,41.4111,-4.8293,Valladolid
ventosa-del-rio-almar,Ventosa del Río Almar,40.9273,-5.3484,Salamanca
ventrosa,Ventrosa,42.157,-2.8504,La Rioja
venturada,Venturada,40.7972,-3.6197,Madrid
vera,Vera,37.2435,-1.8591,Almería
vera-de-moncayo,Vera de Moncayo,41.824,-1.688,Zaragoza
verdun,Verdun,41.4427,2.1756,
verdu,Verdú,41.6106,1.1428,Lleida
verea,Verea,42.1065,-8.0009,Ourense
vergel,Vergel,38.8471,0.0103,
verges,Verges,42.0628,3.0458,Girona
vertavillo,Vertavillo,41.8328,-4.3271,Palencia
verin,Verín,41.9415,-7.4381,Ourense
vezdemarban,Vezdemarbán,41.6548,-5.3661,Zamora
viana,Viana,42.5155,-2.3712,Navarra
viana-de-cega,Viana de Cega,41.5293,-4.7524,Valladolid
viana-de-duero,Viana de Duero,41.5341,-2.461,Soria
viana-de-jadraque,Viana de Jadraque,41.0258,-2.7697,Guadalajara
viandar-de-la-vera,Viandar de la Vera,40.1219,-5.5359,Cáceres
viator,Viator,36.8901,-2.427,Almería
vic,Vic,41.9301,2.2549,Barcelona
vicalvaro,Vicálvaro,40.4,-3.6,
vidayanes,Vidayanes,41.9101,-5.5742,Zamora
videmala,Videmala,41.613,-6.0406,Zamora
vidreres,Vidreres,41.7833,2.7833,Girona
vidra,Vidrà,42.1228,2.3098,Girona
vielha,Vielha,42.702,0.7956,
vierlas,Vierlas,41.9271,-1.6812,Zaragoza
vigo,Vigo,42.2328,-8.7226,Pontevedra
viguera,Viguera,42.3093,-2.5333,La Rioja
vila-real,Vila-real,39.9383,-0.1009,Castellón
vila-sacra,Vila-sacra,42.2658,3.0184,Girona
vila-seca,Vila-seca,41.1112,1.1476,Tarragona
vilabella,Vilabella,41.2478,1.3302,Tarragona
vilabertran,Vilabertran,42.2826,2.9814,Girona
vilablareix,Vilablareix,41.9575,2.7738,Girona
vilada,Vilada,42.1369,1.9316,Barcelona
viladasens,Viladasens,42.0833,2.9333,Girona
viladecans,Viladecans,41.3141,2.0143,Barcelona
viladecavalls,Viladecavalls,41.55,1.95,Barcelona
vilademuls,Vilademuls,42.1389,2.8882,Girona
viladrau,Viladrau,41.8475,2.3902,Girona
vilafant,Vilafant,42.2467,2.9382,Girona
vilaflor,Vilaflor,28.1562,-16.6359,
vilafranca-de-bonany,Vilafranca de Bonany,39.5689,3.0882,Illes Balears
vilafranca-del-penedes,Vilafranca del Penedès,41.3462,1.6971,Barcelona
vilagarcia-de-arousa,Vilagarcía de Arousa,42.5963,-8.7643,Pontevedra
vilaion,Vilaión,43.4486,-6.7053,
vilajuiga,Vilajuïga,42.3253,3.093,Girona
vilalba,Vilalba,43.2981,-7.6813,Lugo
vilalba-dels-arcs,Vilalba dels Arcs,41.1167,0.4167,Tarragona
vilamacolum,Vilamacolum,42.1962,3.0566,Girona
vilamalla,Vilamalla,42.2172,2.9701,Girona
vilamaniscle,Vilamaniscle,42.3752,3.0676,Girona
vilamarxant,Vilamarxant,39.5692,-0.6245,Valencia
vilanant,Vilanant,42.2547,2.8892,Girona
vilanova-d-escornalbou,Vilanova d'Escornalbou,41.1167,0.9333,Tarragona
vilanova-de-arousa,Vilanova de Arousa,42.564,-8.828,Pontevedra
vilanova-de-bellpuig,Vilanova de Bellpuig,41.6138,0.9643,Lleida
vilanova-de-prades,Vilanova de Prades,41.3485,0.9567,Tarragona
vilanova-de-sau,Vilanova de Sau,41.947,2.3844,Barcelona
vilanova-del-cami,Vilanova del Camí,41.5716,1.6375,Barcelona
vilanova-i-la-geltru,Vilanova i la Geltrú,41.2239,1.7251,Barcelona
vilapicina-i-la-torre-llobeta,Vilapicina i la Torre Llobeta,41.4286,2.1741,
vilaplana,Vilaplana,41.228,1.0333,Tarragona
vilarino,Vilariño,42.1667,-7.1833,
vilarnaz,Vilarnaz,42.4005,-7.8631,
vilasantar,Vilasantar,43.0711,-8.1216,A Coruña
vilaseca,Vilaseca,42.0617,2.2553,
vilassar-de-mar,Vilassar de Mar,41.5051,2.3923,Barcelona
vilaxoan,Vilaxoán,42.5835,-8.7935,
vilches,Vilches,38.2069,-3.5103,Jaén
vilena,Vileña,42.6223,-3.3229,Burgos
villa-de-don-fadrique,Villa de Don Fadrique,39.615,-3.2191,
villa-de-vallecas,Villa de Vallecas,40.367,-3.6015,
villa-de-ves,Villa de Ves,39.2,-1.2333,Albacete
villa-del-campo,Villa del Campo,40.1422,-6.4268,Cáceres
villa-del-prado,Villa del Prado,40.2785,-4.3053,Madrid
villa-del-rey,Villa del Rey,39.6596,-6.8212,Cáceres
villa-del-rio,Villa del Río,37.9811,-4.29,Córdoba
villabaruz-de-campos,Villabaruz de Campos,42.011,-4.9962,Valladolid
villablanca,Villablanca,37.3024,-7.3441,Huelva
villablino,Villablino,42.9393,-6.3194,León
villabona,Villabona,43.1854,-2.053,Gipuzkoa
villabraz,Villabraz,42.2466,-5.4459,León
villabragima,Villabrágima,41.8218,-5.1155,Valladolid
villabrazaro,Villabrázaro,42.0539,-5.7275,Zamora
villabuena-del-puente,Villabuena del Puente,41.3807,-5.4079,Zamora
villabanez,Villabáñez,41.631,-4.5219,Valladolid
villacarralon,Villacarralón,42.19,-5.0432,Valladolid
villacarriedo,Villacarriedo,43.2285,-3.8106,Cantabria
villacarrillo,Villacarrillo,38.1156,-3.0848,Jaén
villacastin,Villacastín,40.7796,-4.4136,Segovia
villacanas,Villacañas,39.6237,-3.3381,Toledo
villacid-de-campos,Villacid de Campos,42.0825,-5.125,Valladolid
villacidaler,Villacidaler,42.2217,-4.9767,Palencia
villaciervos,Villaciervos,41.7623,-2.6268,Soria
villaco,Villaco,41.7402,-4.2682,Valladolid
villaconancio,Villaconancio,41.8717,-4.2238,Palencia
villaconejos,Villaconejos,40.1014,-3.4826,Madrid
villaconejos-de-trabaque,Villaconejos de Trabaque,40.4006,-2.3196,Cuenca
villada,Villada,42.2511,-4.9671,Palencia
villadangos-del-paramo,Villadangos del Páramo,42.5167,-5.7674,León
villadecanes,Villadecanes,42.5797,-6.7597,
villademor-de-la-vega,Villademor de la Vega,42.2696,-5.5681,León
villadepera,Villadepera,41.547,-6.133,Zamora
villadiego,Villadiego,42.5159,-4.0096,Burgos
villadoz,Villadoz,41.1623,-1.288,Zaragoza
villaeles-de-valdavia,Villaeles de Valdavia,42.5656,-4.5832,Palencia
villaescusa,Villaescusa,42.9626,-4.1671,Cantabria
villaescusa,Villaescusa,41.2062,-5.4641,Cantabria
villaescusa-de-roa,Villaescusa de Roa,41.7273,-4.0172,Burgos
villaescusa-la-sombria,Villaescusa la Sombría,42.4152,-3.4184,Burgos
villaespasa,Villaespasa,42.0999,-3.4044,Burgos
villafames,Villafamés,40.1167,-0.05,
villafeliche,Villafeliche,41.1951,-1.5098,Zaragoza
villaferruena,Villaferrueña,42.0983,-5.858,Zamora
villaflor,Villaflor,40.7587,-4.8738,Ávila
villaflores,Villaflores,41.084,-5.2344,Salamanca
villafrades-de-campos,Villafrades de Campos,42.0785,-4.9713,Valladolid
villafranca,Villafranca,42.2793,-1.7463,Navarra
villafranca-de-cordoba,Villafranca de Córdoba,37.9626,-4.5455,Córdoba
villafranca-de-duero,Villafranca de Duero,41.4331,-5.3019,Valladolid
villafranca-de-ebro,Villafranca de Ebro,41.5747,-0.6504,Zaragoza
villafranca-de-la-sierra,Villafranca de la Sierra,40.4981,-5.2301,Ávila
villafranca-de-los-barros,Villafranca de los Barros,38.5614,-6.3381,Badajoz
villafranca-de-los-caballeros,Villafranca de los Caballeros,39.4282,-3.3608,Toledo
villafranca-del-bierzo,Villafranca del Bierzo,42.606,-6.8107,León
villafranca-del-campo,Villafranca del Campo,40.6955,-1.3472,Teruel
villafranca-del-cid,Villafranca del Cid,40.4288,-0.2577,
villafrechos,Villafrechós,41.8929,-5.2186,Valladolid
villafruela,Villafruela,41.9165,-3.9137,Burgos
villafuerte,Villafuerte,41.7343,-4.3236,Valladolid
villafufre,Villafufre,43.2656,-3.8937,Cantabria
villafafila,Villafáfila,41.8469,-5.6153,Zamora
villagalijo,Villagalijo,42.3487,-3.192,Burgos
villagarcia-de-campos,Villagarcía de Campos,41.7803,-5.1924,Valladolid
villagarcia-de-la-torre,Villagarcía de la Torre,38.3,-6.0833,Badajoz
villagarcia-del-llano,Villagarcía del Llano,39.3167,-1.8333,Cuenca
villagaton,Villagatón,42.6341,-6.1618,León
villageriz,Villageriz,42.1188,-5.9555,Zamora
villagonzalo,Villagonzalo,38.8633,-6.1966,Badajoz
villagonzalo-de-tormes,Villagonzalo de Tormes,40.8922,-5.4966,Salamanca
villagonzalo-pedernales,Villagonzalo Pedernales,42.3015,-3.7354,Burgos
villagordo-del-jucar,Villagordo del Júcar,39.3,-2.0667,
villagomez-la-nueva,Villagómez la Nueva,42.1559,-5.1421,Valladolid
villaharta,Villaharta,38.1333,-4.9,Córdoba
villahermosa,Villahermosa,38.7502,-2.8707,Ciudad Real
villahermosa-del-campo,Villahermosa del Campo,41.1094,-1.2469,Teruel
villahermosa-del-rio,Villahermosa del Río,40.2027,-0.4199,Castellón
villaherreros,Villaherreros,42.3896,-4.4625,Palencia
villahoz,Villahoz,42.0759,-3.9129,Burgos
villahan,Villahán,42.0503,-4.131,Palencia
villajoyosa,Villajoyosa,38.5075,-0.2335,
villalaco,Villalaco,42.1557,-4.2594,Palencia
villalar-de-los-comuneros,Villalar de los Comuneros,41.5497,-5.1381,Valladolid
villalazan,Villalazán,41.4941,-5.5891,Zamora
villalba-de-duero,Villalba de Duero,41.6824,-3.7444,Burgos
villalba-de-guardo,Villalba de Guardo,42.7223,-4.8233,Palencia
villalba-de-perejil,Villalba de Perejil,41.3274,-1.5483,Zaragoza
villalba-de-rioja,Villalba de Rioja,42.6097,-2.8869,La Rioja
villalba-de-la-lampreana,Villalba de la Lampreana,41.7433,-5.6409,Zamora
villalba-de-la-loma,Villalba de la Loma,42.1747,-5.1902,Valladolid
villalba-de-la-sierra,Villalba de la Sierra,40.2344,-2.0893,Cuenca
villalba-de-los-alcores,Villalba de los Alcores,41.8636,-4.8606,Valladolid
villalba-de-los-barros,Villalba de los Barros,38.6129,-6.5091,Badajoz
villalba-de-los-llanos,Villalba de los Llanos,40.8002,-5.9758,Salamanca
villalba-del-alcor,Villalba del Alcor,37.3973,-6.4746,Huelva
villalba-del-rey,Villalba del Rey,40.3465,-2.639,Cuenca
villalbarba,Villalbarba,41.6039,-5.2128,Valladolid
villalbilla,Villalbilla,40.4304,-3.299,Madrid
villalbilla-de-burgos,Villalbilla de Burgos,42.3476,-3.781,Burgos
villalbilla-de-gumiel,Villalbilla de Gumiel,41.8062,-3.6258,Burgos
villalcampo,Villalcampo,41.5223,-6.048,Zamora
villalcazar-de-sirga,Villalcázar de Sirga,42.3166,-4.5428,Palencia
villalcon,Villalcón,42.2929,-4.8553,Palencia
villaldemiro,Villaldemiro,42.2472,-3.9853,Burgos
villalengua,Villalengua,41.4355,-1.8413,Zaragoza
villalgordo-del-marquesado,Villalgordo del Marquesado,39.6825,-2.5088,Cuenca
villalmanzo,Villalmanzo,42.0484,-3.742,Burgos
villalobar-de-rioja,Villalobar de Rioja,42.4912,-2.964,La Rioja
villalobos,Villalobos,41.9457,-5.4752,Zamora
villalobon,Villalobón,42.0304,-4.5034,Palencia
villalonga,Villalonga,38.8857,-0.2079,
villalonso,Villalonso,41.5977,-5.2977,Zamora
villalpando,Villalpando,41.8652,-5.4123,Zamora
villalpardo,Villalpardo,39.4667,-1.6333,Cuenca
villalube,Villalube,41.6101,-5.5454,Zamora
villaluenga-de-la-vega,Villaluenga de la Vega,42.5239,-4.7649,Palencia
villaluenga-del-rosario,Villaluenga del Rosario,36.6964,-5.386,Cádiz
villalan-de-campos,Villalán de Campos,42.0148,-5.2364,Valladolid
villalon-de-campos,Villalón de Campos,42.0999,-5.0344,Valladolid
villamalea,Villamalea,39.3667,-1.5833,Albacete
villamalur,Villamalur,39.9667,-0.4,Castellón
villamandos,Villamandos,42.1806,-5.594,León
villamanrique,Villamanrique,38.5464,-2.9973,Ciudad Real
villamanrique-de-tajo,Villamanrique de Tajo,40.0662,-3.2367,Madrid
villamanrique-de-la-condesa,Villamanrique de la Condesa,37.2448,-6.3067,Sevilla
villamanta,Villamanta,40.2986,-4.1088,Madrid
villamantilla,Villamantilla,40.3385,-4.1299,Madrid
villamanin,Villamanín,42.9386,-5.6567,León
villamartin,Villamartín,36.8598,-5.6448,Cádiz
villamartin-de-campos,Villamartín de Campos,42.016,-4.6641,Palencia
villamartin-de-don-sancho,Villamartín de Don Sancho,42.5694,-5.0606,León
villamayor,Villamayor,40.9994,-5.6958,Salamanca
villamayor-de-calatrava,Villamayor de Calatrava,38.7876,-4.1377,Ciudad Real
villamayor-de-campos,Villamayor de Campos,41.8987,-5.3596,Zamora
villamayor-de-gallego,Villamayor de Gállego,41.6858,-0.7723,Zaragoza
villamayor-de-monjardin,Villamayor de Monjardín,42.6294,-2.105,Navarra
villamayor-de-santiago,Villamayor de Santiago,39.7307,-2.9236,Cuenca
villamayor-de-trevino,Villamayor de Treviño,42.4605,-4.1192,Burgos
villamayor-de-los-montes,Villamayor de los Montes,42.1056,-3.7654,Burgos
villamanan,Villamañán,42.322,-5.5819,León
villamediana,Villamediana,42.0502,-4.3612,Palencia
villamediana-de-iregua,Villamediana de Iregua,42.4266,-2.4194,La Rioja
villamedianilla,Villamedianilla,42.1607,-4.1459,Burgos
villamejil,Villamejil,42.562,-6.0251,León
villameriel,Villameriel,42.5282,-4.4757,Palencia
villamesias,Villamesías,39.2457,-5.8731,Cáceres
villamiel,Villamiel,40.1863,-6.7843,Cáceres
villamiel-de-toledo,Villamiel de Toledo,39.9648,-4.1263,Toledo
villamiel-de-la-sierra,Villamiel de la Sierra,42.1912,-3.4177,Burgos
villaminaya,Villaminaya,39.712,-3.8706,Toledo
villamol,Villamol,42.4277,-5.0483,León
villamontan-de-la-valduerna,Villamontán de la Valduerna,42.3096,-5.9966,León
villamor-de-los-escuderos,Villamor de los Escuderos,41.2524,-5.5748,Zamora
villamoratiel-de-las-matas,Villamoratiel de las Matas,42.3976,-5.3006,León
villamoronta,Villamoronta,42.4034,-4.699,Palencia
villamuelas,Villamuelas,39.8178,-3.7346,Toledo
villamuera-de-la-cueza,Villamuera de la Cueza,42.2584,-4.6886,Palencia
villamuriel-de-campos,Villamuriel de Campos,41.9469,-5.2072,Valladolid
villamuriel-de-cerrato,Villamuriel de Cerrato,41.9494,-4.5158,Palencia
villangomez,Villangómez,42.1796,-3.7742,Burgos
villanova,Villanova,42.547,0.4618,Huesca
villanubla,Villanubla,41.6988,-4.8417,Valladolid
villanueva-de-alcardete,Villanueva de Alcardete,39.6732,-3.0145,Toledo
villanueva-de-alcoron,Villanueva de Alcorón,40.6796,-2.2515,Guadalajara
villanueva-de-algaidas,Villanueva de Algaidas,37.1835,-4.4503,Málaga
villanueva-de-argano,Villanueva de Argaño,42.3805,-3.9335,Burgos
villanueva-de-argecilla,Villanueva de Argecilla,40.9026,-2.9143,Guadalajara
villanueva-de-azoague,Villanueva de Azoague,41.9761,-5.664,Zamora
villanueva-de-bogas,Villanueva de Bogas,39.7235,-3.6574,Toledo
villanueva-de-cameros,Villanueva de Cameros,42.1672,-2.6504,La Rioja
villanueva-de-campean,Villanueva de Campeán,41.3545,-5.7702,Zamora
villanueva-de-carazo,Villanueva de Carazo,41.9828,-3.3243,Burgos
villanueva-de-castellon,Villanueva de Castellón,39.0774,-0.5117,
villanueva-de-cordoba,Villanueva de Córdoba,38.3228,-4.6287,Córdoba
villanueva-de-duero,Villanueva de Duero,41.5195,-4.8667,Valladolid
villanueva-de-gormaz,Villanueva de Gormaz,41.4674,-3.0622,Soria
villanueva-de-gumiel,Villanueva de Gumiel,41.7378,-3.6266,Burgos
villanueva-de-gallego,Villanueva de Gállego,41.7692,-0.8235,Zaragoza
villanueva-de-gomez,Villanueva de Gómez,40.8827,-4.7165,Ávila
villanueva-de-jiloca,Villanueva de Jiloca,41.0763,-1.3896,Zaragoza
villanueva-de-mesia,Villanueva de Mesía,37.2145,-4.014,
villanueva-de-oscos,Villanueva de Oscos,43.3114,-6.9864,Asturias
villanueva-de-perales,Villanueva de Perales,40.3454,-4.0989,Madrid
villanueva-de-san-carlos,Villanueva de San Carlos,38.6217,-3.909,Ciudad Real
villanueva-de-san-juan,Villanueva de San Juan,37.0496,-5.1754,Sevilla
villanueva-de-san-mancio,Villanueva de San Mancio,41.9284,-5.012,Valladolid
villanueva-de-sigena,Villanueva de Sigena,41.7158,-0.009,Huesca
villanueva-de-tapia,Villanueva de Tapia,37.1828,-4.3338,Málaga
villanueva-de-teba,Villanueva de Teba,42.6489,-3.1631,Burgos
villanueva-de-valdegovia,Villanueva de Valdegovía,42.8478,-3.0988,
villanueva-de-viver,Villanueva de Viver,40.05,-0.65,Castellón
villanueva-de-la-canada,Villanueva de la Cañada,40.4469,-4.0043,Madrid
villanueva-de-la-concepcion,Villanueva de la Concepción,36.9303,-4.5304,Málaga
villanueva-de-la-condesa,Villanueva de la Condesa,42.1491,-5.0955,Valladolid
villanueva-de-la-fuente,Villanueva de la Fuente,38.6946,-2.6964,Ciudad Real
villanueva-de-la-jara,Villanueva de la Jara,39.4333,-1.9333,Cuenca
villanueva-de-la-reina,Villanueva de la Reina,38.0043,-3.916,Jaén
villanueva-de-la-serena,Villanueva de la Serena,38.9766,-5.7974,Badajoz
villanueva-de-la-sierra,Villanueva de la Sierra,40.2016,-6.4061,Cáceres
villanueva-de-la-torre,Villanueva de la Torre,40.5822,-3.2976,Guadalajara
villanueva-de-la-vera,Villanueva de la Vera,40.13,-5.4625,Cáceres
villanueva-de-las-cruces,Villanueva de las Cruces,37.6278,-7.0236,Huelva
villanueva-de-las-manzanas,Villanueva de las Manzanas,42.4726,-5.4804,León
villanueva-de-las-peras,Villanueva de las Peras,41.9348,-5.9794,Zamora
villanueva-de-las-torres,Villanueva de las Torres,37.5572,-3.0887,Granada
villanueva-de-los-caballeros,Villanueva de los Caballeros,41.7592,-5.2479,Valladolid
villanueva-de-los-castillejos,Villanueva de los Castillejos,37.4994,-7.2912,Huelva
villanueva-del-aceral,Villanueva del Aceral,41.041,-4.8542,Ávila
villanueva-del-ariscal,Villanueva del Ariscal,37.3962,-6.1408,Sevilla
villanueva-del-arzobispo,Villanueva del Arzobispo,38.1684,-3.0074,Jaén
villanueva-del-campillo,Villanueva del Campillo,40.5765,-5.18,Ávila
villanueva-del-campo,Villanueva del Campo,41.9849,-5.4066,Zamora
villanueva-del-conde,Villanueva del Conde,40.5104,-6.0121,Salamanca
villanueva-del-duque,Villanueva del Duque,38.3833,-5.0,Córdoba
villanueva-del-fresno,Villanueva del Fresno,38.376,-7.1675,Badajoz
villanueva-del-pardillo,Villanueva del Pardillo,40.4901,-3.9638,Madrid
villanueva-del-rebollar,Villanueva del Rebollar,42.2411,-4.7429,Palencia
villanueva-del-rebollar-de-la-sierra,Villanueva del Rebollar de la Sierra,40.8911,-1.0084,Teruel
villanueva-del-rosario,Villanueva del Rosario,36.9968,-4.3654,Málaga
villanueva-del-rio-y-minas,Villanueva del Río y Minas,37.655,-5.7137,Sevilla
villanueva-del-trabuco,Villanueva del Trabuco,37.0283,-4.3389,Málaga
villanuno-de-valdavia,Villanuño de Valdavia,42.5078,-4.5189,Palencia
villanazar,Villanázar,41.974,-5.7804,Zamora
villanua,Villanúa,42.6797,-0.5377,Huesca
villaobispo-de-otero,Villaobispo de Otero,42.5007,-6.0581,León
villapalacios,Villapalacios,38.575,-2.6338,Albacete
villaprovedo,Villaprovedo,42.5167,-4.3964,Palencia
villaquejida,Villaquejida,42.145,-5.597,León
villaquilambre,Villaquilambre,42.6469,-5.5583,León
villaquiran-de-la-puebla,Villaquirán de la Puebla,42.2829,-4.1004,Burgos
villaquiran-de-los-infantes,Villaquirán de los Infantes,42.2274,-4.0086,Burgos
villar-de-canas,Villar de Cañas,39.7786,-2.5643,Cuenca
villar-de-ciervo,Villar de Ciervo,40.7377,-6.7385,Salamanca
villar-de-corneja,Villar de Corneja,40.4746,-5.4331,Ávila
villar-de-domingo-garcia,Villar de Domingo García,40.2373,-2.2914,Cuenca
villar-de-fallaves,Villar de Fallaves,41.925,-5.3404,Zamora
villar-de-gallimazo,Villar de Gallimazo,40.9537,-5.2882,Salamanca
villar-de-olalla,Villar de Olalla,40.015,-2.1956,Cuenca
villar-de-peralonso,Villar de Peralonso,41.0322,-6.2228,Salamanca
villar-de-plasencia,Villar de Plasencia,40.1377,-6.0279,Cáceres
villar-de-rena,Villar de Rena,39.0765,-5.8107,Badajoz
villar-de-samaniego,Villar de Samaniego,41.1167,-6.4333,Salamanca
villar-de-torre,Villar de Torre,42.3713,-2.8641,La Rioja
villar-de-la-encina,Villar de la Encina,39.6373,-2.5215,Cuenca
villar-de-la-yegua,Villar de la Yegua,40.7255,-6.7036,Salamanca
villar-de-los-navarros,Villar de los Navarros,41.1595,-1.042,Zaragoza
villar-del-ala,Villar del Ala,41.9164,-2.5665,Soria
villar-del-arzobispo,Villar del Arzobispo,39.7333,-0.8167,Valencia
villar-del-buey,Villar del Buey,41.3302,-6.1894,Zamora
villar-del-campo,Villar del Campo,41.7888,-2.1496,Soria
villar-del-cobo,Villar del Cobo,40.3948,-1.6733,Teruel
villar-del-humo,Villar del Humo,39.8667,-1.6333,Cuenca
villar-del-infantado,Villar del Infantado,40.4551,-2.479,Cuenca
villar-del-olmo,Villar del Olmo,40.3347,-3.234,Madrid
villar-del-pedroso,Villar del Pedroso,39.7063,-5.1958,Cáceres
villar-del-pozo,Villar del Pozo,38.8501,-3.964,Ciudad Real
villar-del-rey,Villar del Rey,39.1331,-6.8476,Badajoz
villar-del-rio,Villar del Río,42.0757,-2.3508,Soria
villar-del-salz,Villar del Salz,40.682,-1.4997,Teruel
villaralbo,Villaralbo,41.4922,-5.6836,Zamora
villaralto,Villaralto,38.45,-4.9833,Córdoba
villardeciervos,Villardeciervos,41.9421,-6.2865,Zamora
villardefrades,Villardefrades,41.7236,-5.2551,Valladolid
villardiegua-de-la-ribera,Villardiegua de la Ribera,41.5354,-6.1833,Zamora
villardompardo,Villardompardo,37.8374,-4.0005,Jaén
villardondiego,Villardondiego,41.5848,-5.3771,Zamora
villarejo,Villarejo,42.3742,-2.8871,La Rioja
villarejo-de-fuentes,Villarejo de Fuentes,39.7881,-2.6968,Cuenca
villarejo-de-montalban,Villarejo de Montalbán,39.7691,-4.5731,Toledo
villarejo-de-salvanes,Villarejo de Salvanés,40.1666,-3.2728,Madrid
villarejo-de-la-penuela,Villarejo de la Peñuela,40.0874,-2.41,Cuenca
villarejo-de-orbigo,Villarejo de Órbigo,42.4456,-5.9046,León
villarejo-del-valle,Villarejo del Valle,40.2864,-4.9967,Ávila
villarejo-periesteban,Villarejo-Periesteban,39.8723,-2.4415,Cuenca
villares-de-jadraque,Villares de Jadraque,41.1017,-3.0256,Guadalajara
villares-de-yeltes,Villares de Yeltes,40.8659,-6.413,Salamanca
villares-de-la-reina,Villares de la Reina,41.0083,-5.6488,Salamanca
villares-de-orbigo,Villares de Órbigo,42.4695,-5.91,León
villares-del-saz,Villares del Saz,39.8411,-2.5043,Cuenca
villargordo-del-cabriel,Villargordo del Cabriel,39.5333,-1.4333,Valencia
villariezo,Villariezo,42.2696,-3.7327,Burgos
villarino-de-los-aires,Villarino de los Aires,41.271,-6.4685,Salamanca
villarluengo,Villarluengo,40.6484,-0.5307,Teruel
villarmayor,Villarmayor,41.0151,-5.9715,Salamanca
villarmentero-de-campos,Villarmentero de Campos,42.2978,-4.4999,Palencia
villarmentero-de-esgueva,Villarmentero de Esgueva,41.6852,-4.5464,Valladolid
villarmuerto,Villarmuerto,41.0562,-6.3629,Salamanca
villarquemado,Villarquemado,40.5175,-1.265,Teruel
villarrabe,Villarrabé,42.4209,-4.7844,Palencia
villarramiel,Villarramiel,42.043,-4.9121,Palencia
villarrasa,Villarrasa,37.3885,-6.6064,Huelva
villarreal-de-huerva,Villarreal de Huerva,41.1903,-1.2898,Zaragoza
villarrobledo,Villarrobledo,39.2699,-2.6012,Albacete
villarroya,Villarroya,42.1305,-2.069,La Rioja
villarroya-de-la-sierra,Villarroya de la Sierra,41.4635,-1.7835,Zaragoza
villarroya-de-los-pinares,Villarroya de los Pinares,40.5292,-0.669,Teruel
villarroya-del-campo,Villarroya del Campo,41.1431,-1.3242,Zaragoza
villarrubia,Villarrubia,37.85,-4.9,
villarrubia-de-santiago,Villarrubia de Santiago,39.9856,-3.369,Toledo
villarrubia-de-los-ojos,Villarrubia de los Ojos,39.2208,-3.608,Ciudad Real
villarrubio,Villarrubio,39.9451,-2.8943,Cuenca
villarrin-de-campos,Villarrín de Campos,41.7952,-5.639,Zamora
villarta,Villarta,39.45,-1.65,Cuenca
villarta-de-san-juan,Villarta de San Juan,39.2379,-3.4233,Ciudad Real
villarta-de-los-montes,Villarta de los Montes,39.2139,-4.7923,Badajoz
villarta-quintana,Villarta-Quintana,42.43,-3.0484,La Rioja
villasabariego,Villasabariego,42.5329,-5.4132,León
villasana-de-mena,Villasana de Mena,43.1002,-3.2825,
villasandino,Villasandino,42.3707,-4.1098,Burgos
villasarracino,Villasarracino,42.4121,-4.4963,Palencia
villasayas,Villasayas,41.3529,-2.6101,Soria
villasbuenas,Villasbuenas,41.0626,-6.5966,Salamanca
villasbuenas-de-gata,Villasbuenas de Gata,40.1788,-6.6264,Cáceres
villasdardo,Villasdardo,41.0045,-6.163,Salamanca
villaseca-de-arciel,Villaseca de Arciel,41.6243,-2.1618,Soria
villaseca-de-henares,Villaseca de Henares,40.9606,-2.7978,Guadalajara
villaseca-de-uceda,Villaseca de Uceda,40.8183,-3.349,Guadalajara
villaseca-de-la-sagra,Villaseca de la Sagra,39.9618,-3.8829,Toledo
villaseco-de-los-gamitos,Villaseco de los Gamitos,41.0362,-6.1132,Salamanca
villaseco-de-los-reyes,Villaseco de los Reyes,41.1626,-6.1843,Salamanca
villaselan,Villaselán,42.5611,-5.0482,León
villasequilla-de-yepes,Villasequilla de Yepes,39.8758,-3.7311,
villasexmir,Villasexmir,41.6394,-5.0647,Valladolid
villasila-de-valdavia,Villasila de Valdavia,42.5319,-4.5588,Palencia
villasrubias,Villasrubias,40.3382,-6.6392,Salamanca
villastar,Villastar,40.281,-1.1514,Teruel
villatobas,Villatobas,39.9019,-3.3239,Toledo
villatoro,Villatoro,40.5561,-5.1126,Ávila
villatoya,Villatoya,39.3333,-1.3,Albacete
villatuelda,Villatuelda,41.815,-3.8805,Burgos
villatuerta,Villatuerta,42.6602,-1.9925,Navarra
villaturde,Villaturde,42.3777,-4.6708,Palencia
villaturiel,Villaturiel,42.5182,-5.4862,León
villaumbrales,Villaumbrales,42.0887,-4.6138,Palencia
villavaliente,Villavaliente,39.1265,-1.4571,Albacete
villavaquerin,Villavaquerín,41.6636,-4.4629,Valladolid
villavelayo,Villavelayo,42.1308,-2.9857,La Rioja
villavellid,Villavellid,41.6922,-5.2763,Valladolid
villavendimio,Villavendimio,41.5781,-5.3429,Zamora
villaverde,Villaverde,40.35,-3.7,
villaverde-de-guadalimar,Villaverde de Guadalimar,38.4552,-2.5178,Albacete
villaverde-de-guarena,Villaverde de Guareña,41.0641,-5.5249,Salamanca
villaverde-de-medina,Villaverde de Medina,41.3069,-5.0263,Valladolid
villaverde-de-montejo,Villaverde de Montejo,41.5222,-3.6545,Segovia
villaverde-de-rioja,Villaverde de Rioja,42.3205,-2.8137,La Rioja
villaverde-del-monte,Villaverde del Monte,42.1608,-3.8142,Burgos
villaverde-del-rio,Villaverde del Río,37.5892,-5.8744,Sevilla
villaverde-y-pasaconsol,Villaverde y Pasaconsol,39.771,-2.2655,Cuenca
villaverde-mogina,Villaverde-Mogina,42.1604,-4.0502,Burgos
villaveza-de-valverde,Villaveza de Valverde,41.9452,-5.8485,Zamora
villaveza-del-agua,Villaveza del Agua,41.9192,-5.6787,Zamora
villavicencio-de-los-caballeros,Villavicencio de los Caballeros,42.0589,-5.2357,Valladolid
villaviciosa,Villaviciosa,43.4813,-5.4357,Asturias
villaviciosa-de-cordoba,Villaviciosa de Córdoba,38.0833,-5.0167,Córdoba
villaviciosa-de-odon,Villaviciosa de Odón,40.3581,-3.9043,Madrid
villavieja,Villavieja,39.85,-0.1833,
villavieja-de-yeltes,Villavieja de Yeltes,40.8757,-6.4679,Salamanca
villavieja-del-lozoya,Villavieja del Lozoya,41.004,-3.6687,Madrid
villaviudas,Villaviudas,41.9623,-4.342,Palencia
villazala,Villazala,42.3615,-5.856,León
villazanzo-de-valderaduey,Villazanzo de Valderaduey,42.5359,-4.9646,León
villazopeque,Villazopeque,42.1985,-4.0169,Burgos
villegas,Villegas,42.4687,-4.0176,Burgos
villeguillo,Villeguillo,41.2529,-4.5795,Segovia
villel,Villel,40.2346,-1.1861,Teruel
villel-de-mesa,Villel de Mesa,41.1262,-1.9907,Guadalajara
villena,Villena,38.6373,-0.8657,Alicante
villodre,Villodre,42.2116,-4.2448,Palencia
villodrigo,Villodrigo,42.1444,-4.0953,Palencia
villoldo,Villoldo,42.2478,-4.5959,Palencia
villores,Villores,40.6748,-0.2002,Castellón
villoruebo,Villoruebo,42.1687,-3.4416,Burgos
villoruela,Villoruela,41.0086,-5.3938,Salamanca
villoria,Villoria,40.9943,-5.3736,Salamanca
villoslada-de-cameros,Villoslada de Cameros,42.1138,-2.6741,La Rioja
villota-del-paramo,Villota del Páramo,42.5523,-4.8489,Palencia
villovieco,Villovieco,42.2948,-4.4812,Palencia
villan-de-tordesillas,Villán de Tordesillas,41.5931,-4.9221,Valladolid
villardiga,Villárdiga,41.8195,-5.4644,Zamora
vilobi-d-onyar,Vilobí d'Onyar,41.8833,2.75,Girona
vilobi-del-penedes,Vilobí del Penedès,41.3833,1.65,Barcelona
vilopriu,Vilopriu,42.1,3.0,Girona
viloria,Viloria,41.446,-4.3836,Valladolid
viloria-de-rioja,Viloria de Rioja,42.4261,-3.1006,Burgos
vilvestre,Vilvestre,41.1064,-6.7272,Salamanca
vilviestre-del-pinar,Vilviestre del Pinar,41.9503,-3.078,Burgos
vimbodi,Vimbodí,41.4007,1.0506,
vimianzo,Vimianzo,43.1099,-9.0335,A Coruña
vinaixa,Vinaixa,41.4333,0.9833,Lleida
vinalesa,Vinalesa,39.5333,-0.3667,Valencia
vinaros,Vinaròs,40.4703,0.4756,Castellón
vinateros,Vinateros,40.4053,-3.6425,
vindel,Vindel,40.5874,-2.3806,Cuenca
vinebre,Vinebre,41.1846,0.5895,Tarragona
viniegra-de-abajo,Viniegra de Abajo,42.1506,-2.8893,La Rioja
viniegra-de-arriba,Viniegra de Arriba,42.0951,-2.833,La Rioja
vinuesa,Vinuesa,41.9103,-2.7648,Soria
viono,Vioño,43.3639,-3.9692,
visiedo,Visiedo,40.6856,-1.0971,Teruel
viso-del-marques,Viso del Marqués,38.5221,-3.5635,Ciudad Real
vista-alegre,Vista Alegre,40.3843,-3.7458,
vistabella,Vistabella,41.2185,-1.1536,Zaragoza
vistabella-del-maestrazgo,Vistabella del Maestrazgo,40.2962,-0.2944,
vita,Vita,40.8118,-5.0058,Ávila
vitigudino,Vitigudino,41.0091,-6.434,Salamanca
viveiro,Viveiro,43.6623,-7.5934,Lugo
vivel-del-rio-martin,Vivel del Río Martín,40.8709,-0.9389,Teruel
viver,Viver,39.9167,-0.6,Castellón
viveros,Viveros,38.7726,-2.5745,Albacete
vizcainos,Vizcaínos,42.1036,-3.267,Burgos
vizmanos,Vizmanos,42.0234,-2.4087,Soria
vinas,Viñas,41.7733,-6.4712,Zamora
vinegra-de-morana,Viñegra de Moraña,40.8507,-4.9211,Ávila
vinuela,Viñuela,36.8631,-4.1412,Málaga
vinuelas,Viñuelas,40.7923,-3.3404,Guadalajara
vozmediano,Vozmediano,41.8375,-1.8558,Soria
valor,Válor,36.9962,-3.0829,Granada
velez-de-benaudalla,Vélez de Benaudalla,36.8324,-3.5154,Granada
velez-blanco,Vélez-Blanco,37.6918,-2.0959,Almería
velez-malaga,Vélez-Málaga,36.7811,-4.1027,Málaga
vicar,Vícar,36.8316,-2.6427,Almería
viznar,Víznar,37.2315,-3.5538,Granada
wamba,Wamba,41.6752,-4.9175,Valladolid
xeraco,Xeraco,39.0333,-0.2167,Valencia
xeresa,Xeresa,39.0167,-0.2167,Valencia
xinzo-de-limia,Xinzo de Limia,42.0635,-7.7246,Ourense
xirivella,Xirivella,39.4659,-0.4259,Valencia
xixona,Xixona,38.5409,-0.5026,
xove,Xove,43.6866,-7.5113,Lugo
xativa,Xàtiva,38.9904,-0.5185,Valencia
yaiza,Yaiza,28.9568,-13.7653,Las Palmas
yanguas,Yanguas,42.1017,-2.3399,Soria
yanguas-de-eresma,Yanguas de Eresma,41.072,-4.239,Segovia
yebes,Yebes,40.5316,-3.1078,Guadalajara
yebra,Yebra,40.357,-2.9663,Guadalajara
yebra-de-basa,Yebra de Basa,42.4865,-0.2818,Huesca
yecla,Yecla,38.6136,-1.1147,Murcia
yecla-de-yeltes,Yecla de Yeltes,40.9592,-6.489,Salamanca
yeles,Yeles,40.1204,-3.8049,Toledo
yelo,Yelo,41.2167,-2.5167,Soria
yepes,Yepes,39.902,-3.6252,Toledo
yerri,Yerri,42.7016,-1.9381,
yesa,Yesa,42.6202,-1.2036,Navarra
yeste,Yeste,38.3685,-2.3176,Albacete
yuncler,Yuncler,40.0408,-3.8998,Toledo
yuncos,Yuncos,40.0859,-3.8711,Toledo
yunquera,Yunquera,36.7325,-4.9212,Málaga
yunquera-de-henares,Yunquera de Henares,40.7514,-3.1626,Guadalajara
yatova,Yátova,39.3833,-0.8,Valencia
yelamos-de-abajo,Yélamos de Abajo,40.6309,-2.858,Guadalajara
yelamos-de-arriba,Yélamos de Arriba,40.6401,-2.8434,Guadalajara
yemeda,Yémeda,39.7667,-1.7167,Cuenca
yesero,Yésero,42.6191,-0.2502,Huesca
zael,Zael,42.1059,-3.8262,Burgos
zafarraya,Zafarraya,36.9755,-4.1444,Granada
zafra,Zafra,38.4254,-6.4173,Badajoz
zafra-de-zancara,Zafra de Záncara,39.892,-2.5579,Cuenca
zafrilla,Zafrilla,40.2,-1.6167,Cuenca
zagra,Zagra,37.2556,-4.1691,Granada
zahara,Zahara,36.8406,-5.3913,Cádiz
zahara-de-los-atunes,Zahara de los Atunes,36.1369,-5.8459,
zahinos,Zahínos,38.3314,-6.9553,Badajoz
zaidin,Zaidín,41.604,0.2643,Huesca
zalamea-de-la-serena,Zalamea de la Serena,38.6513,-5.6606,Badajoz
zalamea-la-real,Zalamea la Real,37.6801,-6.6598,Huelva
zaldibar,Zaldibar,43.1667,-2.5333,Bizkaia
zaldibia,Zaldibia,43.0372,-2.1506,Gipuzkoa
zalla,Zalla,43.2333,-3.1333,Bizkaia
zamarra,Zamarra,40.5189,-6.4525,Salamanca
zamayon,Zamayón,41.1486,-5.8305,Salamanca
zambrana,Zambrana,42.661,-2.8791,Araba/Álava
zamora,Zamora,41.5063,-5.7446,Zamora
zamudio,Zamudio,43.286,-2.87,Bizkaia
zaorejas,Zaorejas,40.7621,-2.2012,Guadalajara
zapardiel-de-la-canada,Zapardiel de la Cañada,40.6065,-5.3379,Ávila
zapardiel-de-la-ribera,Zapardiel de la Ribera,40.3555,-5.3283,Ávila
zaragoza,Zaragoza,41.6561,-0.8773,Zaragoza
zarapicos,Zarapicos,41.0383,-5.8453,Salamanca
zaratamo,Zaratamo,43.2167,-2.8667,Bizkaia
zaratan,Zaratán,41.6597,-4.7842,Valladolid
zarautz,Zarautz,43.2844,-2.1699,Gipuzkoa
zarra,Zarra,39.0917,-1.0753,Valencia
zarraton,Zarratón,42.5165,-2.8809,La Rioja
zarza-de-alange,Zarza de Alange,38.8181,-6.2176,
zarza-de-granadilla,Zarza de Granadilla,40.2372,-6.0485,Cáceres
zarza-de-montanchez,Zarza de Montánchez,39.2576,-6.0325,Cáceres
zarza-de-tajo,Zarza de Tajo,40.0159,-3.1288,Cuenca
zarza-la-mayor,Zarza la Mayor,39.8769,-6.8621,Cáceres
zarzalejo,Zarzalejo,40.5481,-4.1818,Madrid
zarzosa,Zarzosa,42.1829,-2.343,La Rioja
zarzuela,Zarzuela,40.259,-2.1103,Cuenca
zarzuela-de-jadraque,Zarzuela de Jadraque,41.0684,-3.0444,Guadalajara
zarzuela-del-monte,Zarzuela del Monte,40.8089,-4.3361,Segovia
zarzuela-del-pinar,Zarzuela del Pinar,41.2602,-4.1846,Segovia
zas,Zas,43.0988,-8.9156,A Coruña
zazuar,Zazuar,41.6953,-3.5545,Burgos
zeanuri,Zeanuri,43.1,-2.75,Bizkaia
zegama,Zegama,42.9756,-2.2909,Gipuzkoa
zerain,Zerain,43.0124,-2.2726,Gipuzkoa
zestoa,Zestoa,43.2397,-2.2579,Gipuzkoa
zierbena,Zierbena,43.35,-3.0833,Bizkaia
ziordia,Ziordia,42.8707,-2.2295,Navarra
zizur-mayor,Zizur Mayor,42.788,-1.6906,
zofio,Zofío,40.3794,-3.7153,
zorita,Zorita,39.2852,-5.6997,Cáceres
zorita-de-la-frontera,Zorita de la Frontera,41.0145,-5.1966,Salamanca
zorita-de-los-canes,Zorita de los Canes,40.3305,-2.8876,Guadalajara
zorita-del-maestrazgo,Zorita del Maestrazgo,40.7282,-0.1667,Castellón
zorraquin,Zorraquín,42.3257,-3.0393,La Rioja
zotes-del-paramo,Zotes del Páramo,42.2727,-5.7362,León
zubia,Zubia,37.1191,-3.584,
zubieta,Zubieta,43.1247,-1.7422,Navarra
zucaina,Zucaina,40.1167,-0.4167,Castellón
zuera,Zuera,41.8678,-0.7898,Zaragoza
zufre,Zufre,37.8333,-6.3333,Huelva
zugarramurdi,Zugarramurdi,43.2696,-1.5411,Navarra
zuheros,Zuheros,37.5433,-4.3153,Córdoba
zumaia,Zumaia,43.2947,-2.2534,Gipuzkoa
zumarraga,Zumarraga,43.0886,-2.3141,Gipuzkoa
zurgena,Zurgena,37.3422,-2.0398,Almería
zurita,Zurita,43.3434,-3.9953,
zuneda,Zuñeda,42.605,-3.2263,Burgos
zujar,Zújar,37.5429,-2.842,Granada
zuniga,Zúñiga,42.6925,-2.2998,Navarra
el-baix-guinardo,el Baix Guinardó,41.4117,2.1678,
el-besos-i-el-maresme,el Besòs i el Maresme,41.4131,2.2174,
el-bon-pastor,el Bon Pastor,41.437,2.2018,
el-camp-d-en-grassot-i-gracia-nova,el Camp d'en Grassot i Gràcia Nova,41.4063,2.165,
el-camp-de-l-arpa-del-clot,el Camp de l'Arpa del Clot,41.412,2.1825,
el-catllar,el Catllar,41.1667,1.3167,
el-clot,el Clot,41.4099,2.1905,
el-cogul,el Cogul,41.4667,0.6833,
el-coll,el Coll,41.4172,2.1472,
el-congres-i-els-indians,el Congrés i els Indians,41.4246,2.1809,
el-guinardo,el Guinardó,41.4188,2.1736,
el-masroig,el Masroig,41.1333,0.7333,
el-parc-i-la-llacuna-del-poblenou,el Parc i la Llacuna del Poblenou,41.3986,2.1903,
el-pla-del-penedes,el Pla del Penedès,41.4167,1.7167,
el-poal,el Poal,41.6833,0.8667,
el-poblenou,el Poblenou,41.4039,2.2041,
el-pont-de-bar,el Pont de Bar,42.3711,1.6054,
el-pont-de-suert,el Pont de Suert,42.4081,0.7417,
el-putxet-i-el-farro,el Putxet i el Farró,41.4069,2.1439,
el-raval,el Raval,41.3804,2.1686,
el-torrico-altorricon,el Torricó / Altorricon,41.8028,0.4139,
el-turo-de-la-peira,el Turó de la Peira,41.4323,2.169,
els-pallaresos,els Pallaresos,41.1749,1.2709,
els-poblets,els Poblets,38.8538,0.021,
l-alcora,l'Alcora,40.0667,-0.2,
l-alfas-del-pi,l'Alfàs del Pi,38.5806,-0.1032,
l-ametlla-de-mar,l'Ametlla de Mar,40.9,0.8,
l-antiga-esquerra-de-l-eixample,l'Antiga Esquerra de l'Eixample,41.3894,2.1552,
l-escala,l'Escala,42.1256,3.1326,
l-estartit,l'Estartit,42.0534,3.1977,
la-barceloneta,la Barceloneta,41.3799,2.1897,
la-bisbal-d-emporda,la Bisbal d'Empordà,41.95,3.05,
la-bisbal-del-penedes,la Bisbal del Penedès,41.2833,1.4833,
la-cellera-de-ter,la Cellera de Ter,41.9692,2.624,
la-fatarella,la Fatarella,41.1667,0.4833,
la-font-d-en-fargues,la Font d'en Fargues,41.4246,2.1653,
la-font-de-la-guatlla,la Font de la Guatlla,41.3698,2.1449,
la-garriga,la Garriga,41.6833,2.2833,
la-granadella,la Granadella,41.35,0.6667,
la-granja-d-escarp,la Granja d'Escarp,41.4167,0.3667,
la-guineueta,la Guineueta,41.4388,2.1689,
la-jonquera,la Jonquera,42.4173,2.8736,
la-marina-de-port,la Marina de Port,41.36,2.1399,
la-marina-del-prat-vermell,la Marina del Prat Vermell,41.3394,2.1426,
la-maternitat-i-sant-ramon,la Maternitat i Sant Ramon,41.3813,2.1174,
la-morera-de-montsant,la Morera de Montsant,41.2653,0.8416,
la-nova-esquerra-de-l-eixample,la Nova Esquerra de l'Eixample,41.3831,2.149,
la-nucia,la Nucia,38.6137,-0.1269,
la-pobla-de-mafumet,la Pobla de Mafumet,41.1833,1.2167,
la-pobla-de-massaluca,la Pobla de Massaluca,41.1833,0.35,
la-prosperitat,la Prosperitat,41.4427,2.182,
la-salut,la Salut,41.4124,2.1544,
la-tallada-d-emporda,la Tallada d'Empordà,42.0802,3.0558,
la-teixonera,la Teixonera,41.4231,2.1465,
la-trinitat-nova,la Trinitat Nova,41.4505,2.1848,
la-trinitat-vella,la Trinitat Vella,41.4517,2.1929,
la-vall-d-hebron,la Vall d'Hebron,41.4304,2.1483,
la-verneda-i-la-pau,la Verneda i la Pau,41.424,2.203,
la-vila-olimpica-del-poblenou,la Vila Olímpica del Poblenou,41.3907,2.1968,
la-vila-de-gracia,la Vila de Gràcia,41.4031,2.1569,
les-borges-del-camp,les Borges del Camp,41.1667,1.0167,
les-llosses,les Llosses,42.15,2.1167,
les-planes-d-hostoles,les Planes d'Hostoles,42.0567,2.5409,
les-roquetes,les Roquetes,41.4481,2.1752,
s-arenal,s'Arenal,39.5,2.75,
sa-pobla,sa Pobla,39.7692,3.0239,
ager,Àger,42.0,0.7667,Lleida
abalos,Ábalos,42.5715,-2.7096,La Rioja
agreda,Ágreda,41.8559,-1.9224,Soria
aguilas,Águilas,37.4063,-1.5829,Murcia
archez,Árchez,36.8399,-3.9921,Málaga
avila,Ávila,40.6572,-4.6995,Ávila
ecija,Écija,37.5422,-5.0826,Sevilla
eller,Éller,42.4164,1.7922,
epila,Épila,41.6005,-1.2801,Zaragoza
itrabo,Ítrabo,36.8,-3.639,Granada
odena,Òdena,41.6,1.65,Barcelona
orrius,Òrrius,41.55,2.35,Barcelona
orgiva,Órgiva,36.9026,-3.4238,Granada
ubeda,Úbeda,38.0133,-3.3705,Jaén
