indicativo,mes,tm_mes,tm_max,tm_min,ta_max,ta_min,p_mes,p_max,hr,n_llu,n_nie,n_tor
B013X,01,,,,,,,,,,,
B013X,02,,,,,,,,,,,
B013X,03,,,,,,,,,,,
B013X,04,,,,,,,,,,,
B013X,05,,,,,,,,,,,
B013X,06,,,,,,,,,,,
B013X,07,,,,,,,,,,,
B013X,08,,,,,,,,,,,
B013X,09,,,,,,,,,,,
B013X,10,,,,,,,,,,,
B013X,11,,,,,,,,,,,
B013X,12,,,,,,,,,,,
B013X,13,,,,,,,,,,,
B051A,01,,,,,,,,,,,
B051A,02,,,,,,,,,,,
B051A,03,,,,,,,,,,,
B051A,04,,,,,,,,,,,
B051A,05,,,,,,,,,,,
B051A,06,,,,,,,,,,,
B051A,07,,,,,,,,,,,
B051A,08,,,,,,,,,,,
B051A,09,,,,,,,,,,,
B051A,10,,,,,,,,,,,
B051A,11,,,,,,,,,,,
B051A,12,,,,,,,,,,,
B051A,13,,,,,,,,,,,
B087X,01,,,,,,,,,,,
B087X,02,,,,,,,,,,,
B087X,03,,,,,,,,,,,
B087X,04,,,,,,,,,,,
B087X,05,,,,,,,,,,,
B087X,06,,,,,,,,,,,
B087X,07,,,,,,,,,,,
B087X,08,,,,,,,,,,,
B087X,09,,,,,,,,,,,
B087X,10,,,,,,,,,,,
B087X,11,,,,,,,,,,,
B087X,12,,,,,,,,,,,
B087X,13,,,,,,,,,,,
B103B,01,,,,,,,,,,,
B103B,02,,,,,,,,,,,
B103B,03,,,,,,,,,,,
B103B,04,,,,,,,,,,,
B103B,05,,,,,,,,,,,
B103B,06,,,,,,,,,,,
B103B,07,,,,,,,,,,,
B103B,08,,,,,,,,,,,
B103B,09,,,,,,,,,,,
B103B,10,,,,,,,,,,,
B103B,11,,,,,,,,,,,
B103B,12,,,,,,,,,,,
B103B,13,,,,,,,,,,,
B158X,01,,,,,,,,,,,
B158X,02,,,,,,,,,,,
B158X,03,,,,,,,,,,,
B158X,04,,,,,,,,,,,
B158X,05,,,,,,,,,,,
B158X,06,,,,,,,,,,,
B158X,07,,,,,,,,,,,
B158X,08,,,,,,,,,,,
B158X,09,,,,,,,,,,,
B158X,10,,,,,,,,,,,
B158X,11,,,,,,,,,,,
B158X,12,,,,,,,,,,,
B158X,13,,,,,,,,,,,
B228,01,,,,,,,,,,,
B228,02,,,,,,,,,,,
B228,03,,,,,,,,,,,
B228,04,,,,,,,,,,,
B228,05,,,,,,,,,,,
B228,06,,,,,,,,,,,
B228,07,,,,,,,,,,,
B228,08,,,,,,,,,,,
B228,09,,,,,,,,,,,
B228,10,,,,,,,,,,,
B228,11,,,,,,,,,,,
B228,12,,,,,,,,,,,
B228,13,,,,,,,,,,,
B236C,01,,,,,,,,,,,
B236C,02,,,,,,,,,,,
B236C,03,,,,,,,,,,,
B236C,04,,,,,,,,,,,
B236C,05,,,,,,,,,,,
B236C,06,,,,,,,,,,,
B236C,07,,,,,,,,,,,
B236C,08,,,,,,,,,,,
B236C,09,,,,,,,,,,,
B236C,10,,,,,,,,,,,
B236C,11,,,,,,,,,,,
B236C,12,,,,,,,,,,,
B236C,13,,,,,,,,,,,
B248,01,,,,,,,,,,,
B248,02,,,,,,,,,,,
B248,03,,,,,,,,,,,
B248,04,,,,,,,,,,,
B248,05,,,,,,,,,,,
B248,06,,,,,,,,,,,
B248,07,,,,,,,,,,,
B248,08,,,,,,,,,,,
B248,09,,,,,,,,,,,
B248,10,,,,,,,,,,,
B248,11,,,,,,,,,,,
B248,12,,,,,,,,,,,
B248,13,,,,,,,,,,,
B275E,01,,,,,,,,,,,
B275E,02,,,,,,,,,,,
B275E,03,,,,,,,,,,,
B275E,04,,,,,,,,,,,
B275E,05,,,,,,,,,,,
B275E,06,,,,,,,,,,,
B275E,07,,,,,,,,,,,
B275E,08,,,,,,,,,,,
B275E,09,,,,,,,,,,,
B275E,10,,,,,,,,,,,
B275E,11,,,,,,,,,,,
B275E,12,,,,,,,,,,,
B275E,13,,,,,,,,,,,
B278,01,,,,,,,,,,,
B278,02,,,,,,,,,,,
B278,03,,,,,,,,,,,
B278,04,,,,,,,,,,,
B278,05,,,,,,,,,,,
B278,06,,,,,,,,,,,
B278,07,,,,,,,,,,,
B278,08,,,,,,,,,,,
B278,09,,,,,,,,,,,
B278,10,,,,,,,,,,,
B278,11,,,,,,,,,,,
B278,12,,,,,,,,,,,
B278,13,,,,,,,,,,,
B301,01,,,,,,,,,,,
B301,02,,,,,,,,,,,
B301,03,,,,,,,,,,,
B301,04,,,,,,,,,,,
B301,05,,,,,,,,,,,
B301,06,,,,,,,,,,,
B301,07,,,,,,,,,,,
B301,08,,,,,,,,,,,
B301,09,,,,,,,,,,,
B301,10,,,,,,,,,,,
B301,11,,,,,,,,,,,
B301,12,,,,,,,,,,,
B301,13,,,,,,,,,,,
B334X,01,,,,,,,,,,,
B334X,02,,,,,,,,,,,
B334X,03,,,,,,,,,,,
B334X,04,,,,,,,,,,,
B334X,05,,,,,,,,,,,
B334X,06,,,,,,,,,,,
B334X,07,,,,,,,,,,,
B334X,08,,,,,,,,,,,
B334X,09,,,,,,,,,,,
B334X,10,,,,,,,,,,,
B334X,11,,,,,,,,,,,
B334X,12,,,,,,,,,,,
B334X,13,,,,,,,,,,,
B341X,01,,,,,,,,,,,
B341X,02,,,,,,,,,,,
B341X,03,,,,,,,,,,,
B341X,04,,,,,,,,,,,
B341X,05,,,,,,,,,,,
B341X,06,,,,,,,,,,,
B341X,07,,,,,,,,,,,
B341X,08,,,,,,,,,,,
B341X,09,,,,,,,,,,,
B341X,10,,,,,,,,,,,
B341X,11,,,,,,,,,,,
B341X,12,,,,,,,,,,,
B341X,13,,,,,,,,,,,
B346X,01,,,,,,,,,,,
B346X,02,,,,,,,,,,,
B346X,03,,,,,,,,,,,
B346X,04,,,,,,,,,,,
B346X,05,,,,,,,,,,,
B346X,06,,,,,,,,,,,
B346X,07,,,,,,,,,,,
B346X,08,,,,,,,,,,,
B346X,09,,,,,,,,,,,
B346X,10,,,,,,,,,,,
B346X,11,,,,,,,,,,,
B346X,12,,,,,,,,,,,
B346X,13,,,,,,,,,,,
B362X,01,,,,,,,,,,,
B362X,02,,,,,,,,,,,
B362X,03,,,,,,,,,,,
B362X,04,,,,,,,,,,,
B362X,05,,,,,,,,,,,
B362X,06,,,,,,,,,,,
B362X,07,,,,,,,,,,,
B362X,08,,,,,,,,,,,
B362X,09,,,,,,,,,,,
B362X,10,,,,,,,,,,,
B362X,11,,,,,,,,,,,
B362X,12,,,,,,,,,,,
B362X,13,,,,,,,,,,,
B373X,01,,,,,,,,,,,
B373X,02,,,,,,,,,,,
B373X,03,,,,,,,,,,,
B373X,04,,,,,,,,,,,
B373X,05,,,,,,,,,,,
B373X,06,,,,,,,,,,,
B373X,07,,,,,,,,,,,
B373X,08,,,,,,,,,,,
B373X,09,,,,,,,,,,,
B373X,10,,,,,,,,,,,
B373X,11,,,,,,,,,,,
B373X,12,,,,,,,,,,,
B373X,13,,,,,,,,,,,
B398A,01,,,,,,,,,,,
B398A,02,,,,,,,,,,,
B398A,03,,,,,,,,,,,
B398A,04,,,,,,,,,,,
B398A,05,,,,,,,,,,,
B398A,06,,,,,,,,,,,
B398A,07,,,,,,,,,,,
B398A,08,,,,,,,,,,,
B398A,09,,,,,,,,,,,
B398A,10,,,,,,,,,,,
B398A,11,,,,,,,,,,,
B398A,12,,,,,,,,,,,
B398A,13,,,,,,,,,,,
B410B,01,,,,,,,,,,,
B410B,02,,,,,,,,,,,
B410B,03,,,,,,,,,,,
B410B,04,,,,,,,,,,,
B410B,05,,,,,,,,,,,
B410B,06,,,,,,,,,,,
B410B,07,,,,,,,,,,,
B410B,08,,,,,,,,,,,
B410B,09,,,,,,,,,,,
B410B,10,,,,,,,,,,,
B410B,11,,,,,,,,,,,
B410B,12,,,,,,,,,,,
B410B,13,,,,,,,,,,,
B434X,01,,,,,,,,,,,
B434X,02,,,,,,,,,,,
B434X,03,,,,,,,,,,,
B434X,04,,,,,,,,,,,
B434X,05,,,,,,,,,,,
B434X,06,,,,,,,,,,,
B434X,07,,,,,,,,,,,
B434X,08,,,,,,,,,,,
B434X,09,,,,,,,,,,,
B434X,10,,,,,,,,,,,
B434X,11,,,,,,,,,,,
B434X,12,,,,,,,,,,,
B434X,13,,,,,,,,,,,
B496X,01,,,,,,,,,,,
B496X,02,,,,,,,,,,,
B496X,03,,,,,,,,,,,
B496X,04,,,,,,,,,,,
B496X,05,,,,,,,,,,,
B496X,06,,,,,,,,,,,
B496X,07,,,,,,,,,,,
B496X,08,,,,,,,,,,,
B496X,09,,,,,,,,,,,
B496X,10,,,,,,,,,,,
B496X,11,,,,,,,,,,,
B496X,12,,,,,,,,,,,
B496X,13,,,,,,,,,,,
B526X,01,,,,,,,,,,,
B526X,02,,,,,,,,,,,
B526X,03,,,,,,,,,,,
B526X,04,,,,,,,,,,,
B526X,05,,,,,,,,,,,
B526X,06,,,,,,,,,,,
B526X,07,,,,,,,,,,,
B526X,08,,,,,,,,,,,
B526X,09,,,,,,,,,,,
B526X,10,,,,,,,,,,,
B526X,11,,,,,,,,,,,
B526X,12,,,,,,,,,,,
B526X,13,,,,,,,,,,,
B569X,01,,,,,,,,,,,
B569X,02,,,,,,,,,,,
B569X,03,,,,,,,,,,,
B569X,04,,,,,,,,,,,
B569X,05,,,,,,,,,,,
B569X,06,,,,,,,,,,,
B569X,07,,,,,,,,,,,
B569X,08,,,,,,,,,,,
B569X,09,,,,,,,,,,,
B569X,10,,,,,,,,,,,
B569X,11,,,,,,,,,,,
B569X,12,,,,,,,,,,,
B569X,13,,,,,,,,,,,
B603X,01,,,,,,,,,,,
B603X,02,,,,,,,,,,,
B603X,03,,,,,,,,,,,
B603X,04,,,,,,,,,,,
B603X,05,,,,,,,,,,,
B603X,06,,,,,,,,,,,
B603X,07,,,,,,,,,,,
B603X,08,,,,,,,,,,,
B603X,09,,,,,,,,,,,
B603X,10,,,,,,,,,,,
B603X,11,,,,,,,,,,,
B603X,12,,,,,,,,,,,
B603X,13,,,,,,,,,,,
B605X,01,,,,,,,,,,,
B605X,02,,,,,,,,,,,
B605X,03,,,,,,,,,,,
B605X,04,,,,,,,,,,,
B605X,05,,,,,,,,,,,
B605X,06,,,,,,,,,,,
B605X,07,,,,,,,,,,,
B605X,08,,,,,,,,,,,
B605X,09,,,,,,,,,,,
B605X,10,,,,,,,,,,,
B605X,11,,,,,,,,,,,
B605X,12,,,,,,,,,,,
B605X,13,,,,,,,,,,,
B614E,01,,,,,,,,,,,
B614E,02,,,,,,,,,,,
B614E,03,,,,,,,,,,,
B614E,04,,,,,,,,,,,
B614E,05,,,,,,,,,,,
B614E,06,,,,,,,,,,,
B614E,07,,,,,,,,,,,
B614E,08,,,,,,,,,,,
B614E,09,,,,,,,,,,,
B614E,10,,,,,,,,,,,
B614E,11,,,,,,,,,,,
B614E,12,,,,,,,,,,,
B614E,13,,,,,,,,,,,
B640X,01,,,,,,,,,,,
B640X,02,,,,,,,,,,,
B640X,03,,,,,,,,,,,
B640X,04,,,,,,,,,,,
B640X,05,,,,,,,,,,,
B640X,06,,,,,,,,,,,
B640X,07,,,,,,,,,,,
B640X,08,,,,,,,,,,,
B640X,09,,,,,,,,,,,
B640X,10,,,,,,,,,,,
B640X,11,,,,,,,,,,,
B640X,12,,,,,,,,,,,
B640X,13,,,,,,,,,,,
B644B,01,,,,,,,,,,,
B644B,02,,,,,,,,,,,
B644B,03,,,,,,,,,,,
B644B,04,,,,,,,,,,,
B644B,05,,,,,,,,,,,
B644B,06,,,,,,,,,,,
B644B,07,,,,,,,,,,,
B644B,08,,,,,,,,,,,
B644B,09,,,,,,,,,,,
B644B,10,,,,,,,,,,,
B644B,11,,,,,,,,,,,
B644B,12,,,,,,,,,,,
B644B,13,,,,,,,,,,,
B656A,01,,,,,,,,,,,
B656A,02,,,,,,,,,,,
B656A,03,,,,,,,,,,,
B656A,04,,,,,,,,,,,
B656A,05,,,,,,,,,,,
B656A,06,,,,,,,,,,,
B656A,07,,,,,,,,,,,
B656A,08,,,,,,,,,,,
B656A,09,,,,,,,,,,,
B656A,10,,,,,,,,,,,
B656A,11,,,,,,,,,,,
B656A,12,,,,,,,,,,,
B656A,13,,,,,,,,,,,
B662X,01,,,,,,,,,,,
B662X,02,,,,,,,,,,,
B662X,03,,,,,,,,,,,
B662X,04,,,,,,,,,,,
B662X,05,,,,,,,,,,,
B662X,06,,,,,,,,,,,
B662X,07,,,,,,,,,,,
B662X,08,,,,,,,,,,,
B662X,09,,,,,,,,,,,
B662X,10,,,,,,,,,,,
B662X,11,,,,,,,,,,,
B662X,12,,,,,,,,,,,
B662X,13,,,,,,,,,,,
B684A,01,,,,,,,,,,,
B684A,02,,,,,,,,,,,
B684A,03,,,,,,,,,,,
B684A,04,,,,,,,,,,,
B684A,05,,,,,,,,,,,
B684A,06,,,,,,,,,,,
B684A,07,,,,,,,,,,,
B684A,08,,,,,,,,,,,
B684A,09,,,,,,,,,,,
B684A,10,,,,,,,,,,,
B684A,11,,,,,,,,,,,
B684A,12,,,,,,,,,,,
B684A,13,,,,,,,,,,,
B691,01,,,,,,,,,,,
B691,02,,,,,,,,,,,
B691,03,,,,,,,,,,,
B691,04,,,,,,,,,,,
B691,05,,,,,,,,,,,
B691,06,,,,,,,,,,,
B691,07,,,,,,,,,,,
B691,08,,,,,,,,,,,
B691,09,,,,,,,,,,,
B691,10,,,,,,,,,,,
B691,11,,,,,,,,,,,
B691,12,,,,,,,,,,,
B691,13,,,,,,,,,,,
B691Y,01,,,,,,,,,,,
B691Y,02,,,,,,,,,,,
B691Y,03,,,,,,,,,,,
B691Y,04,,,,,,,,,,,
B691Y,05,,,,,,,,,,,
B691Y,06,,,,,,,,,,,
B691Y,07,,,,,,,,,,,
B691Y,08,,,,,,,,,,,
B691Y,09,,,,,,,,,,,
B691Y,10,,,,,,,,,,,
B691Y,11,,,,,,,,,,,
B691Y,12,,,,,,,,,,,
B691Y,13,,,,,,,,,,,
B760X,01,,,,,,,,,,,
B760X,02,,,,,,,,,,,
B760X,03,,,,,,,,,,,
B760X,04,,,,,,,,,,,
B760X,05,,,,,,,,,,,
B760X,06,,,,,,,,,,,
B760X,07,,,,,,,,,,,
B760X,08,,,,,,,,,,,
B760X,09,,,,,,,,,,,
B760X,10,,,,,,,,,,,
B760X,11,,,,,,,,,,,
B760X,12,,,,,,,,,,,
B760X,13,,,,,,,,,,,
B780X,01,,,,,,,,,,,
B780X,02,,,,,,,,,,,
B780X,03,,,,,,,,,,,
B780X,04,,,,,,,,,,,
B780X,05,,,,,,,,,,,
B780X,06,,,,,,,,,,,
B780X,07,,,,,,,,,,,
B780X,08,,,,,,,,,,,
B780X,09,,,,,,,,,,,
B780X,10,,,,,,,,,,,
B780X,11,,,,,,,,,,,
B780X,12,,,,,,,,,,,
B780X,13,,,,,,,,,,,
B800X,01,,,,,,,,,,,
B800X,02,,,,,,,,,,,
B800X,03,,,,,,,,,,,
B800X,04,,,,,,,,,,,
B800X,05,,,,,,,,,,,
B800X,06,,,,,,,,,,,
B800X,07,,,,,,,,,,,
B800X,08,,,,,,,,,,,
B800X,09,,,,,,,,,,,
B800X,10,,,,,,,,,,,
B800X,11,,,,,,,,,,,
B800X,12,,,,,,,,,,,
B800X,13,,,,,,,,,,,
B825B,01,,,,,,,,,,,
B825B,02,,,,,,,,,,,
B825B,03,,,,,,,,,,,
B825B,04,,,,,,,,,,,
B825B,05,,,,,,,,,,,
B825B,06,,,,,,,,,,,
B825B,07,,,,,,,,,,,
B825B,08,,,,,,,,,,,
B825B,09,,,,,,,,,,,
B825B,10,,,,,,,,,,,
B825B,11,,,,,,,,,,,
B825B,12,,,,,,,,,,,
B825B,13,,,,,,,,,,,
B860X,01,,,,,,,,,,,
B860X,02,,,,,,,,,,,
B860X,03,,,,,,,,,,,
B860X,04,,,,,,,,,,,
B860X,05,,,,,,,,,,,
B860X,06,,,,,,,,,,,
B860X,07,,,,,,,,,,,
B860X,08,,,,,,,,,,,
B860X,09,,,,,,,,,,,
B860X,10,,,,,,,,,,,
B860X,11,,,,,,,,,,,
B860X,12,,,,,,,,,,,
B860X,13,,,,,,,,,,,
B870C,01,,,,,,,,,,,
B870C,02,,,,,,,,,,,
B870C,03,,,,,,,,,,,
B870C,04,,,,,,,,,,,
B870C,05,,,,,,,,,,,
B870C,06,,,,,,,,,,,
B870C,07,,,,,,,,,,,
B870C,08,,,,,,,,,,,
B870C,09,,,,,,,,,,,
B870C,10,,,,,,,,,,,
B870C,11,,,,,,,,,,,
B870C,12,,,,,,,,,,,
B870C,13,,,,,,,,,,,
B893,01,,,,,,,,,,,
B893,02,,,,,,,,,,,
B893,03,,,,,,,,,,,
B893,04,,,,,,,,,,,
B893,05,,,,,,,,,,,
B893,06,,,,,,,,,,,
B893,07,,,,,,,,,,,
B893,08,,,,,,,,,,,
B893,09,,,,,,,,,,,
B893,10,,,,,,,,,,,
B893,11,,,,,,,,,,,
B893,12,,,,,,,,,,,
B893,13,,,,,,,,,,,
B908X,01,,,,,,,,,,,
B908X,02,,,,,,,,,,,
B908X,03,,,,,,,,,,,
B908X,04,,,,,,,,,,,
B908X,05,,,,,,,,,,,
B908X,06,,,,,,,,,,,
B908X,07,,,,,,,,,,,
B908X,08,,,,,,,,,,,
B908X,09,,,,,,,,,,,
B908X,10,,,,,,,,,,,
B908X,11,,,,,,,,,,,
B908X,12,,,,,,,,,,,
B908X,13,,,,,,,,,,,
B925,01,,,,,,,,,,,
B925,02,,,,,,,,,,,
B925,03,,,,,,,,,,,
B925,04,,,,,,,,,,,
B925,05,,,,,,,,,,,
B925,06,,,,,,,,,,,
B925,07,,,,,,,,,,,
B925,08,,,,,,,,,,,
B925,09,,,,,,,,,,,
B925,10,,,,,,,,,,,
B925,11,,,,,,,,,,,
B925,12,,,,,,,,,,,
B925,13,,,,,,,,,,,
B954,01,,,,,,,,,,,
B954,02,,,,,,,,,,,
B954,03,,,,,,,,,,,
B954,04,,,,,,,,,,,
B954,05,,,,,,,,,,,
B954,06,,,,,,,,,,,
B954,07,,,,,,,,,,,
B954,08,,,,,,,,,,,
B954,09,,,,,,,,,,,
B954,10,,,,,,,,,,,
B954,11,,,,,,,,,,,
B954,12,,,,,,,,,,,
B954,13,,,,,,,,,,,
B957,01,,,,,,,,,,,
B957,02,,,,,,,,,,,
B957,03,,,,,,,,,,,
B957,04,,,,,,,,,,,
B957,05,,,,,,,,,,,
B957,06,,,,,,,,,,,
B957,07,,,,,,,,,,,
B957,08,,,,,,,,,,,
B957,09,,,,,,,,,,,
B957,10,,,,,,,,,,,
B957,11,,,,,,,,,,,
B957,12,,,,,,,,,,,
B957,13,,,,,,,,,,,
B986,01,,,,,,,,,,,
B986,02,,,,,,,,,,,
B986,03,,,,,,,,,,,
B986,04,,,,,,,,,,,
B986,05,,,,,,,,,,,
B986,06,,,,,,,,,,,
B986,07,,,,,,,,,,,
B986,08,,,,,,,,,,,
B986,09,,,,,,,,,,,
B986,10,,,,,,,,,,,
B986,11,,,,,,,,,,,
B986,12,,,,,,,,,,,
B986,13,,,,,,,,,,,
C018J,01,,,,,,,,,,,
C018J,02,,,,,,,,,,,
C018J,03,,,,,,,,,,,
C018J,04,,,,,,,,,,,
C018J,05,,,,,,,,,,,
C018J,06,,,,,,,,,,,
C018J,07,,,,,,,,,,,
C018J,08,,,,,,,,,,,
C018J,09,,,,,,,,,,,
C018J,10,,,,,,,,,,,
C018J,11,,,,,,,,,,,
C018J,12,,,,,,,,,,,
C018J,13,,,,,,,,,,,
C019V,01,,,,,,,,,,,
C019V,02,,,,,,,,,,,
C019V,03,,,,,,,,,,,
C019V,04,,,,,,,,,,,
C019V,05,,,,,,,,,,,
C019V,06,,,,,,,,,,,
C019V,07,,,,,,,,,,,
C019V,08,,,,,,,,,,,
C019V,09,,,,,,,,,,,
C019V,10,,,,,,,,,,,
C019V,11,,,,,,,,,,,
C019V,12,,,,,,,,,,,
C019V,13,,,,,,,,,,,
C029O,01,,,,,,,,,,,
C029O,02,,,,,,,,,,,
C029O,03,,,,,,,,,,,
C029O,04,,,,,,,,,,,
C029O,05,,,,,,,,,,,
C029O,06,,,,,,,,,,,
C029O,07,,,,,,,,,,,
C029O,08,,,,,,,,,,,
C029O,09,,,,,,,,,,,
C029O,10,,,,,,,,,,,
C029O,11,,,,,,,,,,,
C029O,12,,,,,,,,,,,
C029O,13,,,,,,,,,,,
C038N,01,,,,,,,,,,,
C038N,02,,,,,,,,,,,
C038N,03,,,,,,,,,,,
C038N,04,,,,,,,,,,,
C038N,05,,,,,,,,,,,
C038N,06,,,,,,,,,,,
C038N,07,,,,,,,,,,,
C038N,08,,,,,,,,,,,
C038N,09,,,,,,,,,,,
C038N,10,,,,,,,,,,,
C038N,11,,,,,,,,,,,
C038N,12,,,,,,,,,,,
C038N,13,,,,,,,,,,,
C048W,01,,,,,,,,,,,
C048W,02,,,,,,,,,,,
C048W,03,,,,,,,,,,,
C048W,04,,,,,,,,,,,
C048W,05,,,,,,,,,,,
C048W,06,,,,,,,,,,,
C048W,07,,,,,,,,,,,
C048W,08,,,,,,,,,,,
C048W,09,,,,,,,,,,,
C048W,10,,,,,,,,,,,
C048W,11,,,,,,,,,,,
C048W,12,,,,,,,,,,,
C048W,13,,,,,,,,,,,
C101A,01,,,,,,,,,,,
C101A,02,,,,,,,,,,,
C101A,03,,,,,,,,,,,
C101A,04,,,,,,,,,,,
C101A,05,,,,,,,,,,,
C101A,06,,,,,,,,,,,
C101A,07,,,,,,,,,,,
C101A,08,,,,,,,,,,,
C101A,09,,,,,,,,,,,
C101A,10,,,,,,,,,,,
C101A,11,,,,,,,,,,,
C101A,12,,,,,,,,,,,
C101A,13,,,,,,,,,,,
C117A,01,,,,,,,,,,,
C117A,02,,,,,,,,,,,
C117A,03,,,,,,,,,,,
C117A,04,,,,,,,,,,,
C117A,05,,,,,,,,,,,
C117A,06,,,,,,,,,,,
C117A,07,,,,,,,,,,,
C117A,08,,,,,,,,,,,
C117A,09,,,,,,,,,,,
C117A,10,,,,,,,,,,,
C117A,11,,,,,,,,,,,
C117A,12,,,,,,,,,,,
C117A,13,,,,,,,,,,,
C117Z,01,,,,,,,,,,,
C117Z,02,,,,,,,,,,,
C117Z,03,,,,,,,,,,,
C117Z,04,,,,,,,,,,,
C117Z,05,,,,,,,,,,,
C117Z,06,,,,,,,,,,,
C117Z,07,,,,,,,,,,,
C117Z,08,,,,,,,,,,,
C117Z,09,,,,,,,,,,,
C117Z,10,,,,,,,,,,,
C117Z,11,,,,,,,,,,,
C117Z,12,,,,,,,,,,,
C117Z,13,,,,,,,,,,,
C126A,01,,,,,,,,,,,
C126A,02,,,,,,,,,,,
C126A,03,,,,,,,,,,,
C126A,04,,,,,,,,,,,
C126A,05,,,,,,,,,,,
C126A,06,,,,,,,,,,,
C126A,07,,,,,,,,,,,
C126A,08,,,,,,,,,,,
C126A,09,,,,,,,,,,,
C126A,10,,,,,,,,,,,
C126A,11,,,,,,,,,,,
C126A,12,,,,,,,,,,,
C126A,13,,,,,,,,,,,
C129V,01,,,,,,,,,,,
C129V,02,,,,,,,,,,,
C129V,03,,,,,,,,,,,
C129V,04,,,,,,,,,,,
C129V,05,,,,,,,,,,,
C129V,06,,,,,,,,,,,
C129V,07,,,,,,,,,,,
C129V,08,,,,,,,,,,,
C129V,09,,,,,,,,,,,
C129V,10,,,,,,,,,,,
C129V,11,,,,,,,,,,,
C129V,12,,,,,,,,,,,
C129V,13,,,,,,,,,,,
C129Z,01,,,,,,,,,,,
C129Z,02,,,,,,,,,,,
C129Z,03,,,,,,,,,,,
C129Z,04,,,,,,,,,,,
C129Z,05,,,,,,,,,,,
C129Z,06,,,,,,,,,,,
C129Z,07,,,,,,,,,,,
C129Z,08,,,,,,,,,,,
C129Z,09,,,,,,,,,,,
C129Z,10,,,,,,,,,,,
C129Z,11,,,,,,,,,,,
C129Z,12,,,,,,,,,,,
C129Z,13,,,,,,,,,,,
C139E,01,,,,,,,,,,,
C139E,02,,,,,,,,,,,
C139E,03,,,,,,,,,,,
C139E,04,,,,,,,,,,,
C139E,05,,,,,,,,,,,
C139E,06,,,,,,,,,,,
C139E,07,,,,,,,,,,,
C139E,08,,,,,,,,,,,
C139E,09,,,,,,,,,,,
C139E,10,,,,,,,,,,,
C139E,11,,,,,,,,,,,
C139E,12,,,,,,,,,,,
C139E,13,,,,,,,,,,,
C148F,01,,,,,,,,,,,
C148F,02,,,,,,,,,,,
C148F,03,,,,,,,,,,,
C148F,04,,,,,,,,,,,
C148F,05,,,,,,,,,,,
C148F,06,,,,,,,,,,,
C148F,07,,,,,,,,,,,
C148F,08,,,,,,,,,,,
C148F,09,,,,,,,,,,,
C148F,10,,,,,,,,,,,
C148F,11,,,,,,,,,,,
C148F,12,,,,,,,,,,,
C148F,13,,,,,,,,,,,
C229J,01,,,,,,,,,,,
C229J,02,,,,,,,,,,,
C229J,03,,,,,,,,,,,
C229J,04,,,,,,,,,,,
C229J,05,,,,,,,,,,,
C229J,06,,,,,,,,,,,
C229J,07,,,,,,,,,,,
C229J,08,,,,,,,,,,,
C229J,09,,,,,,,,,,,
C229J,10,,,,,,,,,,,
C229J,11,,,,,,,,,,,
C229J,12,,,,,,,,,,,
C229J,13,,,,,,,,,,,
C239N,01,,,,,,,,,,,
C239N,02,,,,,,,,,,,
C239N,03,,,,,,,,,,,
C239N,04,,,,,,,,,,,
C239N,05,,,,,,,,,,,
C239N,06,,,,,,,,,,,
C239N,07,,,,,,,,,,,
C239N,08,,,,,,,,,,,
C239N,09,,,,,,,,,,,
C239N,10,,,,,,,,,,,
C239N,11,,,,,,,,,,,
C239N,12,,,,,,,,,,,
C239N,13,,,,,,,,,,,
C248E,01,,,,,,,,,,,
C248E,02,,,,,,,,,,,
C248E,03,,,,,,,,,,,
C248E,04,,,,,,,,,,,
C248E,05,,,,,,,,,,,
C248E,06,,,,,,,,,,,
C248E,07,,,,,,,,,,,
C248E,08,,,,,,,,,,,
C248E,09,,,,,,,,,,,
C248E,10,,,,,,,,,,,
C248E,11,,,,,,,,,,,
C248E,12,,,,,,,,,,,
C248E,13,,,,,,,,,,,
C249I,01,,,,,,,,,,,
C249I,02,,,,,,,,,,,
C249I,03,,,,,,,,,,,
C249I,04,,,,,,,,,,,
C249I,05,,,,,,,,,,,
C249I,06,,,,,,,,,,,
C249I,07,,,,,,,,,,,
C249I,08,,,,,,,,,,,
C249I,09,,,,,,,,,,,
C249I,10,,,,,,,,,,,
C249I,11,,,,,,,,,,,
C249I,12,,,,,,,,,,,
C249I,13,,,,,,,,,,,
C258K,01,,,,,,,,,,,
C258K,02,,,,,,,,,,,
C258K,03,,,,,,,,,,,
C258K,04,,,,,,,,,,,
C258K,05,,,,,,,,,,,
C258K,06,,,,,,,,,,,
C258K,07,,,,,,,,,,,
C258K,08,,,,,,,,,,,
C258K,09,,,,,,,,,,,
C258K,10,,,,,,,,,,,
C258K,11,,,,,,,,,,,
C258K,12,,,,,,,,,,,
C258K,13,,,,,,,,,,,
C314Z,01,,,,,,,,,,,
C314Z,02,,,,,,,,,,,
C314Z,03,,,,,,,,,,,
C314Z,04,,,,,,,,,,,
C314Z,05,,,,,,,,,,,
C314Z,06,,,,,,,,,,,
C314Z,07,,,,,,,,,,,
C314Z,08,,,,,,,,,,,
C314Z,09,,,,,,,,,,,
C314Z,10,,,,,,,,,,,
C314Z,11,,,,,,,,,,,
C314Z,12,,,,,,,,,,,
C314Z,13,,,,,,,,,,,
C316I,01,,,,,,,,,,,
C316I,02,,,,,,,,,,,
C316I,03,,,,,,,,,,,
C316I,04,,,,,,,,,,,
C316I,05,,,,,,,,,,,
C316I,06,,,,,,,,,,,
C316I,07,,,,,,,,,,,
C316I,08,,,,,,,,,,,
C316I,09,,,,,,,,,,,
C316I,10,,,,,,,,,,,
C316I,11,,,,,,,,,,,
C316I,12,,,,,,,,,,,
C316I,13,,,,,,,,,,,
C317B,01,,,,,,,,,,,
C317B,02,,,,,,,,,,,
C317B,03,,,,,,,,,,,
C317B,04,,,,,,,,,,,
C317B,05,,,,,,,,,,,
C317B,06,,,,,,,,,,,
C317B,07,,,,,,,,,,,
C317B,08,,,,,,,,,,,
C317B,09,,,,,,,,,,,
C317B,10,,,,,,,,,,,
C317B,11,,,,,,,,,,,
C317B,12,,,,,,,,,,,
C317B,13,,,,,,,,,,,
C319W,01,,,,,,,,,,,
C319W,02,,,,,,,,,,,
C319W,03,,,,,,,,,,,
C319W,04,,,,,,,,,,,
C319W,05,,,,,,,,,,,
C319W,06,,,,,,,,,,,
C319W,07,,,,,,,,,,,
C319W,08,,,,,,,,,,,
C319W,09,,,,,,,,,,,
C319W,10,,,,,,,,,,,
C319W,11,,,,,,,,,,,
C319W,12,,,,,,,,,,,
C319W,13,,,,,,,,,,,
C328W,01,,,,,,,,,,,
C328W,02,,,,,,,,,,,
C328W,03,,,,,,,,,,,
C328W,04,,,,,,,,,,,
C328W,05,,,,,,,,,,,
C328W,06,,,,,,,,,,,
C328W,07,,,,,,,,,,,
C328W,08,,,,,,,,,,,
C328W,09,,,,,,,,,,,
C328W,10,,,,,,,,,,,
C328W,11,,,,,,,,,,,
C328W,12,,,,,,,,,,,
C328W,13,,,,,,,,,,,
C329B,01,,,,,,,,,,,
C329B,02,,,,,,,,,,,
C329B,03,,,,,,,,,,,
C329B,04,,,,,,,,,,,
C329B,05,,,,,,,,,,,
C329B,06,,,,,,,,,,,
C329B,07,,,,,,,,,,,
C329B,08,,,,,,,,,,,
C329B,09,,,,,,,,,,,
C329B,10,,,,,,,,,,,
C329B,11,,,,,,,,,,,
C329B,12,,,,,,,,,,,
C329B,13,,,,,,,,,,,
C329Z,01,,,,,,,,,,,
C329Z,02,,,,,,,,,,,
C329Z,03,,,,,,,,,,,
C329Z,04,,,,,,,,,,,
C329Z,05,,,,,,,,,,,
C329Z,06,,,,,,,,,,,
C329Z,07,,,,,,,,,,,
C329Z,08,,,,,,,,,,,
C329Z,09,,,,,,,,,,,
C329Z,10,,,,,,,,,,,
C329Z,11,,,,,,,,,,,
C329Z,12,,,,,,,,,,,
C329Z,13,,,,,,,,,,,
C406G,01,,,,,,,,,,,
C406G,02,,,,,,,,,,,
C406G,03,,,,,,,,,,,
C406G,04,,,,,,,,,,,
C406G,05,,,,,,,,,,,
C406G,06,,,,,,,,,,,
C406G,07,,,,,,,,,,,
C406G,08,,,,,,,,,,,
C406G,09,,,,,,,,,,,
C406G,10,,,,,,,,,,,
C406G,11,,,,,,,,,,,
C406G,12,,,,,,,,,,,
C406G,13,,,,,,,,,,,
C419L,01,,,,,,,,,,,
C419L,02,,,,,,,,,,,
C419L,03,,,,,,,,,,,
C419L,04,,,,,,,,,,,
C419L,05,,,,,,,,,,,
C419L,06,,,,,,,,,,,
C419L,07,,,,,,,,,,,
C419L,08,,,,,,,,,,,
C419L,09,,,,,,,,,,,
C419L,10,,,,,,,,,,,
C419L,11,,,,,,,,,,,
C419L,12,,,,,,,,,,,
C419L,13,,,,,,,,,,,
C419X,01,,,,,,,,,,,
C419X,02,,,,,,,,,,,
C419X,03,,,,,,,,,,,
C419X,04,,,,,,,,,,,
C419X,05,,,,,,,,,,,
C419X,06,,,,,,,,,,,
C419X,07,,,,,,,,,,,
C419X,08,,,,,,,,,,,
C419X,09,,,,,,,,,,,
C419X,10,,,,,,,,,,,
C419X,11,,,,,,,,,,,
C419X,12,,,,,,,,,,,
C419X,13,,,,,,,,,,,
C428T,01,,,,,,,,,,,
C428T,02,,,,,,,,,,,
C428T,03,,,,,,,,,,,
C428T,04,,,,,,,,,,,
C428T,05,,,,,,,,,,,
C428T,06,,,,,,,,,,,
C428T,07,,,,,,,,,,,
C428T,08,,,,,,,,,,,
C428T,09,,,,,,,,,,,
C428T,10,,,,,,,,,,,
C428T,11,,,,,,,,,,,
C428T,12,,,,,,,,,,,
C428T,13,,,,,,,,,,,
C429I,01,,,,,,,,,,,
C429I,02,,,,,,,,,,,
C429I,03,,,,,,,,,,,
C429I,04,,,,,,,,,,,
C429I,05,,,,,,,,,,,
C429I,06,,,,,,,,,,,
C429I,07,,,,,,,,,,,
C429I,08,,,,,,,,,,,
C429I,09,,,,,,,,,,,
C429I,10,,,,,,,,,,,
C429I,11,,,,,,,,,,,
C429I,12,,,,,,,,,,,
C429I,13,,,,,,,,,,,
C430E,01,,,,,,,,,,,
C430E,02,,,,,,,,,,,
C430E,03,,,,,,,,,,,
C430E,04,,,,,,,,,,,
C430E,05,,,,,,,,,,,
C430E,06,,,,,,,,,,,
C430E,07,,,,,,,,,,,
C430E,08,,,,,,,,,,,
C430E,09,,,,,,,,,,,
C430E,10,,,,,,,,,,,
C430E,11,,,,,,,,,,,
C430E,12,,,,,,,,,,,
C430E,13,,,,,,,,,,,
C438N,01,,,,,,,,,,,
C438N,02,,,,,,,,,,,
C438N,03,,,,,,,,,,,
C438N,04,,,,,,,,,,,
C438N,05,,,,,,,,,,,
C438N,06,,,,,,,,,,,
C438N,07,,,,,,,,,,,
C438N,08,,,,,,,,,,,
C438N,09,,,,,,,,,,,
C438N,10,,,,,,,,,,,
C438N,11,,,,,,,,,,,
C438N,12,,,,,,,,,,,
C438N,13,,,,,,,,,,,
C439J,01,,,,,,,,,,,
C439J,02,,,,,,,,,,,
C439J,03,,,,,,,,,,,
C439J,04,,,,,,,,,,,
C439J,05,,,,,,,,,,,
C439J,06,,,,,,,,,,,
C439J,07,,,,,,,,,,,
C439J,08,,,,,,,,,,,
C439J,09,,,,,,,,,,,
C439J,10,,,,,,,,,,,
C439J,11,,,,,,,,,,,
C439J,12,,,,,,,,,,,
C439J,13,,,,,,,,,,,
C446G,01,,,,,,,,,,,
C446G,02,,,,,,,,,,,
C446G,03,,,,,,,,,,,
C446G,04,,,,,,,,,,,
C446G,05,,,,,,,,,,,
C446G,06,,,,,,,,,,,
C446G,07,,,,,,,,,,,
C446G,08,,,,,,,,,,,
C446G,09,,,,,,,,,,,
C446G,10,,,,,,,,,,,
C446G,11,,,,,,,,,,,
C446G,12,,,,,,,,,,,
C446G,13,,,,,,,,,,,
C447A,01,,,,,,,,,,,
C447A,02,,,,,,,,,,,
C447A,03,,,,,,,,,,,
C447A,04,,,,,,,,,,,
C447A,05,,,,,,,,,,,
C447A,06,,,,,,,,,,,
C447A,07,,,,,,,,,,,
C447A,08,,,,,,,,,,,
C447A,09,,,,,,,,,,,
C447A,10,,,,,,,,,,,
C447A,11,,,,,,,,,,,
C447A,12,,,,,,,,,,,
C447A,13,,,,,,,,,,,
C449C,01,,,,,,,,,,,
C449C,02,,,,,,,,,,,
C449C,03,,,,,,,,,,,
C449C,04,,,,,,,,,,,
C449C,05,,,,,,,,,,,
C449C,06,,,,,,,,,,,
C449C,07,,,,,,,,,,,
C449C,08,,,,,,,,,,,
C449C,09,,,,,,,,,,,
C449C,10,,,,,,,,,,,
C449C,11,,,,,,,,,,,
C449C,12,,,,,,,,,,,
C449C,13,,,,,,,,,,,
C449F,01,,,,,,,,,,,
C449F,02,,,,,,,,,,,
C449F,03,,,,,,,,,,,
C449F,04,,,,,,,,,,,
C449F,05,,,,,,,,,,,
C449F,06,,,,,,,,,,,
C449F,07,,,,,,,,,,,
C449F,08,,,,,,,,,,,
C449F,09,,,,,,,,,,,
C449F,10,,,,,,,,,,,
C449F,11,,,,,,,,,,,
C449F,12,,,,,,,,,,,
C449F,13,,,,,,,,,,,
C457I,01,,,,,,,,,,,
C457I,02,,,,,,,,,,,
C457I,03,,,,,,,,,,,
C457I,04,,,,,,,,,,,
C457I,05,,,,,,,,,,,
C457I,06,,,,,,,,,,,
C457I,07,,,,,,,,,,,
C457I,08,,,,,,,,,,,
C457I,09,,,,,,,,,,,
C457I,10,,,,,,,,,,,
C457I,11,,,,,,,,,,,
C457I,12,,,,,,,,,,,
C457I,13,,,,,,,,,,,
C458A,01,,,,,,,,,,,
C458A,02,,,,,,,,,,,
C458A,03,,,,,,,,,,,
C458A,04,,,,,,,,,,,
C458A,05,,,,,,,,,,,
C458A,06,,,,,,,,,,,
C458A,07,,,,,,,,,,,
C458A,08,,,,,,,,,,,
C458A,09,,,,,,,,,,,
C458A,10,,,,,,,,,,,
C458A,11,,,,,,,,,,,
C458A,12,,,,,,,,,,,
C458A,13,,,,,,,,,,,
C459Z,01,,,,,,,,,,,
C459Z,02,,,,,,,,,,,
C459Z,03,,,,,,,,,,,
C459Z,04,,,,,,,,,,,
C459Z,05,,,,,,,,,,,
C459Z,06,,,,,,,,,,,
C459Z,07,,,,,,,,,,,
C459Z,08,,,,,,,,,,,
C459Z,09,,,,,,,,,,,
C459Z,10,,,,,,,,,,,
C459Z,11,,,,,,,,,,,
C459Z,12,,,,,,,,,,,
C459Z,13,,,,,,,,,,,
C468X,01,,,,,,,,,,,
C468X,02,,,,,,,,,,,
C468X,03,,,,,,,,,,,
C468X,04,,,,,,,,,,,
C468X,05,,,,,,,,,,,
C468X,06,,,,,,,,,,,
C468X,07,,,,,,,,,,,
C468X,08,,,,,,,,,,,
C468X,09,,,,,,,,,,,
C468X,10,,,,,,,,,,,
C468X,11,,,,,,,,,,,
C468X,12,,,,,,,,,,,
C468X,13,,,,,,,,,,,
C611E,01,,,,,,,,,,,
C611E,02,,,,,,,,,,,
C611E,03,,,,,,,,,,,
C611E,04,,,,,,,,,,,
C611E,05,,,,,,,,,,,
C611E,06,,,,,,,,,,,
C611E,07,,,,,,,,,,,
C611E,08,,,,,,,,,,,
C611E,09,,,,,,,,,,,
C611E,10,,,,,,,,,,,
C611E,11,,,,,,,,,,,
C611E,12,,,,,,,,,,,
C611E,13,,,,,,,,,,,
C612F,01,,,,,,,,,,,
C612F,02,,,,,,,,,,,
C612F,03,,,,,,,,,,,
C612F,04,,,,,,,,,,,
C612F,05,,,,,,,,,,,
C612F,06,,,,,,,,,,,
C612F,07,,,,,,,,,,,
C612F,08,,,,,,,,,,,
C612F,09,,,,,,,,,,,
C612F,10,,,,,,,,,,,
C612F,11,,,,,,,,,,,
C612F,12,,,,,,,,,,,
C612F,13,,,,,,,,,,,
C614H,01,,,,,,,,,,,
C614H,02,,,,,,,,,,,
C614H,03,,,,,,,,,,,
C614H,04,,,,,,,,,,,
C614H,05,,,,,,,,,,,
C614H,06,,,,,,,,,,,
C614H,07,,,,,,,,,,,
C614H,08,,,,,,,,,,,
C614H,09,,,,,,,,,,,
C614H,10,,,,,,,,,,,
C614H,11,,,,,,,,,,,
C614H,12,,,,,,,,,,,
C614H,13,,,,,,,,,,,
C619I,01,,,,,,,,,,,
C619I,02,,,,,,,,,,,
C619I,03,,,,,,,,,,,
C619I,04,,,,,,,,,,,
C619I,05,,,,,,,,,,,
C619I,06,,,,,,,,,,,
C619I,07,,,,,,,,,,,
C619I,08,,,,,,,,,,,
C619I,09,,,,,,,,,,,
C619I,10,,,,,,,,,,,
C619I,11,,,,,,,,,,,
C619I,12,,,,,,,,,,,
C619I,13,,,,,,,,,,,
C619X,01,,,,,,,,,,,
C619X,02,,,,,,,,,,,
C619X,03,,,,,,,,,,,
C619X,04,,,,,,,,,,,
C619X,05,,,,,,,,,,,
C619X,06,,,,,,,,,,,
C619X,07,,,,,,,,,,,
C619X,08,,,,,,,,,,,
C619X,09,,,,,,,,,,,
C619X,10,,,,,,,,,,,
C619X,11,,,,,,,,,,,
C619X,12,,,,,,,,,,,
C619X,13,,,,,,,,,,,
C619Y,01,,,,,,,,,,,
C619Y,02,,,,,,,,,,,
C619Y,03,,,,,,,,,,,
C619Y,04,,,,,,,,,,,
C619Y,05,,,,,,,,,,,
C619Y,06,,,,,,,,,,,
C619Y,07,,,,,,,,,,,
C619Y,08,,,,,,,,,,,
C619Y,09,,,,,,,,,,,
C619Y,10,,,,,,,,,,,
C619Y,11,,,,,,,,,,,
C619Y,12,,,,,,,,,,,
C619Y,13,,,,,,,,,,,
C623I,01,,,,,,,,,,,
C623I,02,,,,,,,,,,,
C623I,03,,,,,,,,,,,
C623I,04,,,,,,,,,,,
C623I,05,,,,,,,,,,,
C623I,06,,,,,,,,,,,
C623I,07,,,,,,,,,,,
C623I,08,,,,,,,,,,,
C623I,09,,,,,,,,,,,
C623I,10,,,,,,,,,,,
C623I,11,,,,,,,,,,,
C623I,12,,,,,,,,,,,
C623I,13,,,,,,,,,,,
C625O,01,,,,,,,,,,,
C625O,02,,,,,,,,,,,
C625O,03,,,,,,,,,,,
C625O,04,,,,,,,,,,,
C625O,05,,,,,,,,,,,
C625O,06,,,,,,,,,,,
C625O,07,,,,,,,,,,,
C625O,08,,,,,,,,,,,
C625O,09,,,,,,,,,,,
C625O,10,,,,,,,,,,,
C625O,11,,,,,,,,,,,
C625O,12,,,,,,,,,,,
C625O,13,,,,,,,,,,,
C628B,01,,,,,,,,,,,
C628B,02,,,,,,,,,,,
C628B,03,,,,,,,,,,,
C628B,04,,,,,,,,,,,
C628B,05,,,,,,,,,,,
C628B,06,,,,,,,,,,,
C628B,07,,,,,,,,,,,
C628B,08,,,,,,,,,,,
C628B,09,,,,,,,,,,,
C628B,10,,,,,,,,,,,
C628B,11,,,,,,,,,,,
C628B,12,,,,,,,,,,,
C628B,13,,,,,,,,,,,
C629Q,01,,,,,,,,,,,
C629Q,02,,,,,,,,,,,
C629Q,03,,,,,,,,,,,
C629Q,04,,,,,,,,,,,
C629Q,05,,,,,,,,,,,
C629Q,06,,,,,,,,,,,
C629Q,07,,,,,,,,,,,
C629Q,08,,,,,,,,,,,
C629Q,09,,,,,,,,,,,
C629Q,10,,,,,,,,,,,
C629Q,11,,,,,,,,,,,
C629Q,12,,,,,,,,,,,
C629Q,13,,,,,,,,,,,
C629X,01,,,,,,,,,,,
C629X,02,,,,,,,,,,,
C629X,03,,,,,,,,,,,
C629X,04,,,,,,,,,,,
C629X,05,,,,,,,,,,,
C629X,06,,,,,,,,,,,
C629X,07,,,,,,,,,,,
C629X,08,,,,,,,,,,,
C629X,09,,,,,,,,,,,
C629X,10,,,,,,,,,,,
C629X,11,,,,,,,,,,,
C629X,12,,,,,,,,,,,
C629X,13,,,,,,,,,,,
C635B,01,,,,,,,,,,,
C635B,02,,,,,,,,,,,
C635B,03,,,,,,,,,,,
C635B,04,,,,,,,,,,,
C635B,05,,,,,,,,,,,
C635B,06,,,,,,,,,,,
C635B,07,,,,,,,,,,,
C635B,08,,,,,,,,,,,
C635B,09,,,,,,,,,,,
C635B,10,,,,,,,,,,,
C635B,11,,,,,,,,,,,
C635B,12,,,,,,,,,,,
C635B,13,,,,,,,,,,,
C639M,01,,,,,,,,,,,
C639M,02,,,,,,,,,,,
C639M,03,,,,,,,,,,,
C639M,04,,,,,,,,,,,
C639M,05,,,,,,,,,,,
C639M,06,,,,,,,,,,,
C639M,07,,,,,,,,,,,
C639M,08,,,,,,,,,,,
C639M,09,,,,,,,,,,,
C639M,10,,,,,,,,,,,
C639M,11,,,,,,,,,,,
C639M,12,,,,,,,,,,,
C639M,13,,,,,,,,,,,
C639U,01,,,,,,,,,,,
C639U,02,,,,,,,,,,,
C639U,03,,,,,,,,,,,
C639U,04,,,,,,,,,,,
C639U,05,,,,,,,,,,,
C639U,06,,,,,,,,,,,
C639U,07,,,,,,,,,,,
C639U,08,,,,,,,,,,,
C639U,09,,,,,,,,,,,
C639U,10,,,,,,,,,,,
C639U,11,,,,,,,,,,,
C639U,12,,,,,,,,,,,
C639U,13,,,,,,,,,,,
C648C,01,,,,,,,,,,,
C648C,02,,,,,,,,,,,
C648C,03,,,,,,,,,,,
C648C,04,,,,,,,,,,,
C648C,05,,,,,,,,,,,
C648C,06,,,,,,,,,,,
C648C,07,,,,,,,,,,,
C648C,08,,,,,,,,,,,
C648C,09,,,,,,,,,,,
C648C,10,,,,,,,,,,,
C648C,11,,,,,,,,,,,
C648C,12,,,,,,,,,,,
C648C,13,,,,,,,,,,,
C648N,01,,,,,,,,,,,
C648N,02,,,,,,,,,,,
C648N,03,,,,,,,,,,,
C648N,04,,,,,,,,,,,
C648N,05,,,,,,,,,,,
C648N,06,,,,,,,,,,,
C648N,07,,,,,,,,,,,
C648N,08,,,,,,,,,,,
C648N,09,,,,,,,,,,,
C648N,10,,,,,,,,,,,
C648N,11,,,,,,,,,,,
C648N,12,,,,,,,,,,,
C648N,13,,,,,,,,,,,
C649I,01,,,,,,,,,,,
C649I,02,,,,,,,,,,,
C649I,03,,,,,,,,,,,
C649I,04,,,,,,,,,,,
C649I,05,,,,,,,,,,,
C649I,06,,,,,,,,,,,
C649I,07,,,,,,,,,,,
C649I,08,,,,,,,,,,,
C649I,09,,,,,,,,,,,
C649I,10,,,,,,,,,,,
C649I,11,,,,,,,,,,,
C649I,12,,,,,,,,,,,
C649I,13,,,,,,,,,,,
C649R,01,,,,,,,,,,,
C649R,02,,,,,,,,,,,
C649R,03,,,,,,,,,,,
C649R,04,,,,,,,,,,,
C649R,05,,,,,,,,,,,
C649R,06,,,,,,,,,,,
C649R,07,,,,,,,,,,,
C649R,08,,,,,,,,,,,
C649R,09,,,,,,,,,,,
C649R,10,,,,,,,,,,,
C649R,11,,,,,,,,,,,
C649R,12,,,,,,,,,,,
C649R,13,,,,,,,,,,,
C656V,01,,,,,,,,,,,
C656V,02,,,,,,,,,,,
C656V,03,,,,,,,,,,,
C656V,04,,,,,,,,,,,
C656V,05,,,,,,,,,,,
C656V,06,,,,,,,,,,,
C656V,07,,,,,,,,,,,
C656V,08,,,,,,,,,,,
C656V,09,,,,,,,,,,,
C656V,10,,,,,,,,,,,
C656V,11,,,,,,,,,,,
C656V,12,,,,,,,,,,,
C656V,13,,,,,,,,,,,
C658L,01,,,,,,,,,,,
C658L,02,,,,,,,,,,,
C658L,03,,,,,,,,,,,
C658L,04,,,,,,,,,,,
C658L,05,,,,,,,,,,,
C658L,06,,,,,,,,,,,
C658L,07,,,,,,,,,,,
C658L,08,,,,,,,,,,,
C658L,09,,,,,,,,,,,
C658L,10,,,,,,,,,,,
C658L,11,,,,,,,,,,,
C658L,12,,,,,,,,,,,
C658L,13,,,,,,,,,,,
C658X,01,,,,,,,,,,,
C658X,02,,,,,,,,,,,
C658X,03,,,,,,,,,,,
C658X,04,,,,,,,,,,,
C658X,05,,,,,,,,,,,
C658X,06,,,,,,,,,,,
C658X,07,,,,,,,,,,,
C658X,08,,,,,,,,,,,
C658X,09,,,,,,,,,,,
C658X,10,,,,,,,,,,,
C658X,11,,,,,,,,,,,
C658X,12,,,,,,,,,,,
C658X,13,,,,,,,,,,,
C659H,01,,,,,,,,,,,
C659H,02,,,,,,,,,,,
C659H,03,,,,,,,,,,,
C659H,04,,,,,,,,,,,
C659H,05,,,,,,,,,,,
C659H,06,,,,,,,,,,,
C659H,07,,,,,,,,,,,
C659H,08,,,,,,,,,,,
C659H,09,,,,,,,,,,,
C659H,10,,,,,,,,,,,
C659H,11,,,,,,,,,,,
C659H,12,,,,,,,,,,,
C659H,13,,,,,,,,,,,
C659M,01,,,,,,,,,,,
C659M,02,,,,,,,,,,,
C659M,03,,,,,,,,,,,
C659M,04,,,,,,,,,,,
C659M,05,,,,,,,,,,,
C659M,06,,,,,,,,,,,
C659M,07,,,,,,,,,,,
C659M,08,,,,,,,,,,,
C659M,09,,,,,,,,,,,
C659M,10,,,,,,,,,,,
C659M,11,,,,,,,,,,,
C659M,12,,,,,,,,,,,
C659M,13,,,,,,,,,,,
C665T,01,,,,,,,,,,,
C665T,02,,,,,,,,,,,
C665T,03,,,,,,,,,,,
C665T,04,,,,,,,,,,,
C665T,05,,,,,,,,,,,
C665T,06,,,,,,,,,,,
C665T,07,,,,,,,,,,,
C665T,08,,,,,,,,,,,
C665T,09,,,,,,,,,,,
C665T,10,,,,,,,,,,,
C665T,11,,,,,,,,,,,
C665T,12,,,,,,,,,,,
C665T,13,,,,,,,,,,,
C668V,01,,,,,,,,,,,
C668V,02,,,,,,,,,,,
C668V,03,,,,,,,,,,,
C668V,04,,,,,,,,,,,
C668V,05,,,,,,,,,,,
C668V,06,,,,,,,,,,,
C668V,07,,,,,,,,,,,
C668V,08,,,,,,,,,,,
C668V,09,,,,,,,,,,,
C668V,10,,,,,,,,,,,
C668V,11,,,,,,,,,,,
C668V,12,,,,,,,,,,,
C668V,13,,,,,,,,,,,
C669B,01,,,,,,,,,,,
C669B,02,,,,,,,,,,,
C669B,03,,,,,,,,,,,
C669B,04,,,,,,,,,,,
C669B,05,,,,,,,,,,,
C669B,06,,,,,,,,,,,
C669B,07,,,,,,,,,,,
C669B,08,,,,,,,,,,,
C669B,09,,,,,,,,,,,
C669B,10,,,,,,,,,,,
C669B,11,,,,,,,,,,,
C669B,12,,,,,,,,,,,
C669B,13,,,,,,,,,,,
C689E,01,,,,,,,,,,,
C689E,02,,,,,,,,,,,
C689E,03,,,,,,,,,,,
C689E,04,,,,,,,,,,,
C689E,05,,,,,,,,,,,
C689E,06,,,,,,,,,,,
C689E,07,,,,,,,,,,,
C689E,08,,,,,,,,,,,
C689E,09,,,,,,,,,,,
C689E,10,,,,,,,,,,,
C689E,11,,,,,,,,,,,
C689E,12,,,,,,,,,,,
C689E,13,,,,,,,,,,,
C839I,01,,,,,,,,,,,
C839I,02,,,,,,,,,,,
C839I,03,,,,,,,,,,,
C839I,04,,,,,,,,,,,
C839I,05,,,,,,,,,,,
C839I,06,,,,,,,,,,,
C839I,07,,,,,,,,,,,
C839I,08,,,,,,,,,,,
C839I,09,,,,,,,,,,,
C839I,10,,,,,,,,,,,
C839I,11,,,,,,,,,,,
C839I,12,,,,,,,,,,,
C839I,13,,,,,,,,,,,
C839X,01,,,,,,,,,,,
C839X,02,,,,,,,,,,,
C839X,03,,,,,,,,,,,
C839X,04,,,,,,,,,,,
C839X,05,,,,,,,,,,,
C839X,06,,,,,,,,,,,
C839X,07,,,,,,,,,,,
C839X,08,,,,,,,,,,,
C839X,09,,,,,,,,,,,
C839X,10,,,,,,,,,,,
C839X,11,,,,,,,,,,,
C839X,12,,,,,,,,,,,
C839X,13,,,,,,,,,,,
C916Q,01,,,,,,,,,,,
C916Q,02,,,,,,,,,,,
C916Q,03,,,,,,,,,,,
C916Q,04,,,,,,,,,,,
C916Q,05,,,,,,,,,,,
C916Q,06,,,,,,,,,,,
C916Q,07,,,,,,,,,,,
C916Q,08,,,,,,,,,,,
C916Q,09,,,,,,,,,,,
C916Q,10,,,,,,,,,,,
C916Q,11,,,,,,,,,,,
C916Q,12,,,,,,,,,,,
C916Q,13,,,,,,,,,,,
C917E,01,,,,,,,,,,,
C917E,02,,,,,,,,,,,
C917E,03,,,,,,,,,,,
C917E,04,,,,,,,,,,,
C917E,05,,,,,,,,,,,
C917E,06,,,,,,,,,,,
C917E,07,,,,,,,,,,,
C917E,08,,,,,,,,,,,
C917E,09,,,,,,,,,,,
C917E,10,,,,,,,,,,,
C917E,11,,,,,,,,,,,
C917E,12,,,,,,,,,,,
C917E,13,,,,,,,,,,,
C919K,01,,,,,,,,,,,
C919K,02,,,,,,,,,,,
C919K,03,,,,,,,,,,,
C919K,04,,,,,,,,,,,
C919K,05,,,,,,,,,,,
C919K,06,,,,,,,,,,,
C919K,07,,,,,,,,,,,
C919K,08,,,,,,,,,,,
C919K,09,,,,,,,,,,,
C919K,10,,,,,,,,,,,
C919K,11,,,,,,,,,,,
C919K,12,,,,,,,,,,,
C919K,13,,,,,,,,,,,
C925F,01,,,,,,,,,,,
C925F,02,,,,,,,,,,,
C925F,03,,,,,,,,,,,
C925F,04,,,,,,,,,,,
C925F,05,,,,,,,,,,,
C925F,06,,,,,,,,,,,
C925F,07,,,,,,,,,,,
C925F,08,,,,,,,,,,,
C925F,09,,,,,,,,,,,
C925F,10,,,,,,,,,,,
C925F,11,,,,,,,,,,,
C925F,12,,,,,,,,,,,
C925F,13,,,,,,,,,,,
C928I,01,,,,,,,,,,,
C928I,02,,,,,,,,,,,
C928I,03,,,,,,,,,,,
C928I,04,,,,,,,,,,,
C928I,05,,,,,,,,,,,
C928I,06,,,,,,,,,,,
C928I,07,,,,,,,,,,,
C928I,08,,,,,,,,,,,
C928I,09,,,,,,,,,,,
C928I,10,,,,,,,,,,,
C928I,11,,,,,,,,,,,
C928I,12,,,,,,,,,,,
C928I,13,,,,,,,,,,,
C929I,01,,,,,,,,,,,
C929I,02,,,,,,,,,,,
C929I,03,,,,,,,,,,,
C929I,04,,,,,,,,,,,
C929I,05,,,,,,,,,,,
C929I,06,,,,,,,,,,,
C929I,07,,,,,,,,,,,
C929I,08,,,,,,,,,,,
C929I,09,,,,,,,,,,,
C929I,10,,,,,,,,,,,
C929I,11,,,,,,,,,,,
C929I,12,,,,,,,,,,,
C929I,13,,,,,,,,,,,
C939T,01,,,,,,,,,,,
C939T,02,,,,,,,,,,,
C939T,03,,,,,,,,,,,
C939T,04,,,,,,,,,,,
C939T,05,,,,,,,,,,,
C939T,06,,,,,,,,,,,
C939T,07,,,,,,,,,,,
C939T,08,,,,,,,,,,,
C939T,09,,,,,,,,,,,
C939T,10,,,,,,,,,,,
C939T,11,,,,,,,,,,,
C939T,12,,,,,,,,,,,
C939T,13,,,,,,,,,,,
0002I,01,,,,,,,,,,,
0002I,02,,,,,,,,,,,
0002I,03,,,,,,,,,,,
0002I,04,,,,,,,,,,,
0002I,05,,,,,,,,,,,
0002I,06,,,,,,,,,,,
0002I,07,,,,,,,,,,,
0002I,08,,,,,,,,,,,
0002I,09,,,,,,,,,,,
0002I,10,,,,,,,,,,,
0002I,11,,,,,,,,,,,
0002I,12,,,,,,,,,,,
0002I,13,,,,,,,,,,,
0009X,01,,,,,,,,,,,
0009X,02,,,,,,,,,,,
0009X,03,,,,,,,,,,,
0009X,04,,,,,,,,,,,
0009X,05,,,,,,,,,,,
0009X,06,,,,,,,,,,,
0009X,07,,,,,,,,,,,
0009X,08,,,,,,,,,,,
0009X,09,,,,,,,,,,,
0009X,10,,,,,,,,,,,
0009X,11,,,,,,,,,,,
0009X,12,,,,,,,,,,,
0009X,13,,,,,,,,,,,
0016A,01,,,,,,,,,,,
0016A,02,,,,,,,,,,,
0016A,03,,,,,,,,,,,
0016A,04,,,,,,,,,,,
0016A,05,,,,,,,,,,,
0016A,06,,,,,,,,,,,
0016A,07,,,,,,,,,,,
0016A,08,,,,,,,,,,,
0016A,09,,,,,,,,,,,
0016A,10,,,,,,,,,,,
0016A,11,,,,,,,,,,,
0016A,12,,,,,,,,,,,
0016A,13,,,,,,,,,,,
0016B,01,,,,,,,,,,,
0016B,02,,,,,,,,,,,
0016B,03,,,,,,,,,,,
0016B,04,,,,,,,,,,,
0016B,05,,,,,,,,,,,
0016B,06,,,,,,,,,,,
0016B,07,,,,,,,,,,,
0016B,08,,,,,,,,,,,
0016B,09,,,,,,,,,,,
0016B,10,,,,,,,,,,,
0016B,11,,,,,,,,,,,
0016B,12,,,,,,,,,,,
0016B,13,,,,,,,,,,,
0034X,01,,,,,,,,,,,
0034X,02,,,,,,,,,,,
0034X,03,,,,,,,,,,,
0034X,04,,,,,,,,,,,
0034X,05,,,,,,,,,,,
0034X,06,,,,,,,,,,,
0034X,07,,,,,,,,,,,
0034X,08,,,,,,,,,,,
0034X,09,,,,,,,,,,,
0034X,10,,,,,,,,,,,
0034X,11,,,,,,,,,,,
0034X,12,,,,,,,,,,,
0034X,13,,,,,,,,,,,
0042Y,01,,,,,,,,,,,
0042Y,02,,,,,,,,,,,
0042Y,03,,,,,,,,,,,
0042Y,04,,,,,,,,,,,
0042Y,05,,,,,,,,,,,
0042Y,06,,,,,,,,,,,
0042Y,07,,,,,,,,,,,
0042Y,08,,,,,,,,,,,
0042Y,09,,,,,,,,,,,
0042Y,10,,,,,,,,,,,
0042Y,11,,,,,,,,,,,
0042Y,12,,,,,,,,,,,
0042Y,13,,,,,,,,,,,
0061X,01,,,,,,,,,,,
0061X,02,,,,,,,,,,,
0061X,03,,,,,,,,,,,
0061X,04,,,,,,,,,,,
0061X,05,,,,,,,,,,,
0061X,06,,,,,,,,,,,
0061X,07,,,,,,,,,,,
0061X,08,,,,,,,,,,,
0061X,09,,,,,,,,,,,
0061X,10,,,,,,,,,,,
0061X,11,,,,,,,,,,,
0061X,12,,,,,,,,,,,
0061X,13,,,,,,,,,,,
0066X,01,,,,,,,,,,,
0066X,02,,,,,,,,,,,
0066X,03,,,,,,,,,,,
0066X,04,,,,,,,,,,,
0066X,05,,,,,,,,,,,
0066X,06,,,,,,,,,,,
0066X,07,,,,,,,,,,,
0066X,08,,,,,,,,,,,
0066X,09,,,,,,,,,,,
0066X,10,,,,,,,,,,,
0066X,11,,,,,,,,,,,
0066X,12,,,,,,,,,,,
0066X,13,,,,,,,,,,,
0073X,01,,,,,,,,,,,
0073X,02,,,,,,,,,,,
0073X,03,,,,,,,,,,,
0073X,04,,,,,,,,,,,
0073X,05,,,,,,,,,,,
0073X,06,,,,,,,,,,,
0073X,07,,,,,,,,,,,
0073X,08,,,,,,,,,,,
0073X,09,,,,,,,,,,,
0073X,10,,,,,,,,,,,
0073X,11,,,,,,,,,,,
0073X,12,,,,,,,,,,,
0073X,13,,,,,,,,,,,
0076,01,,,,,,,,,,,
0076,02,,,,,,,,,,,
0076,03,,,,,,,,,,,
0076,04,,,,,,,,,,,
0076,05,,,,,,,,,,,
0076,06,,,,,,,,,,,
0076,07,,,,,,,,,,,
0076,08,,,,,,,,,,,
0076,09,,,,,,,,,,,
0076,10,,,,,,,,,,,
0076,11,,,,,,,,,,,
0076,12,,,,,,,,,,,
0076,13,,,,,,,,,,,
0092X,01,,,,,,,,,,,
0092X,02,,,,,,,,,,,
0092X,03,,,,,,,,,,,
0092X,04,,,,,,,,,,,
0092X,05,,,,,,,,,,,
0092X,06,,,,,,,,,,,
0092X,07,,,,,,,,,,,
0092X,08,,,,,,,,,,,
0092X,09,,,,,,,,,,,
0092X,10,,,,,,,,,,,
0092X,11,,,,,,,,,,,
0092X,12,,,,,,,,,,,
0092X,13,,,,,,,,,,,
0106X,01,,,,,,,,,,,
0106X,02,,,,,,,,,,,
0106X,03,,,,,,,,,,,
0106X,04,,,,,,,,,,,
0106X,05,,,,,,,,,,,
0106X,06,,,,,,,,,,,
0106X,07,,,,,,,,,,,
0106X,08,,,,,,,,,,,
0106X,09,,,,,,,,,,,
0106X,10,,,,,,,,,,,
0106X,11,,,,,,,,,,,
0106X,12,,,,,,,,,,,
0106X,13,,,,,,,,,,,
0114X,01,,,,,,,,,,,
0114X,02,,,,,,,,,,,
0114X,03,,,,,,,,,,,
0114X,04,,,,,,,,,,,
0114X,05,,,,,,,,,,,
0114X,06,,,,,,,,,,,
0114X,07,,,,,,,,,,,
0114X,08,,,,,,,,,,,
0114X,09,,,,,,,,,,,
0114X,10,,,,,,,,,,,
0114X,11,,,,,,,,,,,
0114X,12,,,,,,,,,,,
0114X,13,,,,,,,,,,,
0120X,01,,,,,,,,,,,
0120X,02,,,,,,,,,,,
0120X,03,,,,,,,,,,,
0120X,04,,,,,,,,,,,
0120X,05,,,,,,,,,,,
0120X,06,,,,,,,,,,,
0120X,07,,,,,,,,,,,
0120X,08,,,,,,,,,,,
0120X,09,,,,,,,,,,,
0120X,10,,,,,,,,,,,
0120X,11,,,,,,,,,,,
0120X,12,,,,,,,,,,,
0120X,13,,,,,,,,,,,
0149D,01,,,,,,,,,,,
0149D,02,,,,,,,,,,,
0149D,03,,,,,,,,,,,
0149D,04,,,,,,,,,,,
0149D,05,,,,,,,,,,,
0149D,06,,,,,,,,,,,
0149D,07,,,,,,,,,,,
0149D,08,,,,,,,,,,,
0149D,09,,,,,,,,,,,
0149D,10,,,,,,,,,,,
0149D,11,,,,,,,,,,,
0149D,12,,,,,,,,,,,
0149D,13,,,,,,,,,,,
0149X,01,,,,,,,,,,,
0149X,02,,,,,,,,,,,
0149X,03,,,,,,,,,,,
0149X,04,,,,,,,,,,,
0149X,05,,,,,,,,,,,
0149X,06,,,,,,,,,,,
0149X,07,,,,,,,,,,,
0149X,08,,,,,,,,,,,
0149X,09,,,,,,,,,,,
0149X,10,,,,,,,,,,,
0149X,11,,,,,,,,,,,
0149X,12,,,,,,,,,,,
0149X,13,,,,,,,,,,,
0158O,01,,,,,,,,,,,
0158O,02,,,,,,,,,,,
0158O,03,,,,,,,,,,,
0158O,04,,,,,,,,,,,
0158O,05,,,,,,,,,,,
0158O,06,,,,,,,,,,,
0158O,07,,,,,,,,,,,
0158O,08,,,,,,,,,,,
0158O,09,,,,,,,,,,,
0158O,10,,,,,,,,,,,
0158O,11,,,,,,,,,,,
0158O,12,,,,,,,,,,,
0158O,13,,,,,,,,,,,
0158X,01,,,,,,,,,,,
0158X,02,,,,,,,,,,,
0158X,03,,,,,,,,,,,
0158X,04,,,,,,,,,,,
0158X,05,,,,,,,,,,,
0158X,06,,,,,,,,,,,
0158X,07,,,,,,,,,,,
0158X,08,,,,,,,,,,,
0158X,09,,,,,,,,,,,
0158X,10,,,,,,,,,,,
0158X,11,,,,,,,,,,,
0158X,12,,,,,,,,,,,
0158X,13,,,,,,,,,,,
0171X,01,,,,,,,,,,,
0171X,02,,,,,,,,,,,
0171X,03,,,,,,,,,,,
0171X,04,,,,,,,,,,,
0171X,05,,,,,,,,,,,
0171X,06,,,,,,,,,,,
0171X,07,,,,,,,,,,,
0171X,08,,,,,,,,,,,
0171X,09,,,,,,,,,,,
0171X,10,,,,,,,,,,,
0171X,11,,,,,,,,,,,
0171X,12,,,,,,,,,,,
0171X,13,,,,,,,,,,,
0194D,01,,,,,,,,,,,
0194D,02,,,,,,,,,,,
0194D,03,,,,,,,,,,,
0194D,04,,,,,,,,,,,
0194D,05,,,,,,,,,,,
0194D,06,,,,,,,,,,,
0194D,07,,,,,,,,,,,
0194D,08,,,,,,,,,,,
0194D,09,,,,,,,,,,,
0194D,10,,,,,,,,,,,
0194D,11,,,,,,,,,,,
0194D,12,,,,,,,,,,,
0194D,13,,,,,,,,,,,
0200E,01,,,,,,,,,,,
0200E,02,,,,,,,,,,,
0200E,03,,,,,,,,,,,
0200E,04,,,,,,,,,,,
0200E,05,,,,,,,,,,,
0200E,06,,,,,,,,,,,
0200E,07,,,,,,,,,,,
0200E,08,,,,,,,,,,,
0200E,09,,,,,,,,,,,
0200E,10,,,,,,,,,,,
0200E,11,,,,,,,,,,,
0200E,12,,,,,,,,,,,
0200E,13,,,,,,,,,,,
0201D,01,,,,,,,,,,,
0201D,02,,,,,,,,,,,
0201D,03,,,,,,,,,,,
0201D,04,,,,,,,,,,,
0201D,05,,,,,,,,,,,
0201D,06,,,,,,,,,,,
0201D,07,,,,,,,,,,,
0201D,08,,,,,,,,,,,
0201D,09,,,,,,,,,,,
0201D,10,,,,,,,,,,,
0201D,11,,,,,,,,,,,
0201D,12,,,,,,,,,,,
0201D,13,,,,,,,,,,,
0201X,01,,,,,,,,,,,
0201X,02,,,,,,,,,,,
0201X,03,,,,,,,,,,,
0201X,04,,,,,,,,,,,
0201X,05,,,,,,,,,,,
0201X,06,,,,,,,,,,,
0201X,07,,,,,,,,,,,
0201X,08,,,,,,,,,,,
0201X,09,,,,,,,,,,,
0201X,10,,,,,,,,,,,
0201X,11,,,,,,,,,,,
0201X,12,,,,,,,,,,,
0201X,13,,,,,,,,,,,
0222X,01,,,,,,,,,,,
0222X,02,,,,,,,,,,,
0222X,03,,,,,,,,,,,
0222X,04,,,,,,,,,,,
0222X,05,,,,,,,,,,,
0222X,06,,,,,,,,,,,
0222X,07,,,,,,,,,,,
0222X,08,,,,,,,,,,,
0222X,09,,,,,,,,,,,
0222X,10,,,,,,,,,,,
0222X,11,,,,,,,,,,,
0222X,12,,,,,,,,,,,
0222X,13,,,,,,,,,,,
0229I,01,,,,,,,,,,,
0229I,02,,,,,,,,,,,
0229I,03,,,,,,,,,,,
0229I,04,,,,,,,,,,,
0229I,05,,,,,,,,,,,
0229I,06,,,,,,,,,,,
0229I,07,,,,,,,,,,,
0229I,08,,,,,,,,,,,
0229I,09,,,,,,,,,,,
0229I,10,,,,,,,,,,,
0229I,11,,,,,,,,,,,
0229I,12,,,,,,,,,,,
0229I,13,,,,,,,,,,,
0244X,01,,,,,,,,,,,
0244X,02,,,,,,,,,,,
0244X,03,,,,,,,,,,,
0244X,04,,,,,,,,,,,
0244X,05,,,,,,,,,,,
0244X,06,,,,,,,,,,,
0244X,07,,,,,,,,,,,
0244X,08,,,,,,,,,,,
0244X,09,,,,,,,,,,,
0244X,10,,,,,,,,,,,
0244X,11,,,,,,,,,,,
0244X,12,,,,,,,,,,,
0244X,13,,,,,,,,,,,
0252D,01,,,,,,,,,,,
0252D,02,,,,,,,,,,,
0252D,03,,,,,,,,,,,
0252D,04,,,,,,,,,,,
0252D,05,,,,,,,,,,,
0252D,06,,,,,,,,,,,
0252D,07,,,,,,,,,,,
0252D,08,,,,,,,,,,,
0252D,09,,,,,,,,,,,
0252D,10,,,,,,,,,,,
0252D,11,,,,,,,,,,,
0252D,12,,,,,,,,,,,
0252D,13,,,,,,,,,,,
0255B,01,,,,,,,,,,,
0255B,02,,,,,,,,,,,
0255B,03,,,,,,,,,,,
0255B,04,,,,,,,,,,,
0255B,05,,,,,,,,,,,
0255B,06,,,,,,,,,,,
0255B,07,,,,,,,,,,,
0255B,08,,,,,,,,,,,
0255B,09,,,,,,,,,,,
0255B,10,,,,,,,,,,,
0255B,11,,,,,,,,,,,
0255B,12,,,,,,,,,,,
0255B,13,,,,,,,,,,,
0260X,01,,,,,,,,,,,
0260X,02,,,,,,,,,,,
0260X,03,,,,,,,,,,,
0260X,04,,,,,,,,,,,
0260X,05,,,,,,,,,,,
0260X,06,,,,,,,,,,,
0260X,07,,,,,,,,,,,
0260X,08,,,,,,,,,,,
0260X,09,,,,,,,,,,,
0260X,10,,,,,,,,,,,
0260X,11,,,,,,,,,,,
0260X,12,,,,,,,,,,,
0260X,13,,,,,,,,,,,
0281Y,01,,,,,,,,,,,
0281Y,02,,,,,,,,,,,
0281Y,03,,,,,,,,,,,
0281Y,04,,,,,,,,,,,
0281Y,05,,,,,,,,,,,
0281Y,06,,,,,,,,,,,
0281Y,07,,,,,,,,,,,
0281Y,08,,,,,,,,,,,
0281Y,09,,,,,,,,,,,
0281Y,10,,,,,,,,,,,
0281Y,11,,,,,,,,,,,
0281Y,12,,,,,,,,,,,
0281Y,13,,,,,,,,,,,
0284X,01,,,,,,,,,,,
0284X,02,,,,,,,,,,,
0284X,03,,,,,,,,,,,
0284X,04,,,,,,,,,,,
0284X,05,,,,,,,,,,,
0284X,06,,,,,,,,,,,
0284X,07,,,,,,,,,,,
0284X,08,,,,,,,,,,,
0284X,09,,,,,,,,,,,
0284X,10,,,,,,,,,,,
0284X,11,,,,,,,,,,,
0284X,12,,,,,,,,,,,
0284X,13,,,,,,,,,,,
0294B,01,,,,,,,,,,,
0294B,02,,,,,,,,,,,
0294B,03,,,,,,,,,,,
0294B,04,,,,,,,,,,,
0294B,05,,,,,,,,,,,
0294B,06,,,,,,,,,,,
0294B,07,,,,,,,,,,,
0294B,08,,,,,,,,,,,
0294B,09,,,,,,,,,,,
0294B,10,,,,,,,,,,,
0294B,11,,,,,,,,,,,
0294B,12,,,,,,,,,,,
0294B,13,,,,,,,,,,,
0312X,01,,,,,,,,,,,
0312X,02,,,,,,,,,,,
0312X,03,,,,,,,,,,,
0312X,04,,,,,,,,,,,
0312X,05,,,,,,,,,,,
0312X,06,,,,,,,,,,,
0312X,07,,,,,,,,,,,
0312X,08,,,,,,,,,,,
0312X,09,,,,,,,,,,,
0312X,10,,,,,,,,,,,
0312X,11,,,,,,,,,,,
0312X,12,,,,,,,,,,,
0312X,13,,,,,,,,,,,
0320I,01,,,,,,,,,,,
0320I,02,,,,,,,,,,,
0320I,03,,,,,,,,,,,
0320I,04,,,,,,,,,,,
0320I,05,,,,,,,,,,,
0320I,06,,,,,,,,,,,
0320I,07,,,,,,,,,,,
0320I,08,,,,,,,,,,,
0320I,09,,,,,,,,,,,
0320I,10,,,,,,,,,,,
0320I,11,,,,,,,,,,,
0320I,12,,,,,,,,,,,
0320I,13,,,,,,,,,,,
0321,01,,,,,,,,,,,
0321,02,,,,,,,,,,,
0321,03,,,,,,,,,,,
0321,04,,,,,,,,,,,
0321,05,,,,,,,,,,,
0321,06,,,,,,,,,,,
0321,07,,,,,,,,,,,
0321,08,,,,,,,,,,,
0321,09,,,,,,,,,,,
0321,10,,,,,,,,,,,
0321,11,,,,,,,,,,,
0321,12,,,,,,,,,,,
0321,13,,,,,,,,,,,
0324A,01,,,,,,,,,,,
0324A,02,,,,,,,,,,,
0324A,03,,,,,,,,,,,
0324A,04,,,,,,,,,,,
0324A,05,,,,,,,,,,,
0324A,06,,,,,,,,,,,
0324A,07,,,,,,,,,,,
0324A,08,,,,,,,,,,,
0324A,09,,,,,,,,,,,
0324A,10,,,,,,,,,,,
0324A,11,,,,,,,,,,,
0324A,12,,,,,,,,,,,
0324A,13,,,,,,,,,,,
0341,01,,,,,,,,,,,
0341,02,,,,,,,,,,,
0341,03,,,,,,,,,,,
0341,04,,,,,,,,,,,
0341,05,,,,,,,,,,,
0341,06,,,,,,,,,,,
0341,07,,,,,,,,,,,
0341,08,,,,,,,,,,,
0341,09,,,,,,,,,,,
0341,10,,,,,,,,,,,
0341,11,,,,,,,,,,,
0341,12,,,,,,,,,,,
0341,13,,,,,,,,,,,
0341X,01,,,,,,,,,,,
0341X,02,,,,,,,,,,,
0341X,03,,,,,,,,,,,
0341X,04,,,,,,,,,,,
0341X,05,,,,,,,,,,,
0341X,06,,,,,,,,,,,
0341X,07,,,,,,,,,,,
0341X,08,,,,,,,,,,,
0341X,09,,,,,,,,,,,
0341X,10,,,,,,,,,,,
0341X,11,,,,,,,,,,,
0341X,12,,,,,,,,,,,
0341X,13,,,,,,,,,,,
0349,01,,,,,,,,,,,
0349,02,,,,,,,,,,,
0349,03,,,,,,,,,,,
0349,04,,,,,,,,,,,
0349,05,,,,,,,,,,,
0349,06,,,,,,,,,,,
0349,07,,,,,,,,,,,
0349,08,,,,,,,,,,,
0349,09,,,,,,,,,,,
0349,10,,,,,,,,,,,
0349,11,,,,,,,,,,,
0349,12,,,,,,,,,,,
0349,13,,,,,,,,,,,
0360X,01,,,,,,,,,,,
0360X,02,,,,,,,,,,,
0360X,03,,,,,,,,,,,
0360X,04,,,,,,,,,,,
0360X,05,,,,,,,,,,,
0360X,06,,,,,,,,,,,
0360X,07,,,,,,,,,,,
0360X,08,,,,,,,,,,,
0360X,09,,,,,,,,,,,
0360X,10,,,,,,,,,,,
0360X,11,,,,,,,,,,,
0360X,12,,,,,,,,,,,
0360X,13,,,,,,,,,,,
0363X,01,,,,,,,,,,,
0363X,02,,,,,,,,,,,
0363X,03,,,,,,,,,,,
0363X,04,,,,,,,,,,,
0363X,05,,,,,,,,,,,
0363X,06,,,,,,,,,,,
0363X,07,,,,,,,,,,,
0363X,08,,,,,,,,,,,
0363X,09,,,,,,,,,,,
0363X,10,,,,,,,,,,,
0363X,11,,,,,,,,,,,
0363X,12,,,,,,,,,,,
0363X,13,,,,,,,,,,,
0367,01,,,,,,,,,,,
0367,02,,,,,,,,,,,
0367,03,,,,,,,,,,,
0367,04,,,,,,,,,,,
0367,05,,,,,,,,,,,
0367,06,,,,,,,,,,,
0367,07,,,,,,,,,,,
0367,08,,,,,,,,,,,
0367,09,,,,,,,,,,,
0367,10,,,,,,,,,,,
0367,11,,,,,,,,,,,
0367,12,,,,,,,,,,,
0367,13,,,,,,,,,,,
0370B,01,,,,,,,,,,,
0370B,02,,,,,,,,,,,
0370B,03,,,,,,,,,,,
0370B,04,,,,,,,,,,,
0370B,05,,,,,,,,,,,
0370B,06,,,,,,,,,,,
0370B,07,,,,,,,,,,,
0370B,08,,,,,,,,,,,
0370B,09,,,,,,,,,,,
0370B,10,,,,,,,,,,,
0370B,11,,,,,,,,,,,
0370B,12,,,,,,,,,,,
0370B,13,,,,,,,,,,,
0370E,01,,,,,,,,,,,
0370E,02,,,,,,,,,,,
0370E,03,,,,,,,,,,,
0370E,04,,,,,,,,,,,
0370E,05,,,,,,,,,,,
0370E,06,,,,,,,,,,,
0370E,07,,,,,,,,,,,
0370E,08,,,,,,,,,,,
0370E,09,,,,,,,,,,,
0370E,10,,,,,,,,,,,
0370E,11,,,,,,,,,,,
0370E,12,,,,,,,,,,,
0370E,13,,,,,,,,,,,
0372C,01,,,,,,,,,,,
0372C,02,,,,,,,,,,,
0372C,03,,,,,,,,,,,
0372C,04,,,,,,,,,,,
0372C,05,,,,,,,,,,,
0372C,06,,,,,,,,,,,
0372C,07,,,,,,,,,,,
0372C,08,,,,,,,,,,,
0372C,09,,,,,,,,,,,
0372C,10,,,,,,,,,,,
0372C,11,,,,,,,,,,,
0372C,12,,,,,,,,,,,
0372C,13,,,,,,,,,,,
0385X,01,,,,,,,,,,,
0385X,02,,,,,,,,,,,
0385X,03,,,,,,,,,,,
0385X,04,,,,,,,,,,,
0385X,05,,,,,,,,,,,
0385X,06,,,,,,,,,,,
0385X,07,,,,,,,,,,,
0385X,08,,,,,,,,,,,
0385X,09,,,,,,,,,,,
0385X,10,,,,,,,,,,,
0385X,11,,,,,,,,,,,
0385X,12,,,,,,,,,,,
0385X,13,,,,,,,,,,,
0394X,01,,,,,,,,,,,
0394X,02,,,,,,,,,,,
0394X,03,,,,,,,,,,,
0394X,04,,,,,,,,,,,
0394X,05,,,,,,,,,,,
0394X,06,,,,,,,,,,,
0394X,07,,,,,,,,,,,
0394X,08,,,,,,,,,,,
0394X,09,,,,,,,,,,,
0394X,10,,,,,,,,,,,
0394X,11,,,,,,,,,,,
0394X,12,,,,,,,,,,,
0394X,13,,,,,,,,,,,
0411X,01,,,,,,,,,,,
0411X,02,,,,,,,,,,,
0411X,03,,,,,,,,,,,
0411X,04,,,,,,,,,,,
0411X,05,,,,,,,,,,,
0411X,06,,,,,,,,,,,
0411X,07,,,,,,,,,,,
0411X,08,,,,,,,,,,,
0411X,09,,,,,,,,,,,
0411X,10,,,,,,,,,,,
0411X,11,,,,,,,,,,,
0411X,12,,,,,,,,,,,
0411X,13,,,,,,,,,,,
0413A,01,,,,,,,,,,,
0413A,02,,,,,,,,,,,
0413A,03,,,,,,,,,,,
0413A,04,,,,,,,,,,,
0413A,05,,,,,,,,,,,
0413A,06,,,,,,,,,,,
0413A,07,,,,,,,,,,,
0413A,08,,,,,,,,,,,
0413A,09,,,,,,,,,,,
0413A,10,,,,,,,,,,,
0413A,11,,,,,,,,,,,
0413A,12,,,,,,,,,,,
0413A,13,,,,,,,,,,,
0421E,01,,,,,,,,,,,
0421E,02,,,,,,,,,,,
0421E,03,,,,,,,,,,,
0421E,04,,,,,,,,,,,
0421E,05,,,,,,,,,,,
0421E,06,,,,,,,,,,,
0421E,07,,,,,,,,,,,
0421E,08,,,,,,,,,,,
0421E,09,,,,,,,,,,,
0421E,10,,,,,,,,,,,
0421E,11,,,,,,,,,,,
0421E,12,,,,,,,,,,,
0421E,13,,,,,,,,,,,
0421X,01,,,,,,,,,,,
0421X,02,,,,,,,,,,,
0421X,03,,,,,,,,,,,
0421X,04,,,,,,,,,,,
0421X,05,,,,,,,,,,,
0421X,06,,,,,,,,,,,
0421X,07,,,,,,,,,,,
0421X,08,,,,,,,,,,,
0421X,09,,,,,,,,,,,
0421X,10,,,,,,,,,,,
0421X,11,,,,,,,,,,,
0421X,12,,,,,,,,,,,
0421X,13,,,,,,,,,,,
0429X,01,,,,,,,,,,,
0429X,02,,,,,,,,,,,
0429X,03,,,,,,,,,,,
0429X,04,,,,,,,,,,,
0429X,05,,,,,,,,,,,
0429X,06,,,,,,,,,,,
0429X,07,,,,,,,,,,,
0429X,08,,,,,,,,,,,
0429X,09,,,,,,,,,,,
0429X,10,,,,,,,,,,,
0429X,11,,,,,,,,,,,
0429X,12,,,,,,,,,,,
0429X,13,,,,,,,,,,,
0433D,01,,,,,,,,,,,
0433D,02,,,,,,,,,,,
0433D,03,,,,,,,,,,,
0433D,04,,,,,,,,,,,
0433D,05,,,,,,,,,,,
0433D,06,,,,,,,,,,,
0433D,07,,,,,,,,,,,
0433D,08,,,,,,,,,,,
0433D,09,,,,,,,,,,,
0433D,10,,,,,,,,,,,
0433D,11,,,,,,,,,,,
0433D,12,,,,,,,,,,,
0433D,13,,,,,,,,,,,
1002Y,01,,,,,,,,,,,
1002Y,02,,,,,,,,,,,
1002Y,03,,,,,,,,,,,
1002Y,04,,,,,,,,,,,
1002Y,05,,,,,,,,,,,
1002Y,06,,,,,,,,,,,
1002Y,07,,,,,,,,,,,
1002Y,08,,,,,,,,,,,
1002Y,09,,,,,,,,,,,
1002Y,10,,,,,,,,,,,
1002Y,11,,,,,,,,,,,
1002Y,12,,,,,,,,,,,
1002Y,13,,,,,,,,,,,
1010X,01,,,,,,,,,,,
1010X,02,,,,,,,,,,,
1010X,03,,,,,,,,,,,
1010X,04,,,,,,,,,,,
1010X,05,,,,,,,,,,,
1010X,06,,,,,,,,,,,
1010X,07,,,,,,,,,,,
1010X,08,,,,,,,,,,,
1010X,09,,,,,,,,,,,
1010X,10,,,,,,,,,,,
1010X,11,,,,,,,,,,,
1010X,12,,,,,,,,,,,
1010X,13,,,,,,,,,,,
1012P,01,,,,,,,,,,,
1012P,02,,,,,,,,,,,
1012P,03,,,,,,,,,,,
1012P,04,,,,,,,,,,,
1012P,05,,,,,,,,,,,
1012P,06,,,,,,,,,,,
1012P,07,,,,,,,,,,,
1012P,08,,,,,,,,,,,
1012P,09,,,,,,,,,,,
1012P,10,,,,,,,,,,,
1012P,11,,,,,,,,,,,
1012P,12,,,,,,,,,,,
1012P,13,,,,,,,,,,,
1014,01,,,,,,,,,,,
1014,02,,,,,,,,,,,
1014,03,,,,,,,,,,,
1014,04,,,,,,,,,,,
1014,05,,,,,,,,,,,
1014,06,,,,,,,,,,,
1014,07,,,,,,,,,,,
1014,08,,,,,,,,,,,
1014,09,,,,,,,,,,,
1014,10,,,,,,,,,,,
1014,11,,,,,,,,,,,
1014,12,,,,,,,,,,,
1014,13,,,,,,,,,,,
1014A,01,,,,,,,,,,,
1014A,02,,,,,,,,,,,
1014A,03,,,,,,,,,,,
1014A,04,,,,,,,,,,,
1014A,05,,,,,,,,,,,
1014A,06,,,,,,,,,,,
1014A,07,,,,,,,,,,,
1014A,08,,,,,,,,,,,
1014A,09,,,,,,,,,,,
1014A,10,,,,,,,,,,,
1014A,11,,,,,,,,,,,
1014A,12,,,,,,,,,,,
1014A,13,,,,,,,,,,,
1021X,01,,,,,,,,,,,
1021X,02,,,,,,,,,,,
1021X,03,,,,,,,,,,,
1021X,04,,,,,,,,,,,
1021X,05,,,,,,,,,,,
1021X,06,,,,,,,,,,,
1021X,07,,,,,,,,,,,
1021X,08,,,,,,,,,,,
1021X,09,,,,,,,,,,,
1021X,10,,,,,,,,,,,
1021X,11,,,,,,,,,,,
1021X,12,,,,,,,,,,,
1021X,13,,,,,,,,,,,
1021Y,01,,,,,,,,,,,
1021Y,02,,,,,,,,,,,
1021Y,03,,,,,,,,,,,
1021Y,04,,,,,,,,,,,
1021Y,05,,,,,,,,,,,
1021Y,06,,,,,,,,,,,
1021Y,07,,,,,,,,,,,
1021Y,08,,,,,,,,,,,
1021Y,09,,,,,,,,,,,
1021Y,10,,,,,,,,,,,
1021Y,11,,,,,,,,,,,
1021Y,12,,,,,,,,,,,
1021Y,13,,,,,,,,,,,
1024E,01,,,,,,,,,,,
1024E,02,,,,,,,,,,,
1024E,03,,,,,,,,,,,
1024E,04,,,,,,,,,,,
1024E,05,,,,,,,,,,,
1024E,06,,,,,,,,,,,
1024E,07,,,,,,,,,,,
1024E,08,,,,,,,,,,,
1024E,09,,,,,,,,,,,
1024E,10,,,,,,,,,,,
1024E,11,,,,,,,,,,,
1024E,12,,,,,,,,,,,
1024E,13,,,,,,,,,,,
1025A,01,,,,,,,,,,,
1025A,02,,,,,,,,,,,
1025A,03,,,,,,,,,,,
1025A,04,,,,,,,,,,,
1025A,05,,,,,,,,,,,
1025A,06,,,,,,,,,,,
1025A,07,,,,,,,,,,,
1025A,08,,,,,,,,,,,
1025A,09,,,,,,,,,,,
1025A,10,,,,,,,,,,,
1025A,11,,,,,,,,,,,
1025A,12,,,,,,,,,,,
1025A,13,,,,,,,,,,,
1025X,01,,,,,,,,,,,
1025X,02,,,,,,,,,,,
1025X,03,,,,,,,,,,,
1025X,04,,,,,,,,,,,
1025X,05,,,,,,,,,,,
1025X,06,,,,,,,,,,,
1025X,07,,,,,,,,,,,
1025X,08,,,,,,,,,,,
1025X,09,,,,,,,,,,,
1025X,10,,,,,,,,,,,
1025X,11,,,,,,,,,,,
1025X,12,,,,,,,,,,,
1025X,13,,,,,,,,,,,
1026X,01,,,,,,,,,,,
1026X,02,,,,,,,,,,,
1026X,03,,,,,,,,,,,
1026X,04,,,,,,,,,,,
1026X,05,,,,,,,,,,,
1026X,06,,,,,,,,,,,
1026X,07,,,,,,,,,,,
1026X,08,,,,,,,,,,,
1026X,09,,,,,,,,,,,
1026X,10,,,,,,,,,,,
1026X,11,,,,,,,,,,,
1026X,12,,,,,,,,,,,
1026X,13,,,,,,,,,,,
1033X,01,,,,,,,,,,,
1033X,02,,,,,,,,,,,
1033X,03,,,,,,,,,,,
1033X,04,,,,,,,,,,,
1033X,05,,,,,,,,,,,
1033X,06,,,,,,,,,,,
1033X,07,,,,,,,,,,,
1033X,08,,,,,,,,,,,
1033X,09,,,,,,,,,,,
1033X,10,,,,,,,,,,,
1033X,11,,,,,,,,,,,
1033X,12,,,,,,,,,,,
1033X,13,,,,,,,,,,,
1037X,01,,,,,,,,,,,
1037X,02,,,,,,,,,,,
1037X,03,,,,,,,,,,,
1037X,04,,,,,,,,,,,
1037X,05,,,,,,,,,,,
1037X,06,,,,,,,,,,,
1037X,07,,,,,,,,,,,
1037X,08,,,,,,,,,,,
1037X,09,,,,,,,,,,,
1037X,10,,,,,,,,,,,
1037X,11,,,,,,,,,,,
1037X,12,,,,,,,,,,,
1037X,13,,,,,,,,,,,
1037Y,01,,,,,,,,,,,
1037Y,02,,,,,,,,,,,
1037Y,03,,,,,,,,,,,
1037Y,04,,,,,,,,,,,
1037Y,05,,,,,,,,,,,
1037Y,06,,,,,,,,,,,
1037Y,07,,,,,,,,,,,
1037Y,08,,,,,,,,,,,
1037Y,09,,,,,,,,,,,
1037Y,10,,,,,,,,,,,
1037Y,11,,,,,,,,,,,
1037Y,12,,,,,,,,,,,
1037Y,13,,,,,,,,,,,
1038X,01,,,,,,,,,,,
1038X,02,,,,,,,,,,,
1038X,03,,,,,,,,,,,
1038X,04,,,,,,,,,,,
1038X,05,,,,,,,,,,,
1038X,06,,,,,,,,,,,
1038X,07,,,,,,,,,,,
1038X,08,,,,,,,,,,,
1038X,09,,,,,,,,,,,
1038X,10,,,,,,,,,,,
1038X,11,,,,,,,,,,,
1038X,12,,,,,,,,,,,
1038X,13,,,,,,,,,,,
1041A,01,,,,,,,,,,,
1041A,02,,,,,,,,,,,
1041A,03,,,,,,,,,,,
1041A,04,,,,,,,,,,,
1041A,05,,,,,,,,,,,
1041A,06,,,,,,,,,,,
1041A,07,,,,,,,,,,,
1041A,08,,,,,,,,,,,
1041A,09,,,,,,,,,,,
1041A,10,,,,,,,,,,,
1041A,11,,,,,,,,,,,
1041A,12,,,,,,,,,,,
1041A,13,,,,,,,,,,,
1044X,01,,,,,,,,,,,
1044X,02,,,,,,,,,,,
1044X,03,,,,,,,,,,,
1044X,04,,,,,,,,,,,
1044X,05,,,,,,,,,,,
1044X,06,,,,,,,,,,,
1044X,07,,,,,,,,,,,
1044X,08,,,,,,,,,,,
1044X,09,,,,,,,,,,,
1044X,10,,,,,,,,,,,
1044X,11,,,,,,,,,,,
1044X,12,,,,,,,,,,,
1044X,13,,,,,,,,,,,
1048X,01,,,,,,,,,,,
1048X,02,,,,,,,,,,,
1048X,03,,,,,,,,,,,
1048X,04,,,,,,,,,,,
1048X,05,,,,,,,,,,,
1048X,06,,,,,,,,,,,
1048X,07,,,,,,,,,,,
1048X,08,,,,,,,,,,,
1048X,09,,,,,,,,,,,
1048X,10,,,,,,,,,,,
1048X,11,,,,,,,,,,,
1048X,12,,,,,,,,,,,
1048X,13,,,,,,,,,,,
1049N,01,,,,,,,,,,,
1049N,02,,,,,,,,,,,
1049N,03,,,,,,,,,,,
1049N,04,,,,,,,,,,,
1049N,05,,,,,,,,,,,
1049N,06,,,,,,,,,,,
1049N,07,,,,,,,,,,,
1049N,08,,,,,,,,,,,
1049N,09,,,,,,,,,,,
1049N,10,,,,,,,,,,,
1049N,11,,,,,,,,,,,
1049N,12,,,,,,,,,,,
1049N,13,,,,,,,,,,,
1050J,01,,,,,,,,,,,
1050J,02,,,,,,,,,,,
1050J,03,,,,,,,,,,,
1050J,04,,,,,,,,,,,
1050J,05,,,,,,,,,,,
1050J,06,,,,,,,,,,,
1050J,07,,,,,,,,,,,
1050J,08,,,,,,,,,,,
1050J,09,,,,,,,,,,,
1050J,10,,,,,,,,,,,
1050J,11,,,,,,,,,,,
1050J,12,,,,,,,,,,,
1050J,13,,,,,,,,,,,
1052A,01,,,,,,,,,,,
1052A,02,,,,,,,,,,,
1052A,03,,,,,,,,,,,
1052A,04,,,,,,,,,,,
1052A,05,,,,,,,,,,,
1052A,06,,,,,,,,,,,
1052A,07,,,,,,,,,,,
1052A,08,,,,,,,,,,,
1052A,09,,,,,,,,,,,
1052A,10,,,,,,,,,,,
1052A,11,,,,,,,,,,,
1052A,12,,,,,,,,,,,
1052A,13,,,,,,,,,,,
1055B,01,,,,,,,,,,,
1055B,02,,,,,,,,,,,
1055B,03,,,,,,,,,,,
1055B,04,,,,,,,,,,,
1055B,05,,,,,,,,,,,
1055B,06,,,,,,,,,,,
1055B,07,,,,,,,,,,,
1055B,08,,,,,,,,,,,
1055B,09,,,,,,,,,,,
1055B,10,,,,,,,,,,,
1055B,11,,,,,,,,,,,
1055B,12,,,,,,,,,,,
1055B,13,,,,,,,,,,,
1056K,01,,,,,,,,,,,
1056K,02,,,,,,,,,,,
1056K,03,,,,,,,,,,,
1056K,04,,,,,,,,,,,
1056K,05,,,,,,,,,,,
1056K,06,,,,,,,,,,,
1056K,07,,,,,,,,,,,
1056K,08,,,,,,,,,,,
1056K,09,,,,,,,,,,,
1056K,10,,,,,,,,,,,
1056K,11,,,,,,,,,,,
1056K,12,,,,,,,,,,,
1056K,13,,,,,,,,,,,
1057B,01,,,,,,,,,,,
1057B,02,,,,,,,,,,,
1057B,03,,,,,,,,,,,
1057B,04,,,,,,,,,,,
1057B,05,,,,,,,,,,,
1057B,06,,,,,,,,,,,
1057B,07,,,,,,,,,,,
1057B,08,,,,,,,,,,,
1057B,09,,,,,,,,,,,
1057B,10,,,,,,,,,,,
1057B,11,,,,,,,,,,,
1057B,12,,,,,,,,,,,
1057B,13,,,,,,,,,,,
1059X,01,,,,,,,,,,,
1059X,02,,,,,,,,,,,
1059X,03,,,,,,,,,,,
1059X,04,,,,,,,,,,,
1059X,05,,,,,,,,,,,
1059X,06,,,,,,,,,,,
1059X,07,,,,,,,,,,,
1059X,08,,,,,,,,,,,
1059X,09,,,,,,,,,,,
1059X,10,,,,,,,,,,,
1059X,11,,,,,,,,,,,
1059X,12,,,,,,,,,,,
1059X,13,,,,,,,,,,,
1060X,01,,,,,,,,,,,
1060X,02,,,,,,,,,,,
1060X,03,,,,,,,,,,,
1060X,04,,,,,,,,,,,
1060X,05,,,,,,,,,,,
1060X,06,,,,,,,,,,,
1060X,07,,,,,,,,,,,
1060X,08,,,,,,,,,,,
1060X,09,,,,,,,,,,,
1060X,10,,,,,,,,,,,
1060X,11,,,,,,,,,,,
1060X,12,,,,,,,,,,,
1060X,13,,,,,,,,,,,
1064L,01,,,,,,,,,,,
1064L,02,,,,,,,,,,,
1064L,03,,,,,,,,,,,
1064L,04,,,,,,,,,,,
1064L,05,,,,,,,,,,,
1064L,06,,,,,,,,,,,
1064L,07,,,,,,,,,,,
1064L,08,,,,,,,,,,,
1064L,09,,,,,,,,,,,
1064L,10,,,,,,,,,,,
1064L,11,,,,,,,,,,,
1064L,12,,,,,,,,,,,
1064L,13,,,,,,,,,,,
1069Y,01,,,,,,,,,,,
1069Y,02,,,,,,,,,,,
1069Y,03,,,,,,,,,,,
1069Y,04,,,,,,,,,,,
1069Y,05,,,,,,,,,,,
1069Y,06,,,,,,,,,,,
1069Y,07,,,,,,,,,,,
1069Y,08,,,,,,,,,,,
1069Y,09,,,,,,,,,,,
1069Y,10,,,,,,,,,,,
1069Y,11,,,,,,,,,,,
1069Y,12,,,,,,,,,,,
1069Y,13,,,,,,,,,,,
1074C,01,,,,,,,,,,,
1074C,02,,,,,,,,,,,
1074C,03,,,,,,,,,,,
1074C,04,,,,,,,,,,,
1074C,05,,,,,,,,,,,
1074C,06,,,,,,,,,,,
1074C,07,,,,,,,,,,,
1074C,08,,,,,,,,,,,
1074C,09,,,,,,,,,,,
1074C,10,,,,,,,,,,,
1074C,11,,,,,,,,,,,
1074C,12,,,,,,,,,,,
1074C,13,,,,,,,,,,,
1078C,01,,,,,,,,,,,
1078C,02,,,,,,,,,,,
1078C,03,,,,,,,,,,,
1078C,04,,,,,,,,,,,
1078C,05,,,,,,,,,,,
1078C,06,,,,,,,,,,,
1078C,07,,,,,,,,,,,
1078C,08,,,,,,,,,,,
1078C,09,,,,,,,,,,,
1078C,10,,,,,,,,,,,
1078C,11,,,,,,,,,,,
1078C,12,,,,,,,,,,,
1078C,13,,,,,,,,,,,
1078I,01,,,,,,,,,,,
1078I,02,,,,,,,,,,,
1078I,03,,,,,,,,,,,
1078I,04,,,,,,,,,,,
1078I,05,,,,,,,,,,,
1078I,06,,,,,,,,,,,
1078I,07,,,,,,,,,,,
1078I,08,,,,,,,,,,,
1078I,09,,,,,,,,,,,
1078I,10,,,,,,,,,,,
1078I,11,,,,,,,,,,,
1078I,12,,,,,,,,,,,
1078I,13,,,,,,,,,,,
1082,01,,,,,,,,,,,
1082,02,,,,,,,,,,,
1082,03,,,,,,,,,,,
1082,04,,,,,,,,,,,
1082,05,,,,,,,,,,,
1082,06,,,,,,,,,,,
1082,07,,,,,,,,,,,
1082,08,,,,,,,,,,,
1082,09,,,,,,,,,,,
1082,10,,,,,,,,,,,
1082,11,,,,,,,,,,,
1082,12,,,,,,,,,,,
1082,13,,,,,,,,,,,
1083B,01,,,,,,,,,,,
1083B,02,,,,,,,,,,,
1083B,03,,,,,,,,,,,
1083B,04,,,,,,,,,,,
1083B,05,,,,,,,,,,,
1083B,06,,,,,,,,,,,
1083B,07,,,,,,,,,,,
1083B,08,,,,,,,,,,,
1083B,09,,,,,,,,,,,
1083B,10,,,,,,,,,,,
1083B,11,,,,,,,,,,,
1083B,12,,,,,,,,,,,
1083B,13,,,,,,,,,,,
1083L,01,,,,,,,,,,,
1083L,02,,,,,,,,,,,
1083L,03,,,,,,,,,,,
1083L,04,,,,,,,,,,,
1083L,05,,,,,,,,,,,
1083L,06,,,,,,,,,,,
1083L,07,,,,,,,,,,,
1083L,08,,,,,,,,,,,
1083L,09,,,,,,,,,,,
1083L,10,,,,,,,,,,,
1083L,11,,,,,,,,,,,
1083L,12,,,,,,,,,,,
1083L,13,,,,,,,,,,,
1089U,01,,,,,,,,,,,
1089U,02,,,,,,,,,,,
1089U,03,,,,,,,,,,,
1089U,04,,,,,,,,,,,
1089U,05,,,,,,,,,,,
1089U,06,,,,,,,,,,,
1089U,07,,,,,,,,,,,
1089U,08,,,,,,,,,,,
1089U,09,,,,,,,,,,,
1089U,10,,,,,,,,,,,
1089U,11,,,,,,,,,,,
1089U,12,,,,,,,,,,,
1089U,13,,,,,,,,,,,
1096X,01,,,,,,,,,,,
1096X,02,,,,,,,,,,,
1096X,03,,,,,,,,,,,
1096X,04,,,,,,,,,,,
1096X,05,,,,,,,,,,,
1096X,06,,,,,,,,,,,
1096X,07,,,,,,,,,,,
1096X,08,,,,,,,,,,,
1096X,09,,,,,,,,,,,
1096X,10,,,,,,,,,,,
1096X,11,,,,,,,,,,,
1096X,12,,,,,,,,,,,
1096X,13,,,,,,,,,,,
1103X,01,,,,,,,,,,,
1103X,02,,,,,,,,,,,
1103X,03,,,,,,,,,,,
1103X,04,,,,,,,,,,,
1103X,05,,,,,,,,,,,
1103X,06,,,,,,,,,,,
1103X,07,,,,,,,,,,,
1103X,08,,,,,,,,,,,
1103X,09,,,,,,,,,,,
1103X,10,,,,,,,,,,,
1103X,11,,,,,,,,,,,
1103X,12,,,,,,,,,,,
1103X,13,,,,,,,,,,,
1109,01,,,,,,,,,,,
1109,02,,,,,,,,,,,
1109,03,,,,,,,,,,,
1109,04,,,,,,,,,,,
1109,05,,,,,,,,,,,
1109,06,,,,,,,,,,,
1109,07,,,,,,,,,,,
1109,08,,,,,,,,,,,
1109,09,,,,,,,,,,,
1109,10,,,,,,,,,,,
1109,11,,,,,,,,,,,
1109,12,,,,,,,,,,,
1109,13,,,,,,,,,,,
1109X,01,,,,,,,,,,,
1109X,02,,,,,,,,,,,
1109X,03,,,,,,,,,,,
1109X,04,,,,,,,,,,,
1109X,05,,,,,,,,,,,
1109X,06,,,,,,,,,,,
1109X,07,,,,,,,,,,,
1109X,08,,,,,,,,,,,
1109X,09,,,,,,,,,,,
1109X,10,,,,,,,,,,,
1109X,11,,,,,,,,,,,
1109X,12,,,,,,,,,,,
1109X,13,,,,,,,,,,,
1110,01,,,,,,,,,,,
1110,02,,,,,,,,,,,
1110,03,,,,,,,,,,,
1110,04,,,,,,,,,,,
1110,05,,,,,,,,,,,
1110,06,,,,,,,,,,,
1110,07,,,,,,,,,,,
1110,08,,,,,,,,,,,
1110,09,,,,,,,,,,,
1110,10,,,,,,,,,,,
1110,11,,,,,,,,,,,
1110,12,,,,,,,,,,,
1110,13,,,,,,,,,,,
1111,01,,,,,,,,,,,
1111,02,,,,,,,,,,,
1111,03,,,,,,,,,,,
1111,04,,,,,,,,,,,
1111,05,,,,,,,,,,,
1111,06,,,,,,,,,,,
1111,07,,,,,,,,,,,
1111,08,,,,,,,,,,,
1111,09,,,,,,,,,,,
1111,10,,,,,,,,,,,
1111,11,,,,,,,,,,,
1111,12,,,,,,,,,,,
1111,13,,,,,,,,,,,
1111X,01,,,,,,,,,,,
1111X,02,,,,,,,,,,,
1111X,03,,,,,,,,,,,
1111X,04,,,,,,,,,,,
1111X,05,,,,,,,,,,,
1111X,06,,,,,,,,,,,
1111X,07,,,,,,,,,,,
1111X,08,,,,,,,,,,,
1111X,09,,,,,,,,,,,
1111X,10,,,,,,,,,,,
1111X,11,,,,,,,,,,,
1111X,12,,,,,,,,,,,
1111X,13,,,,,,,,,,,
1124E,01,,,,,,,,,,,
1124E,02,,,,,,,,,,,
1124E,03,,,,,,,,,,,
1124E,04,,,,,,,,,,,
1124E,05,,,,,,,,,,,
1124E,06,,,,,,,,,,,
1124E,07,,,,,,,,,,,
1124E,08,,,,,,,,,,,
1124E,09,,,,,,,,,,,
1124E,10,,,,,,,,,,,
1124E,11,,,,,,,,,,,
1124E,12,,,,,,,,,,,
1124E,13,,,,,,,,,,,
1135C,01,,,,,,,,,,,
1135C,02,,,,,,,,,,,
1135C,03,,,,,,,,,,,
1135C,04,,,,,,,,,,,
1135C,05,,,,,,,,,,,
1135C,06,,,,,,,,,,,
1135C,07,,,,,,,,,,,
1135C,08,,,,,,,,,,,
1135C,09,,,,,,,,,,,
1135C,10,,,,,,,,,,,
1135C,11,,,,,,,,,,,
1135C,12,,,,,,,,,,,
1135C,13,,,,,,,,,,,
1152C,01,,,,,,,,,,,
1152C,02,,,,,,,,,,,
1152C,03,,,,,,,,,,,
1152C,04,,,,,,,,,,,
1152C,05,,,,,,,,,,,
1152C,06,,,,,,,,,,,
1152C,07,,,,,,,,,,,
1152C,08,,,,,,,,,,,
1152C,09,,,,,,,,,,,
1152C,10,,,,,,,,,,,
1152C,11,,,,,,,,,,,
1152C,12,,,,,,,,,,,
1152C,13,,,,,,,,,,,
1154H,01,,,,,,,,,,,
1154H,02,,,,,,,,,,,
1154H,03,,,,,,,,,,,
1154H,04,,,,,,,,,,,
1154H,05,,,,,,,,,,,
1154H,06,,,,,,,,,,,
1154H,07,,,,,,,,,,,
1154H,08,,,,,,,,,,,
1154H,09,,,,,,,,,,,
1154H,10,,,,,,,,,,,
1154H,11,,,,,,,,,,,
1154H,12,,,,,,,,,,,
1154H,13,,,,,,,,,,,
1159,01,,,,,,,,,,,
1159,02,,,,,,,,,,,
1159,03,,,,,,,,,,,
1159,04,,,,,,,,,,,
1159,05,,,,,,,,,,,
1159,06,,,,,,,,,,,
1159,07,,,,,,,,,,,
1159,08,,,,,,,,,,,
1159,09,,,,,,,,,,,
1159,10,,,,,,,,,,,
1159,11,,,,,,,,,,,
1159,12,,,,,,,,,,,
1159,13,,,,,,,,,,,
1167B,01,,,,,,,,,,,
1167B,02,,,,,,,,,,,
1167B,03,,,,,,,,,,,
1167B,04,,,,,,,,,,,
1167B,05,,,,,,,,,,,
1167B,06,,,,,,,,,,,
1167B,07,,,,,,,,,,,
1167B,08,,,,,,,,,,,
1167B,09,,,,,,,,,,,
1167B,10,,,,,,,,,,,
1167B,11,,,,,,,,,,,
1167B,12,,,,,,,,,,,
1167B,13,,,,,,,,,,,
1167G,01,,,,,,,,,,,
1167G,02,,,,,,,,,,,
1167G,03,,,,,,,,,,,
1167G,04,,,,,,,,,,,
1167G,05,,,,,,,,,,,
1167G,06,,,,,,,,,,,
1167G,07,,,,,,,,,,,
1167G,08,,,,,,,,,,,
1167G,09,,,,,,,,,,,
1167G,10,,,,,,,,,,,
1167G,11,,,,,,,,,,,
1167G,12,,,,,,,,,,,
1167G,13,,,,,,,,,,,
1167J,01,,,,,,,,,,,
1167J,02,,,,,,,,,,,
1167J,03,,,,,,,,,,,
1167J,04,,,,,,,,,,,
1167J,05,,,,,,,,,,,
1167J,06,,,,,,,,,,,
1167J,07,,,,,,,,,,,
1167J,08,,,,,,,,,,,
1167J,09,,,,,,,,,,,
1167J,10,,,,,,,,,,,
1167J,11,,,,,,,,,,,
1167J,12,,,,,,,,,,,
1167J,13,,,,,,,,,,,
1174I,01,,,,,,,,,,,
1174I,02,,,,,,,,,,,
1174I,03,,,,,,,,,,,
1174I,04,,,,,,,,,,,
1174I,05,,,,,,,,,,,
1174I,06,,,,,,,,,,,
1174I,07,,,,,,,,,,,
1174I,08,,,,,,,,,,,
1174I,09,,,,,,,,,,,
1174I,10,,,,,,,,,,,
1174I,11,,,,,,,,,,,
1174I,12,,,,,,,,,,,
1174I,13,,,,,,,,,,,
1176A,01,,,,,,,,,,,
1176A,02,,,,,,,,,,,
1176A,03,,,,,,,,,,,
1176A,04,,,,,,,,,,,
1176A,05,,,,,,,,,,,
1176A,06,,,,,,,,,,,
1176A,07,,,,,,,,,,,
1176A,08,,,,,,,,,,,
1176A,09,,,,,,,,,,,
1176A,10,,,,,,,,,,,
1176A,11,,,,,,,,,,,
1176A,12,,,,,,,,,,,
1176A,13,,,,,,,,,,,
1178R,01,,,,,,,,,,,
1178R,02,,,,,,,,,,,
1178R,03,,,,,,,,,,,
1178R,04,,,,,,,,,,,
1178R,05,,,,,,,,,,,
1178R,06,,,,,,,,,,,
1178R,07,,,,,,,,,,,
1178R,08,,,,,,,,,,,
1178R,09,,,,,,,,,,,
1178R,10,,,,,,,,,,,
1178R,11,,,,,,,,,,,
1178R,12,,,,,,,,,,,
1178R,13,,,,,,,,,,,
1178Y,01,,,,,,,,,,,
1178Y,02,,,,,,,,,,,
1178Y,03,,,,,,,,,,,
1178Y,04,,,,,,,,,,,
1178Y,05,,,,,,,,,,,
1178Y,06,,,,,,,,,,,
1178Y,07,,,,,,,,,,,
1178Y,08,,,,,,,,,,,
1178Y,09,,,,,,,,,,,
1178Y,10,,,,,,,,,,,
1178Y,11,,,,,,,,,,,
1178Y,12,,,,,,,,,,,
1178Y,13,,,,,,,,,,,
1179B,01,,,,,,,,,,,
1179B,02,,,,,,,,,,,
1179B,03,,,,,,,,,,,
1179B,04,,,,,,,,,,,
1179B,05,,,,,,,,,,,
1179B,06,,,,,,,,,,,
1179B,07,,,,,,,,,,,
1179B,08,,,,,,,,,,,
1179B,09,,,,,,,,,,,
1179B,10,,,,,,,,,,,
1179B,11,,,,,,,,,,,
1179B,12,,,,,,,,,,,
1179B,13,,,,,,,,,,,
1183X,01,,,,,,,,,,,
1183X,02,,,,,,,,,,,
1183X,03,,,,,,,,,,,
1183X,04,,,,,,,,,,,
1183X,05,,,,,,,,,,,
1183X,06,,,,,,,,,,,
1183X,07,,,,,,,,,,,
1183X,08,,,,,,,,,,,
1183X,09,,,,,,,,,,,
1183X,10,,,,,,,,,,,
1183X,11,,,,,,,,,,,
1183X,12,,,,,,,,,,,
1183X,13,,,,,,,,,,,
1186P,01,,,,,,,,,,,
1186P,02,,,,,,,,,,,
1186P,03,,,,,,,,,,,
1186P,04,,,,,,,,,,,
1186P,05,,,,,,,,,,,
1186P,06,,,,,,,,,,,
1186P,07,,,,,,,,,,,
1186P,08,,,,,,,,,,,
1186P,09,,,,,,,,,,,
1186P,10,,,,,,,,,,,
1186P,11,,,,,,,,,,,
1186P,12,,,,,,,,,,,
1186P,13,,,,,,,,,,,
1199X,01,,,,,,,,,,,
1199X,02,,,,,,,,,,,
1199X,03,,,,,,,,,,,
1199X,04,,,,,,,,,,,
1199X,05,,,,,,,,,,,
1199X,06,,,,,,,,,,,
1199X,07,,,,,,,,,,,
1199X,08,,,,,,,,,,,
1199X,09,,,,,,,,,,,
1199X,10,,,,,,,,,,,
1199X,11,,,,,,,,,,,
1199X,12,,,,,,,,,,,
1199X,13,,,,,,,,,,,
1203D,01,,,,,,,,,,,
1203D,02,,,,,,,,,,,
1203D,03,,,,,,,,,,,
1203D,04,,,,,,,,,,,
1203D,05,,,,,,,,,,,
1203D,06,,,,,,,,,,,
1203D,07,,,,,,,,,,,
1203D,08,,,,,,,,,,,
1203D,09,,,,,,,,,,,
1203D,10,,,,,,,,,,,
1203D,11,,,,,,,,,,,
1203D,12,,,,,,,,,,,
1203D,13,,,,,,,,,,,
1207U,01,,,,,,,,,,,
1207U,02,,,,,,,,,,,
1207U,03,,,,,,,,,,,
1207U,04,,,,,,,,,,,
1207U,05,,,,,,,,,,,
1207U,06,,,,,,,,,,,
1207U,07,,,,,,,,,,,
1207U,08,,,,,,,,,,,
1207U,09,,,,,,,,,,,
1207U,10,,,,,,,,,,,
1207U,11,,,,,,,,,,,
1207U,12,,,,,,,,,,,
1207U,13,,,,,,,,,,,
1208,01,,,,,,,,,,,
1208,02,,,,,,,,,,,
1208,03,,,,,,,,,,,
1208,04,,,,,,,,,,,
1208,05,,,,,,,,,,,
1208,06,,,,,,,,,,,
1208,07,,,,,,,,,,,
1208,08,,,,,,,,,,,
1208,09,,,,,,,,,,,
1208,10,,,,,,,,,,,
1208,11,,,,,,,,,,,
1208,12,,,,,,,,,,,
1208,13,,,,,,,,,,,
1208A,01,,,,,,,,,,,
1208A,02,,,,,,,,,,,
1208A,03,,,,,,,,,,,
1208A,04,,,,,,,,,,,
1208A,05,,,,,,,,,,,
1208A,06,,,,,,,,,,,
1208A,07,,,,,,,,,,,
1208A,08,,,,,,,,,,,
1208A,09,,,,,,,,,,,
1208A,10,,,,,,,,,,,
1208A,11,,,,,,,,,,,
1208A,12,,,,,,,,,,,
1208A,13,,,,,,,,,,,
1208H,01,,,,,,,,,,,
1208H,02,,,,,,,,,,,
1208H,03,,,,,,,,,,,
1208H,04,,,,,,,,,,,
1208H,05,,,,,,,,,,,
1208H,06,,,,,,,,,,,
1208H,07,,,,,,,,,,,
1208H,08,,,,,,,,,,,
1208H,09,,,,,,,,,,,
1208H,10,,,,,,,,,,,
1208H,11,,,,,,,,,,,
1208H,12,,,,,,,,,,,
1208H,13,,,,,,,,,,,
1210X,01,,,,,,,,,,,
1210X,02,,,,,,,,,,,
1210X,03,,,,,,,,,,,
1210X,04,,,,,,,,,,,
1210X,05,,,,,,,,,,,
1210X,06,,,,,,,,,,,
1210X,07,,,,,,,,,,,
1210X,08,,,,,,,,,,,
1210X,09,,,,,,,,,,,
1210X,10,,,,,,,,,,,
1210X,11,,,,,,,,,,,
1210X,12,,,,,,,,,,,
1210X,13,,,,,,,,,,,
1212E,01,,,,,,,,,,,
1212E,02,,,,,,,,,,,
1212E,03,,,,,,,,,,,
1212E,04,,,,,,,,,,,
1212E,05,,,,,,,,,,,
1212E,06,,,,,,,,,,,
1212E,07,,,,,,,,,,,
1212E,08,,,,,,,,,,,
1212E,09,,,,,,,,,,,
1212E,10,,,,,,,,,,,
1212E,11,,,,,,,,,,,
1212E,12,,,,,,,,,,,
1212E,13,,,,,,,,,,,
1221D,01,,,,,,,,,,,
1221D,02,,,,,,,,,,,
1221D,03,,,,,,,,,,,
1221D,04,,,,,,,,,,,
1221D,05,,,,,,,,,,,
1221D,06,,,,,,,,,,,
1221D,07,,,,,,,,,,,
1221D,08,,,,,,,,,,,
1221D,09,,,,,,,,,,,
1221D,10,,,,,,,,,,,
1221D,11,,,,,,,,,,,
1221D,12,,,,,,,,,,,
1221D,13,,,,,,,,,,,
1223P,01,,,,,,,,,,,
1223P,02,,,,,,,,,,,
1223P,03,,,,,,,,,,,
1223P,04,,,,,,,,,,,
1223P,05,,,,,,,,,,,
1223P,06,,,,,,,,,,,
1223P,07,,,,,,,,,,,
1223P,08,,,,,,,,,,,
1223P,09,,,,,,,,,,,
1223P,10,,,,,,,,,,,
1223P,11,,,,,,,,,,,
1223P,12,,,,,,,,,,,
1223P,13,,,,,,,,,,,
1226X,01,,,,,,,,,,,
1226X,02,,,,,,,,,,,
1226X,03,,,,,,,,,,,
1226X,04,,,,,,,,,,,
1226X,05,,,,,,,,,,,
1226X,06,,,,,,,,,,,
1226X,07,,,,,,,,,,,
1226X,08,,,,,,,,,,,
1226X,09,,,,,,,,,,,
1226X,10,,,,,,,,,,,
1226X,11,,,,,,,,,,,
1226X,12,,,,,,,,,,,
1226X,13,,,,,,,,,,,
1234P,01,,,,,,,,,,,
1234P,02,,,,,,,,,,,
1234P,03,,,,,,,,,,,
1234P,04,,,,,,,,,,,
1234P,05,,,,,,,,,,,
1234P,06,,,,,,,,,,,
1234P,07,,,,,,,,,,,
1234P,08,,,,,,,,,,,
1234P,09,,,,,,,,,,,
1234P,10,,,,,,,,,,,
1234P,11,,,,,,,,,,,
1234P,12,,,,,,,,,,,
1234P,13,,,,,,,,,,,
1249I,01,,,,,,,,,,,
1249I,02,,,,,,,,,,,
1249I,03,,,,,,,,,,,
1249I,04,,,,,,,,,,,
1249I,05,,,,,,,,,,,
1249I,06,,,,,,,,,,,
1249I,07,,,,,,,,,,,
1249I,08,,,,,,,,,,,
1249I,09,,,,,,,,,,,
1249I,10,,,,,,,,,,,
1249I,11,,,,,,,,,,,
1249I,12,,,,,,,,,,,
1249I,13,,,,,,,,,,,
1249X,01,,,,,,,,,,,
1249X,02,,,,,,,,,,,
1249X,03,,,,,,,,,,,
1249X,04,,,,,,,,,,,
1249X,05,,,,,,,,,,,
1249X,06,,,,,,,,,,,
1249X,07,,,,,,,,,,,
1249X,08,,,,,,,,,,,
1249X,09,,,,,,,,,,,
1249X,10,,,,,,,,,,,
1249X,11,,,,,,,,,,,
1249X,12,,,,,,,,,,,
1249X,13,,,,,,,,,,,
1272B,01,,,,,,,,,,,
1272B,02,,,,,,,,,,,
1272B,03,,,,,,,,,,,
1272B,04,,,,,,,,,,,
1272B,05,,,,,,,,,,,
1272B,06,,,,,,,,,,,
1272B,07,,,,,,,,,,,
1272B,08,,,,,,,,,,,
1272B,09,,,,,,,,,,,
1272B,10,,,,,,,,,,,
1272B,11,,,,,,,,,,,
1272B,12,,,,,,,,,,,
1272B,13,,,,,,,,,,,
1276F,01,,,,,,,,,,,
1276F,02,,,,,,,,,,,
1276F,03,,,,,,,,,,,
1276F,04,,,,,,,,,,,
1276F,05,,,,,,,,,,,
1276F,06,,,,,,,,,,,
1276F,07,,,,,,,,,,,
1276F,08,,,,,,,,,,,
1276F,09,,,,,,,,,,,
1276F,10,,,,,,,,,,,
1276F,11,,,,,,,,,,,
1276F,12,,,,,,,,,,,
1276F,13,,,,,,,,,,,
1279X,01,,,,,,,,,,,
1279X,02,,,,,,,,,,,
1279X,03,,,,,,,,,,,
1279X,04,,,,,,,,,,,
1279X,05,,,,,,,,,,,
1279X,06,,,,,,,,,,,
1279X,07,,,,,,,,,,,
1279X,08,,,,,,,,,,,
1279X,09,,,,,,,,,,,
1279X,10,,,,,,,,,,,
1279X,11,,,,,,,,,,,
1279X,12,,,,,,,,,,,
1279X,13,,,,,,,,,,,
1283U,01,,,,,,,,,,,
1283U,02,,,,,,,,,,,
1283U,03,,,,,,,,,,,
1283U,04,,,,,,,,,,,
1283U,05,,,,,,,,,,,
1283U,06,,,,,,,,,,,
1283U,07,,,,,,,,,,,
1283U,08,,,,,,,,,,,
1283U,09,,,,,,,,,,,
1283U,10,,,,,,,,,,,
1283U,11,,,,,,,,,,,
1283U,12,,,,,,,,,,,
1283U,13,,,,,,,,,,,
1297E,01,,,,,,,,,,,
1297E,02,,,,,,,,,,,
1297E,03,,,,,,,,,,,
1297E,04,,,,,,,,,,,
1297E,05,,,,,,,,,,,
1297E,06,,,,,,,,,,,
1297E,07,,,,,,,,,,,
1297E,08,,,,,,,,,,,
1297E,09,,,,,,,,,,,
1297E,10,,,,,,,,,,,
1297E,11,,,,,,,,,,,
1297E,12,,,,,,,,,,,
1297E,13,,,,,,,,,,,
1302F,01,,,,,,,,,,,
1302F,02,,,,,,,,,,,
1302F,03,,,,,,,,,,,
1302F,04,,,,,,,,,,,
1302F,05,,,,,,,,,,,
1302F,06,,,,,,,,,,,
1302F,07,,,,,,,,,,,
1302F,08,,,,,,,,,,,
1302F,09,,,,,,,,,,,
1302F,10,,,,,,,,,,,
1302F,11,,,,,,,,,,,
1302F,12,,,,,,,,,,,
1302F,13,,,,,,,,,,,
1309C,01,,,,,,,,,,,
1309C,02,,,,,,,,,,,
1309C,03,,,,,,,,,,,
1309C,04,,,,,,,,,,,
1309C,05,,,,,,,,,,,
1309C,06,,,,,,,,,,,
1309C,07,,,,,,,,,,,
1309C,08,,,,,,,,,,,
1309C,09,,,,,,,,,,,
1309C,10,,,,,,,,,,,
1309C,11,,,,,,,,,,,
1309C,12,,,,,,,,,,,
1309C,13,,,,,,,,,,,
1327A,01,,,,,,,,,,,
1327A,02,,,,,,,,,,,
1327A,03,,,,,,,,,,,
1327A,04,,,,,,,,,,,
1327A,05,,,,,,,,,,,
1327A,06,,,,,,,,,,,
1327A,07,,,,,,,,,,,
1327A,08,,,,,,,,,,,
1327A,09,,,,,,,,,,,
1327A,10,,,,,,,,,,,
1327A,11,,,,,,,,,,,
1327A,12,,,,,,,,,,,
1327A,13,,,,,,,,,,,
1331A,01,,,,,,,,,,,
1331A,02,,,,,,,,,,,
1331A,03,,,,,,,,,,,
1331A,04,,,,,,,,,,,
1331A,05,,,,,,,,,,,
1331A,06,,,,,,,,,,,
1331A,07,,,,,,,,,,,
1331A,08,,,,,,,,,,,
1331A,09,,,,,,,,,,,
1331A,10,,,,,,,,,,,
1331A,11,,,,,,,,,,,
1331A,12,,,,,,,,,,,
1331A,13,,,,,,,,,,,
1341B,01,,,,,,,,,,,
1341B,02,,,,,,,,,,,
1341B,03,,,,,,,,,,,
1341B,04,,,,,,,,,,,
1341B,05,,,,,,,,,,,
1341B,06,,,,,,,,,,,
1341B,07,,,,,,,,,,,
1341B,08,,,,,,,,,,,
1341B,09,,,,,,,,,,,
1341B,10,,,,,,,,,,,
1341B,11,,,,,,,,,,,
1341B,12,,,,,,,,,,,
1341B,13,,,,,,,,,,,
1342X,01,,,,,,,,,,,
1342X,02,,,,,,,,,,,
1342X,03,,,,,,,,,,,
1342X,04,,,,,,,,,,,
1342X,05,,,,,,,,,,,
1342X,06,,,,,,,,,,,
1342X,07,,,,,,,,,,,
1342X,08,,,,,,,,,,,
1342X,09,,,,,,,,,,,
1342X,10,,,,,,,,,,,
1342X,11,,,,,,,,,,,
1342X,12,,,,,,,,,,,
1342X,13,,,,,,,,,,,
1344X,01,,,,,,,,,,,
1344X,02,,,,,,,,,,,
1344X,03,,,,,,,,,,,
1344X,04,,,,,,,,,,,
1344X,05,,,,,,,,,,,
1344X,06,,,,,,,,,,,
1344X,07,,,,,,,,,,,
1344X,08,,,,,,,,,,,
1344X,09,,,,,,,,,,,
1344X,10,,,,,,,,,,,
1344X,11,,,,,,,,,,,
1344X,12,,,,,,,,,,,
1344X,13,,,,,,,,,,,
1347T,01,,,,,,,,,,,
1347T,02,,,,,,,,,,,
1347T,03,,,,,,,,,,,
1347T,04,,,,,,,,,,,
1347T,05,,,,,,,,,,,
1347T,06,,,,,,,,,,,
1347T,07,,,,,,,,,,,
1347T,08,,,,,,,,,,,
1347T,09,,,,,,,,,,,
1347T,10,,,,,,,,,,,
1347T,11,,,,,,,,,,,
1347T,12,,,,,,,,,,,
1347T,13,,,,,,,,,,,
1351,01,,,,,,,,,,,
1351,02,,,,,,,,,,,
1351,03,,,,,,,,,,,
1351,04,,,,,,,,,,,
1351,05,,,,,,,,,,,
1351,06,,,,,,,,,,,
1351,07,,,,,,,,,,,
1351,08,,,,,,,,,,,
1351,09,,,,,,,,,,,
1351,10,,,,,,,,,,,
1351,11,,,,,,,,,,,
1351,12,,,,,,,,,,,
1351,13,,,,,,,,,,,
1354C,01,,,,,,,,,,,
1354C,02,,,,,,,,,,,
1354C,03,,,,,,,,,,,
1354C,04,,,,,,,,,,,
1354C,05,,,,,,,,,,,
1354C,06,,,,,,,,,,,
1354C,07,,,,,,,,,,,
1354C,08,,,,,,,,,,,
1354C,09,,,,,,,,,,,
1354C,10,,,,,,,,,,,
1354C,11,,,,,,,,,,,
1354C,12,,,,,,,,,,,
1354C,13,,,,,,,,,,,
1363X,01,,,,,,,,,,,
1363X,02,,,,,,,,,,,
1363X,03,,,,,,,,,,,
1363X,04,,,,,,,,,,,
1363X,05,,,,,,,,,,,
1363X,06,,,,,,,,,,,
1363X,07,,,,,,,,,,,
1363X,08,,,,,,,,,,,
1363X,09,,,,,,,,,,,
1363X,10,,,,,,,,,,,
1363X,11,,,,,,,,,,,
1363X,12,,,,,,,,,,,
1363X,13,,,,,,,,,,,
1387,01,,,,,,,,,,,
1387,02,,,,,,,,,,,
1387,03,,,,,,,,,,,
1387,04,,,,,,,,,,,
1387,05,,,,,,,,,,,
1387,06,,,,,,,,,,,
1387,07,,,,,,,,,,,
1387,08,,,,,,,,,,,
1387,09,,,,,,,,,,,
1387,10,,,,,,,,,,,
1387,11,,,,,,,,,,,
1387,12,,,,,,,,,,,
1387,13,,,,,,,,,,,
1387D,01,,,,,,,,,,,
1387D,02,,,,,,,,,,,
1387D,03,,,,,,,,,,,
1387D,04,,,,,,,,,,,
1387D,05,,,,,,,,,,,
1387D,06,,,,,,,,,,,
1387D,07,,,,,,,,,,,
1387D,08,,,,,,,,,,,
1387D,09,,,,,,,,,,,
1387D,10,,,,,,,,,,,
1387D,11,,,,,,,,,,,
1387D,12,,,,,,,,,,,
1387D,13,,,,,,,,,,,
1387E,01,,,,,,,,,,,
1387E,02,,,,,,,,,,,
1387E,03,,,,,,,,,,,
1387E,04,,,,,,,,,,,
1387E,05,,,,,,,,,,,
1387E,06,,,,,,,,,,,
1387E,07,,,,,,,,,,,
1387E,08,,,,,,,,,,,
1387E,09,,,,,,,,,,,
1387E,10,,,,,,,,,,,
1387E,11,,,,,,,,,,,
1387E,12,,,,,,,,,,,
1387E,13,,,,,,,,,,,
1390X,01,,,,,,,,,,,
1390X,02,,,,,,,,,,,
1390X,03,,,,,,,,,,,
1390X,04,,,,,,,,,,,
1390X,05,,,,,,,,,,,
1390X,06,,,,,,,,,,,
1390X,07,,,,,,,,,,,
1390X,08,,,,,,,,,,,
1390X,09,,,,,,,,,,,
1390X,10,,,,,,,,,,,
1390X,11,,,,,,,,,,,
1390X,12,,,,,,,,,,,
1390X,13,,,,,,,,,,,
1393,01,,,,,,,,,,,
1393,02,,,,,,,,,,,
1393,03,,,,,,,,,,,
1393,04,,,,,,,,,,,
1393,05,,,,,,,,,,,
1393,06,,,,,,,,,,,
1393,07,,,,,,,,,,,
1393,08,,,,,,,,,,,
1393,09,,,,,,,,,,,
1393,10,,,,,,,,,,,
1393,11,,,,,,,,,,,
1393,12,,,,,,,,,,,
1393,13,,,,,,,,,,,
1399,01,,,,,,,,,,,
1399,02,,,,,,,,,,,
1399,03,,,,,,,,,,,
1399,04,,,,,,,,,,,
1399,05,,,,,,,,,,,
1399,06,,,,,,,,,,,
1399,07,,,,,,,,,,,
1399,08,,,,,,,,,,,
1399,09,,,,,,,,,,,
1399,10,,,,,,,,,,,
1399,11,,,,,,,,,,,
1399,12,,,,,,,,,,,
1399,13,,,,,,,,,,,
1400,01,,,,,,,,,,,
1400,02,,,,,,,,,,,
1400,03,,,,,,,,,,,
1400,04,,,,,,,,,,,
1400,05,,,,,,,,,,,
1400,06,,,,,,,,,,,
1400,07,,,,,,,,,,,
1400,08,,,,,,,,,,,
1400,09,,,,,,,,,,,
1400,10,,,,,,,,,,,
1400,11,,,,,,,,,,,
1400,12,,,,,,,,,,,
1400,13,,,,,,,,,,,
1406X,01,,,,,,,,,,,
1406X,02,,,,,,,,,,,
1406X,03,,,,,,,,,,,
1406X,04,,,,,,,,,,,
1406X,05,,,,,,,,,,,
1406X,06,,,,,,,,,,,
1406X,07,,,,,,,,,,,
1406X,08,,,,,,,,,,,
1406X,09,,,,,,,,,,,
1406X,10,,,,,,,,,,,
1406X,11,,,,,,,,,,,
1406X,12,,,,,,,,,,,
1406X,13,,,,,,,,,,,
1410X,01,,,,,,,,,,,
1410X,02,,,,,,,,,,,
1410X,03,,,,,,,,,,,
1410X,04,,,,,,,,,,,
1410X,05,,,,,,,,,,,
1410X,06,,,,,,,,,,,
1410X,07,,,,,,,,,,,
1410X,08,,,,,,,,,,,
1410X,09,,,,,,,,,,,
1410X,10,,,,,,,,,,,
1410X,11,,,,,,,,,,,
1410X,12,,,,,,,,,,,
1410X,13,,,,,,,,,,,
1428,01,,,,,,,,,,,
1428,02,,,,,,,,,,,
1428,03,,,,,,,,,,,
1428,04,,,,,,,,,,,
1428,05,,,,,,,,,,,
1428,06,,,,,,,,,,,
1428,07,,,,,,,,,,,
1428,08,,,,,,,,,,,
1428,09,,,,,,,,,,,
1428,10,,,,,,,,,,,
1428,11,,,,,,,,,,,
1428,12,,,,,,,,,,,
1428,13,,,,,,,,,,,
1435C,01,,,,,,,,,,,
1435C,02,,,,,,,,,,,
1435C,03,,,,,,,,,,,
1435C,04,,,,,,,,,,,
1435C,05,,,,,,,,,,,
1435C,06,,,,,,,,,,,
1435C,07,,,,,,,,,,,
1435C,08,,,,,,,,,,,
1435C,09,,,,,,,,,,,
1435C,10,,,,,,,,,,,
1435C,11,,,,,,,,,,,
1435C,12,,,,,,,,,,,
1435C,13,,,,,,,,,,,
1437O,01,,,,,,,,,,,
1437O,02,,,,,,,,,,,
1437O,03,,,,,,,,,,,
1437O,04,,,,,,,,,,,
1437O,05,,,,,,,,,,,
1437O,06,,,,,,,,,,,
1437O,07,,,,,,,,,,,
1437O,08,,,,,,,,,,,
1437O,09,,,,,,,,,,,
1437O,10,,,,,,,,,,,
1437O,11,,,,,,,,,,,
1437O,12,,,,,,,,,,,
1437O,13,,,,,,,,,,,
1442U,01,,,,,,,,,,,
1442U,02,,,,,,,,,,,
1442U,03,,,,,,,,,,,
1442U,04,,,,,,,,,,,
1442U,05,,,,,,,,,,,
1442U,06,,,,,,,,,,,
1442U,07,,,,,,,,,,,
1442U,08,,,,,,,,,,,
1442U,09,,,,,,,,,,,
1442U,10,,,,,,,,,,,
1442U,11,,,,,,,,,,,
1442U,12,,,,,,,,,,,
1442U,13,,,,,,,,,,,
1446X,01,,,,,,,,,,,
1446X,02,,,,,,,,,,,
1446X,03,,,,,,,,,,,
1446X,04,,,,,,,,,,,
1446X,05,,,,,,,,,,,
1446X,06,,,,,,,,,,,
1446X,07,,,,,,,,,,,
1446X,08,,,,,,,,,,,
1446X,09,,,,,,,,,,,
1446X,10,,,,,,,,,,,
1446X,11,,,,,,,,,,,
1446X,12,,,,,,,,,,,
1446X,13,,,,,,,,,,,
1455I,01,,,,,,,,,,,
1455I,02,,,,,,,,,,,
1455I,03,,,,,,,,,,,
1455I,04,,,,,,,,,,,
1455I,05,,,,,,,,,,,
1455I,06,,,,,,,,,,,
1455I,07,,,,,,,,,,,
1455I,08,,,,,,,,,,,
1455I,09,,,,,,,,,,,
1455I,10,,,,,,,,,,,
1455I,11,,,,,,,,,,,
1455I,12,,,,,,,,,,,
1455I,13,,,,,,,,,,,
1465U,01,,,,,,,,,,,
1465U,02,,,,,,,,,,,
1465U,03,,,,,,,,,,,
1465U,04,,,,,,,,,,,
1465U,05,,,,,,,,,,,
1465U,06,,,,,,,,,,,
1465U,07,,,,,,,,,,,
1465U,08,,,,,,,,,,,
1465U,09,,,,,,,,,,,
1465U,10,,,,,,,,,,,
1465U,11,,,,,,,,,,,
1465U,12,,,,,,,,,,,
1465U,13,,,,,,,,,,,
1466A,01,,,,,,,,,,,
1466A,02,,,,,,,,,,,
1466A,03,,,,,,,,,,,
1466A,04,,,,,,,,,,,
1466A,05,,,,,,,,,,,
1466A,06,,,,,,,,,,,
1466A,07,,,,,,,,,,,
1466A,08,,,,,,,,,,,
1466A,09,,,,,,,,,,,
1466A,10,,,,,,,,,,,
1466A,11,,,,,,,,,,,
1466A,12,,,,,,,,,,,
1466A,13,,,,,,,,,,,
1468X,01,,,,,,,,,,,
1468X,02,,,,,,,,,,,
1468X,03,,,,,,,,,,,
1468X,04,,,,,,,,,,,
1468X,05,,,,,,,,,,,
1468X,06,,,,,,,,,,,
1468X,07,,,,,,,,,,,
1468X,08,,,,,,,,,,,
1468X,09,,,,,,,,,,,
1468X,10,,,,,,,,,,,
1468X,11,,,,,,,,,,,
1468X,12,,,,,,,,,,,
1468X,13,,,,,,,,,,,
1473A,01,,,,,,,,,,,
1473A,02,,,,,,,,,,,
1473A,03,,,,,,,,,,,
1473A,04,,,,,,,,,,,
1473A,05,,,,,,,,,,,
1473A,06,,,,,,,,,,,
1473A,07,,,,,,,,,,,
1473A,08,,,,,,,,,,,
1473A,09,,,,,,,,,,,
1473A,10,,,,,,,,,,,
1473A,11,,,,,,,,,,,
1473A,12,,,,,,,,,,,
1473A,13,,,,,,,,,,,
1475X,01,,,,,,,,,,,
1475X,02,,,,,,,,,,,
1475X,03,,,,,,,,,,,
1475X,04,,,,,,,,,,,
1475X,05,,,,,,,,,,,
1475X,06,,,,,,,,,,,
1475X,07,,,,,,,,,,,
1475X,08,,,,,,,,,,,
1475X,09,,,,,,,,,,,
1475X,10,,,,,,,,,,,
1475X,11,,,,,,,,,,,
1475X,12,,,,,,,,,,,
1475X,13,,,,,,,,,,,
1476R,01,,,,,,,,,,,
1476R,02,,,,,,,,,,,
1476R,03,,,,,,,,,,,
1476R,04,,,,,,,,,,,
1476R,05,,,,,,,,,,,
1476R,06,,,,,,,,,,,
1476R,07,,,,,,,,,,,
1476R,08,,,,,,,,,,,
1476R,09,,,,,,,,,,,
1476R,10,,,,,,,,,,,
1476R,11,,,,,,,,,,,
1476R,12,,,,,,,,,,,
1476R,13,,,,,,,,,,,
1477U,01,,,,,,,,,,,
1477U,02,,,,,,,,,,,
1477U,03,,,,,,,,,,,
1477U,04,,,,,,,,,,,
1477U,05,,,,,,,,,,,
1477U,06,,,,,,,,,,,
1477U,07,,,,,,,,,,,
1477U,08,,,,,,,,,,,
1477U,09,,,,,,,,,,,
1477U,10,,,,,,,,,,,
1477U,11,,,,,,,,,,,
1477U,12,,,,,,,,,,,
1477U,13,,,,,,,,,,,
1477V,01,,,,,,,,,,,
1477V,02,,,,,,,,,,,
1477V,03,,,,,,,,,,,
1477V,04,,,,,,,,,,,
1477V,05,,,,,,,,,,,
1477V,06,,,,,,,,,,,
1477V,07,,,,,,,,,,,
1477V,08,,,,,,,,,,,
1477V,09,,,,,,,,,,,
1477V,10,,,,,,,,,,,
1477V,11,,,,,,,,,,,
1477V,12,,,,,,,,,,,
1477V,13,,,,,,,,,,,
1484,01,,,,,,,,,,,
1484,02,,,,,,,,,,,
1484,03,,,,,,,,,,,
1484,04,,,,,,,,,,,
1484,05,,,,,,,,,,,
1484,06,,,,,,,,,,,
1484,07,,,,,,,,,,,
1484,08,,,,,,,,,,,
1484,09,,,,,,,,,,,
1484,10,,,,,,,,,,,
1484,11,,,,,,,,,,,
1484,12,,,,,,,,,,,
1484,13,,,,,,,,,,,
1484C,01,,,,,,,,,,,
1484C,02,,,,,,,,,,,
1484C,03,,,,,,,,,,,
1484C,04,,,,,,,,,,,
1484C,05,,,,,,,,,,,
1484C,06,,,,,,,,,,,
1484C,07,,,,,,,,,,,
1484C,08,,,,,,,,,,,
1484C,09,,,,,,,,,,,
1484C,10,,,,,,,,,,,
1484C,11,,,,,,,,,,,
1484C,12,,,,,,,,,,,
1484C,13,,,,,,,,,,,
1486E,01,,,,,,,,,,,
1486E,02,,,,,,,,,,,
1486E,03,,,,,,,,,,,
1486E,04,,,,,,,,,,,
1486E,05,,,,,,,,,,,
1486E,06,,,,,,,,,,,
1486E,07,,,,,,,,,,,
1486E,08,,,,,,,,,,,
1486E,09,,,,,,,,,,,
1486E,10,,,,,,,,,,,
1486E,11,,,,,,,,,,,
1486E,12,,,,,,,,,,,
1486E,13,,,,,,,,,,,
1489A,01,,,,,,,,,,,
1489A,02,,,,,,,,,,,
1489A,03,,,,,,,,,,,
1489A,04,,,,,,,,,,,
1489A,05,,,,,,,,,,,
1489A,06,,,,,,,,,,,
1489A,07,,,,,,,,,,,
1489A,08,,,,,,,,,,,
1489A,09,,,,,,,,,,,
1489A,10,,,,,,,,,,,
1489A,11,,,,,,,,,,,
1489A,12,,,,,,,,,,,
1489A,13,,,,,,,,,,,
1495,01,,,,,,,,,,,
1495,02,,,,,,,,,,,
1495,03,,,,,,,,,,,
1495,04,,,,,,,,,,,
1495,05,,,,,,,,,,,
1495,06,,,,,,,,,,,
1495,07,,,,,,,,,,,
1495,08,,,,,,,,,,,
1495,09,,,,,,,,,,,
1495,10,,,,,,,,,,,
1495,11,,,,,,,,,,,
1495,12,,,,,,,,,,,
1495,13,,,,,,,,,,,
1496X,01,,,,,,,,,,,
1496X,02,,,,,,,,,,,
1496X,03,,,,,,,,,,,
1496X,04,,,,,,,,,,,
1496X,05,,,,,,,,,,,
1496X,06,,,,,,,,,,,
1496X,07,,,,,,,,,,,
1496X,08,,,,,,,,,,,
1496X,09,,,,,,,,,,,
1496X,10,,,,,,,,,,,
1496X,11,,,,,,,,,,,
1496X,12,,,,,,,,,,,
1496X,13,,,,,,,,,,,
1505,01,,,,,,,,,,,
1505,02,,,,,,,,,,,
1505,03,,,,,,,,,,,
1505,04,,,,,,,,,,,
1505,05,,,,,,,,,,,
1505,06,,,,,,,,,,,
1505,07,,,,,,,,,,,
1505,08,,,,,,,,,,,
1505,09,,,,,,,,,,,
1505,10,,,,,,,,,,,
1505,11,,,,,,,,,,,
1505,12,,,,,,,,,,,
1505,13,,,,,,,,,,,
1518A,01,,,,,,,,,,,
1518A,02,,,,,,,,,,,
1518A,03,,,,,,,,,,,
1518A,04,,,,,,,,,,,
1518A,05,,,,,,,,,,,
1518A,06,,,,,,,,,,,
1518A,07,,,,,,,,,,,
1518A,08,,,,,,,,,,,
1518A,09,,,,,,,,,,,
1518A,10,,,,,,,,,,,
1518A,11,,,,,,,,,,,
1518A,12,,,,,,,,,,,
1518A,13,,,,,,,,,,,
1521I,01,,,,,,,,,,,
1521I,02,,,,,,,,,,,
1521I,03,,,,,,,,,,,
1521I,04,,,,,,,,,,,
1521I,05,,,,,,,,,,,
1521I,06,,,,,,,,,,,
1521I,07,,,,,,,,,,,
1521I,08,,,,,,,,,,,
1521I,09,,,,,,,,,,,
1521I,10,,,,,,,,,,,
1521I,11,,,,,,,,,,,
1521I,12,,,,,,,,,,,
1521I,13,,,,,,,,,,,
1521X,01,,,,,,,,,,,
1521X,02,,,,,,,,,,,
1521X,03,,,,,,,,,,,
1521X,04,,,,,,,,,,,
1521X,05,,,,,,,,,,,
1521X,06,,,,,,,,,,,
1521X,07,,,,,,,,,,,
1521X,08,,,,,,,,,,,
1521X,09,,,,,,,,,,,
1521X,10,,,,,,,,,,,
1521X,11,,,,,,,,,,,
1521X,12,,,,,,,,,,,
1521X,13,,,,,,,,,,,
1541B,01,,,,,,,,,,,
1541B,02,,,,,,,,,,,
1541B,03,,,,,,,,,,,
1541B,04,,,,,,,,,,,
1541B,05,,,,,,,,,,,
1541B,06,,,,,,,,,,,
1541B,07,,,,,,,,,,,
1541B,08,,,,,,,,,,,
1541B,09,,,,,,,,,,,
1541B,10,,,,,,,,,,,
1541B,11,,,,,,,,,,,
1541B,12,,,,,,,,,,,
1541B,13,,,,,,,,,,,
1542,01,,,,,,,,,,,
1542,02,,,,,,,,,,,
1542,03,,,,,,,,,,,
1542,04,,,,,,,,,,,
1542,05,,,,,,,,,,,
1542,06,,,,,,,,,,,
1542,07,,,,,,,,,,,
1542,08,,,,,,,,,,,
1542,09,,,,,,,,,,,
1542,10,,,,,,,,,,,
1542,11,,,,,,,,,,,
1542,12,,,,,,,,,,,
1542,13,,,,,,,,,,,
1549,01,,,,,,,,,,,
1549,02,,,,,,,,,,,
1549,03,,,,,,,,,,,
1549,04,,,,,,,,,,,
1549,05,,,,,,,,,,,
1549,06,,,,,,,,,,,
1549,07,,,,,,,,,,,
1549,08,,,,,,,,,,,
1549,09,,,,,,,,,,,
1549,10,,,,,,,,,,,
1549,11,,,,,,,,,,,
1549,12,,,,,,,,,,,
1549,13,,,,,,,,,,,
1561I,01,,,,,,,,,,,
1561I,02,,,,,,,,,,,
1561I,03,,,,,,,,,,,
1561I,04,,,,,,,,,,,
1561I,05,,,,,,,,,,,
1561I,06,,,,,,,,,,,
1561I,07,,,,,,,,,,,
1561I,08,,,,,,,,,,,
1561I,09,,,,,,,,,,,
1561I,10,,,,,,,,,,,
1561I,11,,,,,,,,,,,
1561I,12,,,,,,,,,,,
1561I,13,,,,,,,,,,,
1583X,01,,,,,,,,,,,
1583X,02,,,,,,,,,,,
1583X,03,,,,,,,,,,,
1583X,04,,,,,,,,,,,
1583X,05,,,,,,,,,,,
1583X,06,,,,,,,,,,,
1583X,07,,,,,,,,,,,
1583X,08,,,,,,,,,,,
1583X,09,,,,,,,,,,,
1583X,10,,,,,,,,,,,
1583X,11,,,,,,,,,,,
1583X,12,,,,,,,,,,,
1583X,13,,,,,,,,,,,
1631E,01,,,,,,,,,,,
1631E,02,,,,,,,,,,,
1631E,03,,,,,,,,,,,
1631E,04,,,,,,,,,,,
1631E,05,,,,,,,,,,,
1631E,06,,,,,,,,,,,
1631E,07,,,,,,,,,,,
1631E,08,,,,,,,,,,,
1631E,09,,,,,,,,,,,
1631E,10,,,,,,,,,,,
1631E,11,,,,,,,,,,,
1631E,12,,,,,,,,,,,
1631E,13,,,,,,,,,,,
1639X,01,,,,,,,,,,,
1639X,02,,,,,,,,,,,
1639X,03,,,,,,,,,,,
1639X,04,,,,,,,,,,,
1639X,05,,,,,,,,,,,
1639X,06,,,,,,,,,,,
1639X,07,,,,,,,,,,,
1639X,08,,,,,,,,,,,
1639X,09,,,,,,,,,,,
1639X,10,,,,,,,,,,,
1639X,11,,,,,,,,,,,
1639X,12,,,,,,,,,,,
1639X,13,,,,,,,,,,,
1658,01,,,,,,,,,,,
1658,02,,,,,,,,,,,
1658,03,,,,,,,,,,,
1658,04,,,,,,,,,,,
1658,05,,,,,,,,,,,
1658,06,,,,,,,,,,,
1658,07,,,,,,,,,,,
1658,08,,,,,,,,,,,
1658,09,,,,,,,,,,,
1658,10,,,,,,,,,,,
1658,11,,,,,,,,,,,
1658,12,,,,,,,,,,,
1658,13,,,,,,,,,,,
1679A,01,,,,,,,,,,,
1679A,02,,,,,,,,,,,
1679A,03,,,,,,,,,,,
1679A,04,,,,,,,,,,,
1679A,05,,,,,,,,,,,
1679A,06,,,,,,,,,,,
1679A,07,,,,,,,,,,,
1679A,08,,,,,,,,,,,
1679A,09,,,,,,,,,,,
1679A,10,,,,,,,,,,,
1679A,11,,,,,,,,,,,
1679A,12,,,,,,,,,,,
1679A,13,,,,,,,,,,,
1690A,01,,,,,,,,,,,
1690A,02,,,,,,,,,,,
1690A,03,,,,,,,,,,,
1690A,04,,,,,,,,,,,
1690A,05,,,,,,,,,,,
1690A,06,,,,,,,,,,,
1690A,07,,,,,,,,,,,
1690A,08,,,,,,,,,,,
1690A,09,,,,,,,,,,,
1690A,10,,,,,,,,,,,
1690A,11,,,,,,,,,,,
1690A,12,,,,,,,,,,,
1690A,13,,,,,,,,,,,
1690B,01,,,,,,,,,,,
1690B,02,,,,,,,,,,,
1690B,03,,,,,,,,,,,
1690B,04,,,,,,,,,,,
1690B,05,,,,,,,,,,,
1690B,06,,,,,,,,,,,
1690B,07,,,,,,,,,,,
1690B,08,,,,,,,,,,,
1690B,09,,,,,,,,,,,
1690B,10,,,,,,,,,,,
1690B,11,,,,,,,,,,,
1690B,12,,,,,,,,,,,
1690B,13,,,,,,,,,,,
1696O,01,,,,,,,,,,,
1696O,02,,,,,,,,,,,
1696O,03,,,,,,,,,,,
1696O,04,,,,,,,,,,,
1696O,05,,,,,,,,,,,
1696O,06,,,,,,,,,,,
1696O,07,,,,,,,,,,,
1696O,08,,,,,,,,,,,
1696O,09,,,,,,,,,,,
1696O,10,,,,,,,,,,,
1696O,11,,,,,,,,,,,
1696O,12,,,,,,,,,,,
1696O,13,,,,,,,,,,,
1700X,01,,,,,,,,,,,
1700X,02,,,,,,,,,,,
1700X,03,,,,,,,,,,,
1700X,04,,,,,,,,,,,
1700X,05,,,,,,,,,,,
1700X,06,,,,,,,,,,,
1700X,07,,,,,,,,,,,
1700X,08,,,,,,,,,,,
1700X,09,,,,,,,,,,,
1700X,10,,,,,,,,,,,
1700X,11,,,,,,,,,,,
1700X,12,,,,,,,,,,,
1700X,13,,,,,,,,,,,
1701X,01,,,,,,,,,,,
1701X,02,,,,,,,,,,,
1701X,03,,,,,,,,,,,
1701X,04,,,,,,,,,,,
1701X,05,,,,,,,,,,,
1701X,06,,,,,,,,,,,
1701X,07,,,,,,,,,,,
1701X,08,,,,,,,,,,,
1701X,09,,,,,,,,,,,
1701X,10,,,,,,,,,,,
1701X,11,,,,,,,,,,,
1701X,12,,,,,,,,,,,
1701X,13,,,,,,,,,,,
1706A,01,,,,,,,,,,,
1706A,02,,,,,,,,,,,
1706A,03,,,,,,,,,,,
1706A,04,,,,,,,,,,,
1706A,05,,,,,,,,,,,
1706A,06,,,,,,,,,,,
1706A,07,,,,,,,,,,,
1706A,08,,,,,,,,,,,
1706A,09,,,,,,,,,,,
1706A,10,,,,,,,,,,,
1706A,11,,,,,,,,,,,
1706A,12,,,,,,,,,,,
1706A,13,,,,,,,,,,,
1719,01,,,,,,,,,,,
1719,02,,,,,,,,,,,
1719,03,,,,,,,,,,,
1719,04,,,,,,,,,,,
1719,05,,,,,,,,,,,
1719,06,,,,,,,,,,,
1719,07,,,,,,,,,,,
1719,08,,,,,,,,,,,
1719,09,,,,,,,,,,,
1719,10,,,,,,,,,,,
1719,11,,,,,,,,,,,
1719,12,,,,,,,,,,,
1719,13,,,,,,,,,,,
1723X,01,,,,,,,,,,,
1723X,02,,,,,,,,,,,
1723X,03,,,,,,,,,,,
1723X,04,,,,,,,,,,,
1723X,05,,,,,,,,,,,
1723X,06,,,,,,,,,,,
1723X,07,,,,,,,,,,,
1723X,08,,,,,,,,,,,
1723X,09,,,,,,,,,,,
1723X,10,,,,,,,,,,,
1723X,11,,,,,,,,,,,
1723X,12,,,,,,,,,,,
1723X,13,,,,,,,,,,,
1730E,01,,,,,,,,,,,
1730E,02,,,,,,,,,,,
1730E,03,,,,,,,,,,,
1730E,04,,,,,,,,,,,
1730E,05,,,,,,,,,,,
1730E,06,,,,,,,,,,,
1730E,07,,,,,,,,,,,
1730E,08,,,,,,,,,,,
1730E,09,,,,,,,,,,,
1730E,10,,,,,,,,,,,
1730E,11,,,,,,,,,,,
1730E,12,,,,,,,,,,,
1730E,13,,,,,,,,,,,
1735X,01,,,,,,,,,,,
1735X,02,,,,,,,,,,,
1735X,03,,,,,,,,,,,
1735X,04,,,,,,,,,,,
1735X,05,,,,,,,,,,,
1735X,06,,,,,,,,,,,
1735X,07,,,,,,,,,,,
1735X,08,,,,,,,,,,,
1735X,09,,,,,,,,,,,
1735X,10,,,,,,,,,,,
1735X,11,,,,,,,,,,,
1735X,12,,,,,,,,,,,
1735X,13,,,,,,,,,,,
1738U,01,,,,,,,,,,,
1738U,02,,,,,,,,,,,
1738U,03,,,,,,,,,,,
1738U,04,,,,,,,,,,,
1738U,05,,,,,,,,,,,
1738U,06,,,,,,,,,,,
1738U,07,,,,,,,,,,,
1738U,08,,,,,,,,,,,
1738U,09,,,,,,,,,,,
1738U,10,,,,,,,,,,,
1738U,11,,,,,,,,,,,
1738U,12,,,,,,,,,,,
1738U,13,,,,,,,,,,,
1740,01,,,,,,,,,,,
1740,02,,,,,,,,,,,
1740,03,,,,,,,,,,,
1740,04,,,,,,,,,,,
1740,05,,,,,,,,,,,
1740,06,,,,,,,,,,,
1740,07,,,,,,,,,,,
1740,08,,,,,,,,,,,
1740,09,,,,,,,,,,,
1740,10,,,,,,,,,,,
1740,11,,,,,,,,,,,
1740,12,,,,,,,,,,,
1740,13,,,,,,,,,,,
2005Y,01,,,,,,,,,,,
2005Y,02,,,,,,,,,,,
2005Y,03,,,,,,,,,,,
2005Y,04,,,,,,,,,,,
2005Y,05,,,,,,,,,,,
2005Y,06,,,,,,,,,,,
2005Y,07,,,,,,,,,,,
2005Y,08,,,,,,,,,,,
2005Y,09,,,,,,,,,,,
2005Y,10,,,,,,,,,,,
2005Y,11,,,,,,,,,,,
2005Y,12,,,,,,,,,,,
2005Y,13,,,,,,,,,,,
2017Y,01,,,,,,,,,,,
2017Y,02,,,,,,,,,,,
2017Y,03,,,,,,,,,,,
2017Y,04,,,,,,,,,,,
2017Y,05,,,,,,,,,,,
2017Y,06,,,,,,,,,,,
2017Y,07,,,,,,,,,,,
2017Y,08,,,,,,,,,,,
2017Y,09,,,,,,,,,,,
2017Y,10,,,,,,,,,,,
2017Y,11,,,,,,,,,,,
2017Y,12,,,,,,,,,,,
2017Y,13,,,,,,,,,,,
2030,01,,,,,,,,,,,
2030,02,,,,,,,,,,,
2030,03,,,,,,,,,,,
2030,04,,,,,,,,,,,
2030,05,,,,,,,,,,,
2030,06,,,,,,,,,,,
2030,07,,,,,,,,,,,
2030,08,,,,,,,,,,,
2030,09,,,,,,,,,,,
2030,10,,,,,,,,,,,
2030,11,,,,,,,,,,,
2030,12,,,,,,,,,,,
2030,13,,,,,,,,,,,
2044B,01,,,,,,,,,,,
2044B,02,,,,,,,,,,,
2044B,03,,,,,,,,,,,
2044B,04,,,,,,,,,,,
2044B,05,,,,,,,,,,,
2044B,06,,,,,,,,,,,
2044B,07,,,,,,,,,,,
2044B,08,,,,,,,,,,,
2044B,09,,,,,,,,,,,
2044B,10,,,,,,,,,,,
2044B,11,,,,,,,,,,,
2044B,12,,,,,,,,,,,
2044B,13,,,,,,,,,,,
2048A,01,,,,,,,,,,,
2048A,02,,,,,,,,,,,
2048A,03,,,,,,,,,,,
2048A,04,,,,,,,,,,,
2048A,05,,,,,,,,,,,
2048A,06,,,,,,,,,,,
2048A,07,,,,,,,,,,,
2048A,08,,,,,,,,,,,
2048A,09,,,,,,,,,,,
2048A,10,,,,,,,,,,,
2048A,11,,,,,,,,,,,
2048A,12,,,,,,,,,,,
2048A,13,,,,,,,,,,,
2059B,01,,,,,,,,,,,
2059B,02,,,,,,,,,,,
2059B,03,,,,,,,,,,,
2059B,04,,,,,,,,,,,
2059B,05,,,,,,,,,,,
2059B,06,,,,,,,,,,,
2059B,07,,,,,,,,,,,
2059B,08,,,,,,,,,,,
2059B,09,,,,,,,,,,,
2059B,10,,,,,,,,,,,
2059B,11,,,,,,,,,,,
2059B,12,,,,,,,,,,,
2059B,13,,,,,,,,,,,
2084Y,01,,,,,,,,,,,
2084Y,02,,,,,,,,,,,
2084Y,03,,,,,,,,,,,
2084Y,04,,,,,,,,,,,
2084Y,05,,,,,,,,,,,
2084Y,06,,,,,,,,,,,
2084Y,07,,,,,,,,,,,
2084Y,08,,,,,,,,,,,
2084Y,09,,,,,,,,,,,
2084Y,10,,,,,,,,,,,
2084Y,11,,,,,,,,,,,
2084Y,12,,,,,,,,,,,
2084Y,13,,,,,,,,,,,
2092,01,,,,,,,,,,,
2092,02,,,,,,,,,,,
2092,03,,,,,,,,,,,
2092,04,,,,,,,,,,,
2092,05,,,,,,,,,,,
2092,06,,,,,,,,,,,
2092,07,,,,,,,,,,,
2092,08,,,,,,,,,,,
2092,09,,,,,,,,,,,
2092,10,,,,,,,,,,,
2092,11,,,,,,,,,,,
2092,12,,,,,,,,,,,
2092,13,,,,,,,,,,,
2096B,01,,,,,,,,,,,
2096B,02,,,,,,,,,,,
2096B,03,,,,,,,,,,,
2096B,04,,,,,,,,,,,
2096B,05,,,,,,,,,,,
2096B,06,,,,,,,,,,,
2096B,07,,,,,,,,,,,
2096B,08,,,,,,,,,,,
2096B,09,,,,,,,,,,,
2096B,10,,,,,,,,,,,
2096B,11,,,,,,,,,,,
2096B,12,,,,,,,,,,,
2096B,13,,,,,,,,,,,
2106B,01,,,,,,,,,,,
2106B,02,,,,,,,,,,,
2106B,03,,,,,,,,,,,
2106B,04,,,,,,,,,,,
2106B,05,,,,,,,,,,,
2106B,06,,,,,,,,,,,
2106B,07,,,,,,,,,,,
2106B,08,,,,,,,,,,,
2106B,09,,,,,,,,,,,
2106B,10,,,,,,,,,,,
2106B,11,,,,,,,,,,,
2106B,12,,,,,,,,,,,
2106B,13,,,,,,,,,,,
2117D,01,,,,,,,,,,,
2117D,02,,,,,,,,,,,
2117D,03,,,,,,,,,,,
2117D,04,,,,,,,,,,,
2117D,05,,,,,,,,,,,
2117D,06,,,,,,,,,,,
2117D,07,,,,,,,,,,,
2117D,08,,,,,,,,,,,
2117D,09,,,,,,,,,,,
2117D,10,,,,,,,,,,,
2117D,11,,,,,,,,,,,
2117D,12,,,,,,,,,,,
2117D,13,,,,,,,,,,,
2135A,01,,,,,,,,,,,
2135A,02,,,,,,,,,,,
2135A,03,,,,,,,,,,,
2135A,04,,,,,,,,,,,
2135A,05,,,,,,,,,,,
2135A,06,,,,,,,,,,,
2135A,07,,,,,,,,,,,
2135A,08,,,,,,,,,,,
2135A,09,,,,,,,,,,,
2135A,10,,,,,,,,,,,
2135A,11,,,,,,,,,,,
2135A,12,,,,,,,,,,,
2135A,13,,,,,,,,,,,
2140A,01,,,,,,,,,,,
2140A,02,,,,,,,,,,,
2140A,03,,,,,,,,,,,
2140A,04,,,,,,,,,,,
2140A,05,,,,,,,,,,,
2140A,06,,,,,,,,,,,
2140A,07,,,,,,,,,,,
2140A,08,,,,,,,,,,,
2140A,09,,,,,,,,,,,
2140A,10,,,,,,,,,,,
2140A,11,,,,,,,,,,,
2140A,12,,,,,,,,,,,
2140A,13,,,,,,,,,,,
2150H,01,,,,,,,,,,,
2150H,02,,,,,,,,,,,
2150H,03,,,,,,,,,,,
2150H,04,,,,,,,,,,,
2150H,05,,,,,,,,,,,
2150H,06,,,,,,,,,,,
2150H,07,,,,,,,,,,,
2150H,08,,,,,,,,,,,
2150H,09,,,,,,,,,,,
2150H,10,,,,,,,,,,,
2150H,11,,,,,,,,,,,
2150H,12,,,,,,,,,,,
2150H,13,,,,,,,,,,,
2166Y,01,,,,,,,,,,,
2166Y,02,,,,,,,,,,,
2166Y,03,,,,,,,,,,,
2166Y,04,,,,,,,,,,,
2166Y,05,,,,,,,,,,,
2166Y,06,,,,,,,,,,,
2166Y,07,,,,,,,,,,,
2166Y,08,,,,,,,,,,,
2166Y,09,,,,,,,,,,,
2166Y,10,,,,,,,,,,,
2166Y,11,,,,,,,,,,,
2166Y,12,,,,,,,,,,,
2166Y,13,,,,,,,,,,,
2172Y,01,,,,,,,,,,,
2172Y,02,,,,,,,,,,,
2172Y,03,,,,,,,,,,,
2172Y,04,,,,,,,,,,,
2172Y,05,,,,,,,,,,,
2172Y,06,,,,,,,,,,,
2172Y,07,,,,,,,,,,,
2172Y,08,,,,,,,,,,,
2172Y,09,,,,,,,,,,,
2172Y,10,,,,,,,,,,,
2172Y,11,,,,,,,,,,,
2172Y,12,,,,,,,,,,,
2172Y,13,,,,,,,,,,,
2182C,01,,,,,,,,,,,
2182C,02,,,,,,,,,,,
2182C,03,,,,,,,,,,,
2182C,04,,,,,,,,,,,
2182C,05,,,,,,,,,,,
2182C,06,,,,,,,,,,,
2182C,07,,,,,,,,,,,
2182C,08,,,,,,,,,,,
2182C,09,,,,,,,,,,,
2182C,10,,,,,,,,,,,
2182C,11,,,,,,,,,,,
2182C,12,,,,,,,,,,,
2182C,13,,,,,,,,,,,
2192C,01,,,,,,,,,,,
2192C,02,,,,,,,,,,,
2192C,03,,,,,,,,,,,
2192C,04,,,,,,,,,,,
2192C,05,,,,,,,,,,,
2192C,06,,,,,,,,,,,
2192C,07,,,,,,,,,,,
2192C,08,,,,,,,,,,,
2192C,09,,,,,,,,,,,
2192C,10,,,,,,,,,,,
2192C,11,,,,,,,,,,,
2192C,12,,,,,,,,,,,
2192C,13,,,,,,,,,,,
2235U,01,,,,,,,,,,,
2235U,02,,,,,,,,,,,
2235U,03,,,,,,,,,,,
2235U,04,,,,,,,,,,,
2235U,05,,,,,,,,,,,
2235U,06,,,,,,,,,,,
2235U,07,,,,,,,,,,,
2235U,08,,,,,,,,,,,
2235U,09,,,,,,,,,,,
2235U,10,,,,,,,,,,,
2235U,11,,,,,,,,,,,
2235U,12,,,,,,,,,,,
2235U,13,,,,,,,,,,,
2243A,01,,,,,,,,,,,
2243A,02,,,,,,,,,,,
2243A,03,,,,,,,,,,,
2243A,04,,,,,,,,,,,
2243A,05,,,,,,,,,,,
2243A,06,,,,,,,,,,,
2243A,07,,,,,,,,,,,
2243A,08,,,,,,,,,,,
2243A,09,,,,,,,,,,,
2243A,10,,,,,,,,,,,
2243A,11,,,,,,,,,,,
2243A,12,,,,,,,,,,,
2243A,13,,,,,,,,,,,
2276B,01,,,,,,,,,,,
2276B,02,,,,,,,,,,,
2276B,03,,,,,,,,,,,
2276B,04,,,,,,,,,,,
2276B,05,,,,,,,,,,,
2276B,06,,,,,,,,,,,
2276B,07,,,,,,,,,,,
2276B,08,,,,,,,,,,,
2276B,09,,,,,,,,,,,
2276B,10,,,,,,,,,,,
2276B,11,,,,,,,,,,,
2276B,12,,,,,,,,,,,
2276B,13,,,,,,,,,,,
2285B,01,,,,,,,,,,,
2285B,02,,,,,,,,,,,
2285B,03,,,,,,,,,,,
2285B,04,,,,,,,,,,,
2285B,05,,,,,,,,,,,
2285B,06,,,,,,,,,,,
2285B,07,,,,,,,,,,,
2285B,08,,,,,,,,,,,
2285B,09,,,,,,,,,,,
2285B,10,,,,,,,,,,,
2285B,11,,,,,,,,,,,
2285B,12,,,,,,,,,,,
2285B,13,,,,,,,,,,,
2290Y,01,,,,,,,,,,,
2290Y,02,,,,,,,,,,,
2290Y,03,,,,,,,,,,,
2290Y,04,,,,,,,,,,,
2290Y,05,,,,,,,,,,,
2290Y,06,,,,,,,,,,,
2290Y,07,,,,,,,,,,,
2290Y,08,,,,,,,,,,,
2290Y,09,,,,,,,,,,,
2290Y,10,,,,,,,,,,,
2290Y,11,,,,,,,,,,,
2290Y,12,,,,,,,,,,,
2290Y,13,,,,,,,,,,,
2296A,01,,,,,,,,,,,
2296A,02,,,,,,,,,,,
2296A,03,,,,,,,,,,,
2296A,04,,,,,,,,,,,
2296A,05,,,,,,,,,,,
2296A,06,,,,,,,,,,,
2296A,07,,,,,,,,,,,
2296A,08,,,,,,,,,,,
2296A,09,,,,,,,,,,,
2296A,10,,,,,,,,,,,
2296A,11,,,,,,,,,,,
2296A,12,,,,,,,,,,,
2296A,13,,,,,,,,,,,
2298,01,,,,,,,,,,,
2298,02,,,,,,,,,,,
2298,03,,,,,,,,,,,
2298,04,,,,,,,,,,,
2298,05,,,,,,,,,,,
2298,06,,,,,,,,,,,
2298,07,,,,,,,,,,,
2298,08,,,,,,,,,,,
2298,09,,,,,,,,,,,
2298,10,,,,,,,,,,,
2298,11,,,,,,,,,,,
2298,12,,,,,,,,,,,
2298,13,,,,,,,,,,,
2302N,01,,,,,,,,,,,
2302N,02,,,,,,,,,,,
2302N,03,,,,,,,,,,,
2302N,04,,,,,,,,,,,
2302N,05,,,,,,,,,,,
2302N,06,,,,,,,,,,,
2302N,07,,,,,,,,,,,
2302N,08,,,,,,,,,,,
2302N,09,,,,,,,,,,,
2302N,10,,,,,,,,,,,
2302N,11,,,,,,,,,,,
2302N,12,,,,,,,,,,,
2302N,13,,,,,,,,,,,
2311Y,01,,,,,,,,,,,
2311Y,02,,,,,,,,,,,
2311Y,03,,,,,,,,,,,
2311Y,04,,,,,,,,,,,
2311Y,05,,,,,,,,,,,
2311Y,06,,,,,,,,,,,
2311Y,07,,,,,,,,,,,
2311Y,08,,,,,,,,,,,
2311Y,09,,,,,,,,,,,
2311Y,10,,,,,,,,,,,
2311Y,11,,,,,,,,,,,
2311Y,12,,,,,,,,,,,
2311Y,13,,,,,,,,,,,
2331,01,,,,,,,,,,,
2331,02,,,,,,,,,,,
2331,03,,,,,,,,,,,
2331,04,,,,,,,,,,,
2331,05,,,,,,,,,,,
2331,06,,,,,,,,,,,
2331,07,,,,,,,,,,,
2331,08,,,,,,,,,,,
2331,09,,,,,,,,,,,
2331,10,,,,,,,,,,,
2331,11,,,,,,,,,,,
2331,12,,,,,,,,,,,
2331,13,,,,,,,,,,,
2362C,01,,,,,,,,,,,
2362C,02,,,,,,,,,,,
2362C,03,,,,,,,,,,,
2362C,04,,,,,,,,,,,
2362C,05,,,,,,,,,,,
2362C,06,,,,,,,,,,,
2362C,07,,,,,,,,,,,
2362C,08,,,,,,,,,,,
2362C,09,,,,,,,,,,,
2362C,10,,,,,,,,,,,
2362C,11,,,,,,,,,,,
2362C,12,,,,,,,,,,,
2362C,13,,,,,,,,,,,
2374X,01,,,,,,,,,,,
2374X,02,,,,,,,,,,,
2374X,03,,,,,,,,,,,
2374X,04,,,,,,,,,,,
2374X,05,,,,,,,,,,,
2374X,06,,,,,,,,,,,
2374X,07,,,,,,,,,,,
2374X,08,,,,,,,,,,,
2374X,09,,,,,,,,,,,
2374X,10,,,,,,,,,,,
2374X,11,,,,,,,,,,,
2374X,12,,,,,,,,,,,
2374X,13,,,,,,,,,,,
2400E,01,,,,,,,,,,,
2400E,02,,,,,,,,,,,
2400E,03,,,,,,,,,,,
2400E,04,,,,,,,,,,,
2400E,05,,,,,,,,,,,
2400E,06,,,,,,,,,,,
2400E,07,,,,,,,,,,,
2400E,08,,,,,,,,,,,
2400E,09,,,,,,,,,,,
2400E,10,,,,,,,,,,,
2400E,11,,,,,,,,,,,
2400E,12,,,,,,,,,,,
2400E,13,,,,,,,,,,,
2401,01,,,,,,,,,,,
2401,02,,,,,,,,,,,
2401,03,,,,,,,,,,,
2401,04,,,,,,,,,,,
2401,05,,,,,,,,,,,
2401,06,,,,,,,,,,,
2401,07,,,,,,,,,,,
2401,08,,,,,,,,,,,
2401,09,,,,,,,,,,,
2401,10,,,,,,,,,,,
2401,11,,,,,,,,,,,
2401,12,,,,,,,,,,,
2401,13,,,,,,,,,,,
2401X,01,,,,,,,,,,,
2401X,02,,,,,,,,,,,
2401X,03,,,,,,,,,,,
2401X,04,,,,,,,,,,,
2401X,05,,,,,,,,,,,
2401X,06,,,,,,,,,,,
2401X,07,,,,,,,,,,,
2401X,08,,,,,,,,,,,
2401X,09,,,,,,,,,,,
2401X,10,,,,,,,,,,,
2401X,11,,,,,,,,,,,
2401X,12,,,,,,,,,,,
2401X,13,,,,,,,,,,,
2422,01,,,,,,,,,,,
2422,02,,,,,,,,,,,
2422,03,,,,,,,,,,,
2422,04,,,,,,,,,,,
2422,05,,,,,,,,,,,
2422,06,,,,,,,,,,,
2422,07,,,,,,,,,,,
2422,08,,,,,,,,,,,
2422,09,,,,,,,,,,,
2422,10,,,,,,,,,,,
2422,11,,,,,,,,,,,
2422,12,,,,,,,,,,,
2422,13,,,,,,,,,,,
2430Y,01,,,,,,,,,,,
2430Y,02,,,,,,,,,,,
2430Y,03,,,,,,,,,,,
2430Y,04,,,,,,,,,,,
2430Y,05,,,,,,,,,,,
2430Y,06,,,,,,,,,,,
2430Y,07,,,,,,,,,,,
2430Y,08,,,,,,,,,,,
2430Y,09,,,,,,,,,,,
2430Y,10,,,,,,,,,,,
2430Y,11,,,,,,,,,,,
2430Y,12,,,,,,,,,,,
2430Y,13,,,,,,,,,,,
2444,01,,,,,,,,,,,
2444,02,,,,,,,,,,,
2444,03,,,,,,,,,,,
2444,04,,,,,,,,,,,
2444,05,,,,,,,,,,,
2444,06,,,,,,,,,,,
2444,07,,,,,,,,,,,
2444,08,,,,,,,,,,,
2444,09,,,,,,,,,,,
2444,10,,,,,,,,,,,
2444,11,,,,,,,,,,,
2444,12,,,,,,,,,,,
2444,13,,,,,,,,,,,
2444C,01,,,,,,,,,,,
2444C,02,,,,,,,,,,,
2444C,03,,,,,,,,,,,
2444C,04,,,,,,,,,,,
2444C,05,,,,,,,,,,,
2444C,06,,,,,,,,,,,
2444C,07,,,,,,,,,,,
2444C,08,,,,,,,,,,,
2444C,09,,,,,,,,,,,
2444C,10,,,,,,,,,,,
2444C,11,,,,,,,,,,,
2444C,12,,,,,,,,,,,
2444C,13,,,,,,,,,,,
2453E,01,,,,,,,,,,,
2453E,02,,,,,,,,,,,
2453E,03,,,,,,,,,,,
2453E,04,,,,,,,,,,,
2453E,05,,,,,,,,,,,
2453E,06,,,,,,,,,,,
2453E,07,,,,,,,,,,,
2453E,08,,,,,,,,,,,
2453E,09,,,,,,,,,,,
2453E,10,,,,,,,,,,,
2453E,11,,,,,,,,,,,
2453E,12,,,,,,,,,,,
2453E,13,,,,,,,,,,,
2456B,01,,,,,,,,,,,
2456B,02,,,,,,,,,,,
2456B,03,,,,,,,,,,,
2456B,04,,,,,,,,,,,
2456B,05,,,,,,,,,,,
2456B,06,,,,,,,,,,,
2456B,07,,,,,,,,,,,
2456B,08,,,,,,,,,,,
2456B,09,,,,,,,,,,,
2456B,10,,,,,,,,,,,
2456B,11,,,,,,,,,,,
2456B,12,,,,,,,,,,,
2456B,13,,,,,,,,,,,
2462,01,,,,,,,,,,,
2462,02,,,,,,,,,,,
2462,03,,,,,,,,,,,
2462,04,,,,,,,,,,,
2462,05,,,,,,,,,,,
2462,06,,,,,,,,,,,
2462,07,,,,,,,,,,,
2462,08,,,,,,,,,,,
2462,09,,,,,,,,,,,
2462,10,,,,,,,,,,,
2462,11,,,,,,,,,,,
2462,12,,,,,,,,,,,
2462,13,,,,,,,,,,,
2465,01,,,,,,,,,,,
2465,02,,,,,,,,,,,
2465,03,,,,,,,,,,,
2465,04,,,,,,,,,,,
2465,05,,,,,,,,,,,
2465,06,,,,,,,,,,,
2465,07,,,,,,,,,,,
2465,08,,,,,,,,,,,
2465,09,,,,,,,,,,,
2465,10,,,,,,,,,,,
2465,11,,,,,,,,,,,
2465,12,,,,,,,,,,,
2465,13,,,,,,,,,,,
2465A,01,,,,,,,,,,,
2465A,02,,,,,,,,,,,
2465A,03,,,,,,,,,,,
2465A,04,,,,,,,,,,,
2465A,05,,,,,,,,,,,
2465A,06,,,,,,,,,,,
2465A,07,,,,,,,,,,,
2465A,08,,,,,,,,,,,
2465A,09,,,,,,,,,,,
2465A,10,,,,,,,,,,,
2465A,11,,,,,,,,,,,
2465A,12,,,,,,,,,,,
2465A,13,,,,,,,,,,,
2471Y,01,,,,,,,,,,,
2471Y,02,,,,,,,,,,,
2471Y,03,,,,,,,,,,,
2471Y,04,,,,,,,,,,,
2471Y,05,,,,,,,,,,,
2471Y,06,,,,,,,,,,,
2471Y,07,,,,,,,,,,,
2471Y,08,,,,,,,,,,,
2471Y,09,,,,,,,,,,,
2471Y,10,,,,,,,,,,,
2471Y,11,,,,,,,,,,,
2471Y,12,,,,,,,,,,,
2471Y,13,,,,,,,,,,,
2482B,01,,,,,,,,,,,
2482B,02,,,,,,,,,,,
2482B,03,,,,,,,,,,,
2482B,04,,,,,,,,,,,
2482B,05,,,,,,,,,,,
2482B,06,,,,,,,,,,,
2482B,07,,,,,,,,,,,
2482B,08,,,,,,,,,,,
2482B,09,,,,,,,,,,,
2482B,10,,,,,,,,,,,
2482B,11,,,,,,,,,,,
2482B,12,,,,,,,,,,,
2482B,13,,,,,,,,,,,
2491C,01,,,,,,,,,,,
2491C,02,,,,,,,,,,,
2491C,03,,,,,,,,,,,
2491C,04,,,,,,,,,,,
2491C,05,,,,,,,,,,,
2491C,06,,,,,,,,,,,
2491C,07,,,,,,,,,,,
2491C,08,,,,,,,,,,,
2491C,09,,,,,,,,,,,
2491C,10,,,,,,,,,,,
2491C,11,,,,,,,,,,,
2491C,12,,,,,,,,,,,
2491C,13,,,,,,,,,,,
2503B,01,,,,,,,,,,,
2503B,02,,,,,,,,,,,
2503B,03,,,,,,,,,,,
2503B,04,,,,,,,,,,,
2503B,05,,,,,,,,,,,
2503B,06,,,,,,,,,,,
2503B,07,,,,,,,,,,,
2503B,08,,,,,,,,,,,
2503B,09,,,,,,,,,,,
2503B,10,,,,,,,,,,,
2503B,11,,,,,,,,,,,
2503B,12,,,,,,,,,,,
2503B,13,,,,,,,,,,,
2503X,01,,,,,,,,,,,
2503X,02,,,,,,,,,,,
2503X,03,,,,,,,,,,,
2503X,04,,,,,,,,,,,
2503X,05,,,,,,,,,,,
2503X,06,,,,,,,,,,,
2503X,07,,,,,,,,,,,
2503X,08,,,,,,,,,,,
2503X,09,,,,,,,,,,,
2503X,10,,,,,,,,,,,
2503X,11,,,,,,,,,,,
2503X,12,,,,,,,,,,,
2503X,13,,,,,,,,,,,
2507Y,01,,,,,,,,,,,
2507Y,02,,,,,,,,,,,
2507Y,03,,,,,,,,,,,
2507Y,04,,,,,,,,,,,
2507Y,05,,,,,,,,,,,
2507Y,06,,,,,,,,,,,
2507Y,07,,,,,,,,,,,
2507Y,08,,,,,,,,,,,
2507Y,09,,,,,,,,,,,
2507Y,10,,,,,,,,,,,
2507Y,11,,,,,,,,,,,
2507Y,12,,,,,,,,,,,
2507Y,13,,,,,,,,,,,
2512Y,01,,,,,,,,,,,
2512Y,02,,,,,,,,,,,
2512Y,03,,,,,,,,,,,
2512Y,04,,,,,,,,,,,
2512Y,05,,,,,,,,,,,
2512Y,06,,,,,,,,,,,
2512Y,07,,,,,,,,,,,
2512Y,08,,,,,,,,,,,
2512Y,09,,,,,,,,,,,
2512Y,10,,,,,,,,,,,
2512Y,11,,,,,,,,,,,
2512Y,12,,,,,,,,,,,
2512Y,13,,,,,,,,,,,
2517A,01,,,,,,,,,,,
2517A,02,,,,,,,,,,,
2517A,03,,,,,,,,,,,
2517A,04,,,,,,,,,,,
2517A,05,,,,,,,,,,,
2517A,06,,,,,,,,,,,
2517A,07,,,,,,,,,,,
2517A,08,,,,,,,,,,,
2517A,09,,,,,,,,,,,
2517A,10,,,,,,,,,,,
2517A,11,,,,,,,,,,,
2517A,12,,,,,,,,,,,
2517A,13,,,,,,,,,,,
2536D,01,,,,,,,,,,,
2536D,02,,,,,,,,,,,
2536D,03,,,,,,,,,,,
2536D,04,,,,,,,,,,,
2536D,05,,,,,,,,,,,
2536D,06,,,,,,,,,,,
2536D,07,,,,,,,,,,,
2536D,08,,,,,,,,,,,
2536D,09,,,,,,,,,,,
2536D,10,,,,,,,,,,,
2536D,11,,,,,,,,,,,
2536D,12,,,,,,,,,,,
2536D,13,,,,,,,,,,,
2539,01,,,,,,,,,,,
2539,02,,,,,,,,,,,
2539,03,,,,,,,,,,,
2539,04,,,,,,,,,,,
2539,05,,,,,,,,,,,
2539,06,,,,,,,,,,,
2539,07,,,,,,,,,,,
2539,08,,,,,,,,,,,
2539,09,,,,,,,,,,,
2539,10,,,,,,,,,,,
2539,11,,,,,,,,,,,
2539,12,,,,,,,,,,,
2539,13,,,,,,,,,,,
2555B,01,,,,,,,,,,,
2555B,02,,,,,,,,,,,
2555B,03,,,,,,,,,,,
2555B,04,,,,,,,,,,,
2555B,05,,,,,,,,,,,
2555B,06,,,,,,,,,,,
2555B,07,,,,,,,,,,,
2555B,08,,,,,,,,,,,
2555B,09,,,,,,,,,,,
2555B,10,,,,,,,,,,,
2555B,11,,,,,,,,,,,
2555B,12,,,,,,,,,,,
2555B,13,,,,,,,,,,,
2565,01,,,,,,,,,,,
2565,02,,,,,,,,,,,
2565,03,,,,,,,,,,,
2565,04,,,,,,,,,,,
2565,05,,,,,,,,,,,
2565,06,,,,,,,,,,,
2565,07,,,,,,,,,,,
2565,08,,,,,,,,,,,
2565,09,,,,,,,,,,,
2565,10,,,,,,,,,,,
2565,11,,,,,,,,,,,
2565,12,,,,,,,,,,,
2565,13,,,,,,,,,,,
2568D,01,,,,,,,,,,,
2568D,02,,,,,,,,,,,
2568D,03,,,,,,,,,,,
2568D,04,,,,,,,,,,,
2568D,05,,,,,,,,,,,
2568D,06,,,,,,,,,,,
2568D,07,,,,,,,,,,,
2568D,08,,,,,,,,,,,
2568D,09,,,,,,,,,,,
2568D,10,,,,,,,,,,,
2568D,11,,,,,,,,,,,
2568D,12,,,,,,,,,,,
2568D,13,,,,,,,,,,,
2593D,01,,,,,,,,,,,
2593D,02,,,,,,,,,,,
2593D,03,,,,,,,,,,,
2593D,04,,,,,,,,,,,
2593D,05,,,,,,,,,,,
2593D,06,,,,,,,,,,,
2593D,07,,,,,,,,,,,
2593D,08,,,,,,,,,,,
2593D,09,,,,,,,,,,,
2593D,10,,,,,,,,,,,
2593D,11,,,,,,,,,,,
2593D,12,,,,,,,,,,,
2593D,13,,,,,,,,,,,
2604B,01,,,,,,,,,,,
2604B,02,,,,,,,,,,,
2604B,03,,,,,,,,,,,
2604B,04,,,,,,,,,,,
2604B,05,,,,,,,,,,,
2604B,06,,,,,,,,,,,
2604B,07,,,,,,,,,,,
2604B,08,,,,,,,,,,,
2604B,09,,,,,,,,,,,
2604B,10,,,,,,,,,,,
2604B,11,,,,,,,,,,,
2604B,12,,,,,,,,,,,
2604B,13,,,,,,,,,,,
2611D,01,,,,,,,,,,,
2611D,02,,,,,,,,,,,
2611D,03,,,,,,,,,,,
2611D,04,,,,,,,,,,,
2611D,05,,,,,,,,,,,
2611D,06,,,,,,,,,,,
2611D,07,,,,,,,,,,,
2611D,08,,,,,,,,,,,
2611D,09,,,,,,,,,,,
2611D,10,,,,,,,,,,,
2611D,11,,,,,,,,,,,
2611D,12,,,,,,,,,,,
2611D,13,,,,,,,,,,,
2614,01,,,,,,,,,,,
2614,02,,,,,,,,,,,
2614,03,,,,,,,,,,,
2614,04,,,,,,,,,,,
2614,05,,,,,,,,,,,
2614,06,,,,,,,,,,,
2614,07,,,,,,,,,,,
2614,08,,,,,,,,,,,
2614,09,,,,,,,,,,,
2614,10,,,,,,,,,,,
2614,11,,,,,,,,,,,
2614,12,,,,,,,,,,,
2614,13,,,,,,,,,,,
2624C,01,,,,,,,,,,,
2624C,02,,,,,,,,,,,
2624C,03,,,,,,,,,,,
2624C,04,,,,,,,,,,,
2624C,05,,,,,,,,,,,
2624C,06,,,,,,,,,,,
2624C,07,,,,,,,,,,,
2624C,08,,,,,,,,,,,
2624C,09,,,,,,,,,,,
2624C,10,,,,,,,,,,,
2624C,11,,,,,,,,,,,
2624C,12,,,,,,,,,,,
2624C,13,,,,,,,,,,,
2626Y,01,,,,,,,,,,,
2626Y,02,,,,,,,,,,,
2626Y,03,,,,,,,,,,,
2626Y,04,,,,,,,,,,,
2626Y,05,,,,,,,,,,,
2626Y,06,,,,,,,,,,,
2626Y,07,,,,,,,,,,,
2626Y,08,,,,,,,,,,,
2626Y,09,,,,,,,,,,,
2626Y,10,,,,,,,,,,,
2626Y,11,,,,,,,,,,,
2626Y,12,,,,,,,,,,,
2626Y,13,,,,,,,,,,,
2630X,01,,,,,,,,,,,
2630X,02,,,,,,,,,,,
2630X,03,,,,,,,,,,,
2630X,04,,,,,,,,,,,
2630X,05,,,,,,,,,,,
2630X,06,,,,,,,,,,,
2630X,07,,,,,,,,,,,
2630X,08,,,,,,,,,,,
2630X,09,,,,,,,,,,,
2630X,10,,,,,,,,,,,
2630X,11,,,,,,,,,,,
2630X,12,,,,,,,,,,,
2630X,13,,,,,,,,,,,
2661,01,,,,,,,,,,,
2661,02,,,,,,,,,,,
2661,03,,,,,,,,,,,
2661,04,,,,,,,,,,,
2661,05,,,,,,,,,,,
2661,06,,,,,,,,,,,
2661,07,,,,,,,,,,,
2661,08,,,,,,,,,,,
2661,09,,,,,,,,,,,
2661,10,,,,,,,,,,,
2661,11,,,,,,,,,,,
2661,12,,,,,,,,,,,
2661,13,,,,,,,,,,,
2661B,01,,,,,,,,,,,
2661B,02,,,,,,,,,,,
2661B,03,,,,,,,,,,,
2661B,04,,,,,,,,,,,
2661B,05,,,,,,,,,,,
2661B,06,,,,,,,,,,,
2661B,07,,,,,,,,,,,
2661B,08,,,,,,,,,,,
2661B,09,,,,,,,,,,,
2661B,10,,,,,,,,,,,
2661B,11,,,,,,,,,,,
2661B,12,,,,,,,,,,,
2661B,13,,,,,,,,,,,
2664B,01,,,,,,,,,,,
2664B,02,,,,,,,,,,,
2664B,03,,,,,,,,,,,
2664B,04,,,,,,,,,,,
2664B,05,,,,,,,,,,,
2664B,06,,,,,,,,,,,
2664B,07,,,,,,,,,,,
2664B,08,,,,,,,,,,,
2664B,09,,,,,,,,,,,
2664B,10,,,,,,,,,,,
2664B,11,,,,,,,,,,,
2664B,12,,,,,,,,,,,
2664B,13,,,,,,,,,,,
2701D,01,,,,,,,,,,,
2701D,02,,,,,,,,,,,
2701D,03,,,,,,,,,,,
2701D,04,,,,,,,,,,,
2701D,05,,,,,,,,,,,
2701D,06,,,,,,,,,,,
2701D,07,,,,,,,,,,,
2701D,08,,,,,,,,,,,
2701D,09,,,,,,,,,,,
2701D,10,,,,,,,,,,,
2701D,11,,,,,,,,,,,
2701D,12,,,,,,,,,,,
2701D,13,,,,,,,,,,,
2728B,01,,,,,,,,,,,
2728B,02,,,,,,,,,,,
2728B,03,,,,,,,,,,,
2728B,04,,,,,,,,,,,
2728B,05,,,,,,,,,,,
2728B,06,,,,,,,,,,,
2728B,07,,,,,,,,,,,
2728B,08,,,,,,,,,,,
2728B,09,,,,,,,,,,,
2728B,10,,,,,,,,,,,
2728B,11,,,,,,,,,,,
2728B,12,,,,,,,,,,,
2728B,13,,,,,,,,,,,
2734D,01,,,,,,,,,,,
2734D,02,,,,,,,,,,,
2734D,03,,,,,,,,,,,
2734D,04,,,,,,,,,,,
2734D,05,,,,,,,,,,,
2734D,06,,,,,,,,,,,
2734D,07,,,,,,,,,,,
2734D,08,,,,,,,,,,,
2734D,09,,,,,,,,,,,
2734D,10,,,,,,,,,,,
2734D,11,,,,,,,,,,,
2734D,12,,,,,,,,,,,
2734D,13,,,,,,,,,,,
2737E,01,,,,,,,,,,,
2737E,02,,,,,,,,,,,
2737E,03,,,,,,,,,,,
2737E,04,,,,,,,,,,,
2737E,05,,,,,,,,,,,
2737E,06,,,,,,,,,,,
2737E,07,,,,,,,,,,,
2737E,08,,,,,,,,,,,
2737E,09,,,,,,,,,,,
2737E,10,,,,,,,,,,,
2737E,11,,,,,,,,,,,
2737E,12,,,,,,,,,,,
2737E,13,,,,,,,,,,,
2742R,01,,,,,,,,,,,
2742R,02,,,,,,,,,,,
2742R,03,,,,,,,,,,,
2742R,04,,,,,,,,,,,
2742R,05,,,,,,,,,,,
2742R,06,,,,,,,,,,,
2742R,07,,,,,,,,,,,
2742R,08,,,,,,,,,,,
2742R,09,,,,,,,,,,,
2742R,10,,,,,,,,,,,
2742R,11,,,,,,,,,,,
2742R,12,,,,,,,,,,,
2742R,13,,,,,,,,,,,
2755X,01,,,,,,,,,,,
2755X,02,,,,,,,,,,,
2755X,03,,,,,,,,,,,
2755X,04,,,,,,,,,,,
2755X,05,,,,,,,,,,,
2755X,06,,,,,,,,,,,
2755X,07,,,,,,,,,,,
2755X,08,,,,,,,,,,,
2755X,09,,,,,,,,,,,
2755X,10,,,,,,,,,,,
2755X,11,,,,,,,,,,,
2755X,12,,,,,,,,,,,
2755X,13,,,,,,,,,,,
2766E,01,,,,,,,,,,,
2766E,02,,,,,,,,,,,
2766E,03,,,,,,,,,,,
2766E,04,,,,,,,,,,,
2766E,05,,,,,,,,,,,
2766E,06,,,,,,,,,,,
2766E,07,,,,,,,,,,,
2766E,08,,,,,,,,,,,
2766E,09,,,,,,,,,,,
2766E,10,,,,,,,,,,,
2766E,11,,,,,,,,,,,
2766E,12,,,,,,,,,,,
2766E,13,,,,,,,,,,,
2775X,01,,,,,,,,,,,
2775X,02,,,,,,,,,,,
2775X,03,,,,,,,,,,,
2775X,04,,,,,,,,,,,
2775X,05,,,,,,,,,,,
2775X,06,,,,,,,,,,,
2775X,07,,,,,,,,,,,
2775X,08,,,,,,,,,,,
2775X,09,,,,,,,,,,,
2775X,10,,,,,,,,,,,
2775X,11,,,,,,,,,,,
2775X,12,,,,,,,,,,,
2775X,13,,,,,,,,,,,
2777K,01,,,,,,,,,,,
2777K,02,,,,,,,,,,,
2777K,03,,,,,,,,,,,
2777K,04,,,,,,,,,,,
2777K,05,,,,,,,,,,,
2777K,06,,,,,,,,,,,
2777K,07,,,,,,,,,,,
2777K,08,,,,,,,,,,,
2777K,09,,,,,,,,,,,
2777K,10,,,,,,,,,,,
2777K,11,,,,,,,,,,,
2777K,12,,,,,,,,,,,
2777K,13,,,,,,,,,,,
2789H,01,,,,,,,,,,,
2789H,02,,,,,,,,,,,
2789H,03,,,,,,,,,,,
2789H,04,,,,,,,,,,,
2789H,05,,,,,,,,,,,
2789H,06,,,,,,,,,,,
2789H,07,,,,,,,,,,,
2789H,08,,,,,,,,,,,
2789H,09,,,,,,,,,,,
2789H,10,,,,,,,,,,,
2789H,11,,,,,,,,,,,
2789H,12,,,,,,,,,,,
2789H,13,,,,,,,,,,,
2804F,01,,,,,,,,,,,
2804F,02,,,,,,,,,,,
2804F,03,,,,,,,,,,,
2804F,04,,,,,,,,,,,
2804F,05,,,,,,,,,,,
2804F,06,,,,,,,,,,,
2804F,07,,,,,,,,,,,
2804F,08,,,,,,,,,,,
2804F,09,,,,,,,,,,,
2804F,10,,,,,,,,,,,
2804F,11,,,,,,,,,,,
2804F,12,,,,,,,,,,,
2804F,13,,,,,,,,,,,
2811A,01,,,,,,,,,,,
2811A,02,,,,,,,,,,,
2811A,03,,,,,,,,,,,
2811A,04,,,,,,,,,,,
2811A,05,,,,,,,,,,,
2811A,06,,,,,,,,,,,
2811A,07,,,,,,,,,,,
2811A,08,,,,,,,,,,,
2811A,09,,,,,,,,,,,
2811A,10,,,,,,,,,,,
2811A,11,,,,,,,,,,,
2811A,12,,,,,,,,,,,
2811A,13,,,,,,,,,,,
2828Y,01,,,,,,,,,,,
2828Y,02,,,,,,,,,,,
2828Y,03,,,,,,,,,,,
2828Y,04,,,,,,,,,,,
2828Y,05,,,,,,,,,,,
2828Y,06,,,,,,,,,,,
2828Y,07,,,,,,,,,,,
2828Y,08,,,,,,,,,,,
2828Y,09,,,,,,,,,,,
2828Y,10,,,,,,,,,,,
2828Y,11,,,,,,,,,,,
2828Y,12,,,,,,,,,,,
2828Y,13,,,,,,,,,,,
2847X,01,,,,,,,,,,,
2847X,02,,,,,,,,,,,
2847X,03,,,,,,,,,,,
2847X,04,,,,,,,,,,,
2847X,05,,,,,,,,,,,
2847X,06,,,,,,,,,,,
2847X,07,,,,,,,,,,,
2847X,08,,,,,,,,,,,
2847X,09,,,,,,,,,,,
2847X,10,,,,,,,,,,,
2847X,11,,,,,,,,,,,
2847X,12,,,,,,,,,,,
2847X,13,,,,,,,,,,,
2863C,01,,,,,,,,,,,
2863C,02,,,,,,,,,,,
2863C,03,,,,,,,,,,,
2863C,04,,,,,,,,,,,
2863C,05,,,,,,,,,,,
2863C,06,,,,,,,,,,,
2863C,07,,,,,,,,,,,
2863C,08,,,,,,,,,,,
2863C,09,,,,,,,,,,,
2863C,10,,,,,,,,,,,
2863C,11,,,,,,,,,,,
2863C,12,,,,,,,,,,,
2863C,13,,,,,,,,,,,
2867,01,,,,,,,,,,,
2867,02,,,,,,,,,,,
2867,03,,,,,,,,,,,
2867,04,,,,,,,,,,,
2867,05,,,,,,,,,,,
2867,06,,,,,,,,,,,
2867,07,,,,,,,,,,,
2867,08,,,,,,,,,,,
2867,09,,,,,,,,,,,
2867,10,,,,,,,,,,,
2867,11,,,,,,,,,,,
2867,12,,,,,,,,,,,
2867,13,,,,,,,,,,,
2870,01,,,,,,,,,,,
2870,02,,,,,,,,,,,
2870,03,,,,,,,,,,,
2870,04,,,,,,,,,,,
2870,05,,,,,,,,,,,
2870,06,,,,,,,,,,,
2870,07,,,,,,,,,,,
2870,08,,,,,,,,,,,
2870,09,,,,,,,,,,,
2870,10,,,,,,,,,,,
2870,11,,,,,,,,,,,
2870,12,,,,,,,,,,,
2870,13,,,,,,,,,,,
2873X,01,,,,,,,,,,,
2873X,02,,,,,,,,,,,
2873X,03,,,,,,,,,,,
2873X,04,,,,,,,,,,,
2873X,05,,,,,,,,,,,
2873X,06,,,,,,,,,,,
2873X,07,,,,,,,,,,,
2873X,08,,,,,,,,,,,
2873X,09,,,,,,,,,,,
2873X,10,,,,,,,,,,,
2873X,11,,,,,,,,,,,
2873X,12,,,,,,,,,,,
2873X,13,,,,,,,,,,,
2882D,01,,,,,,,,,,,
2882D,02,,,,,,,,,,,
2882D,03,,,,,,,,,,,
2882D,04,,,,,,,,,,,
2882D,05,,,,,,,,,,,
2882D,06,,,,,,,,,,,
2882D,07,,,,,,,,,,,
2882D,08,,,,,,,,,,,
2882D,09,,,,,,,,,,,
2882D,10,,,,,,,,,,,
2882D,11,,,,,,,,,,,
2882D,12,,,,,,,,,,,
2882D,13,,,,,,,,,,,
2885K,01,,,,,,,,,,,
2885K,02,,,,,,,,,,,
2885K,03,,,,,,,,,,,
2885K,04,,,,,,,,,,,
2885K,05,,,,,,,,,,,
2885K,06,,,,,,,,,,,
2885K,07,,,,,,,,,,,
2885K,08,,,,,,,,,,,
2885K,09,,,,,,,,,,,
2885K,10,,,,,,,,,,,
2885K,11,,,,,,,,,,,
2885K,12,,,,,,,,,,,
2885K,13,,,,,,,,,,,
2891A,01,,,,,,,,,,,
2891A,02,,,,,,,,,,,
2891A,03,,,,,,,,,,,
2891A,04,,,,,,,,,,,
2891A,05,,,,,,,,,,,
2891A,06,,,,,,,,,,,
2891A,07,,,,,,,,,,,
2891A,08,,,,,,,,,,,
2891A,09,,,,,,,,,,,
2891A,10,,,,,,,,,,,
2891A,11,,,,,,,,,,,
2891A,12,,,,,,,,,,,
2891A,13,,,,,,,,,,,
2914C,01,,,,,,,,,,,
2914C,02,,,,,,,,,,,
2914C,03,,,,,,,,,,,
2914C,04,,,,,,,,,,,
2914C,05,,,,,,,,,,,
2914C,06,,,,,,,,,,,
2914C,07,,,,,,,,,,,
2914C,08,,,,,,,,,,,
2914C,09,,,,,,,,,,,
2914C,10,,,,,,,,,,,
2914C,11,,,,,,,,,,,
2914C,12,,,,,,,,,,,
2914C,13,,,,,,,,,,,
2916A,01,,,,,,,,,,,
2916A,02,,,,,,,,,,,
2916A,03,,,,,,,,,,,
2916A,04,,,,,,,,,,,
2916A,05,,,,,,,,,,,
2916A,06,,,,,,,,,,,
2916A,07,,,,,,,,,,,
2916A,08,,,,,,,,,,,
2916A,09,,,,,,,,,,,
2916A,10,,,,,,,,,,,
2916A,11,,,,,,,,,,,
2916A,12,,,,,,,,,,,
2916A,13,,,,,,,,,,,
2918Y,01,,,,,,,,,,,
2918Y,02,,,,,,,,,,,
2918Y,03,,,,,,,,,,,
2918Y,04,,,,,,,,,,,
2918Y,05,,,,,,,,,,,
2918Y,06,,,,,,,,,,,
2918Y,07,,,,,,,,,,,
2918Y,08,,,,,,,,,,,
2918Y,09,,,,,,,,,,,
2918Y,10,,,,,,,,,,,
2918Y,11,,,,,,,,,,,
2918Y,12,,,,,,,,,,,
2918Y,13,,,,,,,,,,,
2926B,01,,,,,,,,,,,
2926B,02,,,,,,,,,,,
2926B,03,,,,,,,,,,,
2926B,04,,,,,,,,,,,
2926B,05,,,,,,,,,,,
2926B,06,,,,,,,,,,,
2926B,07,,,,,,,,,,,
2926B,08,,,,,,,,,,,
2926B,09,,,,,,,,,,,
2926B,10,,,,,,,,,,,
2926B,11,,,,,,,,,,,
2926B,12,,,,,,,,,,,
2926B,13,,,,,,,,,,,
2930Y,01,,,,,,,,,,,
2930Y,02,,,,,,,,,,,
2930Y,03,,,,,,,,,,,
2930Y,04,,,,,,,,,,,
2930Y,05,,,,,,,,,,,
2930Y,06,,,,,,,,,,,
2930Y,07,,,,,,,,,,,
2930Y,08,,,,,,,,,,,
2930Y,09,,,,,,,,,,,
2930Y,10,,,,,,,,,,,
2930Y,11,,,,,,,,,,,
2930Y,12,,,,,,,,,,,
2930Y,13,,,,,,,,,,,
2945A,01,,,,,,,,,,,
2945A,02,,,,,,,,,,,
2945A,03,,,,,,,,,,,
2945A,04,,,,,,,,,,,
2945A,05,,,,,,,,,,,
2945A,06,,,,,,,,,,,
2945A,07,,,,,,,,,,,
2945A,08,,,,,,,,,,,
2945A,09,,,,,,,,,,,
2945A,10,,,,,,,,,,,
2945A,11,,,,,,,,,,,
2945A,12,,,,,,,,,,,
2945A,13,,,,,,,,,,,
2946X,01,,,,,,,,,,,
2946X,02,,,,,,,,,,,
2946X,03,,,,,,,,,,,
2946X,04,,,,,,,,,,,
2946X,05,,,,,,,,,,,
2946X,06,,,,,,,,,,,
2946X,07,,,,,,,,,,,
2946X,08,,,,,,,,,,,
2946X,09,,,,,,,,,,,
2946X,10,,,,,,,,,,,
2946X,11,,,,,,,,,,,
2946X,12,,,,,,,,,,,
2946X,13,,,,,,,,,,,
2966D,01,,,,,,,,,,,
2966D,02,,,,,,,,,,,
2966D,03,,,,,,,,,,,
2966D,04,,,,,,,,,,,
2966D,05,,,,,,,,,,,
2966D,06,,,,,,,,,,,
2966D,07,,,,,,,,,,,
2966D,08,,,,,,,,,,,
2966D,09,,,,,,,,,,,
2966D,10,,,,,,,,,,,
2966D,11,,,,,,,,,,,
2966D,12,,,,,,,,,,,
2966D,13,,,,,,,,,,,
2969U,01,,,,,,,,,,,
2969U,02,,,,,,,,,,,
2969U,03,,,,,,,,,,,
2969U,04,,,,,,,,,,,
2969U,05,,,,,,,,,,,
2969U,06,,,,,,,,,,,
2969U,07,,,,,,,,,,,
2969U,08,,,,,,,,,,,
2969U,09,,,,,,,,,,,
2969U,10,,,,,,,,,,,
2969U,11,,,,,,,,,,,
2969U,12,,,,,,,,,,,
2969U,13,,,,,,,,,,,
2978X,01,,,,,,,,,,,
2978X,02,,,,,,,,,,,
2978X,03,,,,,,,,,,,
2978X,04,,,,,,,,,,,
2978X,05,,,,,,,,,,,
2978X,06,,,,,,,,,,,
2978X,07,,,,,,,,,,,
2978X,08,,,,,,,,,,,
2978X,09,,,,,,,,,,,
2978X,10,,,,,,,,,,,
2978X,11,,,,,,,,,,,
2978X,12,,,,,,,,,,,
2978X,13,,,,,,,,,,,
3013,01,,,,,,,,,,,
3013,02,,,,,,,,,,,
3013,03,,,,,,,,,,,
3013,04,,,,,,,,,,,
3013,05,,,,,,,,,,,
3013,06,,,,,,,,,,,
3013,07,,,,,,,,,,,
3013,08,,,,,,,,,,,
3013,09,,,,,,,,,,,
3013,10,,,,,,,,,,,
3013,11,,,,,,,,,,,
3013,12,,,,,,,,,,,
3013,13,,,,,,,,,,,
3021Y,01,,,,,,,,,,,
3021Y,02,,,,,,,,,,,
3021Y,03,,,,,,,,,,,
3021Y,04,,,,,,,,,,,
3021Y,05,,,,,,,,,,,
3021Y,06,,,,,,,,,,,
3021Y,07,,,,,,,,,,,
3021Y,08,,,,,,,,,,,
3021Y,09,,,,,,,,,,,
3021Y,10,,,,,,,,,,,
3021Y,11,,,,,,,,,,,
3021Y,12,,,,,,,,,,,
3021Y,13,,,,,,,,,,,
3040Y,01,,,,,,,,,,,
3040Y,02,,,,,,,,,,,
3040Y,03,,,,,,,,,,,
3040Y,04,,,,,,,,,,,
3040Y,05,,,,,,,,,,,
3040Y,06,,,,,,,,,,,
3040Y,07,,,,,,,,,,,
3040Y,08,,,,,,,,,,,
3040Y,09,,,,,,,,,,,
3040Y,10,,,,,,,,,,,
3040Y,11,,,,,,,,,,,
3040Y,12,,,,,,,,,,,
3040Y,13,,,,,,,,,,,
3044X,01,,,,,,,,,,,
3044X,02,,,,,,,,,,,
3044X,03,,,,,,,,,,,
3044X,04,,,,,,,,,,,
3044X,05,,,,,,,,,,,
3044X,06,,,,,,,,,,,
3044X,07,,,,,,,,,,,
3044X,08,,,,,,,,,,,
3044X,09,,,,,,,,,,,
3044X,10,,,,,,,,,,,
3044X,11,,,,,,,,,,,
3044X,12,,,,,,,,,,,
3044X,13,,,,,,,,,,,
3085Y,01,,,,,,,,,,,
3085Y,02,,,,,,,,,,,
3085Y,03,,,,,,,,,,,
3085Y,04,,,,,,,,,,,
3085Y,05,,,,,,,,,,,
3085Y,06,,,,,,,,,,,
3085Y,07,,,,,,,,,,,
3085Y,08,,,,,,,,,,,
3085Y,09,,,,,,,,,,,
3085Y,10,,,,,,,,,,,
3085Y,11,,,,,,,,,,,
3085Y,12,,,,,,,,,,,
3085Y,13,,,,,,,,,,,
3094B,01,,,,,,,,,,,
3094B,02,,,,,,,,,,,
3094B,03,,,,,,,,,,,
3094B,04,,,,,,,,,,,
3094B,05,,,,,,,,,,,
3094B,06,,,,,,,,,,,
3094B,07,,,,,,,,,,,
3094B,08,,,,,,,,,,,
3094B,09,,,,,,,,,,,
3094B,10,,,,,,,,,,,
3094B,11,,,,,,,,,,,
3094B,12,,,,,,,,,,,
3094B,13,,,,,,,,,,,
3099Y,01,,,,,,,,,,,
3099Y,02,,,,,,,,,,,
3099Y,03,,,,,,,,,,,
3099Y,04,,,,,,,,,,,
3099Y,05,,,,,,,,,,,
3099Y,06,,,,,,,,,,,
3099Y,07,,,,,,,,,,,
3099Y,08,,,,,,,,,,,
3099Y,09,,,,,,,,,,,
3099Y,10,,,,,,,,,,,
3099Y,11,,,,,,,,,,,
3099Y,12,,,,,,,,,,,
3099Y,13,,,,,,,,,,,
3100B,01,,,,,,,,,,,
3100B,02,,,,,,,,,,,
3100B,03,,,,,,,,,,,
3100B,04,,,,,,,,,,,
3100B,05,,,,,,,,,,,
3100B,06,,,,,,,,,,,
3100B,07,,,,,,,,,,,
3100B,08,,,,,,,,,,,
3100B,09,,,,,,,,,,,
3100B,10,,,,,,,,,,,
3100B,11,,,,,,,,,,,
3100B,12,,,,,,,,,,,
3100B,13,,,,,,,,,,,
3103,01,,,,,,,,,,,
3103,02,,,,,,,,,,,
3103,03,,,,,,,,,,,
3103,04,,,,,,,,,,,
3103,05,,,,,,,,,,,
3103,06,,,,,,,,,,,
3103,07,,,,,,,,,,,
3103,08,,,,,,,,,,,
3103,09,,,,,,,,,,,
3103,10,,,,,,,,,,,
3103,11,,,,,,,,,,,
3103,12,,,,,,,,,,,
3103,13,,,,,,,,,,,
3104Y,01,,,,,,,,,,,
3104Y,02,,,,,,,,,,,
3104Y,03,,,,,,,,,,,
3104Y,04,,,,,,,,,,,
3104Y,05,,,,,,,,,,,
3104Y,06,,,,,,,,,,,
3104Y,07,,,,,,,,,,,
3104Y,08,,,,,,,,,,,
3104Y,09,,,,,,,,,,,
3104Y,10,,,,,,,,,,,
3104Y,11,,,,,,,,,,,
3104Y,12,,,,,,,,,,,
3104Y,13,,,,,,,,,,,
3110C,01,,,,,,,,,,,
3110C,02,,,,,,,,,,,
3110C,03,,,,,,,,,,,
3110C,04,,,,,,,,,,,
3110C,05,,,,,,,,,,,
3110C,06,,,,,,,,,,,
3110C,07,,,,,,,,,,,
3110C,08,,,,,,,,,,,
3110C,09,,,,,,,,,,,
3110C,10,,,,,,,,,,,
3110C,11,,,,,,,,,,,
3110C,12,,,,,,,,,,,
3110C,13,,,,,,,,,,,
3111D,01,,,,,,,,,,,
3111D,02,,,,,,,,,,,
3111D,03,,,,,,,,,,,
3111D,04,,,,,,,,,,,
3111D,05,,,,,,,,,,,
3111D,06,,,,,,,,,,,
3111D,07,,,,,,,,,,,
3111D,08,,,,,,,,,,,
3111D,09,,,,,,,,,,,
3111D,10,,,,,,,,,,,
3111D,11,,,,,,,,,,,
3111D,12,,,,,,,,,,,
3111D,13,,,,,,,,,,,
3125Y,01,,,,,,,,,,,
3125Y,02,,,,,,,,,,,
3125Y,03,,,,,,,,,,,
3125Y,04,,,,,,,,,,,
3125Y,05,,,,,,,,,,,
3125Y,06,,,,,,,,,,,
3125Y,07,,,,,,,,,,,
3125Y,08,,,,,,,,,,,
3125Y,09,,,,,,,,,,,
3125Y,10,,,,,,,,,,,
3125Y,11,,,,,,,,,,,
3125Y,12,,,,,,,,,,,
3125Y,13,,,,,,,,,,,
3126Y,01,,,,,,,,,,,
3126Y,02,,,,,,,,,,,
3126Y,03,,,,,,,,,,,
3126Y,04,,,,,,,,,,,
3126Y,05,,,,,,,,,,,
3126Y,06,,,,,,,,,,,
3126Y,07,,,,,,,,,,,
3126Y,08,,,,,,,,,,,
3126Y,09,,,,,,,,,,,
3126Y,10,,,,,,,,,,,
3126Y,11,,,,,,,,,,,
3126Y,12,,,,,,,,,,,
3126Y,13,,,,,,,,,,,
3129,01,,,,,,,,,,,
3129,02,,,,,,,,,,,
3129,03,,,,,,,,,,,
3129,04,,,,,,,,,,,
3129,05,,,,,,,,,,,
3129,06,,,,,,,,,,,
3129,07,,,,,,,,,,,
3129,08,,,,,,,,,,,
3129,09,,,,,,,,,,,
3129,10,,,,,,,,,,,
3129,11,,,,,,,,,,,
3129,12,,,,,,,,,,,
3129,13,,,,,,,,,,,
3130C,01,,,,,,,,,,,
3130C,02,,,,,,,,,,,
3130C,03,,,,,,,,,,,
3130C,04,,,,,,,,,,,
3130C,05,,,,,,,,,,,
3130C,06,,,,,,,,,,,
3130C,07,,,,,,,,,,,
3130C,08,,,,,,,,,,,
3130C,09,,,,,,,,,,,
3130C,10,,,,,,,,,,,
3130C,11,,,,,,,,,,,
3130C,12,,,,,,,,,,,
3130C,13,,,,,,,,,,,
3140Y,01,,,,,,,,,,,
3140Y,02,,,,,,,,,,,
3140Y,03,,,,,,,,,,,
3140Y,04,,,,,,,,,,,
3140Y,05,,,,,,,,,,,
3140Y,06,,,,,,,,,,,
3140Y,07,,,,,,,,,,,
3140Y,08,,,,,,,,,,,
3140Y,09,,,,,,,,,,,
3140Y,10,,,,,,,,,,,
3140Y,11,,,,,,,,,,,
3140Y,12,,,,,,,,,,,
3140Y,13,,,,,,,,,,,
3168A,01,,,,,,,,,,,
3168A,02,,,,,,,,,,,
3168A,03,,,,,,,,,,,
3168A,04,,,,,,,,,,,
3168A,05,,,,,,,,,,,
3168A,06,,,,,,,,,,,
3168A,07,,,,,,,,,,,
3168A,08,,,,,,,,,,,
3168A,09,,,,,,,,,,,
3168A,10,,,,,,,,,,,
3168A,11,,,,,,,,,,,
3168A,12,,,,,,,,,,,
3168A,13,,,,,,,,,,,
3168C,01,,,,,,,,,,,
3168C,02,,,,,,,,,,,
3168C,03,,,,,,,,,,,
3168C,04,,,,,,,,,,,
3168C,05,,,,,,,,,,,
3168C,06,,,,,,,,,,,
3168C,07,,,,,,,,,,,
3168C,08,,,,,,,,,,,
3168C,09,,,,,,,,,,,
3168C,10,,,,,,,,,,,
3168C,11,,,,,,,,,,,
3168C,12,,,,,,,,,,,
3168C,13,,,,,,,,,,,
3168D,01,,,,,,,,,,,
3168D,02,,,,,,,,,,,
3168D,03,,,,,,,,,,,
3168D,04,,,,,,,,,,,
3168D,05,,,,,,,,,,,
3168D,06,,,,,,,,,,,
3168D,07,,,,,,,,,,,
3168D,08,,,,,,,,,,,
3168D,09,,,,,,,,,,,
3168D,10,,,,,,,,,,,
3168D,11,,,,,,,,,,,
3168D,12,,,,,,,,,,,
3168D,13,,,,,,,,,,,
3170Y,01,,,,,,,,,,,
3170Y,02,,,,,,,,,,,
3170Y,03,,,,,,,,,,,
3170Y,04,,,,,,,,,,,
3170Y,05,,,,,,,,,,,
3170Y,06,,,,,,,,,,,
3170Y,07,,,,,,,,,,,
3170Y,08,,,,,,,,,,,
3170Y,09,,,,,,,,,,,
3170Y,10,,,,,,,,,,,
3170Y,11,,,,,,,,,,,
3170Y,12,,,,,,,,,,,
3170Y,13,,,,,,,,,,,
3175,01,,,,,,,,,,,
3175,02,,,,,,,,,,,
3175,03,,,,,,,,,,,
3175,04,,,,,,,,,,,
3175,05,,,,,,,,,,,
3175,06,,,,,,,,,,,
3175,07,,,,,,,,,,,
3175,08,,,,,,,,,,,
3175,09,,,,,,,,,,,
3175,10,,,,,,,,,,,
3175,11,,,,,,,,,,,
3175,12,,,,,,,,,,,
3175,13,,,,,,,,,,,
3182Y,01,,,,,,,,,,,
3182Y,02,,,,,,,,,,,
3182Y,03,,,,,,,,,,,
3182Y,04,,,,,,,,,,,
3182Y,05,,,,,,,,,,,
3182Y,06,,,,,,,,,,,
3182Y,07,,,,,,,,,,,
3182Y,08,,,,,,,,,,,
3182Y,09,,,,,,,,,,,
3182Y,10,,,,,,,,,,,
3182Y,11,,,,,,,,,,,
3182Y,12,,,,,,,,,,,
3182Y,13,,,,,,,,,,,
3191E,01,,,,,,,,,,,
3191E,02,,,,,,,,,,,
3191E,03,,,,,,,,,,,
3191E,04,,,,,,,,,,,
3191E,05,,,,,,,,,,,
3191E,06,,,,,,,,,,,
3191E,07,,,,,,,,,,,
3191E,08,,,,,,,,,,,
3191E,09,,,,,,,,,,,
3191E,10,,,,,,,,,,,
3191E,11,,,,,,,,,,,
3191E,12,,,,,,,,,,,
3191E,13,,,,,,,,,,,
3194U,01,,,,,,,,,,,
3194U,02,,,,,,,,,,,
3194U,03,,,,,,,,,,,
3194U,04,,,,,,,,,,,
3194U,05,,,,,,,,,,,
3194U,06,,,,,,,,,,,
3194U,07,,,,,,,,,,,
3194U,08,,,,,,,,,,,
3194U,09,,,,,,,,,,,
3194U,10,,,,,,,,,,,
3194U,11,,,,,,,,,,,
3194U,12,,,,,,,,,,,
3194U,13,,,,,,,,,,,
3194Y,01,,,,,,,,,,,
3194Y,02,,,,,,,,,,,
3194Y,03,,,,,,,,,,,
3194Y,04,,,,,,,,,,,
3194Y,05,,,,,,,,,,,
3194Y,06,,,,,,,,,,,
3194Y,07,,,,,,,,,,,
3194Y,08,,,,,,,,,,,
3194Y,09,,,,,,,,,,,
3194Y,10,,,,,,,,,,,
3194Y,11,,,,,,,,,,,
3194Y,12,,,,,,,,,,,
3194Y,13,,,,,,,,,,,
3195,01,,,,,,,,,,,
3195,02,,,,,,,,,,,
3195,03,,,,,,,,,,,
3195,04,,,,,,,,,,,
3195,05,,,,,,,,,,,
3195,06,,,,,,,,,,,
3195,07,,,,,,,,,,,
3195,08,,,,,,,,,,,
3195,09,,,,,,,,,,,
3195,10,,,,,,,,,,,
3195,11,,,,,,,,,,,
3195,12,,,,,,,,,,,
3195,13,,,,,,,,,,,
3196,01,,,,,,,,,,,
3196,02,,,,,,,,,,,
3196,03,,,,,,,,,,,
3196,04,,,,,,,,,,,
3196,05,,,,,,,,,,,
3196,06,,,,,,,,,,,
3196,07,,,,,,,,,,,
3196,08,,,,,,,,,,,
3196,09,,,,,,,,,,,
3196,10,,,,,,,,,,,
3196,11,,,,,,,,,,,
3196,12,,,,,,,,,,,
3196,13,,,,,,,,,,,
3200,01,,,,,,,,,,,
3200,02,,,,,,,,,,,
3200,03,,,,,,,,,,,
3200,04,,,,,,,,,,,
3200,05,,,,,,,,,,,
3200,06,,,,,,,,,,,
3200,07,,,,,,,,,,,
3200,08,,,,,,,,,,,
3200,09,,,,,,,,,,,
3200,10,,,,,,,,,,,
3200,11,,,,,,,,,,,
3200,12,,,,,,,,,,,
3200,13,,,,,,,,,,,
3209Y,01,,,,,,,,,,,
3209Y,02,,,,,,,,,,,
3209Y,03,,,,,,,,,,,
3209Y,04,,,,,,,,,,,
3209Y,05,,,,,,,,,,,
3209Y,06,,,,,,,,,,,
3209Y,07,,,,,,,,,,,
3209Y,08,,,,,,,,,,,
3209Y,09,,,,,,,,,,,
3209Y,10,,,,,,,,,,,
3209Y,11,,,,,,,,,,,
3209Y,12,,,,,,,,,,,
3209Y,13,,,,,,,,,,,
3229Y,01,,,,,,,,,,,
3229Y,02,,,,,,,,,,,
3229Y,03,,,,,,,,,,,
3229Y,04,,,,,,,,,,,
3229Y,05,,,,,,,,,,,
3229Y,06,,,,,,,,,,,
3229Y,07,,,,,,,,,,,
3229Y,08,,,,,,,,,,,
3229Y,09,,,,,,,,,,,
3229Y,10,,,,,,,,,,,
3229Y,11,,,,,,,,,,,
3229Y,12,,,,,,,,,,,
3229Y,13,,,,,,,,,,,
3245Y,01,,,,,,,,,,,
3245Y,02,,,,,,,,,,,
3245Y,03,,,,,,,,,,,
3245Y,04,,,,,,,,,,,
3245Y,05,,,,,,,,,,,
3245Y,06,,,,,,,,,,,
3245Y,07,,,,,,,,,,,
3245Y,08,,,,,,,,,,,
3245Y,09,,,,,,,,,,,
3245Y,10,,,,,,,,,,,
3245Y,11,,,,,,,,,,,
3245Y,12,,,,,,,,,,,
3245Y,13,,,,,,,,,,,
3254Y,01,,,,,,,,,,,
3254Y,02,,,,,,,,,,,
3254Y,03,,,,,,,,,,,
3254Y,04,,,,,,,,,,,
3254Y,05,,,,,,,,,,,
3254Y,06,,,,,,,,,,,
3254Y,07,,,,,,,,,,,
3254Y,08,,,,,,,,,,,
3254Y,09,,,,,,,,,,,
3254Y,10,,,,,,,,,,,
3254Y,11,,,,,,,,,,,
3254Y,12,,,,,,,,,,,
3254Y,13,,,,,,,,,,,
3259,01,,,,,,,,,,,
3259,02,,,,,,,,,,,
3259,03,,,,,,,,,,,
3259,04,,,,,,,,,,,
3259,05,,,,,,,,,,,
3259,06,,,,,,,,,,,
3259,07,,,,,,,,,,,
3259,08,,,,,,,,,,,
3259,09,,,,,,,,,,,
3259,10,,,,,,,,,,,
3259,11,,,,,,,,,,,
3259,12,,,,,,,,,,,
3259,13,,,,,,,,,,,
3260B,01,,,,,,,,,,,
3260B,02,,,,,,,,,,,
3260B,03,,,,,,,,,,,
3260B,04,,,,,,,,,,,
3260B,05,,,,,,,,,,,
3260B,06,,,,,,,,,,,
3260B,07,,,,,,,,,,,
3260B,08,,,,,,,,,,,
3260B,09,,,,,,,,,,,
3260B,10,,,,,,,,,,,
3260B,11,,,,,,,,,,,
3260B,12,,,,,,,,,,,
3260B,13,,,,,,,,,,,
3266A,01,,,,,,,,,,,
3266A,02,,,,,,,,,,,
3266A,03,,,,,,,,,,,
3266A,04,,,,,,,,,,,
3266A,05,,,,,,,,,,,
3266A,06,,,,,,,,,,,
3266A,07,,,,,,,,,,,
3266A,08,,,,,,,,,,,
3266A,09,,,,,,,,,,,
3266A,10,,,,,,,,,,,
3266A,11,,,,,,,,,,,
3266A,12,,,,,,,,,,,
3266A,13,,,,,,,,,,,
3268C,01,,,,,,,,,,,
3268C,02,,,,,,,,,,,
3268C,03,,,,,,,,,,,
3268C,04,,,,,,,,,,,
3268C,05,,,,,,,,,,,
3268C,06,,,,,,,,,,,
3268C,07,,,,,,,,,,,
3268C,08,,,,,,,,,,,
3268C,09,,,,,,,,,,,
3268C,10,,,,,,,,,,,
3268C,11,,,,,,,,,,,
3268C,12,,,,,,,,,,,
3268C,13,,,,,,,,,,,
3298X,01,,,,,,,,,,,
3298X,02,,,,,,,,,,,
3298X,03,,,,,,,,,,,
3298X,04,,,,,,,,,,,
3298X,05,,,,,,,,,,,
3298X,06,,,,,,,,,,,
3298X,07,,,,,,,,,,,
3298X,08,,,,,,,,,,,
3298X,09,,,,,,,,,,,
3298X,10,,,,,,,,,,,
3298X,11,,,,,,,,,,,
3298X,12,,,,,,,,,,,
3298X,13,,,,,,,,,,,
3305Y,01,,,,,,,,,,,
3305Y,02,,,,,,,,,,,
3305Y,03,,,,,,,,,,,
3305Y,04,,,,,,,,,,,
3305Y,05,,,,,,,,,,,
3305Y,06,,,,,,,,,,,
3305Y,07,,,,,,,,,,,
3305Y,08,,,,,,,,,,,
3305Y,09,,,,,,,,,,,
3305Y,10,,,,,,,,,,,
3305Y,11,,,,,,,,,,,
3305Y,12,,,,,,,,,,,
3305Y,13,,,,,,,,,,,
3319D,01,,,,,,,,,,,
3319D,02,,,,,,,,,,,
3319D,03,,,,,,,,,,,
3319D,04,,,,,,,,,,,
3319D,05,,,,,,,,,,,
3319D,06,,,,,,,,,,,
3319D,07,,,,,,,,,,,
3319D,08,,,,,,,,,,,
3319D,09,,,,,,,,,,,
3319D,10,,,,,,,,,,,
3319D,11,,,,,,,,,,,
3319D,12,,,,,,,,,,,
3319D,13,,,,,,,,,,,
3330Y,01,,,,,,,,,,,
3330Y,02,,,,,,,,,,,
3330Y,03,,,,,,,,,,,
3330Y,04,,,,,,,,,,,
3330Y,05,,,,,,,,,,,
3330Y,06,,,,,,,,,,,
3330Y,07,,,,,,,,,,,
3330Y,08,,,,,,,,,,,
3330Y,09,,,,,,,,,,,
3330Y,10,,,,,,,,,,,
3330Y,11,,,,,,,,,,,
3330Y,12,,,,,,,,,,,
3330Y,13,,,,,,,,,,,
3337U,01,,,,,,,,,,,
3337U,02,,,,,,,,,,,
3337U,03,,,,,,,,,,,
3337U,04,,,,,,,,,,,
3337U,05,,,,,,,,,,,
3337U,06,,,,,,,,,,,
3337U,07,,,,,,,,,,,
3337U,08,,,,,,,,,,,
3337U,09,,,,,,,,,,,
3337U,10,,,,,,,,,,,
3337U,11,,,,,,,,,,,
3337U,12,,,,,,,,,,,
3337U,13,,,,,,,,,,,
3338,01,,,,,,,,,,,
3338,02,,,,,,,,,,,
3338,03,,,,,,,,,,,
3338,04,,,,,,,,,,,
3338,05,,,,,,,,,,,
3338,06,,,,,,,,,,,
3338,07,,,,,,,,,,,
3338,08,,,,,,,,,,,
3338,09,,,,,,,,,,,
3338,10,,,,,,,,,,,
3338,11,,,,,,,,,,,
3338,12,,,,,,,,,,,
3338,13,,,,,,,,,,,
3343Y,01,,,,,,,,,,,
3343Y,02,,,,,,,,,,,
3343Y,03,,,,,,,,,,,
3343Y,04,,,,,,,,,,,
3343Y,05,,,,,,,,,,,
3343Y,06,,,,,,,,,,,
3343Y,07,,,,,,,,,,,
3343Y,08,,,,,,,,,,,
3343Y,09,,,,,,,,,,,
3343Y,10,,,,,,,,,,,
3343Y,11,,,,,,,,,,,
3343Y,12,,,,,,,,,,,
3343Y,13,,,,,,,,,,,
3362Y,01,,,,,,,,,,,
3362Y,02,,,,,,,,,,,
3362Y,03,,,,,,,,,,,
3362Y,04,,,,,,,,,,,
3362Y,05,,,,,,,,,,,
3362Y,06,,,,,,,,,,,
3362Y,07,,,,,,,,,,,
3362Y,08,,,,,,,,,,,
3362Y,09,,,,,,,,,,,
3362Y,10,,,,,,,,,,,
3362Y,11,,,,,,,,,,,
3362Y,12,,,,,,,,,,,
3362Y,13,,,,,,,,,,,
3365A,01,,,,,,,,,,,
3365A,02,,,,,,,,,,,
3365A,03,,,,,,,,,,,
3365A,04,,,,,,,,,,,
3365A,05,,,,,,,,,,,
3365A,06,,,,,,,,,,,
3365A,07,,,,,,,,,,,
3365A,08,,,,,,,,,,,
3365A,09,,,,,,,,,,,
3365A,10,,,,,,,,,,,
3365A,11,,,,,,,,,,,
3365A,12,,,,,,,,,,,
3365A,13,,,,,,,,,,,
3386A,01,,,,,,,,,,,
3386A,02,,,,,,,,,,,
3386A,03,,,,,,,,,,,
3386A,04,,,,,,,,,,,
3386A,05,,,,,,,,,,,
3386A,06,,,,,,,,,,,
3386A,07,,,,,,,,,,,
3386A,08,,,,,,,,,,,
3386A,09,,,,,,,,,,,
3386A,10,,,,,,,,,,,
3386A,11,,,,,,,,,,,
3386A,12,,,,,,,,,,,
3386A,13,,,,,,,,,,,
3391,01,,,,,,,,,,,
3391,02,,,,,,,,,,,
3391,03,,,,,,,,,,,
3391,04,,,,,,,,,,,
3391,05,,,,,,,,,,,
3391,06,,,,,,,,,,,
3391,07,,,,,,,,,,,
3391,08,,,,,,,,,,,
3391,09,,,,,,,,,,,
3391,10,,,,,,,,,,,
3391,11,,,,,,,,,,,
3391,12,,,,,,,,,,,
3391,13,,,,,,,,,,,
3422D,01,,,,,,,,,,,
3422D,02,,,,,,,,,,,
3422D,03,,,,,,,,,,,
3422D,04,,,,,,,,,,,
3422D,05,,,,,,,,,,,
3422D,06,,,,,,,,,,,
3422D,07,,,,,,,,,,,
3422D,08,,,,,,,,,,,
3422D,09,,,,,,,,,,,
3422D,10,,,,,,,,,,,
3422D,11,,,,,,,,,,,
3422D,12,,,,,,,,,,,
3422D,13,,,,,,,,,,,
3423I,01,,,,,,,,,,,
3423I,02,,,,,,,,,,,
3423I,03,,,,,,,,,,,
3423I,04,,,,,,,,,,,
3423I,05,,,,,,,,,,,
3423I,06,,,,,,,,,,,
3423I,07,,,,,,,,,,,
3423I,08,,,,,,,,,,,
3423I,09,,,,,,,,,,,
3423I,10,,,,,,,,,,,
3423I,11,,,,,,,,,,,
3423I,12,,,,,,,,,,,
3423I,13,,,,,,,,,,,
3427Y,01,,,,,,,,,,,
3427Y,02,,,,,,,,,,,
3427Y,03,,,,,,,,,,,
3427Y,04,,,,,,,,,,,
3427Y,05,,,,,,,,,,,
3427Y,06,,,,,,,,,,,
3427Y,07,,,,,,,,,,,
3427Y,08,,,,,,,,,,,
3427Y,09,,,,,,,,,,,
3427Y,10,,,,,,,,,,,
3427Y,11,,,,,,,,,,,
3427Y,12,,,,,,,,,,,
3427Y,13,,,,,,,,,,,
3434X,01,,,,,,,,,,,
3434X,02,,,,,,,,,,,
3434X,03,,,,,,,,,,,
3434X,04,,,,,,,,,,,
3434X,05,,,,,,,,,,,
3434X,06,,,,,,,,,,,
3434X,07,,,,,,,,,,,
3434X,08,,,,,,,,,,,
3434X,09,,,,,,,,,,,
3434X,10,,,,,,,,,,,
3434X,11,,,,,,,,,,,
3434X,12,,,,,,,,,,,
3434X,13,,,,,,,,,,,
3436D,01,,,,,,,,,,,
3436D,02,,,,,,,,,,,
3436D,03,,,,,,,,,,,
3436D,04,,,,,,,,,,,
3436D,05,,,,,,,,,,,
3436D,06,,,,,,,,,,,
3436D,07,,,,,,,,,,,
3436D,08,,,,,,,,,,,
3436D,09,,,,,,,,,,,
3436D,10,,,,,,,,,,,
3436D,11,,,,,,,,,,,
3436D,12,,,,,,,,,,,
3436D,13,,,,,,,,,,,
3448X,01,,,,,,,,,,,
3448X,02,,,,,,,,,,,
3448X,03,,,,,,,,,,,
3448X,04,,,,,,,,,,,
3448X,05,,,,,,,,,,,
3448X,06,,,,,,,,,,,
3448X,07,,,,,,,,,,,
3448X,08,,,,,,,,,,,
3448X,09,,,,,,,,,,,
3448X,10,,,,,,,,,,,
3448X,11,,,,,,,,,,,
3448X,12,,,,,,,,,,,
3448X,13,,,,,,,,,,,
3455X,01,,,,,,,,,,,
3455X,02,,,,,,,,,,,
3455X,03,,,,,,,,,,,
3455X,04,,,,,,,,,,,
3455X,05,,,,,,,,,,,
3455X,06,,,,,,,,,,,
3455X,07,,,,,,,,,,,
3455X,08,,,,,,,,,,,
3455X,09,,,,,,,,,,,
3455X,10,,,,,,,,,,,
3455X,11,,,,,,,,,,,
3455X,12,,,,,,,,,,,
3455X,13,,,,,,,,,,,
3463X,01,,,,,,,,,,,
3463X,02,,,,,,,,,,,
3463X,03,,,,,,,,,,,
3463X,04,,,,,,,,,,,
3463X,05,,,,,,,,,,,
3463X,06,,,,,,,,,,,
3463X,07,,,,,,,,,,,
3463X,08,,,,,,,,,,,
3463X,09,,,,,,,,,,,
3463X,10,,,,,,,,,,,
3463X,11,,,,,,,,,,,
3463X,12,,,,,,,,,,,
3463X,13,,,,,,,,,,,
3463Y,01,,,,,,,,,,,
3463Y,02,,,,,,,,,,,
3463Y,03,,,,,,,,,,,
3463Y,04,,,,,,,,,,,
3463Y,05,,,,,,,,,,,
3463Y,06,,,,,,,,,,,
3463Y,07,,,,,,,,,,,
3463Y,08,,,,,,,,,,,
3463Y,09,,,,,,,,,,,
3463Y,10,,,,,,,,,,,
3463Y,11,,,,,,,,,,,
3463Y,12,,,,,,,,,,,
3463Y,13,,,,,,,,,,,
3469,01,,,,,,,,,,,
3469,02,,,,,,,,,,,
3469,03,,,,,,,,,,,
3469,04,,,,,,,,,,,
3469,05,,,,,,,,,,,
3469,06,,,,,,,,,,,
3469,07,,,,,,,,,,,
3469,08,,,,,,,,,,,
3469,09,,,,,,,,,,,
3469,10,,,,,,,,,,,
3469,11,,,,,,,,,,,
3469,12,,,,,,,,,,,
3469,13,,,,,,,,,,,
3469A,01,,,,,,,,,,,
3469A,02,,,,,,,,,,,
3469A,03,,,,,,,,,,,
3469A,04,,,,,,,,,,,
3469A,05,,,,,,,,,,,
3469A,06,,,,,,,,,,,
3469A,07,,,,,,,,,,,
3469A,08,,,,,,,,,,,
3469A,09,,,,,,,,,,,
3469A,10,,,,,,,,,,,
3469A,11,,,,,,,,,,,
3469A,12,,,,,,,,,,,
3469A,13,,,,,,,,,,,
3475X,01,,,,,,,,,,,
3475X,02,,,,,,,,,,,
3475X,03,,,,,,,,,,,
3475X,04,,,,,,,,,,,
3475X,05,,,,,,,,,,,
3475X,06,,,,,,,,,,,
3475X,07,,,,,,,,,,,
3475X,08,,,,,,,,,,,
3475X,09,,,,,,,,,,,
3475X,10,,,,,,,,,,,
3475X,11,,,,,,,,,,,
3475X,12,,,,,,,,,,,
3475X,13,,,,,,,,,,,
3494U,01,,,,,,,,,,,
3494U,02,,,,,,,,,,,
3494U,03,,,,,,,,,,,
3494U,04,,,,,,,,,,,
3494U,05,,,,,,,,,,,
3494U,06,,,,,,,,,,,
3494U,07,,,,,,,,,,,
3494U,08,,,,,,,,,,,
3494U,09,,,,,,,,,,,
3494U,10,,,,,,,,,,,
3494U,11,,,,,,,,,,,
3494U,12,,,,,,,,,,,
3494U,13,,,,,,,,,,,
3503,01,,,,,,,,,,,
3503,02,,,,,,,,,,,
3503,03,,,,,,,,,,,
3503,04,,,,,,,,,,,
3503,05,,,,,,,,,,,
3503,06,,,,,,,,,,,
3503,07,,,,,,,,,,,
3503,08,,,,,,,,,,,
3503,09,,,,,,,,,,,
3503,10,,,,,,,,,,,
3503,11,,,,,,,,,,,
3503,12,,,,,,,,,,,
3503,13,,,,,,,,,,,
3504X,01,,,,,,,,,,,
3504X,02,,,,,,,,,,,
3504X,03,,,,,,,,,,,
3504X,04,,,,,,,,,,,
3504X,05,,,,,,,,,,,
3504X,06,,,,,,,,,,,
3504X,07,,,,,,,,,,,
3504X,08,,,,,,,,,,,
3504X,09,,,,,,,,,,,
3504X,10,,,,,,,,,,,
3504X,11,,,,,,,,,,,
3504X,12,,,,,,,,,,,
3504X,13,,,,,,,,,,,
3512X,01,,,,,,,,,,,
3512X,02,,,,,,,,,,,
3512X,03,,,,,,,,,,,
3512X,04,,,,,,,,,,,
3512X,05,,,,,,,,,,,
3512X,06,,,,,,,,,,,
3512X,07,,,,,,,,,,,
3512X,08,,,,,,,,,,,
3512X,09,,,,,,,,,,,
3512X,10,,,,,,,,,,,
3512X,11,,,,,,,,,,,
3512X,12,,,,,,,,,,,
3512X,13,,,,,,,,,,,
3514B,01,,,,,,,,,,,
3514B,02,,,,,,,,,,,
3514B,03,,,,,,,,,,,
3514B,04,,,,,,,,,,,
3514B,05,,,,,,,,,,,
3514B,06,,,,,,,,,,,
3514B,07,,,,,,,,,,,
3514B,08,,,,,,,,,,,
3514B,09,,,,,,,,,,,
3514B,10,,,,,,,,,,,
3514B,11,,,,,,,,,,,
3514B,12,,,,,,,,,,,
3514B,13,,,,,,,,,,,
3516X,01,,,,,,,,,,,
3516X,02,,,,,,,,,,,
3516X,03,,,,,,,,,,,
3516X,04,,,,,,,,,,,
3516X,05,,,,,,,,,,,
3516X,06,,,,,,,,,,,
3516X,07,,,,,,,,,,,
3516X,08,,,,,,,,,,,
3516X,09,,,,,,,,,,,
3516X,10,,,,,,,,,,,
3516X,11,,,,,,,,,,,
3516X,12,,,,,,,,,,,
3516X,13,,,,,,,,,,,
3519X,01,,,,,,,,,,,
3519X,02,,,,,,,,,,,
3519X,03,,,,,,,,,,,
3519X,04,,,,,,,,,,,
3519X,05,,,,,,,,,,,
3519X,06,,,,,,,,,,,
3519X,07,,,,,,,,,,,
3519X,08,,,,,,,,,,,
3519X,09,,,,,,,,,,,
3519X,10,,,,,,,,,,,
3519X,11,,,,,,,,,,,
3519X,12,,,,,,,,,,,
3519X,13,,,,,,,,,,,
3526X,01,,,,,,,,,,,
3526X,02,,,,,,,,,,,
3526X,03,,,,,,,,,,,
3526X,04,,,,,,,,,,,
3526X,05,,,,,,,,,,,
3526X,06,,,,,,,,,,,
3526X,07,,,,,,,,,,,
3526X,08,,,,,,,,,,,
3526X,09,,,,,,,,,,,
3526X,10,,,,,,,,,,,
3526X,11,,,,,,,,,,,
3526X,12,,,,,,,,,,,
3526X,13,,,,,,,,,,,
3531X,01,,,,,,,,,,,
3531X,02,,,,,,,,,,,
3531X,03,,,,,,,,,,,
3531X,04,,,,,,,,,,,
3531X,05,,,,,,,,,,,
3531X,06,,,,,,,,,,,
3531X,07,,,,,,,,,,,
3531X,08,,,,,,,,,,,
3531X,09,,,,,,,,,,,
3531X,10,,,,,,,,,,,
3531X,11,,,,,,,,,,,
3531X,12,,,,,,,,,,,
3531X,13,,,,,,,,,,,
3536X,01,,,,,,,,,,,
3536X,02,,,,,,,,,,,
3536X,03,,,,,,,,,,,
3536X,04,,,,,,,,,,,
3536X,05,,,,,,,,,,,
3536X,06,,,,,,,,,,,
3536X,07,,,,,,,,,,,
3536X,08,,,,,,,,,,,
3536X,09,,,,,,,,,,,
3536X,10,,,,,,,,,,,
3536X,11,,,,,,,,,,,
3536X,12,,,,,,,,,,,
3536X,13,,,,,,,,,,,
3540X,01,,,,,,,,,,,
3540X,02,,,,,,,,,,,
3540X,03,,,,,,,,,,,
3540X,04,,,,,,,,,,,
3540X,05,,,,,,,,,,,
3540X,06,,,,,,,,,,,
3540X,07,,,,,,,,,,,
3540X,08,,,,,,,,,,,
3540X,09,,,,,,,,,,,
3540X,10,,,,,,,,,,,
3540X,11,,,,,,,,,,,
3540X,12,,,,,,,,,,,
3540X,13,,,,,,,,,,,
3547X,01,,,,,,,,,,,
3547X,02,,,,,,,,,,,
3547X,03,,,,,,,,,,,
3547X,04,,,,,,,,,,,
3547X,05,,,,,,,,,,,
3547X,06,,,,,,,,,,,
3547X,07,,,,,,,,,,,
3547X,08,,,,,,,,,,,
3547X,09,,,,,,,,,,,
3547X,10,,,,,,,,,,,
3547X,11,,,,,,,,,,,
3547X,12,,,,,,,,,,,
3547X,13,,,,,,,,,,,
3562X,01,,,,,,,,,,,
3562X,02,,,,,,,,,,,
3562X,03,,,,,,,,,,,
3562X,04,,,,,,,,,,,
3562X,05,,,,,,,,,,,
3562X,06,,,,,,,,,,,
3562X,07,,,,,,,,,,,
3562X,08,,,,,,,,,,,
3562X,09,,,,,,,,,,,
3562X,10,,,,,,,,,,,
3562X,11,,,,,,,,,,,
3562X,12,,,,,,,,,,,
3562X,13,,,,,,,,,,,
3565X,01,,,,,,,,,,,
3565X,02,,,,,,,,,,,
3565X,03,,,,,,,,,,,
3565X,04,,,,,,,,,,,
3565X,05,,,,,,,,,,,
3565X,06,,,,,,,,,,,
3565X,07,,,,,,,,,,,
3565X,08,,,,,,,,,,,
3565X,09,,,,,,,,,,,
3565X,10,,,,,,,,,,,
3565X,11,,,,,,,,,,,
3565X,12,,,,,,,,,,,
3565X,13,,,,,,,,,,,
3576X,01,,,,,,,,,,,
3576X,02,,,,,,,,,,,
3576X,03,,,,,,,,,,,
3576X,04,,,,,,,,,,,
3576X,05,,,,,,,,,,,
3576X,06,,,,,,,,,,,
3576X,07,,,,,,,,,,,
3576X,08,,,,,,,,,,,
3576X,09,,,,,,,,,,,
3576X,10,,,,,,,,,,,
3576X,11,,,,,,,,,,,
3576X,12,,,,,,,,,,,
3576X,13,,,,,,,,,,,
4007Y,01,,,,,,,,,,,
4007Y,02,,,,,,,,,,,
4007Y,03,,,,,,,,,,,
4007Y,04,,,,,,,,,,,
4007Y,05,,,,,,,,,,,
4007Y,06,,,,,,,,,,,
4007Y,07,,,,,,,,,,,
4007Y,08,,,,,,,,,,,
4007Y,09,,,,,,,,,,,
4007Y,10,,,,,,,,,,,
4007Y,11,,,,,,,,,,,
4007Y,12,,,,,,,,,,,
4007Y,13,,,,,,,,,,,
4051Y,01,,,,,,,,,,,
4051Y,02,,,,,,,,,,,
4051Y,03,,,,,,,,,,,
4051Y,04,,,,,,,,,,,
4051Y,05,,,,,,,,,,,
4051Y,06,,,,,,,,,,,
4051Y,07,,,,,,,,,,,
4051Y,08,,,,,,,,,,,
4051Y,09,,,,,,,,,,,
4051Y,10,,,,,,,,,,,
4051Y,11,,,,,,,,,,,
4051Y,12,,,,,,,,,,,
4051Y,13,,,,,,,,,,,
4061X,01,,,,,,,,,,,
4061X,02,,,,,,,,,,,
4061X,03,,,,,,,,,,,
4061X,04,,,,,,,,,,,
4061X,05,,,,,,,,,,,
4061X,06,,,,,,,,,,,
4061X,07,,,,,,,,,,,
4061X,08,,,,,,,,,,,
4061X,09,,,,,,,,,,,
4061X,10,,,,,,,,,,,
4061X,11,,,,,,,,,,,
4061X,12,,,,,,,,,,,
4061X,13,,,,,,,,,,,
4064Y,01,,,,,,,,,,,
4064Y,02,,,,,,,,,,,
4064Y,03,,,,,,,,,,,
4064Y,04,,,,,,,,,,,
4064Y,05,,,,,,,,,,,
4064Y,06,,,,,,,,,,,
4064Y,07,,,,,,,,,,,
4064Y,08,,,,,,,,,,,
4064Y,09,,,,,,,,,,,
4064Y,10,,,,,,,,,,,
4064Y,11,,,,,,,,,,,
4064Y,12,,,,,,,,,,,
4064Y,13,,,,,,,,,,,
4067,01,,,,,,,,,,,
4067,02,,,,,,,,,,,
4067,03,,,,,,,,,,,
4067,04,,,,,,,,,,,
4067,05,,,,,,,,,,,
4067,06,,,,,,,,,,,
4067,07,,,,,,,,,,,
4067,08,,,,,,,,,,,
4067,09,,,,,,,,,,,
4067,10,,,,,,,,,,,
4067,11,,,,,,,,,,,
4067,12,,,,,,,,,,,
4067,13,,,,,,,,,,,
4070Y,01,,,,,,,,,,,
4070Y,02,,,,,,,,,,,
4070Y,03,,,,,,,,,,,
4070Y,04,,,,,,,,,,,
4070Y,05,,,,,,,,,,,
4070Y,06,,,,,,,,,,,
4070Y,07,,,,,,,,,,,
4070Y,08,,,,,,,,,,,
4070Y,09,,,,,,,,,,,
4070Y,10,,,,,,,,,,,
4070Y,11,,,,,,,,,,,
4070Y,12,,,,,,,,,,,
4070Y,13,,,,,,,,,,,
4075Y,01,,,,,,,,,,,
4075Y,02,,,,,,,,,,,
4075Y,03,,,,,,,,,,,
4075Y,04,,,,,,,,,,,
4075Y,05,,,,,,,,,,,
4075Y,06,,,,,,,,,,,
4075Y,07,,,,,,,,,,,
4075Y,08,,,,,,,,,,,
4075Y,09,,,,,,,,,,,
4075Y,10,,,,,,,,,,,
4075Y,11,,,,,,,,,,,
4075Y,12,,,,,,,,,,,
4075Y,13,,,,,,,,,,,
4089A,01,,,,,,,,,,,
4089A,02,,,,,,,,,,,
4089A,03,,,,,,,,,,,
4089A,04,,,,,,,,,,,
4089A,05,,,,,,,,,,,
4089A,06,,,,,,,,,,,
4089A,07,,,,,,,,,,,
4089A,08,,,,,,,,,,,
4089A,09,,,,,,,,,,,
4089A,10,,,,,,,,,,,
4089A,11,,,,,,,,,,,
4089A,12,,,,,,,,,,,
4089A,13,,,,,,,,,,,
4090Y,01,,,,,,,,,,,
4090Y,02,,,,,,,,,,,
4090Y,03,,,,,,,,,,,
4090Y,04,,,,,,,,,,,
4090Y,05,,,,,,,,,,,
4090Y,06,,,,,,,,,,,
4090Y,07,,,,,,,,,,,
4090Y,08,,,,,,,,,,,
4090Y,09,,,,,,,,,,,
4090Y,10,,,,,,,,,,,
4090Y,11,,,,,,,,,,,
4090Y,12,,,,,,,,,,,
4090Y,13,,,,,,,,,,,
4091Y,01,,,,,,,,,,,
4091Y,02,,,,,,,,,,,
4091Y,03,,,,,,,,,,,
4091Y,04,,,,,,,,,,,
4091Y,05,,,,,,,,,,,
4091Y,06,,,,,,,,,,,
4091Y,07,,,,,,,,,,,
4091Y,08,,,,,,,,,,,
4091Y,09,,,,,,,,,,,
4091Y,10,,,,,,,,,,,
4091Y,11,,,,,,,,,,,
4091Y,12,,,,,,,,,,,
4091Y,13,,,,,,,,,,,
4093Y,01,,,,,,,,,,,
4093Y,02,,,,,,,,,,,
4093Y,03,,,,,,,,,,,
4093Y,04,,,,,,,,,,,
4093Y,05,,,,,,,,,,,
4093Y,06,,,,,,,,,,,
4093Y,07,,,,,,,,,,,
4093Y,08,,,,,,,,,,,
4093Y,09,,,,,,,,,,,
4093Y,10,,,,,,,,,,,
4093Y,11,,,,,,,,,,,
4093Y,12,,,,,,,,,,,
4093Y,13,,,,,,,,,,,
4095Y,01,,,,,,,,,,,
4095Y,02,,,,,,,,,,,
4095Y,03,,,,,,,,,,,
4095Y,04,,,,,,,,,,,
4095Y,05,,,,,,,,,,,
4095Y,06,,,,,,,,,,,
4095Y,07,,,,,,,,,,,
4095Y,08,,,,,,,,,,,
4095Y,09,,,,,,,,,,,
4095Y,10,,,,,,,,,,,
4095Y,11,,,,,,,,,,,
4095Y,12,,,,,,,,,,,
4095Y,13,,,,,,,,,,,
4096Y,01,,,,,,,,,,,
4096Y,02,,,,,,,,,,,
4096Y,03,,,,,,,,,,,
4096Y,04,,,,,,,,,,,
4096Y,05,,,,,,,,,,,
4096Y,06,,,,,,,,,,,
4096Y,07,,,,,,,,,,,
4096Y,08,,,,,,,,,,,
4096Y,09,,,,,,,,,,,
4096Y,10,,,,,,,,,,,
4096Y,11,,,,,,,,,,,
4096Y,12,,,,,,,,,,,
4096Y,13,,,,,,,,,,,
4103X,01,,,,,,,,,,,
4103X,02,,,,,,,,,,,
4103X,03,,,,,,,,,,,
4103X,04,,,,,,,,,,,
4103X,05,,,,,,,,,,,
4103X,06,,,,,,,,,,,
4103X,07,,,,,,,,,,,
4103X,08,,,,,,,,,,,
4103X,09,,,,,,,,,,,
4103X,10,,,,,,,,,,,
4103X,11,,,,,,,,,,,
4103X,12,,,,,,,,,,,
4103X,13,,,,,,,,,,,
4116I,01,,,,,,,,,,,
4116I,02,,,,,,,,,,,
4116I,03,,,,,,,,,,,
4116I,04,,,,,,,,,,,
4116I,05,,,,,,,,,,,
4116I,06,,,,,,,,,,,
4116I,07,,,,,,,,,,,
4116I,08,,,,,,,,,,,
4116I,09,,,,,,,,,,,
4116I,10,,,,,,,,,,,
4116I,11,,,,,,,,,,,
4116I,12,,,,,,,,,,,
4116I,13,,,,,,,,,,,
4121,01,,,,,,,,,,,
4121,02,,,,,,,,,,,
4121,03,,,,,,,,,,,
4121,04,,,,,,,,,,,
4121,05,,,,,,,,,,,
4121,06,,,,,,,,,,,
4121,07,,,,,,,,,,,
4121,08,,,,,,,,,,,
4121,09,,,,,,,,,,,
4121,10,,,,,,,,,,,
4121,11,,,,,,,,,,,
4121,12,,,,,,,,,,,
4121,13,,,,,,,,,,,
4121C,01,,,,,,,,,,,
4121C,02,,,,,,,,,,,
4121C,03,,,,,,,,,,,
4121C,04,,,,,,,,,,,
4121C,05,,,,,,,,,,,
4121C,06,,,,,,,,,,,
4121C,07,,,,,,,,,,,
4121C,08,,,,,,,,,,,
4121C,09,,,,,,,,,,,
4121C,10,,,,,,,,,,,
4121C,11,,,,,,,,,,,
4121C,12,,,,,,,,,,,
4121C,13,,,,,,,,,,,
4138Y,01,,,,,,,,,,,
4138Y,02,,,,,,,,,,,
4138Y,03,,,,,,,,,,,
4138Y,04,,,,,,,,,,,
4138Y,05,,,,,,,,,,,
4138Y,06,,,,,,,,,,,
4138Y,07,,,,,,,,,,,
4138Y,08,,,,,,,,,,,
4138Y,09,,,,,,,,,,,
4138Y,10,,,,,,,,,,,
4138Y,11,,,,,,,,,,,
4138Y,12,,,,,,,,,,,
4138Y,13,,,,,,,,,,,
4147X,01,,,,,,,,,,,
4147X,02,,,,,,,,,,,
4147X,03,,,,,,,,,,,
4147X,04,,,,,,,,,,,
4147X,05,,,,,,,,,,,
4147X,06,,,,,,,,,,,
4147X,07,,,,,,,,,,,
4147X,08,,,,,,,,,,,
4147X,09,,,,,,,,,,,
4147X,10,,,,,,,,,,,
4147X,11,,,,,,,,,,,
4147X,12,,,,,,,,,,,
4147X,13,,,,,,,,,,,
4148,01,,,,,,,,,,,
4148,02,,,,,,,,,,,
4148,03,,,,,,,,,,,
4148,04,,,,,,,,,,,
4148,05,,,,,,,,,,,
4148,06,,,,,,,,,,,
4148,07,,,,,,,,,,,
4148,08,,,,,,,,,,,
4148,09,,,,,,,,,,,
4148,10,,,,,,,,,,,
4148,11,,,,,,,,,,,
4148,12,,,,,,,,,,,
4148,13,,,,,,,,,,,
4193Y,01,,,,,,,,,,,
4193Y,02,,,,,,,,,,,
4193Y,03,,,,,,,,,,,
4193Y,04,,,,,,,,,,,
4193Y,05,,,,,,,,,,,
4193Y,06,,,,,,,,,,,
4193Y,07,,,,,,,,,,,
4193Y,08,,,,,,,,,,,
4193Y,09,,,,,,,,,,,
4193Y,10,,,,,,,,,,,
4193Y,11,,,,,,,,,,,
4193Y,12,,,,,,,,,,,
4193Y,13,,,,,,,,,,,
4195E,01,,,,,,,,,,,
4195E,02,,,,,,,,,,,
4195E,03,,,,,,,,,,,
4195E,04,,,,,,,,,,,
4195E,05,,,,,,,,,,,
4195E,06,,,,,,,,,,,
4195E,07,,,,,,,,,,,
4195E,08,,,,,,,,,,,
4195E,09,,,,,,,,,,,
4195E,10,,,,,,,,,,,
4195E,11,,,,,,,,,,,
4195E,12,,,,,,,,,,,
4195E,13,,,,,,,,,,,
4210Y,01,,,,,,,,,,,
4210Y,02,,,,,,,,,,,
4210Y,03,,,,,,,,,,,
4210Y,04,,,,,,,,,,,
4210Y,05,,,,,,,,,,,
4210Y,06,,,,,,,,,,,
4210Y,07,,,,,,,,,,,
4210Y,08,,,,,,,,,,,
4210Y,09,,,,,,,,,,,
4210Y,10,,,,,,,,,,,
4210Y,11,,,,,,,,,,,
4210Y,12,,,,,,,,,,,
4210Y,13,,,,,,,,,,,
4220X,01,,,,,,,,,,,
4220X,02,,,,,,,,,,,
4220X,03,,,,,,,,,,,
4220X,04,,,,,,,,,,,
4220X,05,,,,,,,,,,,
4220X,06,,,,,,,,,,,
4220X,07,,,,,,,,,,,
4220X,08,,,,,,,,,,,
4220X,09,,,,,,,,,,,
4220X,10,,,,,,,,,,,
4220X,11,,,,,,,,,,,
4220X,12,,,,,,,,,,,
4220X,13,,,,,,,,,,,
4236Y,01,,,,,,,,,,,
4236Y,02,,,,,,,,,,,
4236Y,03,,,,,,,,,,,
4236Y,04,,,,,,,,,,,
4236Y,05,,,,,,,,,,,
4236Y,06,,,,,,,,,,,
4236Y,07,,,,,,,,,,,
4236Y,08,,,,,,,,,,,
4236Y,09,,,,,,,,,,,
4236Y,10,,,,,,,,,,,
4236Y,11,,,,,,,,,,,
4236Y,12,,,,,,,,,,,
4236Y,13,,,,,,,,,,,
4244X,01,,,,,,,,,,,
4244X,02,,,,,,,,,,,
4244X,03,,,,,,,,,,,
4244X,04,,,,,,,,,,,
4244X,05,,,,,,,,,,,
4244X,06,,,,,,,,,,,
4244X,07,,,,,,,,,,,
4244X,08,,,,,,,,,,,
4244X,09,,,,,,,,,,,
4244X,10,,,,,,,,,,,
4244X,11,,,,,,,,,,,
4244X,12,,,,,,,,,,,
4244X,13,,,,,,,,,,,
4245X,01,,,,,,,,,,,
4245X,02,,,,,,,,,,,
4245X,03,,,,,,,,,,,
4245X,04,,,,,,,,,,,
4245X,05,,,,,,,,,,,
4245X,06,,,,,,,,,,,
4245X,07,,,,,,,,,,,
4245X,08,,,,,,,,,,,
4245X,09,,,,,,,,,,,
4245X,10,,,,,,,,,,,
4245X,11,,,,,,,,,,,
4245X,12,,,,,,,,,,,
4245X,13,,,,,,,,,,,
4260,01,,,,,,,,,,,
4260,02,,,,,,,,,,,
4260,03,,,,,,,,,,,
4260,04,,,,,,,,,,,
4260,05,,,,,,,,,,,
4260,06,,,,,,,,,,,
4260,07,,,,,,,,,,,
4260,08,,,,,,,,,,,
4260,09,,,,,,,,,,,
4260,10,,,,,,,,,,,
4260,11,,,,,,,,,,,
4260,12,,,,,,,,,,,
4260,13,,,,,,,,,,,
4263X,01,,,,,,,,,,,
4263X,02,,,,,,,,,,,
4263X,03,,,,,,,,,,,
4263X,04,,,,,,,,,,,
4263X,05,,,,,,,,,,,
4263X,06,,,,,,,,,,,
4263X,07,,,,,,,,,,,
4263X,08,,,,,,,,,,,
4263X,09,,,,,,,,,,,
4263X,10,,,,,,,,,,,
4263X,11,,,,,,,,,,,
4263X,12,,,,,,,,,,,
4263X,13,,,,,,,,,,,
4267X,01,,,,,,,,,,,
4267X,02,,,,,,,,,,,
4267X,03,,,,,,,,,,,
4267X,04,,,,,,,,,,,
4267X,05,,,,,,,,,,,
4267X,06,,,,,,,,,,,
4267X,07,,,,,,,,,,,
4267X,08,,,,,,,,,,,
4267X,09,,,,,,,,,,,
4267X,10,,,,,,,,,,,
4267X,11,,,,,,,,,,,
4267X,12,,,,,,,,,,,
4267X,13,,,,,,,,,,,
4300Y,01,,,,,,,,,,,
4300Y,02,,,,,,,,,,,
4300Y,03,,,,,,,,,,,
4300Y,04,,,,,,,,,,,
4300Y,05,,,,,,,,,,,
4300Y,06,,,,,,,,,,,
4300Y,07,,,,,,,,,,,
4300Y,08,,,,,,,,,,,
4300Y,09,,,,,,,,,,,
4300Y,10,,,,,,,,,,,
4300Y,11,,,,,,,,,,,
4300Y,12,,,,,,,,,,,
4300Y,13,,,,,,,,,,,
4325Y,01,,,,,,,,,,,
4325Y,02,,,,,,,,,,,
4325Y,03,,,,,,,,,,,
4325Y,04,,,,,,,,,,,
4325Y,05,,,,,,,,,,,
4325Y,06,,,,,,,,,,,
4325Y,07,,,,,,,,,,,
4325Y,08,,,,,,,,,,,
4325Y,09,,,,,,,,,,,
4325Y,10,,,,,,,,,,,
4325Y,11,,,,,,,,,,,
4325Y,12,,,,,,,,,,,
4325Y,13,,,,,,,,,,,
4339X,01,,,,,,,,,,,
4339X,02,,,,,,,,,,,
4339X,03,,,,,,,,,,,
4339X,04,,,,,,,,,,,
4339X,05,,,,,,,,,,,
4339X,06,,,,,,,,,,,
4339X,07,,,,,,,,,,,
4339X,08,,,,,,,,,,,
4339X,09,,,,,,,,,,,
4339X,10,,,,,,,,,,,
4339X,11,,,,,,,,,,,
4339X,12,,,,,,,,,,,
4339X,13,,,,,,,,,,,
4340,01,,,,,,,,,,,
4340,02,,,,,,,,,,,
4340,03,,,,,,,,,,,
4340,04,,,,,,,,,,,
4340,05,,,,,,,,,,,
4340,06,,,,,,,,,,,
4340,07,,,,,,,,,,,
4340,08,,,,,,,,,,,
4340,09,,,,,,,,,,,
4340,10,,,,,,,,,,,
4340,11,,,,,,,,,,,
4340,12,,,,,,,,,,,
4340,13,,,,,,,,,,,
4347X,01,,,,,,,,,,,
4347X,02,,,,,,,,,,,
4347X,03,,,,,,,,,,,
4347X,04,,,,,,,,,,,
4347X,05,,,,,,,,,,,
4347X,06,,,,,,,,,,,
4347X,07,,,,,,,,,,,
4347X,08,,,,,,,,,,,
4347X,09,,,,,,,,,,,
4347X,10,,,,,,,,,,,
4347X,11,,,,,,,,,,,
4347X,12,,,,,,,,,,,
4347X,13,,,,,,,,,,,
4358X,01,,,,,,,,,,,
4358X,02,,,,,,,,,,,
4358X,03,,,,,,,,,,,
4358X,04,,,,,,,,,,,
4358X,05,,,,,,,,,,,
4358X,06,,,,,,,,,,,
4358X,07,,,,,,,,,,,
4358X,08,,,,,,,,,,,
4358X,09,,,,,,,,,,,
4358X,10,,,,,,,,,,,
4358X,11,,,,,,,,,,,
4358X,12,,,,,,,,,,,
4358X,13,,,,,,,,,,,
4362X,01,,,,,,,,,,,
4362X,02,,,,,,,,,,,
4362X,03,,,,,,,,,,,
4362X,04,,,,,,,,,,,
4362X,05,,,,,,,,,,,
4362X,06,,,,,,,,,,,
4362X,07,,,,,,,,,,,
4362X,08,,,,,,,,,,,
4362X,09,,,,,,,,,,,
4362X,10,,,,,,,,,,,
4362X,11,,,,,,,,,,,
4362X,12,,,,,,,,,,,
4362X,13,,,,,,,,,,,
4386B,01,,,,,,,,,,,
4386B,02,,,,,,,,,,,
4386B,03,,,,,,,,,,,
4386B,04,,,,,,,,,,,
4386B,05,,,,,,,,,,,
4386B,06,,,,,,,,,,,
4386B,07,,,,,,,,,,,
4386B,08,,,,,,,,,,,
4386B,09,,,,,,,,,,,
4386B,10,,,,,,,,,,,
4386B,11,,,,,,,,,,,
4386B,12,,,,,,,,,,,
4386B,13,,,,,,,,,,,
4395X,01,,,,,,,,,,,
4395X,02,,,,,,,,,,,
4395X,03,,,,,,,,,,,
4395X,04,,,,,,,,,,,
4395X,05,,,,,,,,,,,
4395X,06,,,,,,,,,,,
4395X,07,,,,,,,,,,,
4395X,08,,,,,,,,,,,
4395X,09,,,,,,,,,,,
4395X,10,,,,,,,,,,,
4395X,11,,,,,,,,,,,
4395X,12,,,,,,,,,,,
4395X,13,,,,,,,,,,,
4410X,01,,,,,,,,,,,
4410X,02,,,,,,,,,,,
4410X,03,,,,,,,,,,,
4410X,04,,,,,,,,,,,
4410X,05,,,,,,,,,,,
4410X,06,,,,,,,,,,,
4410X,07,,,,,,,,,,,
4410X,08,,,,,,,,,,,
4410X,09,,,,,,,,,,,
4410X,10,,,,,,,,,,,
4410X,11,,,,,,,,,,,
4410X,12,,,,,,,,,,,
4410X,13,,,,,,,,,,,
4411C,01,,,,,,,,,,,
4411C,02,,,,,,,,,,,
4411C,03,,,,,,,,,,,
4411C,04,,,,,,,,,,,
4411C,05,,,,,,,,,,,
4411C,06,,,,,,,,,,,
4411C,07,,,,,,,,,,,
4411C,08,,,,,,,,,,,
4411C,09,,,,,,,,,,,
4411C,10,,,,,,,,,,,
4411C,11,,,,,,,,,,,
4411C,12,,,,,,,,,,,
4411C,13,,,,,,,,,,,
4427X,01,,,,,,,,,,,
4427X,02,,,,,,,,,,,
4427X,03,,,,,,,,,,,
4427X,04,,,,,,,,,,,
4427X,05,,,,,,,,,,,
4427X,06,,,,,,,,,,,
4427X,07,,,,,,,,,,,
4427X,08,,,,,,,,,,,
4427X,09,,,,,,,,,,,
4427X,10,,,,,,,,,,,
4427X,11,,,,,,,,,,,
4427X,12,,,,,,,,,,,
4427X,13,,,,,,,,,,,
4436Y,01,,,,,,,,,,,
4436Y,02,,,,,,,,,,,
4436Y,03,,,,,,,,,,,
4436Y,04,,,,,,,,,,,
4436Y,05,,,,,,,,,,,
4436Y,06,,,,,,,,,,,
4436Y,07,,,,,,,,,,,
4436Y,08,,,,,,,,,,,
4436Y,09,,,,,,,,,,,
4436Y,10,,,,,,,,,,,
4436Y,11,,,,,,,,,,,
4436Y,12,,,,,,,,,,,
4436Y,13,,,,,,,,,,,
4452,01,,,,,,,,,,,
4452,02,,,,,,,,,,,
4452,03,,,,,,,,,,,
4452,04,,,,,,,,,,,
4452,05,,,,,,,,,,,
4452,06,,,,,,,,,,,
4452,07,,,,,,,,,,,
4452,08,,,,,,,,,,,
4452,09,,,,,,,,,,,
4452,10,,,,,,,,,,,
4452,11,,,,,,,,,,,
4452,12,,,,,,,,,,,
4452,13,,,,,,,,,,,
4464X,01,,,,,,,,,,,
4464X,02,,,,,,,,,,,
4464X,03,,,,,,,,,,,
4464X,04,,,,,,,,,,,
4464X,05,,,,,,,,,,,
4464X,06,,,,,,,,,,,
4464X,07,,,,,,,,,,,
4464X,08,,,,,,,,,,,
4464X,09,,,,,,,,,,,
4464X,10,,,,,,,,,,,
4464X,11,,,,,,,,,,,
4464X,12,,,,,,,,,,,
4464X,13,,,,,,,,,,,
4468X,01,,,,,,,,,,,
4468X,02,,,,,,,,,,,
4468X,03,,,,,,,,,,,
4468X,04,,,,,,,,,,,
4468X,05,,,,,,,,,,,
4468X,06,,,,,,,,,,,
4468X,07,,,,,,,,,,,
4468X,08,,,,,,,,,,,
4468X,09,,,,,,,,,,,
4468X,10,,,,,,,,,,,
4468X,11,,,,,,,,,,,
4468X,12,,,,,,,,,,,
4468X,13,,,,,,,,,,,
4478X,01,,,,,,,,,,,
4478X,02,,,,,,,,,,,
4478X,03,,,,,,,,,,,
4478X,04,,,,,,,,,,,
4478X,05,,,,,,,,,,,
4478X,06,,,,,,,,,,,
4478X,07,,,,,,,,,,,
4478X,08,,,,,,,,,,,
4478X,09,,,,,,,,,,,
4478X,10,,,,,,,,,,,
4478X,11,,,,,,,,,,,
4478X,12,,,,,,,,,,,
4478X,13,,,,,,,,,,,
4486X,01,,,,,,,,,,,
4486X,02,,,,,,,,,,,
4486X,03,,,,,,,,,,,
4486X,04,,,,,,,,,,,
4486X,05,,,,,,,,,,,
4486X,06,,,,,,,,,,,
4486X,07,,,,,,,,,,,
4486X,08,,,,,,,,,,,
4486X,09,,,,,,,,,,,
4486X,10,,,,,,,,,,,
4486X,11,,,,,,,,,,,
4486X,12,,,,,,,,,,,
4486X,13,,,,,,,,,,,
4489X,01,,,,,,,,,,,
4489X,02,,,,,,,,,,,
4489X,03,,,,,,,,,,,
4489X,04,,,,,,,,,,,
4489X,05,,,,,,,,,,,
4489X,06,,,,,,,,,,,
4489X,07,,,,,,,,,,,
4489X,08,,,,,,,,,,,
4489X,09,,,,,,,,,,,
4489X,10,,,,,,,,,,,
4489X,11,,,,,,,,,,,
4489X,12,,,,,,,,,,,
4489X,13,,,,,,,,,,,
4492F,01,,,,,,,,,,,
4492F,02,,,,,,,,,,,
4492F,03,,,,,,,,,,,
4492F,04,,,,,,,,,,,
4492F,05,,,,,,,,,,,
4492F,06,,,,,,,,,,,
4492F,07,,,,,,,,,,,
4492F,08,,,,,,,,,,,
4492F,09,,,,,,,,,,,
4492F,10,,,,,,,,,,,
4492F,11,,,,,,,,,,,
4492F,12,,,,,,,,,,,
4492F,13,,,,,,,,,,,
4497X,01,,,,,,,,,,,
4497X,02,,,,,,,,,,,
4497X,03,,,,,,,,,,,
4497X,04,,,,,,,,,,,
4497X,05,,,,,,,,,,,
4497X,06,,,,,,,,,,,
4497X,07,,,,,,,,,,,
4497X,08,,,,,,,,,,,
4497X,09,,,,,,,,,,,
4497X,10,,,,,,,,,,,
4497X,11,,,,,,,,,,,
4497X,12,,,,,,,,,,,
4497X,13,,,,,,,,,,,
4499X,01,,,,,,,,,,,
4499X,02,,,,,,,,,,,
4499X,03,,,,,,,,,,,
4499X,04,,,,,,,,,,,
4499X,05,,,,,,,,,,,
4499X,06,,,,,,,,,,,
4499X,07,,,,,,,,,,,
4499X,08,,,,,,,,,,,
4499X,09,,,,,,,,,,,
4499X,10,,,,,,,,,,,
4499X,11,,,,,,,,,,,
4499X,12,,,,,,,,,,,
4499X,13,,,,,,,,,,,
4501X,01,,,,,,,,,,,
4501X,02,,,,,,,,,,,
4501X,03,,,,,,,,,,,
4501X,04,,,,,,,,,,,
4501X,05,,,,,,,,,,,
4501X,06,,,,,,,,,,,
4501X,07,,,,,,,,,,,
4501X,08,,,,,,,,,,,
4501X,09,,,,,,,,,,,
4501X,10,,,,,,,,,,,
4501X,11,,,,,,,,,,,
4501X,12,,,,,,,,,,,
4501X,13,,,,,,,,,,,
4511C,01,,,,,,,,,,,
4511C,02,,,,,,,,,,,
4511C,03,,,,,,,,,,,
4511C,04,,,,,,,,,,,
4511C,05,,,,,,,,,,,
4511C,06,,,,,,,,,,,
4511C,07,,,,,,,,,,,
4511C,08,,,,,,,,,,,
4511C,09,,,,,,,,,,,
4511C,10,,,,,,,,,,,
4511C,11,,,,,,,,,,,
4511C,12,,,,,,,,,,,
4511C,13,,,,,,,,,,,
4520X,01,,,,,,,,,,,
4520X,02,,,,,,,,,,,
4520X,03,,,,,,,,,,,
4520X,04,,,,,,,,,,,
4520X,05,,,,,,,,,,,
4520X,06,,,,,,,,,,,
4520X,07,,,,,,,,,,,
4520X,08,,,,,,,,,,,
4520X,09,,,,,,,,,,,
4520X,10,,,,,,,,,,,
4520X,11,,,,,,,,,,,
4520X,12,,,,,,,,,,,
4520X,13,,,,,,,,,,,
4527X,01,,,,,,,,,,,
4527X,02,,,,,,,,,,,
4527X,03,,,,,,,,,,,
4527X,04,,,,,,,,,,,
4527X,05,,,,,,,,,,,
4527X,06,,,,,,,,,,,
4527X,07,,,,,,,,,,,
4527X,08,,,,,,,,,,,
4527X,09,,,,,,,,,,,
4527X,10,,,,,,,,,,,
4527X,11,,,,,,,,,,,
4527X,12,,,,,,,,,,,
4527X,13,,,,,,,,,,,
4541X,01,,,,,,,,,,,
4541X,02,,,,,,,,,,,
4541X,03,,,,,,,,,,,
4541X,04,,,,,,,,,,,
4541X,05,,,,,,,,,,,
4541X,06,,,,,,,,,,,
4541X,07,,,,,,,,,,,
4541X,08,,,,,,,,,,,
4541X,09,,,,,,,,,,,
4541X,10,,,,,,,,,,,
4541X,11,,,,,,,,,,,
4541X,12,,,,,,,,,,,
4541X,13,,,,,,,,,,,
4549Y,01,,,,,,,,,,,
4549Y,02,,,,,,,,,,,
4549Y,03,,,,,,,,,,,
4549Y,04,,,,,,,,,,,
4549Y,05,,,,,,,,,,,
4549Y,06,,,,,,,,,,,
4549Y,07,,,,,,,,,,,
4549Y,08,,,,,,,,,,,
4549Y,09,,,,,,,,,,,
4549Y,10,,,,,,,,,,,
4549Y,11,,,,,,,,,,,
4549Y,12,,,,,,,,,,,
4549Y,13,,,,,,,,,,,
4554X,01,,,,,,,,,,,
4554X,02,,,,,,,,,,,
4554X,03,,,,,,,,,,,
4554X,04,,,,,,,,,,,
4554X,05,,,,,,,,,,,
4554X,06,,,,,,,,,,,
4554X,07,,,,,,,,,,,
4554X,08,,,,,,,,,,,
4554X,09,,,,,,,,,,,
4554X,10,,,,,,,,,,,
4554X,11,,,,,,,,,,,
4554X,12,,,,,,,,,,,
4554X,13,,,,,,,,,,,
4560Y,01,,,,,,,,,,,
4560Y,02,,,,,,,,,,,
4560Y,03,,,,,,,,,,,
4560Y,04,,,,,,,,,,,
4560Y,05,,,,,,,,,,,
4560Y,06,,,,,,,,,,,
4560Y,07,,,,,,,,,,,
4560Y,08,,,,,,,,,,,
4560Y,09,,,,,,,,,,,
4560Y,10,,,,,,,,,,,
4560Y,11,,,,,,,,,,,
4560Y,12,,,,,,,,,,,
4560Y,13,,,,,,,,,,,
4575X,01,,,,,,,,,,,
4575X,02,,,,,,,,,,,
4575X,03,,,,,,,,,,,
4575X,04,,,,,,,,,,,
4575X,05,,,,,,,,,,,
4575X,06,,,,,,,,,,,
4575X,07,,,,,,,,,,,
4575X,08,,,,,,,,,,,
4575X,09,,,,,,,,,,,
4575X,10,,,,,,,,,,,
4575X,11,,,,,,,,,,,
4575X,12,,,,,,,,,,,
4575X,13,,,,,,,,,,,
4584X,01,,,,,,,,,,,
4584X,02,,,,,,,,,,,
4584X,03,,,,,,,,,,,
4584X,04,,,,,,,,,,,
4584X,05,,,,,,,,,,,
4584X,06,,,,,,,,,,,
4584X,07,,,,,,,,,,,
4584X,08,,,,,,,,,,,
4584X,09,,,,,,,,,,,
4584X,10,,,,,,,,,,,
4584X,11,,,,,,,,,,,
4584X,12,,,,,,,,,,,
4584X,13,,,,,,,,,,,
4589X,01,,,,,,,,,,,
4589X,02,,,,,,,,,,,
4589X,03,,,,,,,,,,,
4589X,04,,,,,,,,,,,
4589X,05,,,,,,,,,,,
4589X,06,,,,,,,,,,,
4589X,07,,,,,,,,,,,
4589X,08,,,,,,,,,,,
4589X,09,,,,,,,,,,,
4589X,10,,,,,,,,,,,
4589X,11,,,,,,,,,,,
4589X,12,,,,,,,,,,,
4589X,13,,,,,,,,,,,
4605,01,,,,,,,,,,,
4605,02,,,,,,,,,,,
4605,03,,,,,,,,,,,
4605,04,,,,,,,,,,,
4605,05,,,,,,,,,,,
4605,06,,,,,,,,,,,
4605,07,,,,,,,,,,,
4605,08,,,,,,,,,,,
4605,09,,,,,,,,,,,
4605,10,,,,,,,,,,,
4605,11,,,,,,,,,,,
4605,12,,,,,,,,,,,
4605,13,,,,,,,,,,,
4608X,01,,,,,,,,,,,
4608X,02,,,,,,,,,,,
4608X,03,,,,,,,,,,,
4608X,04,,,,,,,,,,,
4608X,05,,,,,,,,,,,
4608X,06,,,,,,,,,,,
4608X,07,,,,,,,,,,,
4608X,08,,,,,,,,,,,
4608X,09,,,,,,,,,,,
4608X,10,,,,,,,,,,,
4608X,11,,,,,,,,,,,
4608X,12,,,,,,,,,,,
4608X,13,,,,,,,,,,,
4622X,01,,,,,,,,,,,
4622X,02,,,,,,,,,,,
4622X,03,,,,,,,,,,,
4622X,04,,,,,,,,,,,
4622X,05,,,,,,,,,,,
4622X,06,,,,,,,,,,,
4622X,07,,,,,,,,,,,
4622X,08,,,,,,,,,,,
4622X,09,,,,,,,,,,,
4622X,10,,,,,,,,,,,
4622X,11,,,,,,,,,,,
4622X,12,,,,,,,,,,,
4622X,13,,,,,,,,,,,
4642E,01,,,,,,,,,,,
4642E,02,,,,,,,,,,,
4642E,03,,,,,,,,,,,
4642E,04,,,,,,,,,,,
4642E,05,,,,,,,,,,,
4642E,06,,,,,,,,,,,
4642E,07,,,,,,,,,,,
4642E,08,,,,,,,,,,,
4642E,09,,,,,,,,,,,
4642E,10,,,,,,,,,,,
4642E,11,,,,,,,,,,,
4642E,12,,,,,,,,,,,
4642E,13,,,,,,,,,,,
5000A,01,,,,,,,,,,,
5000A,02,,,,,,,,,,,
5000A,03,,,,,,,,,,,
5000A,04,,,,,,,,,,,
5000A,05,,,,,,,,,,,
5000A,06,,,,,,,,,,,
5000A,07,,,,,,,,,,,
5000A,08,,,,,,,,,,,
5000A,09,,,,,,,,,,,
5000A,10,,,,,,,,,,,
5000A,11,,,,,,,,,,,
5000A,12,,,,,,,,,,,
5000A,13,,,,,,,,,,,
5000C,01,,,,,,,,,,,
5000C,02,,,,,,,,,,,
5000C,03,,,,,,,,,,,
5000C,04,,,,,,,,,,,
5000C,05,,,,,,,,,,,
5000C,06,,,,,,,,,,,
5000C,07,,,,,,,,,,,
5000C,08,,,,,,,,,,,
5000C,09,,,,,,,,,,,
5000C,10,,,,,,,,,,,
5000C,11,,,,,,,,,,,
5000C,12,,,,,,,,,,,
5000C,13,,,,,,,,,,,
5038X,01,,,,,,,,,,,
5038X,02,,,,,,,,,,,
5038X,03,,,,,,,,,,,
5038X,04,,,,,,,,,,,
5038X,05,,,,,,,,,,,
5038X,06,,,,,,,,,,,
5038X,07,,,,,,,,,,,
5038X,08,,,,,,,,,,,
5038X,09,,,,,,,,,,,
5038X,10,,,,,,,,,,,
5038X,11,,,,,,,,,,,
5038X,12,,,,,,,,,,,
5038X,13,,,,,,,,,,,
5038Y,01,,,,,,,,,,,
5038Y,02,,,,,,,,,,,
5038Y,03,,,,,,,,,,,
5038Y,04,,,,,,,,,,,
5038Y,05,,,,,,,,,,,
5038Y,06,,,,,,,,,,,
5038Y,07,,,,,,,,,,,
5038Y,08,,,,,,,,,,,
5038Y,09,,,,,,,,,,,
5038Y,10,,,,,,,,,,,
5038Y,11,,,,,,,,,,,
5038Y,12,,,,,,,,,,,
5038Y,13,,,,,,,,,,,
5047E,01,,,,,,,,,,,
5047E,02,,,,,,,,,,,
5047E,03,,,,,,,,,,,
5047E,04,,,,,,,,,,,
5047E,05,,,,,,,,,,,
5047E,06,,,,,,,,,,,
5047E,07,,,,,,,,,,,
5047E,08,,,,,,,,,,,
5047E,09,,,,,,,,,,,
5047E,10,,,,,,,,,,,
5047E,11,,,,,,,,,,,
5047E,12,,,,,,,,,,,
5047E,13,,,,,,,,,,,
5051X,01,,,,,,,,,,,
5051X,02,,,,,,,,,,,
5051X,03,,,,,,,,,,,
5051X,04,,,,,,,,,,,
5051X,05,,,,,,,,,,,
5051X,06,,,,,,,,,,,
5051X,07,,,,,,,,,,,
5051X,08,,,,,,,,,,,
5051X,09,,,,,,,,,,,
5051X,10,,,,,,,,,,,
5051X,11,,,,,,,,,,,
5051X,12,,,,,,,,,,,
5051X,13,,,,,,,,,,,
5060X,01,,,,,,,,,,,
5060X,02,,,,,,,,,,,
5060X,03,,,,,,,,,,,
5060X,04,,,,,,,,,,,
5060X,05,,,,,,,,,,,
5060X,06,,,,,,,,,,,
5060X,07,,,,,,,,,,,
5060X,08,,,,,,,,,,,
5060X,09,,,,,,,,,,,
5060X,10,,,,,,,,,,,
5060X,11,,,,,,,,,,,
5060X,12,,,,,,,,,,,
5060X,13,,,,,,,,,,,
5103E,01,,,,,,,,,,,
5103E,02,,,,,,,,,,,
5103E,03,,,,,,,,,,,
5103E,04,,,,,,,,,,,
5103E,05,,,,,,,,,,,
5103E,06,,,,,,,,,,,
5103E,07,,,,,,,,,,,
5103E,08,,,,,,,,,,,
5103E,09,,,,,,,,,,,
5103E,10,,,,,,,,,,,
5103E,11,,,,,,,,,,,
5103E,12,,,,,,,,,,,
5103E,13,,,,,,,,,,,
5103F,01,,,,,,,,,,,
5103F,02,,,,,,,,,,,
5103F,03,,,,,,,,,,,
5103F,04,,,,,,,,,,,
5103F,05,,,,,,,,,,,
5103F,06,,,,,,,,,,,
5103F,07,,,,,,,,,,,
5103F,08,,,,,,,,,,,
5103F,09,,,,,,,,,,,
5103F,10,,,,,,,,,,,
5103F,11,,,,,,,,,,,
5103F,12,,,,,,,,,,,
5103F,13,,,,,,,,,,,
5107D,01,,,,,,,,,,,
5107D,02,,,,,,,,,,,
5107D,03,,,,,,,,,,,
5107D,04,,,,,,,,,,,
5107D,05,,,,,,,,,,,
5107D,06,,,,,,,,,,,
5107D,07,,,,,,,,,,,
5107D,08,,,,,,,,,,,
5107D,09,,,,,,,,,,,
5107D,10,,,,,,,,,,,
5107D,11,,,,,,,,,,,
5107D,12,,,,,,,,,,,
5107D,13,,,,,,,,,,,
5164B,01,,,,,,,,,,,
5164B,02,,,,,,,,,,,
5164B,03,,,,,,,,,,,
5164B,04,,,,,,,,,,,
5164B,05,,,,,,,,,,,
5164B,06,,,,,,,,,,,
5164B,07,,,,,,,,,,,
5164B,08,,,,,,,,,,,
5164B,09,,,,,,,,,,,
5164B,10,,,,,,,,,,,
5164B,11,,,,,,,,,,,
5164B,12,,,,,,,,,,,
5164B,13,,,,,,,,,,,
5165X,01,,,,,,,,,,,
5165X,02,,,,,,,,,,,
5165X,03,,,,,,,,,,,
5165X,04,,,,,,,,,,,
5165X,05,,,,,,,,,,,
5165X,06,,,,,,,,,,,
5165X,07,,,,,,,,,,,
5165X,08,,,,,,,,,,,
5165X,09,,,,,,,,,,,
5165X,10,,,,,,,,,,,
5165X,11,,,,,,,,,,,
5165X,12,,,,,,,,,,,
5165X,13,,,,,,,,,,,
5181D,01,,,,,,,,,,,
5181D,02,,,,,,,,,,,
5181D,03,,,,,,,,,,,
5181D,04,,,,,,,,,,,
5181D,05,,,,,,,,,,,
5181D,06,,,,,,,,,,,
5181D,07,,,,,,,,,,,
5181D,08,,,,,,,,,,,
5181D,09,,,,,,,,,,,
5181D,10,,,,,,,,,,,
5181D,11,,,,,,,,,,,
5181D,12,,,,,,,,,,,
5181D,13,,,,,,,,,,,
5192,01,,,,,,,,,,,
5192,02,,,,,,,,,,,
5192,03,,,,,,,,,,,
5192,04,,,,,,,,,,,
5192,05,,,,,,,,,,,
5192,06,,,,,,,,,,,
5192,07,,,,,,,,,,,
5192,08,,,,,,,,,,,
5192,09,,,,,,,,,,,
5192,10,,,,,,,,,,,
5192,11,,,,,,,,,,,
5192,12,,,,,,,,,,,
5192,13,,,,,,,,,,,
5210X,01,,,,,,,,,,,
5210X,02,,,,,,,,,,,
5210X,03,,,,,,,,,,,
5210X,04,,,,,,,,,,,
5210X,05,,,,,,,,,,,
5210X,06,,,,,,,,,,,
5210X,07,,,,,,,,,,,
5210X,08,,,,,,,,,,,
5210X,09,,,,,,,,,,,
5210X,10,,,,,,,,,,,
5210X,11,,,,,,,,,,,
5210X,12,,,,,,,,,,,
5210X,13,,,,,,,,,,,
5246,01,,,,,,,,,,,
5246,02,,,,,,,,,,,
5246,03,,,,,,,,,,,
5246,04,,,,,,,,,,,
5246,05,,,,,,,,,,,
5246,06,,,,,,,,,,,
5246,07,,,,,,,,,,,
5246,08,,,,,,,,,,,
5246,09,,,,,,,,,,,
5246,10,,,,,,,,,,,
5246,11,,,,,,,,,,,
5246,12,,,,,,,,,,,
5246,13,,,,,,,,,,,
5270,01,,,,,,,,,,,
5270,02,,,,,,,,,,,
5270,03,,,,,,,,,,,
5270,04,,,,,,,,,,,
5270,05,,,,,,,,,,,
5270,06,,,,,,,,,,,
5270,07,,,,,,,,,,,
5270,08,,,,,,,,,,,
5270,09,,,,,,,,,,,
5270,10,,,,,,,,,,,
5270,11,,,,,,,,,,,
5270,12,,,,,,,,,,,
5270,13,,,,,,,,,,,
5270B,01,,,,,,,,,,,
5270B,02,,,,,,,,,,,
5270B,03,,,,,,,,,,,
5270B,04,,,,,,,,,,,
5270B,05,,,,,,,,,,,
5270B,06,,,,,,,,,,,
5270B,07,,,,,,,,,,,
5270B,08,,,,,,,,,,,
5270B,09,,,,,,,,,,,
5270B,10,,,,,,,,,,,
5270B,11,,,,,,,,,,,
5270B,12,,,,,,,,,,,
5270B,13,,,,,,,,,,,
5279X,01,,,,,,,,,,,
5279X,02,,,,,,,,,,,
5279X,03,,,,,,,,,,,
5279X,04,,,,,,,,,,,
5279X,05,,,,,,,,,,,
5279X,06,,,,,,,,,,,
5279X,07,,,,,,,,,,,
5279X,08,,,,,,,,,,,
5279X,09,,,,,,,,,,,
5279X,10,,,,,,,,,,,
5279X,11,,,,,,,,,,,
5279X,12,,,,,,,,,,,
5279X,13,,,,,,,,,,,
5281X,01,,,,,,,,,,,
5281X,02,,,,,,,,,,,
5281X,03,,,,,,,,,,,
5281X,04,,,,,,,,,,,
5281X,05,,,,,,,,,,,
5281X,06,,,,,,,,,,,
5281X,07,,,,,,,,,,,
5281X,08,,,,,,,,,,,
5281X,09,,,,,,,,,,,
5281X,10,,,,,,,,,,,
5281X,11,,,,,,,,,,,
5281X,12,,,,,,,,,,,
5281X,13,,,,,,,,,,,
5298X,01,,,,,,,,,,,
5298X,02,,,,,,,,,,,
5298X,03,,,,,,,,,,,
5298X,04,,,,,,,,,,,
5298X,05,,,,,,,,,,,
5298X,06,,,,,,,,,,,
5298X,07,,,,,,,,,,,
5298X,08,,,,,,,,,,,
5298X,09,,,,,,,,,,,
5298X,10,,,,,,,,,,,
5298X,11,,,,,,,,,,,
5298X,12,,,,,,,,,,,
5298X,13,,,,,,,,,,,
5304Y,01,,,,,,,,,,,
5304Y,02,,,,,,,,,,,
5304Y,03,,,,,,,,,,,
5304Y,04,,,,,,,,,,,
5304Y,05,,,,,,,,,,,
5304Y,06,,,,,,,,,,,
5304Y,07,,,,,,,,,,,
5304Y,08,,,,,,,,,,,
5304Y,09,,,,,,,,,,,
5304Y,10,,,,,,,,,,,
5304Y,11,,,,,,,,,,,
5304Y,12,,,,,,,,,,,
5304Y,13,,,,,,,,,,,
5341C,01,,,,,,,,,,,
5341C,02,,,,,,,,,,,
5341C,03,,,,,,,,,,,
5341C,04,,,,,,,,,,,
5341C,05,,,,,,,,,,,
5341C,06,,,,,,,,,,,
5341C,07,,,,,,,,,,,
5341C,08,,,,,,,,,,,
5341C,09,,,,,,,,,,,
5341C,10,,,,,,,,,,,
5341C,11,,,,,,,,,,,
5341C,12,,,,,,,,,,,
5341C,13,,,,,,,,,,,
5346X,01,,,,,,,,,,,
5346X,02,,,,,,,,,,,
5346X,03,,,,,,,,,,,
5346X,04,,,,,,,,,,,
5346X,05,,,,,,,,,,,
5346X,06,,,,,,,,,,,
5346X,07,,,,,,,,,,,
5346X,08,,,,,,,,,,,
5346X,09,,,,,,,,,,,
5346X,10,,,,,,,,,,,
5346X,11,,,,,,,,,,,
5346X,12,,,,,,,,,,,
5346X,13,,,,,,,,,,,
5361X,01,,,,,,,,,,,
5361X,02,,,,,,,,,,,
5361X,03,,,,,,,,,,,
5361X,04,,,,,,,,,,,
5361X,05,,,,,,,,,,,
5361X,06,,,,,,,,,,,
5361X,07,,,,,,,,,,,
5361X,08,,,,,,,,,,,
5361X,09,,,,,,,,,,,
5361X,10,,,,,,,,,,,
5361X,11,,,,,,,,,,,
5361X,12,,,,,,,,,,,
5361X,13,,,,,,,,,,,
5390Y,01,,,,,,,,,,,
5390Y,02,,,,,,,,,,,
5390Y,03,,,,,,,,,,,
5390Y,04,,,,,,,,,,,
5390Y,05,,,,,,,,,,,
5390Y,06,,,,,,,,,,,
5390Y,07,,,,,,,,,,,
5390Y,08,,,,,,,,,,,
5390Y,09,,,,,,,,,,,
5390Y,10,,,,,,,,,,,
5390Y,11,,,,,,,,,,,
5390Y,12,,,,,,,,,,,
5390Y,13,,,,,,,,,,,
5394X,01,,,,,,,,,,,
5394X,02,,,,,,,,,,,
5394X,03,,,,,,,,,,,
5394X,04,,,,,,,,,,,
5394X,05,,,,,,,,,,,
5394X,06,,,,,,,,,,,
5394X,07,,,,,,,,,,,
5394X,08,,,,,,,,,,,
5394X,09,,,,,,,,,,,
5394X,10,,,,,,,,,,,
5394X,11,,,,,,,,,,,
5394X,12,,,,,,,,,,,
5394X,13,,,,,,,,,,,
5402,01,,,,,,,,,,,
5402,02,,,,,,,,,,,
5402,03,,,,,,,,,,,
5402,04,,,,,,,,,,,
5402,05,,,,,,,,,,,
5402,06,,,,,,,,,,,
5402,07,,,,,,,,,,,
5402,08,,,,,,,,,,,
5402,09,,,,,,,,,,,
5402,10,,,,,,,,,,,
5402,11,,,,,,,,,,,
5402,12,,,,,,,,,,,
5402,13,,,,,,,,,,,
5406X,01,,,,,,,,,,,
5406X,02,,,,,,,,,,,
5406X,03,,,,,,,,,,,
5406X,04,,,,,,,,,,,
5406X,05,,,,,,,,,,,
5406X,06,,,,,,,,,,,
5406X,07,,,,,,,,,,,
5406X,08,,,,,,,,,,,
5406X,09,,,,,,,,,,,
5406X,10,,,,,,,,,,,
5406X,11,,,,,,,,,,,
5406X,12,,,,,,,,,,,
5406X,13,,,,,,,,,,,
5412X,01,,,,,,,,,,,
5412X,02,,,,,,,,,,,
5412X,03,,,,,,,,,,,
5412X,04,,,,,,,,,,,
5412X,05,,,,,,,,,,,
5412X,06,,,,,,,,,,,
5412X,07,,,,,,,,,,,
5412X,08,,,,,,,,,,,
5412X,09,,,,,,,,,,,
5412X,10,,,,,,,,,,,
5412X,11,,,,,,,,,,,
5412X,12,,,,,,,,,,,
5412X,13,,,,,,,,,,,
5427X,01,,,,,,,,,,,
5427X,02,,,,,,,,,,,
5427X,03,,,,,,,,,,,
5427X,04,,,,,,,,,,,
5427X,05,,,,,,,,,,,
5427X,06,,,,,,,,,,,
5427X,07,,,,,,,,,,,
5427X,08,,,,,,,,,,,
5427X,09,,,,,,,,,,,
5427X,10,,,,,,,,,,,
5427X,11,,,,,,,,,,,
5427X,12,,,,,,,,,,,
5427X,13,,,,,,,,,,,
5429X,01,,,,,,,,,,,
5429X,02,,,,,,,,,,,
5429X,03,,,,,,,,,,,
5429X,04,,,,,,,,,,,
5429X,05,,,,,,,,,,,
5429X,06,,,,,,,,,,,
5429X,07,,,,,,,,,,,
5429X,08,,,,,,,,,,,
5429X,09,,,,,,,,,,,
5429X,10,,,,,,,,,,,
5429X,11,,,,,,,,,,,
5429X,12,,,,,,,,,,,
5429X,13,,,,,,,,,,,
5459X,01,,,,,,,,,,,
5459X,02,,,,,,,,,,,
5459X,03,,,,,,,,,,,
5459X,04,,,,,,,,,,,
5459X,05,,,,,,,,,,,
5459X,06,,,,,,,,,,,
5459X,07,,,,,,,,,,,
5459X,08,,,,,,,,,,,
5459X,09,,,,,,,,,,,
5459X,10,,,,,,,,,,,
5459X,11,,,,,,,,,,,
5459X,12,,,,,,,,,,,
5459X,13,,,,,,,,,,,
5470,01,,,,,,,,,,,
5470,02,,,,,,,,,,,
5470,03,,,,,,,,,,,
5470,04,,,,,,,,,,,
5470,05,,,,,,,,,,,
5470,06,,,,,,,,,,,
5470,07,,,,,,,,,,,
5470,08,,,,,,,,,,,
5470,09,,,,,,,,,,,
5470,10,,,,,,,,,,,
5470,11,,,,,,,,,,,
5470,12,,,,,,,,,,,
5470,13,,,,,,,,,,,
5473X,01,,,,,,,,,,,
5473X,02,,,,,,,,,,,
5473X,03,,,,,,,,,,,
5473X,04,,,,,,,,,,,
5473X,05,,,,,,,,,,,
5473X,06,,,,,,,,,,,
5473X,07,,,,,,,,,,,
5473X,08,,,,,,,,,,,
5473X,09,,,,,,,,,,,
5473X,10,,,,,,,,,,,
5473X,11,,,,,,,,,,,
5473X,12,,,,,,,,,,,
5473X,13,,,,,,,,,,,
5511,01,,,,,,,,,,,
5511,02,,,,,,,,,,,
5511,03,,,,,,,,,,,
5511,04,,,,,,,,,,,
5511,05,,,,,,,,,,,
5511,06,,,,,,,,,,,
5511,07,,,,,,,,,,,
5511,08,,,,,,,,,,,
5511,09,,,,,,,,,,,
5511,10,,,,,,,,,,,
5511,11,,,,,,,,,,,
5511,12,,,,,,,,,,,
5511,13,,,,,,,,,,,
5514,01,,,,,,,,,,,
5514,02,,,,,,,,,,,
5514,03,,,,,,,,,,,
5514,04,,,,,,,,,,,
5514,05,,,,,,,,,,,
5514,06,,,,,,,,,,,
5514,07,,,,,,,,,,,
5514,08,,,,,,,,,,,
5514,09,,,,,,,,,,,
5514,10,,,,,,,,,,,
5514,11,,,,,,,,,,,
5514,12,,,,,,,,,,,
5514,13,,,,,,,,,,,
5514Z,01,,,,,,,,,,,
5514Z,02,,,,,,,,,,,
5514Z,03,,,,,,,,,,,
5514Z,04,,,,,,,,,,,
5514Z,05,,,,,,,,,,,
5514Z,06,,,,,,,,,,,
5514Z,07,,,,,,,,,,,
5514Z,08,,,,,,,,,,,
5514Z,09,,,,,,,,,,,
5514Z,10,,,,,,,,,,,
5514Z,11,,,,,,,,,,,
5514Z,12,,,,,,,,,,,
5514Z,13,,,,,,,,,,,
5515D,01,,,,,,,,,,,
5515D,02,,,,,,,,,,,
5515D,03,,,,,,,,,,,
5515D,04,,,,,,,,,,,
5515D,05,,,,,,,,,,,
5515D,06,,,,,,,,,,,
5515D,07,,,,,,,,,,,
5515D,08,,,,,,,,,,,
5515D,09,,,,,,,,,,,
5515D,10,,,,,,,,,,,
5515D,11,,,,,,,,,,,
5515D,12,,,,,,,,,,,
5515D,13,,,,,,,,,,,
5515X,01,,,,,,,,,,,
5515X,02,,,,,,,,,,,
5515X,03,,,,,,,,,,,
5515X,04,,,,,,,,,,,
5515X,05,,,,,,,,,,,
5515X,06,,,,,,,,,,,
5515X,07,,,,,,,,,,,
5515X,08,,,,,,,,,,,
5515X,09,,,,,,,,,,,
5515X,10,,,,,,,,,,,
5515X,11,,,,,,,,,,,
5515X,12,,,,,,,,,,,
5515X,13,,,,,,,,,,,
5516D,01,,,,,,,,,,,
5516D,02,,,,,,,,,,,
5516D,03,,,,,,,,,,,
5516D,04,,,,,,,,,,,
5516D,05,,,,,,,,,,,
5516D,06,,,,,,,,,,,
5516D,07,,,,,,,,,,,
5516D,08,,,,,,,,,,,
5516D,09,,,,,,,,,,,
5516D,10,,,,,,,,,,,
5516D,11,,,,,,,,,,,
5516D,12,,,,,,,,,,,
5516D,13,,,,,,,,,,,
5530E,01,,,,,,,,,,,
5530E,02,,,,,,,,,,,
5530E,03,,,,,,,,,,,
5530E,04,,,,,,,,,,,
5530E,05,,,,,,,,,,,
5530E,06,,,,,,,,,,,
5530E,07,,,,,,,,,,,
5530E,08,,,,,,,,,,,
5530E,09,,,,,,,,,,,
5530E,10,,,,,,,,,,,
5530E,11,,,,,,,,,,,
5530E,12,,,,,,,,,,,
5530E,13,,,,,,,,,,,
5582A,01,,,,,,,,,,,
5582A,02,,,,,,,,,,,
5582A,03,,,,,,,,,,,
5582A,04,,,,,,,,,,,
5582A,05,,,,,,,,,,,
5582A,06,,,,,,,,,,,
5582A,07,,,,,,,,,,,
5582A,08,,,,,,,,,,,
5582A,09,,,,,,,,,,,
5582A,10,,,,,,,,,,,
5582A,11,,,,,,,,,,,
5582A,12,,,,,,,,,,,
5582A,13,,,,,,,,,,,
5598X,01,,,,,,,,,,,
5598X,02,,,,,,,,,,,
5598X,03,,,,,,,,,,,
5598X,04,,,,,,,,,,,
5598X,05,,,,,,,,,,,
5598X,06,,,,,,,,,,,
5598X,07,,,,,,,,,,,
5598X,08,,,,,,,,,,,
5598X,09,,,,,,,,,,,
5598X,10,,,,,,,,,,,
5598X,11,,,,,,,,,,,
5598X,12,,,,,,,,,,,
5598X,13,,,,,,,,,,,
5612B,01,,,,,,,,,,,
5612B,02,,,,,,,,,,,
5612B,03,,,,,,,,,,,
5612B,04,,,,,,,,,,,
5612B,05,,,,,,,,,,,
5612B,06,,,,,,,,,,,
5612B,07,,,,,,,,,,,
5612B,08,,,,,,,,,,,
5612B,09,,,,,,,,,,,
5612B,10,,,,,,,,,,,
5612B,11,,,,,,,,,,,
5612B,12,,,,,,,,,,,
5612B,13,,,,,,,,,,,
5612X,01,,,,,,,,,,,
5612X,02,,,,,,,,,,,
5612X,03,,,,,,,,,,,
5612X,04,,,,,,,,,,,
5612X,05,,,,,,,,,,,
5612X,06,,,,,,,,,,,
5612X,07,,,,,,,,,,,
5612X,08,,,,,,,,,,,
5612X,09,,,,,,,,,,,
5612X,10,,,,,,,,,,,
5612X,11,,,,,,,,,,,
5612X,12,,,,,,,,,,,
5612X,13,,,,,,,,,,,
5624X,01,,,,,,,,,,,
5624X,02,,,,,,,,,,,
5624X,03,,,,,,,,,,,
5624X,04,,,,,,,,,,,
5624X,05,,,,,,,,,,,
5624X,06,,,,,,,,,,,
5624X,07,,,,,,,,,,,
5624X,08,,,,,,,,,,,
5624X,09,,,,,,,,,,,
5624X,10,,,,,,,,,,,
5624X,11,,,,,,,,,,,
5624X,12,,,,,,,,,,,
5624X,13,,,,,,,,,,,
5625X,01,,,,,,,,,,,
5625X,02,,,,,,,,,,,
5625X,03,,,,,,,,,,,
5625X,04,,,,,,,,,,,
5625X,05,,,,,,,,,,,
5625X,06,,,,,,,,,,,
5625X,07,,,,,,,,,,,
5625X,08,,,,,,,,,,,
5625X,09,,,,,,,,,,,
5625X,10,,,,,,,,,,,
5625X,11,,,,,,,,,,,
5625X,12,,,,,,,,,,,
5625X,13,,,,,,,,,,,
5641X,01,,,,,,,,,,,
5641X,02,,,,,,,,,,,
5641X,03,,,,,,,,,,,
5641X,04,,,,,,,,,,,
5641X,05,,,,,,,,,,,
5641X,06,,,,,,,,,,,
5641X,07,,,,,,,,,,,
5641X,08,,,,,,,,,,,
5641X,09,,,,,,,,,,,
5641X,10,,,,,,,,,,,
5641X,11,,,,,,,,,,,
5641X,12,,,,,,,,,,,
5641X,13,,,,,,,,,,,
5654X,01,,,,,,,,,,,
5654X,02,,,,,,,,,,,
5654X,03,,,,,,,,,,,
5654X,04,,,,,,,,,,,
5654X,05,,,,,,,,,,,
5654X,06,,,,,,,,,,,
5654X,07,,,,,,,,,,,
5654X,08,,,,,,,,,,,
5654X,09,,,,,,,,,,,
5654X,10,,,,,,,,,,,
5654X,11,,,,,,,,,,,
5654X,12,,,,,,,,,,,
5654X,13,,,,,,,,,,,
5656,01,,,,,,,,,,,
5656,02,,,,,,,,,,,
5656,03,,,,,,,,,,,
5656,04,,,,,,,,,,,
5656,05,,,,,,,,,,,
5656,06,,,,,,,,,,,
5656,07,,,,,,,,,,,
5656,08,,,,,,,,,,,
5656,09,,,,,,,,,,,
5656,10,,,,,,,,,,,
5656,11,,,,,,,,,,,
5656,12,,,,,,,,,,,
5656,13,,,,,,,,,,,
5702X,01,,,,,,,,,,,
5702X,02,,,,,,,,,,,
5702X,03,,,,,,,,,,,
5702X,04,,,,,,,,,,,
5702X,05,,,,,,,,,,,
5702X,06,,,,,,,,,,,
5702X,07,,,,,,,,,,,
5702X,08,,,,,,,,,,,
5702X,09,,,,,,,,,,,
5702X,10,,,,,,,,,,,
5702X,11,,,,,,,,,,,
5702X,12,,,,,,,,,,,
5702X,13,,,,,,,,,,,
5704B,01,,,,,,,,,,,
5704B,02,,,,,,,,,,,
5704B,03,,,,,,,,,,,
5704B,04,,,,,,,,,,,
5704B,05,,,,,,,,,,,
5704B,06,,,,,,,,,,,
5704B,07,,,,,,,,,,,
5704B,08,,,,,,,,,,,
5704B,09,,,,,,,,,,,
5704B,10,,,,,,,,,,,
5704B,11,,,,,,,,,,,
5704B,12,,,,,,,,,,,
5704B,13,,,,,,,,,,,
5726X,01,,,,,,,,,,,
5726X,02,,,,,,,,,,,
5726X,03,,,,,,,,,,,
5726X,04,,,,,,,,,,,
5726X,05,,,,,,,,,,,
5726X,06,,,,,,,,,,,
5726X,07,,,,,,,,,,,
5726X,08,,,,,,,,,,,
5726X,09,,,,,,,,,,,
5726X,10,,,,,,,,,,,
5726X,11,,,,,,,,,,,
5726X,12,,,,,,,,,,,
5726X,13,,,,,,,,,,,
5733X,01,,,,,,,,,,,
5733X,02,,,,,,,,,,,
5733X,03,,,,,,,,,,,
5733X,04,,,,,,,,,,,
5733X,05,,,,,,,,,,,
5733X,06,,,,,,,,,,,
5733X,07,,,,,,,,,,,
5733X,08,,,,,,,,,,,
5733X,09,,,,,,,,,,,
5733X,10,,,,,,,,,,,
5733X,11,,,,,,,,,,,
5733X,12,,,,,,,,,,,
5733X,13,,,,,,,,,,,
5769X,01,,,,,,,,,,,
5769X,02,,,,,,,,,,,
5769X,03,,,,,,,,,,,
5769X,04,,,,,,,,,,,
5769X,05,,,,,,,,,,,
5769X,06,,,,,,,,,,,
5769X,07,,,,,,,,,,,
5769X,08,,,,,,,,,,,
5769X,09,,,,,,,,,,,
5769X,10,,,,,,,,,,,
5769X,11,,,,,,,,,,,
5769X,12,,,,,,,,,,,
5769X,13,,,,,,,,,,,
5783,01,,,,,,,,,,,
5783,02,,,,,,,,,,,
5783,03,,,,,,,,,,,
5783,04,,,,,,,,,,,
5783,05,,,,,,,,,,,
5783,06,,,,,,,,,,,
5783,07,,,,,,,,,,,
5783,08,,,,,,,,,,,
5783,09,,,,,,,,,,,
5783,10,,,,,,,,,,,
5783,11,,,,,,,,,,,
5783,12,,,,,,,,,,,
5783,13,,,,,,,,,,,
5788X,01,,,,,,,,,,,
5788X,02,,,,,,,,,,,
5788X,03,,,,,,,,,,,
5788X,04,,,,,,,,,,,
5788X,05,,,,,,,,,,,
5788X,06,,,,,,,,,,,
5788X,07,,,,,,,,,,,
5788X,08,,,,,,,,,,,
5788X,09,,,,,,,,,,,
5788X,10,,,,,,,,,,,
5788X,11,,,,,,,,,,,
5788X,12,,,,,,,,,,,
5788X,13,,,,,,,,,,,
5790Y,01,,,,,,,,,,,
5790Y,02,,,,,,,,,,,
5790Y,03,,,,,,,,,,,
5790Y,04,,,,,,,,,,,
5790Y,05,,,,,,,,,,,
5790Y,06,,,,,,,,,,,
5790Y,07,,,,,,,,,,,
5790Y,08,,,,,,,,,,,
5790Y,09,,,,,,,,,,,
5790Y,10,,,,,,,,,,,
5790Y,11,,,,,,,,,,,
5790Y,12,,,,,,,,,,,
5790Y,13,,,,,,,,,,,
5796,01,,,,,,,,,,,
5796,02,,,,,,,,,,,
5796,03,,,,,,,,,,,
5796,04,,,,,,,,,,,
5796,05,,,,,,,,,,,
5796,06,,,,,,,,,,,
5796,07,,,,,,,,,,,
5796,08,,,,,,,,,,,
5796,09,,,,,,,,,,,
5796,10,,,,,,,,,,,
5796,11,,,,,,,,,,,
5796,12,,,,,,,,,,,
5796,13,,,,,,,,,,,
5835X,01,,,,,,,,,,,
5835X,02,,,,,,,,,,,
5835X,03,,,,,,,,,,,
5835X,04,,,,,,,,,,,
5835X,05,,,,,,,,,,,
5835X,06,,,,,,,,,,,
5835X,07,,,,,,,,,,,
5835X,08,,,,,,,,,,,
5835X,09,,,,,,,,,,,
5835X,10,,,,,,,,,,,
5835X,11,,,,,,,,,,,
5835X,12,,,,,,,,,,,
5835X,13,,,,,,,,,,,
5858X,01,,,,,,,,,,,
5858X,02,,,,,,,,,,,
5858X,03,,,,,,,,,,,
5858X,04,,,,,,,,,,,
5858X,05,,,,,,,,,,,
5858X,06,,,,,,,,,,,
5858X,07,,,,,,,,,,,
5858X,08,,,,,,,,,,,
5858X,09,,,,,,,,,,,
5858X,10,,,,,,,,,,,
5858X,11,,,,,,,,,,,
5858X,12,,,,,,,,,,,
5858X,13,,,,,,,,,,,
5860E,01,,,,,,,,,,,
5860E,02,,,,,,,,,,,
5860E,03,,,,,,,,,,,
5860E,04,,,,,,,,,,,
5860E,05,,,,,,,,,,,
5860E,06,,,,,,,,,,,
5860E,07,,,,,,,,,,,
5860E,08,,,,,,,,,,,
5860E,09,,,,,,,,,,,
5860E,10,,,,,,,,,,,
5860E,11,,,,,,,,,,,
5860E,12,,,,,,,,,,,
5860E,13,,,,,,,,,,,
5891X,01,,,,,,,,,,,
5891X,02,,,,,,,,,,,
5891X,03,,,,,,,,,,,
5891X,04,,,,,,,,,,,
5891X,05,,,,,,,,,,,
5891X,06,,,,,,,,,,,
5891X,07,,,,,,,,,,,
5891X,08,,,,,,,,,,,
5891X,09,,,,,,,,,,,
5891X,10,,,,,,,,,,,
5891X,11,,,,,,,,,,,
5891X,12,,,,,,,,,,,
5891X,13,,,,,,,,,,,
5906X,01,,,,,,,,,,,
5906X,02,,,,,,,,,,,
5906X,03,,,,,,,,,,,
5906X,04,,,,,,,,,,,
5906X,05,,,,,,,,,,,
5906X,06,,,,,,,,,,,
5906X,07,,,,,,,,,,,
5906X,08,,,,,,,,,,,
5906X,09,,,,,,,,,,,
5906X,10,,,,,,,,,,,
5906X,11,,,,,,,,,,,
5906X,12,,,,,,,,,,,
5906X,13,,,,,,,,,,,
5910,01,,,,,,,,,,,
5910,02,,,,,,,,,,,
5910,03,,,,,,,,,,,
5910,04,,,,,,,,,,,
5910,05,,,,,,,,,,,
5910,06,,,,,,,,,,,
5910,07,,,,,,,,,,,
5910,08,,,,,,,,,,,
5910,09,,,,,,,,,,,
5910,10,,,,,,,,,,,
5910,11,,,,,,,,,,,
5910,12,,,,,,,,,,,
5910,13,,,,,,,,,,,
5911A,01,,,,,,,,,,,
5911A,02,,,,,,,,,,,
5911A,03,,,,,,,,,,,
5911A,04,,,,,,,,,,,
5911A,05,,,,,,,,,,,
5911A,06,,,,,,,,,,,
5911A,07,,,,,,,,,,,
5911A,08,,,,,,,,,,,
5911A,09,,,,,,,,,,,
5911A,10,,,,,,,,,,,
5911A,11,,,,,,,,,,,
5911A,12,,,,,,,,,,,
5911A,13,,,,,,,,,,,
5919X,01,,,,,,,,,,,
5919X,02,,,,,,,,,,,
5919X,03,,,,,,,,,,,
5919X,04,,,,,,,,,,,
5919X,05,,,,,,,,,,,
5919X,06,,,,,,,,,,,
5919X,07,,,,,,,,,,,
5919X,08,,,,,,,,,,,
5919X,09,,,,,,,,,,,
5919X,10,,,,,,,,,,,
5919X,11,,,,,,,,,,,
5919X,12,,,,,,,,,,,
5919X,13,,,,,,,,,,,
5941X,01,,,,,,,,,,,
5941X,02,,,,,,,,,,,
5941X,03,,,,,,,,,,,
5941X,04,,,,,,,,,,,
5941X,05,,,,,,,,,,,
5941X,06,,,,,,,,,,,
5941X,07,,,,,,,,,,,
5941X,08,,,,,,,,,,,
5941X,09,,,,,,,,,,,
5941X,10,,,,,,,,,,,
5941X,11,,,,,,,,,,,
5941X,12,,,,,,,,,,,
5941X,13,,,,,,,,,,,
5950X,01,,,,,,,,,,,
5950X,02,,,,,,,,,,,
5950X,03,,,,,,,,,,,
5950X,04,,,,,,,,,,,
5950X,05,,,,,,,,,,,
5950X,06,,,,,,,,,,,
5950X,07,,,,,,,,,,,
5950X,08,,,,,,,,,,,
5950X,09,,,,,,,,,,,
5950X,10,,,,,,,,,,,
5950X,11,,,,,,,,,,,
5950X,12,,,,,,,,,,,
5950X,13,,,,,,,,,,,
5960,01,,,,,,,,,,,
5960,02,,,,,,,,,,,
5960,03,,,,,,,,,,,
5960,04,,,,,,,,,,,
5960,05,,,,,,,,,,,
5960,06,,,,,,,,,,,
5960,07,,,,,,,,,,,
5960,08,,,,,,,,,,,
5960,09,,,,,,,,,,,
5960,10,,,,,,,,,,,
5960,11,,,,,,,,,,,
5960,12,,,,,,,,,,,
5960,13,,,,,,,,,,,
5972X,01,,,,,,,,,,,
5972X,02,,,,,,,,,,,
5972X,03,,,,,,,,,,,
5972X,04,,,,,,,,,,,
5972X,05,,,,,,,,,,,
5972X,06,,,,,,,,,,,
5972X,07,,,,,,,,,,,
5972X,08,,,,,,,,,,,
5972X,09,,,,,,,,,,,
5972X,10,,,,,,,,,,,
5972X,11,,,,,,,,,,,
5972X,12,,,,,,,,,,,
5972X,13,,,,,,,,,,,
5973,01,,,,,,,,,,,
5973,02,,,,,,,,,,,
5973,03,,,,,,,,,,,
5973,04,,,,,,,,,,,
5973,05,,,,,,,,,,,
5973,06,,,,,,,,,,,
5973,07,,,,,,,,,,,
5973,08,,,,,,,,,,,
5973,09,,,,,,,,,,,
5973,10,,,,,,,,,,,
5973,11,,,,,,,,,,,
5973,12,,,,,,,,,,,
5973,13,,,,,,,,,,,
5983X,01,,,,,,,,,,,
5983X,02,,,,,,,,,,,
5983X,03,,,,,,,,,,,
5983X,04,,,,,,,,,,,
5983X,05,,,,,,,,,,,
5983X,06,,,,,,,,,,,
5983X,07,,,,,,,,,,,
5983X,08,,,,,,,,,,,
5983X,09,,,,,,,,,,,
5983X,10,,,,,,,,,,,
5983X,11,,,,,,,,,,,
5983X,12,,,,,,,,,,,
5983X,13,,,,,,,,,,,
5995B,01,,,,,,,,,,,
5995B,02,,,,,,,,,,,
5995B,03,,,,,,,,,,,
5995B,04,,,,,,,,,,,
5995B,05,,,,,,,,,,,
5995B,06,,,,,,,,,,,
5995B,07,,,,,,,,,,,
5995B,08,,,,,,,,,,,
5995B,09,,,,,,,,,,,
5995B,10,,,,,,,,,,,
5995B,11,,,,,,,,,,,
5995B,12,,,,,,,,,,,
5995B,13,,,,,,,,,,,
5996B,01,,,,,,,,,,,
5996B,02,,,,,,,,,,,
5996B,03,,,,,,,,,,,
5996B,04,,,,,,,,,,,
5996B,05,,,,,,,,,,,
5996B,06,,,,,,,,,,,
5996B,07,,,,,,,,,,,
5996B,08,,,,,,,,,,,
5996B,09,,,,,,,,,,,
5996B,10,,,,,,,,,,,
5996B,11,,,,,,,,,,,
5996B,12,,,,,,,,,,,
5996B,13,,,,,,,,,,,
5998X,01,,,,,,,,,,,
5998X,02,,,,,,,,,,,
5998X,03,,,,,,,,,,,
5998X,04,,,,,,,,,,,
5998X,05,,,,,,,,,,,
5998X,06,,,,,,,,,,,
5998X,07,,,,,,,,,,,
5998X,08,,,,,,,,,,,
5998X,09,,,,,,,,,,,
5998X,10,,,,,,,,,,,
5998X,11,,,,,,,,,,,
5998X,12,,,,,,,,,,,
5998X,13,,,,,,,,,,,
6000A,01,,,,,,,,,,,
6000A,02,,,,,,,,,,,
6000A,03,,,,,,,,,,,
6000A,04,,,,,,,,,,,
6000A,05,,,,,,,,,,,
6000A,06,,,,,,,,,,,
6000A,07,,,,,,,,,,,
6000A,08,,,,,,,,,,,
6000A,09,,,,,,,,,,,
6000A,10,,,,,,,,,,,
6000A,11,,,,,,,,,,,
6000A,12,,,,,,,,,,,
6000A,13,,,,,,,,,,,
6001,01,,,,,,,,,,,
6001,02,,,,,,,,,,,
6001,03,,,,,,,,,,,
6001,04,,,,,,,,,,,
6001,05,,,,,,,,,,,
6001,06,,,,,,,,,,,
6001,07,,,,,,,,,,,
6001,08,,,,,,,,,,,
6001,09,,,,,,,,,,,
6001,10,,,,,,,,,,,
6001,11,,,,,,,,,,,
6001,12,,,,,,,,,,,
6001,13,,,,,,,,,,,
6032B,01,,,,,,,,,,,
6032B,02,,,,,,,,,,,
6032B,03,,,,,,,,,,,
6032B,04,,,,,,,,,,,
6032B,05,,,,,,,,,,,
6032B,06,,,,,,,,,,,
6032B,07,,,,,,,,,,,
6032B,08,,,,,,,,,,,
6032B,09,,,,,,,,,,,
6032B,10,,,,,,,,,,,
6032B,11,,,,,,,,,,,
6032B,12,,,,,,,,,,,
6032B,13,,,,,,,,,,,
6032X,01,,,,,,,,,,,
6032X,02,,,,,,,,,,,
6032X,03,,,,,,,,,,,
6032X,04,,,,,,,,,,,
6032X,05,,,,,,,,,,,
6032X,06,,,,,,,,,,,
6032X,07,,,,,,,,,,,
6032X,08,,,,,,,,,,,
6032X,09,,,,,,,,,,,
6032X,10,,,,,,,,,,,
6032X,11,,,,,,,,,,,
6032X,12,,,,,,,,,,,
6032X,13,,,,,,,,,,,
6040X,01,,,,,,,,,,,
6040X,02,,,,,,,,,,,
6040X,03,,,,,,,,,,,
6040X,04,,,,,,,,,,,
6040X,05,,,,,,,,,,,
6040X,06,,,,,,,,,,,
6040X,07,,,,,,,,,,,
6040X,08,,,,,,,,,,,
6040X,09,,,,,,,,,,,
6040X,10,,,,,,,,,,,
6040X,11,,,,,,,,,,,
6040X,12,,,,,,,,,,,
6040X,13,,,,,,,,,,,
6042I,01,,,,,,,,,,,
6042I,02,,,,,,,,,,,
6042I,03,,,,,,,,,,,
6042I,04,,,,,,,,,,,
6042I,05,,,,,,,,,,,
6042I,06,,,,,,,,,,,
6042I,07,,,,,,,,,,,
6042I,08,,,,,,,,,,,
6042I,09,,,,,,,,,,,
6042I,10,,,,,,,,,,,
6042I,11,,,,,,,,,,,
6042I,12,,,,,,,,,,,
6042I,13,,,,,,,,,,,
6045X,01,,,,,,,,,,,
6045X,02,,,,,,,,,,,
6045X,03,,,,,,,,,,,
6045X,04,,,,,,,,,,,
6045X,05,,,,,,,,,,,
6045X,06,,,,,,,,,,,
6045X,07,,,,,,,,,,,
6045X,08,,,,,,,,,,,
6045X,09,,,,,,,,,,,
6045X,10,,,,,,,,,,,
6045X,11,,,,,,,,,,,
6045X,12,,,,,,,,,,,
6045X,13,,,,,,,,,,,
6050X,01,,,,,,,,,,,
6050X,02,,,,,,,,,,,
6050X,03,,,,,,,,,,,
6050X,04,,,,,,,,,,,
6050X,05,,,,,,,,,,,
6050X,06,,,,,,,,,,,
6050X,07,,,,,,,,,,,
6050X,08,,,,,,,,,,,
6050X,09,,,,,,,,,,,
6050X,10,,,,,,,,,,,
6050X,11,,,,,,,,,,,
6050X,12,,,,,,,,,,,
6050X,13,,,,,,,,,,,
6056X,01,,,,,,,,,,,
6056X,02,,,,,,,,,,,
6056X,03,,,,,,,,,,,
6056X,04,,,,,,,,,,,
6056X,05,,,,,,,,,,,
6056X,06,,,,,,,,,,,
6056X,07,,,,,,,,,,,
6056X,08,,,,,,,,,,,
6056X,09,,,,,,,,,,,
6056X,10,,,,,,,,,,,
6056X,11,,,,,,,,,,,
6056X,12,,,,,,,,,,,
6056X,13,,,,,,,,,,,
6057X,01,,,,,,,,,,,
6057X,02,,,,,,,,,,,
6057X,03,,,,,,,,,,,
6057X,04,,,,,,,,,,,
6057X,05,,,,,,,,,,,
6057X,06,,,,,,,,,,,
6057X,07,,,,,,,,,,,
6057X,08,,,,,,,,,,,
6057X,09,,,,,,,,,,,
6057X,10,,,,,,,,,,,
6057X,11,,,,,,,,,,,
6057X,12,,,,,,,,,,,
6057X,13,,,,,,,,,,,
6058I,01,,,,,,,,,,,
6058I,02,,,,,,,,,,,
6058I,03,,,,,,,,,,,
6058I,04,,,,,,,,,,,
6058I,05,,,,,,,,,,,
6058I,06,,,,,,,,,,,
6058I,07,,,,,,,,,,,
6058I,08,,,,,,,,,,,
6058I,09,,,,,,,,,,,
6058I,10,,,,,,,,,,,
6058I,11,,,,,,,,,,,
6058I,12,,,,,,,,,,,
6058I,13,,,,,,,,,,,
6069X,01,,,,,,,,,,,
6069X,02,,,,,,,,,,,
6069X,03,,,,,,,,,,,
6069X,04,,,,,,,,,,,
6069X,05,,,,,,,,,,,
6069X,06,,,,,,,,,,,
6069X,07,,,,,,,,,,,
6069X,08,,,,,,,,,,,
6069X,09,,,,,,,,,,,
6069X,10,,,,,,,,,,,
6069X,11,,,,,,,,,,,
6069X,12,,,,,,,,,,,
6069X,13,,,,,,,,,,,
6076X,01,,,,,,,,,,,
6076X,02,,,,,,,,,,,
6076X,03,,,,,,,,,,,
6076X,04,,,,,,,,,,,
6076X,05,,,,,,,,,,,
6076X,06,,,,,,,,,,,
6076X,07,,,,,,,,,,,
6076X,08,,,,,,,,,,,
6076X,09,,,,,,,,,,,
6076X,10,,,,,,,,,,,
6076X,11,,,,,,,,,,,
6076X,12,,,,,,,,,,,
6076X,13,,,,,,,,,,,
6083X,01,,,,,,,,,,,
6083X,02,,,,,,,,,,,
6083X,03,,,,,,,,,,,
6083X,04,,,,,,,,,,,
6083X,05,,,,,,,,,,,
6083X,06,,,,,,,,,,,
6083X,07,,,,,,,,,,,
6083X,08,,,,,,,,,,,
6083X,09,,,,,,,,,,,
6083X,10,,,,,,,,,,,
6083X,11,,,,,,,,,,,
6083X,12,,,,,,,,,,,
6083X,13,,,,,,,,,,,
6084X,01,,,,,,,,,,,
6084X,02,,,,,,,,,,,
6084X,03,,,,,,,,,,,
6084X,04,,,,,,,,,,,
6084X,05,,,,,,,,,,,
6084X,06,,,,,,,,,,,
6084X,07,,,,,,,,,,,
6084X,08,,,,,,,,,,,
6084X,09,,,,,,,,,,,
6084X,10,,,,,,,,,,,
6084X,11,,,,,,,,,,,
6084X,12,,,,,,,,,,,
6084X,13,,,,,,,,,,,
6088X,01,,,,,,,,,,,
6088X,02,,,,,,,,,,,
6088X,03,,,,,,,,,,,
6088X,04,,,,,,,,,,,
6088X,05,,,,,,,,,,,
6088X,06,,,,,,,,,,,
6088X,07,,,,,,,,,,,
6088X,08,,,,,,,,,,,
6088X,09,,,,,,,,,,,
6088X,10,,,,,,,,,,,
6088X,11,,,,,,,,,,,
6088X,12,,,,,,,,,,,
6088X,13,,,,,,,,,,,
6100B,01,,,,,,,,,,,
6100B,02,,,,,,,,,,,
6100B,03,,,,,,,,,,,
6100B,04,,,,,,,,,,,
6100B,05,,,,,,,,,,,
6100B,06,,,,,,,,,,,
6100B,07,,,,,,,,,,,
6100B,08,,,,,,,,,,,
6100B,09,,,,,,,,,,,
6100B,10,,,,,,,,,,,
6100B,11,,,,,,,,,,,
6100B,12,,,,,,,,,,,
6100B,13,,,,,,,,,,,
6106X,01,,,,,,,,,,,
6106X,02,,,,,,,,,,,
6106X,03,,,,,,,,,,,
6106X,04,,,,,,,,,,,
6106X,05,,,,,,,,,,,
6106X,06,,,,,,,,,,,
6106X,07,,,,,,,,,,,
6106X,08,,,,,,,,,,,
6106X,09,,,,,,,,,,,
6106X,10,,,,,,,,,,,
6106X,11,,,,,,,,,,,
6106X,12,,,,,,,,,,,
6106X,13,,,,,,,,,,,
6127X,01,,,,,,,,,,,
6127X,02,,,,,,,,,,,
6127X,03,,,,,,,,,,,
6127X,04,,,,,,,,,,,
6127X,05,,,,,,,,,,,
6127X,06,,,,,,,,,,,
6127X,07,,,,,,,,,,,
6127X,08,,,,,,,,,,,
6127X,09,,,,,,,,,,,
6127X,10,,,,,,,,,,,
6127X,11,,,,,,,,,,,
6127X,12,,,,,,,,,,,
6127X,13,,,,,,,,,,,
6143X,01,,,,,,,,,,,
6143X,02,,,,,,,,,,,
6143X,03,,,,,,,,,,,
6143X,04,,,,,,,,,,,
6143X,05,,,,,,,,,,,
6143X,06,,,,,,,,,,,
6143X,07,,,,,,,,,,,
6143X,08,,,,,,,,,,,
6143X,09,,,,,,,,,,,
6143X,10,,,,,,,,,,,
6143X,11,,,,,,,,,,,
6143X,12,,,,,,,,,,,
6143X,13,,,,,,,,,,,
6155A,01,,,,,,,,,,,
6155A,02,,,,,,,,,,,
6155A,03,,,,,,,,,,,
6155A,04,,,,,,,,,,,
6155A,05,,,,,,,,,,,
6155A,06,,,,,,,,,,,
6155A,07,,,,,,,,,,,
6155A,08,,,,,,,,,,,
6155A,09,,,,,,,,,,,
6155A,10,,,,,,,,,,,
6155A,11,,,,,,,,,,,
6155A,12,,,,,,,,,,,
6155A,13,,,,,,,,,,,
6156X,01,,,,,,,,,,,
6156X,02,,,,,,,,,,,
6156X,03,,,,,,,,,,,
6156X,04,,,,,,,,,,,
6156X,05,,,,,,,,,,,
6156X,06,,,,,,,,,,,
6156X,07,,,,,,,,,,,
6156X,08,,,,,,,,,,,
6156X,09,,,,,,,,,,,
6156X,10,,,,,,,,,,,
6156X,11,,,,,,,,,,,
6156X,12,,,,,,,,,,,
6156X,13,,,,,,,,,,,
6172O,01,,,,,,,,,,,
6172O,02,,,,,,,,,,,
6172O,03,,,,,,,,,,,
6172O,04,,,,,,,,,,,
6172O,05,,,,,,,,,,,
6172O,06,,,,,,,,,,,
6172O,07,,,,,,,,,,,
6172O,08,,,,,,,,,,,
6172O,09,,,,,,,,,,,
6172O,10,,,,,,,,,,,
6172O,11,,,,,,,,,,,
6172O,12,,,,,,,,,,,
6172O,13,,,,,,,,,,,
6172X,01,,,,,,,,,,,
6172X,02,,,,,,,,,,,
6172X,03,,,,,,,,,,,
6172X,04,,,,,,,,,,,
6172X,05,,,,,,,,,,,
6172X,06,,,,,,,,,,,
6172X,07,,,,,,,,,,,
6172X,08,,,,,,,,,,,
6172X,09,,,,,,,,,,,
6172X,10,,,,,,,,,,,
6172X,11,,,,,,,,,,,
6172X,12,,,,,,,,,,,
6172X,13,,,,,,,,,,,
6175X,01,,,,,,,,,,,
6175X,02,,,,,,,,,,,
6175X,03,,,,,,,,,,,
6175X,04,,,,,,,,,,,
6175X,05,,,,,,,,,,,
6175X,06,,,,,,,,,,,
6175X,07,,,,,,,,,,,
6175X,08,,,,,,,,,,,
6175X,09,,,,,,,,,,,
6175X,10,,,,,,,,,,,
6175X,11,,,,,,,,,,,
6175X,12,,,,,,,,,,,
6175X,13,,,,,,,,,,,
6199X,01,,,,,,,,,,,
6199X,02,,,,,,,,,,,
6199X,03,,,,,,,,,,,
6199X,04,,,,,,,,,,,
6199X,05,,,,,,,,,,,
6199X,06,,,,,,,,,,,
6199X,07,,,,,,,,,,,
6199X,08,,,,,,,,,,,
6199X,09,,,,,,,,,,,
6199X,10,,,,,,,,,,,
6199X,11,,,,,,,,,,,
6199X,12,,,,,,,,,,,
6199X,13,,,,,,,,,,,
6201X,01,,,,,,,,,,,
6201X,02,,,,,,,,,,,
6201X,03,,,,,,,,,,,
6201X,04,,,,,,,,,,,
6201X,05,,,,,,,,,,,
6201X,06,,,,,,,,,,,
6201X,07,,,,,,,,,,,
6201X,08,,,,,,,,,,,
6201X,09,,,,,,,,,,,
6201X,10,,,,,,,,,,,
6201X,11,,,,,,,,,,,
6201X,12,,,,,,,,,,,
6201X,13,,,,,,,,,,,
6205X,01,,,,,,,,,,,
6205X,02,,,,,,,,,,,
6205X,03,,,,,,,,,,,
6205X,04,,,,,,,,,,,
6205X,05,,,,,,,,,,,
6205X,06,,,,,,,,,,,
6205X,07,,,,,,,,,,,
6205X,08,,,,,,,,,,,
6205X,09,,,,,,,,,,,
6205X,10,,,,,,,,,,,
6205X,11,,,,,,,,,,,
6205X,12,,,,,,,,,,,
6205X,13,,,,,,,,,,,
6213X,01,,,,,,,,,,,
6213X,02,,,,,,,,,,,
6213X,03,,,,,,,,,,,
6213X,04,,,,,,,,,,,
6213X,05,,,,,,,,,,,
6213X,06,,,,,,,,,,,
6213X,07,,,,,,,,,,,
6213X,08,,,,,,,,,,,
6213X,09,,,,,,,,,,,
6213X,10,,,,,,,,,,,
6213X,11,,,,,,,,,,,
6213X,12,,,,,,,,,,,
6213X,13,,,,,,,,,,,
6248D,01,,,,,,,,,,,
6248D,02,,,,,,,,,,,
6248D,03,,,,,,,,,,,
6248D,04,,,,,,,,,,,
6248D,05,,,,,,,,,,,
6248D,06,,,,,,,,,,,
6248D,07,,,,,,,,,,,
6248D,08,,,,,,,,,,,
6248D,09,,,,,,,,,,,
6248D,10,,,,,,,,,,,
6248D,11,,,,,,,,,,,
6248D,12,,,,,,,,,,,
6248D,13,,,,,,,,,,,
6258X,01,,,,,,,,,,,
6258X,02,,,,,,,,,,,
6258X,03,,,,,,,,,,,
6258X,04,,,,,,,,,,,
6258X,05,,,,,,,,,,,
6258X,06,,,,,,,,,,,
6258X,07,,,,,,,,,,,
6258X,08,,,,,,,,,,,
6258X,09,,,,,,,,,,,
6258X,10,,,,,,,,,,,
6258X,11,,,,,,,,,,,
6258X,12,,,,,,,,,,,
6258X,13,,,,,,,,,,,
6267X,01,,,,,,,,,,,
6267X,02,,,,,,,,,,,
6267X,03,,,,,,,,,,,
6267X,04,,,,,,,,,,,
6267X,05,,,,,,,,,,,
6267X,06,,,,,,,,,,,
6267X,07,,,,,,,,,,,
6267X,08,,,,,,,,,,,
6267X,09,,,,,,,,,,,
6267X,10,,,,,,,,,,,
6267X,11,,,,,,,,,,,
6267X,12,,,,,,,,,,,
6267X,13,,,,,,,,,,,
6268X,01,,,,,,,,,,,
6268X,02,,,,,,,,,,,
6268X,03,,,,,,,,,,,
6268X,04,,,,,,,,,,,
6268X,05,,,,,,,,,,,
6268X,06,,,,,,,,,,,
6268X,07,,,,,,,,,,,
6268X,08,,,,,,,,,,,
6268X,09,,,,,,,,,,,
6268X,10,,,,,,,,,,,
6268X,11,,,,,,,,,,,
6268X,12,,,,,,,,,,,
6268X,13,,,,,,,,,,,
6268Y,01,,,,,,,,,,,
6268Y,02,,,,,,,,,,,
6268Y,03,,,,,,,,,,,
6268Y,04,,,,,,,,,,,
6268Y,05,,,,,,,,,,,
6268Y,06,,,,,,,,,,,
6268Y,07,,,,,,,,,,,
6268Y,08,,,,,,,,,,,
6268Y,09,,,,,,,,,,,
6268Y,10,,,,,,,,,,,
6268Y,11,,,,,,,,,,,
6268Y,12,,,,,,,,,,,
6268Y,13,,,,,,,,,,,
6272X,01,,,,,,,,,,,
6272X,02,,,,,,,,,,,
6272X,03,,,,,,,,,,,
6272X,04,,,,,,,,,,,
6272X,05,,,,,,,,,,,
6272X,06,,,,,,,,,,,
6272X,07,,,,,,,,,,,
6272X,08,,,,,,,,,,,
6272X,09,,,,,,,,,,,
6272X,10,,,,,,,,,,,
6272X,11,,,,,,,,,,,
6272X,12,,,,,,,,,,,
6272X,13,,,,,,,,,,,
6277B,01,,,,,,,,,,,
6277B,02,,,,,,,,,,,
6277B,03,,,,,,,,,,,
6277B,04,,,,,,,,,,,
6277B,05,,,,,,,,,,,
6277B,06,,,,,,,,,,,
6277B,07,,,,,,,,,,,
6277B,08,,,,,,,,,,,
6277B,09,,,,,,,,,,,
6277B,10,,,,,,,,,,,
6277B,11,,,,,,,,,,,
6277B,12,,,,,,,,,,,
6277B,13,,,,,,,,,,,
6281X,01,,,,,,,,,,,
6281X,02,,,,,,,,,,,
6281X,03,,,,,,,,,,,
6281X,04,,,,,,,,,,,
6281X,05,,,,,,,,,,,
6281X,06,,,,,,,,,,,
6281X,07,,,,,,,,,,,
6281X,08,,,,,,,,,,,
6281X,09,,,,,,,,,,,
6281X,10,,,,,,,,,,,
6281X,11,,,,,,,,,,,
6281X,12,,,,,,,,,,,
6281X,13,,,,,,,,,,,
6291B,01,,,,,,,,,,,
6291B,02,,,,,,,,,,,
6291B,03,,,,,,,,,,,
6291B,04,,,,,,,,,,,
6291B,05,,,,,,,,,,,
6291B,06,,,,,,,,,,,
6291B,07,,,,,,,,,,,
6291B,08,,,,,,,,,,,
6291B,09,,,,,,,,,,,
6291B,10,,,,,,,,,,,
6291B,11,,,,,,,,,,,
6291B,12,,,,,,,,,,,
6291B,13,,,,,,,,,,,
6293X,01,,,,,,,,,,,
6293X,02,,,,,,,,,,,
6293X,03,,,,,,,,,,,
6293X,04,,,,,,,,,,,
6293X,05,,,,,,,,,,,
6293X,06,,,,,,,,,,,
6293X,07,,,,,,,,,,,
6293X,08,,,,,,,,,,,
6293X,09,,,,,,,,,,,
6293X,10,,,,,,,,,,,
6293X,11,,,,,,,,,,,
6293X,12,,,,,,,,,,,
6293X,13,,,,,,,,,,,
6297,01,,,,,,,,,,,
6297,02,,,,,,,,,,,
6297,03,,,,,,,,,,,
6297,04,,,,,,,,,,,
6297,05,,,,,,,,,,,
6297,06,,,,,,,,,,,
6297,07,,,,,,,,,,,
6297,08,,,,,,,,,,,
6297,09,,,,,,,,,,,
6297,10,,,,,,,,,,,
6297,11,,,,,,,,,,,
6297,12,,,,,,,,,,,
6297,13,,,,,,,,,,,
6299I,01,,,,,,,,,,,
6299I,02,,,,,,,,,,,
6299I,03,,,,,,,,,,,
6299I,04,,,,,,,,,,,
6299I,05,,,,,,,,,,,
6299I,06,,,,,,,,,,,
6299I,07,,,,,,,,,,,
6299I,08,,,,,,,,,,,
6299I,09,,,,,,,,,,,
6299I,10,,,,,,,,,,,
6299I,11,,,,,,,,,,,
6299I,12,,,,,,,,,,,
6299I,13,,,,,,,,,,,
6302A,01,,,,,,,,,,,
6302A,02,,,,,,,,,,,
6302A,03,,,,,,,,,,,
6302A,04,,,,,,,,,,,
6302A,05,,,,,,,,,,,
6302A,06,,,,,,,,,,,
6302A,07,,,,,,,,,,,
6302A,08,,,,,,,,,,,
6302A,09,,,,,,,,,,,
6302A,10,,,,,,,,,,,
6302A,11,,,,,,,,,,,
6302A,12,,,,,,,,,,,
6302A,13,,,,,,,,,,,
6307C,01,,,,,,,,,,,
6307C,02,,,,,,,,,,,
6307C,03,,,,,,,,,,,
6307C,04,,,,,,,,,,,
6307C,05,,,,,,,,,,,
6307C,06,,,,,,,,,,,
6307C,07,,,,,,,,,,,
6307C,08,,,,,,,,,,,
6307C,09,,,,,,,,,,,
6307C,10,,,,,,,,,,,
6307C,11,,,,,,,,,,,
6307C,12,,,,,,,,,,,
6307C,13,,,,,,,,,,,
6307X,01,,,,,,,,,,,
6307X,02,,,,,,,,,,,
6307X,03,,,,,,,,,,,
6307X,04,,,,,,,,,,,
6307X,05,,,,,,,,,,,
6307X,06,,,,,,,,,,,
6307X,07,,,,,,,,,,,
6307X,08,,,,,,,,,,,
6307X,09,,,,,,,,,,,
6307X,10,,,,,,,,,,,
6307X,11,,,,,,,,,,,
6307X,12,,,,,,,,,,,
6307X,13,,,,,,,,,,,
6312E,01,,,,,,,,,,,
6312E,02,,,,,,,,,,,
6312E,03,,,,,,,,,,,
6312E,04,,,,,,,,,,,
6312E,05,,,,,,,,,,,
6312E,06,,,,,,,,,,,
6312E,07,,,,,,,,,,,
6312E,08,,,,,,,,,,,
6312E,09,,,,,,,,,,,
6312E,10,,,,,,,,,,,
6312E,11,,,,,,,,,,,
6312E,12,,,,,,,,,,,
6312E,13,,,,,,,,,,,
6325O,01,,,,,,,,,,,
6325O,02,,,,,,,,,,,
6325O,03,,,,,,,,,,,
6325O,04,,,,,,,,,,,
6325O,05,,,,,,,,,,,
6325O,06,,,,,,,,,,,
6325O,07,,,,,,,,,,,
6325O,08,,,,,,,,,,,
6325O,09,,,,,,,,,,,
6325O,10,,,,,,,,,,,
6325O,11,,,,,,,,,,,
6325O,12,,,,,,,,,,,
6325O,13,,,,,,,,,,,
6329X,01,,,,,,,,,,,
6329X,02,,,,,,,,,,,
6329X,03,,,,,,,,,,,
6329X,04,,,,,,,,,,,
6329X,05,,,,,,,,,,,
6329X,06,,,,,,,,,,,
6329X,07,,,,,,,,,,,
6329X,08,,,,,,,,,,,
6329X,09,,,,,,,,,,,
6329X,10,,,,,,,,,,,
6329X,11,,,,,,,,,,,
6329X,12,,,,,,,,,,,
6329X,13,,,,,,,,,,,
6332X,01,,,,,,,,,,,
6332X,02,,,,,,,,,,,
6332X,03,,,,,,,,,,,
6332X,04,,,,,,,,,,,
6332X,05,,,,,,,,,,,
6332X,06,,,,,,,,,,,
6332X,07,,,,,,,,,,,
6332X,08,,,,,,,,,,,
6332X,09,,,,,,,,,,,
6332X,10,,,,,,,,,,,
6332X,11,,,,,,,,,,,
6332X,12,,,,,,,,,,,
6332X,13,,,,,,,,,,,
6332Y,01,,,,,,,,,,,
6332Y,02,,,,,,,,,,,
6332Y,03,,,,,,,,,,,
6332Y,04,,,,,,,,,,,
6332Y,05,,,,,,,,,,,
6332Y,06,,,,,,,,,,,
6332Y,07,,,,,,,,,,,
6332Y,08,,,,,,,,,,,
6332Y,09,,,,,,,,,,,
6332Y,10,,,,,,,,,,,
6332Y,11,,,,,,,,,,,
6332Y,12,,,,,,,,,,,
6332Y,13,,,,,,,,,,,
6335O,01,,,,,,,,,,,
6335O,02,,,,,,,,,,,
6335O,03,,,,,,,,,,,
6335O,04,,,,,,,,,,,
6335O,05,,,,,,,,,,,
6335O,06,,,,,,,,,,,
6335O,07,,,,,,,,,,,
6335O,08,,,,,,,,,,,
6335O,09,,,,,,,,,,,
6335O,10,,,,,,,,,,,
6335O,11,,,,,,,,,,,
6335O,12,,,,,,,,,,,
6335O,13,,,,,,,,,,,
6340X,01,,,,,,,,,,,
6340X,02,,,,,,,,,,,
6340X,03,,,,,,,,,,,
6340X,04,,,,,,,,,,,
6340X,05,,,,,,,,,,,
6340X,06,,,,,,,,,,,
6340X,07,,,,,,,,,,,
6340X,08,,,,,,,,,,,
6340X,09,,,,,,,,,,,
6340X,10,,,,,,,,,,,
6340X,11,,,,,,,,,,,
6340X,12,,,,,,,,,,,
6340X,13,,,,,,,,,,,
6364X,01,,,,,,,,,,,
6364X,02,,,,,,,,,,,
6364X,03,,,,,,,,,,,
6364X,04,,,,,,,,,,,
6364X,05,,,,,,,,,,,
6364X,06,,,,,,,,,,,
6364X,07,,,,,,,,,,,
6364X,08,,,,,,,,,,,
6364X,09,,,,,,,,,,,
6364X,10,,,,,,,,,,,
6364X,11,,,,,,,,,,,
6364X,12,,,,,,,,,,,
6364X,13,,,,,,,,,,,
6367B,01,,,,,,,,,,,
6367B,02,,,,,,,,,,,
6367B,03,,,,,,,,,,,
6367B,04,,,,,,,,,,,
6367B,05,,,,,,,,,,,
6367B,06,,,,,,,,,,,
6367B,07,,,,,,,,,,,
6367B,08,,,,,,,,,,,
6367B,09,,,,,,,,,,,
6367B,10,,,,,,,,,,,
6367B,11,,,,,,,,,,,
6367B,12,,,,,,,,,,,
6367B,13,,,,,,,,,,,
6375X,01,,,,,,,,,,,
6375X,02,,,,,,,,,,,
6375X,03,,,,,,,,,,,
6375X,04,,,,,,,,,,,
6375X,05,,,,,,,,,,,
6375X,06,,,,,,,,,,,
6375X,07,,,,,,,,,,,
6375X,08,,,,,,,,,,,
6375X,09,,,,,,,,,,,
6375X,10,,,,,,,,,,,
6375X,11,,,,,,,,,,,
6375X,12,,,,,,,,,,,
6375X,13,,,,,,,,,,,
6381,01,,,,,,,,,,,
6381,02,,,,,,,,,,,
6381,03,,,,,,,,,,,
6381,04,,,,,,,,,,,
6381,05,,,,,,,,,,,
6381,06,,,,,,,,,,,
6381,07,,,,,,,,,,,
6381,08,,,,,,,,,,,
6381,09,,,,,,,,,,,
6381,10,,,,,,,,,,,
6381,11,,,,,,,,,,,
6381,12,,,,,,,,,,,
6381,13,,,,,,,,,,,
7002Y,01,,,,,,,,,,,
7002Y,02,,,,,,,,,,,
7002Y,03,,,,,,,,,,,
7002Y,04,,,,,,,,,,,
7002Y,05,,,,,,,,,,,
7002Y,06,,,,,,,,,,,
7002Y,07,,,,,,,,,,,
7002Y,08,,,,,,,,,,,
7002Y,09,,,,,,,,,,,
7002Y,10,,,,,,,,,,,
7002Y,11,,,,,,,,,,,
7002Y,12,,,,,,,,,,,
7002Y,13,,,,,,,,,,,
7007Y,01,,,,,,,,,,,
7007Y,02,,,,,,,,,,,
7007Y,03,,,,,,,,,,,
7007Y,04,,,,,,,,,,,
7007Y,05,,,,,,,,,,,
7007Y,06,,,,,,,,,,,
7007Y,07,,,,,,,,,,,
7007Y,08,,,,,,,,,,,
7007Y,09,,,,,,,,,,,
7007Y,10,,,,,,,,,,,
7007Y,11,,,,,,,,,,,
7007Y,12,,,,,,,,,,,
7007Y,13,,,,,,,,,,,
7012C,01,,,,,,,,,,,
7012C,02,,,,,,,,,,,
7012C,03,,,,,,,,,,,
7012C,04,,,,,,,,,,,
7012C,05,,,,,,,,,,,
7012C,06,,,,,,,,,,,
7012C,07,,,,,,,,,,,
7012C,08,,,,,,,,,,,
7012C,09,,,,,,,,,,,
7012C,10,,,,,,,,,,,
7012C,11,,,,,,,,,,,
7012C,12,,,,,,,,,,,
7012C,13,,,,,,,,,,,
7012D,01,,,,,,,,,,,
7012D,02,,,,,,,,,,,
7012D,03,,,,,,,,,,,
7012D,04,,,,,,,,,,,
7012D,05,,,,,,,,,,,
7012D,06,,,,,,,,,,,
7012D,07,,,,,,,,,,,
7012D,08,,,,,,,,,,,
7012D,09,,,,,,,,,,,
7012D,10,,,,,,,,,,,
7012D,11,,,,,,,,,,,
7012D,12,,,,,,,,,,,
7012D,13,,,,,,,,,,,
7019X,01,,,,,,,,,,,
7019X,02,,,,,,,,,,,
7019X,03,,,,,,,,,,,
7019X,04,,,,,,,,,,,
7019X,05,,,,,,,,,,,
7019X,06,,,,,,,,,,,
7019X,07,,,,,,,,,,,
7019X,08,,,,,,,,,,,
7019X,09,,,,,,,,,,,
7019X,10,,,,,,,,,,,
7019X,11,,,,,,,,,,,
7019X,12,,,,,,,,,,,
7019X,13,,,,,,,,,,,
7020C,01,,,,,,,,,,,
7020C,02,,,,,,,,,,,
7020C,03,,,,,,,,,,,
7020C,04,,,,,,,,,,,
7020C,05,,,,,,,,,,,
7020C,06,,,,,,,,,,,
7020C,07,,,,,,,,,,,
7020C,08,,,,,,,,,,,
7020C,09,,,,,,,,,,,
7020C,10,,,,,,,,,,,
7020C,11,,,,,,,,,,,
7020C,12,,,,,,,,,,,
7020C,13,,,,,,,,,,,
7023X,01,,,,,,,,,,,
7023X,02,,,,,,,,,,,
7023X,03,,,,,,,,,,,
7023X,04,,,,,,,,,,,
7023X,05,,,,,,,,,,,
7023X,06,,,,,,,,,,,
7023X,07,,,,,,,,,,,
7023X,08,,,,,,,,,,,
7023X,09,,,,,,,,,,,
7023X,10,,,,,,,,,,,
7023X,11,,,,,,,,,,,
7023X,12,,,,,,,,,,,
7023X,13,,,,,,,,,,,
7026X,01,,,,,,,,,,,
7026X,02,,,,,,,,,,,
7026X,03,,,,,,,,,,,
7026X,04,,,,,,,,,,,
7026X,05,,,,,,,,,,,
7026X,06,,,,,,,,,,,
7026X,07,,,,,,,,,,,
7026X,08,,,,,,,,,,,
7026X,09,,,,,,,,,,,
7026X,10,,,,,,,,,,,
7026X,11,,,,,,,,,,,
7026X,12,,,,,,,,,,,
7026X,13,,,,,,,,,,,
7031,01,,,,,,,,,,,
7031,02,,,,,,,,,,,
7031,03,,,,,,,,,,,
7031,04,,,,,,,,,,,
7031,05,,,,,,,,,,,
7031,06,,,,,,,,,,,
7031,07,,,,,,,,,,,
7031,08,,,,,,,,,,,
7031,09,,,,,,,,,,,
7031,10,,,,,,,,,,,
7031,11,,,,,,,,,,,
7031,12,,,,,,,,,,,
7031,13,,,,,,,,,,,
7031X,01,,,,,,,,,,,
7031X,02,,,,,,,,,,,
7031X,03,,,,,,,,,,,
7031X,04,,,,,,,,,,,
7031X,05,,,,,,,,,,,
7031X,06,,,,,,,,,,,
7031X,07,,,,,,,,,,,
7031X,08,,,,,,,,,,,
7031X,09,,,,,,,,,,,
7031X,10,,,,,,,,,,,
7031X,11,,,,,,,,,,,
7031X,12,,,,,,,,,,,
7031X,13,,,,,,,,,,,
7066Y,01,,,,,,,,,,,
7066Y,02,,,,,,,,,,,
7066Y,03,,,,,,,,,,,
7066Y,04,,,,,,,,,,,
7066Y,05,,,,,,,,,,,
7066Y,06,,,,,,,,,,,
7066Y,07,,,,,,,,,,,
7066Y,08,,,,,,,,,,,
7066Y,09,,,,,,,,,,,
7066Y,10,,,,,,,,,,,
7066Y,11,,,,,,,,,,,
7066Y,12,,,,,,,,,,,
7066Y,13,,,,,,,,,,,
7067Y,01,,,,,,,,,,,
7067Y,02,,,,,,,,,,,
7067Y,03,,,,,,,,,,,
7067Y,04,,,,,,,,,,,
7067Y,05,,,,,,,,,,,
7067Y,06,,,,,,,,,,,
7067Y,07,,,,,,,,,,,
7067Y,08,,,,,,,,,,,
7067Y,09,,,,,,,,,,,
7067Y,10,,,,,,,,,,,
7067Y,11,,,,,,,,,,,
7067Y,12,,,,,,,,,,,
7067Y,13,,,,,,,,,,,
7072Y,01,,,,,,,,,,,
7072Y,02,,,,,,,,,,,
7072Y,03,,,,,,,,,,,
7072Y,04,,,,,,,,,,,
7072Y,05,,,,,,,,,,,
7072Y,06,,,,,,,,,,,
7072Y,07,,,,,,,,,,,
7072Y,08,,,,,,,,,,,
7072Y,09,,,,,,,,,,,
7072Y,10,,,,,,,,,,,
7072Y,11,,,,,,,,,,,
7072Y,12,,,,,,,,,,,
7072Y,13,,,,,,,,,,,
7080X,01,,,,,,,,,,,
7080X,02,,,,,,,,,,,
7080X,03,,,,,,,,,,,
7080X,04,,,,,,,,,,,
7080X,05,,,,,,,,,,,
7080X,06,,,,,,,,,,,
7080X,07,,,,,,,,,,,
7080X,08,,,,,,,,,,,
7080X,09,,,,,,,,,,,
7080X,10,,,,,,,,,,,
7080X,11,,,,,,,,,,,
7080X,12,,,,,,,,,,,
7080X,13,,,,,,,,,,,
7096B,01,,,,,,,,,,,
7096B,02,,,,,,,,,,,
7096B,03,,,,,,,,,,,
7096B,04,,,,,,,,,,,
7096B,05,,,,,,,,,,,
7096B,06,,,,,,,,,,,
7096B,07,,,,,,,,,,,
7096B,08,,,,,,,,,,,
7096B,09,,,,,,,,,,,
7096B,10,,,,,,,,,,,
7096B,11,,,,,,,,,,,
7096B,12,,,,,,,,,,,
7096B,13,,,,,,,,,,,
7103Y,01,,,,,,,,,,,
7103Y,02,,,,,,,,,,,
7103Y,03,,,,,,,,,,,
7103Y,04,,,,,,,,,,,
7103Y,05,,,,,,,,,,,
7103Y,06,,,,,,,,,,,
7103Y,07,,,,,,,,,,,
7103Y,08,,,,,,,,,,,
7103Y,09,,,,,,,,,,,
7103Y,10,,,,,,,,,,,
7103Y,11,,,,,,,,,,,
7103Y,12,,,,,,,,,,,
7103Y,13,,,,,,,,,,,
7119B,01,,,,,,,,,,,
7119B,02,,,,,,,,,,,
7119B,03,,,,,,,,,,,
7119B,04,,,,,,,,,,,
7119B,05,,,,,,,,,,,
7119B,06,,,,,,,,,,,
7119B,07,,,,,,,,,,,
7119B,08,,,,,,,,,,,
7119B,09,,,,,,,,,,,
7119B,10,,,,,,,,,,,
7119B,11,,,,,,,,,,,
7119B,12,,,,,,,,,,,
7119B,13,,,,,,,,,,,
7121A,01,,,,,,,,,,,
7121A,02,,,,,,,,,,,
7121A,03,,,,,,,,,,,
7121A,04,,,,,,,,,,,
7121A,05,,,,,,,,,,,
7121A,06,,,,,,,,,,,
7121A,07,,,,,,,,,,,
7121A,08,,,,,,,,,,,
7121A,09,,,,,,,,,,,
7121A,10,,,,,,,,,,,
7121A,11,,,,,,,,,,,
7121A,12,,,,,,,,,,,
7121A,13,,,,,,,,,,,
7127X,01,,,,,,,,,,,
7127X,02,,,,,,,,,,,
7127X,03,,,,,,,,,,,
7127X,04,,,,,,,,,,,
7127X,05,,,,,,,,,,,
7127X,06,,,,,,,,,,,
7127X,07,,,,,,,,,,,
7127X,08,,,,,,,,,,,
7127X,09,,,,,,,,,,,
7127X,10,,,,,,,,,,,
7127X,11,,,,,,,,,,,
7127X,12,,,,,,,,,,,
7127X,13,,,,,,,,,,,
7138B,01,,,,,,,,,,,
7138B,02,,,,,,,,,,,
7138B,03,,,,,,,,,,,
7138B,04,,,,,,,,,,,
7138B,05,,,,,,,,,,,
7138B,06,,,,,,,,,,,
7138B,07,,,,,,,,,,,
7138B,08,,,,,,,,,,,
7138B,09,,,,,,,,,,,
7138B,10,,,,,,,,,,,
7138B,11,,,,,,,,,,,
7138B,12,,,,,,,,,,,
7138B,13,,,,,,,,,,,
7145D,01,,,,,,,,,,,
7145D,02,,,,,,,,,,,
7145D,03,,,,,,,,,,,
7145D,04,,,,,,,,,,,
7145D,05,,,,,,,,,,,
7145D,06,,,,,,,,,,,
7145D,07,,,,,,,,,,,
7145D,08,,,,,,,,,,,
7145D,09,,,,,,,,,,,
7145D,10,,,,,,,,,,,
7145D,11,,,,,,,,,,,
7145D,12,,,,,,,,,,,
7145D,13,,,,,,,,,,,
7158X,01,,,,,,,,,,,
7158X,02,,,,,,,,,,,
7158X,03,,,,,,,,,,,
7158X,04,,,,,,,,,,,
7158X,05,,,,,,,,,,,
7158X,06,,,,,,,,,,,
7158X,07,,,,,,,,,,,
7158X,08,,,,,,,,,,,
7158X,09,,,,,,,,,,,
7158X,10,,,,,,,,,,,
7158X,11,,,,,,,,,,,
7158X,12,,,,,,,,,,,
7158X,13,,,,,,,,,,,
7172X,01,,,,,,,,,,,
7172X,02,,,,,,,,,,,
7172X,03,,,,,,,,,,,
7172X,04,,,,,,,,,,,
7172X,05,,,,,,,,,,,
7172X,06,,,,,,,,,,,
7172X,07,,,,,,,,,,,
7172X,08,,,,,,,,,,,
7172X,09,,,,,,,,,,,
7172X,10,,,,,,,,,,,
7172X,11,,,,,,,,,,,
7172X,12,,,,,,,,,,,
7172X,13,,,,,,,,,,,
7178I,01,,,,,,,,,,,
7178I,02,,,,,,,,,,,
7178I,03,,,,,,,,,,,
7178I,04,,,,,,,,,,,
7178I,05,,,,,,,,,,,
7178I,06,,,,,,,,,,,
7178I,07,,,,,,,,,,,
7178I,08,,,,,,,,,,,
7178I,09,,,,,,,,,,,
7178I,10,,,,,,,,,,,
7178I,11,,,,,,,,,,,
7178I,12,,,,,,,,,,,
7178I,13,,,,,,,,,,,
7195X,01,,,,,,,,,,,
7195X,02,,,,,,,,,,,
7195X,03,,,,,,,,,,,
7195X,04,,,,,,,,,,,
7195X,05,,,,,,,,,,,
7195X,06,,,,,,,,,,,
7195X,07,,,,,,,,,,,
7195X,08,,,,,,,,,,,
7195X,09,,,,,,,,,,,
7195X,10,,,,,,,,,,,
7195X,11,,,,,,,,,,,
7195X,12,,,,,,,,,,,
7195X,13,,,,,,,,,,,
7203A,01,,,,,,,,,,,
7203A,02,,,,,,,,,,,
7203A,03,,,,,,,,,,,
7203A,04,,,,,,,,,,,
7203A,05,,,,,,,,,,,
7203A,06,,,,,,,,,,,
7203A,07,,,,,,,,,,,
7203A,08,,,,,,,,,,,
7203A,09,,,,,,,,,,,
7203A,10,,,,,,,,,,,
7203A,11,,,,,,,,,,,
7203A,12,,,,,,,,,,,
7203A,13,,,,,,,,,,,
7209,01,,,,,,,,,,,
7209,02,,,,,,,,,,,
7209,03,,,,,,,,,,,
7209,04,,,,,,,,,,,
7209,05,,,,,,,,,,,
7209,06,,,,,,,,,,,
7209,07,,,,,,,,,,,
7209,08,,,,,,,,,,,
7209,09,,,,,,,,,,,
7209,10,,,,,,,,,,,
7209,11,,,,,,,,,,,
7209,12,,,,,,,,,,,
7209,13,,,,,,,,,,,
7211B,01,,,,,,,,,,,
7211B,02,,,,,,,,,,,
7211B,03,,,,,,,,,,,
7211B,04,,,,,,,,,,,
7211B,05,,,,,,,,,,,
7211B,06,,,,,,,,,,,
7211B,07,,,,,,,,,,,
7211B,08,,,,,,,,,,,
7211B,09,,,,,,,,,,,
7211B,10,,,,,,,,,,,
7211B,11,,,,,,,,,,,
7211B,12,,,,,,,,,,,
7211B,13,,,,,,,,,,,
7218Y,01,,,,,,,,,,,
7218Y,02,,,,,,,,,,,
7218Y,03,,,,,,,,,,,
7218Y,04,,,,,,,,,,,
7218Y,05,,,,,,,,,,,
7218Y,06,,,,,,,,,,,
7218Y,07,,,,,,,,,,,
7218Y,08,,,,,,,,,,,
7218Y,09,,,,,,,,,,,
7218Y,10,,,,,,,,,,,
7218Y,11,,,,,,,,,,,
7218Y,12,,,,,,,,,,,
7218Y,13,,,,,,,,,,,
7227X,01,,,,,,,,,,,
7227X,02,,,,,,,,,,,
7227X,03,,,,,,,,,,,
7227X,04,,,,,,,,,,,
7227X,05,,,,,,,,,,,
7227X,06,,,,,,,,,,,
7227X,07,,,,,,,,,,,
7227X,08,,,,,,,,,,,
7227X,09,,,,,,,,,,,
7227X,10,,,,,,,,,,,
7227X,11,,,,,,,,,,,
7227X,12,,,,,,,,,,,
7227X,13,,,,,,,,,,,
7228,01,,,,,,,,,,,
7228,02,,,,,,,,,,,
7228,03,,,,,,,,,,,
7228,04,,,,,,,,,,,
7228,05,,,,,,,,,,,
7228,06,,,,,,,,,,,
7228,07,,,,,,,,,,,
7228,08,,,,,,,,,,,
7228,09,,,,,,,,,,,
7228,10,,,,,,,,,,,
7228,11,,,,,,,,,,,
7228,12,,,,,,,,,,,
7228,13,,,,,,,,,,,
7237E,01,,,,,,,,,,,
7237E,02,,,,,,,,,,,
7237E,03,,,,,,,,,,,
7237E,04,,,,,,,,,,,
7237E,05,,,,,,,,,,,
7237E,06,,,,,,,,,,,
7237E,07,,,,,,,,,,,
7237E,08,,,,,,,,,,,
7237E,09,,,,,,,,,,,
7237E,10,,,,,,,,,,,
7237E,11,,,,,,,,,,,
7237E,12,,,,,,,,,,,
7237E,13,,,,,,,,,,,
7244X,01,,,,,,,,,,,
7244X,02,,,,,,,,,,,
7244X,03,,,,,,,,,,,
7244X,04,,,,,,,,,,,
7244X,05,,,,,,,,,,,
7244X,06,,,,,,,,,,,
7244X,07,,,,,,,,,,,
7244X,08,,,,,,,,,,,
7244X,09,,,,,,,,,,,
7244X,10,,,,,,,,,,,
7244X,11,,,,,,,,,,,
7244X,12,,,,,,,,,,,
7244X,13,,,,,,,,,,,
7247X,01,,,,,,,,,,,
7247X,02,,,,,,,,,,,
7247X,03,,,,,,,,,,,
7247X,04,,,,,,,,,,,
7247X,05,,,,,,,,,,,
7247X,06,,,,,,,,,,,
7247X,07,,,,,,,,,,,
7247X,08,,,,,,,,,,,
7247X,09,,,,,,,,,,,
7247X,10,,,,,,,,,,,
7247X,11,,,,,,,,,,,
7247X,12,,,,,,,,,,,
7247X,13,,,,,,,,,,,
7250C,01,,,,,,,,,,,
7250C,02,,,,,,,,,,,
7250C,03,,,,,,,,,,,
7250C,04,,,,,,,,,,,
7250C,05,,,,,,,,,,,
7250C,06,,,,,,,,,,,
7250C,07,,,,,,,,,,,
7250C,08,,,,,,,,,,,
7250C,09,,,,,,,,,,,
7250C,10,,,,,,,,,,,
7250C,11,,,,,,,,,,,
7250C,12,,,,,,,,,,,
7250C,13,,,,,,,,,,,
7261X,01,,,,,,,,,,,
7261X,02,,,,,,,,,,,
7261X,03,,,,,,,,,,,
7261X,04,,,,,,,,,,,
7261X,05,,,,,,,,,,,
7261X,06,,,,,,,,,,,
7261X,07,,,,,,,,,,,
7261X,08,,,,,,,,,,,
7261X,09,,,,,,,,,,,
7261X,10,,,,,,,,,,,
7261X,11,,,,,,,,,,,
7261X,12,,,,,,,,,,,
7261X,13,,,,,,,,,,,
7275C,01,,,,,,,,,,,
7275C,02,,,,,,,,,,,
7275C,03,,,,,,,,,,,
7275C,04,,,,,,,,,,,
7275C,05,,,,,,,,,,,
7275C,06,,,,,,,,,,,
7275C,07,,,,,,,,,,,
7275C,08,,,,,,,,,,,
7275C,09,,,,,,,,,,,
7275C,10,,,,,,,,,,,
7275C,11,,,,,,,,,,,
7275C,12,,,,,,,,,,,
7275C,13,,,,,,,,,,,
8005X,01,,,,,,,,,,,
8005X,02,,,,,,,,,,,
8005X,03,,,,,,,,,,,
8005X,04,,,,,,,,,,,
8005X,05,,,,,,,,,,,
8005X,06,,,,,,,,,,,
8005X,07,,,,,,,,,,,
8005X,08,,,,,,,,,,,
8005X,09,,,,,,,,,,,
8005X,10,,,,,,,,,,,
8005X,11,,,,,,,,,,,
8005X,12,,,,,,,,,,,
8005X,13,,,,,,,,,,,
8008Y,01,,,,,,,,,,,
8008Y,02,,,,,,,,,,,
8008Y,03,,,,,,,,,,,
8008Y,04,,,,,,,,,,,
8008Y,05,,,,,,,,,,,
8008Y,06,,,,,,,,,,,
8008Y,07,,,,,,,,,,,
8008Y,08,,,,,,,,,,,
8008Y,09,,,,,,,,,,,
8008Y,10,,,,,,,,,,,
8008Y,11,,,,,,,,,,,
8008Y,12,,,,,,,,,,,
8008Y,13,,,,,,,,,,,
8013X,01,,,,,,,,,,,
8013X,02,,,,,,,,,,,
8013X,03,,,,,,,,,,,
8013X,04,,,,,,,,,,,
8013X,05,,,,,,,,,,,
8013X,06,,,,,,,,,,,
8013X,07,,,,,,,,,,,
8013X,08,,,,,,,,,,,
8013X,09,,,,,,,,,,,
8013X,10,,,,,,,,,,,
8013X,11,,,,,,,,,,,
8013X,12,,,,,,,,,,,
8013X,13,,,,,,,,,,,
8018X,01,,,,,,,,,,,
8018X,02,,,,,,,,,,,
8018X,03,,,,,,,,,,,
8018X,04,,,,,,,,,,,
8018X,05,,,,,,,,,,,
8018X,06,,,,,,,,,,,
8018X,07,,,,,,,,,,,
8018X,08,,,,,,,,,,,
8018X,09,,,,,,,,,,,
8018X,10,,,,,,,,,,,
8018X,11,,,,,,,,,,,
8018X,12,,,,,,,,,,,
8018X,13,,,,,,,,,,,
8019,01,,,,,,,,,,,
8019,02,,,,,,,,,,,
8019,03,,,,,,,,,,,
8019,04,,,,,,,,,,,
8019,05,,,,,,,,,,,
8019,06,,,,,,,,,,,
8019,07,,,,,,,,,,,
8019,08,,,,,,,,,,,
8019,09,,,,,,,,,,,
8019,10,,,,,,,,,,,
8019,11,,,,,,,,,,,
8019,12,,,,,,,,,,,
8019,13,,,,,,,,,,,
8025,01,,,,,,,,,,,
8025,02,,,,,,,,,,,
8025,03,,,,,,,,,,,
8025,04,,,,,,,,,,,
8025,05,,,,,,,,,,,
8025,06,,,,,,,,,,,
8025,07,,,,,,,,,,,
8025,08,,,,,,,,,,,
8025,09,,,,,,,,,,,
8025,10,,,,,,,,,,,
8025,11,,,,,,,,,,,
8025,12,,,,,,,,,,,
8025,13,,,,,,,,,,,
8036Y,01,,,,,,,,,,,
8036Y,02,,,,,,,,,,,
8036Y,03,,,,,,,,,,,
8036Y,04,,,,,,,,,,,
8036Y,05,,,,,,,,,,,
8036Y,06,,,,,,,,,,,
8036Y,07,,,,,,,,,,,
8036Y,08,,,,,,,,,,,
8036Y,09,,,,,,,,,,,
8036Y,10,,,,,,,,,,,
8036Y,11,,,,,,,,,,,
8036Y,12,,,,,,,,,,,
8036Y,13,,,,,,,,,,,
8050X,01,,,,,,,,,,,
8050X,02,,,,,,,,,,,
8050X,03,,,,,,,,,,,
8050X,04,,,,,,,,,,,
8050X,05,,,,,,,,,,,
8050X,06,,,,,,,,,,,
8050X,07,,,,,,,,,,,
8050X,08,,,,,,,,,,,
8050X,09,,,,,,,,,,,
8050X,10,,,,,,,,,,,
8050X,11,,,,,,,,,,,
8050X,12,,,,,,,,,,,
8050X,13,,,,,,,,,,,
8057C,01,,,,,,,,,,,
8057C,02,,,,,,,,,,,
8057C,03,,,,,,,,,,,
8057C,04,,,,,,,,,,,
8057C,05,,,,,,,,,,,
8057C,06,,,,,,,,,,,
8057C,07,,,,,,,,,,,
8057C,08,,,,,,,,,,,
8057C,09,,,,,,,,,,,
8057C,10,,,,,,,,,,,
8057C,11,,,,,,,,,,,
8057C,12,,,,,,,,,,,
8057C,13,,,,,,,,,,,
8058X,01,,,,,,,,,,,
8058X,02,,,,,,,,,,,
8058X,03,,,,,,,,,,,
8058X,04,,,,,,,,,,,
8058X,05,,,,,,,,,,,
8058X,06,,,,,,,,,,,
8058X,07,,,,,,,,,,,
8058X,08,,,,,,,,,,,
8058X,09,,,,,,,,,,,
8058X,10,,,,,,,,,,,
8058X,11,,,,,,,,,,,
8058X,12,,,,,,,,,,,
8058X,13,,,,,,,,,,,
8058Y,01,,,,,,,,,,,
8058Y,02,,,,,,,,,,,
8058Y,03,,,,,,,,,,,
8058Y,04,,,,,,,,,,,
8058Y,05,,,,,,,,,,,
8058Y,06,,,,,,,,,,,
8058Y,07,,,,,,,,,,,
8058Y,08,,,,,,,,,,,
8058Y,09,,,,,,,,,,,
8058Y,10,,,,,,,,,,,
8058Y,11,,,,,,,,,,,
8058Y,12,,,,,,,,,,,
8058Y,13,,,,,,,,,,,
8059C,01,,,,,,,,,,,
8059C,02,,,,,,,,,,,
8059C,03,,,,,,,,,,,
8059C,04,,,,,,,,,,,
8059C,05,,,,,,,,,,,
8059C,06,,,,,,,,,,,
8059C,07,,,,,,,,,,,
8059C,08,,,,,,,,,,,
8059C,09,,,,,,,,,,,
8059C,10,,,,,,,,,,,
8059C,11,,,,,,,,,,,
8059C,12,,,,,,,,,,,
8059C,13,,,,,,,,,,,
8072Y,01,,,,,,,,,,,
8072Y,02,,,,,,,,,,,
8072Y,03,,,,,,,,,,,
8072Y,04,,,,,,,,,,,
8072Y,05,,,,,,,,,,,
8072Y,06,,,,,,,,,,,
8072Y,07,,,,,,,,,,,
8072Y,08,,,,,,,,,,,
8072Y,09,,,,,,,,,,,
8072Y,10,,,,,,,,,,,
8072Y,11,,,,,,,,,,,
8072Y,12,,,,,,,,,,,
8072Y,13,,,,,,,,,,,
8084Y,01,,,,,,,,,,,
8084Y,02,,,,,,,,,,,
8084Y,03,,,,,,,,,,,
8084Y,04,,,,,,,,,,,
8084Y,05,,,,,,,,,,,
8084Y,06,,,,,,,,,,,
8084Y,07,,,,,,,,,,,
8084Y,08,,,,,,,,,,,
8084Y,09,,,,,,,,,,,
8084Y,10,,,,,,,,,,,
8084Y,11,,,,,,,,,,,
8084Y,12,,,,,,,,,,,
8084Y,13,,,,,,,,,,,
8096,01,,,,,,,,,,,
8096,02,,,,,,,,,,,
8096,03,,,,,,,,,,,
8096,04,,,,,,,,,,,
8096,05,,,,,,,,,,,
8096,06,,,,,,,,,,,
8096,07,,,,,,,,,,,
8096,08,,,,,,,,,,,
8096,09,,,,,,,,,,,
8096,10,,,,,,,,,,,
8096,11,,,,,,,,,,,
8096,12,,,,,,,,,,,
8096,13,,,,,,,,,,,
8155Y,01,,,,,,,,,,,
8155Y,02,,,,,,,,,,,
8155Y,03,,,,,,,,,,,
8155Y,04,,,,,,,,,,,
8155Y,05,,,,,,,,,,,
8155Y,06,,,,,,,,,,,
8155Y,07,,,,,,,,,,,
8155Y,08,,,,,,,,,,,
8155Y,09,,,,,,,,,,,
8155Y,10,,,,,,,,,,,
8155Y,11,,,,,,,,,,,
8155Y,12,,,,,,,,,,,
8155Y,13,,,,,,,,,,,
8175,01,,,,,,,,,,,
8175,02,,,,,,,,,,,
8175,03,,,,,,,,,,,
8175,04,,,,,,,,,,,
8175,05,,,,,,,,,,,
8175,06,,,,,,,,,,,
8175,07,,,,,,,,,,,
8175,08,,,,,,,,,,,
8175,09,,,,,,,,,,,
8175,10,,,,,,,,,,,
8175,11,,,,,,,,,,,
8175,12,,,,,,,,,,,
8175,13,,,,,,,,,,,
8177A,01,,,,,,,,,,,
8177A,02,,,,,,,,,,,
8177A,03,,,,,,,,,,,
8177A,04,,,,,,,,,,,
8177A,05,,,,,,,,,,,
8177A,06,,,,,,,,,,,
8177A,07,,,,,,,,,,,
8177A,08,,,,,,,,,,,
8177A,09,,,,,,,,,,,
8177A,10,,,,,,,,,,,
8177A,11,,,,,,,,,,,
8177A,12,,,,,,,,,,,
8177A,13,,,,,,,,,,,
8178D,01,,,,,,,,,,,
8178D,02,,,,,,,,,,,
8178D,03,,,,,,,,,,,
8178D,04,,,,,,,,,,,
8178D,05,,,,,,,,,,,
8178D,06,,,,,,,,,,,
8178D,07,,,,,,,,,,,
8178D,08,,,,,,,,,,,
8178D,09,,,,,,,,,,,
8178D,10,,,,,,,,,,,
8178D,11,,,,,,,,,,,
8178D,12,,,,,,,,,,,
8178D,13,,,,,,,,,,,
8193E,01,,,,,,,,,,,
8193E,02,,,,,,,,,,,
8193E,03,,,,,,,,,,,
8193E,04,,,,,,,,,,,
8193E,05,,,,,,,,,,,
8193E,06,,,,,,,,,,,
8193E,07,,,,,,,,,,,
8193E,08,,,,,,,,,,,
8193E,09,,,,,,,,,,,
8193E,10,,,,,,,,,,,
8193E,11,,,,,,,,,,,
8193E,12,,,,,,,,,,,
8193E,13,,,,,,,,,,,
8198Y,01,,,,,,,,,,,
8198Y,02,,,,,,,,,,,
8198Y,03,,,,,,,,,,,
8198Y,04,,,,,,,,,,,
8198Y,05,,,,,,,,,,,
8198Y,06,,,,,,,,,,,
8198Y,07,,,,,,,,,,,
8198Y,08,,,,,,,,,,,
8198Y,09,,,,,,,,,,,
8198Y,10,,,,,,,,,,,
8198Y,11,,,,,,,,,,,
8198Y,12,,,,,,,,,,,
8198Y,13,,,,,,,,,,,
8203O,01,,,,,,,,,,,
8203O,02,,,,,,,,,,,
8203O,03,,,,,,,,,,,
8203O,04,,,,,,,,,,,
8203O,05,,,,,,,,,,,
8203O,06,,,,,,,,,,,
8203O,07,,,,,,,,,,,
8203O,08,,,,,,,,,,,
8203O,09,,,,,,,,,,,
8203O,10,,,,,,,,,,,
8203O,11,,,,,,,,,,,
8203O,12,,,,,,,,,,,
8203O,13,,,,,,,,,,,
8210Y,01,,,,,,,,,,,
8210Y,02,,,,,,,,,,,
8210Y,03,,,,,,,,,,,
8210Y,04,,,,,,,,,,,
8210Y,05,,,,,,,,,,,
8210Y,06,,,,,,,,,,,
8210Y,07,,,,,,,,,,,
8210Y,08,,,,,,,,,,,
8210Y,09,,,,,,,,,,,
8210Y,10,,,,,,,,,,,
8210Y,11,,,,,,,,,,,
8210Y,12,,,,,,,,,,,
8210Y,13,,,,,,,,,,,
8245Y,01,,,,,,,,,,,
8245Y,02,,,,,,,,,,,
8245Y,03,,,,,,,,,,,
8245Y,04,,,,,,,,,,,
8245Y,05,,,,,,,,,,,
8245Y,06,,,,,,,,,,,
8245Y,07,,,,,,,,,,,
8245Y,08,,,,,,,,,,,
8245Y,09,,,,,,,,,,,
8245Y,10,,,,,,,,,,,
8245Y,11,,,,,,,,,,,
8245Y,12,,,,,,,,,,,
8245Y,13,,,,,,,,,,,
8270X,01,,,,,,,,,,,
8270X,02,,,,,,,,,,,
8270X,03,,,,,,,,,,,
8270X,04,,,,,,,,,,,
8270X,05,,,,,,,,,,,
8270X,06,,,,,,,,,,,
8270X,07,,,,,,,,,,,
8270X,08,,,,,,,,,,,
8270X,09,,,,,,,,,,,
8270X,10,,,,,,,,,,,
8270X,11,,,,,,,,,,,
8270X,12,,,,,,,,,,,
8270X,13,,,,,,,,,,,
8283X,01,,,,,,,,,,,
8283X,02,,,,,,,,,,,
8283X,03,,,,,,,,,,,
8283X,04,,,,,,,,,,,
8283X,05,,,,,,,,,,,
8283X,06,,,,,,,,,,,
8283X,07,,,,,,,,,,,
8283X,08,,,,,,,,,,,
8283X,09,,,,,,,,,,,
8283X,10,,,,,,,,,,,
8283X,11,,,,,,,,,,,
8283X,12,,,,,,,,,,,
8283X,13,,,,,,,,,,,
8293X,01,,,,,,,,,,,
8293X,02,,,,,,,,,,,
8293X,03,,,,,,,,,,,
8293X,04,,,,,,,,,,,
8293X,05,,,,,,,,,,,
8293X,06,,,,,,,,,,,
8293X,07,,,,,,,,,,,
8293X,08,,,,,,,,,,,
8293X,09,,,,,,,,,,,
8293X,10,,,,,,,,,,,
8293X,11,,,,,,,,,,,
8293X,12,,,,,,,,,,,
8293X,13,,,,,,,,,,,
8300X,01,,,,,,,,,,,
8300X,02,,,,,,,,,,,
8300X,03,,,,,,,,,,,
8300X,04,,,,,,,,,,,
8300X,05,,,,,,,,,,,
8300X,06,,,,,,,,,,,
8300X,07,,,,,,,,,,,
8300X,08,,,,,,,,,,,
8300X,09,,,,,,,,,,,
8300X,10,,,,,,,,,,,
8300X,11,,,,,,,,,,,
8300X,12,,,,,,,,,,,
8300X,13,,,,,,,,,,,
8309X,01,,,,,,,,,,,
8309X,02,,,,,,,,,,,
8309X,03,,,,,,,,,,,
8309X,04,,,,,,,,,,,
8309X,05,,,,,,,,,,,
8309X,06,,,,,,,,,,,
8309X,07,,,,,,,,,,,
8309X,08,,,,,,,,,,,
8309X,09,,,,,,,,,,,
8309X,10,,,,,,,,,,,
8309X,11,,,,,,,,,,,
8309X,12,,,,,,,,,,,
8309X,13,,,,,,,,,,,
8325X,01,,,,,,,,,,,
8325X,02,,,,,,,,,,,
8325X,03,,,,,,,,,,,
8325X,04,,,,,,,,,,,
8325X,05,,,,,,,,,,,
8325X,06,,,,,,,,,,,
8325X,07,,,,,,,,,,,
8325X,08,,,,,,,,,,,
8325X,09,,,,,,,,,,,
8325X,10,,,,,,,,,,,
8325X,11,,,,,,,,,,,
8325X,12,,,,,,,,,,,
8325X,13,,,,,,,,,,,
8337X,01,,,,,,,,,,,
8337X,02,,,,,,,,,,,
8337X,03,,,,,,,,,,,
8337X,04,,,,,,,,,,,
8337X,05,,,,,,,,,,,
8337X,06,,,,,,,,,,,
8337X,07,,,,,,,,,,,
8337X,08,,,,,,,,,,,
8337X,09,,,,,,,,,,,
8337X,10,,,,,,,,,,,
8337X,11,,,,,,,,,,,
8337X,12,,,,,,,,,,,
8337X,13,,,,,,,,,,,
8354X,01,,,,,,,,,,,
8354X,02,,,,,,,,,,,
8354X,03,,,,,,,,,,,
8354X,04,,,,,,,,,,,
8354X,05,,,,,,,,,,,
8354X,06,,,,,,,,,,,
8354X,07,,,,,,,,,,,
8354X,08,,,,,,,,,,,
8354X,09,,,,,,,,,,,
8354X,10,,,,,,,,,,,
8354X,11,,,,,,,,,,,
8354X,12,,,,,,,,,,,
8354X,13,,,,,,,,,,,
8368U,01,,,,,,,,,,,
8368U,02,,,,,,,,,,,
8368U,03,,,,,,,,,,,
8368U,04,,,,,,,,,,,
8368U,05,,,,,,,,,,,
8368U,06,,,,,,,,,,,
8368U,07,,,,,,,,,,,
8368U,08,,,,,,,,,,,
8368U,09,,,,,,,,,,,
8368U,10,,,,,,,,,,,
8368U,11,,,,,,,,,,,
8368U,12,,,,,,,,,,,
8368U,13,,,,,,,,,,,
8376,01,,,,,,,,,,,
8376,02,,,,,,,,,,,
8376,03,,,,,,,,,,,
8376,04,,,,,,,,,,,
8376,05,,,,,,,,,,,
8376,06,,,,,,,,,,,
8376,07,,,,,,,,,,,
8376,08,,,,,,,,,,,
8376,09,,,,,,,,,,,
8376,10,,,,,,,,,,,
8376,11,,,,,,,,,,,
8376,12,,,,,,,,,,,
8376,13,,,,,,,,,,,
8381X,01,,,,,,,,,,,
8381X,02,,,,,,,,,,,
8381X,03,,,,,,,,,,,
8381X,04,,,,,,,,,,,
8381X,05,,,,,,,,,,,
8381X,06,,,,,,,,,,,
8381X,07,,,,,,,,,,,
8381X,08,,,,,,,,,,,
8381X,09,,,,,,,,,,,
8381X,10,,,,,,,,,,,
8381X,11,,,,,,,,,,,
8381X,12,,,,,,,,,,,
8381X,13,,,,,,,,,,,
8395X,01,,,,,,,,,,,
8395X,02,,,,,,,,,,,
8395X,03,,,,,,,,,,,
8395X,04,,,,,,,,,,,
8395X,05,,,,,,,,,,,
8395X,06,,,,,,,,,,,
8395X,07,,,,,,,,,,,
8395X,08,,,,,,,,,,,
8395X,09,,,,,,,,,,,
8395X,10,,,,,,,,,,,
8395X,11,,,,,,,,,,,
8395X,12,,,,,,,,,,,
8395X,13,,,,,,,,,,,
8409X,01,,,,,,,,,,,
8409X,02,,,,,,,,,,,
8409X,03,,,,,,,,,,,
8409X,04,,,,,,,,,,,
8409X,05,,,,,,,,,,,
8409X,06,,,,,,,,,,,
8409X,07,,,,,,,,,,,
8409X,08,,,,,,,,,,,
8409X,09,,,,,,,,,,,
8409X,10,,,,,,,,,,,
8409X,11,,,,,,,,,,,
8409X,12,,,,,,,,,,,
8409X,13,,,,,,,,,,,
8414A,01,,,,,,,,,,,
8414A,02,,,,,,,,,,,
8414A,03,,,,,,,,,,,
8414A,04,,,,,,,,,,,
8414A,05,,,,,,,,,,,
8414A,06,,,,,,,,,,,
8414A,07,,,,,,,,,,,
8414A,08,,,,,,,,,,,
8414A,09,,,,,,,,,,,
8414A,10,,,,,,,,,,,
8414A,11,,,,,,,,,,,
8414A,12,,,,,,,,,,,
8414A,13,,,,,,,,,,,
8416,01,,,,,,,,,,,
8416,02,,,,,,,,,,,
8416,03,,,,,,,,,,,
8416,04,,,,,,,,,,,
8416,05,,,,,,,,,,,
8416,06,,,,,,,,,,,
8416,07,,,,,,,,,,,
8416,08,,,,,,,,,,,
8416,09,,,,,,,,,,,
8416,10,,,,,,,,,,,
8416,11,,,,,,,,,,,
8416,12,,,,,,,,,,,
8416,13,,,,,,,,,,,
8416X,01,,,,,,,,,,,
8416X,02,,,,,,,,,,,
8416X,03,,,,,,,,,,,
8416X,04,,,,,,,,,,,
8416X,05,,,,,,,,,,,
8416X,06,,,,,,,,,,,
8416X,07,,,,,,,,,,,
8416X,08,,,,,,,,,,,
8416X,09,,,,,,,,,,,
8416X,10,,,,,,,,,,,
8416X,11,,,,,,,,,,,
8416X,12,,,,,,,,,,,
8416X,13,,,,,,,,,,,
8416Y,01,,,,,,,,,,,
8416Y,02,,,,,,,,,,,
8416Y,03,,,,,,,,,,,
8416Y,04,,,,,,,,,,,
8416Y,05,,,,,,,,,,,
8416Y,06,,,,,,,,,,,
8416Y,07,,,,,,,,,,,
8416Y,08,,,,,,,,,,,
8416Y,09,,,,,,,,,,,
8416Y,10,,,,,,,,,,,
8416Y,11,,,,,,,,,,,
8416Y,12,,,,,,,,,,,
8416Y,13,,,,,,,,,,,
8439X,01,,,,,,,,,,,
8439X,02,,,,,,,,,,,
8439X,03,,,,,,,,,,,
8439X,04,,,,,,,,,,,
8439X,05,,,,,,,,,,,
8439X,06,,,,,,,,,,,
8439X,07,,,,,,,,,,,
8439X,08,,,,,,,,,,,
8439X,09,,,,,,,,,,,
8439X,10,,,,,,,,,,,
8439X,11,,,,,,,,,,,
8439X,12,,,,,,,,,,,
8439X,13,,,,,,,,,,,
8446Y,01,,,,,,,,,,,
8446Y,02,,,,,,,,,,,
8446Y,03,,,,,,,,,,,
8446Y,04,,,,,,,,,,,
8446Y,05,,,,,,,,,,,
8446Y,06,,,,,,,,,,,
8446Y,07,,,,,,,,,,,
8446Y,08,,,,,,,,,,,
8446Y,09,,,,,,,,,,,
8446Y,10,,,,,,,,,,,
8446Y,11,,,,,,,,,,,
8446Y,12,,,,,,,,,,,
8446Y,13,,,,,,,,,,,
8458X,01,,,,,,,,,,,
8458X,02,,,,,,,,,,,
8458X,03,,,,,,,,,,,
8458X,04,,,,,,,,,,,
8458X,05,,,,,,,,,,,
8458X,06,,,,,,,,,,,
8458X,07,,,,,,,,,,,
8458X,08,,,,,,,,,,,
8458X,09,,,,,,,,,,,
8458X,10,,,,,,,,,,,
8458X,11,,,,,,,,,,,
8458X,12,,,,,,,,,,,
8458X,13,,,,,,,,,,,
8472A,01,,,,,,,,,,,
8472A,02,,,,,,,,,,,
8472A,03,,,,,,,,,,,
8472A,04,,,,,,,,,,,
8472A,05,,,,,,,,,,,
8472A,06,,,,,,,,,,,
8472A,07,,,,,,,,,,,
8472A,08,,,,,,,,,,,
8472A,09,,,,,,,,,,,
8472A,10,,,,,,,,,,,
8472A,11,,,,,,,,,,,
8472A,12,,,,,,,,,,,
8472A,13,,,,,,,,,,,
8486X,01,,,,,,,,,,,
8486X,02,,,,,,,,,,,
8486X,03,,,,,,,,,,,
8486X,04,,,,,,,,,,,
8486X,05,,,,,,,,,,,
8486X,06,,,,,,,,,,,
8486X,07,,,,,,,,,,,
8486X,08,,,,,,,,,,,
8486X,09,,,,,,,,,,,
8486X,10,,,,,,,,,,,
8486X,11,,,,,,,,,,,
8486X,12,,,,,,,,,,,
8486X,13,,,,,,,,,,,
8489X,01,,,,,,,,,,,
8489X,02,,,,,,,,,,,
8489X,03,,,,,,,,,,,
8489X,04,,,,,,,,,,,
8489X,05,,,,,,,,,,,
8489X,06,,,,,,,,,,,
8489X,07,,,,,,,,,,,
8489X,08,,,,,,,,,,,
8489X,09,,,,,,,,,,,
8489X,10,,,,,,,,,,,
8489X,11,,,,,,,,,,,
8489X,12,,,,,,,,,,,
8489X,13,,,,,,,,,,,
8492X,01,,,,,,,,,,,
8492X,02,,,,,,,,,,,
8492X,03,,,,,,,,,,,
8492X,04,,,,,,,,,,,
8492X,05,,,,,,,,,,,
8492X,06,,,,,,,,,,,
8492X,07,,,,,,,,,,,
8492X,08,,,,,,,,,,,
8492X,09,,,,,,,,,,,
8492X,10,,,,,,,,,,,
8492X,11,,,,,,,,,,,
8492X,12,,,,,,,,,,,
8492X,13,,,,,,,,,,,
8500A,01,,,,,,,,,,,
8500A,02,,,,,,,,,,,
8500A,03,,,,,,,,,,,
8500A,04,,,,,,,,,,,
8500A,05,,,,,,,,,,,
8500A,06,,,,,,,,,,,
8500A,07,,,,,,,,,,,
8500A,08,,,,,,,,,,,
8500A,09,,,,,,,,,,,
8500A,10,,,,,,,,,,,
8500A,11,,,,,,,,,,,
8500A,12,,,,,,,,,,,
8500A,13,,,,,,,,,,,
8501,01,,,,,,,,,,,
8501,02,,,,,,,,,,,
8501,03,,,,,,,,,,,
8501,04,,,,,,,,,,,
8501,05,,,,,,,,,,,
8501,06,,,,,,,,,,,
8501,07,,,,,,,,,,,
8501,08,,,,,,,,,,,
8501,09,,,,,,,,,,,
8501,10,,,,,,,,,,,
8501,11,,,,,,,,,,,
8501,12,,,,,,,,,,,
8501,13,,,,,,,,,,,
8503Y,01,,,,,,,,,,,
8503Y,02,,,,,,,,,,,
8503Y,03,,,,,,,,,,,
8503Y,04,,,,,,,,,,,
8503Y,05,,,,,,,,,,,
8503Y,06,,,,,,,,,,,
8503Y,07,,,,,,,,,,,
8503Y,08,,,,,,,,,,,
8503Y,09,,,,,,,,,,,
8503Y,10,,,,,,,,,,,
8503Y,11,,,,,,,,,,,
8503Y,12,,,,,,,,,,,
8503Y,13,,,,,,,,,,,
8520X,01,,,,,,,,,,,
8520X,02,,,,,,,,,,,
8520X,03,,,,,,,,,,,
8520X,04,,,,,,,,,,,
8520X,05,,,,,,,,,,,
8520X,06,,,,,,,,,,,
8520X,07,,,,,,,,,,,
8520X,08,,,,,,,,,,,
8520X,09,,,,,,,,,,,
8520X,10,,,,,,,,,,,
8520X,11,,,,,,,,,,,
8520X,12,,,,,,,,,,,
8520X,13,,,,,,,,,,,
8523X,01,,,,,,,,,,,
8523X,02,,,,,,,,,,,
8523X,03,,,,,,,,,,,
8523X,04,,,,,,,,,,,
8523X,05,,,,,,,,,,,
8523X,06,,,,,,,,,,,
8523X,07,,,,,,,,,,,
8523X,08,,,,,,,,,,,
8523X,09,,,,,,,,,,,
8523X,10,,,,,,,,,,,
8523X,11,,,,,,,,,,,
8523X,12,,,,,,,,,,,
8523X,13,,,,,,,,,,,
9001D,01,,,,,,,,,,,
9001D,02,,,,,,,,,,,
9001D,03,,,,,,,,,,,
9001D,04,,,,,,,,,,,
9001D,05,,,,,,,,,,,
9001D,06,,,,,,,,,,,
9001D,07,,,,,,,,,,,
9001D,08,,,,,,,,,,,
9001D,09,,,,,,,,,,,
9001D,10,,,,,,,,,,,
9001D,11,,,,,,,,,,,
9001D,12,,,,,,,,,,,
9001D,13,,,,,,,,,,,
9001S,01,,,,,,,,,,,
9001S,02,,,,,,,,,,,
9001S,03,,,,,,,,,,,
9001S,04,,,,,,,,,,,
9001S,05,,,,,,,,,,,
9001S,06,,,,,,,,,,,
9001S,07,,,,,,,,,,,
9001S,08,,,,,,,,,,,
9001S,09,,,,,,,,,,,
9001S,10,,,,,,,,,,,
9001S,11,,,,,,,,,,,
9001S,12,,,,,,,,,,,
9001S,13,,,,,,,,,,,
9012E,01,,,,,,,,,,,
9012E,02,,,,,,,,,,,
9012E,03,,,,,,,,,,,
9012E,04,,,,,,,,,,,
9012E,05,,,,,,,,,,,
9012E,06,,,,,,,,,,,
9012E,07,,,,,,,,,,,
9012E,08,,,,,,,,,,,
9012E,09,,,,,,,,,,,
9012E,10,,,,,,,,,,,
9012E,11,,,,,,,,,,,
9012E,12,,,,,,,,,,,
9012E,13,,,,,,,,,,,
9016X,01,,,,,,,,,,,
9016X,02,,,,,,,,,,,
9016X,03,,,,,,,,,,,
9016X,04,,,,,,,,,,,
9016X,05,,,,,,,,,,,
9016X,06,,,,,,,,,,,
9016X,07,,,,,,,,,,,
9016X,08,,,,,,,,,,,
9016X,09,,,,,,,,,,,
9016X,10,,,,,,,,,,,
9016X,11,,,,,,,,,,,
9016X,12,,,,,,,,,,,
9016X,13,,,,,,,,,,,
9019B,01,,,,,,,,,,,
9019B,02,,,,,,,,,,,
9019B,03,,,,,,,,,,,
9019B,04,,,,,,,,,,,
9019B,05,,,,,,,,,,,
9019B,06,,,,,,,,,,,
9019B,07,,,,,,,,,,,
9019B,08,,,,,,,,,,,
9019B,09,,,,,,,,,,,
9019B,10,,,,,,,,,,,
9019B,11,,,,,,,,,,,
9019B,12,,,,,,,,,,,
9019B,13,,,,,,,,,,,
9027X,01,,,,,,,,,,,
9027X,02,,,,,,,,,,,
9027X,03,,,,,,,,,,,
9027X,04,,,,,,,,,,,
9027X,05,,,,,,,,,,,
9027X,06,,,,,,,,,,,
9027X,07,,,,,,,,,,,
9027X,08,,,,,,,,,,,
9027X,09,,,,,,,,,,,
9027X,10,,,,,,,,,,,
9027X,11,,,,,,,,,,,
9027X,12,,,,,,,,,,,
9027X,13,,,,,,,,,,,
9031C,01,,,,,,,,,,,
9031C,02,,,,,,,,,,,
9031C,03,,,,,,,,,,,
9031C,04,,,,,,,,,,,
9031C,05,,,,,,,,,,,
9031C,06,,,,,,,,,,,
9031C,07,,,,,,,,,,,
9031C,08,,,,,,,,,,,
9031C,09,,,,,,,,,,,
9031C,10,,,,,,,,,,,
9031C,11,,,,,,,,,,,
9031C,12,,,,,,,,,,,
9031C,13,,,,,,,,,,,
9051,01,,,,,,,,,,,
9051,02,,,,,,,,,,,
9051,03,,,,,,,,,,,
9051,04,,,,,,,,,,,
9051,05,,,,,,,,,,,
9051,06,,,,,,,,,,,
9051,07,,,,,,,,,,,
9051,08,,,,,,,,,,,
9051,09,,,,,,,,,,,
9051,10,,,,,,,,,,,
9051,11,,,,,,,,,,,
9051,12,,,,,,,,,,,
9051,13,,,,,,,,,,,
9060X,01,,,,,,,,,,,
9060X,02,,,,,,,,,,,
9060X,03,,,,,,,,,,,
9060X,04,,,,,,,,,,,
9060X,05,,,,,,,,,,,
9060X,06,,,,,,,,,,,
9060X,07,,,,,,,,,,,
9060X,08,,,,,,,,,,,
9060X,09,,,,,,,,,,,
9060X,10,,,,,,,,,,,
9060X,11,,,,,,,,,,,
9060X,12,,,,,,,,,,,
9060X,13,,,,,,,,,,,
9069C,01,,,,,,,,,,,
9069C,02,,,,,,,,,,,
9069C,03,,,,,,,,,,,
9069C,04,,,,,,,,,,,
9069C,05,,,,,,,,,,,
9069C,06,,,,,,,,,,,
9069C,07,,,,,,,,,,,
9069C,08,,,,,,,,,,,
9069C,09,,,,,,,,,,,
9069C,10,,,,,,,,,,,
9069C,11,,,,,,,,,,,
9069C,12,,,,,,,,,,,
9069C,13,,,,,,,,,,,
9073X,01,,,,,,,,,,,
9073X,02,,,,,,,,,,,
9073X,03,,,,,,,,,,,
9073X,04,,,,,,,,,,,
9073X,05,,,,,,,,,,,
9073X,06,,,,,,,,,,,
9073X,07,,,,,,,,,,,
9073X,08,,,,,,,,,,,
9073X,09,,,,,,,,,,,
9073X,10,,,,,,,,,,,
9073X,11,,,,,,,,,,,
9073X,12,,,,,,,,,,,
9073X,13,,,,,,,,,,,
9087,01,,,,,,,,,,,
9087,02,,,,,,,,,,,
9087,03,,,,,,,,,,,
9087,04,,,,,,,,,,,
9087,05,,,,,,,,,,,
9087,06,,,,,,,,,,,
9087,07,,,,,,,,,,,
9087,08,,,,,,,,,,,
9087,09,,,,,,,,,,,
9087,10,,,,,,,,,,,
9087,11,,,,,,,,,,,
9087,12,,,,,,,,,,,
9087,13,,,,,,,,,,,
9091O,01,,,,,,,,,,,
9091O,02,,,,,,,,,,,
9091O,03,,,,,,,,,,,
9091O,04,,,,,,,,,,,
9091O,05,,,,,,,,,,,
9091O,06,,,,,,,,,,,
9091O,07,,,,,,,,,,,
9091O,08,,,,,,,,,,,
9091O,09,,,,,,,,,,,
9091O,10,,,,,,,,,,,
9091O,11,,,,,,,,,,,
9091O,12,,,,,,,,,,,
9091O,13,,,,,,,,,,,
9091R,01,,,,,,,,,,,
9091R,02,,,,,,,,,,,
9091R,03,,,,,,,,,,,
9091R,04,,,,,,,,,,,
9091R,05,,,,,,,,,,,
9091R,06,,,,,,,,,,,
9091R,07,,,,,,,,,,,
9091R,08,,,,,,,,,,,
9091R,09,,,,,,,,,,,
9091R,10,,,,,,,,,,,
9091R,11,,,,,,,,,,,
9091R,12,,,,,,,,,,,
9091R,13,,,,,,,,,,,
9111,01,,,,,,,,,,,
9111,02,,,,,,,,,,,
9111,03,,,,,,,,,,,
9111,04,,,,,,,,,,,
9111,05,,,,,,,,,,,
9111,06,,,,,,,,,,,
9111,07,,,,,,,,,,,
9111,08,,,,,,,,,,,
9111,09,,,,,,,,,,,
9111,10,,,,,,,,,,,
9111,11,,,,,,,,,,,
9111,12,,,,,,,,,,,
9111,13,,,,,,,,,,,
9115X,01,,,,,,,,,,,
9115X,02,,,,,,,,,,,
9115X,03,,,,,,,,,,,
9115X,04,,,,,,,,,,,
9115X,05,,,,,,,,,,,
9115X,06,,,,,,,,,,,
9115X,07,,,,,,,,,,,
9115X,08,,,,,,,,,,,
9115X,09,,,,,,,,,,,
9115X,10,,,,,,,,,,,
9115X,11,,,,,,,,,,,
9115X,12,,,,,,,,,,,
9115X,13,,,,,,,,,,,
9121X,01,,,,,,,,,,,
9121X,02,,,,,,,,,,,
9121X,03,,,,,,,,,,,
9121X,04,,,,,,,,,,,
9121X,05,,,,,,,,,,,
9121X,06,,,,,,,,,,,
9121X,07,,,,,,,,,,,
9121X,08,,,,,,,,,,,
9121X,09,,,,,,,,,,,
9121X,10,,,,,,,,,,,
9121X,11,,,,,,,,,,,
9121X,12,,,,,,,,,,,
9121X,13,,,,,,,,,,,
9122I,01,,,,,,,,,,,
9122I,02,,,,,,,,,,,
9122I,03,,,,,,,,,,,
9122I,04,,,,,,,,,,,
9122I,05,,,,,,,,,,,
9122I,06,,,,,,,,,,,
9122I,07,,,,,,,,,,,
9122I,08,,,,,,,,,,,
9122I,09,,,,,,,,,,,
9122I,10,,,,,,,,,,,
9122I,11,,,,,,,,,,,
9122I,12,,,,,,,,,,,
9122I,13,,,,,,,,,,,
9136X,01,,,,,,,,,,,
9136X,02,,,,,,,,,,,
9136X,03,,,,,,,,,,,
9136X,04,,,,,,,,,,,
9136X,05,,,,,,,,,,,
9136X,06,,,,,,,,,,,
9136X,07,,,,,,,,,,,
9136X,08,,,,,,,,,,,
9136X,09,,,,,,,,,,,
9136X,10,,,,,,,,,,,
9136X,11,,,,,,,,,,,
9136X,12,,,,,,,,,,,
9136X,13,,,,,,,,,,,
9141V,01,,,,,,,,,,,
9141V,02,,,,,,,,,,,
9141V,03,,,,,,,,,,,
9141V,04,,,,,,,,,,,
9141V,05,,,,,,,,,,,
9141V,06,,,,,,,,,,,
9141V,07,,,,,,,,,,,
9141V,08,,,,,,,,,,,
9141V,09,,,,,,,,,,,
9141V,10,,,,,,,,,,,
9141V,11,,,,,,,,,,,
9141V,12,,,,,,,,,,,
9141V,13,,,,,,,,,,,
9145X,01,,,,,,,,,,,
9145X,02,,,,,,,,,,,
9145X,03,,,,,,,,,,,
9145X,04,,,,,,,,,,,
9145X,05,,,,,,,,,,,
9145X,06,,,,,,,,,,,
9145X,07,,,,,,,,,,,
9145X,08,,,,,,,,,,,
9145X,09,,,,,,,,,,,
9145X,10,,,,,,,,,,,
9145X,11,,,,,,,,,,,
9145X,12,,,,,,,,,,,
9145X,13,,,,,,,,,,,
9145Y,01,,,,,,,,,,,
9145Y,02,,,,,,,,,,,
9145Y,03,,,,,,,,,,,
9145Y,04,,,,,,,,,,,
9145Y,05,,,,,,,,,,,
9145Y,06,,,,,,,,,,,
9145Y,07,,,,,,,,,,,
9145Y,08,,,,,,,,,,,
9145Y,09,,,,,,,,,,,
9145Y,10,,,,,,,,,,,
9145Y,11,,,,,,,,,,,
9145Y,12,,,,,,,,,,,
9145Y,13,,,,,,,,,,,
9170,01,,,,,,,,,,,
9170,02,,,,,,,,,,,
9170,03,,,,,,,,,,,
9170,04,,,,,,,,,,,
9170,05,,,,,,,,,,,
9170,06,,,,,,,,,,,
9170,07,,,,,,,,,,,
9170,08,,,,,,,,,,,
9170,09,,,,,,,,,,,
9170,10,,,,,,,,,,,
9170,11,,,,,,,,,,,
9170,12,,,,,,,,,,,
9170,13,,,,,,,,,,,
9171K,01,,,,,,,,,,,
9171K,02,,,,,,,,,,,
9171K,03,,,,,,,,,,,
9171K,04,,,,,,,,,,,
9171K,05,,,,,,,,,,,
9171K,06,,,,,,,,,,,
9171K,07,,,,,,,,,,,
9171K,08,,,,,,,,,,,
9171K,09,,,,,,,,,,,
9171K,10,,,,,,,,,,,
9171K,11,,,,,,,,,,,
9171K,12,,,,,,,,,,,
9171K,13,,,,,,,,,,,
9178X,01,,,,,,,,,,,
9178X,02,,,,,,,,,,,
9178X,03,,,,,,,,,,,
9178X,04,,,,,,,,,,,
9178X,05,,,,,,,,,,,
9178X,06,,,,,,,,,,,
9178X,07,,,,,,,,,,,
9178X,08,,,,,,,,,,,
9178X,09,,,,,,,,,,,
9178X,10,,,,,,,,,,,
9178X,11,,,,,,,,,,,
9178X,12,,,,,,,,,,,
9178X,13,,,,,,,,,,,
9188,01,,,,,,,,,,,
9188,02,,,,,,,,,,,
9188,03,,,,,,,,,,,
9188,04,,,,,,,,,,,
9188,05,,,,,,,,,,,
9188,06,,,,,,,,,,,
9188,07,,,,,,,,,,,
9188,08,,,,,,,,,,,
9188,09,,,,,,,,,,,
9188,10,,,,,,,,,,,
9188,11,,,,,,,,,,,
9188,12,,,,,,,,,,,
9188,13,,,,,,,,,,,
9195C,01,,,,,,,,,,,
9195C,02,,,,,,,,,,,
9195C,03,,,,,,,,,,,
9195C,04,,,,,,,,,,,
9195C,05,,,,,,,,,,,
9195C,06,,,,,,,,,,,
9195C,07,,,,,,,,,,,
9195C,08,,,,,,,,,,,
9195C,09,,,,,,,,,,,
9195C,10,,,,,,,,,,,
9195C,11,,,,,,,,,,,
9195C,12,,,,,,,,,,,
9195C,13,,,,,,,,,,,
9198X,01,,,,,,,,,,,
9198X,02,,,,,,,,,,,
9198X,03,,,,,,,,,,,
9198X,04,,,,,,,,,,,
9198X,05,,,,,,,,,,,
9198X,06,,,,,,,,,,,
9198X,07,,,,,,,,,,,
9198X,08,,,,,,,,,,,
9198X,09,,,,,,,,,,,
9198X,10,,,,,,,,,,,
9198X,11,,,,,,,,,,,
9198X,12,,,,,,,,,,,
9198X,13,,,,,,,,,,,
9201K,01,,,,,,,,,,,
9201K,02,,,,,,,,,,,
9201K,03,,,,,,,,,,,
9201K,04,,,,,,,,,,,
9201K,05,,,,,,,,,,,
9201K,06,,,,,,,,,,,
9201K,07,,,,,,,,,,,
9201K,08,,,,,,,,,,,
9201K,09,,,,,,,,,,,
9201K,10,,,,,,,,,,,
9201K,11,,,,,,,,,,,
9201K,12,,,,,,,,,,,
9201K,13,,,,,,,,,,,
9201X,01,,,,,,,,,,,
9201X,02,,,,,,,,,,,
9201X,03,,,,,,,,,,,
9201X,04,,,,,,,,,,,
9201X,05,,,,,,,,,,,
9201X,06,,,,,,,,,,,
9201X,07,,,,,,,,,,,
9201X,08,,,,,,,,,,,
9201X,09,,,,,,,,,,,
9201X,10,,,,,,,,,,,
9201X,11,,,,,,,,,,,
9201X,12,,,,,,,,,,,
9201X,13,,,,,,,,,,,
9207,01,,,,,,,,,,,
9207,02,,,,,,,,,,,
9207,03,,,,,,,,,,,
9207,04,,,,,,,,,,,
9207,05,,,,,,,,,,,
9207,06,,,,,,,,,,,
9207,07,,,,,,,,,,,
9207,08,,,,,,,,,,,
9207,09,,,,,,,,,,,
9207,10,,,,,,,,,,,
9207,11,,,,,,,,,,,
9207,12,,,,,,,,,,,
9207,13,,,,,,,,,,,
9208E,01,,,,,,,,,,,
9208E,02,,,,,,,,,,,
9208E,03,,,,,,,,,,,
9208E,04,,,,,,,,,,,
9208E,05,,,,,,,,,,,
9208E,06,,,,,,,,,,,
9208E,07,,,,,,,,,,,
9208E,08,,,,,,,,,,,
9208E,09,,,,,,,,,,,
9208E,10,,,,,,,,,,,
9208E,11,,,,,,,,,,,
9208E,12,,,,,,,,,,,
9208E,13,,,,,,,,,,,
9211F,01,,,,,,,,,,,
9211F,02,,,,,,,,,,,
9211F,03,,,,,,,,,,,
9211F,04,,,,,,,,,,,
9211F,05,,,,,,,,,,,
9211F,06,,,,,,,,,,,
9211F,07,,,,,,,,,,,
9211F,08,,,,,,,,,,,
9211F,09,,,,,,,,,,,
9211F,10,,,,,,,,,,,
9211F,11,,,,,,,,,,,
9211F,12,,,,,,,,,,,
9211F,13,,,,,,,,,,,
9218A,01,,,,,,,,,,,
9218A,02,,,,,,,,,,,
9218A,03,,,,,,,,,,,
9218A,04,,,,,,,,,,,
9218A,05,,,,,,,,,,,
9218A,06,,,,,,,,,,,
9218A,07,,,,,,,,,,,
9218A,08,,,,,,,,,,,
9218A,09,,,,,,,,,,,
9218A,10,,,,,,,,,,,
9218A,11,,,,,,,,,,,
9218A,12,,,,,,,,,,,
9218A,13,,,,,,,,,,,
9228J,01,,,,,,,,,,,
9228J,02,,,,,,,,,,,
9228J,03,,,,,,,,,,,
9228J,04,,,,,,,,,,,
9228J,05,,,,,,,,,,,
9228J,06,,,,,,,,,,,
9228J,07,,,,,,,,,,,
9228J,08,,,,,,,,,,,
9228J,09,,,,,,,,,,,
9228J,10,,,,,,,,,,,
9228J,11,,,,,,,,,,,
9228J,12,,,,,,,,,,,
9228J,13,,,,,,,,,,,
9228T,01,,,,,,,,,,,
9228T,02,,,,,,,,,,,
9228T,03,,,,,,,,,,,
9228T,04,,,,,,,,,,,
9228T,05,,,,,,,,,,,
9228T,06,,,,,,,,,,,
9228T,07,,,,,,,,,,,
9228T,08,,,,,,,,,,,
9228T,09,,,,,,,,,,,
9228T,10,,,,,,,,,,,
9228T,11,,,,,,,,,,,
9228T,12,,,,,,,,,,,
9228T,13,,,,,,,,,,,
9238X,01,,,,,,,,,,,
9238X,02,,,,,,,,,,,
9238X,03,,,,,,,,,,,
9238X,04,,,,,,,,,,,
9238X,05,,,,,,,,,,,
9238X,06,,,,,,,,,,,
9238X,07,,,,,,,,,,,
9238X,08,,,,,,,,,,,
9238X,09,,,,,,,,,,,
9238X,10,,,,,,,,,,,
9238X,11,,,,,,,,,,,
9238X,12,,,,,,,,,,,
9238X,13,,,,,,,,,,,
9244X,01,,,,,,,,,,,
9244X,02,,,,,,,,,,,
9244X,03,,,,,,,,,,,
9244X,04,,,,,,,,,,,
9244X,05,,,,,,,,,,,
9244X,06,,,,,,,,,,,
9244X,07,,,,,,,,,,,
9244X,08,,,,,,,,,,,
9244X,09,,,,,,,,,,,
9244X,10,,,,,,,,,,,
9244X,11,,,,,,,,,,,
9244X,12,,,,,,,,,,,
9244X,13,,,,,,,,,,,
9245X,01,,,,,,,,,,,
9245X,02,,,,,,,,,,,
9245X,03,,,,,,,,,,,
9245X,04,,,,,,,,,,,
9245X,05,,,,,,,,,,,
9245X,06,,,,,,,,,,,
9245X,07,,,,,,,,,,,
9245X,08,,,,,,,,,,,
9245X,09,,,,,,,,,,,
9245X,10,,,,,,,,,,,
9245X,11,,,,,,,,,,,
9245X,12,,,,,,,,,,,
9245X,13,,,,,,,,,,,
9252X,01,,,,,,,,,,,
9252X,02,,,,,,,,,,,
9252X,03,,,,,,,,,,,
9252X,04,,,,,,,,,,,
9252X,05,,,,,,,,,,,
9252X,06,,,,,,,,,,,
9252X,07,,,,,,,,,,,
9252X,08,,,,,,,,,,,
9252X,09,,,,,,,,,,,
9252X,10,,,,,,,,,,,
9252X,11,,,,,,,,,,,
9252X,12,,,,,,,,,,,
9252X,13,,,,,,,,,,,
9257X,01,,,,,,,,,,,
9257X,02,,,,,,,,,,,
9257X,03,,,,,,,,,,,
9257X,04,,,,,,,,,,,
9257X,05,,,,,,,,,,,
9257X,06,,,,,,,,,,,
9257X,07,,,,,,,,,,,
9257X,08,,,,,,,,,,,
9257X,09,,,,,,,,,,,
9257X,10,,,,,,,,,,,
9257X,11,,,,,,,,,,,
9257X,12,,,,,,,,,,,
9257X,13,,,,,,,,,,,
9262,01,,,,,,,,,,,
9262,02,,,,,,,,,,,
9262,03,,,,,,,,,,,
9262,04,,,,,,,,,,,
9262,05,,,,,,,,,,,
9262,06,,,,,,,,,,,
9262,07,,,,,,,,,,,
9262,08,,,,,,,,,,,
9262,09,,,,,,,,,,,
9262,10,,,,,,,,,,,
9262,11,,,,,,,,,,,
9262,12,,,,,,,,,,,
9262,13,,,,,,,,,,,
9262P,01,,,,,,,,,,,
9262P,02,,,,,,,,,,,
9262P,03,,,,,,,,,,,
9262P,04,,,,,,,,,,,
9262P,05,,,,,,,,,,,
9262P,06,,,,,,,,,,,
9262P,07,,,,,,,,,,,
9262P,08,,,,,,,,,,,
9262P,09,,,,,,,,,,,
9262P,10,,,,,,,,,,,
9262P,11,,,,,,,,,,,
9262P,12,,,,,,,,,,,
9262P,13,,,,,,,,,,,
9263D,01,,,,,,,,,,,
9263D,02,,,,,,,,,,,
9263D,03,,,,,,,,,,,
9263D,04,,,,,,,,,,,
9263D,05,,,,,,,,,,,
9263D,06,,,,,,,,,,,
9263D,07,,,,,,,,,,,
9263D,08,,,,,,,,,,,
9263D,09,,,,,,,,,,,
9263D,10,,,,,,,,,,,
9263D,11,,,,,,,,,,,
9263D,12,,,,,,,,,,,
9263D,13,,,,,,,,,,,
9263X,01,,,,,,,,,,,
9263X,02,,,,,,,,,,,
9263X,03,,,,,,,,,,,
9263X,04,,,,,,,,,,,
9263X,05,,,,,,,,,,,
9263X,06,,,,,,,,,,,
9263X,07,,,,,,,,,,,
9263X,08,,,,,,,,,,,
9263X,09,,,,,,,,,,,
9263X,10,,,,,,,,,,,
9263X,11,,,,,,,,,,,
9263X,12,,,,,,,,,,,
9263X,13,,,,,,,,,,,
9274X,01,,,,,,,,,,,
9274X,02,,,,,,,,,,,
9274X,03,,,,,,,,,,,
9274X,04,,,,,,,,,,,
9274X,05,,,,,,,,,,,
9274X,06,,,,,,,,,,,
9274X,07,,,,,,,,,,,
9274X,08,,,,,,,,,,,
9274X,09,,,,,,,,,,,
9274X,10,,,,,,,,,,,
9274X,11,,,,,,,,,,,
9274X,12,,,,,,,,,,,
9274X,13,,,,,,,,,,,
9280B,01,,,,,,,,,,,
9280B,02,,,,,,,,,,,
9280B,03,,,,,,,,,,,
9280B,04,,,,,,,,,,,
9280B,05,,,,,,,,,,,
9280B,06,,,,,,,,,,,
9280B,07,,,,,,,,,,,
9280B,08,,,,,,,,,,,
9280B,09,,,,,,,,,,,
9280B,10,,,,,,,,,,,
9280B,11,,,,,,,,,,,
9280B,12,,,,,,,,,,,
9280B,13,,,,,,,,,,,
9283X,01,,,,,,,,,,,
9283X,02,,,,,,,,,,,
9283X,03,,,,,,,,,,,
9283X,04,,,,,,,,,,,
9283X,05,,,,,,,,,,,
9283X,06,,,,,,,,,,,
9283X,07,,,,,,,,,,,
9283X,08,,,,,,,,,,,
9283X,09,,,,,,,,,,,
9283X,10,,,,,,,,,,,
9283X,11,,,,,,,,,,,
9283X,12,,,,,,,,,,,
9283X,13,,,,,,,,,,,
9287A,01,,,,,,,,,,,
9287A,02,,,,,,,,,,,
9287A,03,,,,,,,,,,,
9287A,04,,,,,,,,,,,
9287A,05,,,,,,,,,,,
9287A,06,,,,,,,,,,,
9287A,07,,,,,,,,,,,
9287A,08,,,,,,,,,,,
9287A,09,,,,,,,,,,,
9287A,10,,,,,,,,,,,
9287A,11,,,,,,,,,,,
9287A,12,,,,,,,,,,,
9287A,13,,,,,,,,,,,
9293X,01,,,,,,,,,,,
9293X,02,,,,,,,,,,,
9293X,03,,,,,,,,,,,
9293X,04,,,,,,,,,,,
9293X,05,,,,,,,,,,,
9293X,06,,,,,,,,,,,
9293X,07,,,,,,,,,,,
9293X,08,,,,,,,,,,,
9293X,09,,,,,,,,,,,
9293X,10,,,,,,,,,,,
9293X,11,,,,,,,,,,,
9293X,12,,,,,,,,,,,
9293X,13,,,,,,,,,,,
9294E,01,,,,,,,,,,,
9294E,02,,,,,,,,,,,
9294E,03,,,,,,,,,,,
9294E,04,,,,,,,,,,,
9294E,05,,,,,,,,,,,
9294E,06,,,,,,,,,,,
9294E,07,,,,,,,,,,,
9294E,08,,,,,,,,,,,
9294E,09,,,,,,,,,,,
9294E,10,,,,,,,,,,,
9294E,11,,,,,,,,,,,
9294E,12,,,,,,,,,,,
9294E,13,,,,,,,,,,,
9299X,01,,,,,,,,,,,
9299X,02,,,,,,,,,,,
9299X,03,,,,,,,,,,,
9299X,04,,,,,,,,,,,
9299X,05,,,,,,,,,,,
9299X,06,,,,,,,,,,,
9299X,07,,,,,,,,,,,
9299X,08,,,,,,,,,,,
9299X,09,,,,,,,,,,,
9299X,10,,,,,,,,,,,
9299X,11,,,,,,,,,,,
9299X,12,,,,,,,,,,,
9299X,13,,,,,,,,,,,
9301X,01,,,,,,,,,,,
9301X,02,,,,,,,,,,,
9301X,03,,,,,,,,,,,
9301X,04,,,,,,,,,,,
9301X,05,,,,,,,,,,,
9301X,06,,,,,,,,,,,
9301X,07,,,,,,,,,,,
9301X,08,,,,,,,,,,,
9301X,09,,,,,,,,,,,
9301X,10,,,,,,,,,,,
9301X,11,,,,,,,,,,,
9301X,12,,,,,,,,,,,
9301X,13,,,,,,,,,,,
9302Y,01,,,,,,,,,,,
9302Y,02,,,,,,,,,,,
9302Y,03,,,,,,,,,,,
9302Y,04,,,,,,,,,,,
9302Y,05,,,,,,,,,,,
9302Y,06,,,,,,,,,,,
9302Y,07,,,,,,,,,,,
9302Y,08,,,,,,,,,,,
9302Y,09,,,,,,,,,,,
9302Y,10,,,,,,,,,,,
9302Y,11,,,,,,,,,,,
9302Y,12,,,,,,,,,,,
9302Y,13,,,,,,,,,,,
9321X,01,,,,,,,,,,,
9321X,02,,,,,,,,,,,
9321X,03,,,,,,,,,,,
9321X,04,,,,,,,,,,,
9321X,05,,,,,,,,,,,
9321X,06,,,,,,,,,,,
9321X,07,,,,,,,,,,,
9321X,08,,,,,,,,,,,
9321X,09,,,,,,,,,,,
9321X,10,,,,,,,,,,,
9321X,11,,,,,,,,,,,
9321X,12,,,,,,,,,,,
9321X,13,,,,,,,,,,,
9336D,01,,,,,,,,,,,
9336D,02,,,,,,,,,,,
9336D,03,,,,,,,,,,,
9336D,04,,,,,,,,,,,
9336D,05,,,,,,,,,,,
9336D,06,,,,,,,,,,,
9336D,07,,,,,,,,,,,
9336D,08,,,,,,,,,,,
9336D,09,,,,,,,,,,,
9336D,10,,,,,,,,,,,
9336D,11,,,,,,,,,,,
9336D,12,,,,,,,,,,,
9336D,13,,,,,,,,,,,
9344C,01,,,,,,,,,,,
9344C,02,,,,,,,,,,,
9344C,03,,,,,,,,,,,
9344C,04,,,,,,,,,,,
9344C,05,,,,,,,,,,,
9344C,06,,,,,,,,,,,
9344C,07,,,,,,,,,,,
9344C,08,,,,,,,,,,,
9344C,09,,,,,,,,,,,
9344C,10,,,,,,,,,,,
9344C,11,,,,,,,,,,,
9344C,12,,,,,,,,,,,
9344C,13,,,,,,,,,,,
9352A,01,,,,,,,,,,,
9352A,02,,,,,,,,,,,
9352A,03,,,,,,,,,,,
9352A,04,,,,,,,,,,,
9352A,05,,,,,,,,,,,
9352A,06,,,,,,,,,,,
9352A,07,,,,,,,,,,,
9352A,08,,,,,,,,,,,
9352A,09,,,,,,,,,,,
9352A,10,,,,,,,,,,,
9352A,11,,,,,,,,,,,
9352A,12,,,,,,,,,,,
9352A,13,,,,,,,,,,,
9354X,01,,,,,,,,,,,
9354X,02,,,,,,,,,,,
9354X,03,,,,,,,,,,,
9354X,04,,,,,,,,,,,
9354X,05,,,,,,,,,,,
9354X,06,,,,,,,,,,,
9354X,07,,,,,,,,,,,
9354X,08,,,,,,,,,,,
9354X,09,,,,,,,,,,,
9354X,10,,,,,,,,,,,
9354X,11,,,,,,,,,,,
9354X,12,,,,,,,,,,,
9354X,13,,,,,,,,,,,
9374X,01,,,,,,,,,,,
9374X,02,,,,,,,,,,,
9374X,03,,,,,,,,,,,
9374X,04,,,,,,,,,,,
9374X,05,,,,,,,,,,,
9374X,06,,,,,,,,,,,
9374X,07,,,,,,,,,,,
9374X,08,,,,,,,,,,,
9374X,09,,,,,,,,,,,
9374X,10,,,,,,,,,,,
9374X,11,,,,,,,,,,,
9374X,12,,,,,,,,,,,
9374X,13,,,,,,,,,,,
9377Y,01,,,,,,,,,,,
9377Y,02,,,,,,,,,,,
9377Y,03,,,,,,,,,,,
9377Y,04,,,,,,,,,,,
9377Y,05,,,,,,,,,,,
9377Y,06,,,,,,,,,,,
9377Y,07,,,,,,,,,,,
9377Y,08,,,,,,,,,,,
9377Y,09,,,,,,,,,,,
9377Y,10,,,,,,,,,,,
9377Y,11,,,,,,,,,,,
9377Y,12,,,,,,,,,,,
9377Y,13,,,,,,,,,,,
9381,01,,,,,,,,,,,
9381,02,,,,,,,,,,,
9381,03,,,,,,,,,,,
9381,04,,,,,,,,,,,
9381,05,,,,,,,,,,,
9381,06,,,,,,,,,,,
9381,07,,,,,,,,,,,
9381,08,,,,,,,,,,,
9381,09,,,,,,,,,,,
9381,10,,,,,,,,,,,
9381,11,,,,,,,,,,,
9381,12,,,,,,,,,,,
9381,13,,,,,,,,,,,
9381I,01,,,,,,,,,,,
9381I,02,,,,,,,,,,,
9381I,03,,,,,,,,,,,
9381I,04,,,,,,,,,,,
9381I,05,,,,,,,,,,,
9381I,06,,,,,,,,,,,
9381I,07,,,,,,,,,,,
9381I,08,,,,,,,,,,,
9381I,09,,,,,,,,,,,
9381I,10,,,,,,,,,,,
9381I,11,,,,,,,,,,,
9381I,12,,,,,,,,,,,
9381I,13,,,,,,,,,,,
9390,01,,,,,,,,,,,
9390,02,,,,,,,,,,,
9390,03,,,,,,,,,,,
9390,04,,,,,,,,,,,
9390,05,,,,,,,,,,,
9390,06,,,,,,,,,,,
9390,07,,,,,,,,,,,
9390,08,,,,,,,,,,,
9390,09,,,,,,,,,,,
9390,10,,,,,,,,,,,
9390,11,,,,,,,,,,,
9390,12,,,,,,,,,,,
9390,13,,,,,,,,,,,
9394X,01,,,,,,,,,,,
9394X,02,,,,,,,,,,,
9394X,03,,,,,,,,,,,
9394X,04,,,,,,,,,,,
9394X,05,,,,,,,,,,,
9394X,06,,,,,,,,,,,
9394X,07,,,,,,,,,,,
9394X,08,,,,,,,,,,,
9394X,09,,,,,,,,,,,
9394X,10,,,,,,,,,,,
9394X,11,,,,,,,,,,,
9394X,12,,,,,,,,,,,
9394X,13,,,,,,,,,,,
9427X,01,,,,,,,,,,,
9427X,02,,,,,,,,,,,
9427X,03,,,,,,,,,,,
9427X,04,,,,,,,,,,,
9427X,05,,,,,,,,,,,
9427X,06,,,,,,,,,,,
9427X,07,,,,,,,,,,,
9427X,08,,,,,,,,,,,
9427X,09,,,,,,,,,,,
9427X,10,,,,,,,,,,,
9427X,11,,,,,,,,,,,
9427X,12,,,,,,,,,,,
9427X,13,,,,,,,,,,,
9434,01,,,,,,,,,,,
9434,02,,,,,,,,,,,
9434,03,,,,,,,,,,,
9434,04,,,,,,,,,,,
9434,05,,,,,,,,,,,
9434,06,,,,,,,,,,,
9434,07,,,,,,,,,,,
9434,08,,,,,,,,,,,
9434,09,,,,,,,,,,,
9434,10,,,,,,,,,,,
9434,11,,,,,,,,,,,
9434,12,,,,,,,,,,,
9434,13,,,,,,,,,,,
9434P,01,,,,,,,,,,,
9434P,02,,,,,,,,,,,
9434P,03,,,,,,,,,,,
9434P,04,,,,,,,,,,,
9434P,05,,,,,,,,,,,
9434P,06,,,,,,,,,,,
9434P,07,,,,,,,,,,,
9434P,08,,,,,,,,,,,
9434P,09,,,,,,,,,,,
9434P,10,,,,,,,,,,,
9434P,11,,,,,,,,,,,
9434P,12,,,,,,,,,,,
9434P,13,,,,,,,,,,,
9436X,01,,,,,,,,,,,
9436X,02,,,,,,,,,,,
9436X,03,,,,,,,,,,,
9436X,04,,,,,,,,,,,
9436X,05,,,,,,,,,,,
9436X,06,,,,,,,,,,,
9436X,07,,,,,,,,,,,
9436X,08,,,,,,,,,,,
9436X,09,,,,,,,,,,,
9436X,10,,,,,,,,,,,
9436X,11,,,,,,,,,,,
9436X,12,,,,,,,,,,,
9436X,13,,,,,,,,,,,
9445L,01,,,,,,,,,,,
9445L,02,,,,,,,,,,,
9445L,03,,,,,,,,,,,
9445L,04,,,,,,,,,,,
9445L,05,,,,,,,,,,,
9445L,06,,,,,,,,,,,
9445L,07,,,,,,,,,,,
9445L,08,,,,,,,,,,,
9445L,09,,,,,,,,,,,
9445L,10,,,,,,,,,,,
9445L,11,,,,,,,,,,,
9445L,12,,,,,,,,,,,
9445L,13,,,,,,,,,,,
9451F,01,,,,,,,,,,,
9451F,02,,,,,,,,,,,
9451F,03,,,,,,,,,,,
9451F,04,,,,,,,,,,,
9451F,05,,,,,,,,,,,
9451F,06,,,,,,,,,,,
9451F,07,,,,,,,,,,,
9451F,08,,,,,,,,,,,
9451F,09,,,,,,,,,,,
9451F,10,,,,,,,,,,,
9451F,11,,,,,,,,,,,
9451F,12,,,,,,,,,,,
9451F,13,,,,,,,,,,,
9453X,01,,,,,,,,,,,
9453X,02,,,,,,,,,,,
9453X,03,,,,,,,,,,,
9453X,04,,,,,,,,,,,
9453X,05,,,,,,,,,,,
9453X,06,,,,,,,,,,,
9453X,07,,,,,,,,,,,
9453X,08,,,,,,,,,,,
9453X,09,,,,,,,,,,,
9453X,10,,,,,,,,,,,
9453X,11,,,,,,,,,,,
9453X,12,,,,,,,,,,,
9453X,13,,,,,,,,,,,
9460X,01,,,,,,,,,,,
9460X,02,,,,,,,,,,,
9460X,03,,,,,,,,,,,
9460X,04,,,,,,,,,,,
9460X,05,,,,,,,,,,,
9460X,06,,,,,,,,,,,
9460X,07,,,,,,,,,,,
9460X,08,,,,,,,,,,,
9460X,09,,,,,,,,,,,
9460X,10,,,,,,,,,,,
9460X,11,,,,,,,,,,,
9460X,12,,,,,,,,,,,
9460X,13,,,,,,,,,,,
9491X,01,,,,,,,,,,,
9491X,02,,,,,,,,,,,
9491X,03,,,,,,,,,,,
9491X,04,,,,,,,,,,,
9491X,05,,,,,,,,,,,
9491X,06,,,,,,,,,,,
9491X,07,,,,,,,,,,,
9491X,08,,,,,,,,,,,
9491X,09,,,,,,,,,,,
9491X,10,,,,,,,,,,,
9491X,11,,,,,,,,,,,
9491X,12,,,,,,,,,,,
9491X,13,,,,,,,,,,,
9495Y,01,,,,,,,,,,,
9495Y,02,,,,,,,,,,,
9495Y,03,,,,,,,,,,,
9495Y,04,,,,,,,,,,,
9495Y,05,,,,,,,,,,,
9495Y,06,,,,,,,,,,,
9495Y,07,,,,,,,,,,,
9495Y,08,,,,,,,,,,,
9495Y,09,,,,,,,,,,,
9495Y,10,,,,,,,,,,,
9495Y,11,,,,,,,,,,,
9495Y,12,,,,,,,,,,,
9495Y,13,,,,,,,,,,,
9501X,01,,,,,,,,,,,
9501X,02,,,,,,,,,,,
9501X,03,,,,,,,,,,,
9501X,04,,,,,,,,,,,
9501X,05,,,,,,,,,,,
9501X,06,,,,,,,,,,,
9501X,07,,,,,,,,,,,
9501X,08,,,,,,,,,,,
9501X,09,,,,,,,,,,,
9501X,10,,,,,,,,,,,
9501X,11,,,,,,,,,,,
9501X,12,,,,,,,,,,,
9501X,13,,,,,,,,,,,
9510X,01,,,,,,,,,,,
9510X,02,,,,,,,,,,,
9510X,03,,,,,,,,,,,
9510X,04,,,,,,,,,,,
9510X,05,,,,,,,,,,,
9510X,06,,,,,,,,,,,
9510X,07,,,,,,,,,,,
9510X,08,,,,,,,,,,,
9510X,09,,,,,,,,,,,
9510X,10,,,,,,,,,,,
9510X,11,,,,,,,,,,,
9510X,12,,,,,,,,,,,
9510X,13,,,,,,,,,,,
9513X,01,,,,,,,,,,,
9513X,02,,,,,,,,,,,
9513X,03,,,,,,,,,,,
9513X,04,,,,,,,,,,,
9513X,05,,,,,,,,,,,
9513X,06,,,,,,,,,,,
9513X,07,,,,,,,,,,,
9513X,08,,,,,,,,,,,
9513X,09,,,,,,,,,,,
9513X,10,,,,,,,,,,,
9513X,11,,,,,,,,,,,
9513X,12,,,,,,,,,,,
9513X,13,,,,,,,,,,,
9531Y,01,,,,,,,,,,,
9531Y,02,,,,,,,,,,,
9531Y,03,,,,,,,,,,,
9531Y,04,,,,,,,,,,,
9531Y,05,,,,,,,,,,,
9531Y,06,,,,,,,,,,,
9531Y,07,,,,,,,,,,,
9531Y,08,,,,,,,,,,,
9531Y,09,,,,,,,,,,,
9531Y,10,,,,,,,,,,,
9531Y,11,,,,,,,,,,,
9531Y,12,,,,,,,,,,,
9531Y,13,,,,,,,,,,,
9546B,01,,,,,,,,,,,
9546B,02,,,,,,,,,,,
9546B,03,,,,,,,,,,,
9546B,04,,,,,,,,,,,
9546B,05,,,,,,,,,,,
9546B,06,,,,,,,,,,,
9546B,07,,,,,,,,,,,
9546B,08,,,,,,,,,,,
9546B,09,,,,,,,,,,,
9546B,10,,,,,,,,,,,
9546B,11,,,,,,,,,,,
9546B,12,,,,,,,,,,,
9546B,13,,,,,,,,,,,
9550C,01,,,,,,,,,,,
9550C,02,,,,,,,,,,,
9550C,03,,,,,,,,,,,
9550C,04,,,,,,,,,,,
9550C,05,,,,,,,,,,,
9550C,06,,,,,,,,,,,
9550C,07,,,,,,,,,,,
9550C,08,,,,,,,,,,,
9550C,09,,,,,,,,,,,
9550C,10,,,,,,,,,,,
9550C,11,,,,,,,,,,,
9550C,12,,,,,,,,,,,
9550C,13,,,,,,,,,,,
9561X,01,,,,,,,,,,,
9561X,02,,,,,,,,,,,
9561X,03,,,,,,,,,,,
9561X,04,,,,,,,,,,,
9561X,05,,,,,,,,,,,
9561X,06,,,,,,,,,,,
9561X,07,,,,,,,,,,,
9561X,08,,,,,,,,,,,
9561X,09,,,,,,,,,,,
9561X,10,,,,,,,,,,,
9561X,11,,,,,,,,,,,
9561X,12,,,,,,,,,,,
9561X,13,,,,,,,,,,,
9562X,01,,,,,,,,,,,
9562X,02,,,,,,,,,,,
9562X,03,,,,,,,,,,,
9562X,04,,,,,,,,,,,
9562X,05,,,,,,,,,,,
9562X,06,,,,,,,,,,,
9562X,07,,,,,,,,,,,
9562X,08,,,,,,,,,,,
9562X,09,,,,,,,,,,,
9562X,10,,,,,,,,,,,
9562X,11,,,,,,,,,,,
9562X,12,,,,,,,,,,,
9562X,13,,,,,,,,,,,
9563X,01,,,,,,,,,,,
9563X,02,,,,,,,,,,,
9563X,03,,,,,,,,,,,
9563X,04,,,,,,,,,,,
9563X,05,,,,,,,,,,,
9563X,06,,,,,,,,,,,
9563X,07,,,,,,,,,,,
9563X,08,,,,,,,,,,,
9563X,09,,,,,,,,,,,
9563X,10,,,,,,,,,,,
9563X,11,,,,,,,,,,,
9563X,12,,,,,,,,,,,
9563X,13,,,,,,,,,,,
9569A,01,,,,,,,,,,,
9569A,02,,,,,,,,,,,
9569A,03,,,,,,,,,,,
9569A,04,,,,,,,,,,,
9569A,05,,,,,,,,,,,
9569A,06,,,,,,,,,,,
9569A,07,,,,,,,,,,,
9569A,08,,,,,,,,,,,
9569A,09,,,,,,,,,,,
9569A,10,,,,,,,,,,,
9569A,11,,,,,,,,,,,
9569A,12,,,,,,,,,,,
9569A,13,,,,,,,,,,,
9573X,01,,,,,,,,,,,
9573X,02,,,,,,,,,,,
9573X,03,,,,,,,,,,,
9573X,04,,,,,,,,,,,
9573X,05,,,,,,,,,,,
9573X,06,,,,,,,,,,,
9573X,07,,,,,,,,,,,
9573X,08,,,,,,,,,,,
9573X,09,,,,,,,,,,,
9573X,10,,,,,,,,,,,
9573X,11,,,,,,,,,,,
9573X,12,,,,,,,,,,,
9573X,13,,,,,,,,,,,
9574B,01,,,,,,,,,,,
9574B,02,,,,,,,,,,,
9574B,03,,,,,,,,,,,
9574B,04,,,,,,,,,,,
9574B,05,,,,,,,,,,,
9574B,06,,,,,,,,,,,
9574B,07,,,,,,,,,,,
9574B,08,,,,,,,,,,,
9574B,09,,,,,,,,,,,
9574B,10,,,,,,,,,,,
9574B,11,,,,,,,,,,,
9574B,12,,,,,,,,,,,
9574B,13,,,,,,,,,,,
9576C,01,,,,,,,,,,,
9576C,02,,,,,,,,,,,
9576C,03,,,,,,,,,,,
9576C,04,,,,,,,,,,,
9576C,05,,,,,,,,,,,
9576C,06,,,,,,,,,,,
9576C,07,,,,,,,,,,,
9576C,08,,,,,,,,,,,
9576C,09,,,,,,,,,,,
9576C,10,,,,,,,,,,,
9576C,11,,,,,,,,,,,
9576C,12,,,,,,,,,,,
9576C,13,,,,,,,,,,,
9585,01,,,,,,,,,,,
9585,02,,,,,,,,,,,
9585,03,,,,,,,,,,,
9585,04,,,,,,,,,,,
9585,05,,,,,,,,,,,
9585,06,,,,,,,,,,,
9585,07,,,,,,,,,,,
9585,08,,,,,,,,,,,
9585,09,,,,,,,,,,,
9585,10,,,,,,,,,,,
9585,11,,,,,,,,,,,
9585,12,,,,,,,,,,,
9585,13,,,,,,,,,,,
9590,01,,,,,,,,,,,
9590,02,,,,,,,,,,,
9590,03,,,,,,,,,,,
9590,04,,,,,,,,,,,
9590,05,,,,,,,,,,,
9590,06,,,,,,,,,,,
9590,07,,,,,,,,,,,
9590,08,,,,,,,,,,,
9590,09,,,,,,,,,,,
9590,10,,,,,,,,,,,
9590,11,,,,,,,,,,,
9590,12,,,,,,,,,,,
9590,13,,,,,,,,,,,
9590D,01,,,,,,,,,,,
9590D,02,,,,,,,,,,,
9590D,03,,,,,,,,,,,
9590D,04,,,,,,,,,,,
9590D,05,,,,,,,,,,,
9590D,06,,,,,,,,,,,
9590D,07,,,,,,,,,,,
9590D,08,,,,,,,,,,,
9590D,09,,,,,,,,,,,
9590D,10,,,,,,,,,,,
9590D,11,,,,,,,,,,,
9590D,12,,,,,,,,,,,
9590D,13,,,,,,,,,,,
9619,01,,,,,,,,,,,
9619,02,,,,,,,,,,,
9619,03,,,,,,,,,,,
9619,04,,,,,,,,,,,
9619,05,,,,,,,,,,,
9619,06,,,,,,,,,,,
9619,07,,,,,,,,,,,
9619,08,,,,,,,,,,,
9619,09,,,,,,,,,,,
9619,10,,,,,,,,,,,
9619,11,,,,,,,,,,,
9619,12,,,,,,,,,,,
9619,13,,,,,,,,,,,
9632X,01,,,,,,,,,,,
9632X,02,,,,,,,,,,,
9632X,03,,,,,,,,,,,
9632X,04,,,,,,,,,,,
9632X,05,,,,,,,,,,,
9632X,06,,,,,,,,,,,
9632X,07,,,,,,,,,,,
9632X,08,,,,,,,,,,,
9632X,09,,,,,,,,,,,
9632X,10,,,,,,,,,,,
9632X,11,,,,,,,,,,,
9632X,12,,,,,,,,,,,
9632X,13,,,,,,,,,,,
9638D,01,,,,,,,,,,,
9638D,02,,,,,,,,,,,
9638D,03,,,,,,,,,,,
9638D,04,,,,,,,,,,,
9638D,05,,,,,,,,,,,
9638D,06,,,,,,,,,,,
9638D,07,,,,,,,,,,,
9638D,08,,,,,,,,,,,
9638D,09,,,,,,,,,,,
9638D,10,,,,,,,,,,,
9638D,11,,,,,,,,,,,
9638D,12,,,,,,,,,,,
9638D,13,,,,,,,,,,,
9647X,01,,,,,,,,,,,
9647X,02,,,,,,,,,,,
9647X,03,,,,,,,,,,,
9647X,04,,,,,,,,,,,
9647X,05,,,,,,,,,,,
9647X,06,,,,,,,,,,,
9647X,07,,,,,,,,,,,
9647X,08,,,,,,,,,,,
9647X,09,,,,,,,,,,,
9647X,10,,,,,,,,,,,
9647X,11,,,,,,,,,,,
9647X,12,,,,,,,,,,,
9647X,13,,,,,,,,,,,
9650X,01,,,,,,,,,,,
9650X,02,,,,,,,,,,,
9650X,03,,,,,,,,,,,
9650X,04,,,,,,,,,,,
9650X,05,,,,,,,,,,,
9650X,06,,,,,,,,,,,
9650X,07,,,,,,,,,,,
9650X,08,,,,,,,,,,,
9650X,09,,,,,,,,,,,
9650X,10,,,,,,,,,,,
9650X,11,,,,,,,,,,,
9650X,12,,,,,,,,,,,
9650X,13,,,,,,,,,,,
9657X,01,,,,,,,,,,,
9657X,02,,,,,,,,,,,
9657X,03,,,,,,,,,,,
9657X,04,,,,,,,,,,,
9657X,05,,,,,,,,,,,
9657X,06,,,,,,,,,,,
9657X,07,,,,,,,,,,,
9657X,08,,,,,,,,,,,
9657X,09,,,,,,,,,,,
9657X,10,,,,,,,,,,,
9657X,11,,,,,,,,,,,
9657X,12,,,,,,,,,,,
9657X,13,,,,,,,,,,,
9660,01,,,,,,,,,,,
9660,02,,,,,,,,,,,
9660,03,,,,,,,,,,,
9660,04,,,,,,,,,,,
9660,05,,,,,,,,,,,
9660,06,,,,,,,,,,,
9660,07,,,,,,,,,,,
9660,08,,,,,,,,,,,
9660,09,,,,,,,,,,,
9660,10,,,,,,,,,,,
9660,11,,,,,,,,,,,
9660,12,,,,,,,,,,,
9660,13,,,,,,,,,,,
9677,01,,,,,,,,,,,
9677,02,,,,,,,,,,,
9677,03,,,,,,,,,,,
9677,04,,,,,,,,,,,
9677,05,,,,,,,,,,,
9677,06,,,,,,,,,,,
9677,07,,,,,,,,,,,
9677,08,,,,,,,,,,,
9677,09,,,,,,,,,,,
9677,10,,,,,,,,,,,
9677,11,,,,,,,,,,,
9677,12,,,,,,,,,,,
9677,13,,,,,,,,,,,
9689X,01,,,,,,,,,,,
9689X,02,,,,,,,,,,,
9689X,03,,,,,,,,,,,
9689X,04,,,,,,,,,,,
9689X,05,,,,,,,,,,,
9689X,06,,,,,,,,,,,
9689X,07,,,,,,,,,,,
9689X,08,,,,,,,,,,,
9689X,09,,,,,,,,,,,
9689X,10,,,,,,,,,,,
9689X,11,,,,,,,,,,,
9689X,12,,,,,,,,,,,
9689X,13,,,,,,,,,,,
9698U,01,,,,,,,,,,,
9698U,02,,,,,,,,,,,
9698U,03,,,,,,,,,,,
9698U,04,,,,,,,,,,,
9698U,05,,,,,,,,,,,
9698U,06,,,,,,,,,,,
9698U,07,,,,,,,,,,,
9698U,08,,,,,,,,,,,
9698U,09,,,,,,,,,,,
9698U,10,,,,,,,,,,,
9698U,11,,,,,,,,,,,
9698U,12,,,,,,,,,,,
9698U,13,,,,,,,,,,,
9707,01,,,,,,,,,,,
9707,02,,,,,,,,,,,
9707,03,,,,,,,,,,,
9707,04,,,,,,,,,,,
9707,05,,,,,,,,,,,
9707,06,,,,,,,,,,,
9707,07,,,,,,,,,,,
9707,08,,,,,,,,,,,
9707,09,,,,,,,,,,,
9707,10,,,,,,,,,,,
9707,11,,,,,,,,,,,
9707,12,,,,,,,,,,,
9707,13,,,,,,,,,,,
9718X,01,,,,,,,,,,,
9718X,02,,,,,,,,,,,
9718X,03,,,,,,,,,,,
9718X,04,,,,,,,,,,,
9718X,05,,,,,,,,,,,
9718X,06,,,,,,,,,,,
9718X,07,,,,,,,,,,,
9718X,08,,,,,,,,,,,
9718X,09,,,,,,,,,,,
9718X,10,,,,,,,,,,,
9718X,11,,,,,,,,,,,
9718X,12,,,,,,,,,,,
9718X,13,,,,,,,,,,,
9720X,01,,,,,,,,,,,
9720X,02,,,,,,,,,,,
9720X,03,,,,,,,,,,,
9720X,04,,,,,,,,,,,
9720X,05,,,,,,,,,,,
9720X,06,,,,,,,,,,,
9720X,07,,,,,,,,,,,
9720X,08,,,,,,,,,,,
9720X,09,,,,,,,,,,,
9720X,10,,,,,,,,,,,
9720X,11,,,,,,,,,,,
9720X,12,,,,,,,,,,,
9720X,13,,,,,,,,,,,
9724X,01,,,,,,,,,,,
9724X,02,,,,,,,,,,,
9724X,03,,,,,,,,,,,
9724X,04,,,,,,,,,,,
9724X,05,,,,,,,,,,,
9724X,06,,,,,,,,,,,
9724X,07,,,,,,,,,,,
9724X,08,,,,,,,,,,,
9724X,09,,,,,,,,,,,
9724X,10,,,,,,,,,,,
9724X,11,,,,,,,,,,,
9724X,12,,,,,,,,,,,
9724X,13,,,,,,,,,,,
9726E,01,,,,,,,,,,,
9726E,02,,,,,,,,,,,
9726E,03,,,,,,,,,,,
9726E,04,,,,,,,,,,,
9726E,05,,,,,,,,,,,
9726E,06,,,,,,,,,,,
9726E,07,,,,,,,,,,,
9726E,08,,,,,,,,,,,
9726E,09,,,,,,,,,,,
9726E,10,,,,,,,,,,,
9726E,11,,,,,,,,,,,
9726E,12,,,,,,,,,,,
9726E,13,,,,,,,,,,,
9729X,01,,,,,,,,,,,
9729X,02,,,,,,,,,,,
9729X,03,,,,,,,,,,,
9729X,04,,,,,,,,,,,
9729X,05,,,,,,,,,,,
9729X,06,,,,,,,,,,,
9729X,07,,,,,,,,,,,
9729X,08,,,,,,,,,,,
9729X,09,,,,,,,,,,,
9729X,10,,,,,,,,,,,
9729X,11,,,,,,,,,,,
9729X,12,,,,,,,,,,,
9729X,13,,,,,,,,,,,
9744B,01,,,,,,,,,,,
9744B,02,,,,,,,,,,,
9744B,03,,,,,,,,,,,
9744B,04,,,,,,,,,,,
9744B,05,,,,,,,,,,,
9744B,06,,,,,,,,,,,
9744B,07,,,,,,,,,,,
9744B,08,,,,,,,,,,,
9744B,09,,,,,,,,,,,
9744B,10,,,,,,,,,,,
9744B,11,,,,,,,,,,,
9744B,12,,,,,,,,,,,
9744B,13,,,,,,,,,,,
9751,01,,,,,,,,,,,
9751,02,,,,,,,,,,,
9751,03,,,,,,,,,,,
9751,04,,,,,,,,,,,
9751,05,,,,,,,,,,,
9751,06,,,,,,,,,,,
9751,07,,,,,,,,,,,
9751,08,,,,,,,,,,,
9751,09,,,,,,,,,,,
9751,10,,,,,,,,,,,
9751,11,,,,,,,,,,,
9751,12,,,,,,,,,,,
9751,13,,,,,,,,,,,
9756X,01,,,,,,,,,,,
9756X,02,,,,,,,,,,,
9756X,03,,,,,,,,,,,
9756X,04,,,,,,,,,,,
9756X,05,,,,,,,,,,,
9756X,06,,,,,,,,,,,
9756X,07,,,,,,,,,,,
9756X,08,,,,,,,,,,,
9756X,09,,,,,,,,,,,
9756X,10,,,,,,,,,,,
9756X,11,,,,,,,,,,,
9756X,12,,,,,,,,,,,
9756X,13,,,,,,,,,,,
9771,01,,,,,,,,,,,
9771,02,,,,,,,,,,,
9771,03,,,,,,,,,,,
9771,04,,,,,,,,,,,
9771,05,,,,,,,,,,,
9771,06,,,,,,,,,,,
9771,07,,,,,,,,,,,
9771,08,,,,,,,,,,,
9771,09,,,,,,,,,,,
9771,10,,,,,,,,,,,
9771,11,,,,,,,,,,,
9771,12,,,,,,,,,,,
9771,13,,,,,,,,,,,
9771C,01,,,,,,,,,,,
9771C,02,,,,,,,,,,,
9771C,03,,,,,,,,,,,
9771C,04,,,,,,,,,,,
9771C,05,,,,,,,,,,,
9771C,06,,,,,,,,,,,
9771C,07,,,,,,,,,,,
9771C,08,,,,,,,,,,,
9771C,09,,,,,,,,,,,
9771C,10,,,,,,,,,,,
9771C,11,,,,,,,,,,,
9771C,12,,,,,,,,,,,
9771C,13,,,,,,,,,,,
9772X,01,,,,,,,,,,,
9772X,02,,,,,,,,,,,
9772X,03,,,,,,,,,,,
9772X,04,,,,,,,,,,,
9772X,05,,,,,,,,,,,
9772X,06,,,,,,,,,,,
9772X,07,,,,,,,,,,,
9772X,08,,,,,,,,,,,
9772X,09,,,,,,,,,,,
9772X,10,,,,,,,,,,,
9772X,11,,,,,,,,,,,
9772X,12,,,,,,,,,,,
9772X,13,,,,,,,,,,,
9775X,01,,,,,,,,,,,
9775X,02,,,,,,,,,,,
9775X,03,,,,,,,,,,,
9775X,04,,,,,,,,,,,
9775X,05,,,,,,,,,,,
9775X,06,,,,,,,,,,,
9775X,07,,,,,,,,,,,
9775X,08,,,,,,,,,,,
9775X,09,,,,,,,,,,,
9775X,10,,,,,,,,,,,
9775X,11,,,,,,,,,,,
9775X,12,,,,,,,,,,,
9775X,13,,,,,,,,,,,
9776D,01,,,,,,,,,,,
9776D,02,,,,,,,,,,,
9776D,03,,,,,,,,,,,
9776D,04,,,,,,,,,,,
9776D,05,,,,,,,,,,,
9776D,06,,,,,,,,,,,
9776D,07,,,,,,,,,,,
9776D,08,,,,,,,,,,,
9776D,09,,,,,,,,,,,
9776D,10,,,,,,,,,,,
9776D,11,,,,,,,,,,,
9776D,12,,,,,,,,,,,
9776D,13,,,,,,,,,,,
9784P,01,,,,,,,,,,,
9784P,02,,,,,,,,,,,
9784P,03,,,,,,,,,,,
9784P,04,,,,,,,,,,,
9784P,05,,,,,,,,,,,
9784P,06,,,,,,,,,,,
9784P,07,,,,,,,,,,,
9784P,08,,,,,,,,,,,
9784P,09,,,,,,,,,,,
9784P,10,,,,,,,,,,,
9784P,11,,,,,,,,,,,
9784P,12,,,,,,,,,,,
9784P,13,,,,,,,,,,,
9808X,01,,,,,,,,,,,
9808X,02,,,,,,,,,,,
9808X,03,,,,,,,,,,,
9808X,04,,,,,,,,,,,
9808X,05,,,,,,,,,,,
9808X,06,,,,,,,,,,,
9808X,07,,,,,,,,,,,
9808X,08,,,,,,,,,,,
9808X,09,,,,,,,,,,,
9808X,10,,,,,,,,,,,
9808X,11,,,,,,,,,,,
9808X,12,,,,,,,,,,,
9808X,13,,,,,,,,,,,
9812M,01,,,,,,,,,,,
9812M,02,,,,,,,,,,,
9812M,03,,,,,,,,,,,
9812M,04,,,,,,,,,,,
9812M,05,,,,,,,,,,,
9812M,06,,,,,,,,,,,
9812M,07,,,,,,,,,,,
9812M,08,,,,,,,,,,,
9812M,09,,,,,,,,,,,
9812M,10,,,,,,,,,,,
9812M,11,,,,,,,,,,,
9812M,12,,,,,,,,,,,
9812M,13,,,,,,,,,,,
9814A,01,,,,,,,,,,,
9814A,02,,,,,,,,,,,
9814A,03,,,,,,,,,,,
9814A,04,,,,,,,,,,,
9814A,05,,,,,,,,,,,
9814A,06,,,,,,,,,,,
9814A,07,,,,,,,,,,,
9814A,08,,,,,,,,,,,
9814A,09,,,,,,,,,,,
9814A,10,,,,,,,,,,,
9814A,11,,,,,,,,,,,
9814A,12,,,,,,,,,,,
9814A,13,,,,,,,,,,,
9814I,01,,,,,,,,,,,
9814I,02,,,,,,,,,,,
9814I,03,,,,,,,,,,,
9814I,04,,,,,,,,,,,
9814I,05,,,,,,,,,,,
9814I,06,,,,,,,,,,,
9814I,07,,,,,,,,,,,
9814I,08,,,,,,,,,,,
9814I,09,,,,,,,,,,,
9814I,10,,,,,,,,,,,
9814I,11,,,,,,,,,,,
9814I,12,,,,,,,,,,,
9814I,13,,,,,,,,,,,
9814X,01,,,,,,,,,,,
9814X,02,,,,,,,,,,,
9814X,03,,,,,,,,,,,
9814X,04,,,,,,,,,,,
9814X,05,,,,,,,,,,,
9814X,06,,,,,,,,,,,
9814X,07,,,,,,,,,,,
9814X,08,,,,,,,,,,,
9814X,09,,,,,,,,,,,
9814X,10,,,,,,,,,,,
9814X,11,,,,,,,,,,,
9814X,12,,,,,,,,,,,
9814X,13,,,,,,,,,,,
9838B,01,,,,,,,,,,,
9838B,02,,,,,,,,,,,
9838B,03,,,,,,,,,,,
9838B,04,,,,,,,,,,,
9838B,05,,,,,,,,,,,
9838B,06,,,,,,,,,,,
9838B,07,,,,,,,,,,,
9838B,08,,,,,,,,,,,
9838B,09,,,,,,,,,,,
9838B,10,,,,,,,,,,,
9838B,11,,,,,,,,,,,
9838B,12,,,,,,,,,,,
9838B,13,,,,,,,,,,,
9839V,01,,,,,,,,,,,
9839V,02,,,,,,,,,,,
9839V,03,,,,,,,,,,,
9839V,04,,,,,,,,,,,
9839V,05,,,,,,,,,,,
9839V,06,,,,,,,,,,,
9839V,07,,,,,,,,,,,
9839V,08,,,,,,,,,,,
9839V,09,,,,,,,,,,,
9839V,10,,,,,,,,,,,
9839V,11,,,,,,,,,,,
9839V,12,,,,,,,,,,,
9839V,13,,,,,,,,,,,
9843A,01,,,,,,,,,,,
9843A,02,,,,,,,,,,,
9843A,03,,,,,,,,,,,
9843A,04,,,,,,,,,,,
9843A,05,,,,,,,,,,,
9843A,06,,,,,,,,,,,
9843A,07,,,,,,,,,,,
9843A,08,,,,,,,,,,,
9843A,09,,,,,,,,,,,
9843A,10,,,,,,,,,,,
9843A,11,,,,,,,,,,,
9843A,12,,,,,,,,,,,
9843A,13,,,,,,,,,,,
9855E,01,,,,,,,,,,,
9855E,02,,,,,,,,,,,
9855E,03,,,,,,,,,,,
9855E,04,,,,,,,,,,,
9855E,05,,,,,,,,,,,
9855E,06,,,,,,,,,,,
9855E,07,,,,,,,,,,,
9855E,08,,,,,,,,,,,
9855E,09,,,,,,,,,,,
9855E,10,,,,,,,,,,,
9855E,11,,,,,,,,,,,
9855E,12,,,,,,,,,,,
9855E,13,,,,,,,,,,,
9866C,01,,,,,,,,,,,
9866C,02,,,,,,,,,,,
9866C,03,,,,,,,,,,,
9866C,04,,,,,,,,,,,
9866C,05,,,,,,,,,,,
9866C,06,,,,,,,,,,,
9866C,07,,,,,,,,,,,
9866C,08,,,,,,,,,,,
9866C,09,,,,,,,,,,,
9866C,10,,,,,,,,,,,
9866C,11,,,,,,,,,,,
9866C,12,,,,,,,,,,,
9866C,13,,,,,,,,,,,
9894Y,01,,,,,,,,,,,
9894Y,02,,,,,,,,,,,
9894Y,03,,,,,,,,,,,
9894Y,04,,,,,,,,,,,
9894Y,05,,,,,,,,,,,
9894Y,06,,,,,,,,,,,
9894Y,07,,,,,,,,,,,
9894Y,08,,,,,,,,,,,
9894Y,09,,,,,,,,,,,
9894Y,10,,,,,,,,,,,
9894Y,11,,,,,,,,,,,
9894Y,12,,,,,,,,,,,
9894Y,13,,,,,,,,,,,
9898,01,,,,,,,,,,,
9898,02,,,,,,,,,,,
9898,03,,,,,,,,,,,
9898,04,,,,,,,,,,,
9898,05,,,,,,,,,,,
9898,06,,,,,,,,,,,
9898,07,,,,,,,,,,,
9898,08,,,,,,,,,,,
9898,09,,,,,,,,,,,
9898,10,,,,,,,,,,,
9898,11,,,,,,,,,,,
9898,12,,,,,,,,,,,
9898,13,,,,,,,,,,,
9901X,01,,,,,,,,,,,
9901X,02,,,,,,,,,,,
9901X,03,,,,,,,,,,,
9901X,04,,,,,,,,,,,
9901X,05,,,,,,,,,,,
9901X,06,,,,,,,,,,,
9901X,07,,,,,,,,,,,
9901X,08,,,,,,,,,,,
9901X,09,,,,,,,,,,,
9901X,10,,,,,,,,,,,
9901X,11,,,,,,,,,,,
9901X,12,,,,,,,,,,,
9901X,13,,,,,,,,,,,
9908X,01,,,,,,,,,,,
9908X,02,,,,,,,,,,,
9908X,03,,,,,,,,,,,
9908X,04,,,,,,,,,,,
9908X,05,,,,,,,,,,,
9908X,06,,,,,,,,,,,
9908X,07,,,,,,,,,,,
9908X,08,,,,,,,,,,,
9908X,09,,,,,,,,,,,
9908X,10,,,,,,,,,,,
9908X,11,,,,,,,,,,,
9908X,12,,,,,,,,,,,
9908X,13,,,,,,,,,,,
9911X,01,,,,,,,,,,,
9911X,02,,,,,,,,,,,
9911X,03,,,,,,,,,,,
9911X,04,,,,,,,,,,,
9911X,05,,,,,,,,,,,
9911X,06,,,,,,,,,,,
9911X,07,,,,,,,,,,,
9911X,08,,,,,,,,,,,
9911X,09,,,,,,,,,,,
9911X,10,,,,,,,,,,,
9911X,11,,,,,,,,,,,
9911X,12,,,,,,,,,,,
9911X,13,,,,,,,,,,,
9918Y,01,,,,,,,,,,,
9918Y,02,,,,,,,,,,,
9918Y,03,,,,,,,,,,,
9918Y,04,,,,,,,,,,,
9918Y,05,,,,,,,,,,,
9918Y,06,,,,,,,,,,,
9918Y,07,,,,,,,,,,,
9918Y,08,,,,,,,,,,,
9918Y,09,,,,,,,,,,,
9918Y,10,,,,,,,,,,,
9918Y,11,,,,,,,,,,,
9918Y,12,,,,,,,,,,,
9918Y,13,,,,,,,,,,,
9924X,01,,,,,,,,,,,
9924X,02,,,,,,,,,,,
9924X,03,,,,,,,,,,,
9924X,04,,,,,,,,,,,
9924X,05,,,,,,,,,,,
9924X,06,,,,,,,,,,,
9924X,07,,,,,,,,,,,
9924X,08,,,,,,,,,,,
9924X,09,,,,,,,,,,,
9924X,10,,,,,,,,,,,
9924X,11,,,,,,,,,,,
9924X,12,,,,,,,,,,,
9924X,13,,,,,,,,,,,
9935X,01,,,,,,,,,,,
9935X,02,,,,,,,,,,,
9935X,03,,,,,,,,,,,
9935X,04,,,,,,,,,,,
9935X,05,,,,,,,,,,,
9935X,06,,,,,,,,,,,
9935X,07,,,,,,,,,,,
9935X,08,,,,,,,,,,,
9935X,09,,,,,,,,,,,
9935X,10,,,,,,,,,,,
9935X,11,,,,,,,,,,,
9935X,12,,,,,,,,,,,
9935X,13,,,,,,,,,,,
9946X,01,,,,,,,,,,,
9946X,02,,,,,,,,,,,
9946X,03,,,,,,,,,,,
9946X,04,,,,,,,,,,,
9946X,05,,,,,,,,,,,
9946X,06,,,,,,,,,,,
9946X,07,,,,,,,,,,,
9946X,08,,,,,,,,,,,
9946X,09,,,,,,,,,,,
9946X,10,,,,,,,,,,,
9946X,11,,,,,,,,,,,
9946X,12,,,,,,,,,,,
9946X,13,,,,,,,,,,,
9947X,01,,,,,,,,,,,
9947X,02,,,,,,,,,,,
9947X,03,,,,,,,,,,,
9947X,04,,,,,,,,,,,
9947X,05,,,,,,,,,,,
9947X,06,,,,,,,,,,,
9947X,07,,,,,,,,,,,
9947X,08,,,,,,,,,,,
9947X,09,,,,,,,,,,,
9947X,10,,,,,,,,,,,
9947X,11,,,,,,,,,,,
9947X,12,,,,,,,,,,,
9947X,13,,,,,,,,,,,
9961X,01,,,,,,,,,,,
9961X,02,,,,,,,,,,,
9961X,03,,,,,,,,,,,
9961X,04,,,,,,,,,,,
9961X,05,,,,,,,,,,,
9961X,06,,,,,,,,,,,
9961X,07,,,,,,,,,,,
9961X,08,,,,,,,,,,,
9961X,09,,,,,,,,,,,
9961X,10,,,,,,,,,,,
9961X,11,,,,,,,,,,,
9961X,12,,,,,,,,,,,
9961X,13,,,,,,,,,,,
9975X,01,,,,,,,,,,,
9975X,02,,,,,,,,,,,
9975X,03,,,,,,,,,,,
9975X,04,,,,,,,,,,,
9975X,05,,,,,,,,,,,
9975X,06,,,,,,,,,,,
9975X,07,,,,,,,,,,,
9975X,08,,,,,,,,,,,
9975X,09,,,,,,,,,,,
9975X,10,,,,,,,,,,,
9975X,11,,,,,,,,,,,
9975X,12,,,,,,,,,,,
9975X,13,,,,,,,,,,,
9981A,01,,,,,,,,,,,
9981A,02,,,,,,,,,,,
9981A,03,,,,,,,,,,,
9981A,04,,,,,,,,,,,
9981A,05,,,,,,,,,,,
9981A,06,,,,,,,,,,,
9981A,07,,,,,,,,,,,
9981A,08,,,,,,,,,,,
9981A,09,,,,,,,,,,,
9981A,10,,,,,,,,,,,
9981A,11,,,,,,,,,,,
9981A,12,,,,,,,,,,,
9981A,13,,,,,,,,,,,
9987P,01,,,,,,,,,,,
9987P,02,,,,,,,,,,,
9987P,03,,,,,,,,,,,
9987P,04,,,,,,,,,,,
9987P,05,,,,,,,,,,,
9987P,06,,,,,,,,,,,
9987P,07,,,,,,,,,,,
9987P,08,,,,,,,,,,,
9987P,09,,,,,,,,,,,
9987P,10,,,,,,,,,,,
9987P,11,,,,,,,,,,,
9987P,12,,,,,,,,,,,
9987P,13,,,,,,,,,,,
9988B,01,,,,,,,,,,,
9988B,02,,,,,,,,,,,
9988B,03,,,,,,,,,,,
9988B,04,,,,,,,,,,,
9988B,05,,,,,,,,,,,
9988B,06,,,,,,,,,,,
9988B,07,,,,,,,,,,,
9988B,08,,,,,,,,,,,
9988B,09,,,,,,,,,,,
9988B,10,,,,,,,,,,,
9988B,11,,,,,,,,,,,
9988B,12,,,,,,,,,,,
9988B,13,,,,,,,,,,,
9990X,01,,,,,,,,,,,
9990X,02,,,,,,,,,,,
9990X,03,,,,,,,,,,,
9990X,04,,,,,,,,,,,
9990X,05,,,,,,,,,,,
9990X,06,,,,,,,,,,,
9990X,07,,,,,,,,,,,
9990X,08,,,,,,,,,,,
9990X,09,,,,,,,,,,,
9990X,10,,,,,,,,,,,
9990X,11,,,,,,,,,,,
9990X,12,,,,,,,,,,,
9990X,13,,,,,,,,,,,
9994X,01,,,,,,,,,,,
9994X,02,,,,,,,,,,,
9994X,03,,,,,,,,,,,
9994X,04,,,,,,,,,,,
9994X,05,,,,,,,,,,,
9994X,06,,,,,,,,,,,
9994X,07,,,,,,,,,,,
9994X,08,,,,,,,,,,,
9994X,09,,,,,,,,,,,
9994X,10,,,,,,,,,,,
9994X,11,,,,,,,,,,,
9994X,12,,,,,,,,,,,
9994X,13,,,,,,,,,,,
9995Y,01,,,,,,,,,,,
9995Y,02,,,,,,,,,,,
9995Y,03,,,,,,,,,,,
9995Y,04,,,,,,,,,,,
9995Y,05,,,,,,,,,,,
9995Y,06,,,,,,,,,,,
9995Y,07,,,,,,,,,,,
9995Y,08,,,,,,,,,,,
9995Y,09,,,,,,,,,,,
9995Y,10,,,,,,,,,,,
9995Y,11,,,,,,,,,,,
9995Y,12,,,,,,,,,,,
9995Y,13,,,,,,,,,,,
9998X,01,,,,,,,,,,,
9998X,02,,,,,,,,,,,
9998X,03,,,,,,,,,,,
9998X,04,,,,,,,,,,,
9998X,05,,,,,,,,,,,
9998X,06,,,,,,,,,,,
9998X,07,,,,,,,,,,,
9998X,08,,,,,,,,,,,
9998X,09,,,,,,,,,,,
9998X,10,,,,,,,,,,,
9998X,11,,,,,,,,,,,
9998X,12,,,,,,,,,,,
9998X,13,,,,,,,,,,,
