indicativo,nombre,provincia,altitud_m,lat,lon,dist_costa_km,grupo_costa,franja_altitud,n_veranos,anio_ini,anio_fin,noches_posibles,nivel_partida,nivel_final,cambio_absoluto,pendiente_noches_anio,ic95_inf,ic95_sup,ic95_excluye_cero,r2,error_std,cerca_del_techo,posible_inhomogeneidad,salto_max_veranos,serie,fuente
C919K,TACORON-LAPILLAS-TORTUGA,SANTA CRUZ DE TENERIFE,98.0,27.6653,-18.0186,0.5,litoral,<200,9,2017,2026,81,32.67,59.0,26.33,2.5809,-1.4426,6.6043,no,0.2474,1.7012,no,no,35.0,2017:47;2018:21;2019:30;2020:58;2021:34;2022:38;2023:73;2025:50;2026:54,AEMET
5641X,ÉCIJA,SEVILLA,130.0,37.5161,-5.085,106.9,interior,<200,9,2017,2026,81,15.33,40.67,25.33,3.023,0.2531,5.7929,si,0.4876,1.1712,no,no,29.0,2017:24;2018:12;2019:10;2020:39;2021:31;2023:42;2024:39;2025:52;2026:31,AEMET
6058I,ESTEPONA,MALAGA,19.0,36.4169,-5.155,1.4,litoral,<200,8,2018,2026,81,27.33,52.33,25.0,4.5,2.0129,6.9871,si,0.7656,1.0164,no,no,20.0,2018:18;2019:32;2021:32;2022:52;2023:50;2024:41;2025:61;2026:55,AEMET
5796,MORÓN DE LA FRONTERA,SEVILLA,87.0,37.1644,-5.6114,78.9,interior,<200,10,2017,2026,81,19.0,43.33,24.33,3.2182,0.863,5.5734,si,0.5538,1.0213,no,no,24.0,2017:32;2018:12;2019:13;2020:37;2021:29;2022:41;2023:45;2024:34;2025:51;2026:45,AEMET
5891X,LAS CABEZAS DE SAN JUAN,SEVILLA,105.0,36.9533,-5.8467,50.9,interior,<200,10,2017,2026,81,17.67,42.0,24.33,3.3333,1.3632,5.3034,si,0.6555,0.8543,no,no,21.0,2017:28;2018:13;2019:12;2020:33;2021:24;2022:36;2023:44;2024:34;2025:45;2026:47,AEMET
5165X,TORRES,JAEN,910.0,37.7808,-3.5636,114.7,interior,800-1200,10,2017,2026,81,18.0,42.0,24.0,3.2303,0.5344,5.9262,si,0.4883,1.1691,no,no,27.0,2017:31;2018:9;2019:14;2020:32;2021:15;2022:42;2023:40;2024:34;2025:52;2026:40,AEMET
5515X,GRANADA-CARTUJA,GRANADA,775.0,37.1897,-3.5956,48.9,interior,500-800,9,2018,2026,81,21.33,45.0,23.67,4.4333,2.2187,6.648,si,0.762,0.9364,no,no,21.0,2018:10;2019:23;2020:31;2021:21;2022:42;2023:42;2024:35;2025:54;2026:46,AEMET
6045X,ALPANDEIRE,MALAGA,676.0,36.6325,-5.2031,22.1,litoral,500-800,10,2017,2026,81,27.0,50.33,23.33,3.5758,1.5504,5.6012,si,0.6745,0.8783,no,no,18.0,2017:34;2018:18;2019:29;2020:35;2021:36;2022:51;2023:56;2024:39;2025:57;2026:55,AEMET
5783,SEVILLA AEROPUERTO,SEVILLA,34.0,37.4167,-5.8792,74.7,interior,<200,10,2017,2026,81,29.67,52.67,23.0,3.0303,-0.4438,6.5044,no,0.3359,1.5066,no,no,34.0,2017:48;2018:19;2019:22;2020:47;2021:27;2022:43;2023:44;2024:31;2025:65;2026:62,AEMET
6050X,GAUCÍN,MALAGA,594.0,36.5186,-5.3186,16.5,litoral,500-800,9,2017,2026,81,15.33,38.0,22.67,3.2784,0.9936,5.5632,si,0.6219,0.9661,no,no,27.0,2017:25;2018:12;2019:9;2020:22;2021:13;2023:40;2024:29;2025:42;2026:43,AEMET
7026X,TORRE-PACHECO,MURCIA,50.0,37.7389,-0.9675,10.3,litoral,<200,9,2018,2026,81,36.33,59.0,22.67,3.8333,2.1562,5.5105,si,0.8067,0.7092,no,si,18.0,2018:36;2019:39;2020:34;2021:38;2022:40;2023:58;2024:53;2025:63;2026:61,AEMET
5919X,OLVERA,CADIZ,530.0,36.9317,-5.2594,54.8,interior,500-800,10,2017,2026,81,23.33,45.67,22.33,2.8242,0.0368,5.6117,si,0.4056,1.2088,no,no,-30.0,2017:43;2018:13;2019:14;2020:38;2021:28;2022:35;2023:48;2024:39;2025:50;2026:48,AEMET
5995B,VEJER DE LA FRONTERA,CADIZ,183.0,36.2453,-5.9653,6.2,litoral,<200,10,2017,2026,81,20.0,42.33,22.33,2.7879,-0.0805,5.6563,no,0.3857,1.2439,no,no,34.0,2017:33;2018:13;2019:14;2020:48;2021:21;2022:39;2023:39;2024:31;2025:46;2026:50,AEMET
5427X,DOÑA MENCÍA,CORDOBA,650.0,37.5561,-4.3539,91.9,interior,500-800,9,2017,2026,81,26.67,48.67,22.0,3.0081,0.2873,5.7288,si,0.4941,1.1504,no,no,-19.0,2017:34;2018:15;2019:31;2020:47;2021:29;2022:47;2023:53;2024:41;2026:52,AEMET
4236Y,PUERTO REY,CACERES,689.0,39.4506,-5.0264,217.6,interior,500-800,9,2017,2026,81,21.0,42.67,21.67,3.3735,0.9742,5.7728,si,0.6123,1.0145,no,no,23.0,2017:22;2018:9;2020:32;2021:12;2022:32;2023:30;2024:37;2025:50;2026:41,AEMET
5656,FUENTES DE ANDALUCÍA,SEVILLA,165.0,37.4972,-5.4331,111.2,interior,<200,8,2017,2026,81,30.0,51.67,21.67,2.7412,-0.1814,5.6639,no,0.4675,1.1944,no,si,-27.0,2017:47;2018:20;2019:23;2020:39;2021:34;2023:48;2025:53;2026:54,AEMET
6076X,"MARBELLA, PUERTO",MALAGA,2.0,36.4844,-4.9531,0.9,litoral,<200,10,2017,2026,81,36.0,57.67,21.67,3.1333,-0.1634,6.4301,no,0.3752,1.4296,no,no,-32.0,2017:47;2018:27;2019:34;2020:51;2021:19;2022:43;2023:57;2024:42;2025:66;2026:65,AEMET
6201X,ALGARROBO,MALAGA,35.0,36.7558,-4.0439,0.7,litoral,<200,9,2017,2025,81,31.67,53.33,21.67,3.3167,-0.0363,6.6696,no,0.4388,1.4177,no,no,-23.0,2017:45;2018:22;2019:28;2020:38;2021:25;2022:47;2023:52;2024:44;2025:64,AEMET
4267X,HINOJOSA DEL DUQUE,CORDOBA,551.0,38.4986,-5.1214,163.7,interior,500-800,10,2017,2026,81,9.67,31.0,21.33,2.7879,0.6882,4.8876,si,0.5396,0.9105,no,no,21.0,2017:14;2018:4;2019:11;2020:32;2021:11;2022:30;2023:29;2024:25;2025:39;2026:29,AEMET
5598X,BENAMEJÍ,CORDOBA,465.0,37.2308,-4.5478,57.4,interior,200-500,10,2017,2026,81,28.0,49.33,21.33,2.9152,0.2807,5.5496,si,0.4487,1.1424,no,no,-28.0,2017:44;2018:16;2019:24;2020:41;2021:31;2022:47;2023:54;2024:41;2025:57;2026:50,AEMET
5910,"ROTA, BASE NAVAL",CADIZ,21.0,36.6389,-6.3325,2.1,litoral,<200,10,2017,2026,81,25.0,46.33,21.33,2.8848,0.7027,5.067,si,0.5374,0.9463,no,no,21.0,2017:36;2018:18;2019:21;2020:42;2021:24;2022:41;2023:47;2024:39;2025:48;2026:52,AEMET
B656A,SANTA MARÍA DEL CAMÍ,BALEARES,121.0,39.6525,2.8003,14.3,litoral,<200,10,2017,2026,81,21.67,43.0,21.33,3.4909,2.0985,4.8833,si,0.8069,0.6038,no,no,19.0,2017:17;2018:19;2019:29;2020:20;2021:23;2022:42;2023:41;2024:39;2025:40;2026:50,AEMET
5612X,LORA DE ESTEPA,SEVILLA,450.0,37.2703,-4.8269,71.5,interior,200-500,10,2017,2026,81,27.67,48.33,20.67,2.5818,0.1333,5.0303,si,0.425,1.0618,no,no,23.0,2017:43;2018:22;2019:18;2020:41;2021:37;2022:45;2023:49;2024:41;2025:58;2026:46,AEMET
5790Y,"SEVILLA, TABLADA",SEVILLA,9.0,37.3642,-6.0058,62.4,interior,<200,10,2017,2026,81,26.67,47.33,20.67,2.6667,0.2828,5.0505,si,0.4541,1.0338,no,no,-22.0,2017:41;2018:19;2019:20;2020:41;2021:29;2022:45;2023:43;2024:37;2025:55;2026:50,AEMET
5906X,CHIPIONA,CADIZ,10.0,36.75,-6.4006,0.8,litoral,<200,10,2017,2026,81,17.33,38.0,20.67,2.4364,-0.1804,5.0532,no,0.3656,1.1348,no,no,29.0,2017:30;2018:10;2019:12;2020:41;2021:19;2022:35;2023:31;2024:29;2025:47;2026:38,AEMET
6069X,BENAHAVÍS,MALAGA,392.0,36.5436,-5.0247,8.1,litoral,200-500,10,2017,2026,81,37.67,58.0,20.33,3.1333,1.597,4.6696,si,0.7344,0.6662,no,no,18.0,2017:41;2018:32;2019:40;2020:40;2021:37;2022:51;2023:54;2024:46;2025:64;2026:64,AEMET
6056X,SAN ROQUE,CADIZ,1.0,36.2731,-5.2844,0.6,litoral,<200,10,2017,2026,81,21.67,41.67,20.0,2.903,0.7773,5.0287,si,0.5535,0.9218,no,no,19.0,2017:28;2018:16;2019:21;2020:37;2021:20;2022:37;2023:39;2024:27;2025:46;2026:52,AEMET
4340,NAVALVILLAR DE PELA,BADAJOZ,313.0,39.1033,-5.4614,164.4,interior,200-500,10,2017,2026,81,20.67,40.33,19.67,2.8909,0.9141,4.8677,si,0.587,0.8572,no,no,27.0,2017:24;2018:17;2019:21;2020:32;2021:12;2022:39;2023:39;2024:33;2025:44;2026:44,AEMET
4358X,DON BENITO,BADAJOZ,274.0,38.9556,-5.8806,125.9,interior,200-500,10,2017,2026,81,17.67,37.33,19.67,2.5515,0.0611,5.042,si,0.411,1.08,no,no,28.0,2017:26;2018:16;2019:11;2020:32;2021:14;2022:42;2023:28;2024:27;2025:47;2026:38,AEMET
5038Y,CAZORLA,JAEN,799.0,37.9158,-3.0039,127.5,interior,500-800,10,2017,2026,81,37.67,57.33,19.67,2.7333,0.7879,4.6788,si,0.5675,0.8436,no,no,-20.0,2017:49;2018:29;2019:35;2020:47;2021:41;2022:53;2023:57;2024:48;2025:64;2026:60,AEMET
6032X,RONDA INSTITUTO,MALAGA,760.0,36.75,-5.1686,33.2,interior,500-800,9,2017,2026,81,21.67,41.33,19.67,2.8292,-0.2391,5.8974,no,0.4045,1.2974,no,no,25.0,2017:37;2018:13;2019:15;2021:17;2022:42;2023:41;2024:29;2025:50;2026:45,AEMET
7209,LORCA,MURCIA,312.0,37.6564,-1.6872,27.2,litoral,200-500,9,2017,2026,81,32.0,51.67,19.67,2.9542,1.5668,4.3416,si,0.7837,0.5866,no,no,12.0,2017:31;2018:33;2019:32;2020:26;2021:38;2022:44;2024:46;2025:58;2026:51,AEMET
3094B,TARANCÓN,CUENCA,819.0,40.0119,-3.0214,237.0,interior,800-1200,9,2017,2026,81,27.0,46.33,19.33,2.7986,0.5088,5.0885,si,0.5441,0.9682,no,no,-19.0,2017:36;2018:17;2019:28;2020:31;2021:20;2023:37;2024:36;2025:48;2026:55,AEMET
4584X,EL CERRO DE ANDÉVALO,HUELVA,270.0,37.7317,-6.9422,32.6,interior,200-500,10,2017,2026,81,17.0,36.33,19.33,2.5879,0.4121,4.7637,si,0.4846,0.9435,no,no,19.0,2017:28;2018:13;2019:10;2020:29;2021:15;2022:30;2023:33;2024:25;2025:44;2026:40,AEMET
5164B,BAEZA,JAEN,771.0,37.9967,-3.4619,138.6,interior,500-800,8,2017,2026,81,32.67,52.0,19.33,2.3539,-0.68,5.3879,no,0.3753,1.2399,no,no,-26.0,2017:49;2018:23;2019:26;2020:42;2021:30;2023:50;2025:54;2026:52,AEMET
5624X,AGUILAR DE LA FRONTERA,CORDOBA,309.0,37.4819,-4.6858,87.6,interior,200-500,10,2017,2026,81,16.33,35.67,19.33,2.3818,-0.0114,4.775,no,0.397,1.0378,no,no,23.0,2017:26;2018:12;2019:11;2020:34;2021:12;2022:32;2023:35;2024:33;2025:44;2026:30,AEMET
5950X,SAN JOSÉ DEL VALLE,CADIZ,105.0,36.6639,-5.7833,41.8,interior,<200,9,2017,2026,81,28.33,47.67,19.33,2.4333,-0.6076,5.4743,no,0.3385,1.2858,no,no,-29.0,2017:47;2018:18;2019:20;2020:42;2021:29;2022:41;2024:36;2025:52;2026:55,AEMET
4575X,VALVERDE DEL CAMINO,HUELVA,280.0,37.5753,-6.7678,46.4,interior,200-500,9,2017,2026,81,12.67,31.67,19.0,2.4958,0.7826,4.2091,si,0.629,0.7244,no,no,14.0,2017:19;2018:9;2019:10;2020:24;2021:12;2022:24;2024:25;2025:38;2026:32,AEMET
6001,TARIFA,CADIZ,45.0,36.0144,-5.5972,0.6,litoral,<200,10,2017,2026,81,27.0,46.0,19.0,2.3515,-1.8177,6.5207,no,0.1745,1.808,no,no,-44.0,2017:57;2018:13;2019:11;2020:38;2021:19;2022:38;2023:48;2024:33;2025:56;2026:49,AEMET
7020C,MURCIA AEROPUERTO,MURCIA,205.0,37.8075,-1.1281,24.6,litoral,200-500,8,2019,2026,81,42.33,61.33,19.0,3.881,1.7934,5.9685,si,0.7752,0.8531,no,no,19.0,2019:43;2020:41;2021:43;2022:49;2023:60;2024:50;2025:69;2026:65,AEMET
0158X,MONISTROL DE MONTSERRAT,BARCELONA,738.0,41.5944,1.8392,37.1,interior,500-800,10,2017,2026,81,19.0,37.33,18.33,2.9697,0.5732,5.3662,si,0.5051,1.0392,no,no,20.0,2017:22;2018:12;2019:23;2020:17;2021:14;2022:33;2023:23;2024:22;2025:35;2026:55,AEMET
4436Y,ALMENDRALEJO,BADAJOZ,371.0,38.6889,-6.3611,75.1,interior,200-500,10,2017,2026,81,15.33,33.67,18.33,2.3758,0.4003,4.3512,si,0.4902,0.8567,no,no,19.0,2017:23;2018:12;2019:11;2020:27;2021:12;2022:31;2023:23;2024:24;2025:41;2026:36,AEMET
5998X,OSUNA,SEVILLA,255.0,37.2433,-5.1125,83.1,interior,200-500,10,2017,2026,81,45.33,63.67,18.33,2.4061,0.1615,4.6506,si,0.433,0.9734,no,si,-22.0,2017:61;2018:39;2019:36;2020:52;2021:56;2022:55;2023:61;2024:53;2025:67;2026:71,AEMET
6213X,NERJA,MALAGA,169.0,36.7628,-3.8453,1.5,litoral,<200,10,2017,2026,81,47.67,66.0,18.33,2.5152,0.3374,4.6929,si,0.47,0.9444,no,no,19.0,2017:56;2018:41;2019:46;2020:58;2021:40;2022:59;2023:57;2024:54;2025:73;2026:71,AEMET
9434P,"ZARAGOZA, VALDESPARTERA",ZARAGOZA,258.0,41.6211,-0.9347,165.5,interior,200-500,10,2017,2026,81,27.33,45.67,18.33,2.9636,0.8359,5.0914,si,0.5632,0.9227,no,no,17.0,2017:23;2018:26;2019:33;2020:25;2021:23;2022:40;2023:28;2024:31;2025:46;2026:60,AEMET
B248,"SIERRA DE ALFABIA, BUNYOLA",BALEARES,1030.0,39.735,2.7131,6.0,litoral,800-1200,8,2017,2025,81,19.33,37.67,18.33,3.3509,0.5867,6.1151,si,0.5946,1.1296,no,no,23.0,2017:21;2018:12;2019:25;2020:17;2021:15;2022:38;2023:30;2025:45,AEMET
0194D,"CORBERA, PUIG D'AGULLES",BARCELONA,647.0,41.4081,1.885,16.9,litoral,500-800,8,2017,2026,81,14.67,32.67,18.0,2.8676,-0.9254,6.6607,no,0.3632,1.5501,no,no,27.0,2017:15;2019:18;2020:11;2022:38;2023:14;2024:15;2025:30;2026:53,AEMET
4339X,CAÑAMERO,CACERES,590.0,39.3142,-5.3689,185.3,interior,500-800,10,2017,2026,81,14.33,32.0,17.67,2.1394,-0.1471,4.4259,no,0.3679,0.9916,no,no,22.0,2017:24;2018:11;2019:8;2020:30;2021:12;2022:31;2023:23;2024:23;2025:42;2026:31,AEMET
4642E,"HUELVA, RONDA ESTE",HUELVA,18.0,37.2783,-6.9117,11.1,litoral,<200,10,2017,2026,81,18.0,35.67,17.67,2.497,0.2021,4.7918,si,0.4404,0.9952,no,no,21.0,2017:26;2018:11;2019:17;2020:38;2021:17;2022:33;2023:41;2024:25;2025:40;2026:42,AEMET
5281X,BAILÉN,JAEN,345.0,38.0931,-3.7825,149.3,interior,200-500,9,2017,2026,81,44.0,61.67,17.67,2.6721,-0.4382,5.7824,no,0.371,1.3151,no,si,-35.0,2017:60;2018:25;2020:47;2021:47;2022:55;2023:62;2024:49;2025:68;2026:68,AEMET
5429X,"CÓRDOBA, PRÁGDENA",CORDOBA,275.0,37.8103,-4.4622,120.3,interior,200-500,10,2017,2026,81,32.0,49.67,17.67,2.4182,-0.3573,5.1936,no,0.3354,1.2036,no,no,-29.0,2017:48;2018:19;2019:29;2020:41;2021:24;2022:47;2023:48;2024:40;2025:58;2026:51,AEMET
9546B,HIJAR,TERUEL,305.0,41.1719,-0.4419,106.2,interior,200-500,10,2017,2026,81,20.0,37.67,17.67,2.8909,1.1105,4.6713,si,0.6367,0.7721,no,no,18.0,2017:20;2018:23;2019:17;2020:13;2021:17;2022:35;2023:31;2024:28;2025:37;2026:48,AEMET
C328W,HERMIGUA,SANTA CRUZ DE TENERIFE,252.0,28.1636,-17.1942,1.6,litoral,200-500,8,2017,2026,81,12.33,30.0,17.67,2.8534,-0.2413,5.9482,no,0.459,1.2647,no,no,19.0,2017:9;2019:6;2020:22;2021:4;2022:20;2023:39;2024:21;2026:30,AEMET
4091Y,VILLARROBLEDO,ALBACETE,718.0,39.2619,-2.5925,195.8,interior,500-800,10,2017,2026,81,6.33,23.67,17.33,2.3758,1.1504,3.6011,si,0.7142,0.5314,no,si,-8.0,2017:12;2018:4;2019:3;2020:5;2021:9;2022:13;2023:13;2024:18;2025:26;2026:27,AEMET
5298X,ANDÚJAR,JAEN,202.0,38.0231,-4.0633,141.6,interior,200-500,8,2017,2026,81,17.0,34.33,17.33,2.6029,1.207,3.9989,si,0.7763,0.5705,no,no,13.0,2017:16;2019:11;2020:24;2022:32;2023:28;2024:32;2025:38;2026:33,AEMET
6307X,LÁUJAR DE ANDARAX,ALMERIA,1510.0,37.0333,-2.9125,31.5,interior,>1200,9,2017,2025,81,11.67,29.0,17.33,2.4333,0.5013,4.3653,si,0.559,0.8169,no,no,-15.0,2017:20;2018:5;2019:10;2020:16;2021:15;2022:20;2023:33;2024:25;2025:29,AEMET
0370E,GIRONA,GIRONA,76.0,41.9722,2.8194,26.6,litoral,<200,10,2017,2026,81,24.67,41.67,17.0,2.697,0.7059,4.688,si,0.5495,0.8634,no,no,25.0,2017:27;2018:18;2019:29;2020:30;2021:17;2022:42;2023:35;2024:30;2025:43;2026:52,AEMET
3365A,TALAVERA DE LA REINA,TOLEDO,372.0,39.9586,-4.8636,266.2,interior,200-500,8,2019,2026,81,13.0,30.0,17.0,2.9405,0.1119,5.7691,si,0.5189,1.1559,no,no,17.0,2019:11;2020:21;2021:7;2022:24;2023:12;2024:24;2025:36;2026:30,AEMET
3448X,SERRADILLA,CACERES,406.0,39.8208,-6.1275,193.3,interior,200-500,10,2017,2026,81,24.33,41.33,17.0,2.1273,-0.3692,4.6238,no,0.3255,1.0826,no,no,28.0,2017:36;2018:20;2019:17;2020:36;2021:18;2022:46;2023:34;2024:35;2025:49;2026:40,AEMET
5470,FUENTE PALMERA,CORDOBA,120.0,37.7531,-5.1006,130.0,interior,<200,10,2017,2026,81,28.33,45.33,17.0,2.097,-0.2908,4.4847,no,0.3389,1.0355,no,no,-22.0,2017:42;2018:20;2019:23;2020:41;2021:34;2022:44;2023:44;2024:37;2025:58;2026:41,AEMET
8013X,NOVELDA,ALICANTE,233.0,38.3856,-0.7578,22.0,litoral,200-500,10,2017,2026,81,48.67,65.67,17.0,2.6364,0.911,4.3618,si,0.6081,0.7482,no,si,16.0,2017:52;2018:46;2019:48;2020:43;2021:39;2022:55;2023:61;2024:61;2025:67;2026:69,AEMET
4064Y,ALCAZAR DE SAN JUAN,CIUDAD REAL,640.0,39.3908,-3.2158,248.8,interior,500-800,10,2017,2026,81,31.33,48.0,16.67,2.5333,0.3183,4.7483,si,0.4651,0.9605,no,no,24.0,2017:39;2018:22;2019:33;2020:40;2021:22;2022:46;2023:48;2024:38;2025:52;2026:54,AEMET
4147X,VALDEPEÑAS,CIUDAD REAL,700.0,38.7506,-3.3914,215.7,interior,500-800,10,2017,2026,81,26.33,43.0,16.67,2.2485,0.6912,3.8058,si,0.5808,0.6753,no,no,-15.0,2017:35;2018:20;2019:24;2020:33;2021:26;2022:40;2023:36;2024:36;2025:47;2026:46,AEMET
9302Y,TUDELA,NAVARRA,297.0,42.0556,-1.6094,138.6,interior,200-500,10,2017,2026,81,14.33,31.0,16.67,2.6121,0.2784,4.9459,si,0.4544,1.012,no,no,23.0,2017:11;2018:14;2019:18;2020:14;2021:7;2022:30;2023:12;2024:22;2025:24;2026:47,AEMET
4411C,ALCUESCAR,CACERES,467.0,39.1975,-6.2311,127.2,interior,200-500,10,2017,2026,81,14.33,30.33,16.0,2.0,-0.3891,4.3891,no,0.3178,1.036,no,no,23.0,2017:24;2018:9;2019:10;2020:27;2021:10;2022:33;2023:20;2024:20;2025:41;2026:30,AEMET
5473X,AZUAGA,BADAJOZ,581.0,38.2678,-5.6861,111.5,interior,500-800,10,2017,2026,81,17.33,33.33,16.0,1.8606,-0.8419,4.5631,no,0.2396,1.172,no,no,25.0,2017:28;2018:12;2019:12;2020:31;2021:11;2022:36;2023:23;2024:26;2025:47;2026:27,AEMET
6088X,TORREMOLINOS,MALAGA,85.0,36.6206,-4.515,1.8,litoral,<200,10,2017,2026,81,55.33,71.33,16.0,2.503,0.6547,4.3514,si,0.5493,0.8015,no,no,16.0,2017:61;2018:48;2019:57;2020:58;2021:48;2022:64;2023:71;2024:61;2025:77;2026:76,AEMET
6364X,ALBOX,ALMERIA,508.0,37.4067,-2.1514,36.6,interior,500-800,10,2017,2026,81,37.67,53.67,16.0,2.6909,0.5626,4.8192,si,0.5152,0.923,no,no,17.0,2017:43;2018:32;2019:38;2020:32;2021:28;2022:44;2023:54;2024:42;2025:59;2026:60,AEMET
B925,SANT ANTONI DE PORTMANY,BALEARES,32.0,38.9631,1.3214,3.3,litoral,<200,8,2019,2026,81,31.67,47.67,16.0,3.2738,0.6096,5.938,si,0.6011,1.0888,no,no,13.0,2019:38;2020:26;2021:31;2022:38;2023:51;2024:40;2025:45;2026:58,AEMET
3343Y,VALDEMORILLO,MADRID,884.0,40.4967,-4.0611,321.9,interior,800-1200,9,2017,2026,81,19.33,35.0,15.67,2.2365,0.4944,3.9786,si,0.5684,0.7366,no,no,16.0,2017:23;2018:12;2019:23;2020:22;2022:38;2023:22;2024:27;2025:37;2026:41,AEMET
4386B,LLERENA,BADAJOZ,655.0,38.2317,-6.0169,82.5,interior,500-800,10,2017,2026,81,19.67,35.33,15.67,1.8121,-0.9719,4.5961,no,0.2197,1.2073,no,no,26.0,2017:33;2018:12;2019:14;2020:34;2021:13;2022:39;2023:30;2024:31;2025:47;2026:28,AEMET
5000C,CEUTA,CEUTA,87.0,35.8886,-5.3469,0.6,litoral,<200,9,2017,2025,81,41.33,57.0,15.67,2.1167,-1.8621,6.0954,no,0.1844,1.6824,no,no,-35.0,2017:62;2018:27;2019:35;2020:51;2021:44;2022:58;2023:61;2024:43;2025:67,AEMET
5941X,EL BOSQUE,CADIZ,295.0,36.7294,-5.5122,45.4,interior,200-500,10,2017,2026,81,12.0,27.67,15.67,2.103,0.3764,3.8297,si,0.4965,0.7488,no,no,18.0,2017:21;2018:9;2019:6;2020:24;2021:12;2022:26;2023:28;2024:21;2025:30;2026:32,AEMET
5972X,SAN FERNANDO,CADIZ,28.0,36.4656,-6.2056,3.5,litoral,<200,10,2017,2026,81,42.0,57.67,15.67,2.1636,-0.5976,4.9248,no,0.2898,1.1974,no,no,-30.0,2017:60;2018:30;2019:36;2020:53;2021:49;2022:52;2023:62;2024:43;2025:64;2026:66,AEMET
6291B,EL EJIDO,ALMERIA,98.0,36.7747,-2.8131,7.9,litoral,<200,10,2017,2026,81,56.67,72.33,15.67,2.1758,0.3771,3.9745,si,0.4931,0.78,no,si,-16.0,2017:67;2018:51;2019:52;2020:58;2021:57;2022:59;2023:66;2024:62;2025:76;2026:79,AEMET
B158X,"CALVIÀ, ES CAPDELLÀ",BALEARES,50.0,39.5514,2.4664,2.4,litoral,<200,9,2018,2026,81,17.33,33.0,15.67,2.7167,1.3972,4.0362,si,0.7721,0.5579,no,no,7.0,2018:18;2019:20;2020:14;2021:16;2022:23;2023:28;2024:26;2025:33;2026:40,AEMET
C229J,PÁJARA,LAS PALMAS,15.0,28.0492,-14.3581,0.8,litoral,<200,9,2017,2026,81,57.33,73.0,15.67,1.7708,-0.6222,4.1639,no,0.3044,1.0119,no,no,-20.0,2017:65;2018:48;2019:59;2020:77;2021:57;2022:73;2024:76;2025:76;2026:67,AEMET
C419X,ADEJE,SANTA CRUZ DE TENERIFE,130.0,28.0814,-16.7106,1.9,litoral,<200,9,2017,2025,81,30.33,46.0,15.67,1.7,-2.019,5.419,no,0.1431,1.5725,no,no,28.0,2017:44;2018:20;2019:27;2020:37;2021:23;2022:32;2023:60;2024:35;2025:43,AEMET
C628B,"LA ALDEA DE SAN NICOLÁS, TASARTE",LAS PALMAS,318.0,27.9089,-15.77,5.0,litoral,200-500,10,2017,2026,81,20.67,36.33,15.67,2.2182,0.0333,4.403,si,0.4066,0.9475,no,no,-18.0,2017:31;2018:13;2019:18;2020:36;2021:21;2022:30;2023:46;2024:30;2025:37;2026:42,AEMET
3254Y,MORA,TOLEDO,717.0,39.6869,-3.7806,296.9,interior,500-800,10,2017,2026,81,27.33,42.67,15.33,2.6061,0.5511,4.661,si,0.5167,0.8911,no,no,23.0,2017:32;2018:20;2019:30;2020:29;2021:20;2022:43;2023:44;2024:31;2025:44;2026:53,AEMET
5270B,JAÉN,JAEN,580.0,37.7775,-3.8092,114.3,interior,500-800,10,2017,2026,81,43.33,58.67,15.33,2.0364,-0.4825,4.5553,no,0.3029,1.0923,no,si,-32.0,2017:62;2018:30;2019:38;2020:47;2021:46;2022:52;2023:57;2024:49;2025:65;2026:62,AEMET
5279X,LINARES,JAEN,515.0,38.1511,-3.6294,155.8,interior,500-800,9,2017,2025,81,39.0,54.33,15.33,2.0667,-1.2297,5.3631,no,0.239,1.3938,no,si,-31.0,2017:58;2018:27;2019:32;2020:48;2021:46;2022:53;2023:55;2024:46;2025:62,AEMET
5412X,PRIEGO DE CÓRDOBA,CORDOBA,550.0,37.4847,-4.2078,82.5,interior,500-800,10,2017,2026,81,14.0,29.33,15.33,1.8242,-0.2777,3.9262,no,0.3336,0.9115,no,no,21.0,2017:26;2018:12;2019:4;2020:25;2021:15;2022:22;2023:29;2024:24;2025:38;2026:26,AEMET
5726X,GUADALCANAL,SEVILLA,720.0,38.0994,-5.8192,99.9,interior,500-800,9,2018,2026,81,16.0,31.33,15.33,2.8167,1.0973,4.536,si,0.682,0.727,no,si,20.0,2018:12;2019:15;2020:21;2021:9;2022:29;2023:30;2024:29;2025:35;2026:30,AEMET
9574B,"CASPE, PLANA DEL PILÓN",ZARAGOZA,215.0,41.2425,-0.0686,82.0,interior,200-500,8,2019,2026,81,28.33,43.67,15.33,2.9167,-0.2483,6.0817,no,0.4587,1.2934,no,no,16.0,2019:37;2020:25;2021:23;2022:39;2023:34;2024:33;2025:41;2026:57,AEMET
4497X,VILLANUEVA DEL FRESNO,BADAJOZ,247.0,38.3722,-7.1581,22.7,litoral,200-500,9,2017,2026,81,8.67,23.67,15.0,2.1208,0.3043,3.9374,si,0.5213,0.7681,no,no,18.0,2017:13;2018:8;2019:5;2020:15;2021:5;2022:22;2024:14;2025:32;2026:25,AEMET
6281X,VÁLOR,GRANADA,1020.0,37.0053,-3.0714,27.6,litoral,800-1200,10,2017,2026,81,33.0,48.0,15.0,2.3455,0.2808,4.4101,si,0.4617,0.8953,no,no,20.0,2017:40;2018:28;2019:31;2020:34;2021:26;2022:46;2023:42;2024:34;2025:53;2026:57,AEMET
6375X,FUENTE DE PIEDRA,MALAGA,420.0,37.1322,-4.7419,54.5,interior,200-500,10,2017,2026,81,12.67,27.67,15.0,1.9212,-0.1491,3.9915,no,0.364,0.8978,no,no,20.0,2017:19;2018:14;2019:5;2020:25;2021:19;2022:35;2023:25;2024:19;2025:38;2026:26,AEMET
0120X,MOIÀ,BARCELONA,742.0,41.8133,2.0953,40.8,interior,500-800,10,2017,2026,81,7.0,21.67,14.67,2.297,0.6972,3.8967,si,0.5781,0.6937,no,no,13.0,2017:7;2018:5;2019:9;2020:4;2021:5;2022:18;2023:8;2024:12;2025:20;2026:33,AEMET
5390Y,VILLANUEVA DE CÓRDOBA,CORDOBA,750.0,38.3331,-4.6089,179.3,interior,500-800,9,2017,2026,81,16.67,31.33,14.67,1.7583,-0.6955,4.2122,no,0.2909,1.0376,no,no,20.0,2017:28;2018:10;2019:12;2020:32;2021:13;2022:31;2024:25;2025:39;2026:30,AEMET
5996B,BARBATE,CADIZ,4.0,36.1847,-5.9094,0.6,litoral,<200,10,2017,2026,81,36.67,51.33,14.67,1.9333,-0.422,4.2887,no,0.3093,1.0214,no,no,-23.0,2017:51;2018:28;2019:31;2020:42;2021:30;2022:47;2023:48;2024:43;2025:60;2026:51,AEMET
8025,ALACANT/ALICANTE,ALICANTE,81.0,38.3725,-0.4942,2.8,litoral,<200,10,2017,2026,81,54.67,69.33,14.67,2.1394,1.2271,3.0517,si,0.7852,0.3956,no,no,11.0,2017:56;2018:53;2019:55;2020:58;2021:54;2022:61;2023:66;2024:63;2025:74;2026:71,AEMET
9898,"HUESCA, AEROPUERTO",HUESCA,546.0,42.0844,-0.3256,158.7,interior,500-800,10,2017,2026,81,12.0,26.67,14.67,2.4485,0.4274,4.4696,si,0.4938,0.8765,no,no,23.0,2017:11;2018:9;2019:16;2020:10;2021:4;2022:27;2023:15;2024:16;2025:24;2026:40,AEMET
B103B,ANDRATX - SANT ELM,BALEARES,52.0,39.5794,2.3689,1.9,litoral,<200,9,2018,2026,81,25.67,40.33,14.67,2.4833,0.253,4.7137,si,0.4976,0.9431,no,no,13.0,2018:32;2019:28;2020:17;2021:24;2022:37;2023:45;2024:34;2025:42;2026:45,AEMET
B760X,POLLENÇA,BALEARES,45.0,39.8769,3.0242,4.2,litoral,<200,10,2017,2026,81,35.33,50.0,14.67,2.6,0.436,4.764,si,0.4897,0.9384,no,no,23.0,2017:41;2018:27;2019:38;2020:31;2021:29;2022:52;2023:53;2024:42;2025:47;2026:61,AEMET
C329B,"LA GOMERA, AEROPUERTO",SANTA CRUZ DE TENERIFE,219.0,28.0317,-17.2108,0.9,litoral,200-500,9,2017,2026,81,22.33,37.0,14.67,2.4667,-1.2693,6.2027,no,0.2583,1.5797,no,no,35.0,2017:37;2018:12;2019:18;2021:28;2022:30;2023:65;2024:30;2025:37;2026:44,AEMET
C629X,"MOGÁN, PUERTO",LAS PALMAS,10.0,27.8164,-15.7642,0.6,litoral,<200,10,2017,2026,81,41.0,55.67,14.67,1.8182,-1.5052,5.1416,no,0.1659,1.4412,no,no,28.0,2017:50;2018:27;2019:46;2020:74;2021:52;2022:53;2023:73;2024:52;2025:62;2026:53,AEMET
5983X,MEDINA SIDONIA,CADIZ,70.0,36.4061,-5.9203,21.3,litoral,<200,10,2017,2026,81,19.33,33.67,14.33,1.8,-0.5537,4.1537,no,0.2799,1.0207,no,no,24.0,2017:31;2018:15;2019:12;2020:31;2021:23;2022:38;2023:28;2024:21;2025:45;2026:35,AEMET
7007Y,MAZARRÓN,MURCIA,66.0,37.5881,-1.2306,0.9,litoral,<200,9,2018,2026,81,55.67,70.0,14.33,2.2333,0.906,3.5606,si,0.6935,0.5612,no,no,10.0,2018:59;2019:58;2020:50;2021:60;2022:62;2023:66;2024:64;2025:74;2026:72,AEMET
7218Y,TOTANA,MURCIA,281.0,37.7586,-1.5128,26.8,litoral,200-500,8,2019,2026,81,48.0,62.33,14.33,2.6667,0.2944,5.0389,si,0.5577,0.9694,no,no,16.0,2019:53;2020:48;2021:43;2022:59;2023:64;2024:54;2025:67;2026:66,AEMET
9434,"ZARAGOZA, AEROPUERTO",ZARAGOZA,249.0,41.6606,-1.0042,172.7,interior,200-500,10,2017,2026,81,31.67,46.0,14.33,2.2788,-0.0082,4.5658,no,0.3976,0.9918,no,no,20.0,2017:33;2018:27;2019:35;2020:29;2021:24;2022:44;2023:28;2024:33;2025:45;2026:60,AEMET
9573X,ALCAÑIZ,TERUEL,334.0,41.0581,-0.1417,78.7,interior,200-500,10,2017,2026,81,5.67,20.0,14.33,2.2667,0.8414,3.692,si,0.627,0.6181,no,si,19.0,2017:5;2018:7;2019:5;2020:2;2021:0;2022:19;2023:12;2024:15;2025:18;2026:27,AEMET
0411X,CASTELLÓ D'EMPÚRIES,GIRONA,2.0,42.2247,3.0931,2.2,litoral,<200,9,2017,2026,81,16.67,30.67,14.0,2.0703,1.532,2.6086,si,0.922,0.2276,no,si,11.0,2017:15;2018:17;2019:18;2020:17;2022:28;2023:25;2024:28;2025:30;2026:34,AEMET
3386A,NAVALVILLAR DE IBOR,CACERES,923.0,39.5917,-5.3917,205.6,interior,800-1200,10,2017,2026,81,17.67,31.67,14.0,1.6061,-0.4915,3.7037,no,0.2804,0.9096,no,no,20.0,2017:27;2018:11;2019:15;2020:33;2021:14;2022:34;2023:22;2024:27;2025:37;2026:31,AEMET
4075Y,VILLARES DEL SAZ,CUENCA,870.0,39.8403,-2.5033,190.0,interior,800-1200,9,2017,2026,81,8.33,22.33,14.0,2.1735,0.9312,3.4159,si,0.7098,0.5253,no,no,14.0,2017:11;2018:6;2019:8;2020:12;2021:8;2022:22;2023:15;2025:28;2026:24,AEMET
4245X,GUADALUPE,CACERES,660.0,39.4553,-5.3333,198.2,interior,500-800,10,2017,2026,81,12.67,26.67,14.0,1.7879,0.0585,3.5172,si,0.4154,0.7499,no,no,18.0,2017:19;2018:10;2019:9;2020:24;2021:10;2022:28;2023:21;2024:20;2025:34;2026:26,AEMET
5733X,ALMADÉN DE LA PLATA,SEVILLA,450.0,37.7911,-6.075,84.9,interior,200-500,10,2017,2026,81,18.33,32.33,14.0,1.7758,-0.2686,3.8202,no,0.334,0.8866,no,no,18.0,2017:29;2018:12;2019:14;2020:32;2021:14;2022:31;2023:30;2024:25;2025:38;2026:34,AEMET
5973,CÁDIZ,CADIZ,2.0,36.4997,-6.2578,1.1,litoral,<200,10,2017,2026,81,55.67,69.67,14.0,1.9091,-0.7859,4.604,no,0.2501,1.1687,no,no,-29.0,2017:75;2018:46;2019:46;2020:62;2021:60;2022:63;2023:76;2024:59;2025:74;2026:76,AEMET
9294E,"BARDENAS REALES, BASE AÉREA",NAVARRA,295.0,42.1986,-1.4753,123.8,interior,200-500,10,2017,2026,81,10.67,24.67,14.0,2.1152,0.1746,4.0557,si,0.4412,0.8415,no,no,19.0,2017:6;2018:10;2019:16;2020:13;2021:8;2022:22;2023:6;2024:17;2025:19;2026:38,AEMET
9729X,MOLLERUSSA,LLEIDA,252.0,41.6169,0.8667,62.5,interior,200-500,9,2017,2026,81,12.33,26.33,14.0,2.4405,0.5132,4.3679,si,0.5616,0.815,no,no,18.0,2017:15;2018:10;2019:12;2020:6;2022:17;2023:29;2024:17;2025:22;2026:40,AEMET
9908X,LANAJA,HUESCA,380.0,41.7739,-0.3331,135.0,interior,200-500,10,2017,2026,81,14.0,28.0,14.0,2.4182,0.3046,4.5318,si,0.4653,0.9166,no,no,27.0,2017:11;2018:12;2019:19;2020:11;2021:5;2022:32;2023:17;2024:16;2025:30;2026:38,AEMET
C258K,LA OLIVA,LAS PALMAS,217.0,28.6125,-13.9317,9.1,litoral,200-500,10,2017,2026,81,5.33,19.33,14.0,2.3818,0.4398,4.3238,si,0.5,0.8421,no,no,19.0,2017:11;2018:3;2019:2;2020:5;2021:5;2022:10;2023:29;2024:10;2025:18;2026:30,AEMET
C459Z,PUERTO DE LA CRUZ,SANTA CRUZ DE TENERIFE,25.0,28.4181,-16.5483,0.9,litoral,<200,9,2017,2025,81,50.33,64.33,14.0,1.1667,-2.9915,5.3248,no,0.0592,1.7582,no,no,30.0,2017:65;2018:43;2019:43;2020:73;2021:44;2022:52;2023:77;2024:52;2025:64,AEMET
C648C,AGÜIMES,LAS PALMAS,306.0,27.9025,-15.4539,6.3,litoral,200-500,10,2017,2026,81,17.0,31.0,14.0,1.9576,0.6203,3.2948,si,0.5875,0.5799,no,no,-13.0,2017:24;2018:11;2019:16;2020:26;2021:23;2022:29;2023:31;2024:27;2025:27;2026:39,AEMET
C658L,LAS PALMAS DE G.C. (TAFIRA CMT),LAS PALMAS,269.0,28.075,-15.4508,3.1,litoral,200-500,10,2017,2026,81,6.67,20.67,14.0,2.2364,-0.0028,4.4755,no,0.3987,0.971,no,no,24.0,2017:15;2018:2;2019:3;2020:13;2021:6;2022:8;2023:32;2024:12;2025:18;2026:32,AEMET
1014,"HONDARRIBIA, MALKARROA",GIPUZKOA,4.0,43.3569,-1.7922,0.4,litoral,<200,10,2017,2026,81,12.0,25.67,13.67,2.1333,-0.5995,4.8662,no,0.2883,1.1851,no,si,32.0,2017:6;2018:19;2019:11;2020:14;2021:5;2022:17;2023:7;2024:15;2025:15;2026:47,AEMET
1014A,DONOSTIA / SAN SEBASTIÁN AEROPUERTO,GIPUZKOA,4.0,43.3569,-1.7922,0.4,litoral,<200,10,2017,2026,81,15.33,29.0,13.67,1.9939,-0.8903,4.8782,no,0.2411,1.2508,no,no,31.0,2017:11;2018:24;2019:11;2020:15;2021:5;2022:25;2023:7;2024:24;2025:16;2026:47,AEMET
1057B,MATXITXAKO,BIZKAIA,93.0,43.4539,-2.7528,0.5,litoral,<200,9,2018,2026,81,7.33,21.0,13.67,2.55,-0.5595,5.6595,no,0.3495,1.3148,no,si,30.0,2018:9;2019:6;2020:7;2021:1;2022:14;2023:3;2024:11;2025:11;2026:41,AEMET
3191E,COLMENAR VIEJO,MADRID,1004.0,40.6961,-3.765,299.2,interior,800-1200,10,2017,2026,81,21.67,35.33,13.67,2.1515,-0.2873,4.5903,no,0.3409,1.0576,no,no,30.0,2017:31;2018:12;2019:22;2020:23;2021:12;2022:42;2023:29;2024:26;2025:35;2026:45,AEMET
3423I,MADRIGAL DE LA VERA,CACERES,464.0,40.1539,-5.3733,256.2,interior,200-500,10,2017,2026,81,20.33,34.0,13.67,1.5879,-0.9151,4.0909,no,0.2111,1.0854,no,no,29.0,2017:27;2018:17;2019:17;2020:37;2021:15;2022:44;2023:23;2024:28;2025:42;2026:32,AEMET
3455X,JARAICEJO,CACERES,559.0,39.67,-5.8083,190.9,interior,500-800,10,2017,2026,81,24.67,38.33,13.67,1.6606,-0.427,3.7482,no,0.2961,0.9053,no,no,23.0,2017:32;2018:24;2019:18;2020:36;2021:19;2022:42;2023:30;2024:32;2025:46;2026:37,AEMET
3514B,TORNAVACAS,CACERES,991.0,40.2586,-5.6783,253.5,interior,800-1200,10,2017,2026,81,12.33,26.0,13.67,1.5879,-0.4463,3.6221,no,0.2883,0.8821,no,no,21.0,2017:21;2018:7;2019:9;2020:23;2021:9;2022:30;2023:15;2024:22;2025:33;2026:23,AEMET
3565X,BROZAS,CACERES,425.0,39.6181,-6.745,157.8,interior,200-500,10,2017,2026,81,13.67,27.33,13.67,1.703,-0.4869,3.8929,no,0.2867,0.9497,no,no,23.0,2017:22;2018:11;2019:8;2020:24;2021:8;2022:31;2023:19;2024:19;2025:37;2026:26,AEMET
4347X,ZORITA,CACERES,413.0,39.2828,-5.7103,161.8,interior,200-500,10,2017,2026,81,25.33,39.0,13.67,1.6909,-1.1136,4.4954,no,0.1946,1.2162,no,no,29.0,2017:41;2018:19;2019:16;2020:34;2021:13;2022:42;2023:35;2024:33;2025:46;2026:38,AEMET
6143X,COÍN,MALAGA,230.0,36.6578,-4.7608,17.3,litoral,200-500,10,2017,2026,81,46.0,59.67,13.67,2.1152,0.1286,4.1017,si,0.4297,0.8615,no,no,18.0,2017:55;2018:38;2019:45;2020:48;2021:40;2022:55;2023:61;2024:49;2025:67;2026:63,AEMET
7012D,"CARTAGENA, TENTEGORRA",MURCIA,56.0,37.6044,-1.0233,2.2,litoral,<200,10,2017,2026,81,49.67,63.33,13.67,2.1273,-0.1091,4.3637,no,0.3756,0.9698,no,no,19.0,2017:54;2018:43;2019:52;2020:41;2021:41;2022:43;2023:53;2024:52;2025:71;2026:67,AEMET
8036Y,BENIDORM,ALICANTE,36.0,38.5436,-0.1378,1.5,litoral,<200,8,2017,2026,81,48.67,62.33,13.67,1.9722,0.4579,3.4865,si,0.6286,0.6188,no,no,13.0,2017:52;2018:46;2021:48;2022:52;2023:61;2024:54;2025:67;2026:66,AEMET
9911X,BALLOBAR,HUESCA,178.0,41.6194,0.1878,91.9,interior,<200,9,2017,2026,81,19.67,33.33,13.67,2.1054,0.2795,3.9314,si,0.5151,0.7721,no,no,16.0,2017:21;2018:18;2019:20;2020:18;2021:8;2023:24;2024:26;2025:34;2026:40,AEMET
0260X,FOGARS DE MONTCLÚS,BARCELONA,936.0,41.76,2.4311,21.7,litoral,800-1200,9,2017,2026,81,11.0,24.33,13.33,2.1375,-0.1469,4.4219,no,0.4116,0.9659,no,no,17.0,2017:10;2018:7;2019:16;2021:6;2022:23;2023:9;2024:11;2025:24;2026:38,AEMET
3337U,CEBREROS,AVILA,850.0,40.4675,-4.4558,325.0,interior,800-1200,10,2017,2026,81,13.67,27.0,13.33,1.8606,0.2577,3.4635,si,0.4725,0.6951,no,no,21.0,2017:19;2018:6;2019:16;2020:16;2021:8;2022:29;2023:20;2024:26;2025:29;2026:26,AEMET
3576X,VALENCIA DE ALCÁNTARA,CACERES,444.0,39.4147,-7.2311,135.4,interior,200-500,10,2017,2026,81,7.67,21.0,13.33,1.703,-0.347,3.7531,no,0.3145,0.889,no,no,22.0,2017:12;2018:5;2019:6;2020:16;2021:4;2022:22;2023:13;2024:13;2025:35;2026:15,AEMET
4007Y,OSSA DE MONTIEL,ALBACETE,905.0,38.9658,-2.745,198.4,interior,800-1200,10,2017,2026,81,6.0,19.33,13.33,1.703,0.6577,2.7484,si,0.6382,0.4533,no,no,-10.0,2017:10;2018:5;2019:3;2020:12;2021:11;2022:20;2023:10;2024:16;2025:20;2026:22,AEMET
7103Y,TOBARRA,ALBACETE,615.0,38.5881,-1.6894,103.9,interior,500-800,10,2017,2026,81,18.33,31.67,13.33,2.2061,0.1301,4.282,si,0.4288,0.9002,no,si,27.0,2017:24;2018:14;2019:17;2020:11;2021:18;2022:14;2023:41;2024:28;2025:33;2026:34,AEMET
7261X,ROJALES,ALICANTE,31.0,38.0881,-0.7153,6.5,litoral,<200,10,2017,2026,81,54.67,68.0,13.33,2.0242,0.8135,3.235,si,0.6501,0.5251,no,si,13.0,2017:56;2018:53;2019:55;2020:52;2021:51;2022:58;2023:61;2024:60;2025:73;2026:71,AEMET
9901X,HUESCA,HUESCA,463.0,42.1389,-0.395,167.0,interior,200-500,10,2017,2026,81,24.67,38.0,13.33,2.1515,-0.3181,4.6212,no,0.3353,1.071,no,no,25.0,2017:26;2018:20;2019:28;2020:23;2021:11;2022:36;2023:21;2024:24;2025:40;2026:50,AEMET
1041A,ZUMAIA,GIPUZKOA,28.0,43.3022,-2.2511,0.3,litoral,<200,8,2017,2026,81,6.33,19.33,13.0,3.2563,0.0683,6.4443,si,0.5101,1.3028,no,si,39.0,2017:4;2018:8;2019:7;2020:8;2021:2;2022:11;2023:4;2026:43,AEMET
3436D,GARGANTA LA OLLA,CACERES,690.0,40.1111,-5.7847,234.8,interior,500-800,10,2017,2026,81,23.0,36.0,13.0,1.7636,-0.2783,3.8056,no,0.3315,0.8855,no,no,22.0,2017:33;2018:14;2019:22;2020:31;2021:22;2022:44;2023:33;2024:30;2025:42;2026:36,AEMET
3469A,CÁCERES,CACERES,394.0,39.4714,-6.3389,150.5,interior,200-500,10,2017,2026,81,23.67,36.67,13.0,1.7273,-0.547,4.0015,no,0.2771,0.9862,no,no,28.0,2017:34;2018:16;2019:21;2020:32;2021:13;2022:41;2023:30;2024:31;2025:40;2026:39,AEMET
5514,GRANADA BASE AÉREA,GRANADA,687.0,37.1372,-3.6314,43.1,interior,500-800,10,2017,2026,81,10.33,23.33,13.0,1.7697,0.4763,3.0631,si,0.5545,0.5609,no,si,-13.0,2017:19;2018:6;2019:6;2020:12;2021:10;2022:16;2023:21;2024:20;2025:24;2026:26,AEMET
5788X,"TOMARES, ZAUDÍN",SEVILLA,84.0,37.3617,-6.0597,58.7,interior,<200,8,2019,2026,81,24.0,37.0,13.0,2.7857,-0.8672,6.4386,no,0.3672,1.4928,no,no,26.0,2019:13;2020:39;2021:20;2022:40;2023:35;2024:26;2025:44;2026:41,AEMET
6325O,ALMERÍA AEROPUERTO,ALMERIA,21.0,36.8464,-2.3569,0.8,litoral,<200,10,2017,2026,81,60.0,73.0,13.0,1.9091,0.2799,3.5382,si,0.4772,0.7065,no,si,-13.0,2017:69;2018:56;2019:55;2020:56;2021:61;2022:61;2023:70;2024:65;2025:75;2026:79,AEMET
9569A,CALANDA,TERUEL,466.0,40.9467,-0.2378,77.6,interior,200-500,10,2017,2026,81,22.0,35.0,13.0,2.2848,0.1505,4.4192,si,0.4324,0.9256,no,no,20.0,2017:23;2018:19;2019:24;2020:12;2021:13;2022:33;2023:24;2024:25;2025:32;2026:48,AEMET
C038N,HARÍA,LAS PALMAS,277.0,29.1436,-13.4892,2.7,litoral,200-500,10,2017,2026,81,4.33,17.33,13.0,1.9818,0.8293,3.1344,si,0.6628,0.4998,no,no,10.0,2017:9;2018:1;2019:3;2020:7;2021:9;2022:10;2023:18;2024:10;2025:16;2026:26,AEMET
C129Z,TAZACORTE,SANTA CRUZ DE TENERIFE,62.0,28.5958,-17.9153,0.7,litoral,<200,8,2017,2025,81,50.0,63.0,13.0,1.4135,-2.6132,5.4403,no,0.1095,1.6456,no,no,26.0,2017:61;2019:41;2020:48;2021:42;2022:47;2023:73;2024:52;2025:64,AEMET
3503,GUIJO DE GRANADILLA,CACERES,393.0,40.1894,-6.1675,230.7,interior,200-500,10,2017,2026,81,25.0,37.67,12.67,1.3939,-0.7858,3.5737,no,0.2137,0.9452,no,no,-21.0,2017:33;2018:24;2019:18;2020:36;2021:15;2022:27;2023:34;2024:37;2025:45;2026:31,AEMET
4499X,MONESTERIO,BADAJOZ,771.0,38.0814,-6.2719,60.4,interior,500-800,10,2017,2026,81,14.33,27.0,12.67,1.6788,-0.5118,3.8694,no,0.2808,0.95,no,no,25.0,2017:26;2018:7;2019:10;2020:21;2021:5;2022:30;2023:23;2024:22;2025:31;2026:28,AEMET
7096B,HELLÍN,ALBACETE,605.0,38.5419,-1.7031,102.8,interior,500-800,10,2017,2026,81,23.33,36.0,12.67,1.9152,-0.3863,4.2166,no,0.3152,0.998,no,no,17.0,2017:33;2018:17;2019:20;2020:10;2021:17;2022:19;2023:36;2024:38;2025:34;2026:36,AEMET
7228,"ALCANTARILLA, BASE AÉREA",MURCIA,75.0,37.9578,-1.2286,40.5,interior,<200,10,2017,2026,81,48.67,61.33,12.67,2.0182,-0.2421,4.2784,no,0.3464,0.9802,no,no,14.0,2017:56;2018:46;2019:44;2020:32;2021:43;2022:44;2023:58;2024:57;2025:64;2026:63,AEMET
8050X,JÁVEA/ XÀBIA,ALICANTE,15.0,38.7842,0.1667,2.1,litoral,<200,10,2017,2026,81,38.67,51.33,12.67,1.7333,0.8017,2.665,si,0.697,0.404,no,si,-9.0,2017:44;2018:35;2019:37;2020:41;2021:41;2022:41;2023:49;2024:49;2025:51;2026:54,AEMET
9561X,CASTELLOTE,TERUEL,755.0,40.7983,-0.3153,75.3,interior,500-800,10,2017,2026,81,17.0,29.67,12.67,2.1333,0.4328,3.8339,si,0.5113,0.7375,no,no,20.0,2017:19;2018:10;2019:22;2020:13;2021:10;2022:30;2023:23;2024:23;2025:28;2026:38,AEMET
9718X,TORDERA - GRANYANELLA,LLEIDA,463.0,41.6811,1.2231,60.3,interior,200-500,9,2017,2026,81,19.33,32.0,12.67,2.5581,-0.297,5.4131,no,0.3908,1.2072,no,no,28.0,2017:21;2018:12;2019:25;2020:14;2021:9;2022:37;2023:31;2024:20;2026:45,AEMET
B780X,PORT DE POLLENÇA,BALEARES,2.0,39.9094,3.1003,1.2,litoral,<200,10,2017,2026,81,39.33,52.0,12.67,2.1455,0.3896,3.9013,si,0.4981,0.7614,no,si,21.0,2017:43;2018:39;2019:36;2020:37;2021:35;2022:56;2023:52;2024:43;2025:52;2026:61,AEMET
0284X,CASTELL D'ARO,GIRONA,14.0,41.8078,3.0308,2.5,litoral,<200,9,2017,2026,81,19.0,31.33,12.33,2.0574,0.0799,4.0348,si,0.4638,0.8361,no,si,23.0,2017:21;2018:17;2020:19;2021:7;2022:30;2023:30;2024:25;2025:31;2026:38,AEMET
3434X,NAVALMORAL DE LA MATA,CACERES,269.0,39.9458,-5.5825,227.1,interior,200-500,10,2017,2026,81,12.33,24.67,12.33,1.5394,0.0243,3.0545,si,0.407,0.657,no,no,-17.0,2017:12;2018:13;2019:12;2020:22;2021:5;2022:20;2023:16;2024:22;2025:31;2026:21,AEMET
3512X,MONTEHERMOSO,CACERES,351.0,40.0808,-6.3389,215.0,interior,200-500,10,2017,2026,81,13.67,26.0,12.33,1.2303,-0.8863,3.3469,no,0.1834,0.9179,no,no,-19.0,2017:21;2018:9;2019:11;2020:28;2021:9;2022:24;2023:11;2024:22;2025:34;2026:22,AEMET
3540X,ZARZA LA MAYOR,CACERES,336.0,39.8714,-6.86,185.0,interior,200-500,10,2017,2026,81,17.67,30.0,12.33,1.3939,-0.829,3.6169,no,0.2072,0.964,no,no,-18.0,2017:27;2018:15;2019:11;2020:28;2021:10;2022:28;2023:19;2024:22;2025:40;2026:28,AEMET
4121,CIUDAD REAL,CIUDAD REAL,626.0,38.9892,-3.9203,249.0,interior,500-800,10,2017,2026,81,34.67,47.0,12.33,1.9939,0.3144,3.6734,si,0.4837,0.7283,no,no,-18.0,2017:41;2018:23;2019:40;2020:33;2021:31;2022:43;2023:45;2024:40;2025:49;2026:52,AEMET
4501X,FUENTE DE CANTOS,BADAJOZ,602.0,38.2086,-6.3114,56.7,interior,500-800,10,2017,2026,81,17.67,30.0,12.33,1.297,-1.0209,3.6149,no,0.1723,1.0052,no,no,-21.0,2017:31;2018:10;2019:12;2020:31;2021:13;2022:32;2023:23;2024:27;2025:37;2026:26,AEMET
4589X,"ALOSNO, THARSIS",HUELVA,276.0,37.5978,-7.1194,29.7,litoral,200-500,10,2017,2026,81,10.33,22.67,12.33,1.5939,-0.1542,3.3421,no,0.3559,0.7581,no,no,17.0,2017:16;2018:10;2019:5;2020:20;2021:8;2022:25;2023:17;2024:14;2025:31;2026:23,AEMET
5835X,CARRIÓN DE LOS CÉSPEDES,SEVILLA,76.0,37.36,-6.3342,44.1,interior,<200,10,2017,2026,81,5.0,17.33,12.33,1.6788,0.2039,3.1537,si,0.4627,0.6396,no,no,16.0,2017:8;2018:3;2019:4;2020:16;2021:8;2022:13;2023:21;2024:11;2025:27;2026:14,AEMET
6272X,CASTELL DE FERRO,GRANADA,235.0,36.7342,-3.38,1.0,litoral,200-500,9,2017,2026,81,53.33,65.67,12.33,2.1471,-0.0455,4.3397,no,0.4338,0.9271,no,no,22.0,2017:57;2018:46;2020:57;2021:46;2022:63;2023:66;2024:53;2025:75;2026:69,AEMET
7012C,CARTAGENA,MURCIA,17.0,37.6011,-0.9878,2.4,litoral,<200,8,2018,2025,81,61.33,73.67,12.33,2.381,0.9564,3.8055,si,0.736,0.5822,no,no,9.0,2018:63;2019:59;2020:62;2021:71;2022:74;2023:72;2024:70;2025:79,AEMET
8416,VALÈNCIA,VALENCIA,13.0,39.4806,-0.3664,4.0,litoral,<200,10,2017,2026,81,59.0,71.33,12.33,1.9333,0.8204,3.0463,si,0.6673,0.4826,no,si,16.0,2017:58;2018:60;2019:59;2020:59;2021:55;2022:71;2023:67;2024:65;2025:75;2026:74,AEMET
B986,FORMENTERA,BALEARES,24.0,38.6936,1.4636,1.5,litoral,<200,10,2017,2026,81,53.33,65.67,12.33,1.9818,0.8735,3.0902,si,0.68,0.4806,no,si,15.0,2017:54;2018:51;2019:55;2020:51;2021:53;2022:61;2023:63;2024:57;2025:72;2026:68,AEMET
0421X,ESPOLLA,GIRONA,100.0,42.39,3.0061,7.1,litoral,<200,10,2017,2026,81,29.0,41.0,12.0,2.097,-0.1838,4.3777,no,0.3598,0.989,no,no,26.0,2017:24;2018:30;2019:33;2020:22;2021:15;2022:41;2023:26;2024:30;2025:44;2026:49,AEMET
3475X,CAÑAVERAL,CACERES,373.0,39.7906,-6.3764,183.1,interior,200-500,9,2017,2025,81,29.33,41.33,12.0,1.7333,-1.5183,4.985,no,0.185,1.3749,no,no,23.0,2017:45;2018:23;2019:20;2020:38;2021:23;2022:46;2023:37;2024:37;2025:50,AEMET
3562X,ALISEDA,CACERES,321.0,39.4275,-6.7364,136.9,interior,200-500,10,2017,2026,81,16.33,28.33,12.0,1.3939,-0.5104,3.2983,no,0.2626,0.8258,no,no,19.0,2017:25;2018:14;2019:10;2020:24;2021:11;2022:30;2023:17;2024:23;2025:34;2026:28,AEMET
5304Y,PUERTOLLANO,CIUDAD REAL,665.0,38.6689,-4.0592,213.4,interior,500-800,8,2019,2026,81,29.33,41.33,12.0,2.2619,0.2337,4.2901,si,0.5538,0.8288,no,no,17.0,2019:27;2020:37;2021:24;2022:41;2023:39;2024:36;2025:43;2026:45,AEMET
6040X,CORTES DE LA FRONTERA,MALAGA,315.0,36.5444,-5.3864,23.1,litoral,200-500,9,2017,2026,81,5.0,17.0,12.0,1.8973,0.8355,2.9591,si,0.7184,0.449,no,no,11.0,2017:5;2018:2;2019:8;2020:9;2021:11;2023:22;2024:16;2025:12;2026:23,AEMET
9562X,MORELLA,CASTELLON,990.0,40.6217,-0.1019,49.8,interior,800-1200,10,2017,2026,81,7.67,19.67,12.0,1.8545,0.6282,3.0809,si,0.6032,0.5318,no,no,15.0,2017:7;2018:3;2019:13;2020:8;2021:5;2022:20;2023:11;2024:17;2025:16;2026:26,AEMET
9563X,CASTELLFORT,CASTELLON,1220.0,40.4986,-0.1867,48.0,interior,>1200,9,2017,2026,81,5.33,17.33,12.0,1.6824,0.4814,2.8833,si,0.6106,0.5078,no,no,10.0,2017:8;2018:5;2020:3;2021:4;2022:14;2023:9;2024:12;2025:17;2026:23,AEMET
B569X,CAPDEPERA,BALEARES,57.0,39.7167,3.4781,1.6,litoral,<200,8,2017,2026,81,62.33,74.33,12.0,1.8148,0.6039,3.0258,si,0.6915,0.4949,no,no,11.0,2017:63;2019:58;2020:66;2021:68;2022:72;2024:69;2025:80;2026:74,AEMET
C658X,"LAS PALMAS DE GRAN CANARIA, TAFIRA",LAS PALMAS,269.0,28.0781,-15.4533,3.3,litoral,200-500,10,2017,2026,81,5.0,17.0,12.0,2.2242,-0.2181,4.6666,no,0.3554,1.0591,no,no,29.0,2017:11;2018:2;2019:2;2020:4;2021:4;2022:6;2023:35;2024:8;2025:16;2026:27,AEMET
0066X,VILAFRANCA DEL PENEDÈS,BARCELONA,177.0,41.3303,1.6769,13.3,litoral,<200,10,2017,2026,81,17.67,29.33,11.67,2.103,0.2547,3.9514,si,0.4625,0.8015,no,no,15.0,2017:19;2018:18;2019:16;2020:15;2021:10;2022:19;2023:34;2024:19;2025:29;2026:40,AEMET
4452,BADAJOZ AEROPUERTO,BADAJOZ,186.0,38.8833,-6.8139,76.1,interior,<200,10,2017,2026,81,10.33,22.0,11.67,1.497,-0.5734,3.5674,no,0.2579,0.8978,no,no,24.0,2017:17;2018:11;2019:3;2020:19;2021:3;2022:27;2023:15;2024:14;2025:29;2026:23,AEMET
4541X,EL GRANADO,HUELVA,60.0,37.5536,-7.52,0.4,litoral,<200,9,2017,2026,81,8.33,20.0,11.67,1.5708,0.0547,3.087,si,0.4617,0.6411,no,no,15.0,2017:12;2018:9;2019:4;2020:16;2021:4;2022:19;2024:14;2025:25;2026:21,AEMET
5911A,GRAZALEMA,CADIZ,913.0,36.7606,-5.3742,41.4,interior,800-1200,9,2017,2026,81,9.0,20.67,11.67,1.7458,-0.3194,3.8111,no,0.3635,0.8733,no,no,19.0,2017:16;2018:8;2019:3;2020:13;2021:9;2022:25;2024:8;2025:27;2026:27,AEMET
7158X,ARCHENA,MURCIA,150.0,38.1281,-1.3058,54.7,interior,<200,9,2017,2025,81,47.0,58.67,11.67,1.9333,-0.7026,4.5692,no,0.3006,1.1146,no,no,13.0,2017:50;2018:46;2019:45;2020:35;2021:36;2022:47;2023:60;2024:52;2025:64,AEMET
8414A,VALENCIA AEROPUERTO,VALENCIA,56.0,39.485,-0.4747,13.3,litoral,<200,10,2017,2026,81,52.67,64.33,11.67,1.7939,0.5629,3.025,si,0.5853,0.5338,no,no,14.0,2017:50;2018:55;2019:53;2020:52;2021:45;2022:59;2023:61;2024:61;2025:69;2026:63,AEMET
9501X,VALMADRID,ZARAGOZA,535.0,41.4431,-0.8858,152.5,interior,500-800,9,2017,2026,81,2.67,14.33,11.67,1.7548,0.4862,3.0234,si,0.6046,0.5364,no,no,10.0,2017:3;2019:4;2020:1;2021:3;2022:13;2023:4;2024:9;2025:13;2026:21,AEMET
3195,"MADRID, RETIRO",MADRID,667.0,40.4114,-3.6778,302.4,interior,500-800,10,2017,2026,81,41.0,52.33,11.33,1.9818,-0.4482,4.4118,no,0.3066,1.0538,no,no,22.0,2017:46;2018:35;2019:42;2020:36;2021:24;2022:46;2023:45;2024:39;2025:55;2026:63,AEMET
3504X,HERVÁS,CACERES,724.0,40.265,-5.8611,247.7,interior,500-800,10,2017,2026,81,7.33,18.67,11.33,1.3394,-0.4872,3.166,no,0.2633,0.7921,no,no,-21.0,2017:9;2018:7;2019:6;2020:13;2021:7;2022:25;2023:4;2024:15;2025:27;2026:14,AEMET
4608X,EL CAMPILLO,HUELVA,415.0,37.6772,-6.63,50.7,interior,200-500,9,2017,2026,81,19.67,31.0,11.33,1.5149,-0.6899,3.7196,no,0.2739,0.9322,no,no,20.0,2017:30;2018:16;2019:13;2020:31;2021:16;2023:36;2024:23;2025:37;2026:33,AEMET
5346X,CARDEÑA,CORDOBA,720.0,38.1867,-4.2725,160.7,interior,500-800,9,2017,2026,81,17.33,28.67,11.33,1.3968,-1.204,3.9975,no,0.1873,1.0997,no,no,23.0,2017:29;2018:9;2019:14;2020:29;2021:12;2022:35;2023:31;2024:26;2026:29,AEMET
6127X,ÁLORA,MALAGA,172.0,36.8547,-4.6967,29.3,litoral,<200,8,2017,2026,81,46.33,57.67,11.33,1.6513,-0.2701,3.5726,no,0.4243,0.7852,no,no,13.0,2017:50;2019:47;2021:42;2022:50;2023:61;2024:49;2025:62;2026:62,AEMET
6156X,"MÁLAGA, CENTRO METEOROLÓGICO",MALAGA,54.0,36.7178,-4.4817,4.8,litoral,<200,10,2017,2026,81,58.0,69.33,11.33,1.7091,-0.0522,3.4704,no,0.385,0.7638,no,no,-15.0,2017:66;2018:51;2019:57;2020:59;2021:52;2022:57;2023:70;2024:61;2025:74;2026:73,AEMET
8059C,ALCOI/ALCOY,ALICANTE,530.0,38.7108,-0.46,29.1,litoral,500-800,9,2017,2026,81,25.33,36.67,11.33,1.7574,0.1393,3.3754,si,0.4852,0.6841,no,no,14.0,2017:29;2018:25;2020:22;2021:22;2022:28;2023:42;2024:31;2025:38;2026:41,AEMET
B087X,BANYALBUFAR,BALEARES,60.0,39.6892,2.5128,0.6,litoral,<200,10,2017,2026,81,58.67,70.0,11.33,1.697,0.4149,2.9791,si,0.538,0.556,no,no,14.0,2017:62;2018:59;2019:55;2020:60;2021:60;2022:72;2023:70;2024:63;2025:77;2026:70,AEMET
B228,"PALMA, PUERTO",BALEARES,3.0,39.5542,2.6253,0.6,litoral,<200,10,2017,2026,81,62.0,73.33,11.33,1.5576,0.3521,2.763,si,0.526,0.5227,no,no,-8.0,2017:64;2018:63;2019:59;2020:65;2021:72;2022:78;2023:74;2024:72;2025:78;2026:70,AEMET
C429I,TENERIFE SUR AEROPUERTO,SANTA CRUZ DE TENERIFE,64.0,28.0469,-16.5611,1.9,litoral,<200,10,2017,2026,81,42.67,54.0,11.33,1.5091,-1.6171,4.6353,no,0.1341,1.3557,no,no,-27.0,2017:57;2018:37;2019:34;2020:60;2021:33;2022:44;2023:64;2024:41;2025:63;2026:58,AEMET
C916Q,"EL PINAR, DEPÓSITO",SANTA CRUZ DE TENERIFE,948.0,27.7189,-17.9781,1.8,litoral,800-1200,10,2017,2026,81,12.0,23.33,11.33,1.1273,-0.4138,2.6683,no,0.2624,0.6683,no,si,17.0,2017:21;2018:8;2019:7;2020:24;2021:23;2022:17;2023:22;2024:27;2025:22;2026:21,AEMET
3305Y,NAVAHERMOSA,TOLEDO,750.0,39.6306,-4.4769,267.3,interior,500-800,9,2017,2026,81,21.33,32.33,11.0,1.6,-0.4413,3.6413,no,0.3293,0.8631,no,no,24.0,2017:29;2018:15;2019:20;2020:27;2021:17;2022:41;2024:27;2025:34;2026:36,AEMET
4116I,ALMAGRO / FAMET,CIUDAD REAL,626.0,38.9508,-3.7419,244.8,interior,500-800,10,2017,2026,81,21.0,32.0,11.0,1.9697,-0.5469,4.4862,no,0.2894,1.0913,no,no,19.0,2017:25;2018:13;2019:25;2020:7;2021:8;2022:10;2023:29;2024:27;2025:29;2026:40,AEMET
4560Y,ALAJAR,HUELVA,572.0,37.8686,-6.675,33.6,interior,500-800,10,2017,2026,81,18.67,29.67,11.0,1.3576,-0.4554,3.1705,no,0.2715,0.7862,no,no,18.0,2017:29;2018:14;2019:13;2020:31;2021:18;2022:31;2023:35;2024:29;2025:31;2026:29,AEMET
6057X,MANILVA,MALAGA,140.0,36.3783,-5.26,2.8,litoral,<200,9,2017,2026,81,44.0,55.0,11.0,1.9132,-0.6781,4.5046,no,0.3034,1.0957,no,no,-23.0,2017:54;2018:31;2020:47;2021:37;2022:53;2023:61;2024:45;2025:61;2026:59,AEMET
7237E,MOLINA DE SEGURA,MURCIA,170.0,38.1389,-1.1586,44.0,interior,<200,10,2017,2026,81,36.33,47.33,11.0,1.9152,-0.1219,3.9522,no,0.3701,0.8834,no,si,20.0,2017:38;2018:35;2019:36;2020:30;2021:23;2022:32;2023:52;2024:43;2025:49;2026:50,AEMET
8019,ALICANTE-ELCHE AEROPUERTO,ALICANTE,43.0,38.2828,-0.5708,4.4,litoral,<200,10,2017,2026,81,55.67,66.67,11.0,2.0182,0.1515,3.8848,si,0.4373,0.8095,no,no,18.0,2017:56;2018:56;2019:55;2020:47;2021:43;2022:61;2023:67;2024:59;2025:69;2026:72,AEMET
8472A,MONTANEJOS,CASTELLON,601.0,40.0878,-0.5469,46.4,interior,500-800,9,2017,2025,81,3.0,14.0,11.0,1.7167,0.4986,2.9347,si,0.6135,0.515,no,si,-10.0,2017:4;2018:3;2019:2;2020:2;2021:5;2022:10;2023:18;2024:8;2025:16,AEMET
9491X,ALMUDÉVAR,HUESCA,390.0,42.0294,-0.5858,168.1,interior,200-500,10,2017,2026,81,3.33,14.33,11.0,1.7455,0.7258,2.7652,si,0.6607,0.4422,no,si,14.0,2017:5;2018:1;2019:4;2020:3;2021:2;2022:16;2023:12;2024:11;2025:12;2026:20,AEMET
9550C,"ANDORRA, HORCALLANA",TERUEL,762.0,40.9744,-0.4078,91.3,interior,500-800,9,2017,2026,81,13.0,24.0,11.0,2.1897,0.2568,4.1226,si,0.5063,0.8173,no,no,19.0,2017:13;2018:8;2019:18;2020:9;2021:6;2022:25;2023:14;2025:23;2026:35,AEMET
9650X,ARTESA DE SEGRE,LLEIDA,400.0,41.8814,1.1086,83.8,interior,200-500,10,2017,2026,81,6.0,17.0,11.0,1.6485,0.0727,3.2243,si,0.4211,0.6834,no,si,22.0,2017:8;2018:6;2019:4;2020:5;2021:4;2022:10;2023:8;2024:13;2025:8;2026:30,AEMET
9771C,LLEIDA,LLEIDA,186.0,41.6261,0.5981,72.0,interior,<200,9,2017,2025,81,23.0,34.0,11.0,2.1667,-0.2439,4.5772,no,0.3923,1.0193,no,si,27.0,2017:25;2018:19;2019:25;2020:23;2021:14;2022:41;2023:30;2024:29;2025:43,AEMET
9772X,LA POBLA DE CÉRVOLES,LLEIDA,673.0,41.3661,0.9136,34.6,interior,500-800,10,2017,2026,81,18.0,29.0,11.0,2.0788,-0.0755,4.233,no,0.3823,0.9342,no,no,24.0,2017:20;2018:12;2019:22;2020:14;2021:9;2022:33;2023:28;2024:22;2025:22;2026:43,AEMET
9866C,BARBASTRO,HUESCA,305.0,42.0214,0.1406,129.6,interior,200-500,10,2017,2026,81,3.67,14.67,11.0,1.7152,0.6313,2.799,si,0.6247,0.47,no,si,15.0,2017:3;2018:4;2019:4;2020:5;2021:3;2022:13;2023:9;2024:5;2025:20;2026:19,AEMET
C439J,GÜÍMAR,SANTA CRUZ DE TENERIFE,115.0,28.3183,-16.3822,1.2,litoral,<200,10,2017,2026,81,15.67,26.67,11.0,1.6788,0.1335,3.2241,si,0.4396,0.6701,no,no,13.0,2017:20;2018:14;2019:13;2020:26;2021:16;2022:27;2023:35;2024:23;2025:23;2026:34,AEMET
1052A,MUTRIKU,GIPUZKOA,150.0,43.3172,-2.3972,0.8,litoral,<200,10,2017,2026,81,5.33,16.0,10.67,1.8,-0.4009,4.0009,no,0.3078,0.9544,no,si,24.0,2017:3;2018:6;2019:7;2020:5;2021:0;2022:14;2023:2;2024:4;2025:10;2026:34,AEMET
3519X,PLASENCIA,CACERES,415.0,40.0431,-6.0858,217.6,interior,200-500,9,2017,2025,81,34.0,44.67,10.67,1.65,-1.9826,5.2826,no,0.1415,1.536,no,no,28.0,2017:50;2018:29;2019:23;2020:38;2021:22;2022:50;2023:37;2024:42;2025:55,AEMET
4210Y,ABENÓJAR,CIUDAD REAL,718.0,38.8981,-4.2919,239.6,interior,500-800,9,2017,2026,81,14.33,25.0,10.67,1.2875,-0.8264,3.4014,no,0.2286,0.8938,no,no,19.0,2017:24;2018:7;2019:12;2021:11;2022:30;2023:15;2024:22;2025:31;2026:22,AEMET
4486X,OLIVENZA,BADAJOZ,275.0,38.6975,-7.0844,54.7,interior,200-500,10,2017,2026,81,10.67,21.33,10.67,1.1697,-1.2208,3.5601,no,0.1373,1.0366,no,no,24.0,2017:20;2018:8;2019:4;2020:22;2021:5;2022:22;2023:12;2024:11;2025:35;2026:18,AEMET
5515D,VÍZNAR,GRANADA,1258.0,37.2369,-3.5506,54.3,interior,>1200,10,2017,2026,81,25.67,36.33,10.67,1.9394,-0.6336,4.5124,no,0.2741,1.1158,no,no,31.0,2017:30;2018:8;2019:39;2020:28;2021:16;2022:34;2023:36;2024:25;2025:41;2026:43,AEMET
7023X,FUENTE ÁLAMO DE MURCIA,MURCIA,140.0,37.7264,-1.1672,16.5,litoral,<200,10,2017,2026,81,52.33,63.0,10.67,1.8061,-0.1008,3.7129,no,0.3735,0.8269,no,no,-12.0,2017:58;2018:49;2019:50;2020:38;2021:48;2022:51;2023:63;2024:58;2025:67;2026:64,AEMET
8409X,LLÍRIA,VALENCIA,198.0,39.6639,-0.6539,32.2,interior,<200,9,2017,2026,81,18.0,28.67,10.67,2.0838,-0.4081,4.5757,no,0.3585,1.0537,no,no,-25.0,2017:21;2018:22;2019:11;2020:10;2022:28;2023:41;2024:16;2025:33;2026:37,AEMET
8446Y,SAGUNT/SAGUNTO,VALENCIA,24.0,39.7008,-0.2589,5.0,litoral,<200,10,2017,2026,81,36.33,47.0,10.67,1.7394,-0.0659,3.5447,no,0.3816,0.7829,no,no,-14.0,2017:41;2018:39;2019:29;2020:33;2021:33;2022:43;2023:54;2024:40;2025:54;2026:47,AEMET
9946X,HORTA DE SANT JOAN,TARRAGONA,495.0,40.9531,0.3117,38.9,interior,200-500,9,2017,2026,81,12.33,23.0,10.67,1.9162,0.4843,3.3481,si,0.5886,0.6054,no,no,11.0,2017:12;2018:7;2019:18;2020:7;2022:18;2023:21;2024:14;2025:23;2026:32,AEMET
9961X,CABACÉS,TARRAGONA,363.0,41.2494,0.7353,30.8,interior,200-500,10,2017,2026,81,33.0,43.67,10.67,1.9091,-0.191,4.0092,no,0.3545,0.9107,no,si,24.0,2017:36;2018:30;2019:33;2020:25;2021:21;2022:45;2023:36;2024:34;2025:43;2026:54,AEMET
B870C,"CIUTADELLA, CALA GALDANA",BALEARES,43.0,39.9447,3.9567,0.6,litoral,<200,9,2017,2026,81,18.67,29.33,10.67,2.1216,-0.4656,4.7088,no,0.3495,1.094,no,no,26.0,2017:23;2018:13;2019:20;2020:9;2022:35;2023:38;2024:26;2025:19;2026:43,AEMET
C668V,AGAETE - SUERTE ALTA,LAS PALMAS,352.0,28.0944,-15.675,2.5,litoral,200-500,9,2018,2026,81,7.33,18.0,10.67,2.2,0.6468,3.7532,si,0.6158,0.6568,no,no,16.0,2018:4;2019:7;2020:11;2021:10;2022:11;2023:22;2024:12;2025:13;2026:29,AEMET
4410X,MÉRIDA,BADAJOZ,228.0,38.9158,-6.3856,93.5,interior,200-500,9,2017,2026,81,7.0,17.33,10.33,1.6083,-0.5993,3.816,no,0.2978,0.9335,no,no,17.0,2017:13;2018:7;2019:1;2021:4;2022:19;2023:11;2024:3;2025:20;2026:29,AEMET
4549Y,AYAMONTE,HUELVA,3.0,37.1947,-7.395,0.7,litoral,<200,9,2017,2026,81,26.67,37.0,10.33,1.9435,-0.6872,4.5743,no,0.3037,1.1124,no,no,19.0,2017:29;2019:21;2020:30;2021:17;2022:36;2023:52;2024:35;2025:40;2026:36,AEMET
5769X,CALA,HUELVA,618.0,37.9736,-6.3222,58.5,interior,500-800,10,2017,2026,81,9.67,20.0,10.33,1.3333,-0.0248,2.6915,no,0.3905,0.589,no,no,15.0,2017:15;2018:7;2019:7;2020:22;2021:7;2022:18;2023:22;2024:18;2025:20;2026:22,AEMET
6106X,ANTEQUERA,MALAGA,408.0,37.0294,-4.7483,45.7,interior,200-500,8,2017,2024,81,24.33,34.67,10.33,0.6071,-4.384,5.5982,no,0.0146,2.0397,no,no,-32.0,2017:47;2018:15;2019:11;2020:30;2021:22;2022:40;2023:36;2024:28,AEMET
7172X,MULA,MURCIA,255.0,38.0414,-1.4492,54.4,interior,200-500,9,2017,2025,81,33.0,43.33,10.33,1.3167,-1.4228,4.0561,no,0.1558,1.1583,no,si,23.0,2017:39;2018:30;2019:30;2020:22;2021:25;2022:28;2023:51;2024:39;2025:40,AEMET
7244X,ORIHUELA,ALICANTE,26.0,38.0678,-0.9814,26.6,litoral,<200,10,2017,2026,81,48.67,59.0,10.33,1.7091,-0.0375,3.4557,no,0.3889,0.7574,no,no,12.0,2017:55;2018:45;2019:46;2020:40;2021:43;2022:50;2023:62;2024:54;2025:64;2026:59,AEMET
8058Y,MIRAMAR,VALENCIA,12.0,38.9503,-0.1378,1.9,litoral,<200,10,2017,2026,81,61.33,71.67,10.33,1.4727,0.3546,2.5908,si,0.5356,0.4849,no,no,12.0,2017:60;2018:65;2019:59;2020:63;2021:68;2022:74;2023:69;2024:67;2025:79;2026:69,AEMET
8178D,ALBACETE,ALBACETE,674.0,39.0056,-1.8622,138.6,interior,500-800,10,2017,2026,81,19.0,29.33,10.33,1.6667,0.16,3.1733,si,0.4486,0.6534,no,no,12.0,2017:26;2018:17;2019:14;2020:17;2021:21;2022:23;2023:35;2024:24;2025:27;2026:37,AEMET
9336D,CASTEJON DE VALDEJASA,ZARAGOZA,543.0,41.9842,-0.9958,157.2,interior,500-800,10,2017,2026,81,6.67,17.0,10.33,1.6061,-0.0782,3.2904,no,0.3767,0.7304,no,no,17.0,2017:9;2018:1;2019:10;2020:8;2021:5;2022:19;2023:6;2024:10;2025:12;2026:29,AEMET
9924X,FRAGA,HUESCA,170.0,41.5247,0.3556,74.7,interior,<200,10,2017,2026,81,32.67,43.0,10.33,1.7576,-0.0704,3.5856,no,0.3806,0.7927,no,no,22.0,2017:31;2018:34;2019:33;2020:32;2021:21;2022:43;2023:35;2024:32;2025:46;2026:51,AEMET
C048W,TINAJO,LAS PALMAS,275.0,29.0425,-13.6808,4.2,litoral,200-500,10,2017,2026,81,2.0,12.33,10.33,1.7818,0.4502,3.1134,si,0.5434,0.5774,no,si,14.0,2017:4;2018:1;2019:1;2020:2;2021:3;2022:4;2023:18;2024:4;2025:12;2026:21,AEMET
C248E,ANTIGUA,LAS PALMAS,252.0,28.4169,-14.0192,9.9,litoral,200-500,8,2018,2025,81,2.0,12.33,10.33,1.7143,-0.0437,3.4723,no,0.4869,0.7184,no,si,-13.0,2018:2;2019:2;2020:2;2021:4;2022:7;2023:19;2024:6;2025:12,AEMET
C623I,"SAN BARTOLOME TIRAJANA, CUEVAS DEL PINAR",LAS PALMAS,1220.0,27.9267,-15.5997,17.1,litoral,>1200,10,2017,2026,81,31.0,41.33,10.33,1.1091,-0.5329,2.751,no,0.2327,0.712,no,si,23.0,2017:34;2018:31;2019:28;2020:51;2021:38;2022:47;2023:40;2024:41;2025:41;2026:42,AEMET
0367,GIRONA AEROPUERTO,GIRONA,143.0,41.9114,2.7631,24.0,litoral,<200,9,2017,2026,81,11.33,21.33,10.0,1.4667,0.1278,2.8055,si,0.4895,0.5661,no,no,13.0,2017:14;2018:9;2019:11;2021:4;2022:17;2023:14;2024:17;2025:20;2026:27,AEMET
3196,"MADRID, CUATRO VIENTOS",MADRID,690.0,40.3756,-3.7861,310.0,interior,500-800,10,2017,2026,81,33.67,43.67,10.0,1.7636,-0.1945,3.7218,no,0.3503,0.8491,no,no,23.0,2017:37;2018:27;2019:37;2020:32;2021:25;2022:48;2023:38;2024:35;2025:41;2026:55,AEMET
3268C,ALPEDRETE,MADRID,924.0,40.6597,-4.0175,303.9,interior,800-1200,10,2017,2026,81,13.33,23.33,10.0,1.4606,-0.2351,3.1563,no,0.3303,0.7354,no,no,18.0,2017:19;2018:4;2019:17;2020:14;2021:8;2022:26;2023:13;2024:19;2025:22;2026:29,AEMET
3526X,CORIA,CACERES,313.0,40.0036,-6.5575,202.6,interior,200-500,10,2017,2026,81,25.0,35.0,10.0,1.1697,-1.1537,3.4931,no,0.1442,1.0076,no,no,28.0,2017:34;2018:22;2019:19;2020:35;2021:14;2022:42;2023:28;2024:30;2025:42;2026:33,AEMET
4263X,VALSEQUILLO,CORDOBA,575.0,38.4094,-5.3506,142.4,interior,500-800,9,2017,2025,81,8.0,18.0,10.0,1.75,0.0006,3.4994,si,0.4443,0.7397,no,no,15.0,2017:8;2018:7;2019:9;2020:19;2021:7;2022:15;2023:11;2024:14;2025:29,AEMET
4478X,BADAJOZ,BADAJOZ,174.0,38.8861,-7.0094,75.2,interior,<200,10,2017,2026,81,8.67,18.67,10.0,1.3636,-0.4169,3.1442,no,0.2805,0.7721,no,no,18.0,2017:14;2018:9;2019:3;2020:12;2021:2;2022:20;2023:13;2024:10;2025:28;2026:18,AEMET
5702X,CARMONA,SEVILLA,50.0,37.5656,-5.7406,94.7,interior,<200,9,2017,2026,81,19.67,29.67,10.0,1.0486,-1.7911,3.8884,no,0.0983,1.2007,no,no,28.0,2017:29;2018:15;2019:15;2020:43;2022:39;2023:27;2024:18;2025:39;2026:32,AEMET
5960,JEREZ DE LA FRONTERA AEROPUERTO,CADIZ,27.0,36.7506,-6.0558,24.9,litoral,<200,10,2017,2026,81,7.0,17.0,10.0,1.4303,0.0666,2.794,si,0.4224,0.5914,no,no,15.0,2017:12;2018:4;2019:5;2020:11;2021:5;2022:18;2023:12;2024:8;2025:23;2026:20,AEMET
7002Y,ÁGUILAS,MURCIA,32.0,37.4172,-1.5869,1.7,litoral,<200,10,2017,2026,81,63.67,73.67,10.0,1.4303,0.3546,2.506,si,0.5403,0.4665,no,no,9.0,2017:69;2018:63;2019:59;2020:62;2021:64;2022:67;2023:71;2024:68;2025:77;2026:76,AEMET
7178I,MURCIA,MURCIA,62.0,38.0019,-1.1708,38.1,interior,<200,10,2017,2026,81,59.0,69.0,10.0,1.6606,0.5249,2.7963,si,0.587,0.4925,no,no,10.0,2017:60;2018:59;2019:58;2020:53;2021:54;2022:64;2023:67;2024:64;2025:71;2026:72,AEMET
8416Y,"VALÈNCIA, VIVEROS",VALENCIA,13.0,39.4808,-0.3661,4.0,litoral,<200,9,2017,2025,81,58.67,68.67,10.0,1.6167,0.1566,3.0767,si,0.4949,0.6174,no,no,13.0,2017:61;2018:60;2019:55;2020:61;2021:55;2022:68;2023:68;2024:64;2025:74,AEMET
9299X,TARAZONA,ZARAGOZA,475.0,41.915,-1.7233,154.0,interior,200-500,10,2017,2026,81,2.33,12.33,10.0,1.5273,0.476,2.5785,si,0.5838,0.4559,no,no,13.0,2017:3;2018:2;2019:2;2020:2;2021:2;2022:15;2023:5;2024:7;2025:12;2026:18,AEMET
C635B,"SAN BARTOLOME TIRAJANA, LAS TIRAJANAS",LAS PALMAS,960.0,27.92,-15.5742,15.4,litoral,800-1200,10,2017,2026,81,27.67,37.67,10.0,1.0182,-0.6917,2.7281,no,0.1907,0.7415,no,si,24.0,2017:34;2018:27;2019:22;2020:46;2021:33;2022:43;2023:36;2024:38;2025:36;2026:39,AEMET
0009X,ALFORJA,TARRAGONA,406.0,41.2139,0.9633,17.2,litoral,200-500,8,2017,2026,81,5.0,14.67,9.67,1.5894,0.5154,2.6634,si,0.6861,0.4389,no,si,9.0,2017:5;2018:6;2019:4;2020:3;2022:6;2023:9;2025:13;2026:22,AEMET
0294B,LA BISBAL (D'EMPORDA 3),GIRONA,51.0,41.9678,3.0422,13.1,litoral,<200,9,2017,2025,81,22.33,32.0,9.67,1.8333,-0.3633,4.03,no,0.3576,0.9288,no,si,23.0,2017:24;2018:18;2019:25;2020:18;2021:12;2022:35;2023:32;2024:27;2025:37,AEMET
1208H,"GIJÓN, PUERTO",ASTURIAS,5.0,43.5597,-5.7008,0.9,litoral,<200,10,2017,2026,81,5.33,15.0,9.67,1.5879,0.1473,3.0285,si,0.4468,0.6247,no,si,17.0,2017:1;2018:10;2019:5;2020:5;2021:0;2022:7;2023:9;2024:10;2025:9;2026:26,AEMET
3200,GETAFE,MADRID,620.0,40.2994,-3.7222,302.5,interior,500-800,10,2017,2026,81,38.0,47.67,9.67,1.6727,-0.5398,3.8852,no,0.2753,0.9595,no,no,24.0,2017:43;2018:31;2019:40;2020:42;2021:28;2022:52;2023:45;2024:39;2025:42;2026:62,AEMET
4489X,ALCONCHEL,BADAJOZ,170.0,38.4847,-7.2819,39.2,interior,<200,10,2017,2026,81,9.0,18.67,9.67,1.1636,-0.5058,2.833,no,0.2441,0.7239,no,no,17.0,2017:14;2018:8;2019:5;2020:16;2021:4;2022:17;2023:12;2024:12;2025:29;2026:15,AEMET
4622X,VILLARRASA,HUELVA,145.0,37.4508,-6.6367,39.2,interior,<200,10,2017,2026,81,5.0,14.67,9.67,1.3697,0.1104,2.629,si,0.4402,0.5461,no,no,16.0,2017:9;2018:4;2019:2;2020:13;2021:9;2022:11;2023:16;2024:5;2025:21;2026:18,AEMET
8057C,PEGO,ALICANTE,60.0,38.8467,-0.1183,7.0,litoral,<200,10,2017,2026,81,59.67,69.33,9.67,1.4727,0.2369,2.7086,si,0.4856,0.5359,no,no,14.0,2017:58;2018:65;2019:56;2020:60;2021:58;2022:72;2023:68;2024:65;2025:75;2026:68,AEMET
0042Y,TARRAGONA,TARRAGONA,55.0,41.1239,1.2492,1.5,litoral,<200,9,2017,2026,81,48.67,58.0,9.33,1.4118,0.4285,2.395,si,0.6223,0.4157,no,no,8.0,2017:49;2018:51;2019:46;2020:47;2021:45;2022:53;2023:55;2025:60;2026:59,AEMET
1024E,"DONOSTIA / SAN SEBASTIÁN, IGELDO",GIPUZKOA,250.0,43.3064,-2.0411,0.4,litoral,200-500,10,2017,2026,81,2.67,12.0,9.33,1.4788,-0.1319,3.0895,no,0.3591,0.6985,no,si,20.0,2017:3;2018:3;2019:2;2020:2;2021:0;2022:6;2023:2;2024:4;2025:6;2026:26,AEMET
1111X,SANTANDER,CANTABRIA,51.0,43.4911,-3.8006,0.9,litoral,<200,10,2017,2026,81,3.33,12.67,9.33,1.4061,-0.0757,2.8878,no,0.3744,0.6426,no,no,17.0,2017:0;2018:8;2019:2;2020:5;2021:0;2022:7;2023:2;2024:7;2025:7;2026:24,AEMET
4103X,TOMELLOSO,CIUDAD REAL,662.0,39.1692,-3.0075,230.0,interior,500-800,9,2018,2026,81,13.0,22.33,9.33,1.8333,0.6054,3.0613,si,0.6404,0.5192,no,no,10.0,2018:10;2019:15;2020:14;2021:12;2022:18;2023:27;2024:21;2025:18;2026:28,AEMET
4300Y,ALMADÉN,CIUDAD REAL,535.0,38.7753,-4.8453,194.9,interior,500-800,10,2017,2026,81,37.33,46.67,9.33,1.3212,-0.8135,3.4559,no,0.2029,0.9257,no,no,-20.0,2017:50;2018:30;2019:32;2020:46;2021:35;2022:50;2023:49;2024:36;2025:51;2026:53,AEMET
5394X,"CÓRDOBA, EMBALSE DE GUADANUÑO",CORDOBA,525.0,38.0208,-4.7967,148.0,interior,500-800,9,2017,2026,81,11.0,20.33,9.33,1.2284,-0.6262,3.083,no,0.2596,0.7842,no,no,18.0,2017:19;2018:8;2019:6;2020:24;2022:27;2023:26;2024:15;2025:22;2026:24,AEMET
7250C,ABANILLA,MURCIA,174.0,38.1944,-1.0339,35.0,interior,<200,10,2017,2026,81,27.33,36.67,9.33,1.7636,-0.5803,4.1076,no,0.2734,1.0164,no,no,24.0,2017:32;2018:27;2019:23;2020:15;2021:20;2022:22;2023:46;2024:29;2025:43;2026:38,AEMET
9513X,MUNIESA,TERUEL,800.0,41.0311,-0.8056,123.8,interior,800-1200,10,2017,2026,81,4.0,13.33,9.33,1.503,0.5362,2.4699,si,0.6163,0.4193,no,no,12.0,2017:2;2018:3;2019:7;2020:1;2021:2;2022:14;2023:7;2024:12;2025:10;2026:18,AEMET
B605X,"MURO, S'ALBUFERA",BALEARES,2.0,39.7967,3.1047,2.2,litoral,<200,10,2017,2026,81,23.33,32.67,9.33,1.7212,0.198,3.2445,si,0.4591,0.6606,no,no,12.0,2017:26;2018:24;2019:20;2020:16;2021:28;2022:35;2023:39;2024:27;2025:32;2026:39,AEMET
C029O,LANZAROTE AEROPUERTO,LAS PALMAS,14.0,28.9519,-13.6003,1.0,litoral,<200,10,2017,2026,81,44.67,54.0,9.33,1.3636,-2.1459,4.8732,no,0.0912,1.5219,no,no,31.0,2017:59;2018:33;2019:42;2020:64;2021:34;2022:44;2023:75;2024:46;2025:60;2026:56,AEMET
C648N,"TELDE, CENTRO FORESTAL DORAMAS",LAS PALMAS,344.0,27.9875,-15.4578,7.4,litoral,200-500,10,2017,2026,81,13.67,23.0,9.33,1.303,-0.3676,2.9737,no,0.2879,0.7245,no,si,-19.0,2017:24;2018:5;2019:12;2020:14;2021:17;2022:13;2023:21;2024:19;2025:18;2026:32,AEMET
0034X,VALLS,TARRAGONA,233.0,41.2931,1.2608,18.3,litoral,200-500,10,2017,2026,81,16.33,25.33,9.0,1.7091,0.2162,3.202,si,0.4656,0.6474,no,no,10.0,2017:17;2018:13;2019:19;2020:12;2021:9;2022:19;2023:27;2024:17;2025:25;2026:34,AEMET
0092X,BERGA,BARCELONA,682.0,42.1014,1.8575,30.0,interior,500-800,10,2017,2026,81,5.67,14.67,9.0,1.5758,0.4664,2.6851,si,0.5728,0.4811,no,no,12.0,2017:6;2018:6;2019:5;2020:2;2021:4;2022:9;2023:16;2024:10;2025:11;2026:23,AEMET
0200E,"BARCELONA, FABRA",BARCELONA,408.0,41.4183,2.1242,6.3,litoral,200-500,10,2017,2026,81,41.0,50.0,9.0,1.8121,-0.6223,4.2466,no,0.2692,1.0557,no,no,25.0,2017:41;2018:40;2019:42;2020:38;2021:27;2022:52;2023:45;2024:34;2025:51;2026:65,AEMET
0244X,VILASSAR DE DALT,BARCELONA,56.0,41.505,2.3625,0.8,litoral,<200,8,2017,2026,81,52.67,61.67,9.0,1.5,-0.2956,3.2956,no,0.4105,0.7338,no,no,17.0,2017:55;2018:51;2019:52;2021:55;2022:64;2024:49;2025:66;2026:70,AEMET
1012P,IRUN,GIPUZKOA,120.0,43.3264,-1.7967,2.0,litoral,<200,10,2017,2026,81,6.33,15.33,9.0,1.4848,-0.3216,3.2913,no,0.3099,0.7834,no,si,21.0,2017:3;2018:9;2019:7;2020:7;2021:1;2022:12;2023:4;2024:7;2025:9;2026:30,AEMET
7275C,YECLA,MURCIA,640.0,38.6017,-1.1597,63.9,interior,500-800,9,2017,2026,81,5.67,14.67,9.0,1.3703,0.5478,2.1928,si,0.6892,0.3478,no,no,9.0,2017:8;2018:4;2019:5;2020:4;2021:7;2023:12;2024:9;2025:18;2026:17,AEMET
8500A,CASTELLÓ - ALMASSORA,CASTELLON,43.0,39.9572,-0.0719,6.4,litoral,<200,10,2017,2026,81,57.67,66.67,9.0,1.3879,0.2384,2.5373,si,0.4921,0.4985,no,no,14.0,2017:56;2018:61;2019:56;2020:57;2021:52;2022:66;2023:63;2024:62;2025:72;2026:66,AEMET
9756X,BENABARRE,HUESCA,765.0,42.1125,0.48,108.4,interior,500-800,10,2017,2026,81,1.67,10.67,9.0,1.3879,0.5364,2.2394,si,0.6385,0.3692,no,si,14.0,2017:1;2018:2;2019:2;2020:3;2021:4;2022:8;2023:7;2024:8;2025:5;2026:19,AEMET
9981A,ESTACIÓN DE TORTOSA (ROQUETES),TARRAGONA,50.0,40.8203,0.4933,21.6,litoral,<200,10,2017,2026,81,49.67,58.67,9.0,1.6121,-0.4141,3.6384,no,0.2961,0.8787,no,no,23.0,2017:49;2018:53;2019:47;2020:46;2021:35;2022:58;2023:56;2024:48;2025:66;2026:62,AEMET
C629Q,"MOGÁN, PUERTO RICO",LAS PALMAS,10.0,27.78,-15.7111,0.1,litoral,<200,10,2017,2026,81,67.0,76.0,9.0,1.1697,-0.8991,3.2385,no,0.1752,0.8972,si,no,-23.0,2017:77;2018:54;2019:70;2020:79;2021:62;2022:76;2023:81;2024:77;2025:75;2026:76,AEMET
1082,BILBAO AEROPUERTO,BIZKAIA,42.0,43.2981,-2.9064,12.7,litoral,<200,10,2017,2026,81,3.67,12.33,8.67,1.2667,0.1436,2.3897,si,0.4582,0.487,no,no,10.0,2017:3;2018:4;2019:4;2020:3;2021:1;2022:6;2023:1;2024:7;2025:10;2026:20,AEMET
4067,MADRIDEJOS,TOLEDO,690.0,39.4919,-3.5283,275.3,interior,500-800,8,2017,2026,81,7.67,16.33,8.67,1.5071,0.1944,2.8199,si,0.5681,0.5365,no,no,11.0,2017:10;2018:1;2020:12;2021:9;2022:20;2023:12;2025:18;2026:19,AEMET
4395X,VILLAFRANCA DE LOS BARROS,BADAJOZ,430.0,38.5517,-6.3067,69.1,interior,200-500,10,2017,2026,81,6.33,15.0,8.67,1.0485,0.0994,1.9976,si,0.4479,0.4116,no,no,10.0,2017:9;2018:7;2019:3;2020:13;2021:6;2022:12;2023:10;2024:11;2025:20;2026:14,AEMET
5107D,DÓLAR,GRANADA,1197.0,37.18,-2.9864,47.8,interior,800-1200,10,2017,2026,81,6.0,14.67,8.67,1.1212,0.0263,2.2161,si,0.4107,0.4748,no,no,-11.0,2017:13;2018:2;2019:3;2020:12;2021:9;2022:17;2023:15;2024:14;2025:13;2026:17,AEMET
5361X,MONTORO,CORDOBA,155.0,38.0133,-4.3303,142.2,interior,<200,10,2017,2026,81,17.33,26.0,8.67,0.9152,-0.9544,2.7847,no,0.1374,0.8107,no,no,-18.0,2017:27;2018:9;2019:16;2020:33;2021:26;2022:27;2023:25;2024:19;2025:33;2026:26,AEMET
6155A,MÁLAGA AEROPUERTO,MALAGA,7.0,36.6661,-4.4822,2.1,litoral,<200,10,2017,2026,81,58.67,67.33,8.67,1.4606,-0.2102,3.1315,no,0.3368,0.7246,no,no,16.0,2017:65;2018:54;2019:57;2020:59;2021:52;2022:68;2023:68;2024:57;2025:72;2026:73,AEMET
7247X,EL PINÓS/PINOSO,ALICANTE,577.0,38.3997,-1.0381,44.5,interior,500-800,10,2017,2026,81,1.67,10.33,8.67,1.3091,0.6989,1.9193,si,0.7536,0.2646,no,no,7.0,2017:1;2018:0;2019:4;2020:2;2021:8;2022:3;2023:9;2024:6;2025:13;2026:12,AEMET
9510X,QUINTO,ZARAGOZA,205.0,41.4292,-0.5039,123.8,interior,200-500,10,2017,2026,81,25.33,34.0,8.67,1.7152,-0.4677,3.898,no,0.291,0.9466,no,no,22.0,2017:25;2018:28;2019:23;2020:15;2021:12;2022:34;2023:28;2024:24;2025:32;2026:46,AEMET
B603X,ARTÀ-COLÒNIA DE SANT PERE,BALEARES,99.0,39.7231,3.2786,1.1,litoral,<200,8,2018,2026,81,51.0,59.67,8.67,1.5833,0.0494,3.1172,si,0.5153,0.6268,no,no,14.0,2018:51;2019:54;2020:48;2021:50;2023:61;2024:52;2025:66;2026:61,AEMET
C458A,TACORONTE,SANTA CRUZ DE TENERIFE,310.0,28.4964,-16.42,0.4,litoral,200-500,10,2017,2026,81,1.33,10.0,8.67,1.3697,0.3509,2.3885,si,0.5458,0.4418,no,si,13.0,2017:4;2018:0;2019:0;2020:2;2021:3;2022:3;2023:16;2024:9;2025:7;2026:14,AEMET
0073X,SITGES,BARCELONA,58.0,41.2439,1.8525,0.5,litoral,<200,10,2017,2026,81,41.67,50.0,8.33,1.6182,-0.3171,3.5535,no,0.3173,0.8393,no,no,22.0,2017:41;2018:39;2019:45;2020:40;2021:33;2022:44;2023:47;2024:34;2025:56;2026:60,AEMET
3338,ROBLEDO DE CHAVELA,MADRID,770.0,40.4286,-4.2486,329.3,interior,500-800,9,2017,2026,81,15.67,24.0,8.33,1.7721,-0.8234,4.3675,no,0.2714,1.0974,no,no,30.0,2017:20;2018:7;2019:20;2020:15;2021:6;2022:36;2023:14;2025:25;2026:33,AEMET
5530E,GRANADA AEROPUERTO,GRANADA,560.0,37.1903,-3.7897,49.0,interior,500-800,10,2017,2026,81,3.33,11.67,8.33,1.1758,0.5699,1.7816,si,0.7146,0.2627,no,no,-6.0,2017:6;2018:0;2019:4;2020:8;2021:7;2022:7;2023:11;2024:8;2025:12;2026:15,AEMET
6000A,MELILLA,MELILLA,52.0,35.2764,-2.9564,0.5,litoral,<200,10,2017,2026,81,61.67,70.0,8.33,1.2848,-0.957,3.5267,no,0.1792,0.9722,no,no,21.0,2017:75;2018:55;2019:55;2020:63;2021:60;2022:71;2023:71;2024:56;2025:77;2026:77,AEMET
6042I,JIMENA DE LA FRONTERA,CADIZ,42.0,36.4356,-5.395,16.5,litoral,<200,10,2017,2026,81,4.67,13.0,8.33,1.1818,0.0866,2.277,si,0.4363,0.4749,no,si,16.0,2017:7;2018:2;2019:5;2020:11;2021:10;2022:12;2023:11;2024:11;2025:6;2026:22,AEMET
7121A,CALASPARRA,MURCIA,350.0,38.2342,-1.7022,81.4,interior,200-500,10,2017,2026,81,36.33,44.67,8.33,1.5515,-0.9181,4.0212,no,0.2078,1.071,no,no,18.0,2017:44;2018:33;2019:32;2020:21;2021:22;2022:29;2023:47;2024:40;2025:44;2026:50,AEMET
8175,ALBACETE BASE AÉREA,ALBACETE,702.0,38.9542,-1.8564,135.8,interior,500-800,10,2017,2026,81,9.33,17.67,8.33,1.2667,-0.1699,2.7032,no,0.3407,0.623,no,no,12.0,2017:17;2018:8;2019:3;2020:8;2021:9;2022:18;2023:19;2024:15;2025:13;2026:25,AEMET
8395X,CHELVA,VALENCIA,515.0,39.7533,-0.9936,62.8,interior,500-800,9,2017,2026,81,8.0,16.33,8.33,1.2941,-0.0793,2.6675,no,0.415,0.5807,no,no,10.0,2017:12;2018:6;2020:6;2021:6;2022:16;2023:21;2024:11;2025:21;2026:17,AEMET
B496X,SON SERVERA,BALEARES,25.0,39.6303,3.3836,1.4,litoral,<200,9,2017,2026,81,31.0,39.33,8.33,1.4919,-0.5915,3.5753,no,0.2907,0.8809,no,no,17.0,2017:35;2019:32;2020:26;2021:28;2022:40;2023:43;2024:31;2025:35;2026:52,AEMET
C329Z,SAN SEBASTIÁN DE LA GOMERA,SANTA CRUZ DE TENERIFE,15.0,28.0897,-17.1114,0.1,litoral,<200,10,2017,2026,81,67.67,76.0,8.33,0.7333,-1.3091,2.7757,no,0.0789,0.8857,si,si,-25.0,2017:81;2018:56;2019:66;2020:79;2021:71;2022:75;2023:77;2024:80;2025:79;2026:69,AEMET
C619Y,LA ALDEA DE SAN NICOLÁS,LAS PALMAS,13.0,28.0011,-15.8075,1.0,litoral,<200,10,2017,2026,81,52.67,61.0,8.33,1.0485,-0.8628,2.9598,no,0.1667,0.8288,no,no,18.0,2017:58;2018:48;2019:52;2020:67;2021:51;2022:69;2023:69;2024:63;2025:64;2026:56,AEMET
3516X,PIORNAL,CACERES,1260.0,40.1208,-5.8325,234.0,interior,>1200,10,2017,2026,81,4.33,12.33,8.0,0.9091,-0.0143,1.8324,no,0.3918,0.4004,no,no,-9.0,2017:7;2018:5;2019:1;2020:7;2021:6;2022:13;2023:4;2024:12;2025:15;2026:10,AEMET
5210X,VILLANUEVA DEL ARZOBISPO,JAEN,680.0,38.175,-2.9981,147.8,interior,500-800,9,2017,2026,81,33.0,41.0,8.0,1.1887,-1.1942,3.5716,no,0.1659,1.0076,no,no,18.0,2017:40;2019:23;2020:36;2021:24;2022:42;2023:35;2024:33;2025:50;2026:40,AEMET
7072Y,YESTE,ALBACETE,960.0,38.295,-2.2939,115.3,interior,800-1200,9,2017,2026,81,9.67,17.67,8.0,1.2568,-0.2059,2.7194,no,0.371,0.6184,no,no,-12.0,2017:15;2018:3;2019:11;2020:5;2022:7;2023:17;2024:16;2025:13;2026:24,AEMET
9171K,LOS ARCOS,NAVARRA,470.0,42.5703,-2.1839,80.0,interior,200-500,10,2017,2026,81,2.33,10.33,8.0,1.2,0.2102,2.1898,si,0.4942,0.4292,no,no,-9.0,2017:2;2018:0;2019:5;2020:3;2021:2;2022:10;2023:1;2024:6;2025:8;2026:17,AEMET
0385X,L'ESTARTIT,GIRONA,1.0,42.0539,3.2014,0.7,litoral,<200,9,2017,2026,81,49.0,56.67,7.67,1.2635,-0.2454,2.7724,no,0.3591,0.638,no,no,18.0,2017:51;2018:48;2019:48;2020:53;2022:61;2023:57;2024:45;2025:63;2026:62,AEMET
1060X,AMURRIO,ARABA/ALAVA,240.0,43.0503,-3.0056,34.6,interior,200-500,10,2017,2026,81,0.33,8.0,7.67,1.103,0.2628,1.9433,si,0.5339,0.3644,no,no,6.0,2017:0;2018:1;2019:0;2020:2;2021:0;2022:3;2023:0;2024:2;2025:8;2026:14,AEMET
2140A,ALDEANUEVA DE SERREZUELA,SEGOVIA,1135.0,41.4644,-3.7858,215.7,interior,800-1200,10,2017,2026,81,7.0,14.67,7.67,0.9879,-0.4188,2.3945,no,0.2469,0.61,no,no,-18.0,2017:10;2018:4;2019:7;2020:7;2021:5;2022:22;2023:4;2024:14;2025:16;2026:14,AEMET
2465,SEGOVIA,SEGOVIA,1008.0,40.9453,-4.1264,271.9,interior,800-1200,10,2017,2026,81,6.67,14.33,7.67,1.0545,-0.5757,2.6848,no,0.2176,0.707,no,no,-20.0,2017:10;2018:2;2019:8;2020:9;2021:4;2022:23;2023:3;2024:9;2025:17;2026:17,AEMET
3422D,CANDELEDA,AVILA,350.0,40.1392,-5.3114,257.8,interior,200-500,10,2017,2026,81,10.0,17.67,7.67,0.8121,-0.6845,2.3087,no,0.1637,0.649,no,no,15.0,2017:15;2018:8;2019:7;2020:13;2021:4;2022:19;2023:7;2024:17;2025:23;2026:13,AEMET
4511C,JEREZ DE LOS CABALLEROS,BADAJOZ,381.0,38.2986,-6.765,20.3,litoral,200-500,9,2018,2026,81,9.67,17.33,7.67,1.7,-0.3074,3.7074,no,0.3643,0.8488,no,no,18.0,2018:6;2019:5;2020:18;2021:5;2022:23;2023:20;2024:11;2025:24;2026:17,AEMET
7203A,"LORCA, ZARCILLA DE RAMOS",MURCIA,646.0,37.8447,-1.8697,53.2,interior,500-800,10,2017,2026,81,10.33,18.0,7.67,1.2667,-0.0171,2.5504,no,0.3929,0.5567,no,no,12.0,2017:14;2018:8;2019:9;2020:7;2021:17;2022:9;2023:21;2024:14;2025:14;2026:26,AEMET
8072Y,BARX,VALENCIA,340.0,39.0169,-0.3047,9.8,litoral,200-500,9,2017,2026,81,21.67,29.33,7.67,1.5458,-0.5609,3.6526,no,0.3008,0.8908,no,si,-22.0,2017:22;2018:23;2019:20;2021:14;2022:26;2023:43;2024:21;2025:32;2026:35,AEMET
9145Y,CENICERO,LA RIOJA,429.0,42.4828,-2.6394,93.5,interior,200-500,10,2017,2026,81,4.0,11.67,7.67,1.2242,-0.0652,2.5137,no,0.3747,0.5592,no,si,17.0,2017:4;2018:2;2019:6;2020:3;2021:0;2022:6;2023:4;2024:8;2025:5;2026:22,AEMET
B334X,LLUCMAJOR,BALEARES,140.0,39.4956,2.8917,13.2,litoral,<200,10,2017,2026,81,41.33,49.0,7.67,1.5455,-0.2494,3.3403,no,0.3301,0.7784,no,no,15.0,2017:45;2018:34;2019:45;2020:36;2021:40;2022:55;2023:49;2024:40;2025:47;2026:60,AEMET
B860X,CIUTADELLA,BALEARES,20.0,39.9928,3.8539,2.1,litoral,<200,10,2017,2026,81,48.33,56.0,7.67,1.5818,-0.1129,3.2765,no,0.3667,0.7349,no,no,16.0,2017:49;2018:48;2019:48;2020:39;2021:47;2022:63;2023:57;2024:47;2025:58;2026:63,AEMET
C319W,"VALLEHERMOSO, DAMA",SANTA CRUZ DE TENERIFE,190.0,28.0542,-17.3064,0.9,litoral,<200,10,2017,2026,81,11.33,19.0,7.67,1.3636,-1.034,3.7613,no,0.177,1.0397,no,no,-27.0,2017:22;2018:6;2019:6;2020:13;2021:13;2022:16;2023:38;2024:11;2025:26;2026:20,AEMET
C449C,STA.CRUZ DE TENERIFE,SANTA CRUZ DE TENERIFE,36.0,28.4633,-16.2553,0.6,litoral,<200,10,2017,2026,81,63.0,70.67,7.67,0.8364,-1.5007,3.1734,no,0.0785,1.0135,no,no,-27.0,2017:75;2018:48;2019:66;2020:77;2021:64;2022:71;2023:79;2024:74;2025:73;2026:65,AEMET
0016A,REUS AEROPUERTO,TARRAGONA,71.0,41.145,1.1636,6.8,litoral,<200,10,2017,2026,81,44.0,51.33,7.33,1.497,-1.4271,4.4211,no,0.1484,1.268,no,no,21.0,2017:48;2018:46;2019:38;2020:30;2021:22;2022:40;2023:45;2024:36;2025:57;2026:61,AEMET
1083L,CASTRO URDIALES,CANTABRIA,45.0,43.3947,-3.2339,0.6,litoral,<200,8,2017,2026,81,2.67,10.0,7.33,1.5084,0.297,2.7198,si,0.6074,0.4951,no,no,14.0,2017:1;2018:2;2019:5;2020:8;2021:1;2022:8;2023:4;2026:18,AEMET
2512Y,RIVILLA DE BARAJAS,AVILA,925.0,40.8822,-5.0186,280.8,interior,800-1200,10,2017,2026,81,2.0,9.33,7.33,0.9515,-0.0211,1.9241,no,0.3888,0.4218,no,no,11.0,2017:2;2018:3;2019:1;2020:4;2021:3;2022:10;2023:2;2024:5;2025:16;2026:7,AEMET
3547X,VALVERDE DEL FRESNO,CACERES,450.0,40.2072,-6.8961,222.2,interior,200-500,10,2017,2026,81,20.67,28.0,7.33,0.8909,-0.4968,2.2786,no,0.215,0.6018,no,no,-14.0,2017:29;2018:15;2019:18;2020:24;2021:14;2022:24;2023:27;2024:28;2025:30;2026:26,AEMET
7211B,PUERTO LUMBRERAS,MURCIA,445.0,37.5681,-1.7972,25.1,litoral,200-500,10,2017,2026,81,54.0,61.33,7.33,1.6121,-0.9863,4.2105,no,0.2037,1.1268,no,no,24.0,2017:59;2018:50;2019:53;2020:43;2021:34;2022:58;2023:63;2024:49;2025:66;2026:69,AEMET
9808X,"AÍNSA-SOBRARBE, LA SERRETA",HUESCA,610.0,42.4217,0.1381,127.6,interior,500-800,9,2018,2026,81,2.0,9.33,7.33,1.45,-0.1931,3.0931,no,0.3836,0.6948,no,si,20.0,2018:1;2019:1;2020:4;2021:3;2022:10;2023:6;2024:6;2025:1;2026:21,AEMET
C019V,YAIZA PLAYA BLANCA,LAS PALMAS,6.0,28.8589,-13.835,0.5,litoral,<200,10,2017,2026,81,51.33,58.67,7.33,1.0545,-2.2971,4.4062,no,0.0617,1.4534,no,no,-30.0,2017:66;2018:39;2019:49;2020:72;2021:42;2022:59;2023:77;2024:49;2025:67;2026:60,AEMET
C129V,FUENCALIENTE,SANTA CRUZ DE TENERIFE,19.0,28.455,-17.8411,0.6,litoral,<200,10,2017,2026,81,58.67,66.0,7.33,0.8,-1.0544,2.6544,no,0.1101,0.8042,no,no,15.0,2017:64;2018:52;2019:60;2020:73;2021:60;2022:60;2023:75;2024:69;2025:70;2026:59,AEMET
C625O,"SAN BARTOLOME TIRAJANA, LOMO PEDRO ALFONSO",LAS PALMAS,806.0,27.8569,-15.645,10.5,litoral,800-1200,10,2017,2026,81,26.67,34.0,7.33,0.6606,-1.0237,2.3449,no,0.0928,0.7304,no,no,16.0,2017:35;2018:20;2019:25;2020:41;2021:28;2022:40;2023:32;2024:37;2025:33;2026:32,AEMET
0222X,CALDES DE MONTBUI,BARCELONA,175.0,41.6128,2.1683,18.0,litoral,<200,10,2017,2026,81,11.67,18.67,7.0,1.3818,-0.221,2.9847,no,0.3307,0.6951,no,no,17.0,2017:13;2018:11;2019:11;2020:11;2021:5;2022:17;2023:22;2024:11;2025:14;2026:31,AEMET
1690A,OURENSE,OURENSE,146.0,42.3253,-7.8597,34.8,interior,<200,10,2017,2026,81,1.67,8.67,7.0,0.9879,0.2034,1.7724,si,0.5131,0.3402,no,no,8.0,2017:3;2018:2;2019:0;2020:0;2021:0;2022:6;2023:4;2024:10;2025:4;2026:12,AEMET
3330Y,ROZAS DE PUERTO REAL,MADRID,890.0,40.3131,-4.4872,316.8,interior,800-1200,10,2017,2026,81,6.33,13.33,7.0,0.9697,0.2978,1.6416,si,0.5807,0.2914,no,si,10.0,2017:7;2018:5;2019:7;2020:8;2021:6;2022:16;2023:9;2024:13;2025:14;2026:13,AEMET
4427X,ZAFRA,BADAJOZ,433.0,38.4258,-6.4367,52.1,interior,200-500,10,2017,2026,81,8.33,15.33,7.0,0.9212,-0.3967,2.2392,no,0.2451,0.5715,no,no,15.0,2017:12;2018:7;2019:6;2020:14;2021:5;2022:20;2023:12;2024:10;2025:22;2026:14,AEMET
4468X,PUEBLA DE OBANDO,BADAJOZ,392.0,39.1767,-6.6008,112.2,interior,200-500,10,2017,2026,81,11.33,18.33,7.0,0.6667,-1.0292,2.3625,no,0.0932,0.7354,no,no,17.0,2017:20;2018:11;2019:3;2020:20;2021:5;2022:16;2023:18;2024:18;2025:23;2026:14,AEMET
5060X,VÉLEZ BLANCO - TOPARES,ALMERIA,1190.0,37.8608,-2.2281,74.0,interior,800-1200,10,2017,2026,81,3.0,10.0,7.0,1.0242,0.1805,1.868,si,0.4948,0.3659,no,no,9.0,2017:6;2018:0;2019:3;2020:5;2021:8;2022:4;2023:13;2024:10;2025:6;2026:14,AEMET
6175X,RINCÓN DE LA VICTORIA,MALAGA,7.0,36.715,-4.2861,0.7,litoral,<200,9,2017,2026,81,61.0,68.0,7.0,1.329,-0.8848,3.5429,no,0.2236,0.9361,no,si,25.0,2017:67;2018:57;2019:59;2020:58;2021:55;2022:62;2023:67;2024:56;2026:81,AEMET
8096,CUENCA,CUENCA,949.0,40.0672,-2.1319,165.9,interior,800-1200,10,2017,2026,81,9.67,16.67,7.0,1.0,-0.5712,2.5712,no,0.2121,0.6814,no,no,17.0,2017:15;2018:3;2019:11;2020:9;2021:7;2022:24;2023:12;2024:20;2025:10;2026:20,AEMET
B278,"PALMA DE MALLORCA, AEROPUERTO",BALEARES,5.0,39.5608,2.7367,3.3,litoral,<200,10,2017,2026,81,34.33,41.33,7.0,1.4424,-0.194,3.0788,no,0.3406,0.7096,no,no,-14.0,2017:37;2018:30;2019:36;2020:22;2021:28;2022:37;2023:46;2024:39;2025:40;2026:45,AEMET
B800X,"LA MOLA, MAÓ",BALEARES,78.0,39.8761,4.3239,1.3,litoral,<200,10,2017,2026,81,54.67,61.67,7.0,1.1758,0.1154,2.2361,si,0.4497,0.4598,no,no,12.0,2017:58;2018:51;2019:55;2020:53;2021:59;2022:63;2023:64;2024:55;2025:67;2026:63,AEMET
B954,"IBIZA, AEROPUERTO",BALEARES,6.0,38.8764,1.3844,1.4,litoral,<200,10,2017,2026,81,53.33,60.33,7.0,1.2364,0.1671,2.3056,si,0.4706,0.4637,no,no,11.0,2017:55;2018:51;2019:54;2020:51;2021:53;2022:52;2023:63;2024:53;2025:63;2026:65,AEMET
B957,EIVISSA,BALEARES,3.0,38.9225,1.4414,0.3,litoral,<200,10,2017,2026,81,47.33,54.33,7.0,1.4667,-0.0141,2.9474,no,0.3947,0.6421,no,no,-11.0,2017:48;2018:43;2019:51;2020:40;2021:42;2022:49;2023:56;2024:46;2025:54;2026:63,AEMET
3260B,TOLEDO,TOLEDO,513.0,39.8847,-4.0453,313.8,interior,500-800,10,2017,2026,81,37.67,44.33,6.67,1.2545,-0.7499,3.259,no,0.2066,0.8692,no,si,25.0,2017:42;2018:31;2019:40;2020:37;2021:22;2022:47;2023:43;2024:37;2025:45;2026:51,AEMET
4260,PERALEDA DEL ZAUCEJO,BADAJOZ,542.0,38.4797,-5.5775,124.5,interior,500-800,10,2017,2026,81,4.67,11.33,6.67,0.8606,-0.3346,2.0558,no,0.2563,0.5183,no,no,-13.0,2017:7;2018:1;2019:6;2020:18;2021:5;2022:10;2023:13;2024:9;2025:9;2026:16,AEMET
9252X,OLITE/ERRIBERRI,NAVARRA,390.0,42.4892,-1.6556,90.2,interior,200-500,10,2017,2026,81,3.0,9.67,6.67,1.0788,-0.022,2.1796,no,0.3897,0.4773,no,si,13.0,2017:1;2018:5;2019:3;2020:0;2021:0;2022:4;2023:2;2024:6;2025:5;2026:18,AEMET
9427X,LA ALMUNIA DE DOÑA GODINA,ZARAGOZA,370.0,41.4811,-1.3808,190.1,interior,200-500,10,2017,2026,81,7.33,14.0,6.67,1.2485,-0.2072,2.7042,no,0.3284,0.6313,no,no,17.0,2017:8;2018:5;2019:9;2020:2;2021:2;2022:19;2023:11;2024:12;2025:8;2026:22,AEMET
9495Y,LECIÑENA,ZARAGOZA,405.0,41.7967,-0.6172,155.1,interior,200-500,10,2017,2026,81,10.33,17.0,6.67,1.2242,-0.2174,2.6659,no,0.324,0.6252,no,no,17.0,2017:11;2018:6;2019:14;2020:10;2021:5;2022:22;2023:13;2024:11;2025:14;2026:26,AEMET
9975X,RASQUERA,TARRAGONA,112.0,41.005,0.6136,20.2,litoral,<200,8,2017,2026,81,33.33,40.0,6.67,1.0695,-1.1524,3.2915,no,0.1878,0.908,no,si,21.0,2017:37;2018:36;2020:27;2021:21;2023:42;2024:34;2025:40;2026:46,AEMET
B410B,SANTANYÍ,BALEARES,45.0,39.34,3.1458,1.2,litoral,<200,9,2017,2026,81,50.67,57.33,6.67,1.1958,-0.2746,2.6663,no,0.3457,0.6218,no,no,16.0,2017:53;2018:47;2019:52;2021:48;2022:64;2023:58;2024:50;2025:58;2026:64,AEMET
B662X,BINISSALEM,BALEARES,105.0,39.6781,2.8739,19.1,litoral,<200,10,2017,2026,81,22.0,28.67,6.67,1.4606,-0.2857,3.2069,no,0.3174,0.7573,no,no,14.0,2017:25;2018:20;2019:21;2020:13;2021:21;2022:33;2023:36;2024:24;2025:24;2026:38,AEMET
C612F,"TEJEDA, CRUZ DE TEJEDA",LAS PALMAS,1514.0,28.0069,-15.5989,13.6,litoral,>1200,10,2017,2026,81,13.33,20.0,6.67,0.8667,-0.7888,2.5221,no,0.1541,0.7179,no,no,-14.0,2017:24;2018:10;2019:6;2020:13;2021:16;2022:26;2023:22;2024:17;2025:25;2026:18,AEMET
0016B,REUS (CENTRE LECTURA),TARRAGONA,118.0,41.1542,1.1089,9.4,litoral,<200,8,2017,2025,81,56.67,63.0,6.33,1.3,-0.9578,3.5578,no,0.2486,0.9227,no,no,18.0,2017:57;2018:60;2019:53;2020:54;2022:72;2023:64;2024:54;2025:71,AEMET
0429X,FIGUERES,GIRONA,45.0,42.2592,2.9603,13.5,litoral,<200,10,2017,2026,81,43.0,49.33,6.33,1.2727,-0.5972,3.1426,no,0.2354,0.8109,no,no,21.0,2017:45;2018:39;2019:45;2020:43;2021:35;2022:56;2023:47;2024:37;2025:52;2026:59,AEMET
1056K,FORUA,BIZKAIA,45.0,43.3425,-2.6711,6.7,litoral,<200,10,2017,2026,81,0.67,7.0,6.33,0.8727,0.2857,1.4597,si,0.595,0.2545,no,no,5.0,2017:0;2018:1;2019:1;2020:2;2021:1;2022:2;2023:0;2024:4;2025:6;2026:11,AEMET
1159,SAN VICENTE DE LA BARQUERA,CANTABRIA,38.0,43.3933,-4.3922,0.4,litoral,<200,9,2017,2026,81,1.33,7.67,6.33,0.8973,0.0843,1.7103,si,0.4932,0.3438,no,no,9.0,2017:0;2018:1;2019:3;2020:4;2021:0;2023:1;2024:6;2025:4;2026:13,AEMET
1583X,O BARCO DE VALDEORRAS,OURENSE,315.0,42.4156,-6.9931,103.5,interior,200-500,9,2017,2026,81,2.67,9.0,6.33,0.8958,-0.196,1.9877,no,0.3498,0.4617,no,no,10.0,2017:4;2018:3;2019:1;2021:0;2022:10;2023:2;2024:7;2025:5;2026:15,AEMET
4193Y,EL ROBLEDO,CIUDAD REAL,587.0,39.2169,-4.2828,258.3,interior,500-800,9,2017,2026,81,12.0,18.33,6.33,0.9103,-0.325,2.1455,no,0.3026,0.5223,no,no,-12.0,2017:18;2018:6;2019:12;2020:17;2021:11;2022:17;2023:13;2025:23;2026:19,AEMET
7138B,JUMILLA,MURCIA,485.0,38.4589,-1.3353,69.9,interior,200-500,10,2017,2026,81,9.33,15.67,6.33,1.1879,-0.119,2.4948,no,0.3545,0.5667,no,si,16.0,2017:12;2018:7;2019:9;2020:5;2021:10;2022:10;2023:26;2024:14;2025:16;2026:17,AEMET
8376,JABALOYAS,TERUEL,1430.0,40.2361,-1.4117,118.3,interior,>1200,10,2017,2026,81,3.67,10.0,6.33,1.0485,0.4049,1.6921,si,0.6382,0.2791,no,no,7.0,2017:5;2018:1;2019:5;2020:2;2021:4;2022:7;2023:9;2024:7;2025:8;2026:15,AEMET
8503Y,TORREBLANCA,CASTELLON,35.0,40.2114,0.1836,3.3,litoral,<200,9,2017,2026,81,55.67,62.0,6.33,1.0608,-0.0087,2.1303,no,0.4401,0.4522,no,si,15.0,2017:54;2018:58;2019:55;2020:54;2022:59;2023:61;2024:54;2025:69;2026:63,AEMET
8520X,LA POBLA DE BENIFASSÀ-FREDES,CASTELLON,1165.0,40.6936,0.1653,33.9,interior,800-1200,8,2017,2026,81,0.67,7.0,6.33,0.9444,0.4768,1.4121,si,0.8028,0.1911,no,no,3.0,2017:1;2018:0;2021:1;2022:4;2023:5;2024:4;2025:7;2026:10,AEMET
9301X,MONTEAGUDO,NAVARRA,410.0,41.9589,-1.6906,149.1,interior,200-500,10,2017,2026,81,3.0,9.33,6.33,0.9455,0.2395,1.6514,si,0.5438,0.3061,no,no,5.0,2017:3;2018:2;2019:4;2020:3;2021:1;2022:4;2023:3;2024:5;2025:9;2026:14,AEMET
9894Y,SARIÑENA,HUESCA,300.0,41.7992,-0.1608,126.6,interior,200-500,10,2017,2026,81,9.0,15.33,6.33,1.1939,0.0123,2.3756,si,0.4043,0.5124,no,si,16.0,2017:7;2018:7;2019:13;2020:10;2021:7;2022:23;2023:16;2024:12;2025:13;2026:21,AEMET
B301,"LLUCMAJOR, RADAR",BALEARES,113.0,39.3797,2.785,0.4,litoral,<200,10,2017,2026,81,51.0,57.33,6.33,1.4606,-0.2294,3.1506,no,0.3318,0.7329,no,no,17.0,2017:50;2018:47;2019:56;2020:43;2021:46;2022:63;2023:58;2024:48;2025:59;2026:65,AEMET
B434X,PORTOCOLOM  ,BALEARES,17.0,39.4144,3.2717,1.7,litoral,<200,10,2017,2026,81,54.67,61.0,6.33,1.1697,-0.0347,2.374,no,0.3854,0.5223,no,no,12.0,2017:56;2018:53;2019:55;2020:50;2021:56;2022:68;2023:60;2024:55;2025:63;2026:65,AEMET
B691Y,SA POBLA,BALEARES,32.0,39.7492,3.0167,10.7,litoral,<200,9,2017,2026,81,24.67,31.0,6.33,1.0855,-1.4956,3.6666,no,0.1238,1.0914,no,no,-18.0,2017:31;2019:29;2020:14;2021:25;2022:36;2023:40;2024:22;2025:28;2026:43,AEMET
B825B,ES MERCADAL,BALEARES,80.0,39.9906,4.0864,7.7,litoral,<200,10,2017,2026,81,49.33,55.67,6.33,1.5576,-0.7483,3.8635,no,0.2327,1.0,no,no,21.0,2017:54;2018:41;2019:53;2020:38;2021:42;2022:63;2023:59;2024:44;2025:58;2026:65,AEMET
B908X,SANT JOAN DE LABRITJA,BALEARES,110.0,39.0561,1.4925,4.9,litoral,<200,9,2017,2026,81,16.67,23.0,6.33,0.9206,-0.9743,2.8155,no,0.1587,0.8012,no,no,13.0,2017:22;2018:19;2020:9;2021:15;2022:21;2023:32;2024:22;2025:17;2026:30,AEMET
C438N,CANDELARIA,SANTA CRUZ DE TENERIFE,463.0,28.3592,-16.4017,3.1,litoral,200-500,10,2017,2026,81,9.33,15.67,6.33,0.7758,-0.6274,2.1789,no,0.1689,0.6085,no,no,-14.0,2017:19;2018:5;2019:4;2020:16;2021:10;2022:11;2023:18;2024:12;2025:14;2026:21,AEMET
C669B,ARUCAS,LAS PALMAS,86.0,28.1417,-15.5067,0.4,litoral,<200,10,2017,2026,81,38.33,44.67,6.33,0.9576,-2.5557,4.4708,no,0.0471,1.5235,no,no,-37.0,2017:47;2018:32;2019:36;2020:67;2021:30;2022:44;2023:68;2024:36;2025:47;2026:51,AEMET
0076,BARCELONA AEROPUERTO,BARCELONA,4.0,41.2928,2.07,0.3,litoral,<200,10,2017,2026,81,59.0,65.0,6.0,1.097,-0.1877,2.3816,no,0.3265,0.5571,no,no,12.0,2017:59;2018:62;2019:56;2020:54;2021:61;2022:71;2023:65;2024:58;2025:70;2026:67,AEMET
0158O,MONTSERRAT,BARCELONA,738.0,41.5944,1.8392,37.1,interior,500-800,8,2017,2025,81,19.67,25.67,6.0,1.1189,-0.7092,2.947,no,0.2721,0.7471,no,no,-10.0,2017:23;2018:13;2019:23;2020:18;2021:13;2023:23;2024:22;2025:32,AEMET
3129,MADRID AEROPUERTO,MADRID,609.0,40.4667,-3.5556,294.6,interior,500-800,10,2017,2026,81,17.67,23.67,6.0,0.9273,-1.0498,2.9044,no,0.1276,0.8574,no,no,28.0,2017:20;2018:11;2019:22;2020:20;2021:5;2022:33;2023:15;2024:21;2025:24;2026:26,AEMET
6172X,MÁLAGA,MALAGA,25.0,36.7167,-4.4197,0.7,litoral,<200,9,2017,2025,81,65.67,71.67,6.0,0.7667,-1.3115,2.8448,no,0.0981,0.8787,si,si,-17.0,2017:77;2018:60;2019:60;2020:67;2021:62;2022:69;2023:71;2024:66;2025:78,AEMET
7031X,SAN JAVIER AEROPUERTO,MURCIA,4.0,37.7783,-0.8058,0.4,litoral,<200,9,2017,2026,81,57.0,63.0,6.0,0.8855,-0.3704,2.1414,no,0.2843,0.531,no,si,-8.0,2017:62;2018:54;2019:55;2020:53;2021:55;2022:54;2023:59;2024:65;2026:65,AEMET
7080X,MORATALLA,MURCIA,955.0,38.2683,-1.9864,97.1,interior,800-1200,10,2017,2026,81,10.0,16.0,6.0,0.9455,-0.093,1.9839,no,0.3552,0.4503,no,no,8.0,2017:13;2018:6;2019:11;2020:5;2021:10;2022:6;2023:13;2024:14;2025:13;2026:21,AEMET
8283X,ONTINYENT,VALENCIA,350.0,38.8294,-0.6078,43.0,interior,200-500,10,2017,2026,81,29.0,35.0,6.0,1.2242,-0.8631,3.3115,no,0.1861,0.9052,no,si,23.0,2017:32;2018:30;2019:25;2020:20;2021:19;2022:20;2023:43;2024:28;2025:39;2026:38,AEMET
8337X,TURÍS,VALENCIA,186.0,39.3922,-0.6247,26.2,litoral,<200,9,2017,2026,81,14.0,20.0,6.0,1.3378,-0.8506,3.5263,no,0.2299,0.9254,no,si,26.0,2017:18;2018:15;2019:9;2020:7;2021:9;2023:35;2024:14;2025:22;2026:24,AEMET
8439X,SEGORBE,CASTELLON,400.0,39.7956,-0.4853,26.2,litoral,200-500,9,2017,2026,81,2.0,8.0,6.0,1.0309,-0.1503,2.2121,no,0.3784,0.4994,no,no,-12.0,2017:3;2018:3;2020:0;2021:2;2022:5;2023:12;2024:0;2025:12;2026:12,AEMET
B013X,"ESCORCA, LLUC",BALEARES,490.0,39.8233,2.8858,5.1,litoral,200-500,10,2017,2026,81,5.67,11.67,6.0,1.3212,-0.4459,3.0884,no,0.2709,0.7663,no,no,-19.0,2017:8;2018:1;2019:8;2020:6;2021:9;2022:10;2023:25;2024:6;2025:6;2026:23,AEMET
B614E,MANACOR,BALEARES,100.0,39.5569,3.2178,8.8,litoral,<200,10,2017,2026,81,29.0,35.0,6.0,1.3576,-0.4731,3.1882,no,0.2677,0.7939,no,no,17.0,2017:31;2018:26;2019:30;2020:22;2021:26;2022:43;2023:37;2024:28;2025:30;2026:47,AEMET
C314Z,"VALLEHERMOSO, ALTO IGUALERO  ",SANTA CRUZ DE TENERIFE,1474.0,28.1069,-17.2492,7.2,litoral,>1200,9,2017,2026,81,14.0,20.0,6.0,0.5887,-1.2963,2.4737,no,0.0723,0.797,no,si,-19.0,2017:25;2019:6;2020:11;2021:17;2022:24;2023:24;2024:19;2025:22;2026:19,AEMET
C659M,"LAS PALMAS DE GRAN CANARIA, PL. DE LA FERIA",LAS PALMAS,15.0,28.1131,-15.4214,0.4,litoral,<200,9,2017,2026,81,64.67,70.67,6.0,0.7167,-1.1274,2.5607,no,0.1077,0.7797,no,no,18.0,2017:71;2018:58;2019:65;2020:74;2021:58;2022:76;2024:68;2025:76;2026:68,AEMET
1010X,BERA,NAVARRA,54.0,43.2786,-1.6758,3.1,litoral,<200,10,2017,2026,81,1.33,7.0,5.67,0.8727,0.2537,1.4918,si,0.5692,0.2685,no,si,9.0,2017:0;2018:2;2019:2;2020:2;2021:3;2022:3;2023:3;2024:4;2025:4;2026:13,AEMET
1021X,"ERRENTERIA, AÑARBE",GIPUZKOA,165.0,43.2139,-1.8789,13.3,litoral,<200,10,2017,2026,81,0.33,6.0,5.67,0.9152,0.0589,1.7714,si,0.4316,0.3713,no,si,11.0,2017:0;2018:0;2019:1;2020:1;2021:0;2022:1;2023:2;2024:1;2025:3;2026:14,AEMET
1025A,SEGURA,GIPUZKOA,255.0,43.0156,-2.2567,31.0,interior,200-500,10,2017,2026,81,0.33,6.0,5.67,0.8848,0.0099,1.7598,si,0.4047,0.3794,no,si,12.0,2017:0;2018:0;2019:1;2020:1;2021:0;2022:1;2023:1;2024:2;2025:2;2026:14,AEMET
4051Y,ALCÁZAR DEL REY,CUENCA,875.0,40.0611,-2.8069,220.5,interior,800-1200,9,2017,2026,81,6.0,11.67,5.67,0.7797,-0.1738,1.7333,no,0.3482,0.4032,no,no,-8.0,2017:10;2018:2;2019:6;2020:9;2021:4;2023:8;2024:9;2025:9;2026:17,AEMET
4096Y,MUNERA,ALBACETE,918.0,39.0167,-2.4889,187.6,interior,800-1200,9,2017,2026,81,0.67,6.33,5.67,0.7088,-0.1241,1.5417,no,0.3666,0.3522,no,no,9.0,2017:1;2018:0;2020:1;2021:1;2022:2;2023:1;2024:10;2025:1;2026:8,AEMET
4554X,CARTAYA,HUELVA,15.0,37.2183,-7.0836,1.0,litoral,<200,9,2017,2026,81,5.33,11.0,5.67,0.8784,-0.3947,2.1515,no,0.2756,0.5383,no,no,14.0,2017:9;2018:4;2019:3;2020:11;2022:6;2023:20;2024:7;2025:12;2026:14,AEMET
5860E,"MOGUER, EL ARENOSILLO",HUELVA,41.0,37.0981,-6.7381,0.9,litoral,<200,9,2018,2026,81,15.0,20.67,5.67,1.6,-0.462,3.662,no,0.3248,0.8719,no,no,17.0,2018:8;2019:10;2020:27;2021:15;2022:21;2023:27;2024:12;2025:24;2026:26,AEMET
7031,SAN JAVIER AEROPUERTO,MURCIA,4.0,37.7889,-0.8033,0.3,litoral,<200,10,2017,2026,81,57.33,63.0,5.67,0.897,-0.79,2.584,no,0.1582,0.7316,no,no,-10.0,2017:64;2018:54;2019:54;2020:53;2021:46;2022:52;2023:60;2024:56;2025:66;2026:67,AEMET
7127X,BULLAS,MURCIA,690.0,38.0492,-1.6953,62.7,interior,500-800,10,2017,2026,81,21.33,27.0,5.67,1.0061,-0.5069,2.519,no,0.2272,0.6561,no,no,11.0,2017:27;2018:20;2019:17;2020:9;2021:20;2022:20;2023:28;2024:26;2025:24;2026:31,AEMET
8325X,POLINYÀ DE XÚQUER,VALENCIA,11.0,39.1839,-0.3714,11.3,litoral,<200,9,2017,2026,81,47.0,52.67,5.67,0.9375,-0.8826,2.7576,no,0.1749,0.7696,no,no,18.0,2017:45;2018:52;2019:44;2021:38;2022:52;2023:52;2024:45;2025:63;2026:50,AEMET
9918Y,"TAMARITE DE LITERA, LA MELUSA",HUESCA,218.0,41.7808,0.3769,96.4,interior,200-500,10,2017,2026,81,5.33,11.0,5.67,1.0364,0.0552,2.0176,si,0.4258,0.4255,no,no,-10.0,2017:6;2018:4;2019:6;2020:7;2021:1;2022:9;2023:17;2024:7;2025:12;2026:14,AEMET
B236C,"PALMA, UNIVERSITAT",BALEARES,95.0,39.6422,2.6439,9.1,litoral,<200,9,2017,2026,81,8.0,13.67,5.67,1.0984,-0.8547,3.0515,no,0.2017,0.8258,no,no,17.0,2017:11;2019:9;2020:4;2021:10;2022:16;2023:23;2024:8;2025:8;2026:25,AEMET
C126A,EL PASO,SANTA CRUZ DE TENERIFE,844.0,28.6539,-17.8531,8.4,litoral,800-1200,9,2017,2025,81,12.0,17.67,5.67,0.6667,-0.9212,2.2546,no,0.1235,0.6714,no,no,-13.0,2017:20;2018:7;2019:9;2020:21;2021:20;2022:20;2023:16;2024:20;2025:17,AEMET
C316I,ARURE,SANTA CRUZ DE TENERIFE,916.0,28.1283,-17.315,2.5,litoral,800-1200,8,2019,2026,81,14.33,20.0,5.67,1.1667,-0.6594,2.9927,no,0.2895,0.7462,no,no,8.0,2019:7;2020:15;2021:21;2022:23;2023:20;2024:23;2025:20;2026:17,AEMET
C614H,TEJEDA,LAS PALMAS,1060.0,27.995,-15.6158,13.2,litoral,800-1200,10,2017,2026,81,29.67,35.33,5.67,0.3879,-1.3756,2.1514,no,0.0312,0.7647,no,si,25.0,2017:36;2018:31;2019:22;2020:47;2021:37;2022:42;2023:35;2024:36;2025:32;2026:38,AEMET
C649I,GRAN CANARIA AEROPUERTO,LAS PALMAS,24.0,27.9178,-15.3953,0.6,litoral,<200,10,2017,2026,81,54.33,60.0,5.67,0.6485,-1.5418,2.8387,no,0.0551,0.9498,no,no,20.0,2017:63;2018:46;2019:54;2020:69;2021:51;2022:50;2023:70;2024:56;2025:66;2026:58,AEMET
2106B,CORUÑA DEL CONDE,BURGOS,955.0,41.7458,-3.3819,179.2,interior,800-1200,10,2017,2026,81,2.67,8.0,5.33,0.7091,-0.0766,1.4948,no,0.3512,0.3407,no,no,8.0,2017:3;2018:0;2019:5;2020:4;2021:1;2022:9;2023:1;2024:9;2025:5;2026:10,AEMET
2614,ZAMORA,ZAMORA,656.0,41.5156,-5.7353,213.6,interior,500-800,10,2017,2026,81,3.0,8.33,5.33,0.7939,-0.0524,1.6403,no,0.3691,0.367,no,no,10.0,2017:4;2018:1;2019:4;2020:2;2021:1;2022:11;2023:3;2024:5;2025:12;2026:8,AEMET
2969U,A GUDIÑA,OURENSE,910.0,42.0272,-7.1831,83.5,interior,800-1200,10,2017,2026,81,1.33,6.67,5.33,0.7636,-0.108,1.6352,no,0.3378,0.378,no,no,9.0,2017:2;2018:2;2019:0;2020:1;2021:0;2022:9;2023:0;2024:2;2025:10;2026:8,AEMET
3126Y,"MADRID, EL GOLOSO",MADRID,740.0,40.5614,-3.7119,310.6,interior,500-800,10,2017,2026,81,8.67,14.0,5.33,0.897,-0.6359,2.4298,no,0.1854,0.6647,no,no,20.0,2017:8;2018:4;2019:14;2020:8;2021:6;2022:26;2023:12;2024:17;2025:12;2026:13,AEMET
5406X,ALCALÁ LA REAL,JAEN,908.0,37.4975,-3.9081,83.1,interior,800-1200,9,2017,2026,81,16.0,21.33,5.33,0.9956,-0.8383,2.8294,no,0.1906,0.7754,no,no,19.0,2017:19;2018:8;2020:21;2021:8;2022:27;2023:16;2024:15;2025:26;2026:23,AEMET
6302A,ABLA,ALMERIA,869.0,37.1414,-2.78,40.7,interior,800-1200,8,2017,2025,81,26.33,31.67,5.33,0.6561,-1.4047,2.7168,no,0.0919,0.8422,no,si,-19.0,2017:36;2018:17;2019:26;2020:35;2021:28;2023:29;2024:31;2025:35,AEMET
B373X,"CAMPOS, SALINES LLEVANT",BALEARES,3.0,39.3511,3.0119,2.3,litoral,<200,10,2017,2026,81,32.33,37.67,5.33,1.2121,-0.2963,2.7205,no,0.3003,0.6541,no,no,18.0,2017:33;2018:29;2019:35;2020:26;2021:29;2022:36;2023:41;2024:33;2025:31;2026:49,AEMET
B526X,ARTÀ,BALEARES,110.0,39.6886,3.3511,7.2,litoral,<200,10,2017,2026,81,21.33,26.67,5.33,1.3939,-0.744,3.5319,no,0.2203,0.9271,no,no,17.0,2017:24;2018:20;2019:20;2020:9;2021:20;2022:34;2023:31;2024:17;2025:23;2026:40,AEMET
0149X,MANRESA,BARCELONA,291.0,41.72,1.8403,45.3,interior,200-500,9,2017,2025,81,8.33,13.33,5.0,0.5667,-0.9065,2.0398,no,0.1057,0.6229,no,no,-10.0,2017:12;2018:8;2019:5;2020:5;2021:5;2022:11;2023:20;2024:10;2025:10,AEMET
1025X,"BEASAIN, ARRIARAN",GIPUZKOA,255.0,43.0547,-2.2319,26.4,litoral,200-500,10,2017,2026,81,0.33,5.33,5.0,0.7333,-0.0205,1.4872,no,0.3861,0.3269,no,si,10.0,2017:1;2018:0;2019:0;2020:2;2021:0;2022:1;2023:1;2024:2;2025:2;2026:12,AEMET
2918Y,EL MAÍLLO,SALAMANCA,1027.0,40.5694,-6.2236,236.5,interior,800-1200,10,2017,2026,81,1.0,6.0,5.0,0.7273,-0.0551,1.5096,no,0.3649,0.3393,no,no,10.0,2017:1;2018:2;2019:0;2020:0;2021:0;2022:10;2023:1;2024:4;2025:8;2026:6,AEMET
6258X,LANJARÓN,GRANADA,708.0,36.9231,-3.4925,21.5,litoral,500-800,10,2017,2026,81,0.33,5.33,5.0,0.7273,-0.0171,1.4716,no,0.3882,0.3228,no,no,9.0,2017:1;2018:0;2019:0;2020:3;2021:8;2022:3;2023:5;2024:3;2025:2;2026:11,AEMET
9245X,CÁSEDA,NAVARRA,440.0,42.5214,-1.3664,90.7,interior,200-500,10,2017,2026,81,2.33,7.33,5.0,0.903,-0.304,2.1101,no,0.2712,0.5234,no,no,15.0,2017:1;2018:0;2019:6;2020:3;2021:0;2022:9;2023:2;2024:3;2025:2;2026:17,AEMET
B644B,SINEU,BALEARES,120.0,39.6433,3.0022,18.9,litoral,<200,10,2017,2026,81,33.0,38.0,5.0,1.0303,-0.4792,2.5398,no,0.2364,0.6546,no,no,14.0,2017:38;2018:29;2019:32;2020:26;2021:31;2022:45;2023:39;2024:33;2025:36;2026:45,AEMET
C665T,VALLESECO,LAS PALMAS,900.0,28.0656,-15.5656,9.4,litoral,800-1200,10,2017,2026,81,7.0,12.0,5.0,0.5758,-0.46,1.6115,no,0.1704,0.4492,no,no,-11.0,2017:14;2018:3;2019:4;2020:11;2021:13;2022:12;2023:12;2024:8;2025:16;2026:12,AEMET
0281Y,BLANES,GIRONA,45.0,41.6769,2.805,0.5,litoral,<200,10,2017,2026,81,53.0,57.67,4.67,1.0424,-0.4454,2.5303,no,0.246,0.6452,no,no,-16.0,2017:54;2018:55;2019:50;2020:50;2021:50;2022:61;2023:63;2024:47;2025:63;2026:63,AEMET
1026X,ORDIZIA,GIPUZKOA,290.0,43.0581,-2.1842,25.8,litoral,200-500,10,2017,2026,81,0.67,5.33,4.67,0.7212,-0.0254,1.4678,no,0.3828,0.3238,no,si,10.0,2017:2;2018:0;2019:0;2020:1;2021:0;2022:2;2023:2;2024:2;2025:2;2026:12,AEMET
1038X,AZPEITIA,GIPUZKOA,180.0,43.1725,-2.2672,14.2,litoral,<200,10,2017,2026,81,0.33,5.0,4.67,0.703,0.1295,1.2765,si,0.4997,0.2487,no,si,6.0,2017:1;2018:0;2019:0;2020:2;2021:0;2022:2;2023:2;2024:1;2025:4;2026:10,AEMET
1074C,AMOREBIETA-ETXANO,BIZKAIA,100.0,43.2028,-2.7061,21.5,litoral,<200,10,2017,2026,81,0.33,5.0,4.67,0.7273,0.0439,1.4107,si,0.4295,0.2964,no,si,9.0,2017:0;2018:0;2019:1;2020:0;2021:0;2022:2;2023:0;2024:2;2025:2;2026:11,AEMET
1096X,"BARCENA DE CICERO, TRETO",CANTABRIA,10.0,43.3967,-3.4697,3.5,litoral,<200,10,2017,2026,81,0.67,5.33,4.67,0.6545,0.1448,1.1643,si,0.5229,0.2211,no,si,5.0,2017:0;2018:0;2019:2;2020:2;2021:1;2022:1;2023:0;2024:3;2025:4;2026:9,AEMET
7227X,ALHAMA DE MURCIA,MURCIA,157.0,37.8617,-1.3347,32.4,interior,<200,10,2017,2026,81,33.67,38.33,4.67,1.1455,-1.8042,4.0951,no,0.0911,1.2791,no,si,29.0,2017:45;2018:28;2019:28;2020:21;2021:19;2022:24;2023:53;2024:34;2025:35;2026:46,AEMET
8492X,ATZENETA DEL MAESTRAT,CASTELLON,420.0,40.2272,-0.1697,27.7,litoral,200-500,9,2017,2026,81,4.33,9.0,4.67,0.9,-0.0116,1.8116,no,0.4378,0.3854,no,si,-10.0,2017:4;2018:4;2019:5;2021:3;2022:7;2023:13;2024:3;2025:10;2026:14,AEMET
9145X,LEZA,ARABA/ALAVA,575.0,42.5672,-2.6328,84.2,interior,500-800,10,2017,2026,81,2.0,6.67,4.67,0.6848,-0.0543,1.424,no,0.3633,0.3205,no,no,8.0,2017:3;2018:0;2019:3;2020:3;2021:0;2022:5;2023:1;2024:4;2025:4;2026:12,AEMET
C239N,"TUINEJE,PUERTO GRAN TARAJAL",LAS PALMAS,1.0,28.2086,-14.0231,0.3,litoral,<200,10,2017,2026,81,55.0,59.67,4.67,0.4727,-1.8072,2.7527,no,0.0278,0.9887,no,no,-22.0,2017:67;2018:48;2019:50;2020:70;2021:48;2022:57;2023:69;2024:55;2025:65;2026:59,AEMET
C611E,VEGA DE SAN MATEO,LAS PALMAS,1702.0,27.9767,-15.5839,16.9,litoral,>1200,9,2017,2025,81,9.0,13.67,4.67,0.7667,-1.0247,2.558,no,0.1277,0.7574,no,no,-15.0,2017:18;2018:3;2019:6;2020:11;2021:12;2022:22;2023:12;2024:12;2025:17,AEMET
C939T,"FRONTERA, SABINOSA",SANTA CRUZ DE TENERIFE,20.0,27.7564,-18.1075,0.5,litoral,<200,10,2017,2026,81,59.67,64.33,4.67,0.3152,-2.1889,2.8192,no,0.0104,1.0859,no,no,-20.0,2017:72;2018:52;2019:55;2020:74;2021:62;2022:68;2023:78;2024:68;2025:72;2026:53,AEMET
0413A,MAÇANET DE CABRENYS,GIRONA,355.0,42.3869,2.7556,3.7,litoral,200-500,8,2017,2025,81,5.33,9.67,4.33,0.9,-0.1499,1.9499,no,0.4231,0.4291,no,no,10.0,2017:2;2018:9;2019:5;2020:0;2022:10;2023:9;2024:9;2025:11,AEMET
1154H,"TORRELAVEGA, SIERRAPANDO",CANTABRIA,110.0,43.3586,-4.0275,7.9,litoral,<200,10,2017,2026,81,0.33,4.67,4.33,0.6061,0.188,1.0242,si,0.5828,0.1813,no,no,4.0,2017:0;2018:0;2019:1;2020:1;2021:0;2022:4;2023:0;2024:4;2025:3;2026:7,AEMET
2182C,PEDRAZA,SEGOVIA,1107.0,41.1339,-3.7903,251.7,interior,800-1200,10,2017,2026,81,4.67,9.0,4.33,0.7152,-0.5587,1.989,no,0.1732,0.5524,no,no,-16.0,2017:4;2018:2;2019:8;2020:4;2021:3;2022:18;2023:2;2024:5;2025:12;2026:10,AEMET
3427Y,OROPESA,TOLEDO,345.0,39.9933,-5.1144,254.9,interior,200-500,10,2017,2026,81,4.67,9.0,4.33,0.5212,-0.5484,1.5908,no,0.1363,0.4638,no,no,12.0,2017:4;2018:5;2019:5;2020:10;2021:0;2022:12;2023:3;2024:6;2025:14;2026:7,AEMET
5654X,LA PUEBLA DE LOS INFANTES,SEVILLA,200.0,37.7867,-5.3711,135.4,interior,200-500,10,2017,2026,81,1.67,6.0,4.33,0.7333,-0.1188,1.5855,no,0.3299,0.3695,no,si,-8.0,2017:3;2018:1;2019:1;2020:5;2021:5;2022:8;2023:14;2024:6;2025:4;2026:8,AEMET
8293X,XÀTIVA,VALENCIA,88.0,39.0017,-0.5231,28.0,litoral,<200,8,2017,2026,81,48.0,52.33,4.33,0.7286,-1.0757,2.5328,no,0.14,0.7373,no,si,19.0,2017:50;2018:50;2020:44;2021:39;2022:58;2023:48;2025:55;2026:54,AEMET
9115X,VALDEZCARAY,LA RIOJA,1630.0,42.255,-2.9681,122.4,interior,>1200,10,2017,2026,81,1.0,5.33,4.33,0.6485,0.1617,1.1352,si,0.5412,0.2111,no,no,5.0,2017:0;2018:0;2019:3;2020:0;2021:1;2022:6;2023:1;2024:4;2025:7;2026:5,AEMET
9855E,"CAPELLA, LAGUARRES",HUESCA,600.0,42.2014,0.4661,105.9,interior,500-800,10,2017,2026,81,2.33,6.67,4.33,0.6788,-0.1057,1.4633,no,0.3323,0.3402,no,si,11.0,2017:3;2018:2;2019:2;2020:1;2021:0;2022:4;2023:4;2024:7;2025:1;2026:12,AEMET
C446G,"SAN CRISTÓBAL DE LA LAGUNA,LLANO DE LOS LOROS",SANTA CRUZ DE TENERIFE,868.0,28.5264,-16.2803,4.2,litoral,800-1200,10,2017,2026,81,6.33,10.67,4.33,0.6303,-0.4424,1.703,no,0.1867,0.4652,no,no,-11.0,2017:13;2018:2;2019:4;2020:4;2021:13;2022:9;2023:11;2024:6;2025:13;2026:13,AEMET
C449F,ANAGA,SANTA CRUZ DE TENERIFE,19.0,28.5081,-16.1956,0.5,litoral,<200,10,2017,2026,81,62.33,66.67,4.33,0.3697,-1.5362,2.2756,no,0.0244,0.8265,no,no,-19.0,2017:72;2018:53;2019:62;2020:72;2021:62;2022:68;2023:74;2024:69;2025:73;2026:58,AEMET
C639U,"SAN BARTOLOME TIRAJANA, EL MATORRAL",LAS PALMAS,41.0,27.8125,-15.4531,0.4,litoral,<200,10,2017,2026,81,42.0,46.33,4.33,0.6485,-2.0405,3.3374,no,0.0372,1.1661,no,no,-28.0,2017:50;2018:36;2019:40;2020:60;2021:32;2022:45;2023:61;2024:37;2025:55;2026:47,AEMET
3099Y,OCAÑA,TOLEDO,733.0,39.9353,-3.4961,275.3,interior,500-800,8,2018,2026,81,12.0,16.0,4.0,1.4987,-1.2422,4.2397,no,0.2298,1.1201,no,no,22.0,2018:4;2019:15;2020:17;2021:8;2022:30;2023:10;2024:15;2026:23,AEMET
3168D,GUADALAJARA,GUADALAJARA,727.0,40.6303,-3.1503,269.8,interior,500-800,9,2017,2025,81,17.33,21.33,4.0,0.9167,-1.2905,3.1238,no,0.1211,0.9333,no,no,23.0,2017:23;2018:10;2019:19;2020:17;2021:10;2022:33;2023:18;2024:21;2025:25,AEMET
3182Y,ARGANDA DEL REY,MADRID,533.0,40.3117,-3.4978,284.6,interior,500-800,9,2017,2026,81,20.33,24.33,4.0,0.7792,-1.4533,3.0116,no,0.0887,0.944,no,no,29.0,2017:22;2018:14;2019:25;2021:7;2022:36;2023:19;2024:20;2025:26;2026:27,AEMET
4089A,ALBERCA DE ZANCARA,CUENCA,858.0,39.5169,-2.4958,186.6,interior,800-1200,8,2017,2026,81,4.67,8.67,4.0,0.4559,-0.5958,1.5076,no,0.1579,0.4298,no,si,-9.0,2017:10;2019:1;2020:3;2022:7;2023:7;2024:5;2025:11;2026:10,AEMET
4093Y,OSA DE LA VEGA,CUENCA,763.0,39.6561,-2.76,209.5,interior,500-800,10,2017,2026,81,7.0,11.0,4.0,0.5818,-0.6038,1.7675,no,0.138,0.5142,no,no,16.0,2017:7;2018:8;2019:6;2020:8;2021:5;2022:21;2023:6;2024:9;2025:13;2026:11,AEMET
5459X,ESPIEL,CORDOBA,465.0,38.1111,-4.9286,160.8,interior,200-500,9,2017,2026,81,2.0,6.0,4.0,0.5446,-0.192,1.2812,no,0.304,0.3115,no,no,7.0,2017:2;2018:2;2019:2;2020:9;2021:3;2023:5;2024:2;2025:6;2026:10,AEMET
5625X,LA RAMBLA,CORDOBA,200.0,37.6386,-4.7639,106.3,interior,200-500,8,2017,2025,81,13.0,17.0,4.0,0.491,-1.7787,2.7607,no,0.0446,0.9275,no,no,17.0,2017:18;2018:11;2019:10;2020:27;2021:16;2022:16;2024:10;2025:25,AEMET
7119B,CARAVACA DE LA CRUZ,MURCIA,643.0,38.1031,-1.8772,76.6,interior,500-800,9,2017,2026,81,3.33,7.33,4.0,0.4706,-0.1535,1.0946,no,0.3124,0.2639,no,no,5.0,2017:6;2018:3;2019:1;2020:3;2021:8;2022:4;2023:8;2025:6;2026:8,AEMET
9208E,ARAGÜÉS DEL PUERTO,HUESCA,1025.0,42.7086,-0.6728,106.3,interior,800-1200,10,2017,2026,81,4.33,8.33,4.0,0.7515,-0.0761,1.5791,no,0.3541,0.3589,no,no,8.0,2017:2;2018:2;2019:9;2020:2;2021:3;2022:11;2023:4;2024:6;2025:7;2026:12,AEMET
9211F,"BAILO, PUYALTO",HUESCA,722.0,42.5142,-0.8172,113.2,interior,500-800,10,2017,2026,81,5.67,9.67,4.0,0.6848,-0.4298,1.7995,no,0.2006,0.4834,no,si,15.0,2017:5;2018:2;2019:10;2020:7;2021:4;2022:9;2023:5;2024:8;2025:3;2026:18,AEMET
1037X,LEGAZPI,GIPUZKOA,460.0,43.0517,-2.3372,27.6,litoral,200-500,10,2017,2026,81,0.33,4.0,3.67,0.5515,-0.161,1.264,no,0.2848,0.309,no,si,10.0,2017:1;2018:0;2019:0;2020:0;2021:0;2022:0;2023:0;2024:2;2025:0;2026:10,AEMET
1089U,RAMALES DE LA VICTORIA,CANTABRIA,80.0,43.2558,-3.4708,17.5,litoral,<200,10,2017,2026,81,0.33,4.0,3.67,0.5515,0.0517,1.0513,si,0.4473,0.2167,no,si,6.0,2017:0;2018:0;2019:1;2020:0;2021:0;2022:0;2023:0;2024:2;2025:2;2026:8,AEMET
1730E,O ROSAL,PONTEVEDRA,55.0,41.9439,-8.8475,2.7,litoral,<200,10,2017,2026,81,2.33,6.0,3.67,0.5152,-0.2518,1.2821,no,0.2307,0.3326,no,no,7.0,2017:1;2018:6;2019:0;2020:5;2021:0;2022:7;2023:2;2024:2;2025:8;2026:8,AEMET
2453E,GOTARRENDURA,AVILA,920.0,40.8289,-4.7419,285.0,interior,800-1200,10,2017,2026,81,2.0,5.67,3.67,0.4364,-0.4371,1.3098,no,0.1423,0.3788,no,no,-10.0,2017:4;2018:0;2019:2;2020:2;2021:1;2022:10;2023:0;2024:5;2025:9;2026:3,AEMET
3536X,HOYOS,CACERES,560.0,40.1747,-6.7244,219.5,interior,500-800,10,2017,2026,81,23.67,27.33,3.67,0.4182,-1.036,1.8724,no,0.0521,0.6306,no,no,-13.0,2017:31;2018:19;2019:21;2020:30;2021:17;2022:30;2023:31;2024:26;2025:32;2026:24,AEMET
9262P,MONREAL/ELO,NAVARRA,585.0,42.7011,-1.4956,68.6,interior,500-800,10,2017,2026,81,0.33,4.0,3.67,0.4485,0.0105,0.8864,si,0.4107,0.1899,no,no,4.0,2017:0;2018:0;2019:1;2020:3;2021:0;2022:0;2023:0;2024:4;2025:2;2026:6,AEMET
9274X,IRURTZUN,NAVARRA,432.0,42.9189,-1.835,43.2,interior,200-500,10,2017,2026,81,0.0,3.67,3.67,0.5576,-0.0509,1.166,no,0.3582,0.2639,no,si,9.0,2017:0;2018:0;2019:0;2020:0;2021:0;2022:1;2023:0;2024:2;2025:0;2026:9,AEMET
C139E,LA PALMA AEROPUERTO,SANTA CRUZ DE TENERIFE,33.0,28.6331,-17.755,0.6,litoral,<200,10,2017,2026,81,54.67,58.33,3.67,0.4727,-1.9223,2.8678,no,0.0252,1.0386,no,no,-23.0,2017:66;2018:50;2019:48;2020:68;2021:52;2022:53;2023:74;2024:51;2025:64;2026:60,AEMET
C929I,HIERRO AEROPUERTO,SANTA CRUZ DE TENERIFE,32.0,27.8189,-17.8889,0.2,litoral,<200,10,2017,2026,81,69.0,72.67,3.67,0.2485,-1.4523,1.9492,no,0.014,0.7375,si,no,-18.0,2017:79;2018:61;2019:67;2020:78;2021:68;2022:73;2023:79;2024:76;2025:76;2026:66,AEMET
1037Y,ZUMARRAGA,GIPUZKOA,431.0,43.08,-2.3175,24.5,litoral,200-500,9,2017,2026,81,0.0,3.33,3.33,0.6059,0.0506,1.1611,si,0.4875,0.2348,no,si,6.0,2017:0;2018:0;2019:0;2020:0;2021:0;2022:0;2023:0;2025:2;2026:8,AEMET
1048X,ARETXABALETA,GIPUZKOA,308.0,43.025,-2.4658,31.6,interior,200-500,10,2017,2026,81,0.0,3.33,3.33,0.503,0.0818,0.9243,si,0.4866,0.1827,no,si,6.0,2017:0;2018:0;2019:0;2020:0;2021:0;2022:0;2023:1;2024:2;2025:1;2026:7,AEMET
1078C,BALMASEDA,BIZKAIA,210.0,43.1806,-3.2097,19.1,litoral,200-500,10,2017,2026,81,0.0,3.33,3.33,0.5212,0.0707,0.9717,si,0.4708,0.1954,no,no,4.0,2017:0;2018:0;2019:0;2020:0;2021:0;2022:2;2023:0;2024:0;2025:3;2026:7,AEMET
1701X,RIBADAVIA,OURENSE,112.0,42.3,-8.1292,18.7,litoral,<200,10,2017,2026,81,0.67,4.0,3.33,0.4909,0.0313,0.9505,si,0.4313,0.1993,no,no,6.0,2017:0;2018:2;2019:0;2020:0;2021:0;2022:2;2023:1;2024:4;2025:1;2026:7,AEMET
2422,VALLADOLID,VALLADOLID,734.0,41.6406,-4.7542,194.8,interior,500-800,10,2017,2026,81,2.67,6.0,3.33,0.4424,-0.4496,1.3344,no,0.1405,0.3868,no,si,-12.0,2017:4;2018:2;2019:2;2020:2;2021:1;2022:12;2023:0;2024:5;2025:7;2026:6,AEMET
3362Y,CASTILLO DE BAYUELA,TOLEDO,560.0,40.1083,-4.6806,289.0,interior,500-800,8,2018,2025,81,36.67,40.0,3.33,1.3214,-1.6934,4.3363,no,0.1609,1.2321,no,no,25.0,2018:34;2019:35;2020:41;2021:26;2022:51;2023:37;2024:35;2025:48,AEMET
4492F,BARCARROTA,BADAJOZ,377.0,38.4728,-6.9233,29.5,litoral,200-500,9,2017,2025,81,5.33,8.67,3.33,0.5333,-0.7038,1.7705,no,0.1293,0.5231,no,no,12.0,2017:7;2018:7;2019:2;2020:10;2021:4;2022:10;2023:8;2024:3;2025:15,AEMET
8155Y,MOTILLA DEL PALANCAR,CUENCA,830.0,39.5553,-1.9153,136.8,interior,800-1200,10,2017,2026,81,3.0,6.33,3.33,0.5455,0.1336,0.9573,si,0.5383,0.1786,no,no,4.0,2017:4;2018:3;2019:2;2020:1;2021:5;2022:7;2023:7;2024:5;2025:7;2026:7,AEMET
8198Y,ALMANSA,ALBACETE,710.0,38.8506,-1.0631,74.9,interior,500-800,10,2017,2026,81,0.67,4.0,3.33,0.5818,0.2403,0.9233,si,0.6587,0.1481,no,no,4.0,2017:0;2018:0;2019:2;2020:1;2021:3;2022:2;2023:6;2024:2;2025:4;2026:6,AEMET
9321X,EJEA DE LOS CABALLEROS,ZARAGOZA,321.0,42.1211,-1.1397,138.8,interior,200-500,8,2017,2024,81,8.33,11.67,3.33,0.5714,-0.9094,2.0522,no,0.1294,0.6052,no,no,10.0,2017:8;2018:4;2019:13;2020:11;2021:5;2022:15;2023:8;2024:12,AEMET
9947X,LA POBLA DE MASSALUCA,TARRAGONA,370.0,41.1772,0.3533,49.1,interior,200-500,8,2017,2025,81,29.33,32.67,3.33,0.758,-0.9597,2.4756,no,0.1627,0.7019,no,no,10.0,2017:30;2018:27;2019:31;2020:23;2021:20;2023:30;2024:30;2025:38,AEMET
C917E,"EL PINAR, LA DEHESA",SANTA CRUZ DE TENERIFE,713.0,27.7253,-18.115,1.8,litoral,500-800,9,2017,2026,81,12.0,15.33,3.33,0.2542,-1.1908,1.6992,no,0.0241,0.611,no,no,-12.0,2017:20;2018:8;2019:8;2020:15;2021:21;2022:22;2024:17;2025:16;2026:13,AEMET
0171X,IGUALADA,BARCELONA,313.0,41.5789,1.6178,41.1,interior,200-500,8,2017,2025,81,12.33,15.33,3.0,0.2481,-2.2417,2.7379,no,0.0098,1.0175,no,no,13.0,2017:19;2018:12;2019:6;2020:3;2021:11;2022:11;2023:24;2025:11,AEMET
1152C,SAN FELICES DE BUELNA,CANTABRIA,105.0,43.2719,-4.0486,16.7,litoral,<200,10,2017,2026,81,0.33,3.33,3.0,0.4606,-0.0934,1.0146,no,0.3148,0.2403,no,si,8.0,2017:0;2018:1;2019:0;2020:0;2021:0;2022:1;2023:0;2024:2;2025:0;2026:8,AEMET
3194Y,POZUELO DE ALARCÓN,MADRID,665.0,40.4483,-3.8133,314.6,interior,500-800,9,2017,2026,81,13.0,16.0,3.0,0.3608,-1.0098,1.7314,no,0.0525,0.5795,no,no,-11.0,2017:14;2018:8;2019:17;2020:14;2021:3;2023:7;2024:15;2025:17;2026:16,AEMET
3531X,TORRECILLA DE LOS ANGELES,CACERES,459.0,40.255,-6.4117,232.4,interior,200-500,8,2017,2026,81,5.33,8.33,3.0,0.0809,-0.9647,1.1266,no,0.0059,0.4273,no,no,-7.0,2017:10;2019:3;2021:3;2022:9;2023:4;2024:11;2025:8;2026:6,AEMET
4527X,AROCHE,HUELVA,267.0,37.9803,-6.9758,5.3,litoral,200-500,10,2017,2026,81,0.67,3.67,3.0,0.3939,0.0817,0.7061,si,0.5142,0.1354,no,no,3.0,2017:0;2018:2;2019:0;2020:2;2021:2;2022:0;2023:2;2024:2;2025:5;2026:4,AEMET
7195X,"CARAVACA DE LA CRUZ, LOS ROYOS",MURCIA,985.0,37.9261,-2.0583,71.0,interior,800-1200,10,2017,2026,81,1.67,4.67,3.0,0.4909,-0.064,1.0458,no,0.3422,0.2406,no,no,6.0,2017:1;2018:0;2019:4;2020:2;2021:6;2022:1;2023:5;2024:4;2025:2;2026:8,AEMET
8193E,JALANCE,VALENCIA,372.0,39.2083,-1.0944,68.8,interior,200-500,9,2017,2026,81,12.0,15.0,3.0,0.675,-0.996,2.346,no,0.1153,0.7065,no,no,16.0,2017:17;2018:10;2019:9;2021:9;2022:10;2023:26;2024:10;2025:13;2026:22,AEMET
9263X,"ARANGUREN, ILUNDAIN",NAVARRA,572.0,42.7761,-1.5325,59.8,interior,500-800,8,2017,2026,81,1.0,4.0,3.0,0.4708,0.0251,0.9165,si,0.5268,0.1821,no,no,3.0,2017:0;2018:0;2020:3;2022:3;2023:0;2024:3;2025:3;2026:6,AEMET
9647X,TORÀ,LLEIDA,435.0,41.8058,1.3956,69.5,interior,200-500,9,2017,2026,81,0.67,3.67,3.0,0.4721,0.1285,0.8157,si,0.6013,0.1453,no,si,4.0,2017:1;2018:0;2019:1;2020:0;2021:1;2022:1;2023:3;2025:2;2026:6,AEMET
C117A,PUNTAGORDA,SANTA CRUZ DE TENERIFE,684.0,28.7606,-17.9856,1.4,litoral,500-800,10,2017,2026,81,8.67,11.67,3.0,0.303,-0.8253,1.4314,no,0.0457,0.4893,no,si,-12.0,2017:17;2018:5;2019:4;2020:9;2021:14;2022:16;2023:12;2024:12;2025:10;2026:13,AEMET
C117Z,TIJARAFE,SANTA CRUZ DE TENERIFE,733.0,28.6747,-17.9367,2.1,litoral,500-800,8,2017,2026,81,11.33,14.33,3.0,0.2786,-1.2053,1.7624,no,0.034,0.6064,no,si,-15.0,2017:19;2018:4;2020:11;2021:15;2022:17;2023:16;2025:11;2026:16,AEMET
C428T,ARICO,SANTA CRUZ DE TENERIFE,418.0,28.1808,-16.4833,5.2,litoral,200-500,10,2017,2026,81,5.33,8.33,3.0,0.4788,-0.3497,1.3073,no,0.1817,0.3593,no,si,-9.0,2017:11;2018:2;2019:3;2020:5;2021:7;2022:8;2023:12;2024:6;2025:8;2026:11,AEMET
C839X,LA GRACIOSA,LAS PALMAS,19.0,29.2297,-13.5103,1.4,litoral,<200,9,2017,2026,81,45.67,48.67,3.0,0.4865,-3.0904,4.0634,no,0.0146,1.5124,no,no,38.0,2017:57;2018:41;2019:39;2020:65;2021:32;2023:70;2024:40;2025:56;2026:50,AEMET
0114X,PRATS DE LLUÇANÈS,BARCELONA,700.0,42.0069,2.0267,38.1,interior,500-800,10,2017,2026,81,0.67,3.33,2.67,0.4848,-0.0245,0.9942,no,0.3759,0.2209,no,si,6.0,2017:1;2018:0;2019:1;2020:0;2021:2;2022:1;2023:3;2024:0;2025:2;2026:8,AEMET
1044X,"ARAMAIO, ETXAGUEN",ARABA/ALAVA,617.0,43.0578,-2.5897,31.6,interior,500-800,10,2017,2026,81,0.33,3.0,2.67,0.3576,0.0525,0.6627,si,0.4773,0.1323,no,no,3.0,2017:1;2018:0;2019:0;2020:0;2021:0;2022:3;2023:0;2024:3;2025:2;2026:4,AEMET
1176A,TRESVISO,CANTABRIA,940.0,43.2558,-4.6683,15.4,litoral,800-1200,10,2017,2026,81,1.33,4.0,2.67,0.3515,-0.2794,0.9824,no,0.171,0.2736,no,no,6.0,2017:3;2018:1;2019:0;2020:0;2021:0;2022:6;2023:0;2024:2;2025:7;2026:3,AEMET
1234P,"MIERES, BAIÑA",ASTURIAS,170.0,43.275,-5.8192,32.6,interior,<200,10,2017,2026,81,0.67,3.33,2.67,0.3758,-0.0635,0.8151,no,0.3272,0.1905,no,no,5.0,2017:0;2018:2;2019:0;2020:0;2021:0;2022:0;2023:0;2024:3;2025:1;2026:6,AEMET
1496X,VIGO,PONTEVEDRA,120.0,42.2306,-8.7242,5.4,litoral,<200,9,2017,2026,81,3.33,6.0,2.67,0.3392,-0.425,1.1034,no,0.136,0.3231,no,si,-8.0,2017:2;2018:8;2019:0;2020:3;2021:2;2023:1;2024:4;2025:6;2026:8,AEMET
1521X,BECERREÁ,LUGO,1080.0,42.8639,-7.1853,76.5,interior,800-1200,10,2017,2026,81,2.0,4.67,2.67,0.3697,-0.3663,1.1057,no,0.1436,0.3191,no,no,8.0,2017:3;2018:3;2019:0;2020:0;2021:0;2022:5;2023:0;2024:1;2025:9;2026:4,AEMET
2444,ÁVILA,AVILA,1130.0,40.6592,-4.6797,303.7,interior,800-1200,10,2017,2026,81,2.33,5.0,2.67,0.4061,-0.3728,1.185,no,0.153,0.3378,no,no,-10.0,2017:2;2018:0;2019:5;2020:3;2021:2;2022:11;2023:1;2024:4;2025:6;2026:5,AEMET
2456B,AREVALO,AVILA,820.0,41.0714,-4.73,258.0,interior,800-1200,10,2017,2026,81,1.0,3.67,2.67,0.3333,-0.1149,0.7815,no,0.2688,0.1944,no,si,-6.0,2017:2;2018:0;2019:1;2020:2;2021:1;2022:6;2023:0;2024:3;2025:4;2026:4,AEMET
2482B,MIGUELAÑEZ,SEGOVIA,870.0,41.1264,-4.3758,251.7,interior,800-1200,8,2017,2026,81,4.33,7.0,2.67,0.1389,-0.9872,1.265,no,0.015,0.4602,no,no,-10.0,2017:10;2018:0;2019:3;2020:3;2021:2;2022:10;2025:6;2026:5,AEMET
3266A,PUERTO ALTO DEL LEÓN,MADRID,1530.0,40.7064,-4.1414,298.4,interior,>1200,9,2017,2025,81,1.0,3.67,2.67,0.55,0.0078,1.0922,si,0.4512,0.2292,no,no,5.0,2017:1;2018:1;2019:1;2020:0;2021:2;2022:7;2023:3;2024:3;2025:5,AEMET
4244X,HERRERA DEL DUQUE,BADAJOZ,447.0,39.1694,-5.0622,196.9,interior,200-500,10,2017,2026,81,23.67,26.33,2.67,0.5697,-1.2229,2.3623,no,0.0629,0.7774,no,si,24.0,2017:26;2018:23;2019:22;2020:30;2021:14;2022:38;2023:36;2024:25;2025:27;2026:27,AEMET
5704B,CAZALLA DE LA SIERRA,SEVILLA,550.0,37.9264,-5.7697,106.7,interior,500-800,10,2017,2026,81,2.0,4.67,2.67,0.4,-0.2498,1.0498,no,0.2012,0.2818,no,si,9.0,2017:3;2018:2;2019:1;2020:3;2021:4;2022:5;2023:6;2024:1;2025:10;2026:3,AEMET
8005X,FONTANARS DELS ALFORINS,VALENCIA,622.0,38.78,-0.7958,52.1,interior,500-800,10,2017,2026,81,3.0,5.67,2.67,0.5818,-0.1276,1.2913,no,0.3089,0.3077,no,no,-7.0,2017:4;2018:2;2019:3;2020:1;2021:4;2022:4;2023:9;2024:2;2025:4;2026:11,AEMET
9280B,LARRAGA,NAVARRA,375.0,42.5494,-1.8575,84.1,interior,200-500,9,2017,2026,81,1.67,4.33,2.67,0.6613,-0.0699,1.3925,no,0.3952,0.3092,no,si,8.0,2017:1;2018:2;2019:2;2020:0;2021:0;2022:4;2023:1;2024:2;2026:10,AEMET
9531Y,MONTALBÁN,TERUEL,895.0,40.8286,-0.7928,110.6,interior,800-1200,10,2017,2026,81,3.67,6.33,2.67,0.5636,-0.379,1.5063,no,0.192,0.4088,no,no,10.0,2017:4;2018:0;2019:7;2020:3;2021:3;2022:11;2023:8;2024:7;2025:1;2026:11,AEMET
C639M,"MASPALOMAS, C. INSULAR TURISMO",LAS PALMAS,45.0,27.7581,-15.5756,0.6,litoral,<200,10,2017,2026,81,61.0,63.67,2.67,0.1879,-2.1383,2.514,no,0.0043,1.0087,no,no,-23.0,2017:73;2018:50;2019:60;2020:76;2021:58;2022:60;2023:77;2024:63;2025:67;2026:61,AEMET
1064L,"OROZKO, IBARRA",BIZKAIA,270.0,43.0964,-2.8603,32.7,interior,200-500,10,2017,2026,81,0.0,2.33,2.33,0.3818,-0.1265,0.8902,no,0.2727,0.2204,no,no,7.0,2017:0;2018:0;2019:0;2020:0;2021:0;2022:0;2023:0;2024:0;2025:0;2026:7,AEMET
1347T,BURELA,LUGO,80.0,43.6511,-7.3572,0.6,litoral,<200,10,2017,2026,81,0.67,3.0,2.33,0.4061,-0.0731,0.8852,no,0.3231,0.2078,no,si,7.0,2017:0;2018:1;2019:1;2020:0;2021:0;2022:0;2023:2;2024:2;2025:0;2026:7,AEMET
2096B,LICERAS,SORIA,1150.0,41.3736,-3.2514,219.9,interior,800-1200,10,2017,2026,81,1.67,4.0,2.33,0.2788,-0.2537,0.8112,no,0.1541,0.2309,no,no,-6.0,2017:1;2018:0;2019:4;2020:4;2021:1;2022:6;2023:0;2024:5;2025:3;2026:4,AEMET
2290Y,PEDROSA DEL PRÍNCIPE,BURGOS,771.0,42.2511,-4.1989,126.6,interior,500-800,10,2017,2026,81,0.0,2.33,2.33,0.2727,0.0768,0.4686,si,0.563,0.085,no,si,3.0,2017:0;2018:0;2019:0;2020:1;2021:0;2022:1;2023:0;2024:3;2025:2;2026:2,AEMET
2400E,AUTILLA DEL PINO,PALENCIA,874.0,41.9956,-4.6028,155.1,interior,800-1200,10,2017,2026,81,0.0,2.33,2.33,0.297,0.0491,0.5448,si,0.4883,0.1075,no,no,3.0,2017:0;2018:0;2019:0;2020:1;2021:0;2022:3;2023:0;2024:2;2025:3;2026:2,AEMET
2430Y,MUÑOTELLO,AVILA,1178.0,40.5433,-5.0442,307.7,interior,800-1200,10,2017,2026,81,1.0,3.33,2.33,0.3273,-0.2786,0.9332,no,0.1624,0.2627,no,no,-6.0,2017:1;2018:1;2019:1;2020:0;2021:3;2022:7;2023:3;2024:4;2025:6;2026:0,AEMET
2471Y,SAN RAFAEL,SEGOVIA,1237.0,40.7186,-4.2119,297.0,interior,>1200,9,2017,2026,81,1.33,3.67,2.33,0.3792,-0.0532,0.8116,no,0.3806,0.1828,no,si,5.0,2017:1;2018:0;2019:3;2020:1;2021:1;2022:6;2024:4;2025:4;2026:3,AEMET
2555B,FUENTESAUCO,ZAMORA,811.0,41.2367,-5.4814,244.6,interior,800-1200,9,2017,2026,81,1.0,3.33,2.33,0.375,-0.0802,0.8302,no,0.3516,0.1925,no,no,5.0,2017:2;2018:0;2019:1;2020:0;2021:0;2022:5;2024:2;2025:5;2026:3,AEMET
2604B,MEDINA DE RIOSECO,VALLADOLID,731.0,41.8758,-5.0403,171.6,interior,500-800,8,2017,2024,81,0.0,2.33,2.33,0.3452,-0.3064,0.9968,no,0.2188,0.2663,no,si,5.0,2017:0;2018:0;2019:0;2020:0;2021:0;2022:5;2023:0;2024:2,AEMET
3140Y,MANDAYONA,GUADALAJARA,990.0,40.985,-2.76,258.1,interior,800-1200,10,2017,2026,81,0.67,3.0,2.33,0.4303,-0.2343,1.0949,no,0.2179,0.2882,no,no,7.0,2017:1;2018:0;2019:1;2020:3;2021:1;2022:8;2023:4;2024:1;2025:1;2026:7,AEMET
3245Y,TEMBLEQUE,TOLEDO,635.0,39.6961,-3.5058,273.5,interior,500-800,8,2017,2026,81,11.0,13.33,2.33,0.4512,-0.6115,1.514,no,0.1525,0.4343,no,no,-10.0,2017:15;2018:5;2019:13;2020:8;2023:13;2024:9;2025:15;2026:16,AEMET
6340X,GARRUCHA,ALMERIA,28.0,37.1692,-1.8286,0.8,litoral,<200,10,2017,2026,81,60.0,62.33,2.33,0.2545,-1.0532,1.5623,no,0.0246,0.5671,no,no,-10.0,2017:66;2018:56;2019:58;2020:61;2021:64;2022:65;2023:71;2024:68;2025:62;2026:57,AEMET
6367B,HUÉRCAL-OVERA,ALMERIA,300.0,37.3906,-1.9436,21.1,litoral,200-500,9,2017,2025,81,41.67,44.0,2.33,0.45,-1.5079,2.4079,no,0.0405,0.8279,no,no,13.0,2017:47;2018:38;2019:40;2020:33;2021:32;2022:41;2023:45;2024:37;2025:50,AEMET
8018X,ELX/ELCHE,ALICANTE,110.0,38.2875,-0.6806,12.9,litoral,<200,10,2017,2026,81,39.0,41.33,2.33,0.7758,-1.3407,2.8922,no,0.082,0.9178,no,si,24.0,2017:40;2018:40;2019:37;2020:28;2021:27;2022:26;2023:50;2024:35;2025:44;2026:45,AEMET
9073X,"AGURAIN/SALVATIERRA, OPAKUA",ARABA/ALAVA,660.0,42.8297,-2.3597,52.3,interior,500-800,10,2017,2026,81,0.67,3.0,2.33,0.3758,-0.0252,0.7767,no,0.3686,0.1739,no,si,5.0,2017:0;2018:0;2019:2;2020:0;2021:0;2022:1;2023:0;2024:2;2025:1;2026:6,AEMET
9122I,LABASTIDA,ARABA/ALAVA,612.0,42.6039,-2.7767,84.2,interior,500-800,10,2017,2026,81,2.0,4.33,2.33,0.3576,-0.1685,0.8837,no,0.2349,0.2281,no,no,4.0,2017:3;2018:0;2019:3;2020:0;2021:0;2022:2;2023:0;2024:3;2025:3;2026:7,AEMET
9263D,"PAMPLONA, AEROPUERTO",NAVARRA,459.0,42.7769,-1.65,58.3,interior,200-500,10,2017,2026,81,0.67,3.0,2.33,0.4121,-0.1667,0.991,no,0.252,0.251,no,si,8.0,2017:0;2018:0;2019:2;2020:0;2021:0;2022:1;2023:0;2024:1;2025:0;2026:8,AEMET
9390,DAROCA,ZARAGOZA,774.0,41.1144,-1.41,171.0,interior,500-800,10,2017,2026,81,2.33,4.67,2.33,0.4303,-0.2697,1.1303,no,0.2007,0.3036,no,no,8.0,2017:4;2018:0;2019:3;2020:1;2021:3;2022:8;2023:4;2024:4;2025:1;2026:9,AEMET
C018J,TÍAS,LAS PALMAS,376.0,28.9697,-13.6903,5.5,litoral,200-500,10,2017,2026,81,2.0,4.33,2.33,0.4121,-0.1234,0.9476,no,0.2825,0.2322,no,no,-5.0,2017:5;2018:0;2019:1;2020:0;2021:3;2022:4;2023:6;2024:2;2025:5;2026:6,AEMET
C249I,FUERTEVENTURA AEROPUERTO,LAS PALMAS,25.0,28.4447,-13.8631,0.6,litoral,<200,10,2017,2026,81,55.67,58.0,2.33,0.2424,-2.67,3.1548,no,0.0046,1.263,no,no,-27.0,2017:71;2018:44;2019:52;2020:75;2021:51;2022:62;2023:73;2024:49;2025:64;2026:61,AEMET
C447A,TENERIFE NORTE AEROPUERTO,SANTA CRUZ DE TENERIFE,632.0,28.4775,-16.3294,5.7,litoral,500-800,10,2017,2026,81,3.0,5.33,2.33,0.3939,-0.2784,1.0662,no,0.1858,0.2915,no,no,6.0,2017:4;2018:2;2019:3;2020:4;2021:10;2022:4;2023:8;2024:2;2025:6;2026:8,AEMET
C457I,LA VICTORIA DE ACENTEJO,SANTA CRUZ DE TENERIFE,567.0,28.4344,-16.4544,1.8,litoral,500-800,10,2017,2026,81,0.33,2.67,2.33,0.4,0.0594,0.7406,si,0.4783,0.1477,no,si,-4.0,2017:0;2018:1;2019:0;2020:2;2021:2;2022:4;2023:5;2024:1;2025:3;2026:4,AEMET
C649R,"TELDE, MELENARA",LAS PALMAS,9.0,27.9867,-15.3778,0.8,litoral,<200,10,2017,2026,81,60.0,62.33,2.33,0.2788,-1.3616,1.9192,no,0.0188,0.7114,no,no,-17.0,2017:69;2018:52;2019:59;2020:67;2021:55;2022:67;2023:68;2024:59;2025:68;2026:60,AEMET
1033X,ARESO,NAVARRA,520.0,43.085,-1.9508,25.8,litoral,500-800,10,2017,2026,81,0.33,2.33,2.0,0.2545,-0.0843,0.5934,no,0.2727,0.147,no,no,4.0,2017:1;2018:0;2019:0;2020:0;2021:0;2022:0;2023:0;2024:3;2025:0;2026:4,AEMET
1049N,ELGETA,GIPUZKOA,470.0,43.1383,-2.4958,20.6,litoral,200-500,10,2017,2026,81,0.0,2.0,2.0,0.2667,-0.0134,0.5467,no,0.3761,0.1214,no,no,3.0,2017:0;2018:0;2019:0;2020:0;2021:0;2022:2;2023:0;2024:3;2025:0;2026:3,AEMET
1083B,SOPUERTA,BIZKAIA,177.0,43.2797,-3.1686,7.8,litoral,<200,10,2017,2026,81,0.0,2.0,2.0,0.3091,0.0518,0.5664,si,0.4896,0.1116,no,no,2.0,2017:0;2018:0;2019:0;2020:0;2021:0;2022:1;2023:0;2024:0;2025:2;2026:4,AEMET
1109X,SANTANDER AEROPUERTO,CANTABRIA,3.0,43.4286,-3.8314,4.8,litoral,<200,10,2017,2026,81,4.67,6.67,2.0,0.3636,-0.5756,1.3029,no,0.0906,0.4073,no,no,10.0,2017:0;2018:10;2019:4;2020:3;2021:1;2022:5;2023:1;2024:5;2025:4;2026:11,AEMET
1207U,"GIJÓN, CAMPUS",ASTURIAS,26.0,43.5231,-5.6211,3.0,litoral,<200,8,2017,2024,81,1.0,3.0,2.0,0.4524,-0.0682,0.9729,no,0.4298,0.2127,no,no,3.0,2017:0;2018:2;2019:1;2020:0;2021:0;2022:2;2023:2;2024:5,AEMET
1297E,CERVANTES,LUGO,1020.0,42.7686,-7.0175,86.9,interior,800-1200,10,2017,2026,81,2.0,4.0,2.0,0.3152,-0.4262,1.0565,no,0.1073,0.3215,no,no,8.0,2017:3;2018:3;2019:0;2020:0;2021:0;2022:8;2023:0;2024:1;2025:6;2026:5,AEMET
1342X,RIBADEO,LUGO,43.0,43.5406,-7.0831,1.1,litoral,<200,10,2017,2026,81,0.0,2.0,2.0,0.3636,-0.0639,0.7912,no,0.3247,0.1854,no,si,6.0,2017:0;2018:0;2019:0;2020:0;2021:0;2022:0;2023:2;2024:0;2025:0;2026:6,AEMET
2517A,FUENTE EL SOL,VALLADOLID,755.0,41.1728,-4.9397,247.9,interior,500-800,10,2017,2026,81,1.0,3.0,2.0,0.3273,0.022,0.6325,si,0.4332,0.1324,no,no,3.0,2017:1;2018:0;2019:2;2020:0;2021:0;2022:1;2023:1;2024:2;2025:2;2026:5,AEMET
2891A,VILLARINO DE LOS AIRES,SALAMANCA,690.0,41.2628,-6.4622,171.0,interior,500-800,9,2017,2026,81,2.33,4.33,2.0,0.1986,-0.33,0.7273,no,0.1014,0.2235,no,no,-3.0,2017:4;2018:3;2019:0;2020:3;2021:0;2023:1;2024:3;2025:6;2026:4,AEMET
4070Y,ABIA DE OBISPALIA,CUENCA,1020.0,40.0189,-2.3953,185.5,interior,800-1200,8,2017,2026,81,2.0,4.0,2.0,0.3742,-0.131,0.8793,no,0.3538,0.2064,no,no,-4.0,2017:3;2018:1;2019:2;2020:3;2022:6;2023:2;2025:3;2026:7,AEMET
0363X,SANT HILARI,GIRONA,810.0,41.8808,2.5133,31.5,interior,800-1200,10,2017,2026,81,0.0,1.67,1.67,0.2545,-0.0156,0.5246,no,0.3712,0.1171,no,si,4.0,2017:0;2018:0;2019:0;2020:0;2021:0;2022:1;2023:0;2024:1;2025:0;2026:4,AEMET
1442U,BOIRO,A CORUÑA,10.0,42.6439,-8.8922,3.7,litoral,<200,9,2017,2026,81,1.0,2.67,1.67,0.2952,-0.1617,0.7521,no,0.2501,0.1932,no,no,5.0,2017:0;2019:1;2020:2;2021:0;2022:1;2023:0;2024:3;2025:0;2026:5,AEMET
1477V,VILAGARCÍA DE AROUSA,PONTEVEDRA,32.0,42.5847,-8.7747,1.4,litoral,<200,10,2017,2026,81,0.67,2.33,1.67,0.2303,-0.1058,0.5664,no,0.2378,0.1458,no,no,4.0,2017:1;2018:1;2019:0;2020:1;2021:0;2022:3;2023:1;2024:3;2025:0;2026:4,AEMET
2117D,ARANDA DE DUERO,BURGOS,790.0,41.6658,-3.7428,193.1,interior,500-800,10,2017,2026,81,0.0,1.67,1.67,0.2061,-0.0792,0.4913,no,0.2576,0.1237,no,no,3.0,2017:0;2018:0;2019:0;2020:0;2021:0;2022:3;2023:0;2024:3;2025:1;2026:1,AEMET
2507Y,RUEDA,VALLADOLID,724.0,41.4194,-4.9636,220.9,interior,500-800,10,2017,2026,81,1.33,3.0,1.67,0.2242,-0.2894,0.7379,no,0.1124,0.2228,no,no,6.0,2017:3;2018:0;2019:1;2020:1;2021:0;2022:6;2023:1;2024:2;2025:5;2026:2,AEMET
2536D,MORALES DEL TORO,ZAMORA,710.0,41.5483,-5.2714,211.0,interior,500-800,10,2017,2026,81,0.67,2.33,1.67,0.2182,-0.4016,0.8379,no,0.0761,0.2688,no,no,8.0,2017:1;2018:1;2019:0;2020:1;2021:0;2022:8;2023:0;2024:3;2025:2;2026:2,AEMET
2661,"LEÓN, VIRGEN DEL CAMINO",LEON,916.0,42.5883,-5.6511,104.1,interior,800-1200,10,2017,2026,81,0.0,1.67,1.67,0.2364,0.0687,0.4041,si,0.569,0.0727,no,si,2.0,2017:0;2018:0;2019:0;2020:0;2021:0;2022:2;2023:0;2024:1;2025:2;2026:2,AEMET
5402,CÓRDOBA AEROPUERTO,CORDOBA,90.0,37.8489,-4.8467,130.8,interior,<200,10,2017,2026,81,22.67,24.33,1.67,0.0667,-1.9254,2.0587,no,0.0007,0.8639,no,no,18.0,2017:30;2018:18;2019:20;2020:35;2021:18;2022:36;2023:29;2024:21;2025:33;2026:19,AEMET
8270X,BICORP,VALENCIA,305.0,39.1336,-0.79,46.5,interior,200-500,8,2017,2026,81,21.33,23.0,1.67,0.4874,-1.3295,2.3044,no,0.067,0.7425,no,si,-18.0,2017:25;2018:22;2019:17;2022:25;2023:37;2024:19;2025:21;2026:29,AEMET
8486X,MOSQUERUELA,TERUEL,1515.0,40.3625,-0.4544,55.8,interior,>1200,10,2017,2026,81,0.33,2.0,1.67,0.3333,-0.1495,0.8162,no,0.2406,0.2094,no,no,6.0,2017:0;2018:0;2019:1;2020:0;2021:3;2022:0;2023:3;2024:0;2025:0;2026:6,AEMET
9170,"LOGROÑO, AEROPUERTO",LA RIOJA,353.0,42.4522,-2.3311,93.9,interior,200-500,10,2017,2026,81,4.33,6.0,1.67,0.3879,-0.4823,1.2581,no,0.1167,0.3774,no,no,10.0,2017:4;2018:2;2019:7;2020:3;2021:0;2022:7;2023:3;2024:4;2025:2;2026:12,AEMET
9374X,SANTA EULALIA DEL CAMPO,TERUEL,1000.0,40.5667,-1.3208,129.9,interior,800-1200,8,2017,2026,81,0.0,1.67,1.67,0.2794,0.0314,0.5274,si,0.5588,0.1014,no,no,3.0,2017:0;2018:0;2019:0;2020:0;2021:1;2023:2;2024:0;2026:3,AEMET
9436X,FONFRÍA,TERUEL,1255.0,40.9953,-1.0875,141.5,interior,>1200,10,2017,2026,81,1.0,2.67,1.67,0.3576,-0.1624,0.8775,no,0.2392,0.2255,no,no,5.0,2017:0;2018:0;2019:3;2020:0;2021:2;2022:7;2023:3;2024:1;2025:4;2026:3,AEMET
9707,LLIMIANA,LLEIDA,515.0,42.0669,0.9072,80.4,interior,500-800,8,2017,2026,81,5.33,7.0,1.67,0.1222,-0.9014,1.1458,no,0.014,0.4183,no,no,-8.0,2017:9;2019:3;2020:4;2021:3;2022:5;2024:10;2025:2;2026:9,AEMET
9775X,EL SOLERÀS,LLEIDA,392.0,41.4136,0.6783,48.6,interior,200-500,10,2017,2026,81,20.33,22.0,1.67,0.5758,-0.9674,2.1189,no,0.0847,0.6692,no,no,14.0,2017:21;2018:15;2019:25;2020:12;2021:12;2022:23;2023:17;2024:18;2025:17;2026:31,AEMET
9935X,VALDERROBRES,TERUEL,483.0,40.8733,0.1464,47.0,interior,200-500,10,2017,2026,81,1.0,2.67,1.67,0.2606,0.0181,0.5031,si,0.4343,0.1051,no,si,-3.0,2017:0;2018:1;2019:2;2020:1;2021:2;2022:2;2023:3;2024:4;2025:1;2026:3,AEMET
C148F,SAN ANDRÉS Y SAUCES,SANTA CRUZ DE TENERIFE,362.0,28.8047,-17.7822,1.3,litoral,200-500,10,2017,2026,81,1.33,3.0,1.67,0.3758,-0.2884,1.0399,no,0.1754,0.288,no,no,7.0,2017:2;2018:0;2019:2;2020:0;2021:5;2022:1;2023:5;2024:0;2025:1;2026:8,AEMET
C317B,AGULO,SANTA CRUZ DE TENERIFE,765.0,28.1789,-17.2131,1.3,litoral,500-800,10,2017,2026,81,2.67,4.33,1.67,0.1515,-0.6623,0.9654,no,0.0225,0.3529,no,no,7.0,2017:7;2018:1;2019:0;2020:4;2021:9;2022:4;2023:5;2024:1;2025:8;2026:4,AEMET
C406G,"LA OROTAVA, CAÑADAS TEIDE",SANTA CRUZ DE TENERIFE,2150.0,28.2242,-16.6261,17.6,litoral,>1200,10,2017,2026,81,0.33,2.0,1.67,0.303,-0.0563,0.6623,no,0.321,0.1558,no,no,4.0,2017:1;2018:0;2019:0;2020:0;2021:0;2022:1;2023:4;2024:2;2025:0;2026:4,AEMET
C925F,"SAN ANDRÉS, VALVERDE",SANTA CRUZ DE TENERIFE,1070.0,27.7689,-17.9603,4.4,litoral,800-1200,8,2017,2026,81,8.0,9.67,1.67,0.1185,-1.5085,1.7455,no,0.0053,0.6649,no,no,-12.0,2017:16;2018:4;2019:4;2021:11;2022:16;2023:13;2024:5;2026:11,AEMET
0341X,TONA,BARCELONA,607.0,41.8469,2.2225,39.3,interior,500-800,8,2017,2024,81,0.33,1.67,1.33,0.2738,-0.2069,0.7545,no,0.2446,0.1965,no,no,4.0,2017:0;2018:1;2019:0;2020:0;2021:1;2022:0;2023:4;2024:1,AEMET
1069Y,"ABADIÑO, URKIOLA",BIZKAIA,747.0,43.0992,-2.6442,29.6,litoral,500-800,10,2017,2026,81,0.0,1.33,1.33,0.1939,-0.0126,0.4005,no,0.3694,0.0896,no,si,3.0,2017:0;2018:0;2019:0;2020:0;2021:0;2022:0;2023:0;2024:1;2025:0;2026:3,AEMET
1331A,CASTROPOL,ASTURIAS,40.0,43.5247,-7.0314,2.8,litoral,<200,8,2017,2026,81,0.0,1.33,1.33,0.2504,-0.1291,0.6299,no,0.3029,0.1551,no,si,4.0,2017:0;2018:0;2020:0;2022:0;2023:2;2024:0;2025:0;2026:4,AEMET
1495,VIGO AEROPUERTO,PONTEVEDRA,255.0,42.2386,-8.6239,13.7,litoral,200-500,10,2017,2026,81,1.67,3.0,1.33,0.097,-0.2925,0.4864,no,0.0396,0.1689,no,no,-4.0,2017:2;2018:3;2019:0;2020:3;2021:1;2022:4;2023:0;2024:3;2025:4;2026:2,AEMET
1740,"SANTILLANA DEL MAR, ALTAMIRA",CANTABRIA,150.0,43.3772,-4.1244,3.7,litoral,<200,9,2017,2025,81,0.0,1.33,1.33,0.25,-0.0385,0.5385,no,0.375,0.122,no,no,3.0,2017:0;2018:0;2019:0;2020:0;2021:0;2022:2;2023:0;2024:3;2025:1,AEMET
2593D,VILLALÓN DE CAMPOS,VALLADOLID,782.0,42.0942,-5.0411,147.7,interior,500-800,9,2017,2025,81,0.0,1.33,1.33,0.2833,-0.1496,0.7162,no,0.255,0.183,no,no,4.0,2017:0;2018:0;2019:0;2020:0;2021:0;2022:4;2023:0;2024:3;2025:1,AEMET
2863C,PEDRAZA DE ALBA  ,SALAMANCA,897.0,40.7322,-5.3661,280.3,interior,800-1200,8,2017,2026,81,0.33,1.67,1.33,0.1534,-0.0593,0.3661,no,0.3416,0.0869,no,no,2.0,2017:1;2018:0;2019:0;2021:0;2023:0;2024:2;2025:1;2026:2,AEMET
5341C,FUENCALIENTE,CIUDAD REAL,710.0,38.4289,-4.3017,187.7,interior,500-800,9,2017,2026,81,2.67,4.0,1.33,0.2432,-0.796,1.2825,no,0.0419,0.4394,no,no,-9.0,2017:5;2018:2;2019:1;2020:5;2021:6;2023:14;2024:5;2025:5;2026:2,AEMET
9121X,HARO,LA RIOJA,465.0,42.5753,-2.8547,88.5,interior,200-500,9,2017,2026,81,1.33,2.67,1.33,0.3645,-0.1602,0.8892,no,0.2783,0.2219,no,no,4.0,2017:2;2018:0;2019:2;2020:1;2021:0;2022:4;2023:0;2024:2;2026:6,AEMET
9244X,SOS DEL REY CATÓLICO,ZARAGOZA,626.0,42.4908,-1.2133,98.3,interior,500-800,8,2017,2026,81,3.67,5.0,1.33,0.1541,-0.9721,1.2804,no,0.0184,0.4603,no,no,10.0,2017:5;2019:4;2021:2;2022:6;2023:0;2024:3;2025:1;2026:11,AEMET
9381I,CALAMOCHA,TERUEL,884.0,40.9261,-1.2933,150.3,interior,800-1200,10,2017,2026,81,0.0,1.33,1.33,0.1939,0.0036,0.3843,si,0.4083,0.0825,no,si,3.0,2017:0;2018:0;2019:0;2020:1;2021:1;2022:1;2023:1;2024:1;2025:0;2026:3,AEMET
9394X,CALATAYUD,ZARAGOZA,582.0,41.3311,-1.6453,201.3,interior,500-800,10,2017,2026,81,5.0,6.33,1.33,0.2182,-0.6068,1.0432,no,0.0444,0.3578,no,no,10.0,2017:6;2018:3;2019:6;2020:6;2021:0;2022:10;2023:6;2024:9;2025:2;2026:8,AEMET
9751,SOPEIRA,HUESCA,760.0,42.3186,0.7469,80.0,interior,500-800,10,2017,2026,81,1.0,2.33,1.33,0.2667,-0.1401,0.6734,no,0.2222,0.1764,no,no,4.0,2017:1;2018:0;2019:2;2020:0;2021:0;2022:0;2023:4;2024:3;2025:0;2026:4,AEMET
9995Y,VALCARLOS/LUZAIDE,NAVARRA,334.0,43.0911,-1.3008,39.8,interior,200-500,10,2017,2026,81,0.33,1.67,1.33,0.2303,-0.1422,0.6028,no,0.2026,0.1615,no,si,5.0,2017:0;2018:0;2019:1;2020:1;2021:0;2022:1;2023:0;2024:0;2025:0;2026:5,AEMET
C656V,TEROR,LAS PALMAS,683.0,28.0753,-15.5472,8.1,litoral,500-800,10,2017,2026,81,1.0,2.33,1.33,0.2303,-0.4146,0.8752,no,0.0781,0.2797,no,no,-6.0,2017:2;2018:1;2019:0;2020:2;2021:6;2022:5;2023:7;2024:1;2025:5;2026:1,AEMET
0106X,BALSARENY,BARCELONA,361.0,41.8664,1.8725,54.8,interior,200-500,9,2017,2026,81,1.67,2.67,1.0,0.25,-0.4352,0.9352,no,0.0962,0.2897,no,no,8.0,2017:3;2018:0;2019:2;2021:3;2022:0;2023:8;2024:1;2025:2;2026:5,AEMET
0349,SANT JULIÀ  DE VILATORTA,BARCELONA,578.0,41.9261,2.3175,42.4,interior,500-800,8,2017,2026,81,0.0,1.0,1.0,0.1806,-0.0406,0.4017,no,0.3995,0.0904,no,si,2.0,2017:0;2018:0;2021:0;2022:0;2023:2;2024:0;2025:1;2026:2,AEMET
1249X,OVIEDO,ASTURIAS,334.0,43.3533,-5.8739,25.1,litoral,200-500,10,2017,2026,81,0.0,1.0,1.0,0.1576,-0.1018,0.417,no,0.197,0.1125,no,no,3.0,2017:0;2018:0;2019:0;2020:0;2021:0;2022:3;2023:0;2024:1;2025:0;2026:2,AEMET
1387,A CORUÑA,A CORUÑA,57.0,43.3658,-8.4214,1.6,litoral,<200,10,2017,2026,81,1.0,2.0,1.0,0.2182,-0.1372,0.5735,no,0.2004,0.1541,no,no,4.0,2017:1;2018:0;2019:2;2020:0;2021:0;2022:0;2023:3;2024:2;2025:0;2026:4,AEMET
1387E,A CORUÑA AEROPUERTO,A CORUÑA,98.0,43.3069,-8.3719,8.1,litoral,<200,10,2017,2026,81,0.0,1.0,1.0,0.1818,-0.032,0.3956,no,0.3247,0.0927,no,si,3.0,2017:0;2018:0;2019:0;2020:0;2021:0;2022:0;2023:1;2024:0;2025:0;2026:3,AEMET
1446X,MONTERROSO,LUGO,680.0,42.8097,-7.7683,79.0,interior,500-800,9,2018,2026,81,0.33,1.33,1.0,0.15,-0.4099,0.7099,no,0.0542,0.2367,no,no,5.0,2018:1;2019:0;2020:0;2021:0;2022:5;2023:0;2024:0;2025:3;2026:1,AEMET
1473A,PADRÓN,A CORUÑA,100.0,42.7383,-8.6272,17.9,litoral,<200,9,2017,2026,81,0.0,1.0,1.0,0.1297,0.0523,0.2071,si,0.6919,0.0327,no,no,1.0,2017:0;2018:0;2019:0;2020:0;2021:0;2023:0;2024:1;2025:1;2026:1,AEMET
1475X,SANTIAGO DE COMPOSTELA,A CORUÑA,240.0,42.8761,-8.5558,33.0,interior,200-500,9,2017,2026,81,0.0,1.0,1.0,0.1258,-0.1957,0.4473,no,0.109,0.1359,no,no,3.0,2017:0;2019:0;2020:0;2021:0;2022:3;2023:0;2024:2;2025:0;2026:1,AEMET
1484C,PONTEVEDRA,PONTEVEDRA,113.0,42.4383,-8.6158,12.8,litoral,<200,10,2017,2026,81,1.33,2.33,1.0,0.1273,-0.1934,0.448,no,0.0948,0.1391,no,no,-3.0,2017:1;2018:3;2019:0;2020:0;2021:0;2022:2;2023:0;2024:2;2025:3;2026:2,AEMET
1489A,A LAMA,PONTEVEDRA,395.0,42.4069,-8.4511,24.7,litoral,200-500,10,2017,2026,81,0.33,1.33,1.0,0.1394,-0.1623,0.4411,no,0.1243,0.1308,no,no,-3.0,2017:0;2018:1;2019:0;2020:2;2021:1;2022:3;2023:0;2024:0;2025:1;2026:3,AEMET
2092,BURGO DE OSMA,SORIA,932.0,41.5894,-3.0869,195.8,interior,800-1200,10,2017,2026,81,0.0,1.0,1.0,0.1212,-0.0391,0.2815,no,0.2755,0.0695,no,no,2.0,2017:0;2018:0;2019:0;2020:0;2021:0;2022:1;2023:0;2024:2;2025:0;2026:1,AEMET
2311Y,VILLAMAYOR DE LOS MONTES,BURGOS,884.0,42.1053,-3.7678,146.8,interior,800-1200,9,2017,2025,81,1.0,2.0,1.0,0.2667,-0.2402,0.7735,no,0.1811,0.2143,no,no,5.0,2017:1;2018:0;2019:2;2020:2;2021:0;2022:5;2023:0;2024:3;2025:3,AEMET
2882D,PEÑAUSENDE,ZAMORA,1003.0,41.2389,-5.8975,213.1,interior,800-1200,10,2017,2026,81,5.67,6.67,1.0,0.0121,-1.2824,1.3066,no,0.0001,0.5614,no,no,-13.0,2017:12;2018:3;2019:2;2020:3;2021:1;2022:7;2023:2;2024:3;2025:15;2026:2,AEMET
8354X,ALBARRACÍN,TERUEL,1130.0,40.4197,-1.4414,130.4,interior,800-1200,10,2017,2026,81,0.33,1.33,1.0,0.1576,-0.0614,0.3766,no,0.2561,0.095,no,si,3.0,2017:1;2018:0;2019:0;2020:1;2021:1;2022:1;2023:2;2024:1;2025:0;2026:3,AEMET
8489X,VILLAFRANCA DEL CID/VILAFRANCA,CASTELLON,1130.0,40.4333,-0.2556,47.8,interior,800-1200,10,2017,2026,81,0.33,1.33,1.0,0.1758,-0.0357,0.3872,no,0.3146,0.0917,no,si,3.0,2017:0;2018:0;2019:1;2020:0;2021:1;2022:0;2023:1;2024:1;2025:0;2026:3,AEMET
9178X,CAMPEZO/KANPEZU,ARABA/ALAVA,570.0,42.6706,-2.3461,70.0,interior,500-800,10,2017,2026,81,1.67,2.67,1.0,0.2121,-0.2859,0.7102,no,0.1076,0.216,no,no,5.0,2017:1;2018:0;2019:4;2020:1;2021:0;2022:1;2023:0;2024:1;2025:1;2026:6,AEMET
9262,PAMPLONA,NAVARRA,450.0,42.8178,-1.6383,53.9,interior,200-500,8,2017,2025,81,3.67,4.67,1.0,0.2824,-0.3168,0.8816,no,0.1814,0.2449,no,no,6.0,2017:3;2018:3;2019:5;2021:2;2022:8;2023:4;2024:4;2025:6,AEMET
9638D,COLL DE NARGÓ,LLEIDA,609.0,42.1544,1.3119,49.4,interior,500-800,10,2017,2026,81,0.0,1.0,1.0,0.1576,-0.0891,0.4042,no,0.2134,0.107,no,no,2.0,2017:0;2018:0;2019:0;2020:1;2021:0;2022:1;2023:3;2024:2;2025:0;2026:1,AEMET
C430E,IZAÑA,SANTA CRUZ DE TENERIFE,2369.0,28.3083,-16.4997,11.5,litoral,>1200,10,2017,2026,81,0.33,1.33,1.0,0.1697,-0.1029,0.4423,no,0.2048,0.1182,no,no,3.0,2017:1;2018:0;2019:0;2020:0;2021:0;2022:0;2023:3;2024:2;2025:0;2026:2,AEMET
0394X,LA VALL DE BIANYA,GIRONA,350.0,42.2106,2.4719,13.4,litoral,200-500,10,2017,2026,81,0.33,1.0,0.67,0.2303,-0.2415,0.7021,no,0.1367,0.2046,no,si,6.0,2017:0;2018:0;2019:1;2020:0;2021:0;2022:0;2023:6;2024:0;2025:1;2026:2,AEMET
1174I,"CILLORIGO DE LIÉBANA, TAMA",CANTABRIA,250.0,43.1828,-4.6017,23.0,litoral,200-500,10,2017,2026,81,0.33,1.0,0.67,0.1273,-0.113,0.3675,no,0.1572,0.1042,no,si,3.0,2017:1;2018:0;2019:0;2020:0;2021:0;2022:0;2023:1;2024:0;2025:0;2026:3,AEMET
1203D,COLUNGA,ASTURIAS,30.0,43.4922,-5.2472,0.6,litoral,<200,9,2017,2025,81,0.67,1.33,0.67,0.0833,-0.1893,0.356,no,0.0694,0.1153,no,no,2.0,2017:0;2018:1;2019:1;2020:0;2021:0;2022:0;2023:2;2024:2;2025:0,AEMET
1302F,DEGAÑA,ASTURIAS,1310.0,42.9553,-6.4725,65.0,interior,>1200,10,2017,2026,81,0.0,0.67,0.67,0.1152,-0.0405,0.2708,no,0.2668,0.0675,no,si,2.0,2017:0;2018:0;2019:0;2020:0;2021:0;2022:1;2023:0;2024:0;2025:0;2026:2,AEMET
1466A,SILLEDA,PONTEVEDRA,435.0,42.7008,-8.2578,44.2,interior,200-500,10,2017,2026,81,0.67,1.33,0.67,0.1152,-0.1659,0.3962,no,0.1004,0.1219,no,no,3.0,2017:1;2018:1;2019:0;2020:0;2021:0;2022:3;2023:0;2024:0;2025:2;2026:2,AEMET
1631E,A POBRA DE TRIVES,OURENSE,840.0,42.3394,-7.2825,78.3,interior,800-1200,9,2017,2026,81,0.0,0.67,0.67,0.1333,-0.0856,0.3523,no,0.2286,0.0926,no,no,2.0,2017:0;2018:0;2019:0;2020:0;2021:0;2022:2;2024:0;2025:0;2026:2,AEMET
2166Y,PEÑAFIEL,VALLADOLID,756.0,41.5931,-4.1247,199.9,interior,500-800,9,2017,2026,81,0.33,1.0,0.67,0.1333,-0.1142,0.3808,no,0.1882,0.1047,no,si,3.0,2017:0;2018:0;2019:1;2020:0;2021:0;2022:3;2024:1;2025:1;2026:1,AEMET
2374X,CARRIÓN DE LOS CONDES,PALENCIA,830.0,42.3508,-4.6172,115.6,interior,800-1200,10,2017,2026,81,0.0,0.67,0.67,0.0727,-0.1465,0.2919,no,0.0682,0.0951,no,no,2.0,2017:0;2018:0;2019:0;2020:0;2021:0;2022:2;2023:0;2024:2;2025:0;2026:0,AEMET
2462,PUERTO DE NAVACERRADA,MADRID,1892.0,40.7933,-4.0108,289.1,interior,>1200,10,2017,2026,81,0.33,1.0,0.67,0.1091,-0.1605,0.3786,no,0.0982,0.1169,no,no,3.0,2017:0;2018:1;2019:0;2020:1;2021:0;2022:3;2023:2;2024:1;2025:2;2026:0,AEMET
2755X,BENAVENTE,ZAMORA,715.0,42.0108,-5.6667,166.3,interior,500-800,10,2017,2026,81,0.67,1.33,0.67,0.0727,-0.2814,0.4268,no,0.0273,0.1536,no,no,4.0,2017:2;2018:0;2019:0;2020:0;2021:0;2022:4;2023:0;2024:2;2025:1;2026:1,AEMET
2916A,VITIGUDINO,SALAMANCA,769.0,41.0114,-6.4378,189.5,interior,500-800,10,2017,2026,81,1.0,1.67,0.67,0.1333,-0.3818,0.6484,no,0.0426,0.2234,no,no,6.0,2017:1;2018:2;2019:0;2020:0;2021:0;2022:6;2023:0;2024:0;2025:3;2026:2,AEMET
2946X,SAELICES EL CHICO,SALAMANCA,680.0,40.635,-6.6,210.1,interior,500-800,9,2017,2026,81,0.67,1.33,0.67,0.1095,-0.1865,0.4054,no,0.0985,0.1252,no,no,3.0,2017:1;2018:1;2019:0;2020:0;2022:3;2023:0;2024:0;2025:2;2026:2,AEMET
3111D,SOMOSIERRA,MADRID,1454.0,41.1358,-3.5803,248.5,interior,>1200,8,2017,2025,81,0.0,0.67,0.67,0.1167,-0.016,0.2493,no,0.4356,0.0542,no,no,1.0,2017:0;2018:0;2019:0;2020:0;2022:1;2023:1;2024:0;2025:1,AEMET
9069C,MIRANDA DE EBRO,BURGOS,460.0,42.6872,-2.9606,74.8,interior,200-500,10,2017,2026,81,0.33,1.0,0.67,0.1273,-0.113,0.3675,no,0.1572,0.1042,no,si,3.0,2017:0;2018:1;2019:0;2020:0;2021:0;2022:1;2023:0;2024:0;2025:0;2026:3,AEMET
9091R,VITORIA-GASTEIZ AEROPUERTO,ARABA/ALAVA,513.0,42.8719,-2.7328,55.2,interior,500-800,10,2017,2026,81,0.0,0.67,0.67,0.1091,-0.0361,0.2543,no,0.2727,0.063,no,no,2.0,2017:0;2018:0;2019:0;2020:0;2021:0;2022:0;2023:0;2024:0;2025:0;2026:2,AEMET
9141V,NÁJERA,LA RIOJA,500.0,42.4142,-2.7267,102.7,interior,500-800,10,2017,2026,81,0.67,1.33,0.67,0.1697,-0.1851,0.5245,no,0.132,0.1539,no,no,4.0,2017:1;2018:0;2019:1;2020:0;2021:0;2022:3;2023:1;2024:0;2025:0;2026:4,AEMET
9354X,ALHAMA DE ARAGON,ZARAGOZA,703.0,41.2931,-1.8953,215.2,interior,500-800,10,2017,2026,81,2.67,3.33,0.67,0.1273,-0.323,0.5775,no,0.0504,0.1953,no,no,-4.0,2017:4;2018:0;2019:4;2020:1;2021:0;2022:4;2023:2;2024:4;2025:2;2026:4,AEMET
9726E,LLORAC,TARRAGONA,657.0,41.5572,1.3094,44.9,interior,500-800,9,2017,2026,81,0.0,0.67,0.67,0.0792,-0.0234,0.1818,no,0.3223,0.0434,no,si,1.0,2017:0;2018:0;2019:0;2020:0;2021:0;2022:0;2024:1;2025:1;2026:0,AEMET
0061X,PONTONS,BARCELONA,632.0,41.4169,1.5192,25.3,litoral,500-800,9,2018,2026,81,1.0,1.33,0.33,0.0667,-0.3286,0.462,no,0.0222,0.1671,no,no,3.0,2018:2;2019:1;2020:0;2021:0;2022:3;2023:2;2024:0;2025:3;2026:1,AEMET
0341,TONA (ESCOLA),BARCELONA,607.0,41.8469,2.2225,39.3,interior,500-800,8,2017,2025,81,0.33,0.67,0.33,0.1081,-0.1374,0.3536,no,0.1622,0.1003,no,no,2.0,2017:0;2018:1;2019:0;2020:0;2021:1;2022:0;2024:0;2025:2,AEMET
1179B,CABRALES,ASTURIAS,458.0,43.3111,-4.8528,13.1,litoral,200-500,8,2017,2026,81,0.0,0.33,0.33,0.021,-0.0983,0.1403,no,0.03,0.0488,no,no,1.0,2017:0;2018:0;2019:0;2020:0;2021:0;2022:1;2023:0;2026:0,AEMET
1199X,"PILOÑA, BARGAÉU",ASTURIAS,280.0,43.3778,-5.3967,16.9,litoral,200-500,10,2017,2026,81,0.0,0.33,0.33,0.0424,-0.0354,0.1202,no,0.165,0.0337,no,si,1.0,2017:0;2018:0;2019:0;2020:0;2021:0;2022:0;2023:0;2024:0;2025:1;2026:0,AEMET
1221D,PAJARES-VALGRANDE,ASTURIAS,1480.0,42.9786,-5.7764,64.0,interior,>1200,10,2017,2026,81,0.0,0.33,0.33,0.0606,-0.0416,0.1628,no,0.1894,0.0443,no,no,1.0,2017:0;2018:0;2019:0;2020:0;2021:0;2022:1;2023:0;2024:0;2025:0;2026:1,AEMET
1272B,"TINEO, SOUTU",ASTURIAS,280.0,43.2903,-6.3867,28.8,litoral,200-500,10,2017,2026,81,0.67,1.0,0.33,0.0424,-0.1448,0.2297,no,0.033,0.0812,no,si,2.0,2017:0;2018:2;2019:0;2020:0;2021:0;2022:0;2023:0;2024:1;2025:1;2026:1,AEMET
1351,ESTACA DE BARES,A CORUÑA,90.0,43.7861,-7.685,0.8,litoral,<200,10,2017,2026,81,0.0,0.33,0.33,0.0545,-0.0181,0.1272,no,0.2727,0.0315,no,no,1.0,2017:0;2018:0;2019:0;2020:0;2021:0;2022:0;2023:0;2024:0;2025:0;2026:1,AEMET
1390X,"CARBALLO, DEPURADORA",A CORUÑA,98.0,43.2036,-8.7111,9.6,litoral,<200,10,2017,2026,81,0.0,0.33,0.33,0.0545,-0.0181,0.1272,no,0.2727,0.0315,no,no,1.0,2017:0;2018:0;2019:0;2020:0;2021:0;2022:0;2023:0;2024:0;2025:0;2026:1,AEMET
1399,VIMIANZO,A CORUÑA,287.0,43.0575,-9.0469,13.7,litoral,200-500,10,2017,2026,81,0.0,0.33,0.33,0.0667,-0.1068,0.2401,no,0.0894,0.0752,no,si,2.0,2017:0;2018:0;2019:0;2020:0;2021:0;2022:2;2023:0;2024:0;2025:0;2026:1,AEMET
1406X,MAZARICOS,A CORUÑA,340.0,42.9353,-8.9936,12.5,litoral,200-500,10,2017,2026,81,0.0,0.33,0.33,0.0606,-0.0416,0.1628,no,0.1894,0.0443,no,no,1.0,2017:0;2018:0;2019:0;2020:0;2021:0;2022:1;2023:0;2024:0;2025:0;2026:1,AEMET
1435C,NOIA,A CORUÑA,128.0,42.8003,-8.8761,12.3,litoral,<200,9,2017,2026,81,0.33,0.67,0.33,0.0242,-0.2797,0.328,no,0.005,0.1285,no,no,3.0,2017:1;2019:0;2020:0;2021:0;2022:3;2023:0;2024:1;2025:0;2026:1,AEMET
1518A,LUGO,LUGO,442.0,42.9983,-7.5525,67.1,interior,200-500,10,2017,2026,81,0.0,0.33,0.33,0.0545,-0.0181,0.1272,no,0.2727,0.0315,no,no,1.0,2017:0;2018:0;2019:0;2020:0;2021:0;2022:0;2023:0;2024:0;2025:0;2026:1,AEMET
1549,PONFERRADA,LEON,532.0,42.5639,-6.6,108.6,interior,500-800,9,2017,2025,81,0.33,0.67,0.33,0.1333,-0.2957,0.5624,no,0.0716,0.1814,no,no,4.0,2017:0;2018:1;2019:0;2020:1;2021:0;2022:4;2023:0;2024:0;2025:2,AEMET
1679A,MONFORTE DE LEMOS,LUGO,291.0,42.5317,-7.5108,71.5,interior,200-500,10,2017,2026,81,0.0,0.33,0.33,0.0545,-0.0181,0.1272,no,0.2727,0.0315,no,no,1.0,2017:0;2018:0;2019:0;2020:0;2021:0;2022:0;2023:0;2024:0;2025:0;2026:1,AEMET
1706A,ALLARIZ,OURENSE,492.0,42.1828,-7.7961,33.0,interior,200-500,10,2017,2026,81,0.0,0.33,0.33,0.0424,-0.0354,0.1202,no,0.165,0.0337,no,si,1.0,2017:0;2018:0;2019:0;2020:0;2021:0;2022:0;2023:0;2024:0;2025:1;2026:0,AEMET
1719,A CAÑIZA,PONTEVEDRA,560.0,42.2181,-8.2811,9.1,litoral,500-800,10,2017,2026,81,1.33,1.67,0.33,0.0667,-0.3113,0.4447,no,0.0203,0.1639,no,no,4.0,2017:1;2018:3;2019:0;2020:0;2021:0;2022:4;2023:0;2024:1;2025:2;2026:2,AEMET
2298,PALACIOS DE LA SIERRA,BURGOS,1080.0,41.9597,-3.1317,154.6,interior,800-1200,9,2017,2026,81,0.0,0.33,0.33,0.0292,-0.0614,0.1197,no,0.0766,0.0383,no,si,1.0,2017:0;2018:0;2019:0;2021:0;2022:0;2023:0;2024:1;2025:0;2026:0,AEMET
2401X,PALENCIA,PALENCIA,736.0,42.0094,-4.5606,153.5,interior,500-800,10,2017,2026,81,0.0,0.33,0.33,0.0364,-0.0732,0.146,no,0.0682,0.0475,no,no,1.0,2017:0;2018:0;2019:0;2020:0;2021:0;2022:1;2023:0;2024:1;2025:0;2026:0,AEMET
2734D,ASTORGA,LEON,919.0,42.4767,-6.0744,119.4,interior,800-1200,8,2017,2026,81,0.0,0.33,0.33,0.0173,-0.0974,0.1321,no,0.0223,0.0469,no,no,1.0,2017:0;2018:0;2019:0;2020:0;2021:0;2022:1;2024:0;2026:0,AEMET
2775X,VILLARDECIERVOS,ZAMORA,850.0,41.9414,-6.2797,158.8,interior,800-1200,9,2017,2026,81,0.0,0.33,0.33,0.0333,-0.0561,0.1227,no,0.1,0.0378,no,si,1.0,2017:0;2018:0;2019:0;2020:0;2021:0;2022:0;2024:1;2025:0;2026:0,AEMET
2777K,SANTIBAÑEZ DE VIDRIALES,ZAMORA,737.0,42.0781,-6.0072,163.8,interior,500-800,10,2017,2026,81,0.0,0.33,0.33,0.0424,-0.136,0.2209,no,0.0362,0.0774,no,no,2.0,2017:0;2018:0;2019:0;2020:0;2021:0;2022:2;2023:0;2024:1;2025:0;2026:0,AEMET
2789H,POZUELO DE TABARA,ZAMORA,711.0,41.7856,-5.9089,191.9,interior,500-800,8,2017,2025,81,0.67,1.0,0.33,-0.0315,-0.355,0.292,no,0.0094,0.1322,no,si,-2.0,2017:2;2018:0;2019:0;2020:0;2021:0;2022:2;2024:1;2025:0,AEMET
3103,PANTANO EL VADO,GUADALAJARA,910.0,41.0036,-3.3019,261.1,interior,800-1200,10,2017,2026,81,0.67,1.0,0.33,0.0788,-0.0912,0.2488,no,0.1249,0.0737,no,no,2.0,2017:1;2018:0;2019:1;2020:0;2021:0;2022:1;2023:1;2024:0;2025:2;2026:1,AEMET
3170Y,ALCALA DE HENARES,MADRID,605.0,40.5283,-3.2897,276.1,interior,500-800,9,2018,2026,81,9.33,9.67,0.33,0.15,-1.8383,2.1383,no,0.0045,0.8407,no,no,20.0,2018:6;2019:15;2020:7;2021:1;2022:21;2023:6;2024:12;2025:5;2026:12,AEMET
7067Y,NERPIO,ALBACETE,1485.0,38.0883,-2.4131,103.8,interior,>1200,9,2017,2026,81,0.33,0.67,0.33,0.0527,-0.0785,0.1839,no,0.1142,0.0555,no,no,1.0,2017:0;2018:0;2019:1;2020:0;2022:0;2023:0;2024:1;2025:0;2026:1,AEMET
8008Y,VILLENA,ALICANTE,486.0,38.5769,-0.8656,41.3,interior,200-500,10,2017,2026,81,3.67,4.0,0.33,0.1758,-0.3284,0.68,no,0.0747,0.2186,no,si,-5.0,2017:5;2018:4;2019:2;2020:1;2021:2;2022:4;2023:7;2024:2;2025:4;2026:6,AEMET
8245Y,MIRA,CUENCA,815.0,39.7144,-1.4425,98.3,interior,800-1200,9,2018,2026,81,0.0,0.33,0.33,0.0667,-0.0643,0.1977,no,0.1714,0.0554,no,no,1.0,2018:0;2019:0;2020:0;2021:0;2022:0;2023:1;2024:0;2025:1;2026:0,AEMET
8368U,TERUEL,TERUEL,902.0,40.3508,-1.1242,103.4,interior,800-1200,10,2017,2026,81,0.67,1.0,0.33,0.103,-0.1173,0.3233,no,0.1269,0.0955,no,no,2.0,2017:1;2018:0;2019:1;2020:0;2021:0;2022:1;2023:3;2024:1;2025:1;2026:1,AEMET
9051,MEDINA DE POMAR,BURGOS,580.0,42.92,-3.4828,54.1,interior,500-800,10,2017,2026,81,0.0,0.33,0.33,0.0667,-0.1068,0.2401,no,0.0894,0.0752,no,si,2.0,2017:0;2018:0;2019:0;2020:0;2021:0;2022:2;2023:0;2024:0;2025:0;2026:1,AEMET
9091O,FORONDA-TXOKIZA,ARABA/ALAVA,513.0,42.8819,-2.735,54.3,interior,500-800,10,2017,2026,81,0.0,0.33,0.33,0.0545,-0.0181,0.1272,no,0.2727,0.0315,no,no,1.0,2017:0;2018:0;2019:0;2020:0;2021:0;2022:0;2023:0;2024:0;2025:0;2026:1,AEMET
9188,ENCISO,LA RIOJA,855.0,42.1494,-2.2733,127.0,interior,800-1200,9,2017,2026,81,0.67,1.0,0.33,0.0459,-0.1965,0.2884,no,0.0279,0.1025,no,no,2.0,2017:0;2018:0;2019:2;2020:0;2021:0;2023:0;2024:2;2025:1;2026:0,AEMET
9207,"VALLE DE HECHO, HECHO",HUESCA,860.0,42.7406,-0.7506,99.1,interior,800-1200,10,2017,2026,81,0.0,0.33,0.33,0.0606,-0.0416,0.1628,no,0.1894,0.0443,no,no,1.0,2017:0;2018:0;2019:0;2020:0;2021:0;2022:1;2023:0;2024:0;2025:0;2026:1,AEMET
9228J,OROZ-BETELU/OROTZ-BETELU,NAVARRA,635.0,42.8961,-1.3003,55.4,interior,500-800,10,2017,2026,81,0.0,0.33,0.33,0.0545,-0.0181,0.1272,no,0.2727,0.0315,no,no,1.0,2017:0;2018:0;2019:0;2020:0;2021:0;2022:0;2023:0;2024:0;2025:0;2026:1,AEMET
9352A,ALMAZUL,SORIA,1000.0,41.5747,-2.1403,190.7,interior,800-1200,10,2017,2026,81,0.0,0.33,0.33,0.0545,-0.0181,0.1272,no,0.2727,0.0315,no,no,1.0,2017:0;2018:0;2019:0;2020:0;2021:0;2022:0;2023:0;2024:0;2025:0;2026:1,AEMET
9460X,SABIÑÁNIGO,HUESCA,775.0,42.5128,-0.3556,140.2,interior,500-800,10,2017,2026,81,0.33,0.67,0.33,0.0727,-0.0531,0.1985,no,0.1818,0.0545,no,no,1.0,2017:0;2018:0;2019:1;2020:0;2021:0;2022:0;2023:1;2024:1;2025:0;2026:1,AEMET
B684A,"ESCORCA, SON TORRELLA",BALEARES,842.0,39.7928,2.7878,4.4,litoral,800-1200,10,2017,2026,81,0.67,1.0,0.33,0.0727,-0.2106,0.3561,no,0.042,0.1229,no,si,3.0,2017:2;2018:0;2019:0;2020:0;2021:0;2022:0;2023:1;2024:0;2025:0;2026:3,AEMET
0312X,SANT PAU DE SEGÚRIES,GIRONA,851.0,42.2583,2.3644,12.6,litoral,800-1200,10,2017,2026,81,0.0,0.0,0.0,0.0,0.0,0.0,no,nan,0.0,no,no,0.0,2017:0;2018:0;2019:0;2020:0;2021:0;2022:0;2023:0;2024:0;2025:0;2026:0,AEMET
0320I,PLANOLES,GIRONA,1151.0,42.3169,2.1028,4.6,litoral,800-1200,10,2017,2026,81,0.0,0.0,0.0,-0.0061,-0.0911,0.079,no,0.0034,0.0369,no,si,1.0,2017:0;2018:0;2019:0;2020:0;2021:1;2022:0;2023:0;2024:0;2025:0;2026:0,AEMET
0360X,LES PLANES D'HOSTOLES,GIRONA,337.0,42.0528,2.5511,30.8,interior,200-500,9,2017,2026,81,0.0,0.0,0.0,0.0,0.0,0.0,no,nan,0.0,no,no,0.0,2017:0;2018:0;2019:0;2020:0;2021:0;2022:0;2024:0;2025:0;2026:0,AEMET
1021Y,ARTICUTZA (AUTOMATICA),NAVARRA,305.0,43.2122,-1.7978,11.2,litoral,200-500,8,2018,2025,81,0.0,0.0,0.0,0.0,0.0,0.0,no,nan,0.0,no,no,0.0,2018:0;2019:0;2020:0;2021:0;2022:0;2023:0;2024:0;2025:0,AEMET
1135C,"LOS TOJOS, BÁRCENA MAYOR",CANTABRIA,460.0,43.1469,-4.2142,27.0,litoral,200-500,10,2017,2026,81,0.0,0.0,0.0,0.0,0.0,0.0,no,nan,0.0,no,no,0.0,2017:0;2018:0;2019:0;2020:0;2021:0;2022:0;2023:0;2024:0;2025:0;2026:0,AEMET
1167B,"CAMALEÑO, FUENTE DE",CANTABRIA,1100.0,43.1439,-4.8128,29.7,litoral,800-1200,10,2017,2026,81,0.0,0.0,0.0,0.0,0.0,0.0,no,nan,0.0,no,no,0.0,2017:0;2018:0;2019:0;2020:0;2021:0;2022:0;2023:0;2024:0;2025:0;2026:0,AEMET
1178Y,"POSADA DE VALDEÓN, SOTO ",LEON,953.0,43.1453,-4.9317,32.6,interior,800-1200,10,2017,2026,81,0.0,0.0,0.0,0.0,0.0,0.0,no,nan,0.0,no,no,0.0,2017:0;2018:0;2019:0;2020:0;2021:0;2022:0;2023:0;2024:0;2025:0;2026:0,AEMET
1186P,"AMIEVA, PANIZALES",ASTURIAS,370.0,43.2667,-5.1192,21.6,litoral,200-500,10,2017,2026,81,0.0,0.0,0.0,0.0061,-0.1239,0.136,no,0.0014,0.0564,no,no,1.0,2017:0;2018:0;2019:0;2020:1;2021:0;2022:1;2023:1;2024:0;2025:0;2026:0,AEMET
1212E,ASTURIAS AEROPUERTO,ASTURIAS,127.0,43.5669,-6.0442,0.5,litoral,<200,10,2017,2026,81,0.0,0.0,0.0,0.0,0.0,0.0,no,nan,0.0,no,no,0.0,2017:0;2018:0;2019:0;2020:0;2021:0;2022:0;2023:0;2024:0;2025:0;2026:0,AEMET
1223P,"LENA, RONZÓN",ASTURIAS,370.0,43.1328,-5.8228,47.8,interior,200-500,10,2017,2026,81,0.33,0.33,0.0,0.0121,-0.101,0.1252,no,0.0076,0.049,no,no,1.0,2017:0;2018:1;2019:0;2020:0;2021:0;2022:0;2023:0;2024:0;2025:0;2026:1,AEMET
1226X,"ALLER, FELECHOSA",ASTURIAS,750.0,43.0953,-5.4769,46.6,interior,500-800,10,2017,2026,81,0.0,0.0,0.0,0.0,0.0,0.0,no,nan,0.0,no,no,0.0,2017:0;2018:0;2019:0;2020:0;2021:0;2022:0;2023:0;2024:0;2025:0;2026:0,AEMET
1276F,POLA DE SOMIEDO,ASTURIAS,670.0,43.1,-6.2569,50.3,interior,500-800,10,2017,2026,81,0.0,0.0,0.0,0.0,0.0,0.0,no,nan,0.0,no,no,0.0,2017:0;2018:0;2019:0;2020:0;2021:0;2022:0;2023:0;2024:0;2025:0;2026:0,AEMET
1279X,"SALAS, CAMUÑO",ASTURIAS,240.0,43.425,-6.2308,15.6,litoral,200-500,10,2017,2026,81,0.0,0.0,0.0,0.0,0.0,0.0,no,nan,0.0,no,no,0.0,2017:0;2018:0;2019:0;2020:0;2021:0;2022:0;2023:0;2024:0;2025:0;2026:0,AEMET
1344X,MONDOÑEDO,LUGO,125.0,43.4314,-7.3617,16.9,litoral,<200,8,2017,2025,81,0.0,0.0,0.0,0.0,0.0,0.0,no,nan,0.0,no,no,0.0,2017:0;2018:0;2019:0;2021:0;2022:0;2023:0;2024:0;2025:0,AEMET
1354C,FERROL,A CORUÑA,4.0,43.4764,-8.2622,4.2,litoral,<200,8,2018,2025,81,1.33,1.33,0.0,-0.0238,-0.9157,0.8681,no,0.0007,0.3645,no,si,6.0,2018:4;2019:0;2020:0;2021:0;2022:6;2023:1;2024:2;2025:1,AEMET
1363X,AS PONTES,A CORUÑA,343.0,43.4458,-7.8614,29.6,litoral,200-500,10,2017,2026,81,0.0,0.0,0.0,0.0,0.0,0.0,no,nan,0.0,no,no,0.0,2017:0;2018:0;2019:0;2020:0;2021:0;2022:0;2023:0;2024:0;2025:0;2026:0,AEMET
1393,CABO VILÁN,A CORUÑA,50.0,43.1606,-9.2108,1.5,litoral,<200,8,2017,2025,81,0.0,0.0,0.0,0.0,0.0,0.0,no,nan,0.0,no,no,0.0,2017:0;2018:0;2020:0;2021:0;2022:0;2023:0;2024:0;2025:0,AEMET
1410X,SOBRADO,A CORUÑA,500.0,43.0378,-8.0222,46.4,interior,500-800,10,2017,2026,81,0.0,0.0,0.0,0.0,0.0,0.0,no,nan,0.0,no,no,0.0,2017:0;2018:0;2019:0;2020:0;2021:0;2022:0;2023:0;2024:0;2025:0;2026:0,AEMET
1428,SANTIAGO DE COMPOSTELA AEROPUERTO,A CORUÑA,370.0,42.8881,-8.4106,42.1,interior,200-500,10,2017,2026,81,0.33,0.33,0.0,0.0242,-0.163,0.2115,no,0.011,0.0812,no,no,2.0,2017:0;2018:1;2019:0;2020:0;2021:0;2022:2;2023:0;2024:0;2025:0;2026:1,AEMET
1455I,RODEIRO-VILAMAIOR,PONTEVEDRA,645.0,42.7111,-7.9539,66.6,interior,500-800,9,2017,2025,81,0.0,0.0,0.0,0.0,0.0,0.0,no,nan,0.0,no,no,0.0,2017:0;2018:0;2019:0;2020:0;2021:0;2022:0;2023:0;2024:0;2025:0,AEMET
1465U,LALIN-CRISTIMIL,PONTEVEDRA,463.0,42.6656,-8.1925,49.0,interior,200-500,8,2017,2025,81,0.0,0.0,0.0,0.0,0.0,0.0,no,nan,0.0,no,no,0.0,2017:0;2018:0;2019:0;2020:0;2021:0;2022:0;2023:0;2025:0,AEMET
1468X,A ESTRADA,PONTEVEDRA,269.0,42.6936,-8.5019,24.6,litoral,200-500,10,2017,2026,81,0.33,0.33,0.0,0.0182,-0.111,0.1474,no,0.013,0.056,no,no,1.0,2017:0;2018:1;2019:0;2020:0;2021:0;2022:1;2023:0;2024:0;2025:0;2026:1,AEMET
1476R,"ROIS, CASAS DO PORTO",A CORUÑA,210.0,42.7497,-8.7147,14.1,litoral,200-500,10,2017,2026,81,0.67,0.67,0.0,0.0,-0.1883,0.1883,no,0.0,0.0816,no,no,2.0,2017:1;2018:1;2019:0;2020:0;2021:0;2022:2;2023:0;2024:1;2025:0;2026:1,AEMET
1505,LUGO AEROPUERTO,LUGO,442.0,43.1111,-7.4575,52.7,interior,200-500,10,2017,2026,81,0.0,0.0,0.0,0.0,0.0,0.0,no,nan,0.0,no,no,0.0,2017:0;2018:0;2019:0;2020:0;2021:0;2022:0;2023:0;2024:0;2025:0;2026:0,AEMET
1521I,O PÁRAMO,LUGO,403.0,42.8453,-7.4994,82.0,interior,200-500,9,2017,2026,81,0.0,0.0,0.0,0.0,0.0,0.0,no,nan,0.0,no,no,0.0,2017:0;2018:0;2019:0;2020:0;2021:0;2023:0;2024:0;2025:0;2026:0,AEMET
1541B,VILLABLINO,LEON,958.0,42.9289,-6.3339,69.0,interior,800-1200,10,2017,2026,81,0.0,0.0,0.0,0.0,0.0,0.0,no,nan,0.0,no,no,0.0,2017:0;2018:0;2019:0;2020:0;2021:0;2022:0;2023:0;2024:0;2025:0;2026:0,AEMET
1542,PUERTO DE LEITARIEGOS,ASTURIAS,1530.0,42.9942,-6.4142,60.9,interior,>1200,10,2017,2026,81,0.0,0.0,0.0,0.0061,-0.079,0.0911,no,0.0034,0.0369,no,si,1.0,2017:0;2018:0;2019:0;2020:0;2021:0;2022:1;2023:0;2024:0;2025:0;2026:0,AEMET
1561I,VEGA DE ESPINAREDA  ,LEON,770.0,42.7661,-6.6736,86.5,interior,500-800,8,2019,2026,81,0.0,0.0,0.0,0.0,0.0,0.0,no,nan,0.0,no,no,0.0,2019:0;2020:0;2021:0;2022:0;2023:0;2024:0;2025:0;2026:0,AEMET
1639X,CHANDREXA DE QUEIXA,OURENSE,990.0,42.2603,-7.3836,68.0,interior,800-1200,9,2017,2026,81,0.0,0.0,0.0,0.0016,-0.0999,0.1031,no,0.0002,0.0429,no,si,1.0,2017:0;2019:0;2020:0;2021:0;2022:1;2023:0;2024:0;2025:0;2026:0,AEMET
1658,FOLGOSO DO COUREL,LUGO,612.0,42.5886,-7.1917,96.6,interior,500-800,8,2017,2026,81,0.0,0.0,0.0,0.0,-0.34,0.34,no,0.0,0.1389,no,no,3.0,2017:0;2019:0;2020:0;2022:3;2023:0;2024:0;2025:0;2026:0,AEMET
1696O,BEARIZ,OURENSE,610.0,42.4681,-8.2781,36.6,interior,500-800,10,2017,2026,81,0.0,0.0,0.0,0.0,0.0,0.0,no,nan,0.0,no,no,0.0,2017:0;2018:0;2019:0;2020:0;2021:0;2022:0;2023:0;2024:0;2025:0;2026:0,AEMET
1735X,XINZO DE LIMIA,OURENSE,616.0,42.0792,-7.7336,37.7,interior,500-800,9,2018,2026,81,0.0,0.0,0.0,0.0,0.0,0.0,no,nan,0.0,no,no,0.0,2018:0;2019:0;2020:0;2021:0;2022:0;2023:0;2024:0;2025:0;2026:0,AEMET
1738U,MUIÑOS,OURENSE,730.0,41.9342,-7.9889,24.8,litoral,500-800,10,2017,2026,81,0.0,0.0,0.0,0.0,0.0,0.0,no,nan,0.0,no,no,0.0,2017:0;2018:0;2019:0;2020:0;2021:0;2022:0;2023:0;2024:0;2025:0;2026:0,AEMET
2005Y,"VINUESA, QUINTANAREJO",SORIA,1197.0,41.9678,-2.7828,151.9,interior,800-1200,10,2017,2026,81,0.0,0.0,0.0,0.0,0.0,0.0,no,nan,0.0,no,no,0.0,2017:0;2018:0;2019:0;2020:0;2021:0;2022:0;2023:0;2024:0;2025:0;2026:0,AEMET
2017Y,"LA PÓVEDA DE SORIA, BARRIOMARTÍN",SORIA,1260.0,41.9958,-2.4942,145.4,interior,>1200,9,2017,2025,81,0.0,0.0,0.0,0.0,0.0,0.0,no,nan,0.0,no,no,0.0,2017:0;2018:0;2019:0;2020:0;2021:0;2022:0;2023:0;2024:0;2025:0,AEMET
2030,SORIA,SORIA,1081.0,41.775,-2.4831,169.8,interior,800-1200,10,2017,2026,81,0.0,0.0,0.0,0.0061,-0.079,0.0911,no,0.0034,0.0369,no,si,1.0,2017:0;2018:0;2019:0;2020:0;2021:0;2022:1;2023:0;2024:0;2025:0;2026:0,AEMET
2048A,MORÓN DE ALMAZÁN,SORIA,978.0,41.4194,-2.4203,208.9,interior,800-1200,9,2017,2026,81,0.0,0.0,0.0,0.0,0.0,0.0,no,nan,0.0,no,no,0.0,2017:0;2018:0;2019:0;2020:0;2021:0;2022:0;2023:0;2024:0;2026:0,AEMET
2059B,LA RIBA DE ESCALOTE,SORIA,1042.0,41.3497,-2.7833,219.5,interior,800-1200,9,2017,2026,81,1.33,1.33,0.0,0.0618,-0.3948,0.5183,no,0.0144,0.1931,no,no,4.0,2017:1;2018:0;2019:3;2020:3;2021:0;2022:4;2023:1;2025:0;2026:3,AEMET
2084Y,UCERO,SORIA,960.0,41.7219,-3.0469,181.1,interior,800-1200,10,2017,2026,81,0.0,0.0,0.0,0.0,0.0,0.0,no,nan,0.0,no,no,0.0,2017:0;2018:0;2019:0;2020:0;2021:0;2022:0;2023:0;2024:0;2025:0;2026:0,AEMET
2172Y,SARDÓN DE DUERO,VALLADOLID,725.0,41.6119,-4.4056,197.7,interior,500-800,8,2017,2026,81,0.0,0.0,0.0,0.0085,-0.0999,0.1169,no,0.006,0.0443,no,no,1.0,2017:0;2018:0;2019:0;2021:0;2022:1;2023:0;2025:0;2026:0,AEMET
2192C,CUÉLLAR,SEGOVIA,795.0,41.3836,-4.2656,223.1,interior,500-800,10,2017,2026,81,0.0,0.0,0.0,0.0121,-0.1579,0.1821,no,0.0034,0.0737,no,si,2.0,2017:0;2018:0;2019:0;2020:0;2021:0;2022:2;2023:0;2024:0;2025:0;2026:0,AEMET
2235U,CERVERA DE PISUERGA,PALENCIA,1140.0,42.8706,-4.52,57.8,interior,800-1200,8,2017,2025,81,0.0,0.0,0.0,0.0,0.0,0.0,no,nan,0.0,no,no,0.0,2017:0;2018:0;2019:0;2021:0;2022:0;2023:0;2024:0;2025:0,AEMET
2243A,AGUILAR DE CAMPOO,PALENCIA,910.0,42.7981,-4.2772,65.8,interior,800-1200,10,2017,2026,81,0.0,0.0,0.0,0.0,0.0,0.0,no,nan,0.0,no,no,0.0,2017:0;2018:0;2019:0;2020:0;2021:0;2022:0;2023:0;2024:0;2025:0;2026:0,AEMET
2276B,VILLAELES DE VALDAVIA,PALENCIA,908.0,42.5689,-4.575,91.3,interior,800-1200,10,2017,2026,81,0.0,0.0,0.0,0.0,0.0,0.0,no,nan,0.0,no,no,0.0,2017:0;2018:0;2019:0;2020:0;2021:0;2022:0;2023:0;2024:0;2025:0;2026:0,AEMET
2296A,ÓLVEGA,SORIA,1039.0,41.7756,-1.9767,168.7,interior,800-1200,10,2017,2026,81,0.33,0.33,0.0,0.0242,-0.163,0.2115,no,0.011,0.0812,no,no,2.0,2017:0;2018:0;2019:1;2020:0;2021:0;2022:2;2023:0;2024:0;2025:1;2026:0,AEMET
2331,BURGOS AEROPUERTO,BURGOS,891.0,42.3569,-3.6203,116.4,interior,800-1200,10,2017,2026,81,0.0,0.0,0.0,0.0061,-0.079,0.0911,no,0.0034,0.0369,no,si,1.0,2017:0;2018:0;2019:0;2020:0;2021:0;2022:1;2023:0;2024:0;2025:0;2026:0,AEMET
2362C,"VELILLA DEL RÍO CARRIÓN, CAMPORREDONDO DE ALBA",PALENCIA,1575.0,42.8939,-4.7136,55.7,interior,>1200,9,2017,2025,81,0.33,0.33,0.0,0.0667,-0.2588,0.3922,no,0.0324,0.1376,no,no,3.0,2017:0;2018:1;2019:0;2020:0;2021:0;2022:3;2023:0;2024:0;2025:1,AEMET
2539,VALLADOLID AEROPUERTO,VALLADOLID,846.0,41.7119,-4.8556,187.6,interior,800-1200,10,2017,2026,81,0.0,0.0,0.0,0.0061,-0.079,0.0911,no,0.0034,0.0369,no,si,1.0,2017:0;2018:0;2019:0;2020:0;2021:0;2022:1;2023:0;2024:0;2025:0;2026:0,AEMET
2568D,"SANTERVÁS DE LA VEGA, VILLAPÚN",PALENCIA,985.0,42.5236,-4.8511,98.1,interior,800-1200,10,2017,2026,81,0.0,0.0,0.0,0.0182,-0.2369,0.2732,no,0.0034,0.1106,no,si,3.0,2017:0;2018:0;2019:0;2020:0;2021:0;2022:3;2023:0;2024:0;2025:0;2026:0,AEMET
2611D,VILLAFÁFILA,ZAMORA,690.0,41.8564,-5.5925,182.0,interior,500-800,10,2017,2026,81,0.33,0.33,0.0,0.0182,-0.2431,0.2795,no,0.0032,0.1133,no,no,3.0,2017:1;2018:0;2019:0;2020:0;2021:0;2022:3;2023:0;2024:0;2025:0;2026:1,AEMET
2624C,RIAÑO,LEON,1090.0,42.9583,-5.0075,54.3,interior,800-1200,10,2017,2026,81,0.0,0.0,0.0,0.0,0.0,0.0,no,nan,0.0,no,no,0.0,2017:0;2018:0;2019:0;2020:0;2021:0;2022:0;2023:0;2024:0;2025:0;2026:0,AEMET
2626Y,CUBILLAS DE RUEDA,LEON,916.0,42.62,-5.1933,93.2,interior,800-1200,9,2018,2026,81,0.0,0.0,0.0,0.0,-0.2176,0.2176,no,0.0,0.092,no,si,2.0,2018:0;2019:0;2020:0;2021:0;2022:2;2023:0;2024:0;2025:0;2026:0,AEMET
2701D,"BARRIOS DE LUNA, MIÑERA",LEON,1120.0,42.8856,-5.8708,75.5,interior,800-1200,10,2017,2026,81,0.0,0.0,0.0,0.0,0.0,0.0,no,nan,0.0,no,no,0.0,2017:0;2018:0;2019:0;2020:0;2021:0;2022:0;2023:0;2024:0;2025:0;2026:0,AEMET
2728B,"QUINTANA DEL CASTILLO, VILLAMECA",LEON,995.0,42.6483,-6.0708,100.3,interior,800-1200,9,2017,2026,81,0.0,0.0,0.0,0.0,0.0,0.0,no,nan,0.0,no,no,0.0,2017:0;2018:0;2019:0;2020:0;2021:0;2022:0;2024:0;2025:0;2026:0,AEMET
2742R,BUSTILLO DEL PÁRAMO,LEON,850.0,42.4664,-5.7797,120.5,interior,800-1200,9,2017,2026,81,0.0,0.0,0.0,0.0,0.0,0.0,no,nan,0.0,no,no,0.0,2017:0;2018:0;2019:0;2020:0;2021:0;2022:0;2023:0;2024:0;2026:0,AEMET
2766E,"SANABRIA, ROBLEDA-CERVANTES",ZAMORA,933.0,42.0825,-6.6397,127.9,interior,800-1200,10,2017,2026,81,0.0,0.0,0.0,0.0,0.0,0.0,no,nan,0.0,no,no,0.0,2017:0;2018:0;2019:0;2020:0;2021:0;2022:0;2023:0;2024:0;2025:0;2026:0,AEMET
2828Y,BARCO DE AVILA,AVILA,1012.0,40.3553,-5.5192,269.2,interior,800-1200,10,2017,2026,81,0.0,0.0,0.0,0.0,0.0,0.0,no,nan,0.0,no,no,0.0,2017:0;2018:0;2019:0;2020:0;2021:0;2022:0;2023:0;2024:0;2025:0;2026:0,AEMET
2867,SALAMANCA AEROPUERTO,SALAMANCA,790.0,40.9594,-5.4983,257.4,interior,500-800,10,2017,2026,81,0.0,0.0,0.0,0.0,0.0,0.0,no,nan,0.0,no,no,0.0,2017:0;2018:0;2019:0;2020:0;2021:0;2022:0;2023:0;2024:0;2025:0;2026:0,AEMET
2873X,BARBADILLO,SALAMANCA,817.0,40.9036,-5.7797,240.8,interior,800-1200,9,2017,2026,81,0.33,0.33,0.0,0.0014,-0.1216,0.1243,no,0.0001,0.052,no,si,-1.0,2017:1;2018:0;2019:0;2020:0;2021:0;2023:0;2024:0;2025:0;2026:1,AEMET
2885K,FRESNO DE SAYAGO,ZAMORA,804.0,41.3044,-6.0222,200.5,interior,800-1200,10,2017,2026,81,0.0,0.0,0.0,0.0,0.0,0.0,no,nan,0.0,no,no,0.0,2017:0;2018:0;2019:0;2020:0;2021:0;2022:0;2023:0;2024:0;2025:0;2026:0,AEMET
2914C,BOADILLA FUENTE SAN ESTEBAN,SALAMANCA,785.0,40.7861,-6.2028,220.9,interior,500-800,8,2017,2026,81,0.0,0.0,0.0,0.0,0.0,0.0,no,nan,0.0,no,no,0.0,2017:0;2018:0;2019:0;2020:0;2021:0;2023:0;2024:0;2026:0,AEMET
2930Y,NAVASFRÍAS,SALAMANCA,880.0,40.2967,-6.8128,231.3,interior,800-1200,10,2017,2026,81,0.0,0.0,0.0,0.0,0.0,0.0,no,nan,0.0,no,no,0.0,2017:0;2018:0;2019:0;2020:0;2021:0;2022:0;2023:0;2024:0;2025:0;2026:0,AEMET
2945A,EL BODÓN BASE AÉREA,SALAMANCA,805.0,40.485,-6.5769,224.5,interior,800-1200,10,2017,2026,81,0.0,0.0,0.0,0.0121,-0.1579,0.1821,no,0.0034,0.0737,no,si,2.0,2017:0;2018:0;2019:0;2020:0;2021:0;2022:2;2023:0;2024:0;2025:0;2026:0,AEMET
2966D,ALCAÑICES,ZAMORA,840.0,41.6833,-6.3014,163.0,interior,800-1200,9,2017,2025,81,0.33,0.33,0.0,0.1,-0.5351,0.7351,no,0.0194,0.2685,no,no,6.0,2017:0;2018:1;2019:0;2020:0;2021:0;2022:6;2023:0;2024:1;2025:0,AEMET
2978X,VERÍN,OURENSE,380.0,41.9267,-7.4219,66.3,interior,200-500,10,2017,2026,81,0.0,0.0,0.0,0.0,0.0,0.0,no,nan,0.0,no,no,0.0,2017:0;2018:0;2019:0;2020:0;2021:0;2022:0;2023:0;2024:0;2025:0;2026:0,AEMET
3013,MOLINA DE ARAGÓN,GUADALAJARA,1062.0,40.8417,-1.8789,185.8,interior,800-1200,10,2017,2026,81,0.0,0.0,0.0,0.0,0.0,0.0,no,nan,0.0,no,no,0.0,2017:0;2018:0;2019:0;2020:0;2021:0;2022:0;2023:0;2024:0;2025:0;2026:0,AEMET
3100B,ARANJUEZ,MADRID,540.0,40.0672,-3.5461,282.0,interior,500-800,10,2017,2026,81,15.0,15.0,0.0,0.0667,-1.5543,1.6877,no,0.0011,0.703,no,no,21.0,2017:19;2018:9;2019:17;2020:16;2021:8;2022:29;2023:12;2024:12;2025:18;2026:15,AEMET
3104Y,RASCAFRÍA,MADRID,1159.0,40.8897,-3.8883,279.1,interior,800-1200,10,2017,2026,81,0.0,0.0,0.0,0.0,0.0,0.0,no,nan,0.0,no,no,0.0,2017:0;2018:0;2019:0;2020:0;2021:0;2022:0;2023:0;2024:0;2025:0;2026:0,AEMET
3209Y,BRIHUEGA,GUADALAJARA,835.0,40.7653,-2.8742,255.2,interior,800-1200,10,2017,2026,81,0.0,0.0,0.0,0.0242,-0.202,0.2505,no,0.0076,0.0981,no,si,-2.0,2017:0;2018:0;2019:0;2020:1;2021:1;2022:2;2023:2;2024:0;2025:0;2026:0,AEMET
3229Y,TIELMES,MADRID,594.0,40.2472,-3.3117,267.4,interior,500-800,10,2017,2026,81,17.33,17.33,0.0,0.1939,-1.4672,1.8551,no,0.009,0.7204,no,no,20.0,2017:20;2018:10;2019:22;2020:12;2021:7;2022:27;2023:12;2024:14;2025:20;2026:18,AEMET
3319D,PUERTO DEL PICO,AVILA,1285.0,40.3397,-5.0128,290.6,interior,>1200,10,2017,2026,81,0.0,0.0,0.0,0.0,0.0,0.0,no,nan,0.0,no,no,0.0,2017:0;2018:0;2019:0;2020:0;2021:0;2022:0;2023:0;2024:0;2025:0;2026:0,AEMET
8309X,UTIEL,VALENCIA,758.0,39.5756,-1.2447,79.4,interior,500-800,10,2017,2026,81,0.67,0.67,0.0,0.0242,-0.2289,0.2774,no,0.0061,0.1098,no,no,-2.0,2017:2;2018:0;2019:0;2020:0;2021:2;2022:2;2023:2;2024:0;2025:1;2026:1,AEMET
8458X,CEDRILLAS,TERUEL,1380.0,40.4306,-0.8494,87.7,interior,>1200,10,2017,2026,81,0.0,0.0,0.0,0.0,0.0,0.0,no,nan,0.0,no,no,0.0,2017:0;2018:0;2019:0;2020:0;2021:0;2022:0;2023:0;2024:0;2025:0;2026:0,AEMET
9001D,REINOSA,CANTABRIA,870.0,42.9919,-4.1606,44.3,interior,800-1200,8,2018,2026,81,0.0,0.0,0.0,0.0,0.0,0.0,no,nan,0.0,no,no,0.0,2018:0;2019:0;2020:0;2021:0;2022:0;2024:0;2025:0;2026:0,AEMET
9001S,ALTO CAMPOO,CANTABRIA,1650.0,43.0367,-4.3744,39.3,interior,>1200,8,2017,2025,81,0.0,0.0,0.0,0.0,0.0,0.0,no,nan,0.0,no,no,0.0,2017:0;2018:0;2019:0;2020:0;2021:0;2022:0;2024:0;2025:0,AEMET
9012E,SANTA GADEA DE ALFOZ,BURGOS,915.0,42.9514,-3.9572,52.3,interior,800-1200,9,2017,2026,81,0.0,0.0,0.0,0.0042,-0.09,0.0983,no,0.0016,0.0398,no,si,1.0,2017:0;2018:0;2019:0;2021:0;2022:1;2023:0;2024:0;2025:0;2026:0,AEMET
9016X,"VALDERREDIBLE, CUBILLO DE EBRO",CANTABRIA,770.0,42.8097,-4.0322,65.8,interior,500-800,10,2017,2026,81,0.0,0.0,0.0,0.0,0.0,0.0,no,nan,0.0,no,no,0.0,2017:0;2018:0;2019:0;2020:0;2021:0;2022:0;2023:0;2024:0;2025:0;2026:0,AEMET
9019B,"VALDERREDIBLE, POLIENTES",CANTABRIA,720.0,42.8061,-3.9339,68.2,interior,500-800,9,2017,2025,81,0.0,0.0,0.0,0.0,0.0,0.0,no,nan,0.0,no,no,0.0,2017:0;2018:0;2019:0;2020:0;2021:0;2022:0;2023:0;2024:0;2025:0,AEMET
9031C,BRIVIESCA,BURGOS,730.0,42.5594,-3.3089,88.6,interior,500-800,9,2017,2026,81,0.0,0.0,0.0,0.0,0.0,0.0,no,nan,0.0,no,no,0.0,2017:0;2018:0;2020:0;2021:0;2022:0;2023:0;2024:0;2025:0;2026:0,AEMET
9060X,LALASTRA,ARABA/ALAVA,910.0,42.8753,-3.2317,53.0,interior,800-1200,9,2017,2026,81,0.0,0.0,0.0,0.0,0.0,0.0,no,nan,0.0,no,no,0.0,2017:0;2018:0;2019:0;2021:0;2022:0;2023:0;2024:0;2025:0;2026:0,AEMET
9136X,"ANGUIANO, VALVANERA",LA RIOJA,1006.0,42.2308,-2.8711,125.7,interior,800-1200,10,2017,2026,81,0.0,0.0,0.0,0.0,0.0,0.0,no,nan,0.0,no,no,0.0,2017:0;2018:0;2019:0;2020:0;2021:0;2022:0;2023:0;2024:0;2025:0;2026:0,AEMET
9198X,CANFRANC,HUESCA,1197.0,42.7494,-0.5161,114.1,interior,800-1200,10,2017,2026,81,0.0,0.0,0.0,0.0,0.0,0.0,no,nan,0.0,no,no,0.0,2017:0;2018:0;2019:0;2020:0;2021:0;2022:0;2023:0;2024:0;2025:0;2026:0,AEMET
9218A,ISABA/IZABA,NAVARRA,838.0,42.8625,-0.9247,79.6,interior,800-1200,9,2017,2025,81,0.0,0.0,0.0,0.0,0.0,0.0,no,nan,0.0,no,no,0.0,2017:0;2018:0;2019:0;2020:0;2021:0;2022:0;2023:0;2024:0;2025:0,AEMET
9228T,RONCESVALLES/ORREAGA,NAVARRA,947.0,43.0078,-1.3256,44.5,interior,800-1200,10,2017,2026,81,0.33,0.33,0.0,0.0242,-0.0876,0.136,no,0.0303,0.0485,no,no,1.0,2017:0;2018:0;2019:1;2020:0;2021:0;2022:0;2023:0;2024:0;2025:0;2026:1,AEMET
9257X,"ESTERIBAR, EMBALSE DE EUGI",NAVARRA,615.0,42.9706,-1.5169,39.5,interior,500-800,10,2017,2026,81,0.0,0.0,0.0,0.0,0.0,0.0,no,nan,0.0,no,no,0.0,2017:0;2018:0;2019:0;2020:0;2021:0;2022:0;2023:0;2024:0;2025:0;2026:0,AEMET
9287A,SAN PEDRO MANRIQUE,SORIA,1096.0,42.0264,-2.2308,140.5,interior,800-1200,8,2017,2026,81,0.0,0.0,0.0,0.0,0.0,0.0,no,nan,0.0,no,no,0.0,2017:0;2018:0;2019:0;2020:0;2022:0;2023:0;2024:0;2026:0,AEMET
9453X,"BIESCAS, EMBALSE DE BÚBAL",HUESCA,1100.0,42.6992,-0.3189,130.7,interior,800-1200,10,2017,2026,81,0.0,0.0,0.0,0.0,0.0,0.0,no,nan,0.0,no,no,0.0,2017:0;2018:0;2019:0;2020:0;2021:0;2022:0;2023:0;2024:0;2025:0;2026:0,AEMET
9585,LA MOLINA,GIRONA,1699.0,42.3325,1.9394,4.9,litoral,>1200,10,2017,2026,81,0.0,0.0,0.0,0.0,0.0,0.0,no,nan,0.0,no,no,0.0,2017:0;2018:0;2019:0;2020:0;2021:0;2022:0;2023:0;2024:0;2025:0;2026:0,AEMET
9590,MARTINET,LLEIDA,1038.0,42.3622,1.6933,14.5,litoral,800-1200,10,2017,2026,81,0.0,0.0,0.0,0.0,0.0,0.0,no,nan,0.0,no,no,0.0,2017:0;2018:0;2019:0;2020:0;2021:0;2022:0;2023:0;2024:0;2025:0;2026:0,AEMET
9660,SANT MAURICI (LLAC),LLEIDA,1907.0,42.5808,1.0075,56.6,interior,>1200,8,2017,2025,81,0.0,0.0,0.0,0.0,0.0,0.0,no,nan,0.0,no,no,0.0,2017:0;2019:0;2020:0;2021:0;2022:0;2023:0;2024:0;2025:0,AEMET
9744B,VALL DE BOÍ,LLEIDA,1089.0,42.5033,0.7989,73.1,interior,800-1200,10,2017,2026,81,0.0,0.0,0.0,0.0,0.0,0.0,no,nan,0.0,no,no,0.0,2017:0;2018:0;2019:0;2020:0;2021:0;2022:0;2023:0;2024:0;2025:0;2026:0,AEMET
9784P,BIELSA,HUESCA,992.0,42.63,0.2247,120.9,interior,800-1200,10,2017,2026,81,0.0,0.0,0.0,0.0,0.0,0.0,no,nan,0.0,no,no,0.0,2017:0;2018:0;2019:0;2020:0;2021:0;2022:0;2023:0;2024:0;2025:0;2026:0,AEMET
9814X,TORLA - ORDESA,HUESCA,1076.0,42.6375,-0.1119,148.4,interior,800-1200,9,2017,2025,81,0.0,0.0,0.0,0.0,0.0,0.0,no,nan,0.0,no,no,0.0,2017:0;2018:0;2019:0;2020:0;2021:0;2022:0;2023:0;2024:0;2025:0,AEMET
9838B,BENASQUE,HUESCA,1120.0,42.5994,0.5206,96.4,interior,800-1200,10,2017,2026,81,0.0,0.0,0.0,0.0,0.0,0.0,no,nan,0.0,no,no,0.0,2017:0;2018:0;2019:0;2020:0;2021:0;2022:0;2023:0;2024:0;2025:0;2026:0,AEMET
9843A,SEIRA,HUESCA,825.0,42.4769,0.4342,103.0,interior,800-1200,10,2017,2026,81,0.0,0.0,0.0,0.0,0.0,0.0,no,nan,0.0,no,no,0.0,2017:0;2018:0;2019:0;2020:0;2021:0;2022:0;2023:0;2024:0;2025:0;2026:0,AEMET
1124E,VILLACARRIEDO,CANTABRIA,196.0,43.2456,-3.8494,23.7,litoral,<200,8,2017,2024,81,0.33,0.0,-0.33,-0.0595,-0.1909,0.0718,no,0.1701,0.0537,no,no,1.0,2017:0;2018:1;2019:0;2020:0;2021:0;2022:0;2023:0;2024:0,AEMET
1309C,"IBIAS, SAN ANTOLIN",ASTURIAS,780.0,43.0275,-6.885,58.5,interior,500-800,9,2017,2025,81,0.33,0.0,-0.33,0.0,-0.4352,0.4352,no,0.0,0.184,no,si,4.0,2017:1;2018:0;2019:0;2020:0;2021:0;2022:4;2023:0;2024:0;2025:0,AEMET
1341B,"TARAMUNDI, OURIA",ASTURIAS,340.0,43.4156,-7.0611,14.9,litoral,200-500,9,2017,2025,81,0.33,0.0,-0.33,-0.0333,-0.138,0.0713,no,0.075,0.0442,no,si,1.0,2017:0;2018:0;2019:1;2020:0;2021:0;2022:0;2023:0;2024:0;2025:0,AEMET
1700X,O CARBALLIÑO,OURENSE,400.0,42.4214,-8.0925,32.5,interior,200-500,10,2017,2026,81,0.33,0.0,-0.33,-0.0424,-0.1202,0.0354,no,0.165,0.0337,no,si,1.0,2017:0;2018:1;2019:0;2020:0;2021:0;2022:0;2023:0;2024:0;2025:0;2026:0,AEMET
2302N,MONTERRUBIO DE LA DEMANDA,BURGOS,1197.0,42.1464,-3.1097,133.8,interior,800-1200,10,2017,2026,81,0.33,0.0,-0.33,-0.0303,-0.1118,0.0512,no,0.0842,0.0353,no,si,1.0,2017:0;2018:0;2019:1;2020:0;2021:0;2022:0;2023:0;2024:0;2025:0;2026:0,AEMET
2847X,PEDROSILLO DE LOS AIRES   ,SALAMANCA,865.0,40.6756,-5.6433,265.0,interior,800-1200,10,2017,2026,81,0.33,0.0,-0.33,-0.0545,-0.1272,0.0181,no,0.2727,0.0315,no,no,-1.0,2017:1;2018:0;2019:0;2020:0;2021:0;2022:0;2023:0;2024:0;2025:0;2026:0,AEMET
2926B,BAÑOBÁREZ,SALAMANCA,748.0,40.8514,-6.6089,191.4,interior,500-800,8,2017,2026,81,0.67,0.33,-0.33,-0.0385,-0.3458,0.2689,no,0.0154,0.1256,no,no,3.0,2017:1;2018:1;2019:0;2021:0;2022:3;2024:0;2025:1;2026:0,AEMET
4520X,FREGENAL DE LA SIERRA,BADAJOZ,586.0,38.1783,-6.6617,26.1,litoral,500-800,10,2017,2026,81,1.33,1.0,-0.33,-0.0121,-0.3886,0.3643,no,0.0007,0.1632,no,no,-3.0,2017:1;2018:3;2019:0;2020:1;2021:3;2022:3;2023:4;2024:1;2025:2;2026:0,AEMET
5858X,ALMONTE,HUELVA,5.0,36.9886,-6.4431,6.0,litoral,<200,10,2017,2026,81,2.0,1.67,-0.33,-0.103,-0.611,0.4049,no,0.0266,0.2203,no,si,5.0,2017:2;2018:3;2019:1;2020:6;2021:4;2022:5;2023:5;2024:3;2025:2;2026:0,AEMET
8381X,ADEMUZ,VALENCIA,705.0,40.0606,-1.2836,100.0,interior,500-800,10,2017,2026,81,1.0,0.67,-0.33,0.0364,-0.4984,0.5711,no,0.0031,0.2319,no,no,-6.0,2017:3;2018:0;2019:0;2020:0;2021:0;2022:1;2023:6;2024:0;2025:2;2026:0,AEMET
9238X,NAVASCUÉS/NABASKOZE,NAVARRA,612.0,42.7175,-1.1172,80.3,interior,500-800,10,2017,2026,81,0.67,0.33,-0.33,-0.0545,-0.1768,0.0677,no,0.1169,0.053,no,no,-1.0,2017:1;2018:0;2019:1;2020:0;2021:0;2022:0;2023:0;2024:1;2025:0;2026:0,AEMET
9377Y,EL PEDREGAL,GUADALAJARA,1185.0,40.7786,-1.5683,159.6,interior,800-1200,8,2017,2026,81,0.33,0.0,-0.33,-0.0519,-0.1915,0.0878,no,0.121,0.0571,no,no,1.0,2017:0;2019:1;2020:0;2021:1;2022:0;2024:0;2025:0;2026:0,AEMET
9632X,TUIXENT,LLEIDA,1196.0,42.2303,1.5694,31.6,interior,800-1200,8,2017,2025,81,0.33,0.0,-0.33,-0.0727,-0.1833,0.0379,no,0.3011,0.0452,no,no,-1.0,2017:1;2018:0;2019:0;2020:0;2021:0;2022:0;2023:0;2025:0,AEMET
9998X,BELLO,TERUEL,1006.0,40.9214,-1.4944,163.3,interior,800-1200,10,2017,2026,81,0.33,0.0,-0.33,-0.0182,-0.1474,0.111,no,0.013,0.056,no,no,1.0,2017:0;2018:0;2019:1;2020:0;2021:1;2022:0;2023:1;2024:0;2025:0;2026:0,AEMET
1327A,"VILLAYÓN, ONETA",ASTURIAS,410.0,43.4656,-6.6733,10.5,litoral,200-500,10,2017,2026,81,0.67,0.0,-0.67,-0.0788,-0.1919,0.0343,no,0.2439,0.049,no,no,-1.0,2017:1;2018:0;2019:1;2020:0;2021:0;2022:1;2023:0;2024:0;2025:0;2026:0,AEMET
1723X,"PONTEAREAS, CANEDO",PONTEVEDRA,90.0,42.1822,-8.4928,10.4,litoral,<200,10,2017,2026,81,0.67,0.0,-0.67,-0.0727,-0.2919,0.1465,no,0.0682,0.0951,no,no,2.0,2017:0;2018:2;2019:0;2020:0;2021:0;2022:2;2023:0;2024:0;2025:0;2026:0,AEMET
2870,SALAMANCA,SALAMANCA,775.0,40.9575,-5.6622,245.8,interior,500-800,9,2017,2025,81,2.33,1.67,-0.67,-0.0167,-0.8767,0.8433,no,0.0003,0.3636,no,no,-7.0,2017:6;2018:0;2019:1;2020:0;2021:1;2022:7;2023:0;2024:2;2025:3,AEMET
3494U,NUÑOMORAL,CACERES,470.0,40.4081,-6.2397,248.9,interior,200-500,10,2017,2026,81,1.33,0.67,-0.67,-0.0788,-0.3843,0.2268,no,0.0423,0.1325,no,no,-2.0,2017:2;2018:0;2019:2;2020:2;2021:0;2022:2;2023:3;2024:2;2025:0;2026:0,AEMET
B893,"MENORCA, AEROPUERTO",BALEARES,91.0,39.8547,4.2156,2.7,litoral,<200,10,2017,2026,81,44.33,43.67,-0.67,0.3879,-1.5523,2.328,no,0.0259,0.8413,no,no,19.0,2017:47;2018:45;2019:41;2020:36;2021:41;2022:56;2023:51;2024:40;2025:36;2026:55,AEMET
1400,FISTERRA,A CORUÑA,230.0,42.9247,-9.2914,0.5,litoral,200-500,10,2017,2026,81,2.33,1.33,-1.0,-0.1333,-0.5239,0.2572,no,0.0719,0.1694,no,si,-5.0,2017:2;2018:5;2019:0;2020:0;2021:1;2022:2;2023:0;2024:1;2025:1;2026:2,AEMET
8300X,CARCAIXENT,VALENCIA,25.0,39.1133,-0.4458,17.9,litoral,<200,10,2017,2026,81,40.0,39.0,-1.0,0.1576,-1.2455,1.5607,no,0.0083,0.6085,no,si,-19.0,2017:42;2018:41;2019:37;2020:41;2021:35;2022:43;2023:50;2024:31;2025:44;2026:42,AEMET
B362X,"CAMPOS, CAN SION",BALEARES,40.0,39.4058,3.0642,9.5,litoral,<200,10,2017,2026,81,18.33,17.33,-1.0,0.4303,-1.661,2.5216,no,0.0274,0.9069,no,no,22.0,2017:21;2018:14;2019:20;2020:8;2021:12;2022:11;2023:25;2024:10;2025:10;2026:32,AEMET
1387D,A CORUÑA BENS,A CORUÑA,132.0,43.3633,-8.4419,0.7,litoral,<200,9,2017,2026,81,2.0,0.33,-1.67,-0.1468,-0.5105,0.2169,no,0.1151,0.1538,no,no,3.0,2017:0;2019:3;2020:3;2021:0;2022:1;2023:0;2024:0;2025:0;2026:1,AEMET
3175,TORREJÓN DE ARDOZ,MADRID,607.0,40.4886,-3.4436,286.6,interior,500-800,10,2017,2026,81,14.33,12.33,-2.0,-0.2061,-1.6867,1.2746,no,0.0127,0.6421,no,no,17.0,2017:18;2018:7;2019:18;2020:11;2021:3;2022:20;2023:8;2024:14;2025:9;2026:14,AEMET
4464X,ALBURQUERQUE,BADAJOZ,283.0,39.1819,-6.9953,108.1,interior,200-500,10,2017,2026,81,8.67,6.67,-2.0,-0.297,-1.5715,0.9776,no,0.0348,0.5527,no,no,12.0,2017:17;2018:7;2019:2;2020:9;2021:2;2022:14;2023:10;2024:5;2025:6;2026:9,AEMET
C619X,AGAETE,LAS PALMAS,5.0,28.1011,-15.7128,1.3,litoral,<200,9,2017,2026,81,71.0,68.0,-3.0,-0.05,-2.4918,2.3918,no,0.0003,1.0325,si,no,-23.0,2017:74;2019:61;2020:78;2021:55;2022:66;2023:79;2024:65;2025:73;2026:66,AEMET
