indicativo,temporada,nombre,provincia,altitud,dias_tmin,dias_tmax,noches_calefaccion,noches_frias,heladas,heladas_fuertes,calefaccion_nucleo,heladas_nucleo,dias_terraza,dias_terraza_20,dias_lluvia,racha_terraza,racha_sin_terraza,racha_heladas,tmin_p05,tmin_min,tmin_min_fecha,tmax_max,tmax_max_fecha
0002I,2017-18,VANDELLÒS  ,TARRAGONA,32,147,147,123,25,0,0,75,0,34,12,19,4,22,0,3.6,0.5,2018-02-28,22.6,2018-03-28
0002I,2018-19,VANDELLÒS  ,TARRAGONA,32,151,151,113,12,0,0,75,0,41,16,14,7,43,0,4.6,3.0,2019-01-11,25.1,2019-03-10
0009X,2017-18,ALFORJA,TARRAGONA,406,150,150,139,85,11,0,83,11,20,5,21,5,39,3,-0.2,-1.5,2018-02-08,23.5,2018-03-28
0009X,2018-19,ALFORJA,TARRAGONA,406,151,151,141,71,5,0,88,5,30,15,20,7,78,2,0.6,-1.4,2019-01-11,24.1,2019-02-27
0009X,2019-20,ALFORJA,TARRAGONA,406,151,151,132,55,2,0,78,2,29,9,31,5,31,1,0.9,-0.7,2020-01-02,23.6,2019-11-02
0009X,2020-21,ALFORJA,TARRAGONA,406,144,144,138,64,9,0,79,9,34,11,26,6,26,8,-0.4,-2.3,2021-01-06,25.1,2020-11-01
0009X,2021-22,ALFORJA,TARRAGONA,406,151,151,147,79,8,0,87,8,18,8,23,7,50,4,-0.1,-2.8,2022-01-23,22.7,2022-01-02
0009X,2022-23,ALFORJA,TARRAGONA,406,150,150,129,73,14,0,83,12,52,37,14,14,43,5,-1.0,-1.3,2023-01-23,26.9,2023-03-30
0009X,2023-24,ALFORJA,TARRAGONA,406,138,138,122,46,0,0,79,0,42,21,22,6,20,0,1.4,0.5,2023-12-28,27.4,2024-03-22
0009X,2024-25,ALFORJA,TARRAGONA,406,150,150,131,55,5,0,86,5,26,7,34,5,35,4,0.8,-2.7,2025-01-15,24.8,2025-03-31
0009X,2025-26,ALFORJA,TARRAGONA,406,148,148,134,61,2,0,83,2,33,12,38,5,33,2,1.3,-1.8,2026-01-05,23.2,2025-11-01
0016A,2017-18,REUS AEROPUERTO,TARRAGONA,71,151,151,136,84,15,1,82,14,52,24,18,9,19,4,-0.8,-3.4,2018-02-09,24.6,2018-03-28
0016A,2018-19,REUS AEROPUERTO,TARRAGONA,71,151,151,142,82,7,0,90,7,59,23,12,8,18,4,0.1,-2.7,2019-01-11,26.3,2019-03-17
0016A,2019-20,REUS AEROPUERTO,TARRAGONA,71,152,152,132,55,7,0,82,7,55,25,20,8,33,4,0.1,-1.7,2020-01-04,25.9,2019-11-02
0016A,2020-21,REUS AEROPUERTO,TARRAGONA,71,150,150,136,47,12,2,86,12,57,22,15,15,30,5,-1.1,-5.1,2021-01-06,24.7,2021-01-28
0016A,2021-22,REUS AEROPUERTO,TARRAGONA,71,151,151,136,65,17,1,85,17,47,16,10,7,22,6,-1.3,-3.4,2022-01-16,23.0,2021-11-01
0016A,2022-23,REUS AEROPUERTO,TARRAGONA,71,151,151,124,68,22,2,87,18,66,41,11,17,23,11,-2.0,-4.0,2023-01-23,27.4,2023-03-31
0016A,2023-24,REUS AEROPUERTO,TARRAGONA,71,152,152,131,54,6,0,86,6,75,34,17,15,11,3,0.5,-2.4,2024-01-13,27.0,2023-11-14
0016A,2024-25,REUS AEROPUERTO,TARRAGONA,71,150,150,118,52,4,0,81,4,63,27,22,9,10,3,0.5,-2.9,2025-01-14,26.7,2025-03-31
0016A,2025-26,REUS AEROPUERTO,TARRAGONA,71,151,151,125,38,2,0,81,2,59,34,28,17,47,2,2.2,-2.6,2026-01-06,23.5,2026-03-31
0016B,2017-18,REUS (CENTRE LECTURA),TARRAGONA,118,151,151,114,23,0,0,73,0,48,17,22,8,35,0,3.1,1.2,2018-02-28,24.4,2018-03-28
0016B,2018-19,REUS (CENTRE LECTURA),TARRAGONA,118,151,151,107,13,0,0,77,0,57,28,10,9,18,0,4.4,2.1,2019-01-11,26.0,2019-03-10
0016B,2019-20,REUS (CENTRE LECTURA),TARRAGONA,118,152,152,78,7,0,0,51,0,56,26,24,9,32,0,5.2,3.7,2020-01-01,25.8,2019-11-02
0016B,2020-21,REUS (CENTRE LECTURA),TARRAGONA,118,151,151,85,14,0,0,62,0,54,22,18,14,35,0,3.7,1.8,2021-01-11,25.5,2020-11-01
0016B,2021-22,REUS (CENTRE LECTURA),TARRAGONA,118,151,151,96,6,0,0,66,0,41,17,15,9,30,0,5.2,3.8,2022-01-06,22.5,2022-01-01
0016B,2022-23,REUS (CENTRE LECTURA),TARRAGONA,118,151,151,76,15,0,0,64,0,72,44,11,17,18,0,3.3,2.0,2023-03-01,27.0,2023-03-31
0016B,2023-24,REUS (CENTRE LECTURA),TARRAGONA,118,152,152,65,3,0,0,48,0,89,45,16,22,10,0,6.5,4.6,2024-01-13,26.8,2023-11-14
0016B,2024-25,REUS (CENTRE LECTURA),TARRAGONA,118,120,120,65,3,0,0,60,0,48,26,11,11,11,0,6.0,3.3,2025-01-14,23.7,2024-11-05
0016B,2025-26,REUS (CENTRE LECTURA),TARRAGONA,118,151,151,85,6,0,0,58,0,55,33,26,17,47,0,6.0,0.9,2026-01-05,23.6,2025-11-01
0034X,2017-18,VALLS,TARRAGONA,233,150,150,139,92,10,0,85,10,33,13,21,5,35,3,-0.8,-2.6,2018-02-09,25.4,2018-03-28
0034X,2018-19,VALLS,TARRAGONA,233,151,151,143,90,6,0,88,6,48,26,14,12,32,3,0.5,-1.8,2019-02-17,25.9,2019-03-10
0034X,2019-20,VALLS,TARRAGONA,233,152,152,138,56,7,0,86,6,46,22,21,7,34,5,0.4,-1.7,2020-01-13,25.3,2019-11-02
0034X,2020-21,VALLS,TARRAGONA,233,151,151,139,64,5,0,86,5,47,16,23,12,57,3,0.8,-2.7,2021-01-05,25.4,2020-11-01
0034X,2021-22,VALLS,TARRAGONA,233,151,151,138,66,12,1,84,12,30,8,12,6,42,6,-1.2,-3.3,2022-01-23,22.2,2021-11-01
0034X,2022-23,VALLS,TARRAGONA,233,151,151,129,70,12,0,87,9,61,44,11,25,47,4,-0.9,-2.5,2023-01-23,26.9,2023-03-31
0034X,2023-24,VALLS,TARRAGONA,233,152,152,130,48,2,0,83,2,63,31,16,13,23,1,0.6,-1.0,2023-12-27,26.4,2024-03-22
0034X,2024-25,VALLS,TARRAGONA,233,151,151,130,56,8,1,86,8,32,12,27,9,34,4,0.1,-3.5,2025-01-15,25.8,2025-03-31
0034X,2025-26,VALLS,TARRAGONA,233,151,151,137,58,4,0,86,2,45,17,33,8,48,2,1.1,-0.8,2026-01-01,22.9,2025-11-01
0042Y,2017-18,TARRAGONA ,TARRAGONA,55,151,151,129,46,1,0,80,1,56,28,22,10,19,1,1.6,-0.1,2018-02-13,23.9,2018-01-21
0042Y,2018-19,TARRAGONA ,TARRAGONA,55,151,151,129,27,1,0,86,1,62,32,13,11,11,1,2.7,-1.0,2019-01-11,24.9,2019-03-04
0042Y,2019-20,TARRAGONA ,TARRAGONA,55,152,152,113,14,0,0,71,0,59,31,22,8,21,0,4.1,2.8,2019-11-19,27.1,2019-11-02
0042Y,2020-21,TARRAGONA ,TARRAGONA,55,151,151,109,27,2,0,76,2,56,25,22,16,29,2,2.1,-0.2,2021-01-11,26.1,2021-03-17
0042Y,2021-22,TARRAGONA ,TARRAGONA,55,151,151,117,18,0,0,78,0,49,19,12,9,23,0,3.2,0.3,2022-01-06,24.6,2021-11-01
0042Y,2022-23,TARRAGONA ,TARRAGONA,55,151,151,100,30,1,0,80,1,70,43,12,17,17,1,1.2,-0.6,2023-01-23,28.6,2023-03-31
0042Y,2023-24,TARRAGONA ,TARRAGONA,55,151,151,98,9,0,0,69,0,82,46,18,19,11,0,4.8,2.3,2024-01-13,28.0,2023-11-14
0042Y,2024-25,TARRAGONA ,TARRAGONA,55,151,151,111,20,0,0,79,0,57,30,23,18,13,0,3.5,2.1,2025-01-14,26.2,2025-03-31
0042Y,2025-26,TARRAGONA ,TARRAGONA,55,151,151,115,16,1,0,76,1,58,34,31,18,28,1,4.0,-1.4,2026-01-07,24.0,2025-11-02
0061X,2017-18,PONTONS,BARCELONA,632,149,149,144,116,29,6,86,26,10,4,23,4,74,7,-2.6,-4.3,2018-02-13,21.5,2017-11-17
0061X,2018-19,PONTONS,BARCELONA,632,144,144,141,109,23,1,90,21,24,11,14,5,46,8,-1.5,-3.1,2019-01-04,23.9,2019-03-16
0061X,2019-20,PONTONS,BARCELONA,632,151,151,146,98,16,1,88,11,15,6,27,3,84,4,-1.1,-3.1,2020-01-01,22.8,2020-02-03
0061X,2020-21,PONTONS,BARCELONA,632,151,151,148,97,15,2,88,12,18,4,21,4,111,8,-1.6,-4.4,2021-01-06,24.6,2020-11-02
0061X,2021-22,PONTONS,BARCELONA,632,151,151,148,103,21,1,88,20,12,5,15,4,51,11,-1.9,-3.8,2022-01-23,21.9,2021-12-31
0061X,2022-23,PONTONS,BARCELONA,632,150,150,138,90,26,3,88,22,34,16,12,11,48,8,-2.3,-3.7,2023-02-11,25.1,2023-03-30
0061X,2023-24,PONTONS,BARCELONA,632,152,152,139,71,6,0,86,6,33,17,19,9,28,2,0.2,-2.5,2024-01-09,23.5,2024-03-22
0061X,2024-25,PONTONS,BARCELONA,632,151,151,144,88,10,3,89,9,10,3,33,2,102,5,-0.5,-3.9,2025-01-13,24.5,2025-03-31
0061X,2025-26,PONTONS,BARCELONA,632,151,151,149,106,12,0,89,7,14,4,38,3,75,3,-0.5,-3.0,2026-01-06,22.2,2026-02-22
0066X,2017-18,VILAFRANCA DEL PENEDÈS,BARCELONA,177,150,150,144,102,19,0,86,19,40,17,23,8,35,5,-1.2,-2.4,2017-12-04,22.6,2017-11-24
0066X,2018-19,VILAFRANCA DEL PENEDÈS,BARCELONA,177,150,150,142,103,16,1,89,16,46,20,14,7,24,3,-1.4,-3.2,2019-01-12,24.8,2019-03-17
0066X,2019-20,VILAFRANCA DEL PENEDÈS,BARCELONA,177,152,152,139,67,7,0,85,6,44,16,21,6,35,5,0.2,-1.8,2020-01-13,24.8,2019-11-02
0066X,2020-21,VILAFRANCA DEL PENEDÈS,BARCELONA,177,151,151,139,66,18,1,85,17,43,17,11,13,33,7,-0.9,-4.0,2021-01-06,23.8,2020-11-01
0066X,2021-22,VILAFRANCA DEL PENEDÈS,BARCELONA,177,150,150,140,91,20,2,87,20,33,15,4,6,30,16,-1.7,-3.8,2022-01-15,22.4,2021-11-01
0066X,2022-23,VILAFRANCA DEL PENEDÈS,BARCELONA,177,151,151,132,80,23,2,88,20,67,41,11,21,18,10,-1.8,-4.6,2023-01-23,26.3,2023-03-31
0066X,2023-24,VILAFRANCA DEL PENEDÈS,BARCELONA,177,152,152,133,68,9,0,86,9,77,39,16,15,18,4,-0.1,-1.8,2024-01-13,27.1,2023-11-14
0066X,2024-25,VILAFRANCA DEL PENEDÈS,BARCELONA,177,151,151,130,66,8,1,86,8,47,18,28,8,20,4,-0.1,-3.1,2025-01-15,26.4,2025-03-31
0066X,2025-26,VILAFRANCA DEL PENEDÈS,BARCELONA,177,150,150,138,68,5,0,86,3,50,30,34,9,57,2,1.0,-2.0,2026-01-07,24.1,2025-11-01
0073X,2017-18,SITGES,BARCELONA,58,150,150,132,36,1,0,82,1,27,12,19,5,35,1,2.2,-0.5,2018-02-09,22.2,2018-01-04
0073X,2018-19,SITGES,BARCELONA,58,151,151,134,28,0,0,88,0,29,15,13,7,46,0,3.2,1.4,2019-01-24,22.1,2019-03-23
0073X,2019-20,SITGES,BARCELONA,58,152,152,121,20,0,0,73,0,33,8,20,7,35,0,4.1,2.5,2020-01-01,23.6,2019-11-02
0073X,2020-21,SITGES,BARCELONA,58,145,145,106,22,0,0,73,0,33,14,20,15,41,0,2.4,0.4,2021-01-06,22.2,2020-11-03
0073X,2021-22,SITGES,BARCELONA,58,146,146,112,27,0,0,77,0,18,5,18,5,43,0,2.7,1.5,2022-01-23,23.1,2021-11-01
0073X,2022-23,SITGES,BARCELONA,58,151,151,107,35,1,0,80,1,52,30,15,18,31,1,2.6,-1.8,2023-01-22,26.4,2023-03-11
0073X,2023-24,SITGES,BARCELONA,58,152,152,105,12,0,0,76,0,53,20,17,10,11,0,4.4,1.3,2024-01-13,24.8,2023-11-14
0073X,2024-25,SITGES,BARCELONA,58,151,151,110,20,0,0,82,0,40,19,24,12,59,0,3.9,1.4,2025-01-15,22.6,2024-11-04
0073X,2025-26,SITGES,BARCELONA,58,151,151,119,17,0,0,79,0,35,17,32,9,54,0,4.1,2.1,2026-01-07,24.0,2025-11-02
0076,2017-18,BARCELONA AEROPUERTO,BARCELONA,4,150,150,127,44,0,0,82,0,35,15,23,8,38,0,2.3,0.6,2018-02-09,23.8,2018-01-21
0076,2018-19,BARCELONA AEROPUERTO,BARCELONA,4,151,151,122,21,0,0,88,0,37,13,11,6,47,0,3.2,1.3,2019-01-11,22.4,2019-03-04
0076,2019-20,BARCELONA AEROPUERTO,BARCELONA,4,152,152,109,19,0,0,68,0,40,17,20,7,22,0,4.1,2.4,2020-01-12,24.7,2019-11-04
0076,2020-21,BARCELONA AEROPUERTO,BARCELONA,4,149,149,105,26,1,0,77,1,30,13,19,15,59,1,2.4,-0.5,2021-01-06,21.6,2020-11-14
0076,2021-22,BARCELONA AEROPUERTO,BARCELONA,4,151,151,120,26,0,0,84,0,27,10,19,5,33,0,2.5,1.3,2022-01-15,25.0,2021-11-01
0076,2022-23,BARCELONA AEROPUERTO,BARCELONA,4,151,151,105,36,1,0,83,1,44,29,11,18,34,1,1.9,-0.8,2023-01-22,26.6,2023-03-11
0076,2023-24,BARCELONA AEROPUERTO,BARCELONA,4,148,148,98,15,0,0,73,0,44,19,13,9,14,0,4.1,2.5,2024-01-09,23.3,2023-11-14
0076,2024-25,BARCELONA AEROPUERTO,BARCELONA,4,151,151,100,22,0,0,78,0,37,21,22,11,57,0,3.8,0.6,2025-01-14,23.1,2024-11-05
0076,2025-26,BARCELONA AEROPUERTO,BARCELONA,4,149,149,108,13,0,0,71,0,29,16,31,17,55,0,4.3,0.5,2026-01-07,24.6,2025-11-02
0092X,2017-18,BERGA,BARCELONA,682,147,147,147,137,54,9,86,44,6,0,24,2,79,11,-3.5,-5.7,2018-02-09,19.9,2018-03-28
0092X,2018-19,BERGA,BARCELONA,682,151,151,149,125,31,5,90,30,20,8,15,4,99,4,-2.3,-5.5,2019-01-11,22.7,2019-03-16
0092X,2019-20,BERGA,BARCELONA,682,152,152,152,111,24,0,91,12,8,4,24,3,92,6,-1.4,-3.0,2019-11-17,23.8,2020-03-12
0092X,2020-21,BERGA,BARCELONA,682,151,151,148,105,37,12,90,35,9,6,28,4,141,11,-3.3,-5.6,2021-01-08,23.3,2020-11-02
0092X,2021-22,BERGA,BARCELONA,682,151,151,151,121,36,2,90,32,4,1,21,2,60,17,-2.4,-3.3,2022-01-06,21.0,2022-02-18
0092X,2022-23,BERGA,BARCELONA,682,151,151,149,105,42,10,90,35,35,16,15,12,92,18,-3.4,-5.3,2023-01-30,24.7,2023-03-29
0092X,2023-24,BERGA,BARCELONA,682,151,151,149,104,20,1,90,17,25,15,24,11,65,4,-1.1,-3.7,2024-01-09,24.7,2024-03-22
0092X,2024-25,BERGA,BARCELONA,682,151,151,146,106,26,2,90,25,9,2,31,6,120,4,-1.2,-4.4,2025-01-14,24.0,2025-03-31
0092X,2025-26,BERGA,BARCELONA,682,151,151,150,109,24,3,90,18,13,2,43,5,100,4,-1.6,-6.6,2026-01-07,20.3,2026-02-24
0106X,2017-18,BALSARENY,BARCELONA,361,146,146,146,136,94,34,89,65,14,4,19,5,40,15,-6.2,-8.0,2017-12-04,22.2,2018-03-10
0106X,2018-19,BALSARENY,BARCELONA,361,151,151,151,137,83,26,90,68,36,16,15,11,93,20,-5.5,-7.5,2019-01-11,25.1,2019-03-16
0106X,2019-20,BALSARENY,BARCELONA,361,152,152,150,118,51,13,91,33,23,7,18,5,48,9,-3.7,-5.5,2020-01-13,24.9,2020-03-12
0106X,2020-21,BALSARENY,BARCELONA,361,151,151,149,126,60,16,90,45,35,11,20,5,71,12,-4.8,-9.5,2021-01-06,25.9,2020-11-02
0106X,2021-22,BALSARENY,BARCELONA,361,151,151,149,128,75,33,90,60,15,4,19,3,47,25,-6.7,-8.5,2022-01-16,23.5,2022-02-18
0106X,2022-23,BALSARENY,BARCELONA,361,151,151,149,123,66,30,90,53,52,35,16,24,47,20,-6.2,-8.4,2023-01-23,26.0,2023-03-30
0106X,2023-24,BALSARENY,BARCELONA,361,152,152,151,114,56,19,91,45,40,24,18,12,32,11,-4.1,-6.9,2024-01-09,27.1,2024-03-22
0106X,2024-25,BALSARENY,BARCELONA,361,151,151,144,109,53,19,90,49,16,6,29,8,57,10,-4.2,-8.6,2025-01-14,25.8,2025-03-31
0106X,2025-26,BALSARENY,BARCELONA,361,146,146,142,109,48,6,89,33,23,12,36,6,98,14,-2.6,-7.5,2026-01-07,22.5,2026-02-24
0114X,2017-18,PRATS DE LLUÇANÈS,BARCELONA,700,151,151,151,143,97,40,90,67,4,0,25,1,108,15,-6.3,-10.1,2018-02-27,19.4,2018-03-10
0114X,2018-19,PRATS DE LLUÇANÈS,BARCELONA,700,150,150,148,136,58,13,89,50,18,7,17,6,101,16,-3.4,-7.5,2019-01-11,22.7,2019-02-27
0114X,2019-20,PRATS DE LLUÇANÈS,BARCELONA,700,152,152,151,129,38,5,91,20,11,5,22,3,91,8,-2.2,-4.0,2020-01-12,23.9,2020-03-12
0114X,2020-21,PRATS DE LLUÇANÈS,BARCELONA,700,150,150,148,125,50,17,89,40,9,7,23,4,70,14,-4.8,-7.9,2021-01-06,23.4,2020-11-02
0114X,2021-22,PRATS DE LLUÇANÈS,BARCELONA,700,151,151,150,128,68,21,90,58,7,2,18,2,59,24,-4.4,-6.1,2022-01-16,21.4,2022-02-18
0114X,2022-23,PRATS DE LLUÇANÈS,BARCELONA,700,150,150,149,128,57,26,90,46,34,13,15,12,54,20,-5.7,-7.5,2023-01-30,23.9,2023-03-30
0114X,2023-24,PRATS DE LLUÇANÈS,BARCELONA,700,152,152,152,128,62,9,91,45,26,16,22,11,64,11,-3.1,-6.5,2024-01-09,24.9,2024-03-22
0114X,2024-25,PRATS DE LLUÇANÈS,BARCELONA,700,151,151,149,119,51,12,90,49,10,4,33,3,120,10,-3.4,-7.3,2025-01-14,24.5,2025-03-31
0114X,2025-26,PRATS DE LLUÇANÈS,BARCELONA,700,151,151,150,123,47,7,90,31,12,3,37,5,100,11,-3.0,-6.5,2026-01-07,20.5,2026-03-17
0120X,2017-18,MOIÀ,BARCELONA,742,151,151,150,126,43,8,90,33,3,0,23,1,108,8,-3.0,-4.8,2018-02-08,19.0,2018-03-10
0120X,2018-19,MOIÀ,BARCELONA,742,150,150,147,110,22,2,89,22,17,6,17,5,60,5,-1.9,-5.2,2019-01-11,22.4,2019-02-27
0120X,2019-20,MOIÀ,BARCELONA,742,152,152,151,106,16,0,91,6,6,3,24,2,92,3,-0.4,-1.7,2020-01-01,23.8,2020-03-12
0120X,2020-21,MOIÀ,BARCELONA,742,145,145,143,80,21,4,84,20,8,3,22,4,77,11,-2.4,-5.6,2021-01-06,23.1,2020-11-02
0120X,2021-22,MOIÀ,BARCELONA,742,151,151,151,104,22,2,90,19,4,2,21,2,60,9,-1.2,-3.7,2022-01-22,20.8,2022-02-18
0120X,2022-23,MOIÀ,BARCELONA,742,150,150,135,82,29,8,89,25,26,15,17,4,47,16,-3.1,-4.7,2023-01-22,23.4,2023-03-29
0120X,2023-24,MOIÀ,BARCELONA,742,152,152,144,88,7,0,91,7,21,13,23,7,64,3,0.2,-2.9,2024-01-13,23.8,2024-03-22
0120X,2024-25,MOIÀ,BARCELONA,742,151,151,143,88,10,0,90,9,9,1,34,3,121,3,-0.2,-2.4,2025-01-13,22.3,2025-03-31
0120X,2025-26,MOIÀ,BARCELONA,742,137,137,134,78,12,2,78,8,11,0,30,6,69,3,-0.9,-5.9,2026-01-07,19.9,2026-02-24
0149D,2017-18,MANRESA (LA CULLA),BARCELONA,291,151,151,148,125,57,12,90,39,17,6,21,5,41,14,-3.6,-5.5,2017-12-02,22.9,2018-03-10
0149D,2018-19,MANRESA (LA CULLA),BARCELONA,291,151,151,147,116,35,8,90,34,40,22,16,13,93,15,-3.2,-4.8,2019-01-11,25.9,2019-03-16
0149D,2019-20,MANRESA (LA CULLA),BARCELONA,291,152,152,144,95,21,1,89,15,31,10,20,5,48,7,-1.5,-3.2,2020-01-12,24.7,2020-03-12
0149D,2020-21,MANRESA (LA CULLA),BARCELONA,291,151,151,146,94,23,7,89,17,38,13,19,11,70,5,-2.9,-5.2,2021-01-06,25.4,2020-11-02
0149D,2022-23,MANRESA (LA CULLA),BARCELONA,291,151,151,138,97,39,8,90,32,52,37,13,17,47,11,-3.1,-6.0,2023-01-21,27.2,2023-03-30
0149D,2023-24,MANRESA (LA CULLA),BARCELONA,291,152,152,145,93,26,6,90,24,53,31,18,13,26,8,-2.7,-4.1,2023-12-28,26.4,2024-03-22
0149D,2024-25,MANRESA (LA CULLA),BARCELONA,291,120,120,108,57,12,0,57,12,21,3,27,9,42,4,-1.8,-2.8,2024-12-31,25.4,2025-03-31
0149X,2017-18,MANRESA,BARCELONA,291,150,150,148,128,64,18,90,45,17,6,22,5,41,14,-3.6,-5.8,2017-12-04,23.1,2018-03-10
0149X,2018-19,MANRESA,BARCELONA,291,151,151,148,123,41,8,90,38,39,23,16,13,93,16,-3.4,-5.0,2019-01-11,26.0,2019-03-16
0149X,2019-20,MANRESA,BARCELONA,291,152,152,147,97,26,2,91,17,30,10,18,5,48,8,-1.7,-3.2,2020-01-12,24.6,2020-03-12
0149X,2020-21,MANRESA,BARCELONA,291,147,147,143,95,29,8,85,23,36,13,19,11,37,6,-3.1,-5.3,2021-01-06,25.5,2020-11-02
0149X,2021-22,MANRESA,BARCELONA,291,149,149,146,113,47,18,89,43,15,6,11,2,50,20,-4.2,-6.2,2022-01-16,24.4,2022-02-18
0149X,2022-23,MANRESA,BARCELONA,291,148,148,137,98,43,12,87,34,52,37,12,17,46,18,-3.3,-6.0,2023-01-21,27.2,2023-03-30
0149X,2023-24,MANRESA,BARCELONA,291,151,151,145,93,27,6,91,24,51,30,19,13,48,8,-2.4,-4.4,2024-01-09,26.2,2024-03-22
0149X,2024-25,MANRESA,BARCELONA,291,151,151,139,88,24,5,88,24,22,3,27,9,52,7,-2.5,-5.8,2025-01-14,25.2,2025-03-31
0149X,2025-26,MANRESA,BARCELONA,291,151,151,146,96,21,2,88,12,33,10,34,5,64,4,-1.0,-4.7,2026-01-07,22.8,2026-02-24
0158O,2017-18,MONTSERRAT,BARCELONA,738,151,151,146,104,15,0,89,15,1,0,25,1,147,5,-1.2,-3.0,2017-12-02,18.0,2018-03-28
0158O,2018-19,MONTSERRAT,BARCELONA,738,151,151,138,77,5,0,85,5,6,1,17,2,118,2,0.2,-3.0,2019-02-04,20.0,2019-03-16
0158O,2019-20,MONTSERRAT,BARCELONA,738,148,150,141,70,4,0,90,3,2,1,23,1,115,2,0.2,-1.0,2020-01-05,20.0,2020-03-12
0158O,2020-21,MONTSERRAT,BARCELONA,738,150,150,141,68,24,5,88,23,2,2,21,2,102,17,-2.7,-5.2,2021-01-12,22.0,2020-11-02
0158O,2021-22,MONTSERRAT,BARCELONA,738,151,151,146,87,9,1,86,6,4,2,18,2,61,3,-0.2,-3.1,2022-01-22,21.9,2022-01-02
0158O,2022-23,MONTSERRAT,BARCELONA,738,151,151,125,63,20,6,85,18,10,3,14,3,75,11,-2.2,-4.2,2023-01-30,21.2,2023-03-30
0158O,2023-24,MONTSERRAT,BARCELONA,738,141,141,117,61,3,0,74,3,11,4,19,3,40,2,1.1,-1.8,2024-01-13,21.0,2024-03-17
0158O,2024-25,MONTSERRAT,BARCELONA,738,151,151,141,68,5,0,90,4,1,1,28,1,150,2,0.1,-1.4,2025-01-03,20.8,2025-03-31
0158O,2025-26,MONTSERRAT,BARCELONA,738,151,151,143,72,11,3,88,9,2,1,38,1,114,4,-0.2,-6.7,2026-01-07,20.0,2026-02-24
0158X,2017-18,MONISTROL DE MONTSERRAT,BARCELONA,738,151,151,146,104,26,6,89,24,1,0,25,1,147,8,-2.2,-4.4,2018-02-13,18.3,2018-03-28
0158X,2018-19,MONISTROL DE MONTSERRAT,BARCELONA,738,151,151,141,78,10,1,87,10,6,1,18,2,118,3,-0.8,-3.2,2019-02-04,20.5,2019-03-16
0158X,2019-20,MONISTROL DE MONTSERRAT,BARCELONA,738,152,152,144,67,3,0,89,1,3,1,23,1,92,1,1.0,-0.6,2019-11-17,20.6,2020-03-12
0158X,2020-21,MONISTROL DE MONTSERRAT,BARCELONA,738,151,151,139,67,21,5,88,21,3,2,22,2,147,14,-2.5,-5.0,2021-01-12,21.8,2020-11-02
0158X,2021-22,MONISTROL DE MONTSERRAT,BARCELONA,738,149,149,141,77,6,0,83,4,5,2,18,3,50,2,0.0,-2.9,2022-01-22,21.9,2022-01-02
0158X,2022-23,MONISTROL DE MONTSERRAT,BARCELONA,738,149,149,122,61,18,2,83,17,11,4,14,3,75,11,-2.1,-3.9,2023-01-30,21.5,2023-03-30
0158X,2023-24,MONISTROL DE MONTSERRAT,BARCELONA,738,152,152,128,64,3,0,85,3,12,4,18,3,66,2,1.7,-1.5,2024-01-13,21.4,2024-03-17
0158X,2024-25,MONISTROL DE MONTSERRAT,BARCELONA,738,151,151,140,60,6,0,90,5,1,1,29,1,150,2,0.3,-1.2,2025-01-03,21.1,2025-03-31
0158X,2025-26,MONISTROL DE MONTSERRAT,BARCELONA,738,149,149,140,63,6,2,88,6,2,0,38,1,81,4,0.1,-6.1,2026-01-07,19.6,2026-02-24
0171X,2017-18,IGUALADA,BARCELONA,313,149,149,143,116,31,1,84,26,20,6,20,5,39,6,-1.8,-3.1,2018-02-09,22.1,2018-03-10
0171X,2018-19,IGUALADA,BARCELONA,313,151,151,146,102,14,0,90,14,39,16,15,12,65,3,-0.9,-2.7,2019-02-15,24.5,2019-03-16
0171X,2019-20,IGUALADA,BARCELONA,313,150,150,146,85,14,0,91,11,25,7,21,5,64,6,-0.5,-2.1,2020-01-15,24.6,2020-03-12
0171X,2020-21,IGUALADA,BARCELONA,313,151,151,140,67,9,1,86,9,55,24,19,15,35,4,-0.1,-3.9,2021-01-06,25.4,2020-11-01
0171X,2021-22,IGUALADA,BARCELONA,313,151,151,146,99,24,6,89,24,14,4,14,3,31,18,-2.5,-4.4,2022-01-23,23.0,2022-02-18
0171X,2022-23,IGUALADA,BARCELONA,313,151,151,136,79,19,1,89,16,56,42,15,17,47,5,-1.6,-3.7,2023-01-23,26.8,2023-03-13
0171X,2023-24,IGUALADA,BARCELONA,313,151,151,142,70,13,0,91,13,50,32,17,13,27,4,-0.7,-2.3,2023-12-28,25.6,2024-03-22
0171X,2025-26,IGUALADA,BARCELONA,313,149,149,143,89,6,0,88,4,27,7,39,5,70,3,0.4,-1.9,2026-01-06,22.6,2026-02-23
0194D,2017-18,"CORBERA, PUIG D'AGULLES",BARCELONA,647,147,147,141,92,20,4,85,17,8,4,22,2,39,8,-1.7,-4.5,2018-02-27,22.2,2017-11-04
0194D,2018-19,"CORBERA, PUIG D'AGULLES",BARCELONA,647,148,148,138,67,8,1,85,8,20,11,17,6,45,3,-0.0,-3.1,2019-01-11,23.5,2019-03-16
0194D,2019-20,"CORBERA, PUIG D'AGULLES",BARCELONA,647,150,150,142,58,0,0,86,0,14,7,27,3,44,0,1.8,1.0,2019-11-19,23.8,2020-03-12
0194D,2020-21,"CORBERA, PUIG D'AGULLES",BARCELONA,647,147,147,136,60,15,2,86,15,16,4,23,4,69,12,-1.3,-3.5,2021-01-08,24.1,2020-11-01
0194D,2021-22,"CORBERA, PUIG D'AGULLES",BARCELONA,647,151,151,146,78,5,0,86,3,6,0,24,2,60,2,0.9,-1.5,2022-01-22,19.9,2022-01-01
0194D,2022-23,"CORBERA, PUIG D'AGULLES",BARCELONA,647,151,151,127,62,17,0,86,15,32,11,10,6,48,6,-1.2,-2.9,2023-03-01,23.9,2023-03-30
0194D,2023-24,"CORBERA, PUIG D'AGULLES",BARCELONA,647,152,152,132,49,2,0,85,2,27,11,9,9,54,1,1.6,-0.4,2024-01-12,24.5,2024-03-22
0194D,2024-25,"CORBERA, PUIG D'AGULLES",BARCELONA,647,128,128,120,47,1,0,70,1,2,2,30,1,81,1,1.6,-0.2,2025-01-14,23.4,2025-03-31
0194D,2025-26,"CORBERA, PUIG D'AGULLES",BARCELONA,647,151,151,142,61,4,2,89,4,8,2,35,2,109,3,1.2,-3.5,2026-01-07,21.6,2026-02-24
0200E,2017-18,"BARCELONA, FABRA",BARCELONA,408,151,151,131,56,5,0,84,5,14,4,26,5,47,3,0.7,-2.4,2018-02-27,21.4,2017-11-24
0200E,2018-19,"BARCELONA, FABRA",BARCELONA,408,151,151,125,22,1,0,81,1,29,13,15,5,53,1,3.1,-0.7,2019-01-11,23.6,2019-03-25
0200E,2019-20,"BARCELONA, FABRA",BARCELONA,408,152,152,120,15,0,0,75,0,23,10,22,6,60,0,4.6,3.2,2020-01-11,23.0,2019-11-02
0200E,2020-21,"BARCELONA, FABRA",BARCELONA,408,151,151,113,34,3,0,79,3,30,12,19,10,59,2,0.8,-0.5,2021-01-11,22.7,2020-11-01
0200E,2021-22,"BARCELONA, FABRA",BARCELONA,408,151,151,125,22,0,0,78,0,18,7,23,3,46,0,3.1,1.4,2022-01-22,22.1,2022-01-01
0200E,2022-23,"BARCELONA, FABRA",BARCELONA,408,151,151,100,32,1,0,69,1,60,35,14,17,19,1,1.6,-1.1,2023-02-27,25.7,2023-03-24
0200E,2023-24,"BARCELONA, FABRA",BARCELONA,408,152,152,101,12,0,0,69,0,61,25,20,8,20,0,4.2,2.5,2024-03-03,26.4,2023-11-14
0200E,2024-25,"BARCELONA, FABRA",BARCELONA,408,151,151,117,20,0,0,84,0,20,6,27,2,60,0,4.0,2.2,2025-01-14,22.0,2025-03-31
0200E,2025-26,"BARCELONA, FABRA",BARCELONA,408,151,151,117,28,2,0,76,2,27,11,37,4,63,2,3.2,-1.6,2026-01-07,23.3,2025-11-01
0201D,2017-18,"BARCELONA, PORT OLÍMPIC",BARCELONA,26,149,149,106,16,0,0,68,0,30,12,23,9,34,0,3.9,0.1,2018-02-28,22.5,2017-11-04
0201D,2018-19,"BARCELONA, PORT OLÍMPIC",BARCELONA,26,150,150,106,12,0,0,82,0,34,7,16,6,34,0,4.6,2.9,2019-01-11,22.3,2019-03-04
0201D,2019-20,"BARCELONA, PORT OLÍMPIC",BARCELONA,26,152,152,92,5,0,0,59,0,31,10,19,7,35,0,5.7,4.0,2020-01-12,24.3,2019-11-02
0201D,2020-21,"BARCELONA, PORT OLÍMPIC",BARCELONA,26,151,151,83,14,0,0,62,0,27,12,16,14,44,0,4.0,2.0,2021-01-06,22.3,2021-01-29
0201D,2021-22,"BARCELONA, PORT OLÍMPIC",BARCELONA,26,151,151,100,14,0,0,73,0,16,4,20,4,41,0,4.4,3.2,2022-01-16,22.9,2021-11-01
0201D,2023-24,"BARCELONA, PORT OLÍMPIC",BARCELONA,26,152,152,73,7,0,0,58,0,39,17,15,9,13,0,5.1,3.9,2024-01-09,25.9,2023-11-14
0201D,2024-25,"BARCELONA, PORT OLÍMPIC",BARCELONA,26,150,150,69,6,0,0,56,0,41,18,22,11,36,0,5.3,2.6,2025-01-15,23.3,2024-11-05
0201D,2025-26,"BARCELONA, PORT OLÍMPIC",BARCELONA,26,146,146,77,4,0,0,51,0,32,12,30,17,46,0,5.9,1.6,2026-01-07,23.2,2025-11-02
0201X,2017-18,"BARCELONA, DRASSANES",BARCELONA,11,149,149,98,9,0,0,70,0,36,19,22,6,39,0,3.5,1.3,2018-02-28,22.6,2018-01-04
0201X,2019-20,"BARCELONA, DRASSANES",BARCELONA,11,121,121,49,0,0,0,41,0,30,12,18,6,17,0,7.0,5.4,2020-01-12,23.1,2020-02-02
0201X,2020-21,"BARCELONA, DRASSANES",BARCELONA,11,134,134,57,12,0,0,43,0,32,12,16,15,44,0,4.6,3.6,2021-01-12,23.1,2021-01-29
0201X,2021-22,"BARCELONA, DRASSANES",BARCELONA,11,150,150,79,1,0,0,62,0,26,6,23,6,23,0,5.7,4.9,2022-01-23,24.0,2021-11-01
0201X,2022-23,"BARCELONA, DRASSANES",BARCELONA,11,151,151,70,9,0,0,61,0,54,33,13,18,20,0,4.8,2.0,2023-02-27,26.9,2023-03-11
0201X,2023-24,"BARCELONA, DRASSANES",BARCELONA,11,152,152,53,1,0,0,46,0,62,26,16,13,11,0,6.8,4.7,2024-01-13,26.4,2023-11-14
0201X,2024-25,"BARCELONA, DRASSANES",BARCELONA,11,150,150,57,0,0,0,50,0,43,24,23,14,57,0,6.9,5.5,2024-12-30,22.9,2024-11-05
0201X,2025-26,"BARCELONA, DRASSANES",BARCELONA,11,150,150,62,2,0,0,43,0,39,17,31,17,38,0,6.9,2.5,2026-01-07,23.7,2025-11-02
0222X,2017-18,CALDES DE MONTBUI,BARCELONA,175,151,151,147,119,41,5,89,30,30,13,22,8,35,12,-2.8,-5.3,2017-12-04,23.1,2018-03-28
0222X,2018-19,CALDES DE MONTBUI,BARCELONA,175,150,150,142,112,31,3,89,31,51,20,16,10,30,12,-2.6,-5.5,2019-01-11,25.0,2019-02-27
0222X,2019-20,CALDES DE MONTBUI,BARCELONA,175,152,152,143,87,16,0,88,11,39,18,15,6,36,5,-0.9,-2.4,2020-01-13,24.3,2019-11-02
0222X,2020-21,CALDES DE MONTBUI,BARCELONA,175,150,150,141,86,18,3,88,16,44,18,19,11,35,6,-2.2,-4.8,2021-01-06,24.9,2020-11-01
0222X,2021-22,CALDES DE MONTBUI,BARCELONA,175,149,149,146,101,31,6,88,29,27,14,19,4,43,12,-2.9,-4.6,2022-01-17,24.2,2022-02-18
0222X,2022-23,CALDES DE MONTBUI,BARCELONA,175,150,150,141,96,34,9,89,29,59,37,13,13,25,17,-3.3,-6.6,2023-01-22,26.1,2023-03-31
0222X,2023-24,CALDES DE MONTBUI,BARCELONA,175,152,152,144,90,23,0,91,22,69,32,17,15,14,7,-1.6,-2.9,2024-01-09,27.4,2023-11-14
0222X,2024-25,CALDES DE MONTBUI,BARCELONA,175,151,151,135,93,21,3,88,21,36,14,30,11,36,7,-1.5,-5.4,2025-01-14,22.4,2025-03-31
0222X,2025-26,CALDES DE MONTBUI,BARCELONA,175,148,148,141,98,15,2,86,5,38,16,40,9,52,4,-1.1,-4.4,2026-01-07,24.3,2025-11-01
0244X,2017-18,VILASSAR DE DALT,BARCELONA,56,151,151,129,27,0,0,83,0,40,21,23,6,37,0,2.5,0.0,2018-02-27,24.5,2017-11-04
0244X,2018-19,VILASSAR DE DALT,BARCELONA,56,139,139,104,15,0,0,77,0,52,26,15,7,30,0,4.1,2.9,2019-01-10,24.4,2019-03-24
0244X,2019-20,VILASSAR DE DALT,BARCELONA,56,147,147,102,3,0,0,65,0,54,21,21,7,22,0,5.5,4.0,2020-01-13,26.0,2019-11-02
0244X,2021-22,VILASSAR DE DALT,BARCELONA,56,151,151,108,14,0,0,80,0,23,10,20,4,33,0,4.2,3.0,2022-01-22,22.1,2022-02-17
0244X,2022-23,VILASSAR DE DALT,BARCELONA,56,150,150,89,18,0,0,73,0,60,33,14,16,20,0,3.7,1.1,2023-01-22,28.2,2023-03-11
0244X,2023-24,VILASSAR DE DALT,BARCELONA,56,152,152,95,3,0,0,72,0,62,26,21,12,14,0,5.8,3.7,2024-01-08,26.9,2023-11-14
0244X,2024-25,VILASSAR DE DALT,BARCELONA,56,150,150,95,3,0,0,72,0,42,20,27,11,36,0,5.8,3.0,2025-01-14,23.6,2024-11-05
0244X,2025-26,VILASSAR DE DALT,BARCELONA,56,151,151,97,11,0,0,65,0,42,20,33,17,49,0,4.6,1.4,2026-01-06,23.6,2025-11-01
0252D,2017-18,ARENYS DE MAR,BARCELONA,74,141,141,133,44,3,0,79,3,38,16,26,8,35,2,1.3,-1.3,2018-02-27,23.9,2017-11-04
0252D,2019-20,ARENYS DE MAR,BARCELONA,74,151,151,126,13,0,0,78,0,53,17,26,7,13,0,4.4,2.7,2020-01-13,24.4,2019-11-04
0252D,2020-21,ARENYS DE MAR,BARCELONA,74,151,151,119,34,0,0,84,0,41,14,17,15,41,0,1.9,1.1,2020-12-27,22.0,2020-11-02
0252D,2021-22,ARENYS DE MAR,BARCELONA,74,151,151,126,31,0,0,84,0,29,8,17,5,24,0,2.8,1.4,2022-01-15,22.9,2022-02-17
0252D,2022-23,ARENYS DE MAR,BARCELONA,74,151,151,112,32,2,0,83,2,66,34,14,21,21,2,2.3,-0.6,2023-01-22,25.6,2023-03-11
0252D,2023-24,ARENYS DE MAR,BARCELONA,74,152,152,111,12,0,0,82,0,66,28,0,11,14,0,4.6,1.9,2024-01-08,25.3,2024-03-22
0252D,2024-25,ARENYS DE MAR,BARCELONA,74,151,151,112,12,0,0,82,0,52,19,0,11,18,0,4.7,1.5,2025-01-15,24.1,2024-11-05
0255B,2017-18,SANTA SUSANNA,BARCELONA,40,151,151,147,116,19,1,90,18,25,8,0,5,40,7,-1.6,-3.1,2017-12-02,21.7,2017-11-04
0255B,2018-19,SANTA SUSANNA,BARCELONA,40,151,151,143,95,14,2,90,14,23,7,0,6,34,3,-0.9,-3.5,2019-02-04,21.6,2019-02-22
0255B,2019-20,SANTA SUSANNA,BARCELONA,40,151,151,144,83,3,0,87,2,17,7,29,6,26,2,0.8,-1.2,2020-01-13,23.5,2019-11-04
0255B,2020-21,SANTA SUSANNA,BARCELONA,40,151,151,138,88,16,0,88,15,17,0,16,4,60,5,-1.2,-3.0,2020-12-26,19.7,2020-11-02
0260X,2017-18,FOGARS DE MONTCLÚS,BARCELONA,936,151,151,147,109,31,9,88,25,3,0,30,1,106,8,-3.3,-5.4,2018-02-13,18.5,2017-11-23
0260X,2018-19,FOGARS DE MONTCLÚS,BARCELONA,936,151,151,147,95,13,0,89,13,15,3,21,4,78,5,-0.8,-2.9,2019-01-11,21.6,2019-02-27
0260X,2019-20,FOGARS DE MONTCLÚS,BARCELONA,936,141,141,136,76,2,0,78,0,9,5,27,2,57,2,0.7,-0.9,2020-03-26,21.1,2020-03-12
0260X,2020-21,FOGARS DE MONTCLÚS,BARCELONA,936,151,151,147,84,20,2,89,19,7,2,27,2,75,8,-1.2,-4.0,2021-01-06,23.2,2020-11-02
0260X,2021-22,FOGARS DE MONTCLÚS,BARCELONA,936,149,149,145,94,13,0,84,10,10,6,38,5,58,3,-0.6,-2.3,2022-01-06,22.9,2021-12-31
0260X,2022-23,FOGARS DE MONTCLÚS,BARCELONA,936,150,150,135,72,20,3,86,17,32,14,24,4,29,12,-1.8,-4.8,2023-02-27,22.6,2023-03-11
0260X,2023-24,FOGARS DE MONTCLÚS,BARCELONA,936,152,152,135,59,3,0,85,3,19,10,30,3,65,2,0.5,-1.2,2024-01-08,24.1,2023-11-14
0260X,2024-25,FOGARS DE MONTCLÚS,BARCELONA,936,151,151,144,81,4,0,90,3,4,1,35,1,102,2,0.4,-0.9,2025-02-09,20.9,2025-03-31
0260X,2025-26,FOGARS DE MONTCLÚS,BARCELONA,936,151,151,147,89,8,1,90,4,5,1,36,2,100,3,0.0,-3.2,2026-01-07,20.1,2025-11-01
0281Y,2017-18,BLANES,GIRONA,45,150,150,119,34,0,0,79,0,28,5,24,5,40,0,2.3,0.1,2018-02-27,22.6,2017-11-04
0281Y,2018-19,BLANES,GIRONA,45,151,151,105,13,0,0,77,0,38,10,15,9,34,0,4.1,0.7,2019-01-11,21.4,2018-11-04
0281Y,2019-20,BLANES,GIRONA,45,152,152,92,3,0,0,59,0,30,7,22,6,22,0,5.5,4.1,2020-03-27,23.7,2019-11-04
0281Y,2020-21,BLANES,GIRONA,45,151,151,97,18,0,0,67,0,32,6,16,7,60,0,3.0,1.6,2021-01-08,21.4,2020-11-01
0281Y,2021-22,BLANES,GIRONA,45,150,150,114,14,0,0,75,0,20,0,28,3,43,0,4.6,2.7,2022-01-22,19.7,2022-02-17
0281Y,2022-23,BLANES,GIRONA,45,150,150,88,23,0,0,67,0,51,24,18,24,34,0,2.7,0.0,2023-01-23,23.5,2022-11-02
0281Y,2023-24,BLANES,GIRONA,45,152,152,83,5,0,0,63,0,50,16,19,20,32,0,6.0,3.5,2024-01-09,23.8,2024-03-22
0281Y,2024-25,BLANES,GIRONA,45,151,151,86,5,0,0,68,0,39,16,30,11,41,0,5.7,1.8,2025-01-14,22.9,2024-11-10
0281Y,2025-26,BLANES,GIRONA,45,151,151,89,7,0,0,59,0,30,13,32,9,59,0,5.0,0.9,2026-01-07,22.4,2025-11-02
0284X,2017-18,CASTELL D'ARO,GIRONA,14,150,150,143,102,19,1,88,19,24,8,20,7,40,6,-1.2,-3.3,2018-02-09,23.1,2017-11-02
0284X,2018-19,CASTELL D'ARO,GIRONA,14,151,151,138,86,7,0,90,7,40,10,17,7,34,2,0.1,-2.3,2019-02-04,23.6,2019-02-22
0284X,2019-20,CASTELL D'ARO,GIRONA,14,152,152,137,62,1,0,83,1,30,10,23,6,22,1,1.7,-0.1,2020-01-13,23.8,2020-02-03
0284X,2020-21,CASTELL D'ARO,GIRONA,14,150,150,133,62,8,0,85,8,22,7,18,6,60,4,-0.1,-2.1,2021-01-04,22.3,2020-11-08
0284X,2021-22,CASTELL D'ARO,GIRONA,14,151,151,134,77,18,0,89,16,19,6,25,3,41,7,-1.1,-2.3,2022-01-13,21.7,2022-01-04
0284X,2022-23,CASTELL D'ARO,GIRONA,14,149,149,129,66,13,0,85,12,46,22,18,12,20,5,-0.8,-2.2,2023-01-19,24.0,2022-11-09
0284X,2023-24,CASTELL D'ARO,GIRONA,14,145,145,128,60,3,0,86,3,48,20,18,10,18,3,1.1,-1.3,2024-01-09,25.4,2023-11-13
0284X,2024-25,CASTELL D'ARO,GIRONA,14,151,151,127,58,3,0,87,3,33,13,33,11,56,3,1.2,-2.3,2025-01-15,23.6,2025-03-31
0284X,2025-26,CASTELL D'ARO,GIRONA,14,148,148,129,56,4,1,84,2,27,13,30,9,60,2,0.6,-3.4,2026-01-07,24.3,2025-11-01
0294B,2017-18,LA BISBAL (D'EMPORDA 3),GIRONA,51,151,151,142,108,23,1,89,21,37,16,22,8,35,5,-1.4,-3.5,2018-02-09,23.3,2017-11-02
0294B,2018-19,LA BISBAL (D'EMPORDA 3),GIRONA,51,151,151,140,90,11,0,89,11,57,22,16,9,17,5,-0.4,-1.2,2019-01-04,24.9,2019-03-23
0294B,2019-20,LA BISBAL (D'EMPORDA 3),GIRONA,51,152,152,139,69,3,0,85,2,46,17,24,6,20,2,1.2,-0.7,2020-01-12,24.7,2020-02-03
0294B,2020-21,LA BISBAL (D'EMPORDA 3),GIRONA,51,151,151,138,68,12,1,86,12,50,19,21,9,34,4,-0.7,-3.4,2021-01-04,22.5,2020-11-19
0294B,2021-22,LA BISBAL (D'EMPORDA 3),GIRONA,51,151,151,136,85,19,0,89,19,30,14,27,7,28,7,-2.0,-2.8,2022-01-17,23.4,2022-02-18
0294B,2022-23,LA BISBAL (D'EMPORDA 3),GIRONA,51,151,151,131,70,18,1,87,16,61,34,21,12,27,6,-1.6,-3.2,2023-01-30,25.4,2023-03-13
0294B,2023-24,LA BISBAL (D'EMPORDA 3),GIRONA,51,152,152,132,71,5,0,89,5,70,43,23,13,20,2,0.6,-2.3,2024-01-09,27.1,2023-11-14
0294B,2024-25,LA BISBAL (D'EMPORDA 3),GIRONA,51,151,151,129,57,8,2,86,8,42,17,37,11,32,4,-0.1,-3.5,2025-01-15,25.5,2025-03-31
0294B,2025-26,LA BISBAL (D'EMPORDA 3),GIRONA,51,123,123,104,53,6,1,56,4,31,19,26,9,51,2,0.3,-3.8,2026-01-07,24.5,2025-11-01
0312X,2017-18,SANT PAU DE SEGÚRIES,GIRONA,851,149,149,149,145,113,53,89,72,1,0,26,1,70,26,-7.0,-10.5,2018-02-09,18.2,2017-11-21
0312X,2018-19,SANT PAU DE SEGÚRIES,GIRONA,851,150,150,150,141,95,40,90,71,9,2,17,3,113,22,-5.5,-8.3,2019-01-11,22.3,2019-02-27
0312X,2019-20,SANT PAU DE SEGÚRIES,GIRONA,851,147,147,147,137,69,18,86,42,6,3,26,2,42,18,-4.3,-6.7,2020-01-12,21.4,2020-03-12
0312X,2020-21,SANT PAU DE SEGÚRIES,GIRONA,851,151,151,151,139,71,33,90,55,5,2,23,2,92,27,-6.0,-10.8,2021-01-06,21.5,2020-11-02
0312X,2021-22,SANT PAU DE SEGÚRIES,GIRONA,851,151,151,151,142,90,40,90,70,6,4,28,2,52,25,-7.0,-8.4,2022-01-15,22.1,2022-02-02
0312X,2022-23,SANT PAU DE SEGÚRIES,GIRONA,851,150,150,150,131,82,41,90,64,14,4,20,3,40,36,-7.2,-8.8,2023-03-05,23.0,2023-03-29
0312X,2023-24,SANT PAU DE SEGÚRIES,GIRONA,851,152,152,152,131,86,23,91,67,23,13,27,4,30,18,-4.6,-9.1,2024-01-09,22.6,2024-01-25
0312X,2024-25,SANT PAU DE SEGÚRIES,GIRONA,851,148,148,148,130,66,28,87,58,8,1,41,2,70,13,-5.1,-8.3,2025-01-14,23.7,2025-03-31
0312X,2025-26,SANT PAU DE SEGÚRIES,GIRONA,851,129,129,129,119,60,12,78,41,4,1,36,3,51,15,-3.9,-8.8,2026-01-07,20.0,2026-02-24
0320I,2017-18,PLANOLES,GIRONA,1151,150,150,150,143,90,28,89,64,5,0,34,2,61,18,-5.5,-9.5,2018-02-08,19.9,2018-01-22
0320I,2018-19,PLANOLES,GIRONA,1151,151,151,151,140,50,9,90,39,15,5,15,3,53,10,-3.4,-5.3,2019-01-24,22.5,2019-02-27
0320I,2019-20,PLANOLES,GIRONA,1151,152,152,152,139,46,6,91,24,8,6,32,3,93,10,-2.7,-4.7,2019-11-16,23.7,2020-03-12
0320I,2020-21,PLANOLES,GIRONA,1151,140,140,140,130,52,16,90,45,9,3,21,4,75,19,-5.2,-8.6,2021-01-06,21.8,2020-11-01
0320I,2021-22,PLANOLES,GIRONA,1151,151,151,151,141,55,11,90,40,11,5,25,5,41,12,-3.3,-4.6,2022-01-22,23.2,2022-01-01
0320I,2022-23,PLANOLES,GIRONA,1151,151,151,150,127,55,26,90,46,23,5,21,3,40,16,-4.7,-7.4,2023-02-10,22.5,2023-03-23
0320I,2023-24,PLANOLES,GIRONA,1151,152,152,151,119,35,6,91,22,24,12,25,7,30,6,-2.1,-5.1,2024-01-09,24.3,2023-11-14
0320I,2024-25,PLANOLES,GIRONA,1151,150,150,150,133,51,3,89,41,6,1,25,2,53,10,-2.6,-4.3,2025-01-13,23.5,2025-03-31
0320I,2025-26,PLANOLES,GIRONA,1151,127,127,127,122,42,9,66,24,12,2,30,6,72,7,-3.4,-6.2,2026-01-05,20.5,2026-02-24
0321,2017-18,CAMPDEVANOL,GIRONA,731,151,151,151,147,112,45,90,73,8,1,33,2,104,37,-5.6,-9.2,2018-02-09,20.3,2018-03-28
0321,2019-20,CAMPDEVANOL,GIRONA,731,152,152,152,138,57,13,91,38,13,5,30,3,89,10,-3.4,-5.8,2020-01-12,24.6,2020-03-12
0321,2020-21,CAMPDEVANOL,GIRONA,731,151,151,151,133,64,28,90,50,12,5,26,4,97,17,-5.2,-9.2,2021-01-06,22.4,2021-03-30
0321,2021-22,CAMPDEVANOL,GIRONA,731,151,151,151,137,77,29,90,61,9,3,22,2,53,24,-6.3,-8.1,2022-01-16,21.8,2022-02-03
0321,2022-23,CAMPDEVANOL,GIRONA,731,151,151,151,130,74,29,90,59,34,15,23,11,41,35,-5.3,-7.6,2023-01-30,25.0,2023-03-30
0321,2023-24,CAMPDEVANOL,GIRONA,731,152,152,152,126,67,14,91,56,31,17,28,11,32,12,-4.0,-7.3,2024-01-09,24.6,2024-03-21
0321,2024-25,CAMPDEVANOL,GIRONA,731,151,151,151,128,57,21,90,52,8,2,36,2,120,13,-4.3,-8.0,2025-01-14,25.4,2025-03-31
0321,2025-26,CAMPDEVANOL,GIRONA,731,151,151,151,132,59,10,90,44,17,6,41,6,100,13,-3.2,-8.0,2026-01-07,20.9,2026-03-17
0324A,2017-18,RIPOLL,GIRONA,675,143,143,143,136,98,42,83,64,5,1,26,1,42,22,-6.1,-8.3,2018-02-09,20.0,2018-03-28
0324A,2018-19,RIPOLL,GIRONA,675,143,143,143,129,71,25,89,62,17,8,15,4,101,20,-4.7,-7.9,2019-01-11,23.0,2019-02-27
0324A,2019-20,RIPOLL,GIRONA,675,143,143,143,123,42,5,89,31,9,5,23,3,54,10,-2.6,-5.1,2020-01-13,23.7,2020-03-12
0324A,2020-21,RIPOLL,GIRONA,675,148,148,147,126,54,18,87,42,13,8,24,5,55,13,-5.1,-8.7,2021-01-06,22.3,2021-03-30
0324A,2021-22,RIPOLL,GIRONA,675,147,147,147,128,71,27,86,58,6,2,22,2,35,24,-6.0,-7.7,2022-01-16,21.1,2022-02-03
0324A,2022-23,RIPOLL,GIRONA,675,136,136,136,119,68,29,83,55,26,9,14,6,31,21,-5.5,-7.6,2023-01-30,24.0,2023-03-13
0324A,2023-24,RIPOLL,GIRONA,675,150,150,150,126,66,15,89,57,25,14,20,11,64,12,-3.7,-7.5,2024-01-09,25.7,2024-03-21
0324A,2024-25,RIPOLL,GIRONA,675,151,151,150,125,56,21,90,52,7,2,31,3,143,13,-4.5,-8.1,2025-01-14,24.8,2025-03-31
0341,2017-18,TONA (ESCOLA),BARCELONA,607,151,151,150,140,81,27,90,58,8,2,24,3,104,14,-4.8,-6.6,2018-02-27,20.6,2018-03-10
0341,2018-19,TONA (ESCOLA),BARCELONA,607,151,151,151,132,57,11,90,49,22,8,20,5,99,17,-3.5,-7.0,2019-01-11,23.3,2019-02-27
0341,2019-20,TONA (ESCOLA),BARCELONA,607,152,152,148,117,30,2,90,20,7,5,27,2,90,8,-1.9,-4.0,2020-01-13,21.7,2020-03-11
0341,2020-21,TONA (ESCOLA),BARCELONA,607,151,151,149,119,42,10,90,35,8,2,23,4,92,12,-3.3,-7.7,2021-01-06,24.3,2020-11-02
0341,2021-22,TONA (ESCOLA),BARCELONA,607,151,151,151,122,67,22,90,58,5,2,20,1,53,24,-4.9,-6.5,2022-01-16,21.5,2022-02-18
0341,2022-23,TONA (ESCOLA),BARCELONA,607,151,151,145,112,57,19,90,45,39,17,17,7,48,20,-4.3,-7.5,2023-01-22,24.0,2023-03-30
0341,2023-24,TONA (ESCOLA),BARCELONA,607,152,152,152,112,36,3,91,31,26,12,23,7,64,8,-2.3,-6.0,2024-01-09,23.6,2024-03-22
0341,2024-25,TONA (ESCOLA),BARCELONA,607,151,151,147,107,37,5,90,36,5,2,34,2,144,7,-2.7,-6.9,2025-01-14,23.8,2025-03-31
0341,2025-26,TONA (ESCOLA),BARCELONA,607,120,120,117,97,28,4,89,20,9,3,30,3,99,5,-2.4,-6.5,2026-01-07,20.8,2026-02-24
0341X,2017-18,TONA,BARCELONA,607,150,150,149,139,77,27,90,55,12,2,14,4,82,12,-4.6,-6.3,2018-02-09,21.0,2018-03-10
0341X,2018-19,TONA,BARCELONA,607,149,149,149,129,52,9,88,45,20,12,18,5,51,12,-3.2,-6.8,2019-01-11,23.8,2019-02-27
0341X,2019-20,TONA,BARCELONA,607,151,151,147,113,28,2,89,19,8,5,26,2,57,8,-1.7,-3.7,2020-01-13,22.3,2020-03-11
0341X,2020-21,TONA,BARCELONA,607,143,143,141,105,40,10,82,34,11,3,23,4,71,12,-3.1,-7.5,2021-01-06,24.7,2020-11-02
0341X,2021-22,TONA,BARCELONA,607,149,149,147,117,60,17,90,53,6,2,19,2,53,24,-4.6,-6.0,2022-01-16,21.9,2022-02-18
0341X,2022-23,TONA,BARCELONA,607,142,142,136,102,43,16,89,39,38,18,14,6,48,19,-4.2,-7.2,2023-01-22,24.1,2023-03-30
0341X,2023-24,TONA,BARCELONA,607,146,146,143,103,29,3,84,26,28,14,24,7,29,8,-2.3,-5.7,2024-01-09,24.0,2024-03-22
0349,2018-19,SANT JULIÀ  DE VILATORTA,BARCELONA,578,151,151,151,137,70,25,90,59,23,9,16,6,95,20,-4.5,-7.9,2019-01-11,23.1,2019-02-27
0349,2019-20,SANT JULIÀ  DE VILATORTA,BARCELONA,578,147,147,147,128,45,5,87,27,13,4,19,3,72,9,-2.8,-5.1,2020-01-13,24.5,2020-03-12
0349,2020-21,SANT JULIÀ  DE VILATORTA,BARCELONA,578,121,121,120,106,41,12,74,33,9,3,15,3,24,9,-4.1,-8.1,2021-01-06,22.4,2021-03-30
0349,2021-22,SANT JULIÀ  DE VILATORTA,BARCELONA,578,137,137,137,120,63,27,82,52,6,1,21,1,29,18,-5.2,-6.6,2022-01-17,21.8,2022-02-18
0349,2022-23,SANT JULIÀ  DE VILATORTA,BARCELONA,578,138,138,137,113,58,29,81,47,34,16,14,9,40,20,-5.7,-8.7,2023-01-22,25.1,2023-03-30
0349,2023-24,SANT JULIÀ  DE VILATORTA,BARCELONA,578,148,148,148,117,52,15,88,43,29,16,24,11,30,8,-3.7,-6.8,2024-01-09,25.3,2024-03-22
0349,2024-25,SANT JULIÀ  DE VILATORTA,BARCELONA,578,142,142,140,111,44,16,84,41,9,2,33,2,22,8,-3.7,-7.9,2025-01-14,24.4,2025-03-31
0349,2025-26,SANT JULIÀ  DE VILATORTA,BARCELONA,578,135,135,135,109,42,4,81,30,15,5,38,3,39,6,-2.4,-7.0,2026-01-07,21.3,2026-03-17
0360X,2017-18,LES PLANES D'HOSTOLES,GIRONA,337,150,150,148,143,102,42,89,69,23,10,25,5,35,30,-6.0,-7.4,2017-12-02,23.1,2018-03-10
0360X,2018-19,LES PLANES D'HOSTOLES,GIRONA,337,151,151,149,134,87,33,90,69,43,20,18,13,37,22,-5.0,-8.5,2019-01-11,24.5,2019-03-24
0360X,2019-20,LES PLANES D'HOSTOLES,GIRONA,337,129,129,128,105,37,2,67,18,31,10,25,5,21,7,-2.1,-4.0,2019-11-20,25.1,2020-02-03
0360X,2020-21,LES PLANES D'HOSTOLES,GIRONA,337,145,145,143,123,56,19,83,40,39,16,23,8,28,12,-4.4,-7.5,2021-01-06,22.5,2021-02-03
0360X,2021-22,LES PLANES D'HOSTOLES,GIRONA,337,151,151,150,129,82,37,90,68,23,11,25,5,43,30,-6.2,-7.2,2022-01-14,25.2,2022-02-18
0360X,2022-23,LES PLANES D'HOSTOLES,GIRONA,337,150,150,149,119,67,30,90,55,55,31,20,11,33,21,-6.5,-9.4,2023-01-21,27.2,2023-03-13
0360X,2023-24,LES PLANES D'HOSTOLES,GIRONA,337,152,152,149,119,68,18,91,54,58,35,25,11,21,17,-4.2,-8.2,2024-01-08,24.9,2023-11-13
0360X,2024-25,LES PLANES D'HOSTOLES,GIRONA,337,150,150,146,114,56,22,88,51,26,6,35,4,35,14,-4.3,-8.7,2025-01-14,25.6,2025-03-31
0360X,2025-26,LES PLANES D'HOSTOLES,GIRONA,337,140,140,137,113,50,12,88,36,34,11,34,9,40,8,-3.8,-8.8,2026-01-07,23.2,2025-11-01
0363X,2017-18,SANT HILARI,GIRONA,810,149,149,148,133,64,25,89,42,4,0,28,1,84,8,-5.5,-7.0,2018-02-27,19.0,2018-03-10
0363X,2018-19,SANT HILARI,GIRONA,810,151,151,151,136,39,8,90,31,16,4,21,4,46,5,-3.0,-6.9,2019-01-11,21.5,2019-02-27
0363X,2019-20,SANT HILARI,GIRONA,810,147,147,147,112,37,1,86,23,7,4,23,2,57,7,-2.0,-3.5,2020-01-12,21.2,2020-02-23
0363X,2020-21,SANT HILARI,GIRONA,810,151,151,148,116,42,12,90,31,7,2,25,2,54,19,-3.8,-6.7,2021-01-06,22.1,2020-11-02
0363X,2021-22,SANT HILARI,GIRONA,810,151,151,151,128,47,10,90,41,9,7,31,5,58,18,-3.4,-4.7,2022-01-07,23.7,2021-12-31
0363X,2022-23,SANT HILARI,GIRONA,810,150,150,141,107,50,13,88,40,28,12,24,4,40,16,-4.2,-8.0,2023-01-22,23.8,2023-03-29
0363X,2023-24,SANT HILARI,GIRONA,810,152,152,149,100,19,2,91,17,27,13,23,3,28,5,-1.2,-4.7,2024-01-09,22.2,2023-11-14
0363X,2024-25,SANT HILARI,GIRONA,810,151,151,151,104,32,4,90,29,6,1,35,2,101,6,-2.3,-5.7,2025-01-14,22.5,2025-03-31
0363X,2025-26,SANT HILARI,GIRONA,810,151,151,148,120,28,2,90,13,8,1,41,3,99,4,-1.8,-4.7,2026-01-06,20.1,2026-02-24
0367,2017-18,GIRONA AEROPUERTO,GIRONA,143,149,149,147,125,53,20,88,40,35,17,21,8,35,9,-4.0,-5.4,2018-02-09,23.7,2017-11-02
0367,2018-19,GIRONA AEROPUERTO,GIRONA,143,148,148,140,115,38,7,89,37,56,24,18,8,25,12,-2.9,-6.2,2019-01-11,25.2,2019-02-22
0367,2019-20,GIRONA AEROPUERTO,GIRONA,143,152,152,147,102,17,1,90,13,44,17,24,6,22,5,-1.2,-3.3,2020-01-13,24.9,2019-11-02
0367,2020-21,GIRONA AEROPUERTO,GIRONA,143,149,149,139,100,31,6,85,25,45,21,22,10,43,9,-3.0,-4.9,2021-01-04,23.1,2020-11-15
0367,2021-22,GIRONA AEROPUERTO,GIRONA,143,150,150,142,107,42,16,89,38,29,14,25,4,23,21,-4.7,-5.6,2022-01-18,25.8,2022-02-18
0367,2022-23,GIRONA AEROPUERTO,GIRONA,143,148,148,133,92,34,15,89,30,67,43,20,17,18,18,-3.8,-6.7,2023-01-23,26.4,2023-03-11
0367,2023-24,GIRONA AEROPUERTO,GIRONA,143,150,150,136,90,20,4,89,19,71,48,22,12,20,5,-2.4,-5.2,2024-01-08,28.4,2023-11-14
0367,2024-25,GIRONA AEROPUERTO,GIRONA,143,125,125,111,61,16,1,62,16,43,18,32,11,25,3,-1.6,-5.6,2025-01-14,26.2,2025-03-31
0367,2025-26,GIRONA AEROPUERTO,GIRONA,143,150,150,137,96,22,4,86,13,54,31,31,9,24,4,-1.8,-6.6,2026-01-07,24.6,2025-11-01
0370E,2017-18,GIRONA,GIRONA,76,149,149,144,105,29,2,90,26,43,25,24,10,35,8,-2.1,-3.5,2018-02-09,24.0,2017-11-02
0370E,2018-19,GIRONA,GIRONA,76,151,151,142,96,20,1,90,20,64,31,19,13,25,6,-0.9,-3.8,2019-01-11,26.2,2019-03-23
0370E,2019-20,GIRONA,GIRONA,76,152,152,141,75,5,0,88,3,55,27,21,6,22,3,0.6,-1.5,2020-01-12,25.5,2020-02-03
0370E,2020-21,GIRONA,GIRONA,76,150,150,136,68,14,0,85,14,54,29,21,11,25,5,-1.0,-2.9,2021-01-04,23.6,2020-11-15
0370E,2021-22,GIRONA,GIRONA,76,150,150,140,86,23,2,88,23,36,16,24,5,22,9,-2.4,-3.5,2022-01-16,26.3,2022-02-18
0370E,2022-23,GIRONA,GIRONA,76,149,149,125,73,22,3,86,21,68,48,21,16,18,10,-1.9,-3.8,2023-01-23,25.7,2023-03-11
0370E,2023-24,GIRONA,GIRONA,76,151,151,124,69,10,0,84,10,83,51,19,14,20,5,-0.8,-2.5,2024-01-08,27.6,2023-11-14
0370E,2024-25,GIRONA,GIRONA,76,147,147,126,55,8,2,84,8,46,19,32,9,25,4,-0.2,-3.5,2025-01-14,26.8,2025-03-31
0370E,2025-26,GIRONA,GIRONA,76,147,147,130,64,5,1,83,2,55,28,30,8,23,2,0.6,-4.2,2026-01-07,24.4,2025-11-01
0372C,2017-18,PORQUERES,GIRONA,157,151,151,149,131,42,11,90,36,38,15,22,7,36,8,-3.2,-5.2,2018-02-13,24.4,2017-11-02
0372C,2018-19,PORQUERES,GIRONA,157,151,151,145,109,24,2,90,24,53,24,17,13,30,7,-1.8,-4.9,2019-01-11,24.9,2019-03-23
0372C,2019-20,PORQUERES,GIRONA,157,151,151,147,99,8,0,89,6,38,15,25,5,22,4,-0.1,-1.8,2020-01-12,24.2,2020-02-03
0372C,2020-21,PORQUERES,GIRONA,157,147,147,139,96,25,7,85,23,42,21,15,11,22,8,-1.8,-4.5,2021-01-08,22.1,2020-11-15
0372C,2021-22,PORQUERES,GIRONA,157,149,149,145,111,30,7,90,27,24,12,20,4,44,18,-3.0,-4.0,2022-01-07,22.4,2022-02-18
0372C,2022-23,PORQUERES,GIRONA,157,151,151,144,93,28,8,90,24,57,33,21,13,25,17,-2.9,-5.1,2023-01-23,26.5,2023-03-13
0372C,2023-24,PORQUERES,GIRONA,157,152,152,136,88,7,2,89,6,72,52,18,13,19,3,0.1,-3.4,2024-01-09,27.4,2023-11-13
0372C,2024-25,PORQUERES,GIRONA,157,150,150,138,75,7,3,89,7,38,20,35,7,35,4,0.0,-4.2,2025-01-14,27.1,2025-03-31
0372C,2025-26,PORQUERES,GIRONA,157,150,150,139,91,14,2,87,8,50,22,31,9,26,4,-0.9,-6.1,2026-01-07,25.2,2025-11-01
0385X,2017-18,L'ESTARTIT,GIRONA,1,151,151,137,54,2,0,89,2,20,8,24,5,47,1,1.1,-1.5,2018-02-09,21.3,2018-03-30
0385X,2018-19,L'ESTARTIT,GIRONA,1,151,151,122,33,0,0,85,0,35,10,17,7,20,0,2.7,0.5,2019-01-22,23.8,2019-02-22
0385X,2019-20,L'ESTARTIT,GIRONA,1,152,152,111,22,0,0,70,0,27,10,23,6,35,0,3.2,0.7,2020-01-13,22.8,2019-11-04
0385X,2020-21,L'ESTARTIT,GIRONA,1,147,147,107,40,3,0,77,3,15,2,20,6,46,2,1.5,-2.1,2021-01-04,22.3,2020-11-15
0385X,2021-22,L'ESTARTIT,GIRONA,1,150,150,125,39,4,0,88,4,19,4,24,3,28,3,0.6,-1.0,2022-01-16,22.5,2021-12-30
0385X,2022-23,L'ESTARTIT,GIRONA,1,144,144,101,35,2,0,72,2,43,17,15,12,26,1,1.6,-1.8,2023-01-30,23.9,2023-03-13
0385X,2023-24,L'ESTARTIT,GIRONA,1,152,152,103,23,0,0,76,0,42,16,22,5,25,0,2.5,0.0,2024-01-09,23.2,2023-11-01
0385X,2024-25,L'ESTARTIT,GIRONA,1,151,151,104,26,1,0,76,1,33,14,29,11,56,1,2.5,-1.7,2025-01-15,23.2,2025-03-31
0385X,2025-26,L'ESTARTIT,GIRONA,1,151,151,109,22,1,0,72,1,19,12,34,7,90,1,3.5,-0.8,2026-01-07,24.8,2025-11-01
0394X,2017-18,LA VALL DE BIANYA,GIRONA,350,149,149,149,140,95,36,89,65,23,10,19,4,23,26,-5.3,-7.6,2018-02-13,22.7,2018-03-10
0394X,2018-19,LA VALL DE BIANYA,GIRONA,350,151,151,149,129,65,20,90,55,43,21,14,7,37,27,-4.3,-6.7,2019-01-11,25.6,2019-02-22
0394X,2019-20,LA VALL DE BIANYA,GIRONA,350,152,152,152,127,46,8,91,32,28,12,31,5,38,13,-3.0,-5.2,2020-01-13,23.5,2020-02-03
0394X,2020-21,LA VALL DE BIANYA,GIRONA,350,151,151,147,126,51,20,88,42,38,20,24,6,68,12,-4.7,-7.2,2021-01-06,22.3,2021-02-26
0394X,2021-22,LA VALL DE BIANYA,GIRONA,350,151,151,150,127,76,28,90,67,18,5,25,3,49,25,-6.5,-7.6,2022-01-15,24.7,2022-02-18
0394X,2022-23,LA VALL DE BIANYA,GIRONA,350,151,151,151,118,63,29,90,52,49,24,21,11,33,21,-5.5,-7.5,2023-01-30,27.1,2023-03-13
0394X,2023-24,LA VALL DE BIANYA,GIRONA,350,150,150,148,113,54,14,91,46,54,34,20,6,20,11,-4.7,-7.5,2024-01-09,26.2,2023-11-24
0394X,2024-25,LA VALL DE BIANYA,GIRONA,350,150,150,144,111,40,15,89,40,24,7,38,6,35,8,-3.9,-7.1,2025-01-14,27.4,2025-03-31
0411X,2017-18,CASTELLÓ D'EMPÚRIES,GIRONA,2,149,149,143,99,20,4,90,17,34,15,15,7,38,4,-1.9,-3.6,2018-02-27,26.2,2018-03-10
0411X,2018-19,CASTELLÓ D'EMPÚRIES,GIRONA,2,151,151,137,87,9,0,89,9,57,24,14,15,15,3,-0.4,-2.3,2019-01-08,24.2,2019-02-22
0411X,2019-20,CASTELLÓ D'EMPÚRIES,GIRONA,2,152,152,138,69,6,0,84,5,33,12,26,4,35,3,1.0,-1.3,2020-01-13,24.8,2020-02-03
0411X,2020-21,CASTELLÓ D'EMPÚRIES,GIRONA,2,149,149,135,77,16,3,86,15,29,7,21,5,26,4,-1.3,-3.6,2021-01-04,21.8,2020-11-19
0411X,2022-23,CASTELLÓ D'EMPÚRIES,GIRONA,2,145,145,133,76,15,1,85,14,47,22,15,9,22,4,-1.0,-4.4,2023-01-30,27.9,2023-03-13
0411X,2023-24,CASTELLÓ D'EMPÚRIES,GIRONA,2,152,152,134,70,12,1,88,12,67,29,21,13,12,5,-1.2,-3.4,2024-01-09,24.5,2024-03-29
0411X,2024-25,CASTELLÓ D'EMPÚRIES,GIRONA,2,147,147,121,53,12,2,83,12,34,18,31,11,21,4,-1.0,-4.6,2025-01-15,25.0,2025-03-31
0411X,2025-26,CASTELLÓ D'EMPÚRIES,GIRONA,2,151,151,131,66,3,0,84,1,35,15,34,9,34,2,0.7,-1.0,2025-11-23,23.8,2025-11-01
0413A,2017-18,MAÇANET DE CABRENYS,GIRONA,355,149,149,147,118,27,5,90,24,25,8,34,5,22,5,-1.6,-7.3,2018-02-27,23.0,2017-11-17
0413A,2018-19,MAÇANET DE CABRENYS,GIRONA,355,151,151,144,106,10,1,88,10,39,17,17,6,38,3,-0.6,-3.9,2019-01-22,23.6,2019-02-22
0413A,2019-20,MAÇANET DE CABRENYS,GIRONA,355,148,148,147,90,8,0,87,6,27,9,18,5,24,5,-0.1,-1.9,2019-11-19,23.4,2020-02-03
0413A,2020-21,MAÇANET DE CABRENYS,GIRONA,355,151,151,144,95,26,8,88,24,28,2,28,5,36,14,-2.9,-4.4,2021-01-06,21.5,2020-11-19
0413A,2021-22,MAÇANET DE CABRENYS,GIRONA,355,150,150,143,110,20,2,89,18,22,5,27,5,43,15,-1.7,-3.5,2022-01-13,21.3,2022-02-18
0413A,2022-23,MAÇANET DE CABRENYS,GIRONA,355,151,151,149,87,28,3,90,24,46,15,25,15,38,6,-1.7,-3.7,2023-01-30,26.6,2023-03-13
0413A,2023-24,MAÇANET DE CABRENYS,GIRONA,355,152,152,142,77,8,1,91,8,51,31,23,8,18,3,0.1,-3.5,2024-01-09,24.7,2024-02-04
0413A,2024-25,MAÇANET DE CABRENYS,GIRONA,355,151,151,138,80,7,1,90,6,25,7,36,7,33,3,0.3,-4.1,2025-01-14,24.7,2025-03-31
0413A,2025-26,MAÇANET DE CABRENYS,GIRONA,355,147,147,143,87,8,1,88,6,24,13,37,6,32,2,-0.0,-5.1,2026-01-07,22.7,2025-11-15
0421E,2017-18,ESPOLLA 'LES ALBERES',GIRONA,100,151,151,147,66,6,2,90,6,34,17,28,8,35,2,0.3,-3.4,2018-02-13,25.4,2018-03-10
0421E,2018-19,ESPOLLA 'LES ALBERES',GIRONA,100,151,151,135,58,2,0,88,2,54,26,12,10,25,1,1.7,-2.2,2019-01-22,26.7,2019-03-24
0421E,2019-20,ESPOLLA 'LES ALBERES',GIRONA,100,152,152,136,41,0,0,83,0,38,20,25,5,25,0,2.2,0.5,2020-02-06,25.8,2020-02-03
0421E,2020-21,ESPOLLA 'LES ALBERES',GIRONA,100,120,120,105,30,1,0,55,1,35,10,15,12,15,1,1.4,-1.4,2020-12-27,22.2,2020-11-15
0421E,2021-22,ESPOLLA 'LES ALBERES',GIRONA,100,151,151,133,63,2,0,87,2,25,12,20,4,31,1,1.0,-2.0,2022-01-07,22.5,2021-12-30
0421E,2022-23,ESPOLLA 'LES ALBERES',GIRONA,100,120,120,103,52,6,0,85,6,37,20,15,17,27,2,0.5,-1.3,2023-01-27,24.8,2022-11-01
0421E,2023-24,ESPOLLA 'LES ALBERES',GIRONA,100,152,152,122,39,1,0,85,1,69,43,23,9,13,1,2.5,-0.5,2024-01-09,26.1,2023-11-13
0421E,2024-25,ESPOLLA 'LES ALBERES',GIRONA,100,150,150,124,39,3,2,87,3,40,14,32,11,32,3,1.5,-3.4,2025-01-13,25.5,2025-03-31
0421X,2017-18,ESPOLLA,GIRONA,100,150,150,145,63,6,2,89,6,35,19,29,8,19,2,0.5,-3.2,2018-02-13,25.2,2018-03-10
0421X,2018-19,ESPOLLA,GIRONA,100,151,151,135,53,2,0,88,2,54,26,12,10,25,1,1.9,-2.0,2019-01-22,26.0,2019-03-24
0421X,2019-20,ESPOLLA,GIRONA,100,151,151,133,39,0,0,83,0,37,19,24,5,25,0,2.3,1.0,2020-02-06,25.8,2020-02-03
0421X,2020-21,ESPOLLA,GIRONA,100,151,151,135,48,9,0,86,9,37,11,21,12,35,6,-0.9,-2.7,2021-01-06,22.4,2020-11-15
0421X,2021-22,ESPOLLA,GIRONA,100,151,151,133,59,2,0,87,2,24,11,21,4,31,1,1.3,-1.7,2022-01-07,22.6,2021-12-30
0421X,2022-23,ESPOLLA,GIRONA,100,151,151,127,58,5,0,84,5,55,30,15,17,27,2,0.9,-1.0,2023-01-27,27.4,2023-03-13
0421X,2023-24,ESPOLLA,GIRONA,100,152,152,122,33,1,0,85,1,69,42,23,9,13,1,2.6,-0.3,2024-01-09,26.3,2023-11-13
0421X,2024-25,ESPOLLA,GIRONA,100,151,151,126,39,3,0,87,3,41,14,33,11,33,3,1.6,-3.0,2025-01-15,25.2,2025-03-31
0421X,2025-26,ESPOLLA,GIRONA,100,151,151,129,36,4,0,85,2,35,16,32,9,35,2,1.8,-2.2,2026-01-07,23.6,2025-11-15
0429X,2017-18,FIGUERES,GIRONA,45,151,151,143,63,6,0,90,6,38,20,18,8,35,1,1.3,-2.3,2018-02-13,25.6,2018-03-10
0429X,2018-19,FIGUERES,GIRONA,45,148,148,129,43,0,0,87,0,56,29,15,9,13,0,2.0,0.0,2019-01-22,25.3,2019-03-23
0429X,2019-20,FIGUERES,GIRONA,45,150,150,123,38,0,0,79,0,40,18,26,5,25,0,2.8,0.6,2020-01-12,25.8,2020-02-03
0429X,2020-21,FIGUERES,GIRONA,45,145,145,122,51,5,0,84,5,40,15,23,8,42,2,1.2,-1.9,2021-01-04,22.2,2020-11-14
0429X,2021-22,FIGUERES,GIRONA,45,151,151,128,52,6,0,89,6,25,12,12,5,28,4,0.6,-0.7,2022-01-14,22.2,2021-12-30
0429X,2022-23,FIGUERES,GIRONA,45,147,147,121,47,4,0,86,4,53,27,10,12,27,1,1.2,-1.1,2023-01-27,27.8,2023-03-13
0429X,2023-24,FIGUERES,GIRONA,45,151,151,118,29,1,0,83,1,76,40,24,14,21,1,2.4,-1.1,2024-01-09,25.0,2023-11-13
0429X,2024-25,FIGUERES,GIRONA,45,149,149,116,35,2,0,83,2,41,19,32,11,32,2,1.9,-2.1,2025-01-14,26.2,2025-03-31
0429X,2025-26,FIGUERES,GIRONA,45,150,150,125,37,0,0,83,0,39,18,34,9,30,0,2.9,0.9,2025-11-23,23.4,2025-11-15
0433D,2020-21,CABO DE CREUS,GIRONA,75,143,143,53,10,0,0,47,0,10,1,12,4,34,0,4.8,2.3,2021-01-09,20.4,2020-11-08
0433D,2021-22,CABO DE CREUS,GIRONA,75,145,145,53,0,0,0,43,0,8,4,9,3,27,0,6.8,6.3,2021-11-29,21.0,2021-12-29
0433D,2022-23,CABO DE CREUS,GIRONA,75,145,145,54,16,0,0,46,0,27,11,12,12,27,0,3.9,1.3,2023-02-27,22.8,2022-11-03
0433D,2023-24,CABO DE CREUS,GIRONA,75,140,140,29,0,0,0,23,0,39,15,16,5,21,0,7.8,5.4,2024-01-09,24.0,2023-11-12
0433D,2024-25,CABO DE CREUS,GIRONA,75,141,141,30,1,0,0,23,0,29,9,18,6,32,0,8.1,4.6,2025-02-08,23.6,2025-01-27
0433D,2025-26,CABO DE CREUS,GIRONA,75,145,145,35,1,0,0,27,0,29,8,33,7,21,0,7.4,4.7,2026-01-07,23.7,2025-11-15
1002Y,2017-18,"BAZTAN, IRURITA",NAVARRA,183,149,149,143,103,34,11,88,24,14,7,91,3,41,7,-3.2,-6.7,2018-02-27,22.6,2017-11-03
1002Y,2018-19,"BAZTAN, IRURITA",NAVARRA,183,150,150,147,115,32,5,89,26,40,22,57,8,40,6,-2.0,-4.8,2019-01-06,26.4,2019-02-27
1002Y,2019-20,"BAZTAN, IRURITA",NAVARRA,183,144,144,140,97,24,2,82,19,33,15,60,5,41,8,-1.5,-3.4,2019-12-31,24.4,2020-02-24
1002Y,2020-21,"BAZTAN, IRURITA",NAVARRA,183,149,149,140,88,18,3,84,9,44,18,65,5,36,4,-2.0,-4.7,2021-01-07,26.8,2021-03-31
1002Y,2021-22,"BAZTAN, IRURITA",NAVARRA,183,151,151,143,102,37,11,87,36,28,13,61,6,34,10,-4.8,-6.2,2022-01-15,22.4,2022-03-01
1002Y,2022-23,"BAZTAN, IRURITA",NAVARRA,183,151,151,137,91,35,16,84,30,54,32,49,7,41,9,-3.8,-6.0,2023-02-10,27.9,2023-03-29
1002Y,2023-24,"BAZTAN, IRURITA",NAVARRA,183,152,152,145,79,20,3,88,18,39,21,66,10,36,3,-1.6,-5.7,2024-01-20,26.8,2024-03-22
1002Y,2024-25,"BAZTAN, IRURITA",NAVARRA,183,151,151,139,85,18,7,86,17,38,23,61,9,22,6,-2.8,-5.7,2025-01-19,24.3,2024-11-05
1002Y,2025-26,"BAZTAN, IRURITA",NAVARRA,183,151,151,138,88,21,5,87,15,36,24,73,7,35,4,-1.1,-8.9,2026-01-07,27.0,2026-03-18
1010X,2017-18,BERA,NAVARRA,54,149,149,136,88,22,2,84,19,18,8,88,3,29,7,-2.1,-6.3,2018-02-27,23.0,2017-11-03
1010X,2018-19,BERA,NAVARRA,54,151,151,145,87,10,1,87,8,47,30,61,8,44,4,-0.6,-4.2,2019-01-11,27.9,2019-02-27
1010X,2019-20,BERA,NAVARRA,54,152,152,138,73,11,0,82,10,40,19,69,5,21,3,-0.5,-2.2,2020-01-21,25.7,2020-02-03
1010X,2020-21,BERA,NAVARRA,54,151,151,128,63,11,1,76,9,42,27,69,6,36,7,-0.6,-3.3,2021-01-08,27.8,2021-03-31
1010X,2021-22,BERA,NAVARRA,54,151,151,138,76,21,6,86,21,41,17,59,9,28,7,-2.2,-4.5,2022-01-16,23.6,2022-01-01
1010X,2022-23,BERA,NAVARRA,54,150,150,128,74,26,3,81,23,59,35,58,13,41,8,-2.4,-4.6,2023-02-10,27.8,2023-03-29
1010X,2023-24,BERA,NAVARRA,54,152,152,127,59,6,1,81,6,47,30,76,10,19,2,0.1,-4.0,2024-01-20,24.7,2023-11-14
1010X,2024-25,BERA,NAVARRA,54,151,151,125,64,11,1,84,10,47,26,55,10,17,3,-1.1,-3.7,2025-01-19,25.3,2024-11-01
1010X,2025-26,BERA,NAVARRA,54,149,149,124,65,7,3,79,7,40,25,64,8,28,3,0.4,-6.9,2026-01-05,27.3,2026-03-17
1012P,2017-18,IRUN,GIPUZKOA,120,151,151,124,55,4,1,77,4,17,6,91,3,41,3,0.9,-5.1,2018-02-27,22.1,2017-11-03
1012P,2018-19,IRUN,GIPUZKOA,120,151,151,116,25,0,0,73,0,34,21,56,5,53,0,2.5,0.0,2019-01-04,26.2,2019-02-26
1012P,2019-20,IRUN,GIPUZKOA,120,152,152,111,21,0,0,68,0,38,14,67,5,21,0,3.1,0.5,2020-03-30,26.3,2020-02-03
1012P,2020-21,IRUN,GIPUZKOA,120,151,151,104,23,4,0,66,4,41,26,68,8,35,4,1.6,-1.1,2021-01-07,28.3,2021-03-31
1012P,2021-22,IRUN,GIPUZKOA,120,151,151,114,24,1,0,71,1,34,15,58,9,35,1,2.7,-0.4,2022-01-22,24.7,2022-01-01
1012P,2022-23,IRUN,GIPUZKOA,120,151,151,91,39,1,0,66,1,59,36,54,13,28,1,1.6,-0.1,2023-01-22,28.7,2023-03-29
1012P,2023-24,IRUN,GIPUZKOA,120,150,150,94,13,1,0,62,1,46,21,79,7,16,1,3.6,-0.5,2024-01-20,25.4,2023-11-13
1012P,2024-25,IRUN,GIPUZKOA,120,151,151,95,23,0,0,67,0,47,26,62,10,15,0,3.3,0.3,2025-01-13,24.9,2024-11-05
1012P,2025-26,IRUN,GIPUZKOA,120,151,151,102,18,3,0,68,3,38,18,78,7,34,3,2.4,-2.2,2026-01-05,27.1,2026-02-25
1014,2017-18,"HONDARRIBIA, MALKARROA",GIPUZKOA,4,151,151,124,62,6,1,77,6,26,10,92,4,41,2,0.3,-3.7,2018-02-27,23.7,2017-11-03
1014,2018-19,"HONDARRIBIA, MALKARROA",GIPUZKOA,4,151,151,132,32,3,0,83,3,42,25,57,5,53,2,2.0,-2.2,2019-01-05,26.8,2019-03-03
1014,2019-20,"HONDARRIBIA, MALKARROA",GIPUZKOA,4,152,152,122,32,1,0,70,1,40,18,68,5,20,1,1.8,-0.4,2020-01-21,27.2,2020-02-03
1014,2020-21,"HONDARRIBIA, MALKARROA",GIPUZKOA,4,151,151,118,33,3,0,70,3,43,28,68,8,26,3,1.2,-2.9,2021-01-08,28.8,2021-03-31
1014,2021-22,"HONDARRIBIA, MALKARROA",GIPUZKOA,4,151,151,123,45,6,0,81,6,37,18,59,9,35,3,0.2,-1.4,2022-01-23,24.5,2022-01-01
1014,2022-23,"HONDARRIBIA, MALKARROA",GIPUZKOA,4,151,151,107,51,5,0,73,5,60,39,54,9,27,3,0.4,-1.8,2023-01-22,30.0,2023-03-29
1014,2023-24,"HONDARRIBIA, MALKARROA",GIPUZKOA,4,152,152,109,25,4,0,74,4,54,29,79,4,15,2,1.8,-1.9,2024-01-20,27.1,2023-11-13
1014,2024-25,"HONDARRIBIA, MALKARROA",GIPUZKOA,4,151,151,109,38,4,0,76,4,51,32,61,10,15,2,1.5,-0.5,2025-01-13,25.4,2024-11-05
1014,2025-26,"HONDARRIBIA, MALKARROA",GIPUZKOA,4,151,151,111,30,5,1,73,5,45,26,75,8,25,4,2.1,-3.1,2026-01-05,28.1,2025-11-12
1014A,2017-18,DONOSTIA / SAN SEBASTIÁN AEROPUERTO,GIPUZKOA,4,151,151,123,57,5,0,76,5,27,13,91,4,41,2,0.7,-2.7,2018-02-27,24.1,2017-11-03
1014A,2018-19,DONOSTIA / SAN SEBASTIÁN AEROPUERTO,GIPUZKOA,4,151,151,122,22,2,0,74,2,58,32,58,16,35,2,3.3,-1.1,2019-01-05,28.4,2019-03-03
1014A,2019-20,DONOSTIA / SAN SEBASTIÁN AEROPUERTO,GIPUZKOA,4,152,152,122,33,0,0,70,0,40,19,68,5,20,0,1.8,0.0,2020-01-21,27.4,2020-02-03
1014A,2020-21,DONOSTIA / SAN SEBASTIÁN AEROPUERTO,GIPUZKOA,4,151,151,119,34,3,0,71,3,40,27,68,8,28,3,1.1,-3.0,2021-01-08,29.0,2021-03-31
1014A,2021-22,DONOSTIA / SAN SEBASTIÁN AEROPUERTO,GIPUZKOA,4,151,151,115,41,3,0,74,3,40,26,59,9,34,2,0.8,-0.9,2022-01-23,25.1,2022-01-01
1014A,2022-23,DONOSTIA / SAN SEBASTIÁN AEROPUERTO,GIPUZKOA,4,151,151,100,41,3,0,69,3,70,48,55,17,27,2,1.1,-0.9,2023-01-22,31.1,2023-03-29
1014A,2023-24,DONOSTIA / SAN SEBASTIÁN AEROPUERTO,GIPUZKOA,4,152,152,109,28,4,0,74,4,55,31,78,4,15,2,1.5,-2.6,2024-01-20,27.0,2023-11-13
1014A,2024-25,DONOSTIA / SAN SEBASTIÁN AEROPUERTO,GIPUZKOA,4,151,151,99,23,0,0,66,0,58,42,62,10,15,0,2.4,0.2,2025-01-13,26.7,2024-11-05
1014A,2025-26,DONOSTIA / SAN SEBASTIÁN AEROPUERTO,GIPUZKOA,4,150,150,110,33,5,1,72,5,44,27,58,8,25,4,2.1,-3.1,2026-01-05,28.1,2025-11-12
1021X,2017-18,"ERRENTERIA, AÑARBE",GIPUZKOA,165,151,151,131,75,16,2,82,13,22,9,84,5,35,6,-1.1,-6.1,2018-02-27,24.1,2017-11-03
1021X,2018-19,"ERRENTERIA, AÑARBE",GIPUZKOA,165,151,151,135,64,6,1,83,6,48,28,60,8,41,4,0.1,-3.5,2019-01-05,28.0,2019-03-16
1021X,2019-20,"ERRENTERIA, AÑARBE",GIPUZKOA,165,152,152,130,59,4,0,78,3,39,19,66,6,21,1,0.3,-1.1,2020-01-21,26.8,2020-02-03
1021X,2020-21,"ERRENTERIA, AÑARBE",GIPUZKOA,165,151,151,119,50,6,1,72,6,47,27,71,8,35,4,0.3,-3.4,2021-01-08,27.5,2020-11-01
1021X,2021-22,"ERRENTERIA, AÑARBE",GIPUZKOA,165,151,151,135,56,10,0,84,10,38,17,63,9,28,4,-0.8,-2.9,2022-01-23,25.1,2022-01-01
1021X,2022-23,"ERRENTERIA, AÑARBE",GIPUZKOA,165,145,145,116,57,14,0,71,11,58,40,57,13,20,5,-0.6,-2.8,2023-02-10,28.0,2023-03-29
1021X,2023-24,"ERRENTERIA, AÑARBE",GIPUZKOA,165,152,152,122,38,5,1,80,5,51,31,76,11,17,2,0.2,-3.2,2024-01-20,25.0,2023-11-14
1021X,2024-25,"ERRENTERIA, AÑARBE",GIPUZKOA,165,148,148,117,51,8,0,79,6,41,26,60,10,17,3,-0.1,-1.7,2025-01-13,25.7,2024-11-05
1021X,2025-26,"ERRENTERIA, AÑARBE",GIPUZKOA,165,150,150,123,47,6,2,79,6,39,22,76,8,35,4,0.5,-4.6,2026-01-05,27.4,2026-03-18
1021Y,2017-18,ARTICUTZA (AUTOMATICA),NAVARRA,305,149,149,146,103,29,3,87,21,4,0,98,2,68,7,-1.9,-6.4,2018-02-27,18.9,2017-11-03
1021Y,2018-19,ARTICUTZA (AUTOMATICA),NAVARRA,305,147,147,146,108,15,2,87,11,20,10,62,4,58,4,-0.9,-4.3,2019-01-05,25.0,2019-03-16
1021Y,2019-20,ARTICUTZA (AUTOMATICA),NAVARRA,305,152,152,146,88,16,0,87,15,14,4,50,4,49,3,-0.7,-1.8,2020-01-12,21.0,2020-02-24
1021Y,2020-21,ARTICUTZA (AUTOMATICA),NAVARRA,305,147,147,140,86,15,2,86,10,15,9,35,4,68,7,-0.8,-4.3,2021-01-08,25.3,2021-03-31
1021Y,2021-22,ARTICUTZA (AUTOMATICA),NAVARRA,305,150,150,143,104,24,3,86,24,6,0,64,4,113,7,-2.2,-3.6,2022-01-23,19.7,2022-03-01
1021Y,2022-23,ARTICUTZA (AUTOMATICA),NAVARRA,305,149,150,137,84,27,3,82,23,22,13,57,4,39,4,-2.2,-3.6,2023-02-10,25.4,2023-03-29
1021Y,2023-24,ARTICUTZA (AUTOMATICA),NAVARRA,305,151,151,141,79,14,1,87,12,19,11,77,10,50,3,-0.8,-4.5,2024-01-20,23.0,2024-03-22
1021Y,2024-25,ARTICUTZA (AUTOMATICA),NAVARRA,305,150,150,137,79,12,0,86,9,16,0,67,3,50,3,-1.1,-2.6,2025-01-19,19.4,2024-11-25
1021Y,2025-26,ARTICUTZA (AUTOMATICA),NAVARRA,305,150,150,141,83,11,4,87,10,18,10,79,5,86,4,-0.6,-5.6,2026-01-05,24.4,2026-03-18
1024E,2017-18,"DONOSTIA / SAN SEBASTIÁN, IGELDO",GIPUZKOA,250,151,151,127,54,6,2,79,6,11,5,93,3,41,3,0.3,-5.1,2018-02-27,21.4,2017-11-02
1024E,2018-19,"DONOSTIA / SAN SEBASTIÁN, IGELDO",GIPUZKOA,250,151,151,117,28,0,0,72,0,27,13,61,4,53,0,2.4,0.5,2019-01-04,25.6,2019-02-27
1024E,2019-20,"DONOSTIA / SAN SEBASTIÁN, IGELDO",GIPUZKOA,250,152,152,119,20,0,0,73,0,20,6,70,5,34,0,3.4,0.0,2020-01-20,24.3,2020-02-03
1024E,2020-21,"DONOSTIA / SAN SEBASTIÁN, IGELDO",GIPUZKOA,250,151,151,108,26,0,0,71,0,26,13,69,5,41,0,1.5,0.0,2021-01-06,26.6,2021-03-31
1024E,2021-22,"DONOSTIA / SAN SEBASTIÁN, IGELDO",GIPUZKOA,250,151,151,122,31,0,0,74,0,17,5,59,8,49,0,2.8,0.4,2022-01-23,22.6,2022-01-01
1024E,2022-23,"DONOSTIA / SAN SEBASTIÁN, IGELDO",GIPUZKOA,250,151,151,101,42,2,0,70,2,40,18,55,6,47,1,1.4,-1.0,2023-02-27,27.0,2023-03-29
1024E,2023-24,"DONOSTIA / SAN SEBASTIÁN, IGELDO",GIPUZKOA,250,152,152,107,18,1,0,68,1,32,11,79,6,36,1,3.5,-1.3,2024-01-20,23.2,2023-11-13
1024E,2024-25,"DONOSTIA / SAN SEBASTIÁN, IGELDO",GIPUZKOA,250,151,151,107,23,0,0,70,0,27,12,58,8,38,0,3.0,0.5,2025-01-13,23.1,2024-11-05
1024E,2025-26,"DONOSTIA / SAN SEBASTIÁN, IGELDO",GIPUZKOA,250,151,151,109,20,3,0,71,3,23,13,75,6,62,3,2.5,-1.5,2026-01-05,24.8,2026-02-25
1025A,2017-18,SEGURA,GIPUZKOA,255,151,151,142,100,27,2,89,21,11,5,97,4,47,6,-2.0,-6.7,2018-02-27,21.5,2017-11-01
1025A,2018-19,SEGURA,GIPUZKOA,255,151,151,145,98,10,2,90,9,36,21,56,8,62,4,-0.6,-4.4,2019-01-05,27.1,2019-02-27
1025A,2019-20,SEGURA,GIPUZKOA,255,152,152,141,81,14,2,84,12,32,15,64,5,34,5,-0.8,-3.1,2020-01-02,24.8,2020-02-03
1025A,2020-21,SEGURA,GIPUZKOA,255,151,151,129,73,12,1,82,9,36,14,68,5,36,6,-0.3,-4.5,2021-01-07,25.2,2020-11-01
1025A,2021-22,SEGURA,GIPUZKOA,255,151,151,142,82,24,5,87,24,23,9,63,9,54,7,-2.0,-4.3,2022-01-23,23.4,2021-12-31
1025A,2022-23,SEGURA,GIPUZKOA,255,151,151,126,77,23,3,80,20,51,27,54,7,44,5,-1.5,-4.0,2023-01-21,26.3,2023-03-29
1025A,2023-24,SEGURA,GIPUZKOA,255,152,152,129,66,9,1,84,8,46,23,65,10,35,2,-0.5,-4.4,2024-01-20,25.9,2024-03-22
1025A,2024-25,SEGURA,GIPUZKOA,255,151,151,131,65,11,0,84,8,30,15,59,9,24,3,-0.4,-2.9,2025-01-18,25.0,2024-11-05
1025A,2025-26,SEGURA,GIPUZKOA,255,151,151,130,67,6,3,82,6,37,19,76,8,63,4,0.5,-3.7,2026-01-05,26.5,2026-03-18
1025X,2017-18,"BEASAIN, ARRIARAN",GIPUZKOA,255,151,151,141,98,24,2,89,21,13,4,95,4,42,6,-1.6,-6.2,2018-02-27,21.6,2017-11-23
1025X,2018-19,"BEASAIN, ARRIARAN",GIPUZKOA,255,151,151,145,87,8,2,89,7,36,22,59,8,62,4,0.0,-4.0,2019-01-05,27.3,2019-02-27
1025X,2019-20,"BEASAIN, ARRIARAN",GIPUZKOA,255,152,152,140,74,12,0,83,11,29,16,65,4,37,5,-0.6,-2.2,2019-12-31,25.0,2020-02-03
1025X,2020-21,"BEASAIN, ARRIARAN",GIPUZKOA,255,148,148,127,69,9,1,79,7,34,15,64,5,22,5,-0.2,-3.1,2021-01-07,25.2,2021-03-31
1025X,2021-22,"BEASAIN, ARRIARAN",GIPUZKOA,255,151,151,142,83,23,4,88,23,22,8,62,8,55,6,-1.8,-4.1,2022-01-23,23.1,2022-01-01
1025X,2022-23,"BEASAIN, ARRIARAN",GIPUZKOA,255,151,151,124,75,21,0,80,18,50,26,56,7,44,5,-1.5,-2.9,2023-02-10,27.3,2023-03-29
1025X,2023-24,"BEASAIN, ARRIARAN",GIPUZKOA,255,152,152,130,65,7,1,84,7,43,24,70,10,41,3,0.0,-4.1,2024-01-20,25.3,2024-03-17
1025X,2024-25,"BEASAIN, ARRIARAN",GIPUZKOA,255,151,151,132,65,8,0,85,7,31,14,65,9,22,3,-0.1,-2.6,2025-01-19,24.8,2024-11-06
1025X,2025-26,"BEASAIN, ARRIARAN",GIPUZKOA,255,151,151,132,69,6,1,84,6,33,19,75,7,63,4,0.6,-3.3,2026-01-05,26.5,2026-03-18
1026X,2017-18,ORDIZIA,GIPUZKOA,290,151,151,137,94,23,2,86,20,9,4,97,3,47,6,-1.2,-5.9,2018-02-27,20.9,2017-11-02
1026X,2018-19,ORDIZIA,GIPUZKOA,290,151,151,138,80,7,1,86,7,34,19,60,8,62,4,0.6,-3.6,2019-01-05,27.0,2019-02-27
1026X,2019-20,ORDIZIA,GIPUZKOA,290,152,152,135,63,7,0,80,6,24,11,66,4,40,2,0.1,-1.9,2019-12-31,24.9,2020-02-03
1026X,2020-21,ORDIZIA,GIPUZKOA,290,151,151,124,61,7,0,80,6,29,13,64,5,36,5,0.0,-2.7,2021-01-07,24.8,2021-03-31
1026X,2021-22,ORDIZIA,GIPUZKOA,290,146,146,133,69,12,1,80,12,21,7,59,8,55,3,-0.3,-3.3,2022-01-23,22.8,2021-12-31
1026X,2022-23,ORDIZIA,GIPUZKOA,290,151,151,118,67,17,0,75,15,44,25,54,8,44,3,-1.0,-2.3,2023-02-10,25.8,2023-03-29
1026X,2023-24,ORDIZIA,GIPUZKOA,290,152,152,123,54,6,1,79,6,39,21,66,10,37,2,0.7,-3.3,2024-01-20,23.8,2024-03-22
1026X,2024-25,ORDIZIA,GIPUZKOA,290,151,151,123,55,6,0,79,5,26,13,61,9,35,2,0.2,-2.1,2025-01-18,24.0,2024-11-05
1026X,2025-26,ORDIZIA,GIPUZKOA,290,151,151,126,63,5,0,81,5,25,18,75,6,86,4,0.8,-3.0,2026-01-05,25.4,2026-02-25
1033X,2017-18,ARESO,NAVARRA,520,150,150,141,112,31,7,90,22,2,0,100,1,130,6,-2.5,-8.7,2018-02-27,19.5,2017-11-20
1033X,2018-19,ARESO,NAVARRA,520,151,151,143,92,11,2,88,10,16,6,64,6,78,4,-0.5,-5.1,2019-01-04,24.9,2019-02-27
1033X,2019-20,ARESO,NAVARRA,520,152,152,145,80,9,0,87,5,15,7,73,4,52,2,-0.2,-1.3,2020-03-27,23.0,2020-02-03
1033X,2020-21,ARESO,NAVARRA,520,151,151,135,73,15,3,85,12,13,9,73,4,70,11,-1.0,-5.1,2021-01-07,22.7,2020-11-01
1033X,2021-22,ARESO,NAVARRA,520,151,151,145,89,14,2,86,14,9,2,68,5,58,4,-1.1,-3.8,2022-01-22,22.0,2021-12-31
1033X,2022-23,ARESO,NAVARRA,520,151,151,134,80,30,2,85,25,24,10,66,4,48,10,-1.8,-4.2,2023-01-21,23.5,2023-03-29
1033X,2023-24,ARESO,NAVARRA,520,152,152,138,67,8,1,87,6,28,12,81,10,64,2,0.0,-5.6,2024-01-20,23.6,2024-03-22
1033X,2024-25,ARESO,NAVARRA,520,151,151,136,72,10,0,86,7,14,5,67,7,76,3,-0.4,-2.1,2025-01-13,22.5,2024-11-06
1033X,2025-26,ARESO,NAVARRA,520,151,151,137,78,8,4,86,7,18,8,81,6,99,4,0.0,-4.8,2026-01-05,23.6,2026-03-18
1037X,2017-18,LEGAZPI,GIPUZKOA,460,151,151,141,109,30,3,86,24,5,0,98,3,128,7,-2.1,-7.1,2018-02-27,19.3,2017-11-22
1037X,2018-19,LEGAZPI,GIPUZKOA,460,151,151,145,98,8,2,89,8,20,7,56,4,71,4,-0.4,-5.2,2019-01-04,24.0,2019-02-27
1037X,2019-20,LEGAZPI,GIPUZKOA,460,152,152,142,82,11,0,85,7,14,8,68,3,91,2,-0.2,-1.4,2020-01-02,22.4,2020-02-03
1037X,2020-21,LEGAZPI,GIPUZKOA,460,151,151,136,82,13,3,85,12,14,7,70,4,36,10,-0.8,-5.3,2021-01-08,23.5,2021-03-31
1037X,2021-22,LEGAZPI,GIPUZKOA,460,151,151,147,91,19,2,88,19,6,3,63,4,59,7,-1.8,-3.9,2022-01-23,21.4,2021-12-31
1037X,2022-23,LEGAZPI,GIPUZKOA,460,149,149,126,80,27,0,79,24,22,11,54,3,47,6,-1.3,-2.9,2023-01-21,25.1,2023-03-29
1037X,2023-24,LEGAZPI,GIPUZKOA,460,147,147,129,70,9,1,82,9,25,10,70,10,39,3,-0.2,-4.4,2024-01-20,24.0,2024-03-19
1037X,2024-25,LEGAZPI,GIPUZKOA,460,151,151,133,80,13,0,84,10,14,6,63,7,76,4,-0.9,-2.5,2025-03-17,22.1,2024-11-06
1037X,2025-26,LEGAZPI,GIPUZKOA,460,151,151,137,76,8,3,86,8,17,8,77,6,100,4,-0.2,-4.1,2026-01-07,24.1,2026-03-17
1037Y,2017-18,ZUMARRAGA,GIPUZKOA,431,150,150,144,115,40,6,88,30,0,0,100,0,119,6,-2.7,-7.1,2018-02-27,17.9,2017-11-23
1037Y,2018-19,ZUMARRAGA,GIPUZKOA,431,151,151,146,108,11,3,90,10,14,6,59,4,113,4,-1.4,-4.6,2019-01-04,24.2,2019-02-27
1037Y,2019-20,ZUMARRAGA,GIPUZKOA,431,151,151,145,93,15,0,88,9,8,5,67,2,85,2,-1.1,-1.8,2020-01-12,21.0,2020-03-11
1037Y,2020-21,ZUMARRAGA,GIPUZKOA,431,151,151,142,89,24,3,87,20,8,4,72,4,129,12,-1.8,-5.7,2021-01-07,23.2,2021-03-31
1037Y,2021-22,ZUMARRAGA,GIPUZKOA,431,151,151,147,97,14,2,88,12,4,0,36,3,60,4,-1.7,-3.4,2022-01-30,19.5,2022-01-01
1037Y,2022-23,ZUMARRAGA,GIPUZKOA,431,151,151,132,80,30,1,82,27,19,9,53,3,96,9,-1.4,-3.2,2023-01-21,25.8,2023-03-29
1037Y,2023-24,ZUMARRAGA,GIPUZKOA,431,152,152,126,58,3,1,81,3,29,14,77,10,44,2,0.9,-3.5,2024-01-20,24.1,2024-03-19
1037Y,2024-25,ZUMARRAGA,GIPUZKOA,431,146,146,123,62,6,0,77,3,22,9,63,7,24,2,0.1,-1.0,2025-01-14,22.9,2024-11-05
1037Y,2025-26,ZUMARRAGA,GIPUZKOA,431,126,126,112,56,6,1,79,6,12,3,70,3,87,4,0.4,-3.7,2026-01-07,21.1,2025-11-12
1038X,2017-18,AZPEITIA,GIPUZKOA,180,151,151,133,74,9,2,84,9,15,6,95,4,41,4,-0.4,-5.2,2018-02-27,21.8,2017-11-02
1038X,2018-19,AZPEITIA,GIPUZKOA,180,150,150,137,58,5,0,82,5,38,22,59,8,28,4,1.2,-2.3,2019-01-05,27.4,2019-02-27
1038X,2019-20,AZPEITIA,GIPUZKOA,180,152,152,135,53,2,0,80,2,31,12,62,4,35,1,1.2,-0.2,2019-12-04,24.6,2020-02-03
1038X,2020-21,AZPEITIA,GIPUZKOA,180,151,151,117,46,4,2,72,4,34,16,71,5,36,4,0.8,-3.2,2021-01-08,26.4,2021-03-31
1038X,2021-22,AZPEITIA,GIPUZKOA,180,151,151,132,56,8,0,83,8,25,11,66,8,49,4,0.0,-2.5,2022-01-23,23.0,2022-01-01
1038X,2022-23,AZPEITIA,GIPUZKOA,180,147,147,111,61,10,0,73,9,49,27,50,13,44,5,-0.3,-2.2,2023-01-21,28.0,2023-03-29
1038X,2023-24,AZPEITIA,GIPUZKOA,180,152,152,120,44,2,0,78,2,45,20,79,10,41,2,1.2,-2.6,2024-01-20,24.3,2023-11-13
1038X,2024-25,AZPEITIA,GIPUZKOA,180,151,151,122,45,2,0,77,2,35,16,67,9,22,2,0.9,-0.8,2025-01-18,24.5,2024-11-05
1038X,2025-26,AZPEITIA,GIPUZKOA,180,151,151,123,44,4,0,79,4,36,20,80,7,62,4,1.3,-2.1,2026-01-07,26.5,2026-03-17
1041A,2017-18,ZUMAIA,GIPUZKOA,28,151,151,116,37,2,0,72,2,27,13,88,4,41,2,1.9,-2.5,2018-02-27,24.9,2017-11-02
1041A,2018-19,ZUMAIA,GIPUZKOA,28,151,151,114,17,0,0,69,0,50,26,55,5,35,0,4.1,0.7,2019-01-05,26.8,2019-02-26
1041A,2019-20,ZUMAIA,GIPUZKOA,28,152,152,107,21,0,0,64,0,47,20,64,7,16,0,3.4,1.9,2020-01-21,27.4,2020-02-03
1041A,2020-21,ZUMAIA,GIPUZKOA,28,148,148,96,17,2,0,61,2,53,30,65,8,26,2,3.1,-1.3,2021-01-08,29.8,2021-03-31
1041A,2021-22,ZUMAIA,GIPUZKOA,28,151,151,113,25,0,0,72,0,39,17,59,9,19,0,2.4,0.1,2022-01-23,26.0,2022-03-28
1041A,2022-23,ZUMAIA,GIPUZKOA,28,151,151,91,35,1,0,67,1,61,43,50,13,28,1,1.9,-0.2,2023-01-21,30.1,2023-03-29
1041A,2023-24,ZUMAIA,GIPUZKOA,28,150,150,83,12,1,0,57,1,58,36,77,9,14,1,3.6,-0.2,2024-01-20,26.3,2023-11-13
1041A,2024-25,ZUMAIA,GIPUZKOA,28,124,124,75,21,0,0,59,0,39,22,58,7,15,0,3.4,2.0,2025-01-18,24.1,2025-02-20
1041A,2025-26,ZUMAIA,GIPUZKOA,28,131,131,84,12,0,0,56,0,42,23,66,8,18,0,3.8,0.7,2026-01-05,28.6,2026-02-25
1044X,2017-18,"ARAMAIO, ETXAGUEN",ARABA/ALAVA,617,151,151,145,114,19,3,89,17,0,0,99,0,151,6,-2.0,-6.6,2018-02-27,17.7,2017-11-02
1044X,2018-19,"ARAMAIO, ETXAGUEN",ARABA/ALAVA,617,151,151,147,95,5,1,90,5,13,5,59,4,113,4,0.2,-3.2,2019-01-04,22.6,2019-03-16
1044X,2019-20,"ARAMAIO, ETXAGUEN",ARABA/ALAVA,617,152,152,144,84,3,0,86,1,10,4,67,3,53,2,0.6,-1.0,2020-03-31,21.8,2020-03-11
1044X,2020-21,"ARAMAIO, ETXAGUEN",ARABA/ALAVA,617,151,151,139,82,14,3,86,12,9,4,71,4,129,11,-0.9,-4.6,2021-01-08,23.4,2021-03-31
1044X,2021-22,"ARAMAIO, ETXAGUEN",ARABA/ALAVA,617,151,151,147,88,7,0,88,7,2,0,58,1,89,2,0.0,-2.2,2022-01-23,18.2,2021-12-30
1044X,2022-23,"ARAMAIO, ETXAGUEN",ARABA/ALAVA,617,151,151,140,74,21,0,87,19,13,7,49,3,96,9,-1.0,-2.2,2023-02-27,23.4,2023-03-29
1044X,2023-24,"ARAMAIO, ETXAGUEN",ARABA/ALAVA,617,152,152,137,72,4,1,87,4,17,6,75,10,65,2,0.5,-3.6,2024-01-20,22.8,2024-03-22
1044X,2024-25,"ARAMAIO, ETXAGUEN",ARABA/ALAVA,617,151,151,133,71,7,0,85,5,7,2,65,3,100,4,0.2,-1.9,2025-01-13,21.4,2024-11-06
1044X,2025-26,"ARAMAIO, ETXAGUEN",ARABA/ALAVA,617,151,151,141,79,5,0,87,5,12,6,82,5,101,4,0.6,-2.5,2026-01-05,23.6,2026-03-18
1048X,2017-18,ARETXABALETA,GIPUZKOA,308,151,151,141,104,29,3,87,23,9,1,102,3,83,7,-1.6,-6.8,2018-02-27,20.5,2017-11-03
1048X,2018-19,ARETXABALETA,GIPUZKOA,308,151,151,145,103,13,2,89,10,26,13,55,7,71,4,-0.5,-4.7,2019-01-05,27.6,2019-03-30
1048X,2019-20,ARETXABALETA,GIPUZKOA,308,152,152,139,83,14,0,82,13,21,8,63,4,40,6,-1.0,-2.4,2019-12-31,23.5,2020-03-11
1048X,2020-21,ARETXABALETA,GIPUZKOA,308,151,151,134,76,11,1,83,8,27,10,68,4,36,6,-0.4,-3.7,2021-01-08,25.5,2021-03-31
1048X,2021-22,ARETXABALETA,GIPUZKOA,308,151,151,144,86,25,4,88,25,12,3,64,4,59,6,-2.3,-3.5,2022-01-16,20.9,2021-12-31
1048X,2022-23,ARETXABALETA,GIPUZKOA,308,151,151,130,81,29,1,81,26,38,18,57,6,45,7,-1.2,-3.6,2023-02-11,26.4,2023-03-29
1048X,2023-24,ARETXABALETA,GIPUZKOA,308,152,152,130,69,10,1,84,9,30,15,68,10,44,3,-0.6,-4.5,2024-01-20,25.1,2024-03-19
1048X,2024-25,ARETXABALETA,GIPUZKOA,308,151,151,131,71,12,0,82,9,26,9,61,9,39,3,-0.6,-2.7,2025-01-18,22.3,2024-11-05
1048X,2025-26,ARETXABALETA,GIPUZKOA,308,151,151,132,74,9,0,82,9,28,14,82,6,65,4,-0.3,-2.9,2026-01-05,25.7,2026-03-18
1049N,2017-18,ELGETA,GIPUZKOA,470,151,151,144,107,18,2,89,16,6,1,83,3,84,6,-1.4,-5.8,2018-02-27,20.1,2017-11-02
1049N,2018-19,ELGETA,GIPUZKOA,470,151,151,145,73,7,1,88,7,23,9,63,7,89,4,0.5,-3.4,2019-01-04,24.9,2019-03-16
1049N,2019-20,ELGETA,GIPUZKOA,470,152,152,141,66,2,0,84,0,17,7,66,4,49,1,1.1,-0.4,2019-11-16,22.0,2020-02-03
1049N,2020-21,ELGETA,GIPUZKOA,470,151,151,133,70,12,2,84,11,17,7,66,4,70,11,-0.2,-4.2,2021-01-07,25.6,2021-03-31
1049N,2021-22,ELGETA,GIPUZKOA,470,136,136,131,66,6,0,79,6,9,0,64,4,40,2,0.3,-2.2,2022-01-23,19.7,2022-01-01
1049N,2022-23,ELGETA,GIPUZKOA,470,151,151,127,63,10,0,81,8,27,11,62,3,46,5,-0.5,-2.0,2023-01-21,25.4,2023-03-29
1049N,2023-24,ELGETA,GIPUZKOA,470,152,152,133,54,3,1,86,3,21,12,78,10,68,2,1.6,-3.1,2024-01-20,22.8,2024-03-21
1049N,2024-25,ELGETA,GIPUZKOA,470,151,151,128,63,6,0,81,4,16,9,65,7,76,3,0.5,-1.4,2025-03-17,22.1,2024-11-06
1049N,2025-26,ELGETA,GIPUZKOA,470,147,147,136,64,4,0,86,4,22,8,80,6,99,4,1.0,-2.1,2026-01-07,25.2,2026-03-17
1050J,2017-18,ELGOIBAR,GIPUZKOA,119,151,151,137,86,11,2,87,11,12,5,91,3,42,4,-0.2,-4.9,2018-02-27,21.9,2017-11-02
1050J,2018-19,ELGOIBAR,GIPUZKOA,119,151,151,139,63,3,0,86,3,35,20,55,8,44,3,1.4,-2.8,2019-01-05,26.7,2019-03-16
1050J,2019-20,ELGOIBAR,GIPUZKOA,119,152,152,133,53,1,0,79,1,25,8,66,4,36,1,0.6,-0.2,2020-01-12,24.3,2020-02-03
1050J,2020-21,ELGOIBAR,GIPUZKOA,119,151,151,124,59,5,1,77,4,30,16,62,5,36,4,0.2,-3.5,2021-01-08,26.3,2021-03-31
1050J,2021-22,ELGOIBAR,GIPUZKOA,119,151,151,138,69,11,1,84,11,21,5,59,8,49,5,-0.6,-3.2,2022-01-23,22.7,2022-01-01
1050J,2022-23,ELGOIBAR,GIPUZKOA,119,130,130,106,58,4,0,77,3,40,23,44,8,42,2,0.1,-0.9,2023-02-11,29.1,2023-03-29
1050J,2023-24,ELGOIBAR,GIPUZKOA,119,152,152,112,26,1,0,73,1,56,30,78,10,20,1,2.3,-2.2,2024-01-20,25.2,2024-02-15
1052A,2017-18,MUTRIKU,GIPUZKOA,150,151,151,122,32,2,0,78,2,12,6,87,4,41,2,1.9,-2.6,2018-02-28,23.2,2017-11-02
1052A,2018-19,MUTRIKU,GIPUZKOA,150,151,151,100,14,0,0,64,0,32,12,55,4,53,0,4.4,2.3,2019-01-04,26.4,2019-02-27
1052A,2019-20,MUTRIKU,GIPUZKOA,150,148,148,101,8,0,0,57,0,22,7,65,4,22,0,4.9,2.3,2020-03-31,25.3,2020-02-03
1052A,2020-21,MUTRIKU,GIPUZKOA,150,151,151,96,19,0,0,62,0,31,17,67,5,40,0,2.5,1.3,2021-01-08,27.8,2021-03-31
1052A,2021-22,MUTRIKU,GIPUZKOA,150,151,151,110,14,0,0,70,0,19,11,59,9,40,0,4.5,2.1,2022-01-22,23.8,2022-01-01
1052A,2022-23,MUTRIKU,GIPUZKOA,150,148,148,83,28,0,0,60,0,45,23,56,11,35,0,2.6,0.7,2023-02-27,27.5,2023-03-29
1052A,2023-24,MUTRIKU,GIPUZKOA,150,152,152,87,10,0,0,57,0,35,14,79,6,34,0,4.6,1.0,2024-01-20,24.0,2024-02-15
1052A,2024-25,MUTRIKU,GIPUZKOA,150,151,151,97,13,0,0,67,0,35,17,59,8,21,0,4.4,3.1,2025-01-13,23.5,2024-11-05
1052A,2025-26,MUTRIKU,GIPUZKOA,150,151,151,99,12,0,0,64,0,31,13,69,7,62,0,4.5,1.3,2026-01-06,25.3,2026-02-24
1055B,2017-18,LEKEITIO,BIZKAIA,12,151,151,118,29,2,0,74,2,22,8,75,4,41,2,2.5,-1.8,2018-02-28,24.1,2017-11-02
1055B,2018-19,LEKEITIO,BIZKAIA,12,143,143,106,14,0,0,63,0,27,9,36,4,32,0,4.2,1.5,2019-01-04,24.7,2019-02-27
1056K,2017-18,FORUA,BIZKAIA,45,151,151,135,74,9,2,81,9,24,8,90,4,21,2,-0.2,-3.2,2018-02-27,24.3,2017-11-02
1056K,2018-19,FORUA,BIZKAIA,45,150,150,139,58,4,0,84,4,41,22,62,8,44,3,1.5,-2.0,2019-01-05,27.2,2019-02-27
1056K,2019-20,FORUA,BIZKAIA,45,152,152,133,49,1,0,77,1,35,13,68,6,21,1,1.0,-0.2,2019-12-04,25.7,2020-02-03
1056K,2020-21,FORUA,BIZKAIA,45,151,151,120,44,4,0,72,3,42,26,72,8,35,3,1.6,-2.1,2021-01-07,28.6,2021-03-31
1056K,2021-22,FORUA,BIZKAIA,45,151,151,133,59,6,0,81,6,32,19,62,10,40,2,0.3,-2.4,2022-01-23,24.6,2021-12-31
1056K,2022-23,FORUA,BIZKAIA,45,151,151,118,57,5,0,76,4,57,37,60,13,27,2,0.1,-2.1,2023-01-21,29.1,2023-03-29
1056K,2023-24,FORUA,BIZKAIA,45,152,152,115,42,2,0,76,2,53,23,78,10,19,1,1.9,-2.1,2024-01-20,25.8,2024-02-15
1056K,2024-25,FORUA,BIZKAIA,45,147,147,117,48,3,0,74,3,44,29,64,10,16,2,1.0,-1.2,2025-01-17,25.4,2024-11-01
1056K,2025-26,FORUA,BIZKAIA,45,151,151,123,42,4,0,77,4,39,24,76,8,26,2,1.4,-0.9,2026-01-05,26.9,2026-02-24
1057B,2018-19,MATXITXAKO,BIZKAIA,93,151,151,93,3,0,0,61,0,30,14,63,4,53,0,5.8,4.1,2019-01-04,26.1,2019-02-27
1057B,2019-20,MATXITXAKO,BIZKAIA,93,152,152,94,3,0,0,57,0,26,11,70,5,23,0,6.1,2.6,2020-03-30,24.8,2020-02-03
1057B,2021-22,MATXITXAKO,BIZKAIA,93,151,151,104,4,0,0,64,0,23,12,61,9,40,0,5.3,4.4,2022-01-13,25.8,2021-12-30
1057B,2022-23,MATXITXAKO,BIZKAIA,93,150,150,78,14,0,0,57,0,48,26,56,7,31,0,4.4,2.5,2023-01-24,29.8,2023-03-29
1057B,2023-24,MATXITXAKO,BIZKAIA,93,152,152,75,3,0,0,53,0,39,20,79,6,16,0,5.8,2.3,2024-01-20,24.8,2024-02-15
1057B,2024-25,MATXITXAKO,BIZKAIA,93,151,151,77,5,0,0,56,0,41,20,65,8,16,0,5.2,4.6,2024-12-11,23.0,2024-11-04
1057B,2025-26,MATXITXAKO,BIZKAIA,93,151,151,89,3,0,0,64,0,28,14,80,7,39,0,5.5,3.3,2026-01-05,26.3,2026-02-24
1059X,2017-18,PUNTA GALEA,BIZKAIA,81,141,141,121,46,2,0,79,2,13,6,84,4,35,2,0.9,-2.6,2018-02-28,23.5,2017-11-02
1059X,2018-19,PUNTA GALEA,BIZKAIA,81,151,151,124,22,1,0,78,1,28,12,56,4,53,1,3.0,-0.7,2019-01-05,25.1,2019-02-27
1059X,2019-20,PUNTA GALEA,BIZKAIA,81,150,150,116,28,0,0,71,0,27,11,66,5,21,0,3.3,0.8,2020-03-31,25.0,2020-02-03
1059X,2020-21,PUNTA GALEA,BIZKAIA,81,151,151,85,11,0,0,54,0,65,32,64,11,26,0,4.5,1.5,2021-01-07,27.8,2021-03-31
1059X,2023-24,PUNTA GALEA,BIZKAIA,81,121,121,72,11,0,0,61,0,38,17,74,6,20,0,4.4,0.0,2024-01-20,25.1,2024-02-15
1060X,2017-18,AMURRIO,ARABA/ALAVA,240,151,151,140,99,23,4,87,16,15,3,88,4,43,7,-1.4,-5.1,2018-02-27,21.4,2017-11-23
1060X,2018-19,AMURRIO,ARABA/ALAVA,240,151,151,145,96,12,4,90,11,29,17,46,7,77,4,-0.8,-6.3,2019-01-06,24.6,2019-03-16
1060X,2019-20,AMURRIO,ARABA/ALAVA,240,152,152,135,68,17,0,80,15,29,14,62,5,35,7,-1.2,-3.0,2019-12-31,23.5,2020-02-03
1060X,2020-21,AMURRIO,ARABA/ALAVA,240,151,151,131,71,10,1,83,5,31,12,63,5,36,3,-0.4,-4.4,2021-01-07,25.5,2021-03-31
1060X,2021-22,AMURRIO,ARABA/ALAVA,240,151,151,139,77,24,5,86,24,18,6,58,7,55,8,-2.5,-3.9,2022-01-23,21.1,2021-12-31
1060X,2022-23,AMURRIO,ARABA/ALAVA,240,151,151,125,74,14,2,79,12,48,23,49,12,46,3,-0.8,-3.5,2023-03-05,27.2,2023-03-29
1060X,2023-24,AMURRIO,ARABA/ALAVA,240,152,152,125,61,8,1,81,7,37,19,63,10,35,3,0.5,-3.9,2024-01-20,24.0,2024-03-18
1060X,2024-25,AMURRIO,ARABA/ALAVA,240,151,151,128,61,17,1,81,15,25,12,51,7,39,8,-1.6,-3.3,2025-01-15,22.6,2024-11-25
1060X,2025-26,AMURRIO,ARABA/ALAVA,240,151,151,133,67,9,0,80,7,29,20,64,6,62,4,-0.2,-2.3,2026-01-04,24.3,2026-03-18
1064L,2017-18,"OROZKO, IBARRA",BIZKAIA,270,151,151,139,97,21,2,86,17,15,6,97,4,42,6,-1.3,-4.3,2018-02-27,23.1,2017-11-02
1064L,2018-19,"OROZKO, IBARRA",BIZKAIA,270,145,145,141,91,7,1,88,7,39,24,52,8,45,4,0.3,-3.4,2019-01-05,27.1,2019-03-16
1064L,2019-20,"OROZKO, IBARRA",BIZKAIA,270,152,152,136,80,5,0,80,4,40,18,66,5,34,1,0.4,-1.2,2019-12-31,24.9,2020-02-03
1064L,2020-21,"OROZKO, IBARRA",BIZKAIA,270,151,151,135,74,7,1,83,5,39,22,73,5,36,4,0.0,-3.1,2021-01-07,27.4,2021-03-31
1064L,2021-22,"OROZKO, IBARRA",BIZKAIA,270,151,151,143,84,17,0,87,17,26,13,62,7,49,7,-1.3,-2.8,2022-01-23,22.9,2021-12-31
1064L,2022-23,"OROZKO, IBARRA",BIZKAIA,270,151,151,127,78,15,0,78,13,53,29,53,12,42,7,-1.3,-2.6,2023-01-21,27.9,2023-03-28
1064L,2023-24,"OROZKO, IBARRA",BIZKAIA,270,152,152,129,60,5,1,83,5,44,20,72,11,36,2,0.3,-3.2,2024-01-20,25.8,2024-03-18
1064L,2024-25,"OROZKO, IBARRA",BIZKAIA,270,148,148,125,63,9,0,79,7,41,19,57,9,22,3,-0.7,-1.3,2025-03-17,25.1,2024-11-05
1064L,2025-26,"OROZKO, IBARRA",BIZKAIA,270,148,148,132,70,7,0,83,7,38,24,73,8,62,4,0.0,-2.1,2026-01-04,28.8,2026-03-17
1069Y,2017-18,"ABADIÑO, URKIOLA",BIZKAIA,747,150,150,149,120,37,4,89,29,0,0,96,0,81,7,-2.2,-7.2,2018-02-27,17.4,2017-11-20
1069Y,2018-19,"ABADIÑO, URKIOLA",BIZKAIA,747,151,151,149,111,10,0,90,10,12,4,61,4,113,3,-0.2,-1.6,2019-02-04,23.2,2019-03-16
1069Y,2019-20,"ABADIÑO, URKIOLA",BIZKAIA,747,152,152,149,111,12,0,90,8,7,2,72,2,93,4,-0.7,-2.6,2019-12-31,20.3,2020-02-03
1069Y,2020-21,"ABADIÑO, URKIOLA",BIZKAIA,747,140,140,136,89,17,4,79,15,6,3,79,4,76,12,-1.3,-4.3,2021-01-08,22.8,2021-03-31
1069Y,2021-22,"ABADIÑO, URKIOLA",BIZKAIA,747,148,148,148,112,17,0,87,17,0,0,72,0,83,7,-1.0,-2.4,2022-01-22,17.7,2022-01-01
1069Y,2022-23,"ABADIÑO, URKIOLA",BIZKAIA,747,151,151,146,94,34,0,90,29,13,7,60,3,96,11,-1.7,-2.8,2023-02-27,23.1,2023-03-29
1069Y,2023-24,"ABADIÑO, URKIOLA",BIZKAIA,747,152,152,143,91,8,1,89,7,13,5,72,7,88,4,-0.0,-4.9,2024-01-20,20.7,2024-03-22
1069Y,2024-25,"ABADIÑO, URKIOLA",BIZKAIA,747,150,150,143,90,19,0,88,14,6,0,70,4,83,8,-1.0,-2.6,2025-01-14,19.6,2024-11-01
1069Y,2025-26,"ABADIÑO, URKIOLA",BIZKAIA,747,151,151,149,101,15,2,90,13,7,6,80,4,102,5,-0.8,-4.3,2026-01-07,22.3,2026-03-18
1074C,2017-18,AMOREBIETA-ETXANO,BIZKAIA,100,151,151,139,85,11,1,87,11,18,7,91,5,41,6,-0.5,-4.7,2018-02-27,23.7,2017-11-02
1074C,2018-19,AMOREBIETA-ETXANO,BIZKAIA,100,151,151,143,73,4,1,89,4,43,28,59,8,44,4,0.8,-3.2,2019-01-05,27.3,2019-03-16
1074C,2019-20,AMOREBIETA-ETXANO,BIZKAIA,100,152,152,138,59,7,0,82,6,37,18,72,6,24,3,0.1,-1.2,2019-12-31,25.6,2020-02-03
1074C,2020-21,AMOREBIETA-ETXANO,BIZKAIA,100,151,151,124,57,4,0,77,3,44,25,68,5,35,3,1.0,-1.6,2021-01-08,28.3,2021-03-31
1074C,2021-22,AMOREBIETA-ETXANO,BIZKAIA,100,147,147,133,70,16,0,85,16,30,13,60,9,31,7,-0.9,-2.5,2022-01-15,24.4,2022-01-01
1074C,2022-23,AMOREBIETA-ETXANO,BIZKAIA,100,151,151,125,71,8,0,79,7,59,34,54,13,29,3,-0.3,-2.2,2023-01-21,28.7,2023-03-29
1074C,2023-24,AMOREBIETA-ETXANO,BIZKAIA,100,152,152,129,49,3,0,84,3,53,28,71,10,35,1,0.8,-2.5,2024-01-20,24.6,2024-02-15
1074C,2024-25,AMOREBIETA-ETXANO,BIZKAIA,100,151,151,126,52,9,0,81,9,43,22,62,9,21,3,-0.3,-1.5,2025-01-19,25.1,2024-11-05
1074C,2025-26,AMOREBIETA-ETXANO,BIZKAIA,100,143,143,123,49,2,0,72,2,41,28,66,8,35,2,1.0,-0.8,2026-01-07,27.7,2026-03-17
1078C,2017-18,BALMASEDA,BIZKAIA,210,150,150,142,97,24,2,87,18,13,5,91,4,41,7,-1.1,-4.7,2018-02-27,22.0,2017-11-02
1078C,2018-19,BALMASEDA,BIZKAIA,210,151,151,144,96,14,3,87,11,34,23,49,8,62,4,-1.1,-5.8,2019-01-05,26.6,2019-03-16
1078C,2019-20,BALMASEDA,BIZKAIA,210,152,152,138,72,18,0,81,16,31,16,62,5,35,7,-0.8,-2.8,2019-12-31,24.2,2020-02-03
1078C,2020-21,BALMASEDA,BIZKAIA,210,151,151,133,74,10,1,81,5,40,24,63,7,36,3,-0.4,-3.2,2021-01-07,28.6,2021-03-31
1078C,2021-22,BALMASEDA,BIZKAIA,210,151,151,143,80,26,2,87,26,26,11,60,6,49,9,-2.2,-3.4,2022-01-18,22.0,2021-12-31
1078C,2022-23,BALMASEDA,BIZKAIA,210,151,151,132,76,14,0,80,13,48,28,50,7,44,3,-0.3,-2.8,2023-02-10,29.1,2023-03-29
1078C,2023-24,BALMASEDA,BIZKAIA,210,152,152,130,57,6,1,83,6,42,20,63,10,42,2,0.2,-4.1,2024-01-20,25.5,2024-03-18
1078C,2024-25,BALMASEDA,BIZKAIA,210,151,151,132,60,15,0,82,14,39,20,56,9,39,8,-1.1,-3.0,2025-01-14,24.4,2024-11-05
1078C,2025-26,BALMASEDA,BIZKAIA,210,150,150,131,68,5,0,82,4,35,24,70,8,55,2,0.2,-1.0,2026-01-04,27.7,2026-03-17
1078I,2017-18,GÜEÑES,BIZKAIA,208,151,151,140,95,7,2,87,7,14,4,94,4,41,2,0.0,-3.4,2018-02-28,21.6,2017-11-02
1078I,2018-19,GÜEÑES,BIZKAIA,208,151,151,140,80,6,1,86,6,29,17,52,7,71,4,0.5,-4.2,2019-01-05,25.1,2019-03-16
1078I,2021-22,GÜEÑES,BIZKAIA,208,151,151,141,74,14,0,84,14,21,7,54,6,48,5,-1.1,-2.3,2022-01-15,22.2,2021-12-31
1078I,2022-23,GÜEÑES,BIZKAIA,208,151,151,125,69,10,0,79,9,43,25,29,6,45,3,-0.3,-1.9,2023-02-07,27.6,2023-03-29
1078I,2023-24,GÜEÑES,BIZKAIA,208,152,152,124,49,4,1,79,3,47,21,65,11,35,2,1.2,-3.3,2024-01-20,25.3,2024-02-15
1082,2017-18,BILBAO AEROPUERTO,BIZKAIA,42,151,151,129,66,9,1,80,9,28,13,91,5,41,4,-0.2,-3.5,2018-02-27,24.3,2017-11-02
1082,2018-19,BILBAO AEROPUERTO,BIZKAIA,42,151,151,131,42,4,0,83,4,45,31,52,8,38,4,1.4,-2.3,2019-01-05,26.9,2019-02-27
1082,2019-20,BILBAO AEROPUERTO,BIZKAIA,42,152,152,127,43,0,0,76,0,47,18,65,6,20,0,1.5,0.1,2020-01-06,26.0,2020-02-03
1082,2020-21,BILBAO AEROPUERTO,BIZKAIA,42,151,151,112,38,2,0,70,2,53,32,61,11,28,2,1.8,-1.6,2021-01-07,28.7,2021-03-31
1082,2021-22,BILBAO AEROPUERTO,BIZKAIA,42,151,151,125,53,5,0,78,5,39,22,61,9,28,2,0.1,-2.2,2022-01-23,25.2,2021-12-31
1082,2022-23,BILBAO AEROPUERTO,BIZKAIA,42,151,151,117,49,7,0,76,6,61,44,51,13,29,2,0.2,-1.5,2023-01-21,30.1,2023-03-29
1082,2023-24,BILBAO AEROPUERTO,BIZKAIA,42,152,152,115,29,2,0,76,2,60,37,72,10,14,1,2.6,-1.8,2024-01-20,26.2,2024-02-15
1082,2024-25,BILBAO AEROPUERTO,BIZKAIA,42,151,151,107,38,0,0,70,0,56,30,61,9,15,0,1.0,0.1,2025-01-15,25.7,2024-11-05
1082,2025-26,BILBAO AEROPUERTO,BIZKAIA,42,151,151,121,37,3,0,75,3,48,32,72,8,24,2,2.0,-1.1,2026-01-04,27.1,2026-02-24
1083B,2017-18,SOPUERTA,BIZKAIA,177,151,151,137,85,9,2,86,9,21,9,90,5,41,2,-0.2,-3.4,2018-02-28,23.1,2017-11-02
1083B,2018-19,SOPUERTA,BIZKAIA,177,151,151,136,52,5,0,83,5,42,26,54,8,44,4,1.5,-2.6,2019-01-05,26.9,2019-03-16
1083B,2019-20,SOPUERTA,BIZKAIA,177,152,152,134,47,0,0,79,0,46,16,60,6,23,0,1.7,0.3,2020-01-12,25.4,2020-02-03
1083B,2020-21,SOPUERTA,BIZKAIA,177,151,151,119,48,3,0,74,3,45,30,66,11,36,3,1.1,-1.8,2021-01-07,28.1,2021-03-31
1083B,2021-22,SOPUERTA,BIZKAIA,177,151,151,129,60,9,0,78,9,36,23,51,8,48,3,-0.2,-2.4,2022-01-23,23.9,2021-12-31
1083B,2022-23,SOPUERTA,BIZKAIA,177,151,151,125,61,7,0,78,6,59,34,58,13,42,2,0.2,-1.0,2023-02-03,28.9,2023-03-28
1083B,2023-24,SOPUERTA,BIZKAIA,177,152,152,121,37,2,0,79,2,52,26,74,9,19,1,2.1,-2.3,2024-01-20,25.0,2024-02-15
1083B,2024-25,SOPUERTA,BIZKAIA,177,150,150,118,44,4,0,80,3,47,28,62,9,17,2,0.7,-1.2,2025-01-15,26.0,2024-11-05
1083B,2025-26,SOPUERTA,BIZKAIA,177,151,151,128,40,1,0,80,1,44,27,77,8,30,1,1.6,-0.3,2026-01-04,27.6,2026-02-25
1083L,2017-18,CASTRO URDIALES,CANTABRIA,45,120,120,93,23,2,0,54,2,21,7,65,4,28,2,2.8,-1.7,2018-02-28,24.8,2017-11-01
1083L,2018-19,CASTRO URDIALES,CANTABRIA,45,150,150,117,9,0,0,75,0,29,16,51,4,47,0,4.8,1.5,2019-01-05,25.9,2019-02-26
1083L,2019-20,CASTRO URDIALES,CANTABRIA,45,132,132,95,7,0,0,64,0,28,11,59,6,14,0,5.0,2.0,2020-03-31,26.7,2020-02-03
1083L,2020-21,CASTRO URDIALES,CANTABRIA,45,148,148,101,14,0,0,65,0,44,23,60,7,26,0,4.0,1.8,2021-01-07,27.6,2021-03-31
1083L,2021-22,CASTRO URDIALES,CANTABRIA,45,140,140,98,19,0,0,62,0,27,15,43,10,54,0,4.2,2.6,2022-01-23,24.5,2022-01-01
1083L,2022-23,CASTRO URDIALES,CANTABRIA,45,150,150,85,14,0,0,66,0,48,29,53,12,28,0,4.5,2.7,2023-01-18,30.2,2023-03-29
1083L,2023-24,CASTRO URDIALES,CANTABRIA,45,151,151,77,2,0,0,54,0,45,23,71,6,13,0,5.7,2.6,2024-01-20,25.6,2024-02-15
1083L,2024-25,CASTRO URDIALES,CANTABRIA,45,148,148,72,5,0,0,54,0,51,29,56,9,15,0,5.1,4.2,2025-01-15,26.0,2024-11-25
1083L,2025-26,CASTRO URDIALES,CANTABRIA,45,135,135,94,8,0,0,58,0,35,19,64,7,24,0,4.8,2.4,2026-01-01,27.8,2025-11-12
1089U,2017-18,RAMALES DE LA VICTORIA,CANTABRIA,80,149,149,139,92,15,0,87,13,22,9,88,3,31,7,-0.7,-2.4,2018-02-27,24.2,2017-11-02
1089U,2018-19,RAMALES DE LA VICTORIA,CANTABRIA,80,148,148,144,95,12,2,88,12,39,29,47,9,36,4,-0.7,-5.3,2019-01-06,27.1,2019-02-27
1089U,2019-20,RAMALES DE LA VICTORIA,CANTABRIA,80,147,147,136,71,13,0,81,12,44,19,69,7,18,5,-0.6,-2.3,2019-12-31,25.9,2020-02-03
1089U,2020-21,RAMALES DE LA VICTORIA,CANTABRIA,80,148,148,125,66,8,0,75,4,50,27,69,11,20,2,-0.2,-1.3,2021-01-08,29.1,2021-03-31
1089U,2021-22,RAMALES DE LA VICTORIA,CANTABRIA,80,149,149,135,78,23,0,83,23,35,19,58,10,34,7,-1.9,-2.9,2022-01-15,24.2,2022-01-01
1089U,2022-23,RAMALES DE LA VICTORIA,CANTABRIA,80,149,149,130,70,10,1,78,9,56,35,57,12,29,4,-0.7,-3.1,2023-02-11,28.6,2023-03-29
1089U,2023-24,RAMALES DE LA VICTORIA,CANTABRIA,80,147,147,124,65,7,0,80,7,44,25,69,8,14,3,0.1,-2.9,2024-01-20,25.0,2024-02-15
1089U,2024-25,RAMALES DE LA VICTORIA,CANTABRIA,80,150,150,130,62,13,1,84,12,49,28,63,9,15,8,-1.1,-3.2,2025-01-14,24.5,2024-11-04
1089U,2025-26,RAMALES DE LA VICTORIA,CANTABRIA,80,149,149,134,59,4,0,82,4,46,27,74,8,25,1,0.6,-0.9,2026-01-01,28.1,2025-11-12
1096X,2017-18,"BARCENA DE CICERO, TRETO",CANTABRIA,10,149,149,130,67,4,0,79,4,22,8,83,7,41,2,0.4,-1.5,2018-02-28,24.6,2017-11-02
1096X,2018-19,"BARCENA DE CICERO, TRETO",CANTABRIA,10,149,149,139,52,3,0,83,3,28,16,39,4,40,3,1.3,-1.7,2019-01-04,24.1,2019-03-03
1096X,2019-20,"BARCENA DE CICERO, TRETO",CANTABRIA,10,152,152,136,44,0,0,83,0,29,11,65,3,19,0,1.7,0.2,2020-01-06,26.8,2020-02-03
1096X,2020-21,"BARCENA DE CICERO, TRETO",CANTABRIA,10,151,151,129,43,2,0,79,2,46,24,64,10,26,2,2.1,-0.7,2021-01-08,28.5,2021-03-31
1096X,2021-22,"BARCENA DE CICERO, TRETO",CANTABRIA,10,151,151,129,50,3,0,81,3,33,14,56,9,42,2,0.4,-0.9,2022-01-14,24.0,2022-01-02
1096X,2022-23,"BARCENA DE CICERO, TRETO",CANTABRIA,10,151,151,127,52,2,0,82,2,52,33,57,8,27,2,1.0,-2.3,2023-02-11,29.7,2023-03-29
1096X,2023-24,"BARCENA DE CICERO, TRETO",CANTABRIA,10,152,152,119,33,1,0,79,1,46,18,67,9,23,1,2.0,-1.1,2024-01-20,26.9,2024-02-15
1096X,2024-25,"BARCENA DE CICERO, TRETO",CANTABRIA,10,150,150,119,38,1,0,81,1,51,26,57,9,15,1,1.3,-0.6,2025-01-15,25.6,2024-11-24
1096X,2025-26,"BARCENA DE CICERO, TRETO",CANTABRIA,10,150,150,134,35,0,0,85,0,42,21,73,7,24,0,2.3,0.1,2026-01-01,28.9,2025-11-12
1103X,2022-23,SAN ROQUE DE RIOMIERA,CANTABRIA,849,126,126,118,70,24,1,87,22,6,2,22,2,80,5,-1.9,-3.3,2023-02-27,22.4,2023-03-28
1103X,2023-24,SAN ROQUE DE RIOMIERA,CANTABRIA,849,152,152,140,84,12,1,85,9,15,3,74,4,66,4,-0.6,-3.3,2024-01-20,22.5,2024-01-27
1103X,2024-25,SAN ROQUE DE RIOMIERA,CANTABRIA,849,150,150,133,78,10,0,85,6,8,0,65,4,90,4,-0.4,-2.9,2025-01-13,19.5,2024-11-05
1103X,2025-26,SAN ROQUE DE RIOMIERA,CANTABRIA,849,150,150,142,100,16,1,88,13,9,5,66,4,101,5,-0.7,-3.9,2026-01-04,22.0,2026-03-17
1109,2017-18,SANTANDER AEROPUERTO,CANTABRIA,3,151,151,125,38,1,0,77,1,25,10,84,5,40,1,2.0,-1.0,2018-02-28,25.5,2017-11-01
1109,2018-19,SANTANDER AEROPUERTO,CANTABRIA,3,151,151,120,32,3,0,75,3,34,15,48,4,53,3,2.4,-1.4,2019-01-04,26.6,2019-02-26
1109,2019-20,SANTANDER AEROPUERTO,CANTABRIA,3,137,137,101,24,0,0,71,0,35,11,68,5,18,0,3.0,1.2,2019-12-30,27.1,2020-02-03
1109,2020-21,SANTANDER AEROPUERTO,CANTABRIA,3,151,151,112,23,1,0,71,1,42,30,63,8,28,1,2.8,-0.6,2021-01-08,30.1,2021-03-31
1109,2021-22,SANTANDER AEROPUERTO,CANTABRIA,3,151,151,119,36,0,0,76,0,37,18,55,11,42,0,0.7,0.0,2022-01-15,24.4,2022-01-01
1109,2022-23,SANTANDER AEROPUERTO,CANTABRIA,3,151,151,104,33,1,0,71,1,50,30,57,12,28,1,2.0,-1.3,2023-02-11,29.0,2023-03-29
1109,2023-24,SANTANDER AEROPUERTO,CANTABRIA,3,152,152,101,22,1,0,71,1,48,22,65,9,17,1,2.5,-0.5,2024-01-20,25.7,2024-02-15
1109X,2017-18,SANTANDER AEROPUERTO,CANTABRIA,3,151,151,124,55,7,0,77,7,29,11,80,7,40,5,0.5,-1.5,2018-02-28,25.7,2017-11-01
1109X,2018-19,SANTANDER AEROPUERTO,CANTABRIA,3,151,151,132,54,5,3,81,5,42,17,50,7,53,3,0.4,-3.6,2019-01-04,27.1,2019-02-26
1109X,2019-20,SANTANDER AEROPUERTO,CANTABRIA,3,152,152,119,53,5,0,73,5,36,10,67,5,15,2,0.7,-0.9,2019-12-30,27.8,2020-02-03
1109X,2020-21,SANTANDER AEROPUERTO,CANTABRIA,3,151,151,119,44,3,0,73,3,47,29,61,13,28,2,1.1,-2.5,2021-01-08,30.2,2021-03-31
1109X,2021-22,SANTANDER AEROPUERTO,CANTABRIA,3,150,150,123,57,13,0,78,13,33,16,55,9,35,6,-1.4,-1.9,2022-01-15,23.5,2021-12-30
1109X,2022-23,SANTANDER AEROPUERTO,CANTABRIA,3,151,151,121,55,6,1,77,5,50,31,52,13,28,2,0.6,-3.1,2023-02-11,29.1,2023-03-29
1109X,2023-24,SANTANDER AEROPUERTO,CANTABRIA,3,152,152,112,38,4,0,76,4,48,24,65,9,22,2,1.0,-2.1,2024-01-20,26.3,2024-02-15
1109X,2024-25,SANTANDER AEROPUERTO,CANTABRIA,3,151,151,117,32,7,0,78,7,53,33,54,9,16,3,0.1,-2.1,2025-01-19,26.4,2024-11-01
1109X,2025-26,SANTANDER AEROPUERTO,CANTABRIA,3,149,149,120,28,1,0,76,1,43,22,75,7,15,1,2.2,-1.1,2026-01-01,27.5,2025-11-05
1111,2017-18,SANTANDER,CANTABRIA,52,151,151,112,16,1,0,72,1,18,7,82,4,41,1,3.8,-0.8,2018-02-28,23.7,2017-11-02
1111,2018-19,SANTANDER,CANTABRIA,52,151,151,99,6,0,0,64,0,22,12,50,4,53,0,5.2,3.6,2019-01-05,24.6,2019-02-26
1111,2019-20,SANTANDER,CANTABRIA,52,152,152,92,5,0,0,56,0,25,7,68,5,26,0,6.0,3.5,2020-03-31,26.3,2020-02-03
1111,2020-21,SANTANDER,CANTABRIA,52,151,151,86,14,0,0,59,0,38,21,57,8,28,0,4.0,2.5,2021-01-07,28.7,2021-03-31
1111,2021-22,SANTANDER,CANTABRIA,52,151,151,98,8,0,0,64,0,22,10,54,5,66,0,4.9,3.8,2022-01-23,23.3,2022-01-01
1111,2022-23,SANTANDER,CANTABRIA,52,151,151,75,13,0,0,59,0,41,22,57,12,30,0,4.3,2.5,2023-03-01,28.4,2023-03-29
1111,2023-24,SANTANDER,CANTABRIA,52,152,152,75,3,0,0,54,0,34,13,67,6,34,0,5.5,2.0,2024-01-20,24.7,2024-02-15
1111X,2017-18,SANTANDER,CANTABRIA,51,151,151,112,17,2,0,72,2,16,6,84,4,41,2,3.5,-0.9,2018-02-28,23.8,2017-11-02
1111X,2018-19,SANTANDER,CANTABRIA,51,151,151,102,5,0,0,66,0,23,12,51,4,53,0,5.8,3.7,2019-01-05,24.3,2019-02-26
1111X,2019-20,SANTANDER,CANTABRIA,51,152,152,92,5,0,0,57,0,26,8,69,5,26,0,6.1,3.3,2020-03-31,26.5,2020-02-03
1111X,2020-21,SANTANDER,CANTABRIA,51,151,151,87,11,0,0,59,0,35,19,56,5,28,0,4.2,2.4,2021-01-08,29.0,2021-03-31
1111X,2021-22,SANTANDER,CANTABRIA,51,151,151,97,5,0,0,64,0,22,10,55,5,73,0,5.2,4.2,2022-01-13,23.2,2022-01-01
1111X,2022-23,SANTANDER,CANTABRIA,51,151,151,74,12,0,0,57,0,42,20,56,12,30,0,4.5,3.1,2023-03-01,28.2,2023-03-29
1111X,2023-24,SANTANDER,CANTABRIA,51,149,149,73,4,0,0,53,0,31,12,68,6,34,0,5.4,2.1,2024-01-20,24.7,2024-02-15
1111X,2024-25,SANTANDER,CANTABRIA,51,151,151,81,6,0,0,59,0,41,20,53,8,16,0,5.3,3.9,2025-01-14,24.6,2024-11-24
1111X,2025-26,SANTANDER,CANTABRIA,51,151,151,86,5,0,0,61,0,28,12,80,7,47,0,5.5,4.2,2025-12-26,26.0,2025-11-05
1124E,2017-18,VILLACARRIEDO,CANTABRIA,196,151,151,142,92,22,3,89,19,12,6,86,5,43,7,-1.6,-4.4,2018-02-24,23.7,2017-11-01
1124E,2018-19,VILLACARRIEDO,CANTABRIA,196,151,151,141,89,19,4,86,16,28,18,46,7,53,6,-1.6,-5.3,2019-01-04,24.9,2019-02-26
1124E,2019-20,VILLACARRIEDO,CANTABRIA,196,152,152,137,72,14,0,83,13,27,8,61,4,24,5,-1.0,-2.3,2020-01-06,24.3,2020-02-03
1124E,2020-21,VILLACARRIEDO,CANTABRIA,196,151,151,127,69,12,2,78,9,36,18,63,5,35,4,-0.6,-4.3,2021-01-07,26.8,2021-03-31
1124E,2021-22,VILLACARRIEDO,CANTABRIA,196,151,151,136,74,25,5,83,25,30,11,59,7,29,6,-2.5,-4.1,2022-01-23,24.1,2021-12-30
1124E,2022-23,VILLACARRIEDO,CANTABRIA,196,150,150,128,68,15,3,77,14,45,21,55,8,42,6,-1.5,-3.4,2023-02-03,26.8,2023-03-28
1124E,2023-24,VILLACARRIEDO,CANTABRIA,196,152,152,129,62,8,1,82,8,36,19,66,7,35,2,-0.2,-3.6,2024-01-20,22.7,2024-02-15
1124E,2024-25,VILLACARRIEDO,CANTABRIA,196,151,151,123,60,15,3,77,13,39,25,63,9,23,8,-1.4,-4.7,2025-01-14,24.7,2024-11-05
1124E,2025-26,VILLACARRIEDO,CANTABRIA,196,137,136,116,58,7,0,72,5,30,15,55,6,27,2,-0.1,-2.4,2026-01-01,25.9,2025-11-05
1135C,2017-18,"LOS TOJOS, BÁRCENA MAYOR",CANTABRIA,460,151,151,149,130,54,7,90,36,6,3,86,2,104,7,-2.8,-4.5,2018-02-24,21.8,2017-11-22
1135C,2018-19,"LOS TOJOS, BÁRCENA MAYOR",CANTABRIA,460,151,151,151,134,46,6,90,36,26,14,43,4,88,7,-2.5,-5.8,2019-01-06,24.5,2019-03-16
1135C,2019-20,"LOS TOJOS, BÁRCENA MAYOR",CANTABRIA,460,152,152,150,125,35,1,91,30,27,12,57,5,24,14,-2.0,-3.5,2019-12-27,24.6,2020-02-03
1135C,2020-21,"LOS TOJOS, BÁRCENA MAYOR",CANTABRIA,460,151,151,147,116,35,4,89,30,28,12,53,5,36,7,-2.0,-5.6,2021-01-07,26.6,2021-03-31
1135C,2021-22,"LOS TOJOS, BÁRCENA MAYOR",CANTABRIA,460,151,151,151,124,43,15,90,39,19,7,61,4,49,10,-3.5,-4.8,2022-01-15,20.9,2022-03-15
1135C,2022-23,"LOS TOJOS, BÁRCENA MAYOR",CANTABRIA,460,139,139,134,108,30,5,76,26,37,17,44,6,22,5,-2.4,-4.7,2023-02-10,26.7,2023-03-28
1135C,2023-24,"LOS TOJOS, BÁRCENA MAYOR",CANTABRIA,460,152,152,145,107,29,4,89,25,38,21,62,8,25,5,-1.9,-5.9,2024-01-20,24.2,2024-01-28
1135C,2024-25,"LOS TOJOS, BÁRCENA MAYOR",CANTABRIA,460,151,151,148,99,27,4,90,23,27,15,57,8,34,7,-2.3,-5.7,2025-01-14,23.1,2025-03-31
1135C,2025-26,"LOS TOJOS, BÁRCENA MAYOR",CANTABRIA,460,150,150,146,120,31,2,90,27,27,13,61,6,63,4,-1.5,-3.5,2026-01-01,24.8,2026-03-17
1152C,2017-18,SAN FELICES DE BUELNA,CANTABRIA,105,150,150,143,91,13,1,89,12,23,11,80,5,34,7,-0.7,-3.2,2018-02-24,24.1,2017-11-01
1152C,2018-19,SAN FELICES DE BUELNA,CANTABRIA,105,148,148,143,83,13,3,86,13,39,23,48,7,48,6,-0.6,-5.1,2019-01-06,26.1,2019-02-26
1152C,2019-20,SAN FELICES DE BUELNA,CANTABRIA,105,149,149,138,70,8,0,86,8,38,17,48,5,18,5,-0.2,-1.2,2019-12-28,27.0,2020-02-03
1152C,2020-21,SAN FELICES DE BUELNA,CANTABRIA,105,151,151,131,68,8,0,81,7,49,27,62,10,28,3,-0.1,-3.0,2021-01-07,29.1,2021-03-31
1152C,2021-22,SAN FELICES DE BUELNA,CANTABRIA,105,150,150,135,70,19,0,85,19,40,22,43,8,28,7,-2.1,-3.0,2022-01-15,24.3,2021-12-30
1152C,2022-23,SAN FELICES DE BUELNA,CANTABRIA,105,151,151,137,70,13,0,84,12,57,29,53,9,40,6,-0.8,-2.6,2023-02-03,27.9,2023-03-29
1152C,2023-24,SAN FELICES DE BUELNA,CANTABRIA,105,152,152,127,63,7,1,83,7,50,24,60,8,34,3,0.6,-3.2,2024-01-20,25.5,2024-02-15
1152C,2024-25,SAN FELICES DE BUELNA,CANTABRIA,105,148,148,125,61,13,2,81,12,53,32,58,9,16,5,-0.7,-3.8,2025-01-14,26.5,2024-11-05
1152C,2025-26,SAN FELICES DE BUELNA,CANTABRIA,105,150,150,138,64,6,0,87,6,43,25,66,8,38,2,0.2,-1.5,2025-12-26,26.6,2025-11-05
1154H,2017-18,"TORRELAVEGA, SIERRAPANDO",CANTABRIA,110,148,148,131,53,3,0,82,3,21,7,84,5,35,2,1.5,-2.4,2018-02-28,23.8,2017-11-01
1154H,2018-19,"TORRELAVEGA, SIERRAPANDO",CANTABRIA,110,148,148,128,26,3,0,80,3,30,14,47,4,36,3,2.1,-1.3,2019-01-04,26.1,2019-02-26
1154H,2019-20,"TORRELAVEGA, SIERRAPANDO",CANTABRIA,110,150,150,126,29,0,0,75,0,24,11,65,3,22,0,2.8,1.9,2020-03-31,24.9,2020-02-02
1154H,2020-21,"TORRELAVEGA, SIERRAPANDO",CANTABRIA,110,151,151,115,30,2,0,75,2,47,23,59,10,26,2,2.2,-0.1,2021-01-07,29.6,2021-03-31
1154H,2021-22,"TORRELAVEGA, SIERRAPANDO",CANTABRIA,110,151,151,122,42,1,0,77,1,31,14,57,8,28,1,1.6,-0.6,2022-01-23,25.0,2021-12-30
1154H,2022-23,"TORRELAVEGA, SIERRAPANDO",CANTABRIA,110,150,150,106,34,0,0,74,0,50,24,52,13,28,0,1.4,0.8,2023-02-03,28.3,2023-03-29
1154H,2023-24,"TORRELAVEGA, SIERRAPANDO",CANTABRIA,110,152,152,110,24,1,0,73,1,39,18,66,7,34,1,3.9,-0.2,2024-01-20,25.9,2024-02-15
1154H,2024-25,"TORRELAVEGA, SIERRAPANDO",CANTABRIA,110,151,151,107,24,3,0,73,3,50,26,59,9,16,3,2.9,-0.4,2025-01-14,25.1,2024-11-03
1154H,2025-26,"TORRELAVEGA, SIERRAPANDO",CANTABRIA,110,151,151,117,21,0,0,75,0,42,22,71,8,25,0,3.1,0.7,2026-01-01,27.5,2026-02-24
1159,2017-18,SAN VICENTE DE LA BARQUERA,CANTABRIA,38,151,151,136,54,5,0,85,5,15,7,77,3,39,3,1.0,-1.8,2018-02-28,24.5,2017-11-22
1159,2018-19,SAN VICENTE DE LA BARQUERA,CANTABRIA,38,151,151,144,40,3,0,86,3,17,4,48,3,56,3,1.5,-1.6,2019-01-04,21.4,2019-03-03
1159,2019-20,SAN VICENTE DE LA BARQUERA,CANTABRIA,38,151,151,128,28,0,0,77,0,26,15,60,3,23,0,3.0,1.9,2020-03-31,24.2,2020-02-03
1159,2020-21,SAN VICENTE DE LA BARQUERA,CANTABRIA,38,150,150,118,30,0,0,74,0,42,17,58,14,27,0,3.1,0.1,2021-01-08,25.8,2021-03-31
1159,2021-22,SAN VICENTE DE LA BARQUERA,CANTABRIA,38,151,151,122,38,0,0,80,0,20,8,57,4,39,0,1.9,0.0,2022-01-23,23.1,2021-12-22
1159,2022-23,SAN VICENTE DE LA BARQUERA,CANTABRIA,38,148,148,110,32,0,0,73,0,38,22,52,12,31,0,1.8,0.1,2023-02-11,30.5,2023-03-29
1159,2023-24,SAN VICENTE DE LA BARQUERA,CANTABRIA,38,152,152,112,17,1,0,77,1,35,17,54,5,23,1,3.9,-0.1,2024-01-20,27.6,2024-02-15
1159,2024-25,SAN VICENTE DE LA BARQUERA,CANTABRIA,38,151,151,113,20,0,0,78,0,47,28,53,9,16,0,3.0,0.1,2025-01-14,25.7,2024-11-24
1159,2025-26,SAN VICENTE DE LA BARQUERA,CANTABRIA,38,151,151,125,16,0,0,79,0,42,18,54,8,13,0,3.8,0.2,2025-12-26,28.3,2025-11-12
1167B,2017-18,"CAMALEÑO, FUENTE DE",CANTABRIA,1100,148,148,148,132,69,17,88,48,2,0,79,2,55,12,-4.7,-6.8,2018-02-27,18.2,2017-11-21
1167B,2018-19,"CAMALEÑO, FUENTE DE",CANTABRIA,1100,149,149,149,123,33,5,89,23,14,4,44,4,42,5,-2.7,-5.6,2019-02-03,21.6,2019-02-25
1167B,2019-20,"CAMALEÑO, FUENTE DE",CANTABRIA,1100,147,147,145,117,28,1,87,16,11,6,66,3,26,5,-2.1,-4.4,2020-03-31,22.5,2020-03-11
1167B,2020-21,"CAMALEÑO, FUENTE DE",CANTABRIA,1100,149,149,146,114,42,17,90,34,11,5,52,4,103,24,-5.1,-8.6,2021-01-08,22.4,2021-03-31
1167B,2021-22,"CAMALEÑO, FUENTE DE",CANTABRIA,1100,148,148,147,123,41,4,87,27,6,3,56,2,37,8,-2.0,-5.2,2022-01-22,23.0,2022-02-02
1167B,2022-23,"CAMALEÑO, FUENTE DE",CANTABRIA,1100,149,149,145,108,47,17,87,39,8,4,58,3,73,13,-4.6,-7.6,2023-03-01,21.8,2023-03-28
1167B,2023-24,"CAMALEÑO, FUENTE DE",CANTABRIA,1100,151,151,151,102,27,4,91,21,19,8,71,6,65,7,-1.8,-6.4,2024-01-20,24.6,2024-03-22
1167B,2024-25,"CAMALEÑO, FUENTE DE",CANTABRIA,1100,148,148,148,108,41,4,88,30,5,1,61,2,44,8,-2.5,-3.9,2025-01-31,23.6,2025-03-31
1167B,2025-26,"CAMALEÑO, FUENTE DE",CANTABRIA,1100,149,149,145,125,42,9,87,33,10,2,77,4,79,5,-3.8,-6.6,2025-12-26,22.9,2026-03-17
1167G,2020-21,"MIRADOR DEL CABLE, PARQUE NACIONAL PICOS DE EUROPA",CANTABRIA,1910,147,147,147,140,89,56,86,64,0,0,36,0,113,21,-9.2,-12.2,2021-01-09,14.2,2021-03-31
1167G,2023-24,"MIRADOR DEL CABLE, PARQUE NACIONAL PICOS DE EUROPA",CANTABRIA,1910,143,143,142,131,72,50,81,41,0,0,0,0,80,20,-6.8,-9.8,2024-01-19,16.8,2024-03-22
1167G,2024-25,"MIRADOR DEL CABLE, PARQUE NACIONAL PICOS DE EUROPA",CANTABRIA,1910,149,149,149,135,83,45,88,53,0,0,0,0,58,11,-7.0,-9.5,2025-03-14,15.7,2025-03-31
1167G,2025-26,"MIRADOR DEL CABLE, PARQUE NACIONAL PICOS DE EUROPA",CANTABRIA,1910,150,150,150,145,104,62,89,70,0,0,0,0,90,38,-7.6,-10.5,2026-01-04,13.7,2026-03-17
1167J,2020-21,"CORISCAO, PARQUE NACIONAL PICOS DE EUROPA",CANTABRIA,1722,144,144,144,129,74,40,84,52,0,0,40,0,81,21,-7.9,-10.3,2021-01-08,15.1,2021-03-31
1167J,2023-24,"CORISCAO, PARQUE NACIONAL PICOS DE EUROPA",CANTABRIA,1722,146,146,144,112,64,33,89,39,0,0,0,0,146,20,-5.7,-10.6,2024-01-19,16.7,2024-03-22
1167J,2024-25,"CORISCAO, PARQUE NACIONAL PICOS DE EUROPA",CANTABRIA,1722,150,150,150,131,75,28,90,47,0,0,0,0,150,10,-5.4,-8.0,2025-03-14,13.3,2024-11-07
1174I,2017-18,"CILLORIGO DE LIÉBANA, TAMA",CANTABRIA,250,150,150,148,122,37,5,90,28,19,8,77,3,36,7,-2.2,-4.6,2018-02-24,25.0,2017-11-01
1174I,2018-19,"CILLORIGO DE LIÉBANA, TAMA",CANTABRIA,250,147,147,145,127,47,12,90,40,37,23,27,8,40,10,-4.0,-7.3,2019-01-06,27.3,2019-03-16
1174I,2019-20,"CILLORIGO DE LIÉBANA, TAMA",CANTABRIA,250,152,152,145,106,26,8,87,24,42,24,48,4,21,8,-2.9,-4.1,2020-01-12,25.5,2020-02-03
1174I,2020-21,"CILLORIGO DE LIÉBANA, TAMA",CANTABRIA,250,151,151,145,101,24,7,89,19,39,28,47,10,35,9,-2.3,-5.2,2021-01-07,28.3,2021-03-31
1174I,2021-22,"CILLORIGO DE LIÉBANA, TAMA",CANTABRIA,250,151,151,146,112,46,18,87,44,36,14,44,7,31,20,-4.6,-5.7,2022-01-15,24.5,2021-12-31
1174I,2022-23,"CILLORIGO DE LIÉBANA, TAMA",CANTABRIA,250,148,148,134,102,35,7,80,30,56,36,43,9,24,10,-2.4,-4.9,2023-02-11,29.4,2023-03-28
1174I,2023-24,"CILLORIGO DE LIÉBANA, TAMA",CANTABRIA,250,150,150,136,98,25,9,86,22,53,32,43,9,14,7,-3.7,-6.3,2024-01-20,25.1,2024-01-28
1174I,2024-25,"CILLORIGO DE LIÉBANA, TAMA",CANTABRIA,250,151,151,142,100,32,7,87,30,48,22,44,10,14,8,-2.7,-5.7,2025-01-14,25.3,2025-03-31
1174I,2025-26,"CILLORIGO DE LIÉBANA, TAMA",CANTABRIA,250,147,147,140,99,26,1,85,23,42,26,48,8,27,8,-1.1,-3.5,2025-12-26,26.1,2025-11-05
1176A,2017-18,TRESVISO,CANTABRIA,940,151,151,145,110,32,6,89,23,4,0,72,3,129,9,-2.5,-7.0,2018-02-28,19.0,2017-11-22
1176A,2018-19,TRESVISO,CANTABRIA,940,151,151,142,89,9,0,84,9,10,4,39,3,77,3,-0.3,-2.7,2019-01-07,21.8,2019-02-26
1176A,2019-20,TRESVISO,CANTABRIA,940,151,151,141,88,9,0,82,4,8,2,55,2,54,3,-0.2,-2.6,2020-03-31,21.4,2020-02-03
1176A,2020-21,TRESVISO,CANTABRIA,940,151,151,140,85,24,2,89,23,8,3,62,4,129,18,-2.0,-4.1,2021-01-08,23.7,2021-03-31
1176A,2021-22,TRESVISO,CANTABRIA,940,151,151,145,93,10,0,84,5,6,2,61,3,52,2,-0.3,-2.9,2022-01-22,22.8,2021-12-30
1176A,2022-23,TRESVISO,CANTABRIA,940,149,149,139,68,25,1,87,23,10,3,50,3,51,5,-1.9,-3.2,2023-01-30,23.4,2023-03-29
1176A,2023-24,TRESVISO,CANTABRIA,940,151,151,138,75,12,2,81,9,15,4,67,3,65,5,-0.3,-4.3,2024-01-20,21.6,2024-01-27
1176A,2024-25,TRESVISO,CANTABRIA,940,151,151,138,82,10,0,89,4,11,1,60,3,120,5,-0.2,-1.7,2025-03-14,20.5,2024-11-07
1176A,2025-26,TRESVISO,CANTABRIA,940,151,151,142,98,12,1,89,11,11,3,73,4,102,5,-0.3,-3.2,2026-01-04,20.9,2026-02-26
1178R,2020-21,"SOTRES, PARQUE NACIONAL PICOS DE EUROPA",ASTURIAS,1236,145,145,141,111,60,21,90,43,2,1,55,1,119,24,-5.4,-8.8,2021-01-06,21.0,2021-03-31
1178R,2023-24,"SOTRES, PARQUE NACIONAL PICOS DE EUROPA",ASTURIAS,1236,133,133,130,81,31,5,88,25,5,0,63,1,66,8,-2.6,-6.3,2024-01-19,19.8,2024-03-22
1178R,2024-25,"SOTRES, PARQUE NACIONAL PICOS DE EUROPA",ASTURIAS,1236,151,151,148,106,40,5,90,27,1,0,59,1,150,8,-2.5,-4.5,2025-02-08,19.7,2025-03-31
1178R,2025-26,"SOTRES, PARQUE NACIONAL PICOS DE EUROPA",ASTURIAS,1236,151,151,150,123,48,9,90,35,1,0,66,1,136,7,-3.3,-5.5,2025-12-25,18.7,2026-03-17
1178Y,2017-18,"POSADA DE VALDEÓN, SOTO ",LEON,953,151,151,151,144,78,21,90,55,0,0,94,0,151,15,-5.4,-6.8,2018-02-23,17.8,2017-11-01
1178Y,2018-19,"POSADA DE VALDEÓN, SOTO ",LEON,953,151,151,151,147,58,13,90,42,5,1,50,3,116,23,-4.0,-6.4,2019-01-07,20.2,2019-03-16
1178Y,2019-20,"POSADA DE VALDEÓN, SOTO ",LEON,953,152,152,151,141,44,3,91,36,3,1,66,1,94,9,-2.3,-3.9,2020-02-19,21.0,2020-02-24
1178Y,2020-21,"POSADA DE VALDEÓN, SOTO ",LEON,953,151,151,151,131,46,14,90,40,7,2,63,4,129,27,-6.3,-10.1,2021-01-08,22.7,2021-03-31
1178Y,2021-22,"POSADA DE VALDEÓN, SOTO ",LEON,953,151,151,151,138,62,20,90,41,3,0,48,1,99,28,-4.0,-5.5,2022-01-22,18.6,2022-03-15
1178Y,2022-23,"POSADA DE VALDEÓN, SOTO ",LEON,953,151,151,151,131,60,21,90,50,5,3,59,2,131,19,-5.5,-7.1,2023-01-30,22.6,2023-03-28
1178Y,2023-24,"POSADA DE VALDEÓN, SOTO ",LEON,953,152,152,152,132,45,5,91,34,9,2,68,2,66,6,-1.9,-6.6,2024-01-20,20.2,2023-11-18
1178Y,2024-25,"POSADA DE VALDEÓN, SOTO ",LEON,953,151,151,151,125,48,7,90,37,2,1,61,1,148,9,-3.0,-4.9,2025-02-08,22.0,2025-03-31
1178Y,2025-26,"POSADA DE VALDEÓN, SOTO ",LEON,953,149,149,149,136,45,7,89,34,9,1,37,4,76,8,-3.0,-6.6,2025-12-26,23.2,2026-03-17
1179B,2017-18,CABRALES,ASTURIAS,458,151,151,142,98,15,2,87,14,19,7,79,5,23,7,-0.6,-4.2,2018-02-28,22.9,2017-11-22
1179B,2018-19,CABRALES,ASTURIAS,458,150,150,144,65,1,0,87,1,32,20,46,7,37,1,1.1,-0.6,2019-01-04,25.4,2019-02-26
1179B,2019-20,CABRALES,ASTURIAS,458,137,137,128,53,2,0,84,0,34,10,57,5,21,2,1.4,-0.5,2020-03-31,26.0,2020-02-03
1179B,2020-21,CABRALES,ASTURIAS,458,151,151,131,64,9,0,82,9,33,17,56,5,34,6,-0.2,-2.3,2021-01-07,26.9,2021-03-31
1179B,2021-22,CABRALES,ASTURIAS,458,151,151,141,74,2,0,83,2,28,13,56,10,35,1,0.8,-0.3,2022-01-13,22.9,2021-12-31
1179B,2022-23,CABRALES,ASTURIAS,458,151,151,133,61,8,0,85,8,45,22,50,12,31,2,-0.1,-1.2,2023-01-30,27.1,2023-03-29
1179B,2023-24,CABRALES,ASTURIAS,458,143,143,121,43,1,0,80,1,33,19,55,6,23,1,1.6,-2.1,2024-01-20,24.5,2024-01-28
1179B,2024-25,CABRALES,ASTURIAS,458,151,151,126,61,2,0,84,2,44,22,56,8,19,2,1.2,-2.0,2025-01-14,24.0,2024-11-07
1179B,2025-26,CABRALES,ASTURIAS,458,151,151,135,60,4,0,82,4,29,18,69,5,54,2,0.8,-1.1,2025-12-26,25.4,2026-02-24
1183X,2017-18,LLANES,ASTURIAS,10,151,151,122,19,1,0,76,1,22,7,76,3,39,1,3.5,-0.4,2018-02-28,25.0,2017-11-22
1183X,2018-19,LLANES,ASTURIAS,10,151,151,122,7,0,0,78,0,10,1,44,3,54,0,5.2,2.4,2019-01-05,22.0,2019-03-03
1183X,2019-20,LLANES,ASTURIAS,10,152,152,108,7,0,0,70,0,23,8,67,4,21,0,5.1,3.6,2020-03-31,21.2,2020-01-16
1183X,2020-21,LLANES,ASTURIAS,10,151,151,106,17,0,0,69,0,37,17,63,13,27,0,4.5,1.6,2021-01-07,25.3,2021-03-31
1183X,2021-22,LLANES,ASTURIAS,10,151,151,112,14,0,0,71,0,16,9,54,4,74,0,4.2,2.7,2022-01-23,21.9,2021-12-22
1183X,2022-23,LLANES,ASTURIAS,10,151,151,94,17,0,0,69,0,40,15,54,9,31,0,4.0,2.9,2023-01-23,29.2,2023-03-29
1183X,2023-24,LLANES,ASTURIAS,10,152,152,96,2,0,0,67,0,32,11,65,5,25,0,5.7,3.3,2024-01-20,26.5,2024-02-15
1183X,2024-25,LLANES,ASTURIAS,10,140,140,97,11,0,0,68,0,28,11,43,6,25,0,4.4,1.6,2025-01-14,27.2,2024-11-24
1183X,2025-26,LLANES,ASTURIAS,10,149,149,114,14,0,0,73,0,23,9,65,7,42,0,4.5,1.6,2025-12-26,23.9,2025-11-13
1186P,2017-18,"AMIEVA, PANIZALES",ASTURIAS,370,151,151,141,102,11,1,87,11,17,8,66,4,35,7,-0.2,-3.2,2018-02-28,24.2,2017-11-01
1186P,2018-19,"AMIEVA, PANIZALES",ASTURIAS,370,144,144,130,71,7,0,74,7,34,21,44,7,52,3,0.1,-2.6,2019-01-07,25.6,2019-02-26
1186P,2019-20,"AMIEVA, PANIZALES",ASTURIAS,370,152,152,141,70,3,0,84,3,39,22,60,4,24,1,0.6,-0.9,2019-12-27,26.4,2020-02-03
1186P,2020-21,"AMIEVA, PANIZALES",ASTURIAS,370,151,151,127,73,11,1,78,9,40,25,61,5,34,4,-0.8,-3.9,2021-01-08,28.6,2021-03-31
1186P,2021-22,"AMIEVA, PANIZALES",ASTURIAS,370,151,151,139,84,21,0,82,20,33,18,47,9,35,11,-1.1,-2.5,2022-01-22,26.8,2021-12-30
1186P,2022-23,"AMIEVA, PANIZALES",ASTURIAS,370,151,151,125,60,6,0,78,5,58,34,53,13,29,2,0.1,-0.9,2023-02-07,28.0,2023-03-28
1186P,2023-24,"AMIEVA, PANIZALES",ASTURIAS,370,142,142,123,56,6,1,80,6,43,23,66,9,17,2,0.4,-3.1,2024-01-20,24.6,2024-01-28
1186P,2024-25,"AMIEVA, PANIZALES",ASTURIAS,370,150,150,118,59,4,0,75,3,51,19,56,9,22,3,0.6,-2.2,2025-01-14,25.2,2024-11-01
1186P,2025-26,"AMIEVA, PANIZALES",ASTURIAS,370,151,151,132,57,3,0,78,3,40,20,62,7,51,2,1.0,-1.4,2025-12-25,26.0,2026-02-25
1199X,2017-18,"PILOÑA, BARGAÉU",ASTURIAS,280,150,150,142,106,25,1,87,20,20,10,81,4,35,4,-1.4,-3.2,2018-02-28,23.5,2017-11-22
1199X,2018-19,"PILOÑA, BARGAÉU",ASTURIAS,280,143,143,141,95,15,2,83,15,35,21,48,7,45,6,-1.8,-4.3,2019-01-05,24.4,2019-02-27
1199X,2019-20,"PILOÑA, BARGAÉU",ASTURIAS,280,151,151,144,78,16,0,86,16,36,11,59,5,24,5,-1.0,-2.3,2020-01-12,27.0,2020-02-03
1199X,2020-21,"PILOÑA, BARGAÉU",ASTURIAS,280,150,150,138,79,14,4,84,12,39,22,65,5,28,4,-1.9,-4.9,2021-01-07,27.9,2021-03-31
1199X,2021-22,"PILOÑA, BARGAÉU",ASTURIAS,280,149,149,146,85,17,1,87,17,29,17,59,9,28,7,-2.2,-3.6,2022-01-23,23.1,2021-12-28
1199X,2022-23,"PILOÑA, BARGAÉU",ASTURIAS,280,149,149,137,80,21,4,84,19,55,30,56,10,30,6,-1.7,-4.7,2023-02-11,28.1,2023-03-29
1199X,2023-24,"PILOÑA, BARGAÉU",ASTURIAS,280,150,150,129,66,12,1,84,11,43,17,64,6,19,4,-0.8,-3.8,2024-01-20,23.8,2024-02-15
1199X,2024-25,"PILOÑA, BARGAÉU",ASTURIAS,280,151,151,136,65,13,2,85,12,44,23,62,9,16,6,-1.4,-4.3,2025-01-15,25.5,2024-11-24
1199X,2025-26,"PILOÑA, BARGAÉU",ASTURIAS,280,147,147,139,72,11,0,84,9,39,16,71,6,32,2,-0.4,-3.0,2025-12-26,26.2,2026-02-24
1203D,2017-18,COLUNGA,ASTURIAS,30,151,151,133,50,3,0,82,3,28,10,79,4,20,2,2.0,-1.5,2018-02-23,26.0,2017-11-22
1203D,2018-19,COLUNGA,ASTURIAS,30,151,151,141,34,1,0,86,1,24,8,30,2,39,1,2.4,-0.4,2019-01-06,25.0,2019-03-03
1203D,2019-20,COLUNGA,ASTURIAS,30,152,152,130,26,0,0,82,0,25,10,68,4,23,0,3.3,0.6,2019-12-30,24.4,2019-11-01
1203D,2020-21,COLUNGA,ASTURIAS,30,151,151,128,29,1,0,81,1,27,14,62,4,28,1,3.0,-0.9,2021-01-08,24.9,2020-11-06
1203D,2021-22,COLUNGA,ASTURIAS,30,151,151,135,37,0,0,82,0,16,6,42,4,42,0,2.4,0.3,2022-01-14,22.6,2021-12-22
1203D,2022-23,COLUNGA,ASTURIAS,30,151,151,125,33,0,0,79,0,35,14,56,4,38,0,2.0,0.4,2023-02-10,24.8,2022-12-30
1203D,2023-24,COLUNGA,ASTURIAS,30,152,152,117,27,1,0,80,1,26,14,67,4,22,1,3.5,-0.4,2024-01-20,24.5,2024-02-15
1203D,2024-25,COLUNGA,ASTURIAS,30,151,151,121,18,0,0,81,0,40,22,65,9,24,0,3.5,0.5,2025-01-14,27.5,2024-11-24
1203D,2025-26,COLUNGA,ASTURIAS,30,151,151,132,24,1,0,83,1,28,15,71,6,25,1,3.5,-0.1,2025-12-26,27.0,2026-02-24
1207U,2017-18,"GIJÓN, CAMPUS",ASTURIAS,26,151,151,139,83,8,0,86,7,32,15,83,8,20,3,0.0,-1.9,2018-02-23,24.7,2017-11-22
1207U,2018-19,"GIJÓN, CAMPUS",ASTURIAS,26,151,151,145,76,7,2,86,7,33,13,49,7,54,5,0.2,-3.4,2019-01-05,25.4,2019-03-03
1207U,2019-20,"GIJÓN, CAMPUS",ASTURIAS,26,124,124,111,52,7,0,72,7,22,6,45,3,11,3,-0.2,-1.4,2019-12-29,22.4,2020-02-02
1207U,2020-21,"GIJÓN, CAMPUS",ASTURIAS,26,151,151,133,61,10,0,81,9,36,25,66,4,28,4,-0.6,-2.7,2021-01-07,27.5,2021-03-31
1207U,2021-22,"GIJÓN, CAMPUS",ASTURIAS,26,151,151,142,64,12,0,84,12,27,14,52,5,35,6,-0.7,-1.9,2022-01-15,23.0,2021-12-28
1207U,2022-23,"GIJÓN, CAMPUS",ASTURIAS,26,150,150,133,67,11,0,81,10,50,28,53,8,24,5,-1.0,-2.1,2023-02-11,24.7,2022-11-13
1207U,2024-25,"GIJÓN, CAMPUS",ASTURIAS,26,125,125,107,39,6,0,72,6,40,19,43,6,16,3,0.1,-1.9,2025-01-19,26.4,2024-11-24
1208H,2017-18,"GIJÓN, PUERTO",ASTURIAS,5,151,151,120,15,0,0,76,0,31,12,80,5,20,0,3.7,0.0,2018-02-28,25.2,2017-11-22
1208H,2018-19,"GIJÓN, PUERTO",ASTURIAS,5,151,151,110,6,0,0,69,0,29,9,50,4,46,0,5.2,3.2,2019-01-05,23.8,2019-03-03
1208H,2019-20,"GIJÓN, PUERTO",ASTURIAS,5,152,152,95,5,0,0,62,0,32,12,70,5,23,0,5.4,2.6,2019-12-30,25.2,2019-11-01
1208H,2020-21,"GIJÓN, PUERTO",ASTURIAS,5,151,151,93,16,0,0,64,0,37,19,65,5,32,0,4.0,2.1,2021-01-07,23.8,2020-11-06
1208H,2021-22,"GIJÓN, PUERTO",ASTURIAS,5,151,151,103,9,0,0,66,0,23,11,50,5,35,0,4.9,3.4,2022-01-23,23.4,2022-01-01
1208H,2022-23,"GIJÓN, PUERTO",ASTURIAS,5,151,151,83,13,0,0,63,0,49,22,52,13,30,0,4.2,3.1,2023-01-23,25.2,2023-03-10
1208H,2023-24,"GIJÓN, PUERTO",ASTURIAS,5,152,152,83,3,0,0,57,0,38,19,67,9,19,0,5.7,1.7,2024-01-20,24.9,2024-02-15
1208H,2024-25,"GIJÓN, PUERTO",ASTURIAS,5,151,151,86,5,0,0,61,0,43,21,60,10,18,0,5.4,3.0,2025-01-14,26.8,2024-11-24
1208H,2025-26,"GIJÓN, PUERTO",ASTURIAS,5,151,151,107,5,0,0,73,0,39,19,74,7,20,0,5.5,3.2,2025-12-26,25.2,2025-11-12
1210X,2017-18,CABO PEÑAS,ASTURIAS,100,137,137,118,26,1,0,77,1,10,4,69,3,58,1,3.3,-1.3,2018-02-28,24.0,2017-11-22
1210X,2020-21,CABO PEÑAS,ASTURIAS,100,147,147,86,11,0,0,62,0,25,10,57,3,31,0,4.2,1.9,2021-01-09,22.2,2020-11-06
1210X,2021-22,CABO PEÑAS,ASTURIAS,100,138,138,93,3,0,0,64,0,14,4,48,5,74,0,5.4,4.6,2021-12-08,22.5,2022-01-01
1210X,2022-23,CABO PEÑAS,ASTURIAS,100,142,142,64,5,0,0,49,0,34,12,55,7,26,0,5.5,3.4,2023-03-01,23.7,2022-12-31
1210X,2024-25,CABO PEÑAS,ASTURIAS,100,151,151,80,2,0,0,58,0,31,11,56,6,24,0,5.9,4.5,2025-03-14,25.2,2024-11-24
1210X,2025-26,CABO PEÑAS,ASTURIAS,100,151,151,97,3,0,0,65,0,19,7,67,5,34,0,5.9,3.9,2026-01-06,24.7,2025-11-12
1212E,2017-18,ASTURIAS AEROPUERTO,ASTURIAS,127,150,150,133,54,2,0,81,2,22,8,79,4,21,1,1.8,-2.2,2018-02-28,24.1,2017-11-22
1212E,2018-19,ASTURIAS AEROPUERTO,ASTURIAS,127,150,150,137,34,3,0,82,3,29,10,46,7,41,2,1.6,-1.4,2019-01-04,25.3,2019-03-03
1212E,2019-20,ASTURIAS AEROPUERTO,ASTURIAS,127,152,152,124,32,0,0,76,0,24,9,71,5,23,0,3.2,1.3,2020-03-31,24.2,2019-11-01
1212E,2020-21,ASTURIAS AEROPUERTO,ASTURIAS,127,147,147,121,32,1,0,77,1,29,14,67,5,29,1,2.0,-0.6,2021-01-08,26.2,2021-03-31
1212E,2021-22,ASTURIAS AEROPUERTO,ASTURIAS,127,150,150,130,34,0,0,78,0,18,8,52,5,37,0,2.7,0.5,2022-01-23,21.3,2022-01-01
1212E,2022-23,ASTURIAS AEROPUERTO,ASTURIAS,127,150,150,110,41,0,0,76,0,38,18,56,8,30,0,1.8,0.5,2023-01-23,24.1,2023-03-29
1212E,2023-24,ASTURIAS AEROPUERTO,ASTURIAS,127,152,152,105,21,1,0,71,1,30,17,66,6,21,1,3.6,-0.5,2024-01-20,23.9,2023-11-13
1212E,2024-25,ASTURIAS AEROPUERTO,ASTURIAS,127,151,151,114,24,1,0,77,1,31,11,63,8,24,1,3.1,-0.2,2025-01-14,24.9,2024-11-24
1212E,2025-26,ASTURIAS AEROPUERTO,ASTURIAS,127,150,150,127,21,0,0,81,0,22,8,74,6,34,0,3.6,0.6,2025-12-26,23.7,2025-11-12
1221D,2017-18,PAJARES-VALGRANDE,ASTURIAS,1480,150,150,150,142,91,49,90,55,0,0,71,0,129,17,-5.4,-10.3,2018-03-22,15.0,2017-11-20
1221D,2018-19,PAJARES-VALGRANDE,ASTURIAS,1480,139,139,139,129,57,11,81,32,0,0,28,0,67,7,-3.8,-7.7,2019-02-03,15.2,2018-12-31
1221D,2019-20,PAJARES-VALGRANDE,ASTURIAS,1480,141,141,141,127,59,12,85,30,0,0,51,0,86,10,-3.6,-5.5,2020-03-30,17.7,2020-03-11
1221D,2020-21,PAJARES-VALGRANDE,ASTURIAS,1480,151,151,151,137,72,32,90,52,0,0,75,0,151,25,-6.0,-10.6,2021-01-07,16.3,2021-03-31
1221D,2021-22,PAJARES-VALGRANDE,ASTURIAS,1480,151,151,151,142,70,17,90,38,0,0,67,0,151,15,-4.3,-7.1,2022-01-22,16.0,2022-02-02
1221D,2022-23,PAJARES-VALGRANDE,ASTURIAS,1480,145,145,145,128,56,31,85,42,0,0,65,0,76,13,-6.9,-9.3,2023-01-30,16.6,2023-03-28
1221D,2023-24,PAJARES-VALGRANDE,ASTURIAS,1480,150,150,150,132,66,19,91,39,0,0,68,0,123,19,-5.0,-8.9,2024-01-12,17.7,2024-03-22
1221D,2024-25,PAJARES-VALGRANDE,ASTURIAS,1480,151,151,151,130,69,17,90,47,1,0,74,1,150,12,-4.0,-8.4,2025-03-16,18.2,2025-03-31
1221D,2025-26,PAJARES-VALGRANDE,ASTURIAS,1480,141,141,141,129,80,25,85,54,0,0,86,0,75,12,-5.5,-8.3,2025-12-25,14.2,2026-02-22
1223P,2017-18,"LENA, RONZÓN",ASTURIAS,370,149,149,143,116,26,1,88,20,13,7,80,4,39,6,-1.7,-3.6,2018-02-24,23.0,2017-11-01
1223P,2018-19,"LENA, RONZÓN",ASTURIAS,370,151,151,147,105,21,6,87,21,31,16,45,7,39,9,-2.5,-5.0,2019-01-07,25.7,2019-03-16
1223P,2019-20,"LENA, RONZÓN",ASTURIAS,370,149,149,142,93,18,0,84,16,35,16,48,4,22,4,-1.3,-2.7,2020-01-01,24.1,2020-02-03
1223P,2020-21,"LENA, RONZÓN",ASTURIAS,370,151,151,134,91,20,6,82,17,31,19,58,4,35,7,-2.0,-4.7,2021-01-08,26.7,2021-03-31
1223P,2021-22,"LENA, RONZÓN",ASTURIAS,370,151,151,141,100,31,5,84,29,21,12,44,8,36,19,-2.5,-3.9,2022-01-23,23.2,2021-12-30
1223P,2022-23,"LENA, RONZÓN",ASTURIAS,370,151,151,132,86,24,4,83,20,39,22,46,7,47,6,-2.5,-3.7,2023-02-11,27.4,2023-03-29
1223P,2023-24,"LENA, RONZÓN",ASTURIAS,370,152,152,140,86,16,3,86,16,44,23,56,7,21,4,-1.4,-4.4,2024-01-20,23.7,2024-03-18
1223P,2024-25,"LENA, RONZÓN",ASTURIAS,370,151,151,130,79,21,3,80,19,28,16,52,8,34,7,-1.7,-4.0,2025-01-15,23.4,2024-11-06
1223P,2025-26,"LENA, RONZÓN",ASTURIAS,370,151,151,135,81,11,0,81,9,31,14,68,6,64,3,-0.5,-2.8,2025-12-26,25.5,2026-03-17
1226X,2017-18,"ALLER, FELECHOSA",ASTURIAS,750,151,151,149,132,39,7,90,28,2,0,89,1,129,8,-2.8,-4.3,2018-02-28,19.6,2017-11-01
1226X,2018-19,"ALLER, FELECHOSA",ASTURIAS,750,133,133,131,107,22,6,88,22,13,6,47,4,91,16,-2.4,-4.2,2019-01-02,21.2,2019-02-26
1226X,2019-20,"ALLER, FELECHOSA",ASTURIAS,750,152,152,148,115,19,0,89,13,17,8,63,3,66,3,-0.9,-2.2,2020-01-05,22.7,2020-02-24
1226X,2020-21,"ALLER, FELECHOSA",ASTURIAS,750,151,151,144,108,26,9,88,22,15,9,65,4,70,17,-3.8,-7.2,2021-01-08,25.1,2021-03-31
1226X,2021-22,"ALLER, FELECHOSA",ASTURIAS,750,142,142,139,109,28,2,87,23,14,2,51,3,48,9,-1.9,-4.0,2022-01-22,22.5,2021-12-30
1226X,2022-23,"ALLER, FELECHOSA",ASTURIAS,750,149,149,140,99,32,5,84,27,16,7,46,5,65,14,-2.7,-4.8,2023-01-23,24.4,2023-03-28
1226X,2023-24,"ALLER, FELECHOSA",ASTURIAS,750,152,152,149,101,14,3,91,12,19,9,63,4,65,2,-0.8,-4.7,2024-01-20,22.5,2024-03-21
1226X,2024-25,"ALLER, FELECHOSA",ASTURIAS,750,151,151,149,95,19,0,89,16,13,3,60,6,80,7,-1.0,-2.0,2025-02-08,23.7,2025-03-31
1226X,2025-26,"ALLER, FELECHOSA",ASTURIAS,750,151,151,145,110,17,1,88,14,19,7,70,6,94,3,-1.1,-3.2,2025-12-26,24.2,2026-03-17
1234P,2017-18,"MIERES, BAIÑA",ASTURIAS,170,151,151,143,93,4,0,88,4,31,14,79,4,22,2,0.3,-1.5,2018-02-28,23.4,2017-11-01
1234P,2018-19,"MIERES, BAIÑA",ASTURIAS,170,149,149,146,89,14,3,87,14,42,26,43,7,32,9,-1.0,-4.3,2019-01-06,26.3,2019-02-26
1234P,2019-20,"MIERES, BAIÑA",ASTURIAS,170,151,151,140,55,8,0,85,8,48,26,62,5,13,2,0.0,-2.0,2020-01-02,26.9,2020-02-03
1234P,2020-21,"MIERES, BAIÑA",ASTURIAS,170,151,151,133,63,9,0,81,8,51,30,55,10,24,3,-0.6,-1.9,2021-01-08,29.2,2021-03-31
1234P,2021-22,"MIERES, BAIÑA",ASTURIAS,170,151,151,143,74,16,0,84,16,40,19,46,9,23,6,-0.9,-2.4,2022-01-23,24.9,2021-12-28
1234P,2022-23,"MIERES, BAIÑA",ASTURIAS,170,149,149,134,72,14,0,81,13,63,37,49,13,18,6,-0.9,-2.7,2023-02-11,29.4,2023-03-29
1234P,2023-24,"MIERES, BAIÑA",ASTURIAS,170,150,150,125,61,8,0,83,8,51,33,58,7,23,3,-0.1,-2.8,2024-01-20,25.5,2024-02-15
1234P,2024-25,"MIERES, BAIÑA",ASTURIAS,170,151,151,133,57,9,0,84,8,55,28,55,10,16,6,-0.3,-2.5,2025-01-15,25.6,2024-11-05
1234P,2025-26,"MIERES, BAIÑA",ASTURIAS,170,151,151,137,59,6,0,83,6,57,29,62,9,20,3,0.7,-2.0,2025-12-26,26.2,2026-02-24
1249I,2017-18,OVIEDO,ASTURIAS,336,151,151,140,89,8,1,85,8,18,3,85,3,28,3,0.0,-3.5,2018-02-28,21.8,2017-11-22
1249I,2018-19,OVIEDO,ASTURIAS,336,151,151,141,59,5,0,85,5,29,11,46,7,53,3,1.0,-1.5,2019-01-07,23.6,2019-03-03
1249I,2019-20,OVIEDO,ASTURIAS,336,152,152,137,40,0,0,82,0,21,9,66,4,43,0,2.3,0.0,2020-03-30,24.4,2020-02-03
1249I,2020-21,OVIEDO,ASTURIAS,336,151,151,125,50,5,0,77,5,31,14,60,5,35,3,0.5,-2.1,2021-01-08,28.0,2021-03-31
1249I,2021-22,OVIEDO,ASTURIAS,336,151,151,136,66,4,0,81,4,22,9,48,5,42,2,0.9,-0.6,2022-01-23,23.0,2022-01-01
1249X,2017-18,OVIEDO,ASTURIAS,334,151,151,139,87,6,1,85,6,18,4,85,3,28,3,0.3,-3.4,2018-02-28,22.0,2017-11-22
1249X,2018-19,OVIEDO,ASTURIAS,334,151,151,141,57,5,0,85,5,31,13,47,7,53,3,1.1,-1.6,2019-01-07,23.8,2019-03-03
1249X,2019-20,OVIEDO,ASTURIAS,334,152,152,137,42,1,0,82,0,24,9,65,4,43,1,2.2,-0.2,2020-03-31,24.6,2020-02-03
1249X,2020-21,OVIEDO,ASTURIAS,334,151,151,125,49,5,0,77,5,32,15,60,5,35,3,0.5,-2.1,2021-01-08,28.2,2021-03-31
1249X,2021-22,OVIEDO,ASTURIAS,334,151,151,135,58,3,0,81,3,23,9,49,5,36,2,1.0,-0.9,2022-01-23,23.2,2022-01-01
1249X,2022-23,OVIEDO,ASTURIAS,334,151,151,129,55,6,0,84,6,31,18,54,6,44,2,0.4,-1.0,2023-01-23,28.4,2023-03-29
1249X,2023-24,OVIEDO,ASTURIAS,334,152,152,122,45,1,0,77,1,30,15,61,6,23,1,1.8,-2.0,2024-01-20,23.4,2023-11-13
1249X,2024-25,OVIEDO,ASTURIAS,334,151,151,123,44,2,0,83,2,30,11,54,8,39,2,1.6,-1.3,2025-01-14,24.5,2024-11-24
1249X,2025-26,OVIEDO,ASTURIAS,334,150,150,131,48,1,0,80,1,26,13,68,5,46,1,2.2,-0.7,2025-12-26,26.0,2026-02-24
1272B,2017-18,"TINEO, SOUTU",ASTURIAS,280,151,151,139,105,16,0,82,12,12,4,82,2,42,4,-0.8,-2.6,2018-02-28,21.7,2017-11-23
1272B,2018-19,"TINEO, SOUTU",ASTURIAS,280,150,150,142,97,22,2,83,20,31,14,47,11,44,6,-1.7,-5.4,2019-01-06,25.4,2019-03-16
1272B,2019-20,"TINEO, SOUTU",ASTURIAS,280,152,152,138,75,12,3,82,11,31,13,71,5,26,7,-1.2,-3.3,2019-12-30,24.8,2020-02-03
1272B,2020-21,"TINEO, SOUTU",ASTURIAS,280,151,151,140,81,17,4,82,16,30,18,45,4,35,7,-2.1,-5.1,2021-01-08,27.7,2021-03-31
1272B,2021-22,"TINEO, SOUTU",ASTURIAS,280,151,151,145,96,25,5,85,25,24,11,42,10,57,8,-1.6,-4.3,2022-01-15,23.1,2022-03-27
1272B,2022-23,"TINEO, SOUTU",ASTURIAS,280,151,151,136,84,24,1,85,20,40,19,61,7,44,4,-1.4,-4.1,2023-02-12,28.3,2023-03-29
1272B,2023-24,"TINEO, SOUTU",ASTURIAS,280,152,152,130,81,13,2,83,12,35,22,66,7,21,4,-0.7,-4.9,2024-01-20,23.9,2023-11-13
1272B,2024-25,"TINEO, SOUTU",ASTURIAS,280,151,151,139,76,15,5,84,13,36,11,56,8,19,6,-1.1,-4.9,2025-01-15,25.0,2024-11-24
1272B,2025-26,"TINEO, SOUTU",ASTURIAS,280,151,151,141,73,8,0,84,7,33,18,71,6,33,5,-0.2,-1.6,2025-12-27,25.1,2026-02-24
1276F,2017-18,POLA DE SOMIEDO,ASTURIAS,670,151,151,147,125,48,6,88,36,6,2,91,2,123,8,-2.8,-4.3,2018-02-28,20.8,2017-11-01
1276F,2018-19,POLA DE SOMIEDO,ASTURIAS,670,149,149,146,128,41,12,86,32,23,10,45,4,61,22,-3.8,-5.4,2019-01-07,23.7,2019-03-16
1276F,2019-20,POLA DE SOMIEDO,ASTURIAS,670,151,151,145,107,29,0,87,24,20,9,68,4,51,4,-1.8,-3.0,2020-01-05,23.3,2020-03-10
1276F,2020-21,POLA DE SOMIEDO,ASTURIAS,670,145,145,136,98,31,11,83,27,18,10,57,4,35,16,-4.7,-8.3,2021-01-08,24.8,2021-03-31
1276F,2021-22,POLA DE SOMIEDO,ASTURIAS,670,150,150,147,116,42,12,86,30,17,4,46,5,46,21,-3.5,-4.9,2022-01-28,22.7,2021-12-30
1276F,2022-23,POLA DE SOMIEDO,ASTURIAS,670,151,151,134,98,36,13,82,29,25,8,58,5,56,15,-3.6,-4.8,2023-01-23,25.2,2023-03-28
1276F,2023-24,POLA DE SOMIEDO,ASTURIAS,670,151,151,145,103,25,3,88,23,34,15,66,10,43,6,-1.9,-4.4,2024-01-20,23.3,2024-03-21
1276F,2024-25,POLA DE SOMIEDO,ASTURIAS,670,151,151,147,93,32,1,87,27,22,10,56,8,63,9,-2.7,-4.2,2025-01-14,24.9,2025-03-31
1276F,2025-26,POLA DE SOMIEDO,ASTURIAS,670,150,150,141,116,26,1,86,20,21,13,73,5,77,8,-1.4,-3.4,2026-01-01,24.9,2026-03-17
1279X,2017-18,"SALAS, CAMUÑO",ASTURIAS,240,145,145,135,90,10,0,79,9,20,7,83,4,35,4,-0.5,-2.8,2018-02-28,23.2,2017-11-22
1279X,2018-19,"SALAS, CAMUÑO",ASTURIAS,240,149,149,140,67,6,0,82,6,37,22,48,7,45,5,0.4,-1.9,2019-01-06,23.9,2019-02-25
1279X,2019-20,"SALAS, CAMUÑO",ASTURIAS,240,141,141,121,55,1,0,77,1,34,14,66,5,24,1,1.3,-0.8,2019-12-04,26.0,2020-02-03
1279X,2020-21,"SALAS, CAMUÑO",ASTURIAS,240,143,143,133,49,8,1,76,7,35,24,65,4,21,4,-0.2,-3.2,2021-01-08,27.1,2021-03-31
1279X,2021-22,"SALAS, CAMUÑO",ASTURIAS,240,151,151,141,68,4,0,81,4,28,13,54,8,35,1,0.2,-0.9,2022-01-13,22.4,2021-12-29
1279X,2022-23,"SALAS, CAMUÑO",ASTURIAS,240,151,151,131,63,11,0,84,10,46,24,59,9,30,2,-0.3,-2.2,2023-01-23,27.4,2023-03-29
1279X,2023-24,"SALAS, CAMUÑO",ASTURIAS,240,138,138,116,47,5,0,81,5,42,27,62,7,21,2,0.6,-3.0,2024-01-20,23.9,2023-11-13
1279X,2024-25,"SALAS, CAMUÑO",ASTURIAS,240,151,151,130,63,5,0,81,4,40,20,58,10,17,3,0.6,-1.9,2025-01-15,24.8,2024-11-24
1279X,2025-26,"SALAS, CAMUÑO",ASTURIAS,240,142,142,130,57,2,0,78,2,39,16,72,7,26,2,0.8,-2.4,2025-12-26,25.0,2026-02-24
1283U,2017-18,CABO BUSTO,ASTURIAS,60,148,148,114,26,0,0,71,0,20,4,70,4,35,0,3.1,0.9,2018-02-24,24.1,2017-11-22
1283U,2018-19,CABO BUSTO,ASTURIAS,60,145,145,107,19,0,0,65,0,22,8,38,4,32,0,3.7,1.3,2019-01-05,22.8,2019-03-03
1283U,2020-21,CABO BUSTO,ASTURIAS,60,149,149,98,21,0,0,61,0,35,12,45,4,32,0,3.2,0.8,2021-01-08,24.2,2020-11-01
1283U,2021-22,CABO BUSTO,ASTURIAS,60,147,147,109,24,0,0,65,0,14,7,43,5,35,0,3.2,2.0,2022-01-23,24.6,2022-01-01
1283U,2022-23,CABO BUSTO,ASTURIAS,60,134,134,70,18,0,0,49,0,47,21,46,12,15,0,3.2,1.8,2023-01-31,27.2,2023-03-29
1283U,2023-24,CABO BUSTO,ASTURIAS,60,144,144,76,10,0,0,54,0,37,19,53,6,14,0,4.5,1.0,2024-01-20,24.1,2023-11-13
1283U,2024-25,CABO BUSTO,ASTURIAS,60,151,151,96,17,0,0,64,0,32,16,56,4,24,0,3.6,0.3,2025-01-15,26.4,2024-11-24
1283U,2025-26,CABO BUSTO,ASTURIAS,60,151,151,116,12,0,0,72,0,26,13,62,6,41,0,4.2,1.7,2025-12-26,25.4,2025-11-05
1297E,2017-18,CERVANTES,LUGO,1020,151,151,151,125,57,9,90,37,2,0,97,1,132,13,-3.2,-5.5,2018-02-08,18.5,2017-11-19
1297E,2018-19,CERVANTES,LUGO,1020,148,148,147,96,19,1,86,13,11,1,47,3,60,6,-1.5,-3.1,2019-01-12,20.0,2019-03-16
1297E,2019-20,CERVANTES,LUGO,1020,147,147,143,100,23,0,83,9,10,4,55,4,51,4,-0.9,-3.0,2020-03-31,21.6,2019-12-29
1297E,2020-21,CERVANTES,LUGO,1020,150,150,145,105,35,8,89,28,4,2,72,2,85,16,-3.3,-6.6,2021-01-06,21.5,2021-03-31
1297E,2021-22,CERVANTES,LUGO,1020,139,139,137,94,16,0,77,7,3,0,55,1,44,4,-1.2,-2.8,2022-01-22,19.6,2021-12-15
1297E,2022-23,CERVANTES,LUGO,1020,151,151,149,91,27,8,90,24,6,1,75,3,109,10,-3.1,-4.5,2023-03-02,20.5,2023-03-28
1297E,2023-24,CERVANTES,LUGO,1020,152,152,145,92,21,3,87,13,11,3,73,3,65,4,-1.5,-3.7,2024-01-20,23.9,2024-03-22
1297E,2024-25,CERVANTES,LUGO,1020,151,151,143,96,20,2,90,11,5,1,64,2,142,5,-1.4,-4.0,2025-03-16,22.8,2025-03-31
1297E,2025-26,CERVANTES,LUGO,1020,151,151,149,113,27,2,90,20,7,1,84,3,113,4,-1.8,-4.0,2026-01-05,20.3,2026-03-19
1302F,2017-18,DEGAÑA,ASTURIAS,1310,132,132,132,126,86,27,71,50,0,0,30,0,74,15,-5.4,-7.6,2018-03-22,16.3,2017-11-20
1302F,2018-19,DEGAÑA,ASTURIAS,1310,151,151,151,138,57,10,90,38,4,0,34,2,115,6,-3.5,-6.0,2019-01-11,18.8,2019-02-25
1302F,2019-20,DEGAÑA,ASTURIAS,1310,152,152,151,138,59,5,91,33,6,1,54,3,58,6,-2.8,-4.5,2020-03-31,20.0,2020-03-11
1302F,2020-21,DEGAÑA,ASTURIAS,1310,151,151,150,135,63,25,90,45,2,1,43,1,147,28,-5.8,-10.5,2021-01-08,20.3,2021-03-31
1302F,2021-22,DEGAÑA,ASTURIAS,1310,151,151,150,136,66,10,89,39,1,1,37,1,93,13,-3.2,-4.5,2022-01-21,20.0,2022-02-02
1302F,2022-23,DEGAÑA,ASTURIAS,1310,141,141,141,118,59,26,80,45,1,0,52,1,66,12,-6.6,-9.3,2023-03-02,19.0,2023-03-28
1302F,2023-24,DEGAÑA,ASTURIAS,1310,139,139,139,124,59,7,91,39,5,1,55,2,71,11,-3.1,-7.9,2024-01-08,22.9,2024-03-22
1302F,2024-25,DEGAÑA,ASTURIAS,1310,151,151,151,129,65,13,90,49,2,1,72,1,143,13,-4.0,-7.0,2025-02-08,22.7,2025-03-31
1302F,2025-26,DEGAÑA,ASTURIAS,1310,151,151,151,137,75,18,90,53,4,1,95,2,135,14,-4.4,-6.1,2026-01-05,20.7,2026-03-17
1309C,2017-18,"IBIAS, SAN ANTOLIN",ASTURIAS,780,148,148,141,115,29,2,88,21,4,0,89,3,129,5,-1.8,-4.2,2018-02-28,18.4,2017-11-01
1309C,2018-19,"IBIAS, SAN ANTOLIN",ASTURIAS,780,134,134,131,77,10,0,79,9,20,5,42,6,44,3,-0.3,-2.4,2019-02-03,22.5,2019-03-16
1309C,2019-20,"IBIAS, SAN ANTOLIN",ASTURIAS,780,146,146,139,80,9,0,83,5,12,6,70,3,50,2,-0.1,-2.6,2020-01-05,21.8,2020-02-23
1309C,2020-21,"IBIAS, SAN ANTOLIN",ASTURIAS,780,148,148,135,79,24,3,83,22,11,5,60,4,61,10,-1.8,-6.2,2021-01-07,24.7,2021-03-31
1309C,2021-22,"IBIAS, SAN ANTOLIN",ASTURIAS,780,150,150,144,99,11,0,85,8,7,2,51,3,59,3,-0.7,-2.1,2022-01-28,20.9,2021-12-31
1309C,2022-23,"IBIAS, SAN ANTOLIN",ASTURIAS,780,151,151,137,77,23,0,84,19,11,4,64,3,95,6,-1.7,-2.9,2023-01-30,23.3,2023-03-28
1309C,2023-24,"IBIAS, SAN ANTOLIN",ASTURIAS,780,152,152,139,83,16,1,84,12,23,6,71,8,65,4,-0.8,-4.0,2024-01-20,23.9,2024-03-21
1309C,2024-25,"IBIAS, SAN ANTOLIN",ASTURIAS,780,151,151,136,79,14,1,87,10,13,7,56,8,102,4,-0.9,-3.3,2025-02-08,25.3,2025-03-31
1309C,2025-26,"IBIAS, SAN ANTOLIN",ASTURIAS,780,132,132,125,87,7,0,74,6,14,8,64,3,34,3,-0.2,-1.9,2025-12-31,23.1,2026-03-17
1327A,2017-18,"VILLAYÓN, ONETA",ASTURIAS,410,148,148,133,74,2,1,79,2,6,3,57,3,62,2,1.1,-3.3,2018-02-28,21.1,2017-11-22
1327A,2018-19,"VILLAYÓN, ONETA",ASTURIAS,410,144,144,125,38,0,0,73,0,19,4,49,7,56,0,2.1,1.4,2019-01-15,21.1,2019-02-26
1327A,2019-20,"VILLAYÓN, ONETA",ASTURIAS,410,148,148,129,30,0,0,76,0,12,3,67,4,32,0,2.5,1.1,2020-03-30,23.0,2020-02-03
1327A,2020-21,"VILLAYÓN, ONETA",ASTURIAS,410,149,149,127,53,5,0,79,5,20,4,71,4,36,2,0.3,-1.9,2021-01-07,24.8,2021-03-31
1327A,2021-22,"VILLAYÓN, ONETA",ASTURIAS,410,145,145,132,56,0,0,80,0,8,2,48,4,47,0,1.5,0.3,2022-01-26,22.5,2021-12-31
1327A,2022-23,"VILLAYÓN, ONETA",ASTURIAS,410,149,149,122,46,3,0,84,2,15,5,58,4,68,1,1.0,-0.7,2023-03-01,25.9,2023-03-29
1327A,2023-24,"VILLAYÓN, ONETA",ASTURIAS,410,151,151,122,42,1,0,75,1,20,2,69,5,39,1,2.2,-1.2,2024-01-20,20.5,2023-11-13
1327A,2024-25,"VILLAYÓN, ONETA",ASTURIAS,410,151,151,118,36,0,0,77,0,20,10,63,8,62,0,2.9,0.8,2025-02-08,24.4,2024-11-24
1327A,2025-26,"VILLAYÓN, ONETA",ASTURIAS,410,151,151,126,37,0,0,80,0,12,4,77,3,75,0,2.0,0.5,2026-01-06,23.0,2025-11-05
1331A,2017-18,CASTROPOL,ASTURIAS,40,144,144,118,56,3,0,72,2,14,7,85,4,39,2,1.5,-1.1,2018-02-23,22.5,2017-11-22
1331A,2018-19,CASTROPOL,ASTURIAS,40,150,150,132,39,4,0,81,4,28,15,45,11,48,3,1.3,-0.6,2019-01-06,22.2,2018-11-17
1331A,2019-20,CASTROPOL,ASTURIAS,40,149,149,108,27,0,0,65,0,26,9,66,4,23,0,2.8,0.8,2019-12-04,24.3,2020-02-03
1331A,2020-21,CASTROPOL,ASTURIAS,40,150,150,117,39,3,0,68,3,37,18,66,10,34,2,1.8,-1.8,2021-01-09,25.3,2021-03-31
1331A,2021-22,CASTROPOL,ASTURIAS,40,149,149,126,42,0,0,73,0,26,11,53,8,29,0,1.3,0.0,2022-01-23,25.6,2022-01-01
1331A,2022-23,CASTROPOL,ASTURIAS,40,151,151,101,42,3,0,72,3,46,23,54,13,31,2,0.4,-1.1,2023-01-23,26.9,2023-03-29
1331A,2023-24,CASTROPOL,ASTURIAS,40,151,151,104,21,1,0,69,1,39,17,68,9,33,1,2.8,-1.2,2024-01-20,22.8,2023-11-13
1331A,2024-25,CASTROPOL,ASTURIAS,40,151,151,106,27,1,0,67,1,34,15,54,8,31,1,2.8,-0.5,2025-01-14,25.2,2024-11-24
1331A,2025-26,CASTROPOL,ASTURIAS,40,151,151,116,21,0,0,71,0,29,10,71,6,27,0,3.4,1.8,2025-12-26,25.0,2025-11-05
1341B,2017-18,"TARAMUNDI, OURIA",ASTURIAS,340,150,150,133,82,7,0,79,6,5,3,70,3,78,2,0.1,-2.3,2018-02-28,20.2,2017-11-01
1341B,2018-19,"TARAMUNDI, OURIA",ASTURIAS,340,151,151,135,52,0,0,84,0,17,5,50,7,88,0,1.9,0.3,2019-01-06,22.9,2019-02-25
1341B,2019-20,"TARAMUNDI, OURIA",ASTURIAS,340,145,145,127,44,0,0,79,0,14,5,72,4,52,0,2.1,0.6,2020-01-01,22.1,2020-02-03
1341B,2020-21,"TARAMUNDI, OURIA",ASTURIAS,340,151,151,123,52,3,0,71,3,22,10,69,4,36,2,0.9,-0.5,2021-01-07,24.0,2021-03-31
1341B,2021-22,"TARAMUNDI, OURIA",ASTURIAS,340,149,149,133,57,0,0,75,0,11,2,52,3,50,0,1.3,0.1,2022-01-23,23.0,2022-01-01
1341B,2022-23,"TARAMUNDI, OURIA",ASTURIAS,340,149,149,115,48,1,0,77,1,18,6,62,4,44,1,0.7,-0.4,2023-02-24,24.5,2023-03-29
1341B,2023-24,"TARAMUNDI, OURIA",ASTURIAS,340,152,152,116,41,3,0,71,3,25,6,73,8,36,2,1.8,-1.8,2024-01-20,21.2,2024-03-17
1341B,2024-25,"TARAMUNDI, OURIA",ASTURIAS,340,151,151,115,41,1,0,74,1,18,10,59,8,61,1,1.9,-0.4,2025-01-14,23.2,2024-11-24
1342X,2017-18,RIBADEO,LUGO,43,147,147,118,36,1,0,72,1,14,6,81,4,35,1,2.3,-0.6,2018-02-23,22.6,2017-11-22
1342X,2018-19,RIBADEO,LUGO,43,150,150,121,24,0,0,76,0,21,9,47,3,39,0,2.8,1.3,2019-01-06,21.8,2019-02-27
1342X,2019-20,RIBADEO,LUGO,43,145,145,96,19,0,0,62,0,19,9,57,4,21,0,3.7,2.6,2019-12-04,24.5,2020-02-03
1342X,2020-21,RIBADEO,LUGO,43,149,149,109,23,1,0,63,1,33,17,66,5,34,1,2.9,-0.6,2021-01-08,23.9,2020-11-18
1342X,2021-22,RIBADEO,LUGO,43,151,151,119,28,0,0,71,0,23,7,47,8,42,0,2.8,1.4,2022-03-07,25.1,2022-01-01
1342X,2022-23,RIBADEO,LUGO,43,151,151,102,33,0,0,72,0,55,25,55,13,38,0,1.7,0.2,2023-01-23,27.5,2023-03-29
1342X,2023-24,RIBADEO,LUGO,43,144,144,91,18,0,0,67,0,37,18,66,10,32,0,3.0,0.2,2024-01-20,23.3,2023-11-13
1342X,2024-25,RIBADEO,LUGO,43,139,139,100,17,0,0,62,0,33,15,60,8,18,0,3.0,0.2,2025-01-14,25.0,2024-11-24
1342X,2025-26,RIBADEO,LUGO,43,150,150,114,12,0,0,68,0,30,6,73,6,24,0,4.5,2.4,2025-12-26,25.0,2025-11-05
1344X,2017-18,MONDOÑEDO,LUGO,125,151,151,130,81,8,0,80,7,11,3,81,4,64,4,-0.1,-2.3,2018-02-23,21.0,2017-11-22
1344X,2018-19,MONDOÑEDO,LUGO,125,151,151,136,58,8,2,83,7,25,13,55,11,70,3,-0.0,-3.5,2019-01-05,24.8,2019-02-26
1344X,2019-20,MONDOÑEDO,LUGO,125,151,151,119,41,3,0,70,3,17,7,75,4,52,2,0.8,-1.1,2019-12-28,23.5,2020-02-03
1344X,2020-21,MONDOÑEDO,LUGO,125,151,151,120,54,7,1,68,6,26,12,77,4,34,4,0.3,-3.8,2021-01-08,28.7,2021-03-31
1344X,2021-22,MONDOÑEDO,LUGO,125,151,151,128,56,11,0,71,9,20,10,58,5,42,4,-0.3,-1.6,2022-01-25,22.4,2021-12-31
1344X,2022-23,MONDOÑEDO,LUGO,125,150,150,111,50,15,0,72,12,34,11,62,6,43,3,-0.8,-2.5,2023-02-11,25.9,2023-03-29
1344X,2023-24,MONDOÑEDO,LUGO,125,152,152,117,47,7,1,73,7,41,26,75,9,33,2,0.1,-3.1,2024-01-20,24.4,2024-03-13
1344X,2024-25,MONDOÑEDO,LUGO,125,150,150,120,46,8,0,73,6,38,21,57,8,22,3,-0.1,-3.0,2025-01-15,26.1,2024-11-05
1344X,2025-26,MONDOÑEDO,LUGO,125,151,151,127,53,5,0,80,5,33,16,76,6,74,5,0.5,-1.3,2025-12-27,25.7,2026-03-17
1347T,2017-18,BURELA,LUGO,80,151,151,114,16,0,0,73,0,11,3,82,3,42,0,4.2,2.0,2018-02-28,21.7,2017-11-22
1347T,2018-19,BURELA,LUGO,80,151,151,107,4,0,0,72,0,18,5,56,4,52,0,5.2,3.8,2019-01-05,21.3,2019-02-27
1347T,2019-20,BURELA,LUGO,80,151,151,103,2,0,0,66,0,18,7,69,5,30,0,5.5,3.9,2019-12-04,24.5,2020-02-03
1347T,2020-21,BURELA,LUGO,80,150,150,101,11,0,0,63,0,28,15,54,4,35,0,4.6,2.8,2021-01-08,24.0,2020-11-18
1347T,2021-22,BURELA,LUGO,80,151,151,106,11,0,0,67,0,13,2,55,4,51,0,4.8,4.1,2022-03-07,22.2,2022-01-01
1347T,2022-23,BURELA,LUGO,80,150,150,86,12,0,0,60,0,33,9,59,8,44,0,4.8,3.6,2023-02-24,26.6,2023-03-29
1347T,2023-24,BURELA,LUGO,80,151,151,84,4,0,0,58,0,27,13,68,6,35,0,5.5,2.1,2024-01-20,21.4,2023-12-10
1347T,2024-25,BURELA,LUGO,80,151,151,78,3,0,0,56,0,22,6,59,5,24,0,5.8,4.3,2025-01-15,23.1,2024-11-08
1347T,2025-26,BURELA,LUGO,80,150,150,97,6,0,0,67,0,21,5,57,6,61,0,5.3,3.9,2026-01-05,23.2,2025-11-04
1351,2017-18,ESTACA DE BARES,A CORUÑA,90,151,151,100,7,0,0,66,0,9,5,57,4,104,0,5.2,2.2,2018-02-28,22.0,2017-11-22
1351,2018-19,ESTACA DE BARES,A CORUÑA,90,151,151,74,1,0,0,50,0,14,2,45,4,78,0,7.4,4.8,2019-02-01,20.1,2018-11-15
1351,2019-20,ESTACA DE BARES,A CORUÑA,90,152,152,78,1,0,0,47,0,7,4,71,4,53,0,7.2,4.8,2020-03-31,21.8,2020-02-02
1351,2020-21,ESTACA DE BARES,A CORUÑA,90,151,151,75,6,0,0,52,0,20,9,67,4,53,0,5.5,3.6,2021-01-04,22.4,2021-02-15
1351,2021-22,ESTACA DE BARES,A CORUÑA,90,151,151,80,1,0,0,56,0,4,2,51,2,77,0,6.7,4.9,2021-12-08,22.5,2022-01-01
1351,2022-23,ESTACA DE BARES,A CORUÑA,90,151,151,61,1,0,0,48,0,14,4,65,3,68,0,6.3,4.8,2023-01-17,22.9,2022-11-13
1351,2023-24,ESTACA DE BARES,A CORUÑA,90,145,145,59,1,0,0,41,0,17,3,66,6,35,0,6.4,4.2,2024-01-20,20.8,2024-02-14
1351,2024-25,ESTACA DE BARES,A CORUÑA,90,150,150,56,1,0,0,41,0,16,7,56,5,47,0,7.3,4.9,2025-01-27,22.8,2024-11-24
1351,2025-26,ESTACA DE BARES,A CORUÑA,90,148,148,82,2,0,0,63,0,11,4,78,4,97,0,6.1,4.6,2026-01-23,22.5,2025-11-04
1354C,2017-18,FERROL,A CORUÑA,4,151,151,121,36,0,0,73,0,7,1,95,3,68,0,3.0,1.4,2018-03-22,20.4,2017-11-22
1354C,2018-19,FERROL,A CORUÑA,4,151,151,114,12,0,0,73,0,27,16,65,7,51,0,4.5,1.1,2019-01-05,24.1,2019-02-26
1354C,2019-20,FERROL,A CORUÑA,4,128,128,86,10,0,0,47,0,9,5,73,3,24,0,4.2,0.9,2019-12-04,22.6,2020-02-03
1354C,2020-21,FERROL,A CORUÑA,4,140,140,97,22,0,0,55,0,30,11,74,5,22,0,1.8,0.3,2021-01-16,28.6,2021-03-31
1354C,2021-22,FERROL,A CORUÑA,4,143,143,106,27,0,0,67,0,30,13,51,10,18,0,2.9,0.6,2022-01-15,22.8,2022-03-27
1354C,2022-23,FERROL,A CORUÑA,4,144,144,87,22,0,0,64,0,29,10,68,4,42,0,2.4,0.7,2023-03-02,23.4,2023-03-29
1354C,2023-24,FERROL,A CORUÑA,4,148,148,89,13,0,0,58,0,43,15,73,9,33,0,3.4,0.0,2024-01-20,24.2,2024-03-21
1354C,2024-25,FERROL,A CORUÑA,4,149,149,89,20,0,0,60,0,37,19,69,8,34,0,3.1,1.7,2025-01-15,26.8,2025-03-31
1363X,2017-18,AS PONTES,A CORUÑA,343,151,151,142,102,26,1,84,20,4,0,50,1,106,4,-1.4,-3.2,2018-03-22,19.4,2017-11-22
1363X,2018-19,AS PONTES,A CORUÑA,343,150,150,144,85,12,2,86,11,24,13,60,7,87,9,-0.8,-3.3,2019-01-06,24.2,2019-02-26
1363X,2019-20,AS PONTES,A CORUÑA,343,151,151,137,59,14,0,81,13,14,7,70,4,58,3,-0.6,-2.1,2019-12-04,22.9,2020-03-18
1363X,2020-21,AS PONTES,A CORUÑA,343,149,149,135,75,15,3,80,13,23,6,85,5,64,6,-1.2,-3.6,2021-01-09,28.0,2021-03-31
1363X,2021-22,AS PONTES,A CORUÑA,343,151,151,144,87,20,0,83,17,16,4,69,6,51,7,-1.4,-2.7,2022-01-24,21.0,2022-03-27
1363X,2022-23,AS PONTES,A CORUÑA,343,151,151,127,67,20,1,82,14,12,6,75,3,93,5,-1.5,-3.3,2023-02-11,23.0,2023-03-28
1363X,2023-24,AS PONTES,A CORUÑA,343,127,127,109,56,9,0,61,9,13,3,74,3,65,3,-0.2,-2.2,2023-12-18,25.1,2024-03-21
1363X,2024-25,AS PONTES,A CORUÑA,343,150,150,133,67,14,0,79,13,18,8,69,4,77,5,-0.7,-2.2,2025-02-08,26.7,2025-03-31
1363X,2025-26,AS PONTES,A CORUÑA,343,149,149,134,73,10,0,83,8,13,8,90,6,96,5,-0.2,-2.4,2025-12-27,24.4,2026-03-17
1387,2017-18,A CORUÑA,A CORUÑA,57,151,151,110,14,0,0,66,0,10,3,82,5,69,0,4.3,1.9,2018-02-28,20.7,2017-11-21
1387,2018-19,A CORUÑA,A CORUÑA,57,151,151,87,7,0,0,55,0,25,12,54,6,48,0,5.2,3.3,2019-01-04,24.2,2019-02-26
1387,2019-20,A CORUÑA,A CORUÑA,57,152,152,75,3,0,0,48,0,13,3,71,4,52,0,6.0,4.4,2020-01-05,23.0,2020-02-03
1387,2020-21,A CORUÑA,A CORUÑA,57,151,151,85,10,0,0,55,0,23,11,74,4,54,0,4.2,2.3,2021-01-06,27.5,2021-03-31
1387,2021-22,A CORUÑA,A CORUÑA,57,151,151,90,5,0,0,56,0,19,7,57,5,33,0,5.3,3.5,2022-03-07,23.1,2022-01-01
1387,2022-23,A CORUÑA,A CORUÑA,57,151,151,67,9,0,0,57,0,30,7,69,5,43,0,4.8,2.5,2023-02-24,23.0,2023-03-28
1387,2023-24,A CORUÑA,A CORUÑA,57,152,152,69,5,0,0,44,0,36,12,79,9,33,0,5.9,2.1,2024-01-20,22.6,2024-02-20
1387,2024-25,A CORUÑA,A CORUÑA,57,151,151,68,4,0,0,48,0,36,17,57,8,24,0,6.3,4.2,2025-01-16,25.4,2024-11-07
1387,2025-26,A CORUÑA,A CORUÑA,57,151,151,81,1,0,0,57,0,16,4,82,5,79,0,6.0,3.0,2025-12-27,24.4,2026-03-17
1387D,2017-18,A CORUÑA BENS,A CORUÑA,132,145,145,111,20,0,0,69,0,8,0,74,5,92,0,3.4,1.0,2018-02-28,19.9,2017-11-21
1387D,2018-19,A CORUÑA BENS,A CORUÑA,132,150,150,66,1,0,0,41,0,31,14,56,7,48,0,6.4,4.8,2019-01-07,24.4,2019-02-26
1387D,2019-20,A CORUÑA BENS,A CORUÑA,132,152,152,45,0,0,0,30,0,30,9,70,5,31,0,7.7,5.8,2019-12-04,23.8,2020-02-03
1387D,2020-21,A CORUÑA BENS,A CORUÑA,132,127,127,70,11,0,0,46,0,26,14,59,10,39,0,3.1,2.1,2021-01-06,27.6,2021-03-31
1387D,2021-22,A CORUÑA BENS,A CORUÑA,132,150,150,103,9,0,0,63,0,12,5,53,3,37,0,4.7,2.6,2022-03-07,21.8,2022-01-01
1387D,2022-23,A CORUÑA BENS,A CORUÑA,132,151,151,82,16,0,0,61,0,22,6,67,5,43,0,4.2,1.4,2023-02-24,23.0,2023-03-28
1387D,2023-24,A CORUÑA BENS,A CORUÑA,132,139,139,87,17,0,0,61,0,21,3,76,6,22,0,4.0,0.9,2024-01-20,21.9,2024-02-14
1387D,2024-25,A CORUÑA BENS,A CORUÑA,132,148,148,92,8,0,0,62,0,25,14,55,8,55,0,4.9,3.3,2025-03-16,24.2,2024-11-07
1387D,2025-26,A CORUÑA BENS,A CORUÑA,132,145,145,104,7,0,0,70,0,6,3,77,3,78,0,5.0,3.3,2025-12-27,23.5,2026-03-17
1387E,2017-18,A CORUÑA AEROPUERTO,A CORUÑA,98,151,151,125,81,10,0,76,6,11,3,83,5,64,3,-0.2,-2.0,2018-03-22,20.5,2017-11-21
1387E,2018-19,A CORUÑA AEROPUERTO,A CORUÑA,98,150,150,126,51,12,1,75,12,26,15,52,9,70,8,-0.9,-3.3,2019-01-06,24.3,2019-02-26
1387E,2019-20,A CORUÑA AEROPUERTO,A CORUÑA,98,152,152,116,40,2,0,69,2,14,3,66,3,52,1,1.4,-0.6,2020-01-05,21.9,2019-11-01
1387E,2020-21,A CORUÑA AEROPUERTO,A CORUÑA,98,151,151,115,51,9,1,68,9,24,8,70,4,54,5,-0.6,-3.2,2021-01-08,28.0,2021-03-31
1387E,2021-22,A CORUÑA AEROPUERTO,A CORUÑA,98,150,151,122,59,11,0,66,10,20,8,49,4,36,5,-0.4,-1.8,2022-01-23,22.3,2022-01-01
1387E,2022-23,A CORUÑA AEROPUERTO,A CORUÑA,98,151,151,103,47,19,0,69,16,31,8,61,5,43,7,-1.1,-2.3,2023-01-31,22.6,2023-03-28
1387E,2023-24,A CORUÑA AEROPUERTO,A CORUÑA,98,152,152,110,31,4,0,70,4,33,9,72,9,44,2,1.3,-2.0,2024-01-12,22.7,2024-02-14
1387E,2024-25,A CORUÑA AEROPUERTO,A CORUÑA,98,151,150,100,45,3,0,65,2,27,15,58,8,42,2,0.8,-0.8,2025-01-16,25.0,2024-11-07
1387E,2025-26,A CORUÑA AEROPUERTO,A CORUÑA,98,151,151,117,38,3,0,74,3,20,5,82,5,75,2,1.5,-1.6,2025-12-27,24.4,2026-03-17
1390X,2017-18,"CARBALLO, DEPURADORA",A CORUÑA,98,151,151,126,84,30,1,76,20,10,2,84,6,93,6,-2.2,-3.1,2018-02-27,21.5,2017-11-19
1390X,2018-19,"CARBALLO, DEPURADORA",A CORUÑA,98,151,151,135,79,24,6,81,20,25,19,53,9,43,14,-2.5,-5.7,2019-01-06,24.7,2019-02-26
1390X,2019-20,"CARBALLO, DEPURADORA",A CORUÑA,98,151,151,120,47,10,0,71,9,14,5,77,2,52,3,-0.5,-1.9,2019-12-04,22.2,2020-03-24
1390X,2020-21,"CARBALLO, DEPURADORA",A CORUÑA,98,151,151,125,70,18,1,71,15,23,9,71,7,55,6,-1.5,-3.3,2021-01-12,28.3,2021-03-31
1390X,2021-22,"CARBALLO, DEPURADORA",A CORUÑA,98,151,151,131,78,35,3,73,29,23,6,58,4,27,13,-2.3,-4.4,2022-01-29,22.8,2022-03-27
1390X,2022-23,"CARBALLO, DEPURADORA",A CORUÑA,98,145,145,105,62,28,2,66,23,19,9,72,5,24,12,-2.3,-3.5,2023-03-02,23.1,2023-03-28
1390X,2023-24,"CARBALLO, DEPURADORA",A CORUÑA,98,152,152,119,49,10,0,76,10,34,10,76,9,33,3,-0.4,-2.5,2024-01-20,22.8,2024-02-14
1390X,2024-25,"CARBALLO, DEPURADORA",A CORUÑA,98,151,151,112,56,14,0,64,11,32,13,54,8,52,5,-0.7,-2.0,2025-01-18,26.4,2025-03-31
1390X,2025-26,"CARBALLO, DEPURADORA",A CORUÑA,98,150,150,123,49,7,0,74,7,17,6,96,6,78,6,0.2,-2.0,2025-12-27,24.5,2026-03-17
1393,2017-18,CABO VILÁN,A CORUÑA,50,125,125,81,6,0,0,43,0,3,0,92,2,65,0,5.5,1.3,2018-02-28,19.2,2017-11-21
1393,2018-19,CABO VILÁN,A CORUÑA,50,147,147,87,2,0,0,53,0,13,4,46,5,63,0,6.0,4.4,2019-02-03,21.6,2019-02-26
1393,2019-20,CABO VILÁN,A CORUÑA,50,144,144,66,2,0,0,43,0,5,0,74,2,41,0,6.6,4.6,2019-12-04,19.6,2019-12-29
1393,2020-21,CABO VILÁN,A CORUÑA,50,145,145,78,6,0,0,51,0,6,2,80,4,45,0,5.1,2.9,2021-01-04,23.8,2021-03-29
1393,2021-22,CABO VILÁN,A CORUÑA,50,151,151,91,2,0,0,60,0,8,2,57,2,50,0,5.7,3.6,2022-01-22,20.6,2022-03-20
1393,2022-23,CABO VILÁN,A CORUÑA,50,134,134,60,10,0,0,51,0,10,2,67,5,69,0,4.3,2.4,2023-02-24,20.7,2022-11-12
1393,2023-24,CABO VILÁN,A CORUÑA,50,152,152,68,3,0,0,45,0,5,1,79,2,87,0,6.0,1.8,2024-01-20,20.2,2024-02-14
1393,2024-25,CABO VILÁN,A CORUÑA,50,130,130,63,1,0,0,36,0,12,6,56,6,36,0,6.2,3.6,2024-12-14,23.5,2024-11-07
1393,2025-26,CABO VILÁN,A CORUÑA,50,142,142,95,5,0,0,66,0,4,1,89,1,90,0,5.2,3.3,2026-01-23,21.0,2026-03-17
1399,2017-18,VIMIANZO,A CORUÑA,287,149,149,126,76,3,0,74,1,2,0,78,2,58,1,0.5,-0.7,2018-03-22,19.4,2017-11-19
1399,2018-19,VIMIANZO,A CORUÑA,287,150,150,130,51,3,0,76,2,20,8,56,10,71,1,1.4,-0.7,2019-01-05,21.4,2019-02-25
1399,2019-20,VIMIANZO,A CORUÑA,287,150,150,126,39,1,0,73,1,6,1,86,1,42,1,1.9,-0.2,2020-01-11,21.2,2020-03-18
1399,2020-21,VIMIANZO,A CORUÑA,287,151,151,121,51,6,0,70,6,7,4,91,4,114,2,0.9,-1.4,2021-01-05,26.0,2021-03-31
1399,2021-22,VIMIANZO,A CORUÑA,287,150,150,130,56,2,0,73,2,14,2,64,5,43,2,1.1,-0.4,2022-01-24,20.9,2022-03-28
1399,2022-23,VIMIANZO,A CORUÑA,287,151,151,114,54,3,0,76,3,9,6,83,3,94,1,0.6,-1.5,2023-02-24,22.5,2023-02-18
1399,2023-24,VIMIANZO,A CORUÑA,287,152,152,121,48,3,0,74,3,17,5,95,3,30,2,1.9,-1.1,2024-01-20,23.3,2024-03-21
1399,2024-25,VIMIANZO,A CORUÑA,287,151,151,113,42,1,0,71,1,18,9,75,4,90,1,1.8,-0.7,2025-02-08,25.9,2025-03-31
1399,2025-26,VIMIANZO,A CORUÑA,287,150,150,125,51,3,0,78,3,10,8,103,3,76,2,1.5,-0.3,2025-12-26,23.9,2026-03-19
1400,2017-18,FISTERRA,A CORUÑA,230,139,139,101,12,0,0,64,0,2,0,72,1,43,0,4.0,1.1,2018-02-28,19.5,2017-11-19
1400,2018-19,FISTERRA,A CORUÑA,230,151,151,88,1,0,0,55,0,15,10,48,7,73,0,6.6,4.7,2019-02-01,22.2,2019-03-27
1400,2020-21,FISTERRA,A CORUÑA,230,149,149,94,8,0,0,63,0,9,5,75,4,55,0,4.9,3.0,2021-01-09,26.8,2021-03-31
1400,2021-22,FISTERRA,A CORUÑA,230,150,150,91,1,0,0,52,0,11,0,47,5,44,0,6.5,4.8,2022-01-22,19.9,2022-03-27
1400,2022-23,FISTERRA,A CORUÑA,230,151,151,70,11,0,0,52,0,7,1,72,4,96,0,4.5,3.4,2023-03-02,20.7,2023-02-18
1400,2023-24,FISTERRA,A CORUÑA,230,152,152,86,5,0,0,52,0,8,2,81,2,91,0,5.4,1.9,2024-01-20,23.4,2024-03-21
1400,2024-25,FISTERRA,A CORUÑA,230,151,151,84,0,0,0,53,0,17,9,56,7,94,0,6.4,5.0,2025-03-16,23.5,2024-11-02
1400,2025-26,FISTERRA,A CORUÑA,230,146,146,99,6,0,0,69,0,8,2,85,3,99,0,5.3,3.9,2025-12-26,23.6,2026-03-19
1406X,2017-18,MAZARICOS,A CORUÑA,340,150,150,133,78,10,0,81,8,0,0,56,0,132,3,-0.4,-2.1,2017-11-28,17.3,2017-11-19
1406X,2018-19,MAZARICOS,A CORUÑA,340,151,151,135,43,5,0,79,4,13,8,63,9,113,2,0.2,-1.6,2019-01-05,21.5,2019-03-27
1406X,2019-20,MAZARICOS,A CORUÑA,340,151,151,131,37,6,0,78,6,5,1,89,2,59,1,1.5,-2.1,2019-12-04,20.6,2020-03-18
1406X,2020-21,MAZARICOS,A CORUÑA,340,150,150,124,53,5,0,73,5,7,4,86,4,115,2,1.1,-2.6,2021-01-16,26.7,2021-03-31
1406X,2021-22,MAZARICOS,A CORUÑA,340,151,151,133,55,8,0,73,7,7,1,63,3,124,4,0.2,-2.0,2022-01-24,20.1,2022-03-27
1406X,2022-23,MAZARICOS,A CORUÑA,340,149,149,121,53,6,1,79,4,5,3,87,3,54,2,0.8,-3.1,2023-02-24,20.6,2023-03-28
1406X,2023-24,MAZARICOS,A CORUÑA,340,146,146,115,42,3,0,68,3,8,1,90,1,87,2,1.2,-2.0,2024-01-20,24.1,2024-03-21
1406X,2024-25,MAZARICOS,A CORUÑA,340,151,151,114,39,2,0,71,2,13,7,70,3,121,1,2.0,-1.8,2025-02-08,26.2,2025-03-31
1406X,2025-26,MAZARICOS,A CORUÑA,340,151,151,126,43,2,0,80,2,9,6,102,2,114,2,1.6,-1.0,2025-12-31,23.1,2026-03-19
1410X,2018-19,SOBRADO,A CORUÑA,500,151,151,148,102,40,5,88,25,27,14,65,12,44,9,-2.1,-5.8,2019-01-06,25.2,2019-02-25
1410X,2019-20,SOBRADO,A CORUÑA,500,151,151,142,86,36,6,85,27,23,13,69,5,53,4,-2.8,-4.9,2020-01-01,26.6,2019-12-29
1410X,2020-21,SOBRADO,A CORUÑA,500,151,151,141,93,40,10,84,28,28,13,75,5,48,10,-3.4,-6.6,2021-01-16,28.0,2021-03-31
1410X,2021-22,SOBRADO,A CORUÑA,500,151,151,147,110,49,13,86,36,29,10,58,7,27,10,-3.9,-5.0,2022-01-24,22.2,2022-02-22
1410X,2022-23,SOBRADO,A CORUÑA,500,150,150,135,84,30,8,83,23,16,5,78,6,57,6,-3.1,-5.7,2023-02-11,21.9,2023-02-17
1410X,2023-24,SOBRADO,A CORUÑA,500,152,152,141,91,15,3,85,14,21,5,72,5,59,4,-1.1,-5.6,2023-12-18,25.5,2024-03-21
1410X,2024-25,SOBRADO,A CORUÑA,500,150,150,140,79,33,4,84,29,16,8,64,4,46,7,-2.6,-4.7,2025-01-15,27.2,2025-03-31
1410X,2025-26,SOBRADO,A CORUÑA,500,151,151,141,94,23,1,85,17,12,7,85,3,110,7,-1.8,-3.8,2025-12-27,23.2,2026-03-17
1428,2017-18,SANTIAGO DE COMPOSTELA AEROPUERTO,A CORUÑA,370,151,151,138,100,14,0,83,11,3,0,78,2,129,3,-1.0,-2.8,2017-11-28,19.4,2017-11-19
1428,2018-19,SANTIAGO DE COMPOSTELA AEROPUERTO,A CORUÑA,370,151,151,145,68,6,1,87,5,22,12,60,11,89,3,0.6,-3.1,2019-01-05,23.0,2019-03-24
1428,2019-20,SANTIAGO DE COMPOSTELA AEROPUERTO,A CORUÑA,370,152,152,138,62,3,0,81,3,12,5,81,3,57,2,0.9,-2.4,2020-02-19,22.2,2020-03-18
1428,2020-21,SANTIAGO DE COMPOSTELA AEROPUERTO,A CORUÑA,370,151,151,127,62,7,2,77,7,22,6,75,5,76,4,0.1,-4.2,2021-01-16,27.1,2021-03-31
1428,2021-22,SANTIAGO DE COMPOSTELA AEROPUERTO,A CORUÑA,370,151,151,140,75,8,0,81,6,22,3,53,6,27,2,-0.1,-2.2,2022-01-29,20.9,2022-03-27
1428,2022-23,SANTIAGO DE COMPOSTELA AEROPUERTO,A CORUÑA,370,151,151,128,58,11,1,81,8,11,6,78,3,93,4,-0.5,-3.2,2023-03-02,21.0,2023-02-18
1428,2023-24,SANTIAGO DE COMPOSTELA AEROPUERTO,A CORUÑA,370,151,151,129,58,8,1,79,7,16,5,85,5,84,2,0.0,-3.5,2023-12-18,23.7,2024-03-22
1428,2024-25,SANTIAGO DE COMPOSTELA AEROPUERTO,A CORUÑA,370,150,150,127,59,4,0,80,4,17,10,67,3,78,2,0.8,-2.4,2025-01-15,26.9,2025-03-31
1428,2025-26,SANTIAGO DE COMPOSTELA AEROPUERTO,A CORUÑA,370,151,151,140,65,6,0,85,5,13,8,91,6,110,2,0.3,-1.2,2026-01-06,22.7,2026-03-19
1435C,2017-18,NOIA,A CORUÑA,128,151,151,124,60,0,0,73,0,4,1,62,2,98,0,2.3,1.0,2018-02-08,20.3,2018-02-26
1435C,2018-19,NOIA,A CORUÑA,128,135,135,107,20,0,0,59,0,26,13,54,12,64,0,3.7,2.4,2019-01-05,25.5,2019-03-24
1435C,2019-20,NOIA,A CORUÑA,128,151,151,115,18,0,0,69,0,15,4,83,3,53,0,3.6,2.1,2019-12-04,23.8,2020-03-18
1435C,2020-21,NOIA,A CORUÑA,128,151,151,108,34,0,0,64,0,19,7,75,5,84,0,1.9,0.1,2021-01-05,27.5,2021-03-31
1435C,2021-22,NOIA,A CORUÑA,128,151,151,122,23,0,0,71,0,17,8,55,6,41,0,3.5,2.1,2022-01-23,21.7,2022-03-24
1435C,2022-23,NOIA,A CORUÑA,128,151,151,99,35,0,0,68,0,25,11,79,11,82,0,3.1,0.1,2023-02-24,24.4,2023-02-18
1435C,2024-25,NOIA,A CORUÑA,128,151,151,101,25,0,0,67,0,45,23,63,7,19,0,3.5,0.7,2025-02-08,26.9,2025-03-30
1435C,2025-26,NOIA,A CORUÑA,128,151,151,116,29,0,0,75,0,25,14,93,6,96,0,3.4,1.3,2026-01-05,25.5,2026-03-19
1442U,2017-18,BOIRO,A CORUÑA,10,145,145,114,77,7,0,68,5,9,1,68,4,33,2,0.1,-0.8,2017-12-02,20.9,2018-02-26
1442U,2018-19,BOIRO,A CORUÑA,10,151,151,123,45,5,0,77,5,33,23,54,12,43,5,0.8,-1.8,2019-01-06,26.6,2019-03-24
1442U,2019-20,BOIRO,A CORUÑA,10,151,151,106,35,1,0,63,1,19,6,78,9,53,1,1.8,-0.3,2020-01-01,25.3,2020-03-18
1442U,2020-21,BOIRO,A CORUÑA,10,150,150,108,43,5,0,60,5,23,10,66,5,76,2,1.1,-1.9,2021-01-16,29.1,2021-03-31
1442U,2021-22,BOIRO,A CORUÑA,10,151,151,122,49,4,0,70,4,25,12,48,8,36,2,0.5,-1.0,2022-01-29,23.9,2022-03-27
1442U,2022-23,BOIRO,A CORUÑA,10,150,150,103,37,3,0,67,3,22,4,66,7,66,1,0.5,-0.9,2023-02-24,21.9,2023-02-18
1442U,2023-24,BOIRO,A CORUÑA,10,152,152,108,30,2,0,71,2,22,8,87,4,65,1,2.0,-1.0,2024-01-20,27.6,2024-03-22
1442U,2024-25,BOIRO,A CORUÑA,10,151,151,98,33,2,0,65,2,33,17,60,7,65,2,2.2,-0.2,2025-01-15,26.9,2025-03-31
1442U,2025-26,BOIRO,A CORUÑA,10,151,151,112,36,0,0,69,0,18,12,86,4,115,0,2.2,1.0,2025-12-27,25.7,2026-03-19
1446X,2017-18,MONTERROSO,LUGO,680,151,151,146,113,18,0,88,16,1,0,85,1,136,5,-0.8,-2.7,2018-02-28,18.2,2017-11-15
1446X,2018-19,MONTERROSO,LUGO,680,151,151,149,84,8,0,89,8,18,8,59,5,106,2,-0.1,-2.3,2019-01-07,22.3,2019-02-25
1446X,2019-20,MONTERROSO,LUGO,680,150,150,143,75,3,0,84,2,10,5,53,3,59,2,0.7,-1.6,2020-01-01,22.6,2020-02-23
1446X,2020-21,MONTERROSO,LUGO,680,139,139,130,66,11,0,87,10,9,3,61,5,98,6,-0.7,-2.8,2021-01-08,25.5,2021-03-31
1446X,2021-22,MONTERROSO,LUGO,680,151,151,146,80,7,0,86,5,7,1,45,2,61,2,0.2,-2.1,2022-03-07,21.4,2022-03-27
1446X,2022-23,MONTERROSO,LUGO,680,151,151,142,65,13,0,86,10,9,4,71,3,108,5,-0.3,-1.8,2023-03-02,21.7,2023-03-28
1446X,2023-24,MONTERROSO,LUGO,680,152,152,139,71,7,0,87,6,19,5,60,3,66,2,0.2,-2.3,2023-12-19,24.0,2024-03-21
1446X,2024-25,MONTERROSO,LUGO,680,151,151,137,72,3,0,89,3,9,6,58,3,131,1,0.8,-1.5,2025-02-08,25.8,2025-03-31
1446X,2025-26,MONTERROSO,LUGO,680,150,150,144,87,5,0,88,5,12,6,80,3,112,2,0.3,-0.6,2026-01-06,22.3,2026-03-19
1455I,2017-18,RODEIRO-VILAMAIOR,PONTEVEDRA,645,149,149,147,117,56,13,87,46,3,0,80,2,70,12,-3.5,-5.6,2018-02-24,19.5,2017-11-19
1455I,2018-19,RODEIRO-VILAMAIOR,PONTEVEDRA,645,149,149,148,115,29,4,89,27,15,4,45,5,46,4,-2.2,-3.6,2019-02-03,20.7,2019-02-25
1455I,2019-20,RODEIRO-VILAMAIOR,PONTEVEDRA,645,149,149,143,102,25,2,86,20,12,3,75,4,50,4,-2.5,-3.4,2019-12-04,21.6,2020-02-23
1455I,2020-21,RODEIRO-VILAMAIOR,PONTEVEDRA,645,150,150,145,91,29,11,88,25,6,1,49,3,121,14,-3.4,-5.5,2021-01-05,23.7,2021-03-31
1455I,2021-22,RODEIRO-VILAMAIOR,PONTEVEDRA,645,147,147,143,107,34,7,84,27,6,0,55,2,31,10,-2.8,-4.8,2022-01-24,19.7,2022-02-22
1455I,2022-23,RODEIRO-VILAMAIOR,PONTEVEDRA,645,148,149,142,97,34,8,85,28,7,1,70,3,95,7,-3.0,-5.0,2023-02-11,21.6,2023-03-28
1455I,2023-24,RODEIRO-VILAMAIOR,PONTEVEDRA,645,152,151,142,98,17,5,86,15,21,4,59,5,59,4,-1.6,-5.3,2023-12-19,24.0,2024-03-22
1455I,2024-25,RODEIRO-VILAMAIOR,PONTEVEDRA,645,146,151,141,85,25,3,84,20,13,6,61,3,93,4,-2.3,-4.8,2025-02-08,24.5,2025-03-31
1455I,2025-26,RODEIRO-VILAMAIOR,PONTEVEDRA,645,123,123,118,80,18,3,60,13,9,4,87,3,88,7,-1.8,-4.0,2026-01-05,21.5,2026-03-19
1465U,2017-18,LALIN-CRISTIMIL,PONTEVEDRA,463,149,149,141,109,40,5,84,32,6,1,75,5,99,11,-2.5,-3.7,2017-12-02,20.1,2017-11-19
1465U,2018-19,LALIN-CRISTIMIL,PONTEVEDRA,463,150,150,142,82,21,1,85,17,24,8,55,10,44,12,-2.0,-3.4,2019-01-12,22.6,2019-03-24
1465U,2019-20,LALIN-CRISTIMIL,PONTEVEDRA,463,150,150,133,72,15,1,80,14,14,4,69,4,35,3,-1.2,-3.3,2020-01-01,24.0,2019-12-29
1465U,2020-21,LALIN-CRISTIMIL,PONTEVEDRA,463,150,150,130,76,23,7,78,19,15,3,63,3,84,7,-2.8,-5.6,2021-01-08,25.8,2021-03-31
1465U,2021-22,LALIN-CRISTIMIL,PONTEVEDRA,463,147,147,141,95,31,3,82,22,18,4,49,3,31,13,-2.2,-3.4,2022-01-24,20.7,2022-02-22
1465U,2022-23,LALIN-CRISTIMIL,PONTEVEDRA,463,135,135,117,67,30,6,81,25,12,6,49,4,78,11,-2.8,-4.7,2023-03-02,22.3,2023-03-28
1465U,2023-24,LALIN-CRISTIMIL,PONTEVEDRA,463,150,150,131,75,11,1,78,9,30,12,42,12,33,3,-0.4,-4.6,2024-01-12,25.8,2024-03-22
1465U,2024-25,LALIN-CRISTIMIL,PONTEVEDRA,463,150,151,124,64,25,1,77,17,20,10,36,4,90,4,-2.0,-3.5,2025-03-16,26.1,2025-03-31
1465U,2025-26,LALIN-CRISTIMIL,PONTEVEDRA,463,120,120,106,62,11,1,55,6,19,8,49,9,51,2,-0.5,-3.4,2026-01-05,22.9,2026-03-17
1466A,2017-18,SILLEDA,PONTEVEDRA,435,127,127,116,78,7,0,65,5,9,4,82,6,13,2,-0.3,-1.1,2018-02-06,22.8,2017-11-19
1466A,2018-19,SILLEDA,PONTEVEDRA,435,151,151,142,59,3,0,85,3,29,17,57,12,42,1,1.4,-1.8,2019-02-03,25.1,2019-03-28
1466A,2019-20,SILLEDA,PONTEVEDRA,435,151,151,138,60,1,0,82,1,27,12,74,7,33,1,1.3,-2.5,2020-01-01,24.5,2020-03-18
1466A,2020-21,SILLEDA,PONTEVEDRA,435,150,150,128,62,11,1,77,11,31,17,70,6,73,6,-0.8,-3.1,2021-01-08,27.5,2021-03-28
1466A,2021-22,SILLEDA,PONTEVEDRA,435,151,151,142,72,3,0,84,2,31,14,50,6,29,1,0.9,-1.6,2022-03-07,23.2,2022-03-27
1466A,2022-23,SILLEDA,PONTEVEDRA,435,151,151,128,52,5,0,83,3,20,11,71,6,82,3,0.6,-1.9,2023-03-02,24.9,2023-03-28
1466A,2023-24,SILLEDA,PONTEVEDRA,435,152,152,127,51,2,0,80,2,36,21,70,12,38,2,1.1,-1.0,2024-01-20,27.0,2024-03-21
1466A,2024-25,SILLEDA,PONTEVEDRA,435,151,151,126,60,2,0,79,1,25,12,55,4,67,1,1.6,-0.8,2025-02-08,26.5,2025-03-31
1466A,2025-26,SILLEDA,PONTEVEDRA,435,149,149,135,67,2,0,82,2,21,13,68,9,64,2,1.1,-0.6,2026-01-05,24.7,2026-03-19
1468X,2017-18,A ESTRADA,PONTEVEDRA,269,151,151,132,97,20,0,79,17,7,0,81,2,129,5,-1.0,-2.4,2017-12-02,19.4,2017-11-21
1468X,2018-19,A ESTRADA,PONTEVEDRA,269,151,151,139,64,10,0,84,10,27,21,61,11,87,7,-0.2,-2.4,2019-01-05,24.8,2019-03-24
1468X,2019-20,A ESTRADA,PONTEVEDRA,269,151,151,126,51,5,0,75,5,17,7,81,3,54,2,0.1,-0.6,2020-01-06,23.3,2020-03-18
1468X,2020-21,A ESTRADA,PONTEVEDRA,269,150,150,124,65,11,0,72,11,21,9,75,5,73,6,-0.9,-2.9,2021-01-16,28.5,2021-03-31
1468X,2021-22,A ESTRADA,PONTEVEDRA,269,151,151,134,78,13,0,74,11,20,8,40,6,41,5,-0.6,-1.7,2022-01-22,21.4,2022-03-27
1468X,2022-23,A ESTRADA,PONTEVEDRA,269,146,146,114,53,13,0,73,9,17,7,71,4,78,5,-0.9,-2.4,2023-03-02,22.4,2023-03-29
1468X,2023-24,A ESTRADA,PONTEVEDRA,269,152,152,121,56,8,1,76,8,29,16,87,6,65,2,0.0,-3.4,2023-12-18,27.0,2024-03-22
1468X,2024-25,A ESTRADA,PONTEVEDRA,269,150,150,122,59,9,0,74,8,27,11,71,6,47,2,-0.1,-2.6,2025-02-08,28.1,2025-03-31
1468X,2025-26,A ESTRADA,PONTEVEDRA,269,151,151,132,66,7,0,82,6,20,13,92,4,105,2,0.2,-1.7,2025-12-27,24.9,2026-03-17
1473A,2017-18,PADRÓN,A CORUÑA,100,151,151,128,90,18,0,76,13,12,2,68,3,67,5,-1.5,-2.4,2017-12-05,20.6,2018-02-26
1473A,2018-19,PADRÓN,A CORUÑA,100,149,149,137,71,9,2,81,9,31,22,57,12,54,8,-0.5,-3.3,2019-01-06,25.6,2019-03-24
1473A,2019-20,PADRÓN,A CORUÑA,100,127,127,102,36,3,0,56,3,18,10,76,7,43,2,1.3,-1.2,2019-12-04,23.4,2020-03-18
1473A,2020-21,PADRÓN,A CORUÑA,100,149,149,127,62,10,0,74,10,25,13,75,5,70,5,-0.5,-2.4,2021-01-12,28.7,2021-03-31
1473A,2021-22,PADRÓN,A CORUÑA,100,145,145,131,81,19,0,71,18,29,15,47,8,30,10,-1.6,-2.7,2022-01-15,23.0,2022-03-27
1473A,2022-23,PADRÓN,A CORUÑA,100,151,151,121,57,17,0,77,13,20,7,76,7,82,5,-0.9,-1.9,2023-02-11,22.0,2022-11-11
1473A,2023-24,PADRÓN,A CORUÑA,100,152,152,117,48,4,0,74,4,23,14,83,5,65,1,1.4,-1.8,2024-01-20,27.2,2024-03-22
1473A,2024-25,PADRÓN,A CORUÑA,100,149,149,114,46,5,0,72,5,34,16,59,7,37,2,0.5,-1.6,2025-01-01,30.0,2025-03-31
1473A,2025-26,PADRÓN,A CORUÑA,100,150,150,127,46,4,0,79,4,22,14,81,16,107,3,0.7,-1.5,2025-12-27,25.5,2026-03-19
1475X,2017-18,SANTIAGO DE COMPOSTELA,A CORUÑA,240,142,142,121,75,0,0,69,0,7,2,77,2,77,0,0.6,0.1,2017-12-02,20.4,2017-11-18
1475X,2018-19,SANTIAGO DE COMPOSTELA,A CORUÑA,240,147,147,136,48,1,0,82,1,28,20,64,12,60,1,1.6,-0.4,2019-02-03,24.1,2019-03-27
1475X,2019-20,SANTIAGO DE COMPOSTELA,A CORUÑA,240,147,147,125,40,0,0,76,0,16,4,83,3,28,0,1.3,0.1,2019-12-04,23.6,2020-03-18
1475X,2020-21,SANTIAGO DE COMPOSTELA,A CORUÑA,240,150,150,116,50,5,0,69,5,27,8,77,3,75,2,0.8,-1.8,2021-01-16,27.8,2021-03-31
1475X,2021-22,SANTIAGO DE COMPOSTELA,A CORUÑA,240,145,145,124,41,0,0,69,0,28,12,48,6,23,0,2.4,0.1,2022-01-24,22.7,2022-03-27
1475X,2022-23,SANTIAGO DE COMPOSTELA,A CORUÑA,240,148,148,102,43,0,0,67,0,19,8,75,8,58,0,1.8,0.4,2023-03-02,23.0,2023-02-18
1475X,2023-24,SANTIAGO DE COMPOSTELA,A CORUÑA,240,150,150,109,30,1,0,70,1,27,15,83,6,42,1,1.7,-0.4,2024-01-20,25.9,2024-03-21
1475X,2024-25,SANTIAGO DE COMPOSTELA,A CORUÑA,240,148,148,104,32,1,0,68,1,32,13,63,8,48,1,2.5,-0.8,2025-02-08,27.7,2025-03-31
1475X,2025-26,SANTIAGO DE COMPOSTELA,A CORUÑA,240,149,149,124,41,0,0,78,0,18,11,92,9,98,0,2.3,1.1,2026-01-06,25.0,2026-03-19
1476R,2018-19,"ROIS, CASAS DO PORTO",A CORUÑA,210,147,147,127,33,1,0,77,1,24,18,60,12,74,1,2.8,-0.6,2019-02-03,24.2,2019-03-24
1476R,2019-20,"ROIS, CASAS DO PORTO",A CORUÑA,210,151,151,117,31,0,0,68,0,14,5,87,3,54,0,2.2,0.6,2019-12-17,22.9,2020-03-18
1476R,2020-21,"ROIS, CASAS DO PORTO",A CORUÑA,210,150,150,117,43,6,0,69,6,18,9,81,5,76,2,0.3,-1.8,2021-01-05,28.1,2021-03-31
1476R,2021-22,"ROIS, CASAS DO PORTO",A CORUÑA,210,147,147,127,35,0,0,70,0,21,5,56,6,24,0,1.7,0.7,2022-01-23,21.4,2022-03-27
1476R,2022-23,"ROIS, CASAS DO PORTO",A CORUÑA,210,141,141,103,45,1,0,74,1,15,6,57,7,78,1,1.2,-0.1,2023-02-24,22.3,2023-02-18
1476R,2023-24,"ROIS, CASAS DO PORTO",A CORUÑA,210,152,152,114,34,2,0,73,2,25,14,89,7,65,1,1.7,-1.0,2024-01-20,25.5,2024-03-21
1476R,2024-25,"ROIS, CASAS DO PORTO",A CORUÑA,210,151,151,115,37,0,0,71,0,26,11,71,6,67,0,2.2,0.0,2025-02-08,27.6,2025-03-31
1476R,2025-26,"ROIS, CASAS DO PORTO",A CORUÑA,210,149,149,122,42,0,0,78,0,15,9,94,4,106,0,2.2,0.9,2025-12-27,25.3,2026-03-19
1477U,2017-18,VILAGARCIA DE AROUSA,PONTEVEDRA,36,151,151,120,55,0,0,71,0,16,4,71,7,65,0,1.4,0.1,2018-02-08,21.6,2018-02-26
1477U,2018-19,VILAGARCIA DE AROUSA,PONTEVEDRA,36,151,151,116,32,0,0,71,0,31,21,55,13,65,0,2.1,0.0,2019-01-05,27.0,2019-03-24
1477U,2019-20,VILAGARCIA DE AROUSA,PONTEVEDRA,36,152,152,95,24,0,0,60,0,22,10,78,4,49,0,2.9,0.7,2019-11-21,24.0,2020-03-18
1477U,2020-21,VILAGARCIA DE AROUSA,PONTEVEDRA,36,151,151,99,31,3,0,60,3,35,13,68,6,76,1,1.9,-1.0,2021-01-05,28.0,2021-03-31
1477U,2021-22,VILAGARCIA DE AROUSA,PONTEVEDRA,36,151,151,112,30,0,0,66,0,34,11,42,7,27,0,2.2,1.0,2022-01-15,23.4,2022-03-24
1477U,2022-23,VILAGARCIA DE AROUSA,PONTEVEDRA,36,151,151,96,31,0,0,66,0,24,9,73,8,39,0,1.9,0.2,2023-02-24,22.0,2023-02-18
1477V,2017-18,VILAGARCÍA DE AROUSA,PONTEVEDRA,32,150,150,121,61,0,0,72,0,12,3,72,7,66,0,1.0,0.1,2018-02-08,21.6,2018-02-26
1477V,2018-19,VILAGARCÍA DE AROUSA,PONTEVEDRA,32,151,151,119,32,0,0,73,0,30,19,59,13,65,0,2.2,0.1,2019-01-05,27.1,2019-03-24
1477V,2019-20,VILAGARCÍA DE AROUSA,PONTEVEDRA,32,151,151,97,24,0,0,60,0,20,10,82,3,53,0,2.8,1.3,2019-12-04,24.2,2020-03-18
1477V,2020-21,VILAGARCÍA DE AROUSA,PONTEVEDRA,32,151,151,98,31,3,0,58,3,31,12,72,6,76,1,1.8,-0.9,2021-01-05,27.7,2021-03-31
1477V,2021-22,VILAGARCÍA DE AROUSA,PONTEVEDRA,32,151,151,116,32,0,0,68,0,33,12,50,7,27,0,2.3,0.9,2022-01-15,23.3,2022-03-24
1477V,2022-23,VILAGARCÍA DE AROUSA,PONTEVEDRA,32,151,151,95,28,0,0,64,0,22,10,75,8,47,0,1.8,0.5,2023-02-24,22.0,2023-02-18
1477V,2023-24,VILAGARCÍA DE AROUSA,PONTEVEDRA,32,152,152,103,21,0,0,68,0,27,15,82,5,61,0,3.0,0.2,2024-01-20,27.0,2024-03-22
1477V,2024-25,VILAGARCÍA DE AROUSA,PONTEVEDRA,32,149,149,91,27,0,0,61,0,34,18,59,6,49,0,3.3,0.8,2025-02-08,26.0,2025-03-30
1477V,2025-26,VILAGARCÍA DE AROUSA,PONTEVEDRA,32,151,151,110,29,0,0,70,0,28,15,86,6,71,0,3.1,1.4,2026-01-06,24.9,2026-03-31
1484C,2017-18,PONTEVEDRA,PONTEVEDRA,113,151,151,128,59,1,0,78,1,7,1,73,3,66,1,2.0,-0.3,2018-02-08,20.2,2018-02-26
1484C,2018-19,PONTEVEDRA,PONTEVEDRA,113,151,151,121,29,0,0,75,0,28,22,58,12,86,0,2.5,1.1,2019-01-02,25.8,2019-03-26
1484C,2019-20,PONTEVEDRA,PONTEVEDRA,113,152,152,113,29,0,0,69,0,21,8,80,5,53,0,2.9,0.5,2020-01-01,24.1,2020-03-18
1484C,2020-21,PONTEVEDRA,PONTEVEDRA,113,151,151,114,41,4,0,70,4,31,14,70,6,75,4,0.9,-1.2,2021-01-08,28.6,2021-03-31
1484C,2021-22,PONTEVEDRA,PONTEVEDRA,113,151,151,121,23,0,0,71,0,35,16,54,7,30,0,3.2,1.9,2022-03-07,24.9,2022-03-24
1484C,2022-23,PONTEVEDRA,PONTEVEDRA,113,150,150,100,33,0,0,67,0,26,12,77,10,24,0,2.0,0.0,2023-03-02,23.1,2023-02-17
1484C,2023-24,PONTEVEDRA,PONTEVEDRA,113,152,152,103,23,0,0,65,0,37,17,68,10,61,0,3.2,0.3,2024-01-20,28.6,2024-03-22
1484C,2024-25,PONTEVEDRA,PONTEVEDRA,113,151,151,97,23,0,0,65,0,38,18,59,12,34,0,3.4,1.7,2025-02-08,26.7,2025-03-30
1484C,2025-26,PONTEVEDRA,PONTEVEDRA,113,151,151,116,28,0,0,73,0,23,14,83,6,99,0,3.2,1.8,2026-01-06,25.7,2026-03-19
1486E,2022-23,ESCUELA NAVAL DE MARÍN,PONTEVEDRA,20,151,151,85,27,0,0,61,0,32,7,71,9,35,0,3.1,1.6,2023-03-02,23.1,2023-03-29
1486E,2023-24,ESCUELA NAVAL DE MARÍN,PONTEVEDRA,20,146,146,89,12,0,0,58,0,31,8,71,6,35,0,3.8,2.1,2023-12-18,26.0,2024-03-21
1486E,2024-25,ESCUELA NAVAL DE MARÍN,PONTEVEDRA,20,151,151,81,16,0,0,57,0,37,19,54,12,37,0,4.2,2.1,2025-01-16,24.3,2025-03-31
1486E,2025-26,ESCUELA NAVAL DE MARÍN,PONTEVEDRA,20,137,137,87,16,0,0,55,0,21,8,73,4,23,0,4.1,2.9,2026-01-06,23.6,2026-03-31
1489A,2017-18,A LAMA,PONTEVEDRA,395,151,151,141,101,33,0,84,28,9,2,64,7,68,3,-1.6,-2.7,2018-02-24,20.7,2017-11-18
1489A,2018-19,A LAMA,PONTEVEDRA,395,151,151,144,83,17,1,86,15,28,19,56,12,44,7,-1.0,-3.3,2019-01-05,24.6,2019-03-24
1489A,2019-20,A LAMA,PONTEVEDRA,395,151,151,135,73,16,1,82,15,19,7,85,4,54,3,-0.9,-3.7,2020-01-01,23.3,2020-03-18
1489A,2020-21,A LAMA,PONTEVEDRA,395,150,150,129,69,28,4,78,27,23,9,72,5,67,8,-1.8,-4.3,2021-01-16,27.2,2021-03-31
1489A,2021-22,A LAMA,PONTEVEDRA,395,150,150,139,89,11,0,81,9,26,7,53,3,26,4,-0.8,-3.0,2022-01-24,21.5,2022-02-22
1489A,2022-23,A LAMA,PONTEVEDRA,395,151,151,129,73,12,0,81,9,17,7,78,7,83,4,-0.8,-2.8,2023-01-31,22.0,2023-03-28
1489A,2023-24,A LAMA,PONTEVEDRA,395,152,152,130,70,13,1,81,13,26,14,83,6,65,4,-0.6,-3.6,2023-12-18,28.7,2024-03-22
1489A,2024-25,A LAMA,PONTEVEDRA,395,150,150,126,67,11,1,81,10,21,9,57,4,48,3,-0.6,-3.6,2025-01-15,26.2,2025-03-31
1489A,2025-26,A LAMA,PONTEVEDRA,395,151,151,137,73,11,0,84,9,14,10,85,4,110,2,-0.2,-2.5,2026-01-06,23.7,2026-03-17
1495,2017-18,VIGO AEROPUERTO,PONTEVEDRA,255,151,151,134,77,4,0,80,4,10,1,73,3,40,1,1.1,-0.3,2018-01-06,20.5,2018-02-26
1495,2018-19,VIGO AEROPUERTO,PONTEVEDRA,255,151,151,130,36,0,0,81,0,25,17,53,11,87,0,1.4,0.4,2019-01-12,25.0,2019-03-24
1495,2019-20,VIGO AEROPUERTO,PONTEVEDRA,255,152,152,123,42,0,0,74,0,15,4,79,3,53,0,1.9,0.2,2020-01-07,23.5,2020-03-18
1495,2020-21,VIGO AEROPUERTO,PONTEVEDRA,255,150,150,125,44,5,1,76,5,23,10,66,5,76,5,0.3,-3.1,2021-01-05,28.1,2021-03-31
1495,2021-22,VIGO AEROPUERTO,PONTEVEDRA,255,149,149,130,46,0,0,76,0,27,7,50,7,30,0,2.1,0.8,2022-03-07,22.7,2022-03-24
1495,2022-23,VIGO AEROPUERTO,PONTEVEDRA,255,151,151,114,43,2,0,75,1,16,6,75,7,82,1,1.1,-0.9,2023-02-24,21.6,2023-03-29
1495,2023-24,VIGO AEROPUERTO,PONTEVEDRA,255,151,151,115,29,1,0,72,1,24,11,80,5,66,1,1.6,-0.2,2023-12-18,27.8,2024-03-22
1495,2024-25,VIGO AEROPUERTO,PONTEVEDRA,255,151,151,111,34,0,0,75,0,30,13,59,8,72,0,2.5,0.0,2025-01-15,24.8,2025-03-31
1495,2025-26,VIGO AEROPUERTO,PONTEVEDRA,255,151,151,130,44,1,0,83,1,17,12,90,4,110,1,1.9,-0.1,2026-01-06,24.2,2026-03-31
1496X,2017-18,VIGO ,PONTEVEDRA,120,151,151,121,25,0,0,74,0,15,6,73,6,40,0,3.7,3.0,2018-02-08,21.1,2017-11-19
1496X,2018-19,VIGO ,PONTEVEDRA,120,151,151,98,11,0,0,63,0,30,18,46,13,48,0,4.8,3.4,2019-02-03,26.0,2019-03-26
1496X,2019-20,VIGO ,PONTEVEDRA,120,151,151,97,7,0,0,61,0,20,9,72,5,38,0,5.0,3.5,2020-01-01,23.2,2020-03-18
1496X,2020-21,VIGO ,PONTEVEDRA,120,151,151,91,24,0,0,61,0,36,17,65,6,74,0,2.8,0.3,2021-01-08,28.8,2021-03-31
1496X,2021-22,VIGO ,PONTEVEDRA,120,151,151,101,7,0,0,60,0,41,13,49,7,25,0,5.0,4.0,2021-11-28,24.5,2022-03-24
1496X,2022-23,VIGO ,PONTEVEDRA,120,151,151,81,19,0,0,55,0,27,10,71,8,35,0,3.8,2.7,2023-02-24,22.6,2023-02-17
1496X,2023-24,VIGO ,PONTEVEDRA,120,152,152,89,11,0,0,55,0,35,16,79,12,61,0,4.6,3.5,2023-12-18,27.8,2024-03-22
1496X,2024-25,VIGO ,PONTEVEDRA,120,151,151,87,10,0,0,59,0,38,23,55,12,37,0,4.7,3.7,2025-02-08,25.8,2024-11-07
1496X,2025-26,VIGO ,PONTEVEDRA,120,136,136,97,9,0,0,59,0,28,14,72,11,49,0,4.6,2.8,2026-01-05,25.4,2026-03-17
1505,2017-18,LUGO AEROPUERTO,LUGO,442,151,151,144,112,42,7,86,31,4,0,85,3,128,11,-2.7,-5.9,2017-12-06,18.9,2017-11-21
1505,2018-19,LUGO AEROPUERTO,LUGO,442,151,151,146,103,35,6,87,26,27,12,54,7,70,6,-2.8,-7.2,2019-01-06,24.0,2019-02-26
1505,2019-20,LUGO AEROPUERTO,LUGO,442,152,152,141,77,30,7,85,27,18,8,73,4,52,8,-2.8,-4.5,2019-12-04,22.8,2020-03-11
1505,2020-21,LUGO AEROPUERTO,LUGO,442,151,151,136,89,27,6,78,19,20,8,67,5,83,6,-2.5,-4.9,2021-01-07,27.8,2021-03-31
1505,2021-22,LUGO AEROPUERTO,LUGO,442,151,151,148,107,40,11,87,32,14,6,45,3,42,9,-3.4,-5.5,2022-01-29,21.9,2022-03-27
1505,2022-23,LUGO AEROPUERTO,LUGO,442,151,151,134,80,35,14,84,28,20,7,65,5,92,15,-3.6,-6.4,2023-02-11,24.4,2023-03-29
1505,2023-24,LUGO AEROPUERTO,LUGO,442,152,152,136,82,16,4,85,15,25,10,57,5,65,4,-1.8,-5.0,2024-01-20,24.7,2024-03-21
1505,2024-25,LUGO AEROPUERTO,LUGO,442,151,151,139,87,27,8,80,22,18,10,56,4,63,7,-3.1,-4.9,2025-01-15,25.7,2025-03-31
1505,2025-26,LUGO AEROPUERTO,LUGO,442,151,151,140,93,16,1,84,12,19,10,79,6,101,8,-1.0,-3.3,2025-12-27,25.1,2026-03-17
1518A,2017-18,LUGO,LUGO,442,151,151,145,113,33,4,86,25,4,1,68,1,94,7,-1.9,-4.1,2017-12-06,20.0,2018-02-25
1518A,2018-19,LUGO,LUGO,442,151,151,147,103,21,2,87,18,28,17,57,9,101,9,-1.7,-5.7,2019-01-06,25.7,2019-02-25
1518A,2019-20,LUGO,LUGO,442,150,150,138,70,18,0,82,17,20,13,59,4,58,3,-1.5,-2.9,2019-12-29,24.4,2020-03-19
1518A,2020-21,LUGO,LUGO,442,151,151,136,84,19,2,80,17,18,11,66,5,87,8,-1.6,-4.6,2021-01-12,29.2,2021-03-31
1518A,2021-22,LUGO,LUGO,442,151,151,146,91,28,2,85,24,17,8,50,5,60,7,-1.9,-3.9,2022-01-14,24.3,2022-03-27
1518A,2022-23,LUGO,LUGO,442,150,150,132,79,28,4,82,24,22,9,62,5,70,14,-2.5,-3.7,2023-02-11,24.8,2023-03-15
1518A,2023-24,LUGO,LUGO,442,152,152,136,76,11,2,86,11,13,5,69,3,71,3,-0.7,-3.4,2024-01-20,25.7,2024-03-21
1518A,2024-25,LUGO,LUGO,442,151,151,135,73,20,0,81,17,11,3,59,4,114,6,-1.5,-2.9,2025-01-15,25.8,2025-03-31
1518A,2025-26,LUGO,LUGO,442,151,151,142,81,11,1,86,9,16,7,77,6,108,8,-0.2,-3.4,2025-12-27,25.6,2026-03-17
1521I,2017-18,O PÁRAMO,LUGO,403,151,151,144,115,45,8,85,33,4,0,82,2,123,11,-2.9,-4.8,2017-12-06,19.7,2017-11-22
1521I,2018-19,O PÁRAMO,LUGO,403,151,151,145,108,40,10,86,34,31,16,56,11,71,18,-3.5,-7.7,2019-01-05,24.2,2019-02-25
1521I,2019-20,O PÁRAMO,LUGO,403,150,150,138,82,24,4,81,21,19,10,71,3,50,4,-2.0,-4.5,2019-12-29,23.9,2020-03-11
1521I,2020-21,O PÁRAMO,LUGO,403,151,151,134,94,30,7,79,22,26,8,60,5,70,9,-3.0,-5.7,2021-01-12,28.1,2021-03-31
1521I,2021-22,O PÁRAMO,LUGO,403,151,151,144,105,42,8,83,33,17,5,41,5,42,20,-3.2,-5.9,2022-01-14,22.4,2022-03-27
1521I,2022-23,O PÁRAMO,LUGO,403,151,151,130,86,35,11,81,30,18,11,63,5,92,11,-3.7,-5.2,2023-02-11,25.0,2023-03-28
1521I,2023-24,O PÁRAMO,LUGO,403,151,151,132,85,15,2,83,12,34,11,67,8,44,3,-1.6,-5.4,2024-01-12,26.7,2024-03-21
1521I,2024-25,O PÁRAMO,LUGO,403,151,151,139,81,29,6,82,24,24,9,57,4,75,7,-2.9,-5.0,2025-01-01,27.6,2025-03-31
1521I,2025-26,O PÁRAMO,LUGO,403,143,143,128,82,17,1,79,13,24,14,70,9,64,9,-1.7,-5.0,2025-12-27,25.8,2026-03-17
1521X,2017-18,BECERREÁ,LUGO,1080,151,151,150,125,65,9,90,41,0,0,98,0,151,13,-3.2,-5.1,2018-02-28,16.6,2017-11-20
1521X,2018-19,BECERREÁ,LUGO,1080,151,151,151,106,20,1,90,14,3,0,61,1,117,5,-1.0,-3.1,2019-01-11,18.9,2019-02-26
1521X,2019-20,BECERREÁ,LUGO,1080,151,151,147,103,21,0,87,9,2,0,81,2,92,3,-1.2,-3.0,2020-03-31,19.4,2019-12-29
1521X,2020-21,BECERREÁ,LUGO,1080,151,151,146,108,36,7,90,31,2,1,60,1,147,16,-3.0,-5.9,2021-01-07,21.9,2021-03-31
1521X,2021-22,BECERREÁ,LUGO,1080,151,151,149,106,20,1,88,9,0,0,56,0,151,5,-1.2,-4.1,2022-01-22,17.9,2021-12-15
1521X,2022-23,BECERREÁ,LUGO,1080,147,147,146,95,28,7,86,25,2,1,40,2,76,10,-2.6,-4.5,2023-03-02,20.1,2023-03-28
1521X,2023-24,BECERREÁ,LUGO,1080,149,149,142,86,24,3,84,15,4,1,75,2,69,4,-1.5,-3.7,2024-01-19,21.8,2024-03-22
1521X,2024-25,BECERREÁ,LUGO,1080,150,150,141,94,16,0,89,8,2,1,57,1,94,4,-0.8,-3.0,2025-03-16,21.6,2025-03-31
1521X,2025-26,BECERREÁ,LUGO,1080,149,149,146,108,32,2,89,26,1,0,79,1,108,4,-1.7,-3.6,2026-01-05,19.5,2026-03-17
1541B,2017-18,VILLABLINO,LEON,958,151,151,150,141,93,43,89,55,8,3,88,6,125,14,-6.1,-9.9,2018-03-22,22.4,2017-11-16
1541B,2018-19,VILLABLINO,LEON,958,151,151,151,146,92,40,90,60,29,14,51,10,46,26,-7.2,-9.6,2019-01-06,24.1,2019-02-25
1541B,2019-20,VILLABLINO,LEON,958,151,151,149,134,67,31,90,50,13,8,69,4,76,14,-5.0,-6.6,2020-01-12,24.1,2020-02-23
1541B,2021-22,VILLABLINO,LEON,958,151,151,151,138,87,49,90,57,27,9,48,8,28,31,-6.8,-8.7,2022-01-28,23.1,2022-02-02
1541B,2022-23,VILLABLINO,LEON,958,143,143,140,110,70,33,80,51,18,8,54,6,57,23,-6.9,-8.7,2023-01-23,22.4,2023-03-28
1541B,2023-24,VILLABLINO,LEON,958,152,152,148,129,65,18,90,53,33,17,76,7,58,14,-5.3,-8.5,2024-01-08,26.9,2024-03-22
1541B,2024-25,VILLABLINO,LEON,958,151,151,151,134,58,26,90,45,16,7,54,3,72,15,-6.3,-8.2,2025-01-01,26.6,2025-03-31
1541B,2025-26,VILLABLINO,LEON,958,148,148,148,132,58,14,87,35,19,9,80,6,35,12,-4.3,-7.0,2026-01-01,23.9,2026-03-17
1542,2018-19,PUERTO DE LEITARIEGOS,ASTURIAS,1530,151,151,151,148,73,18,90,43,0,0,29,0,151,13,-4.6,-7.4,2019-02-03,16.2,2019-03-27
1542,2019-20,PUERTO DE LEITARIEGOS,ASTURIAS,1530,129,129,129,122,60,17,91,37,0,0,49,0,128,11,-3.8,-4.9,2020-02-18,16.3,2020-02-22
1542,2020-21,PUERTO DE LEITARIEGOS,ASTURIAS,1530,151,151,151,142,76,31,90,54,1,0,26,1,150,29,-7.3,-12.6,2021-01-07,18.5,2021-03-31
1542,2021-22,PUERTO DE LEITARIEGOS,ASTURIAS,1530,143,143,143,141,73,20,83,41,1,0,32,1,75,14,-4.6,-6.3,2022-03-05,18.2,2022-02-02
1542,2022-23,PUERTO DE LEITARIEGOS,ASTURIAS,1530,151,151,151,139,66,32,90,50,0,0,38,0,151,12,-6.7,-9.9,2023-03-02,17.0,2023-03-28
1542,2023-24,PUERTO DE LEITARIEGOS,ASTURIAS,1530,148,148,148,136,61,27,91,38,2,1,62,2,127,16,-5.1,-8.1,2024-01-08,20.6,2024-03-22
1542,2024-25,PUERTO DE LEITARIEGOS,ASTURIAS,1530,151,151,151,137,76,27,90,51,1,0,47,1,150,10,-4.7,-7.4,2025-02-08,18.0,2025-03-31
1549,2017-18,PONFERRADA,LEON,532,151,151,143,124,52,12,87,38,8,2,58,2,94,11,-3.7,-5.1,2017-12-06,20.1,2018-02-26
1549,2018-19,PONFERRADA,LEON,532,151,151,149,115,39,15,89,36,35,23,38,13,90,21,-4.2,-5.9,2019-01-07,24.2,2019-03-24
1549,2019-20,PONFERRADA,LEON,532,152,152,146,89,28,8,88,27,26,12,61,5,92,8,-2.9,-4.9,2020-01-02,25.2,2020-03-11
1549,2020-21,PONFERRADA,LEON,532,151,151,139,95,31,14,85,28,29,14,50,5,68,19,-5.1,-8.4,2021-01-09,25.3,2021-03-31
1549,2021-22,PONFERRADA,LEON,532,151,151,148,108,39,14,90,33,14,2,26,3,50,21,-3.5,-4.6,2022-01-15,20.9,2022-03-15
1549,2022-23,PONFERRADA,LEON,532,151,151,140,85,32,16,89,27,22,10,58,5,47,11,-3.8,-4.8,2023-02-28,24.6,2023-03-29
1549,2023-24,PONFERRADA,LEON,532,152,152,141,95,20,2,88,18,27,12,61,10,53,6,-1.9,-3.6,2023-12-19,28.8,2024-03-22
1549,2024-25,PONFERRADA,LEON,532,151,151,144,87,33,8,90,31,23,11,43,7,82,7,-3.0,-4.8,2025-01-15,26.2,2025-03-31
1549,2025-26,PONFERRADA,LEON,532,151,151,146,104,15,2,88,12,28,17,70,13,101,3,-1.5,-3.8,2026-01-05,24.9,2026-03-17
1561I,2017-18,VEGA DE ESPINAREDA  ,LEON,770,151,151,150,136,79,21,89,57,9,3,49,6,97,17,-4.9,-5.9,2017-12-06,20.9,2017-11-15
1561I,2018-19,VEGA DE ESPINAREDA  ,LEON,770,151,151,151,136,59,17,90,45,31,13,48,12,102,24,-4.3,-6.4,2019-01-06,22.8,2019-02-25
1561I,2019-20,VEGA DE ESPINAREDA  ,LEON,770,152,152,151,118,44,12,91,34,19,9,63,5,94,14,-3.6,-5.2,2020-01-05,24.0,2020-03-11
1561I,2020-21,VEGA DE ESPINAREDA  ,LEON,770,151,151,150,117,47,20,90,36,20,10,60,5,97,19,-5.7,-8.8,2021-01-08,23.7,2021-03-31
1561I,2021-22,VEGA DE ESPINAREDA  ,LEON,770,151,151,151,128,62,18,90,41,21,3,42,3,30,21,-3.6,-5.3,2022-01-15,21.8,2022-02-02
1561I,2022-23,VEGA DE ESPINAREDA  ,LEON,770,151,151,149,107,54,29,89,45,19,6,66,5,81,23,-5.3,-7.1,2023-03-02,23.0,2023-03-28
1561I,2023-24,VEGA DE ESPINAREDA  ,LEON,770,152,152,148,116,42,13,91,30,28,13,72,9,61,13,-4.2,-6.2,2024-01-08,28.3,2024-03-22
1561I,2024-25,VEGA DE ESPINAREDA  ,LEON,770,151,151,147,116,49,17,90,38,18,4,50,7,89,8,-4.4,-7.9,2024-12-31,25.3,2025-03-31
1561I,2025-26,VEGA DE ESPINAREDA  ,LEON,770,151,151,150,122,42,4,90,29,23,13,73,12,109,5,-2.8,-5.3,2026-01-05,23.1,2026-03-17
1583X,2018-19,O BARCO DE VALDEORRAS,OURENSE,315,151,151,146,98,23,11,88,22,30,20,37,13,90,17,-3.9,-5.2,2019-01-06,24.5,2019-03-16
1583X,2019-20,O BARCO DE VALDEORRAS,OURENSE,315,132,132,114,56,14,0,71,14,21,9,44,5,32,3,-1.5,-2.2,2020-01-02,25.3,2020-03-11
1583X,2020-21,O BARCO DE VALDEORRAS,OURENSE,315,151,151,135,73,21,9,82,19,26,13,49,6,88,16,-3.4,-6.5,2021-01-09,27.6,2021-03-31
1583X,2021-22,O BARCO DE VALDEORRAS,OURENSE,315,151,151,143,92,34,6,86,32,16,3,30,6,57,21,-2.7,-4.3,2022-01-29,21.7,2022-03-27
1583X,2022-23,O BARCO DE VALDEORRAS,OURENSE,315,151,151,122,69,26,3,79,22,22,14,38,4,48,11,-2.7,-3.4,2023-01-29,24.8,2023-03-28
1583X,2023-24,O BARCO DE VALDEORRAS,OURENSE,315,151,152,129,66,5,0,84,5,24,14,49,13,63,2,0.3,-1.2,2023-12-19,28.3,2024-03-22
1583X,2024-25,O BARCO DE VALDEORRAS,OURENSE,315,150,150,130,63,15,0,82,15,20,9,41,7,78,4,-1.2,-2.6,2024-12-15,28.0,2025-03-31
1583X,2025-26,O BARCO DE VALDEORRAS,OURENSE,315,151,151,131,60,6,0,80,5,30,20,65,16,102,3,0.1,-1.7,2025-12-27,24.7,2026-03-17
1631E,2017-18,A POBRA DE TRIVES,OURENSE,840,151,151,150,126,55,14,89,43,1,0,74,1,129,12,-3.7,-5.2,2018-02-08,18.0,2017-11-22
1631E,2018-19,A POBRA DE TRIVES,OURENSE,840,151,151,151,129,33,3,90,29,15,5,52,9,115,17,-2.5,-4.3,2019-01-12,21.5,2019-03-16
1631E,2019-20,A POBRA DE TRIVES,OURENSE,840,152,152,150,105,29,2,90,24,10,3,70,3,93,4,-2.0,-3.2,2019-12-03,22.5,2020-03-11
1631E,2020-21,A POBRA DE TRIVES,OURENSE,840,151,151,149,109,33,14,90,27,6,2,60,2,134,16,-4.2,-7.8,2021-01-08,23.8,2021-03-31
1631E,2021-22,A POBRA DE TRIVES,OURENSE,840,151,151,151,122,38,6,90,29,1,0,36,1,89,20,-2.5,-3.9,2022-01-14,19.1,2022-01-01
1631E,2022-23,A POBRA DE TRIVES,OURENSE,840,151,151,147,100,44,13,88,36,7,2,63,3,131,17,-4.1,-6.3,2023-02-28,22.8,2023-03-28
1631E,2023-24,A POBRA DE TRIVES,OURENSE,840,152,152,145,104,24,4,89,21,9,3,71,4,119,6,-1.8,-4.6,2024-01-08,24.4,2024-03-22
1631E,2024-25,A POBRA DE TRIVES,OURENSE,840,151,151,147,100,32,8,90,28,7,2,50,3,142,7,-3.0,-4.5,2024-12-15,23.3,2025-03-31
1631E,2025-26,A POBRA DE TRIVES,OURENSE,840,151,151,147,113,27,4,89,21,10,3,78,2,114,5,-1.8,-4.4,2026-01-05,20.3,2026-03-17
1639X,2017-18,CHANDREXA DE QUEIXA,OURENSE,990,150,150,150,130,71,22,90,50,1,0,77,1,112,17,-4.6,-6.7,2018-02-08,18.3,2017-11-20
1639X,2018-19,CHANDREXA DE QUEIXA,OURENSE,990,151,151,151,130,43,11,90,35,15,3,51,4,107,18,-3.3,-4.8,2019-01-12,20.6,2019-02-25
1639X,2019-20,CHANDREXA DE QUEIXA,OURENSE,990,150,150,148,119,42,7,88,31,9,5,65,3,48,5,-2.8,-4.2,2019-12-03,22.2,2020-03-11
1639X,2020-21,CHANDREXA DE QUEIXA,OURENSE,990,151,151,150,111,47,16,90,35,8,2,67,3,122,21,-5.3,-9.2,2021-01-08,22.8,2021-03-31
1639X,2021-22,CHANDREXA DE QUEIXA,OURENSE,990,149,149,147,125,59,10,88,38,4,1,46,2,80,21,-3.3,-4.7,2022-01-22,20.5,2022-02-02
1639X,2022-23,CHANDREXA DE QUEIXA,OURENSE,990,148,148,146,96,51,22,87,42,7,3,58,3,60,21,-4.9,-7.8,2023-02-28,20.5,2023-03-27
1639X,2023-24,CHANDREXA DE QUEIXA,OURENSE,990,152,152,143,108,33,5,87,25,16,8,70,4,66,7,-1.8,-4.6,2024-01-08,24.2,2024-03-22
1639X,2024-25,CHANDREXA DE QUEIXA,OURENSE,990,151,151,145,103,40,12,89,32,5,3,53,2,142,8,-3.5,-6.1,2024-12-31,24.7,2025-03-31
1639X,2025-26,CHANDREXA DE QUEIXA,OURENSE,990,151,151,148,117,34,4,89,23,7,3,72,2,113,5,-1.9,-5.0,2026-01-05,20.4,2026-03-19
1658,2017-18,FOLGOSO DO COUREL,LUGO,612,141,141,135,112,35,4,77,27,4,0,75,2,35,11,-2.6,-3.6,2017-11-30,18.5,2017-11-20
1658,2018-19,FOLGOSO DO COUREL,LUGO,612,139,139,137,99,24,5,84,23,25,13,57,9,32,11,-2.6,-4.6,2019-01-03,24.4,2019-03-27
1658,2019-20,FOLGOSO DO COUREL,LUGO,612,150,150,142,90,22,0,85,17,16,8,57,4,59,4,-1.6,-2.7,2019-12-03,23.4,2020-02-23
1658,2020-21,FOLGOSO DO COUREL,LUGO,612,129,129,119,84,34,10,64,25,21,8,51,5,28,14,-3.8,-8.4,2021-01-08,25.7,2021-03-31
1658,2021-22,FOLGOSO DO COUREL,LUGO,612,135,135,130,99,30,1,81,24,13,7,38,3,31,11,-2.1,-3.2,2022-01-22,22.3,2022-02-02
1658,2022-23,FOLGOSO DO COUREL,LUGO,612,142,142,131,77,32,4,84,28,16,7,64,6,83,7,-2.7,-4.9,2023-03-02,22.2,2023-03-29
1658,2023-24,FOLGOSO DO COUREL,LUGO,612,152,152,138,83,17,1,86,17,29,11,66,8,65,6,-1.0,-3.4,2023-12-19,27.7,2024-03-22
1658,2024-25,FOLGOSO DO COUREL,LUGO,612,147,147,135,77,24,0,85,21,15,7,56,8,59,4,-2.0,-3.0,2025-02-08,26.5,2025-03-31
1658,2025-26,FOLGOSO DO COUREL,LUGO,612,150,150,140,96,14,1,84,11,23,8,86,10,60,4,-0.7,-3.5,2026-01-05,23.3,2026-03-17
1679A,2017-18,MONFORTE DE LEMOS,LUGO,291,151,151,143,116,46,13,85,30,12,4,59,2,66,12,-3.8,-5.9,2018-02-24,21.2,2018-03-27
1679A,2018-19,MONFORTE DE LEMOS,LUGO,291,151,151,146,121,46,8,88,34,45,29,42,13,60,18,-3.0,-7.0,2019-01-07,26.0,2019-02-26
1679A,2019-20,MONFORTE DE LEMOS,LUGO,291,142,142,129,82,33,1,82,27,30,17,40,5,31,7,-1.8,-3.5,2020-01-21,24.8,2020-03-11
1679A,2020-21,MONFORTE DE LEMOS,LUGO,291,145,145,133,87,24,8,78,18,34,21,55,5,34,4,-3.0,-7.5,2021-01-09,28.7,2021-03-31
1679A,2021-22,MONFORTE DE LEMOS,LUGO,291,151,151,150,108,47,13,89,39,35,11,43,7,36,22,-4.7,-6.4,2022-01-23,24.2,2022-03-27
1679A,2022-23,MONFORTE DE LEMOS,LUGO,291,150,150,131,88,36,17,78,29,33,20,40,6,40,11,-4.6,-6.6,2023-02-11,25.8,2023-03-29
1679A,2023-24,MONFORTE DE LEMOS,LUGO,291,152,152,136,90,13,2,86,12,38,20,59,13,57,5,-0.8,-4.0,2024-01-20,28.5,2024-03-22
1679A,2024-25,MONFORTE DE LEMOS,LUGO,291,139,139,129,72,24,3,73,18,37,20,45,7,23,6,-2.2,-4.7,2025-01-18,29.2,2025-03-31
1679A,2025-26,MONFORTE DE LEMOS,LUGO,291,150,150,138,85,24,3,83,16,33,22,70,11,76,9,-1.7,-5.0,2025-12-27,26.3,2026-03-19
1690A,2017-18,OURENSE,OURENSE,146,151,151,135,103,23,2,79,18,19,5,58,3,35,8,-1.6,-4.0,2018-02-24,22.5,2018-03-27
1690A,2018-19,OURENSE,OURENSE,146,151,151,140,83,20,5,85,20,45,37,42,13,51,16,-1.9,-5.3,2019-01-06,26.7,2019-03-26
1690A,2019-20,OURENSE,OURENSE,146,152,152,126,67,12,0,78,12,43,21,64,9,65,3,-0.5,-1.2,2019-12-29,25.4,2020-02-23
1690A,2020-21,OURENSE,OURENSE,146,151,151,131,68,17,5,79,15,48,26,52,11,35,4,-1.4,-5.6,2021-01-09,29.1,2021-03-31
1690A,2021-22,OURENSE,OURENSE,146,151,151,138,80,25,4,81,24,43,24,36,8,31,13,-2.8,-4.1,2022-01-23,24.8,2022-02-22
1690A,2022-23,OURENSE,OURENSE,146,133,133,105,60,27,2,75,23,40,18,44,8,33,11,-2.5,-3.4,2023-01-31,26.3,2023-03-29
1690A,2023-24,OURENSE,OURENSE,146,152,152,118,55,3,0,74,3,52,31,52,13,34,1,1.5,-1.9,2024-01-20,30.4,2024-03-22
1690A,2024-25,OURENSE,OURENSE,146,150,151,120,58,15,0,76,12,46,28,48,12,21,5,-0.6,-1.9,2025-01-16,30.3,2025-03-31
1690A,2025-26,OURENSE,OURENSE,146,151,151,129,58,7,0,81,7,43,27,61,17,63,5,0.3,-3.0,2025-12-27,26.3,2026-03-19
1696O,2017-18,BEARIZ,OURENSE,610,151,151,147,123,73,25,87,49,6,0,76,5,98,12,-5.2,-7.7,2018-02-24,19.9,2017-11-16
1696O,2018-19,BEARIZ,OURENSE,610,151,151,149,124,69,26,88,48,29,18,55,12,44,18,-5.4,-7.6,2019-01-06,23.9,2019-03-24
1696O,2019-20,BEARIZ,OURENSE,610,149,149,144,98,49,12,85,37,19,10,82,4,48,8,-3.6,-5.9,2020-01-01,23.5,2020-02-23
1696O,2020-21,BEARIZ,OURENSE,610,146,146,140,99,53,16,81,31,22,8,73,5,84,9,-4.0,-7.1,2021-01-12,26.2,2021-03-31
1696O,2021-22,BEARIZ,OURENSE,610,151,151,150,122,66,27,89,46,23,6,55,4,31,22,-5.5,-7.3,2022-01-29,22.0,2022-03-24
1696O,2022-23,BEARIZ,OURENSE,610,151,151,144,100,57,25,86,46,20,14,71,6,82,16,-5.6,-8.1,2023-03-02,24.3,2023-03-28
1696O,2023-24,BEARIZ,OURENSE,610,152,152,143,112,37,10,87,28,37,24,80,13,37,5,-3.8,-6.7,2023-12-19,29.3,2024-03-22
1696O,2024-25,BEARIZ,OURENSE,610,150,150,147,105,55,18,87,42,23,12,63,6,35,8,-4.5,-6.0,2025-01-15,27.5,2025-03-31
1696O,2025-26,BEARIZ,OURENSE,610,141,141,136,97,46,7,77,29,20,14,82,4,58,9,-2.8,-5.7,2025-12-27,24.2,2026-03-17
1700X,2017-18,O CARBALLIÑO,OURENSE,400,143,143,136,109,44,4,80,34,15,2,61,5,48,11,-2.7,-3.8,2018-02-24,20.8,2018-02-26
1700X,2018-19,O CARBALLIÑO,OURENSE,400,147,147,142,101,24,8,84,21,35,25,45,9,86,16,-3.0,-5.4,2019-01-06,26.0,2019-03-24
1700X,2019-20,O CARBALLIÑO,OURENSE,400,152,152,137,85,22,1,83,21,24,17,70,5,93,7,-1.7,-3.6,2020-01-02,24.1,2020-03-18
1700X,2020-21,O CARBALLIÑO,OURENSE,400,149,149,135,84,28,6,78,24,29,19,66,5,75,9,-2.9,-5.0,2021-01-13,27.2,2021-03-31
1700X,2021-22,O CARBALLIÑO,OURENSE,400,148,148,144,105,38,6,84,28,25,10,45,6,36,15,-2.8,-4.8,2022-01-29,23.6,2022-02-22
1700X,2022-23,O CARBALLIÑO,OURENSE,400,147,147,128,81,33,8,79,28,23,16,64,7,79,11,-3.0,-5.7,2023-03-02,24.7,2023-03-28
1700X,2023-24,O CARBALLIÑO,OURENSE,400,152,152,138,92,20,6,86,19,31,19,71,10,68,5,-1.5,-5.2,2023-12-19,30.3,2024-03-22
1700X,2024-25,O CARBALLIÑO,OURENSE,400,151,151,137,83,33,6,84,29,23,12,51,7,81,7,-2.8,-4.2,2024-12-15,27.4,2025-03-31
1700X,2025-26,O CARBALLIÑO,OURENSE,400,151,151,142,99,19,1,86,15,24,14,76,9,108,9,-2.0,-4.1,2025-12-27,24.5,2026-03-24
1701X,2017-18,RIBADAVIA,OURENSE,112,151,151,137,100,19,2,82,16,16,5,62,3,66,7,-1.2,-4.4,2018-02-24,21.5,2018-02-25
1701X,2018-19,RIBADAVIA,OURENSE,112,151,151,141,82,15,2,85,15,43,33,45,13,44,10,-1.4,-3.5,2019-01-07,27.0,2019-03-24
1701X,2019-20,RIBADAVIA,OURENSE,112,151,151,122,58,4,0,77,3,36,21,58,8,33,1,0.3,-2.2,2020-01-21,25.7,2020-03-18
1701X,2020-21,RIBADAVIA,OURENSE,112,149,149,128,70,15,2,76,13,41,21,48,6,34,8,-1.2,-3.8,2021-01-11,29.3,2021-03-31
1701X,2021-22,RIBADAVIA,OURENSE,112,135,135,127,81,17,1,67,14,31,11,33,8,24,7,-1.5,-3.4,2022-01-23,24.3,2022-03-27
1701X,2022-23,RIBADAVIA,OURENSE,112,151,151,117,58,25,3,76,21,37,19,61,8,47,11,-2.5,-3.5,2023-02-28,26.9,2023-03-28
1701X,2023-24,RIBADAVIA,OURENSE,112,152,152,123,54,4,0,78,4,40,23,64,10,42,2,1.4,-0.9,2024-01-12,31.6,2024-03-22
1701X,2024-25,RIBADAVIA,OURENSE,112,151,151,125,64,11,0,78,8,38,22,46,8,40,5,-0.5,-1.3,2025-03-02,29.6,2025-03-31
1701X,2025-26,RIBADAVIA,OURENSE,112,151,151,129,56,6,0,80,6,37,23,70,17,76,4,0.9,-2.1,2025-12-27,26.3,2026-03-24
1706A,2017-18,ALLARIZ,OURENSE,492,144,144,136,108,46,10,79,33,10,0,58,6,75,9,-3.4,-5.6,2017-12-03,19.8,2018-02-26
1706A,2018-19,ALLARIZ,OURENSE,492,127,127,122,81,27,11,62,23,27,18,35,12,64,20,-4.4,-7.0,2019-01-07,24.2,2019-03-24
1706A,2019-20,ALLARIZ,OURENSE,492,151,151,139,86,31,3,83,26,20,13,59,4,47,5,-2.5,-5.4,2020-01-01,23.3,2020-02-23
1706A,2020-21,ALLARIZ,OURENSE,492,149,149,137,83,32,14,84,22,24,9,58,5,40,10,-3.5,-8.4,2021-01-09,26.6,2021-03-31
1706A,2021-22,ALLARIZ,OURENSE,492,146,146,139,103,39,13,81,31,16,5,39,6,29,15,-3.7,-6.8,2022-01-29,21.8,2022-02-22
1706A,2022-23,ALLARIZ,OURENSE,492,151,151,138,77,41,15,86,34,22,9,61,6,82,11,-4.8,-6.5,2023-02-28,24.1,2023-03-29
1706A,2023-24,ALLARIZ,OURENSE,492,151,151,136,83,22,2,83,18,36,16,64,10,65,5,-1.3,-5.4,2023-12-19,27.9,2024-03-22
1706A,2024-25,ALLARIZ,OURENSE,492,151,151,138,78,23,9,87,19,31,13,53,9,37,3,-3.2,-5.4,2025-01-15,27.4,2025-03-31
1706A,2025-26,ALLARIZ,OURENSE,492,151,151,140,99,28,6,85,19,24,18,58,9,109,8,-2.5,-4.3,2025-12-27,23.9,2026-03-24
1719,2017-18,A CAÑIZA,PONTEVEDRA,560,151,151,145,96,12,0,87,9,7,0,69,5,96,3,-0.6,-1.3,2017-11-30,19.8,2018-02-26
1719,2018-19,A CAÑIZA,PONTEVEDRA,560,151,151,147,62,1,0,88,1,28,17,56,12,71,1,0.9,-0.8,2019-02-03,24.1,2019-03-24
1719,2019-20,A CAÑIZA,PONTEVEDRA,560,152,152,143,68,1,0,86,1,23,11,76,4,57,1,0.8,-0.6,2019-12-04,22.5,2020-02-23
1719,2020-21,A CAÑIZA,PONTEVEDRA,560,149,149,133,66,17,3,80,15,26,10,63,6,54,9,-1.1,-4.5,2021-01-09,26.3,2021-03-31
1719,2021-22,A CAÑIZA,PONTEVEDRA,560,150,150,143,79,1,0,85,0,18,4,49,3,27,1,1.0,-1.0,2022-03-07,21.8,2022-02-22
1719,2022-23,A CAÑIZA,PONTEVEDRA,560,147,147,130,62,15,0,83,12,16,7,59,6,83,4,-0.9,-2.9,2023-03-02,22.7,2023-03-28
1719,2023-24,A CAÑIZA,PONTEVEDRA,560,151,151,135,60,4,0,84,4,24,15,79,7,47,2,0.6,-1.9,2024-01-08,28.9,2024-03-22
1719,2024-25,A CAÑIZA,PONTEVEDRA,560,151,151,127,69,5,0,83,3,20,8,52,4,68,2,0.7,-1.3,2025-02-08,27.2,2025-03-31
1719,2025-26,A CAÑIZA,PONTEVEDRA,560,151,151,140,77,4,0,86,3,20,11,72,8,108,2,0.6,-0.6,2025-12-25,23.7,2026-03-17
1723X,2017-18,"PONTEAREAS, CANEDO   ",PONTEVEDRA,90,151,151,133,97,26,0,79,21,22,4,69,5,39,7,-1.9,-3.0,2017-12-05,20.8,2018-02-26
1723X,2018-19,"PONTEAREAS, CANEDO   ",PONTEVEDRA,90,151,151,136,75,19,3,83,19,42,28,55,14,67,10,-1.9,-3.8,2019-01-06,27.3,2019-03-24
1723X,2019-20,"PONTEAREAS, CANEDO   ",PONTEVEDRA,90,151,151,120,60,9,0,72,9,30,26,62,8,52,3,-0.1,-1.2,2019-12-04,25.1,2020-02-23
1723X,2020-21,"PONTEAREAS, CANEDO   ",PONTEVEDRA,90,151,151,125,64,19,5,72,18,47,25,54,11,53,5,-1.7,-4.8,2021-01-08,29.8,2021-03-31
1723X,2021-22,"PONTEAREAS, CANEDO   ",PONTEVEDRA,90,150,150,138,86,22,2,80,20,58,27,43,9,19,12,-2.0,-3.1,2022-01-23,23.7,2022-03-24
1723X,2022-23,"PONTEAREAS, CANEDO   ",PONTEVEDRA,90,137,137,99,49,16,1,58,12,35,18,65,11,32,6,-1.9,-3.1,2023-03-02,26.0,2023-03-28
1723X,2023-24,"PONTEAREAS, CANEDO   ",PONTEVEDRA,90,152,152,118,59,5,0,74,5,45,32,75,15,59,2,0.5,-1.2,2024-01-20,30.5,2024-03-22
1723X,2024-25,"PONTEAREAS, CANEDO   ",PONTEVEDRA,90,151,151,123,64,17,0,77,16,54,31,59,12,14,6,-0.9,-2.2,2025-01-18,28.7,2025-03-31
1723X,2025-26,"PONTEAREAS, CANEDO   ",PONTEVEDRA,90,150,150,126,63,10,0,79,8,43,23,85,17,48,5,-0.3,-2.5,2025-12-27,26.9,2026-03-17
1730E,2017-18,O ROSAL,PONTEVEDRA,55,123,123,97,49,6,0,48,6,22,5,77,14,41,3,0.1,-1.2,2017-12-06,21.8,2017-11-18
1730E,2018-19,O ROSAL,PONTEVEDRA,55,151,151,113,41,5,0,75,5,35,25,60,14,64,3,0.5,-2.3,2019-01-05,26.0,2019-03-25
1730E,2019-20,O ROSAL,PONTEVEDRA,55,151,151,106,39,1,0,66,1,28,14,75,5,52,1,1.7,-0.7,2020-01-12,24.5,2020-03-18
1730E,2020-21,O ROSAL,PONTEVEDRA,55,151,151,103,41,10,0,59,10,39,21,65,7,75,3,-0.3,-2.1,2021-01-13,29.3,2021-03-31
1730E,2021-22,O ROSAL,PONTEVEDRA,55,151,151,117,42,3,0,69,3,41,21,45,8,25,2,0.9,-1.0,2022-01-24,23.1,2022-03-24
1730E,2022-23,O ROSAL,PONTEVEDRA,55,135,135,84,35,3,0,54,2,35,15,62,9,47,1,1.1,-0.9,2023-01-31,23.9,2023-02-17
1730E,2023-24,O ROSAL,PONTEVEDRA,55,152,152,93,20,2,0,62,2,39,25,84,12,60,2,1.8,-0.8,2023-12-19,29.4,2024-03-22
1730E,2024-25,O ROSAL,PONTEVEDRA,55,151,151,95,35,3,0,65,3,46,20,60,12,16,2,2.3,-1.0,2025-01-16,26.9,2025-03-31
1730E,2025-26,O ROSAL,PONTEVEDRA,55,151,151,108,35,0,0,65,0,32,19,87,11,48,0,2.0,0.7,2025-12-31,27.8,2026-03-31
1735X,2018-19,XINZO DE LIMIA,OURENSE,616,149,149,149,128,72,36,90,52,19,11,42,10,78,25,-7.7,-10.5,2019-01-05,22.3,2019-03-24
1735X,2019-20,XINZO DE LIMIA,OURENSE,616,152,152,150,114,53,30,90,40,15,8,66,3,58,8,-5.0,-8.6,2020-01-12,23.3,2020-03-11
1735X,2020-21,XINZO DE LIMIA,OURENSE,616,148,148,147,108,65,32,88,41,11,3,57,2,64,19,-7.1,-10.9,2021-01-09,24.5,2021-03-31
1735X,2021-22,XINZO DE LIMIA,OURENSE,616,151,151,151,127,83,44,90,55,5,1,33,2,61,35,-8.3,-11.5,2022-01-29,20.3,2022-02-22
1735X,2022-23,XINZO DE LIMIA,OURENSE,616,150,150,147,106,57,40,89,44,9,3,63,3,108,16,-7.4,-9.3,2023-02-28,22.6,2023-03-28
1735X,2023-24,XINZO DE LIMIA,OURENSE,616,152,152,143,112,46,13,88,34,20,7,63,4,66,6,-4.6,-8.0,2023-12-19,27.2,2024-03-22
1735X,2024-25,XINZO DE LIMIA,OURENSE,616,150,150,147,108,51,27,90,41,10,8,36,3,93,8,-6.3,-9.3,2025-01-15,24.3,2025-03-31
1735X,2025-26,XINZO DE LIMIA,OURENSE,616,151,151,148,122,51,13,89,34,14,4,66,4,113,13,-4.8,-7.2,2025-12-27,21.4,2026-02-22
1738U,2017-18,MUIÑOS,OURENSE,730,151,151,149,123,36,1,89,29,3,0,68,3,132,10,-2.3,-3.9,2018-02-08,18.5,2017-11-18
1738U,2018-19,MUIÑOS,OURENSE,730,151,151,149,99,19,0,90,16,18,10,52,9,107,4,-1.0,-2.6,2019-01-13,23.2,2019-03-15
1738U,2019-20,MUIÑOS,OURENSE,730,151,151,149,95,12,0,89,11,13,5,68,4,57,3,-0.6,-2.2,2020-01-12,22.3,2020-02-23
1738U,2020-21,MUIÑOS,OURENSE,730,151,151,145,90,28,11,88,25,17,9,57,3,84,18,-4.3,-6.4,2021-01-08,23.6,2021-03-31
1738U,2021-22,MUIÑOS,OURENSE,730,146,146,144,109,16,0,83,10,13,1,40,3,31,4,-1.0,-2.2,2022-01-24,20.2,2022-02-22
1738U,2022-23,MUIÑOS,OURENSE,730,150,150,144,89,35,10,86,30,12,4,58,4,95,10,-3.5,-5.1,2023-03-02,23.5,2023-03-28
1738U,2023-24,MUIÑOS,OURENSE,730,152,152,141,94,18,1,88,15,35,19,62,12,37,4,-1.1,-3.5,2023-12-18,28.1,2024-03-22
1738U,2024-25,MUIÑOS,OURENSE,730,151,151,143,90,26,2,90,22,18,7,54,4,89,5,-2.0,-3.5,2024-12-15,24.3,2025-03-31
1738U,2025-26,MUIÑOS,OURENSE,730,150,150,146,105,24,1,89,18,20,8,57,4,108,4,-1.1,-3.1,2025-12-26,22.2,2026-02-23
1740,2017-18,"SANTILLANA DEL MAR, ALTAMIRA",CANTABRIA,150,146,146,129,57,5,0,78,5,18,5,86,5,35,3,1.0,-2.6,2018-02-28,23.1,2017-11-01
1740,2018-19,"SANTILLANA DEL MAR, ALTAMIRA",CANTABRIA,150,150,150,137,34,3,0,82,3,24,13,51,4,53,3,2.1,-2.1,2019-01-04,23.3,2019-02-26
1740,2019-20,"SANTILLANA DEL MAR, ALTAMIRA",CANTABRIA,150,146,146,127,32,0,0,74,0,20,8,70,3,24,0,2.3,0.9,2020-03-31,25.3,2020-02-03
1740,2020-21,"SANTILLANA DEL MAR, ALTAMIRA",CANTABRIA,150,150,150,119,33,2,0,77,2,32,16,62,4,28,2,2.1,-0.8,2021-01-07,27.9,2021-03-31
1740,2021-22,"SANTILLANA DEL MAR, ALTAMIRA",CANTABRIA,150,150,150,125,43,2,0,78,2,21,10,63,5,36,1,1.3,-0.2,2022-01-13,23.5,2021-12-30
1740,2022-23,"SANTILLANA DEL MAR, ALTAMIRA",CANTABRIA,150,151,151,119,41,0,0,79,0,43,20,58,8,36,0,1.6,0.2,2023-02-07,27.3,2023-03-29
1740,2023-24,"SANTILLANA DEL MAR, ALTAMIRA",CANTABRIA,150,152,152,116,31,1,0,76,1,29,14,67,6,37,1,3.6,-0.6,2024-01-20,25.0,2023-11-13
1740,2024-25,"SANTILLANA DEL MAR, ALTAMIRA",CANTABRIA,150,150,150,115,29,2,0,78,2,41,18,63,8,16,2,2.4,-1.7,2025-01-14,24.3,2024-11-04
1740,2025-26,"SANTILLANA DEL MAR, ALTAMIRA",CANTABRIA,150,140,140,114,21,0,0,72,0,28,14,75,7,14,0,2.9,1.0,2025-12-26,26.4,2026-02-24
2005Y,2017-18,"VINUESA, QUINTANAREJO",SORIA,1197,151,151,151,147,106,37,90,74,3,0,66,2,130,39,-6.2,-9.3,2018-02-09,18.5,2017-11-20
2005Y,2018-19,"VINUESA, QUINTANAREJO",SORIA,1197,151,151,151,145,92,21,90,66,8,2,39,2,115,13,-3.5,-8.2,2019-02-04,21.9,2019-03-15
2005Y,2019-20,"VINUESA, QUINTANAREJO",SORIA,1197,152,152,151,137,74,14,91,52,7,5,55,3,94,8,-3.4,-7.1,2020-01-12,22.8,2020-03-12
2005Y,2020-21,"VINUESA, QUINTANAREJO",SORIA,1197,151,151,151,141,77,26,90,57,6,2,50,3,125,22,-5.8,-11.3,2021-01-08,20.4,2021-03-31
2005Y,2021-22,"VINUESA, QUINTANAREJO",SORIA,1197,151,151,151,145,93,32,90,63,1,1,45,1,93,13,-5.7,-8.5,2022-01-16,20.9,2022-02-02
2005Y,2022-23,"VINUESA, QUINTANAREJO",SORIA,1197,146,146,146,128,82,39,85,57,8,3,42,2,82,27,-6.2,-10.3,2023-01-30,22.1,2023-03-29
2005Y,2023-24,"VINUESA, QUINTANAREJO",SORIA,1197,123,123,123,102,50,17,62,36,12,5,63,7,65,8,-4.3,-7.9,2024-01-12,24.2,2024-03-22
2005Y,2024-25,"VINUESA, QUINTANAREJO",SORIA,1197,135,139,135,123,62,27,84,48,3,1,49,1,59,11,-4.6,-7.0,2025-02-08,24.2,2025-03-31
2005Y,2025-26,"VINUESA, QUINTANAREJO",SORIA,1197,150,150,150,141,72,16,90,49,9,1,65,6,102,6,-4.3,-8.5,2026-01-07,21.0,2026-03-17
2017Y,2017-18,"LA PÓVEDA DE SORIA, BARRIOMARTÍN",SORIA,1260,151,151,151,147,102,45,90,71,0,0,54,0,151,18,-6.1,-11.2,2018-01-09,16.9,2017-11-20
2017Y,2018-19,"LA PÓVEDA DE SORIA, BARRIOMARTÍN",SORIA,1260,151,151,151,147,87,19,90,60,6,2,36,2,113,12,-4.5,-5.9,2018-12-07,21.4,2019-03-16
2017Y,2019-20,"LA PÓVEDA DE SORIA, BARRIOMARTÍN",SORIA,1260,152,152,152,146,78,16,91,52,5,3,40,2,94,12,-3.8,-6.0,2020-01-20,22.9,2020-03-11
2017Y,2020-21,"LA PÓVEDA DE SORIA, BARRIOMARTÍN",SORIA,1260,148,149,148,141,66,25,90,48,5,0,42,2,135,20,-6.4,-11.7,2021-01-04,19.7,2021-03-31
2017Y,2021-22,"LA PÓVEDA DE SORIA, BARRIOMARTÍN",SORIA,1260,151,151,151,148,98,19,90,64,2,0,42,1,57,19,-5.5,-6.9,2022-01-15,18.8,2021-12-14
2017Y,2022-23,"LA PÓVEDA DE SORIA, BARRIOMARTÍN",SORIA,1260,150,150,150,134,79,32,90,60,6,1,29,1,131,25,-6.8,-10.6,2023-02-24,20.6,2023-03-28
2017Y,2023-24,"LA PÓVEDA DE SORIA, BARRIOMARTÍN",SORIA,1260,152,151,152,141,66,17,91,48,9,4,47,6,65,14,-4.1,-7.6,2024-01-12,21.8,2024-03-22
2017Y,2024-25,"LA PÓVEDA DE SORIA, BARRIOMARTÍN",SORIA,1260,151,151,151,141,69,27,90,52,2,1,53,1,144,12,-5.2,-9.7,2025-02-08,23.1,2025-03-31
2017Y,2025-26,"LA PÓVEDA DE SORIA, BARRIOMARTÍN",SORIA,1260,150,150,150,144,87,15,90,56,6,1,65,2,102,10,-4.6,-7.7,2026-01-07,20.0,2026-02-23
2030,2017-18,SORIA,SORIA,1081,151,151,151,136,76,30,90,57,9,1,49,4,125,15,-5.1,-7.5,2018-01-09,21.3,2017-11-17
2030,2018-19,SORIA,SORIA,1081,151,151,151,135,68,12,90,56,22,10,27,10,52,13,-3.3,-5.3,2019-01-15,23.2,2019-03-16
2030,2019-20,SORIA,SORIA,1081,152,152,150,123,52,10,91,41,13,8,38,5,54,12,-3.2,-5.7,2020-01-12,24.7,2020-03-12
2030,2020-21,SORIA,SORIA,1081,151,151,151,129,52,23,90,40,11,6,41,4,124,23,-7.2,-11.1,2021-01-08,22.3,2021-03-31
2030,2021-22,SORIA,SORIA,1081,151,151,151,140,73,25,90,54,10,3,30,3,49,20,-6.2,-9.1,2022-01-22,22.2,2022-02-02
2030,2022-23,SORIA,SORIA,1081,151,151,151,113,59,27,90,50,21,9,38,4,81,15,-6.0,-9.6,2023-02-24,24.4,2023-03-29
2030,2023-24,SORIA,SORIA,1081,152,152,147,115,37,14,91,30,21,11,44,9,65,6,-4.2,-9.2,2024-01-21,25.5,2024-03-22
2030,2024-25,SORIA,SORIA,1081,151,151,150,125,49,20,90,40,7,1,40,2,95,9,-4.6,-6.7,2025-01-14,24.8,2025-03-31
2030,2025-26,SORIA,SORIA,1081,151,151,149,131,41,8,90,31,15,6,55,7,99,6,-3.1,-5.4,2026-01-05,22.4,2026-03-17
2044B,2017-18,LUBIA,SORIA,1100,146,145,146,138,98,43,90,69,5,1,47,4,111,16,-6.9,-8.9,2018-02-08,20.9,2017-11-17
2044B,2018-19,LUBIA,SORIA,1100,151,151,151,144,81,31,90,61,15,5,33,8,79,28,-4.8,-7.3,2019-02-04,22.9,2019-03-16
2044B,2019-20,LUBIA,SORIA,1100,151,152,150,128,63,17,91,44,14,8,48,5,54,21,-4.1,-5.8,2020-01-12,24.0,2020-03-12
2044B,2020-21,LUBIA,SORIA,1100,149,151,149,136,65,28,90,48,11,3,40,4,124,28,-7.6,-14.3,2021-01-11,23.1,2021-03-31
2044B,2021-22,LUBIA,SORIA,1100,150,150,150,144,92,30,90,58,8,2,29,3,43,20,-6.0,-8.1,2022-01-22,21.6,2022-02-02
2044B,2022-23,LUBIA,SORIA,1100,144,144,144,119,68,38,84,54,15,7,33,4,66,29,-7.1,-10.0,2023-02-28,23.5,2023-03-29
2044B,2023-24,LUBIA,SORIA,1100,152,151,150,124,60,17,91,44,20,9,52,8,36,15,-3.9,-9.8,2024-01-21,24.8,2024-03-22
2044B,2024-25,LUBIA,SORIA,1100,144,146,144,129,61,29,90,48,6,2,19,2,86,11,-5.2,-7.7,2025-01-14,23.5,2025-03-31
2044B,2025-26,LUBIA,SORIA,1100,123,123,122,112,49,14,72,30,12,5,44,7,23,7,-4.4,-8.7,2026-01-05,21.3,2026-03-17
2048A,2017-18,MORÓN DE ALMAZÁN,SORIA,978,151,151,151,140,101,65,90,68,8,0,35,3,125,20,-9.4,-13.9,2018-01-09,19.5,2018-03-28
2048A,2018-19,MORÓN DE ALMAZÁN,SORIA,978,151,151,151,141,106,68,90,71,20,10,24,4,53,30,-7.5,-10.5,2019-01-04,22.8,2019-03-16
2048A,2019-20,MORÓN DE ALMAZÁN,SORIA,978,152,152,150,127,70,32,91,49,12,6,36,6,94,21,-6.3,-7.7,2020-01-11,24.1,2020-03-12
2048A,2020-21,MORÓN DE ALMAZÁN,SORIA,978,151,151,151,136,72,38,90,45,13,6,37,4,73,23,-11.1,-19.2,2021-01-11,23.5,2021-03-31
2048A,2021-22,MORÓN DE ALMAZÁN,SORIA,978,151,151,151,144,97,60,90,65,10,4,25,3,43,35,-9.1,-10.9,2022-02-06,21.5,2022-02-02
2048A,2022-23,MORÓN DE ALMAZÁN,SORIA,978,148,148,148,124,80,48,87,59,22,9,33,6,45,31,-9.0,-11.2,2023-03-01,23.7,2023-03-29
2048A,2023-24,MORÓN DE ALMAZÁN,SORIA,978,152,152,152,122,62,27,91,48,21,11,48,9,65,14,-5.6,-8.4,2024-01-21,25.8,2024-03-22
2048A,2024-25,MORÓN DE ALMAZÁN,SORIA,978,151,151,151,128,76,39,90,57,8,3,35,2,95,21,-7.0,-10.2,2025-01-14,26.5,2025-03-31
2048A,2025-26,MORÓN DE ALMAZÁN,SORIA,978,150,150,149,134,74,24,89,42,17,8,51,7,54,9,-5.1,-9.1,2026-01-06,22.8,2026-03-17
2059B,2017-18,LA RIBA DE ESCALOTE,SORIA,1042,151,151,151,137,89,45,90,61,1,0,38,1,147,19,-7.9,-16.7,2018-01-09,18.1,2018-03-28
2059B,2018-19,LA RIBA DE ESCALOTE,SORIA,1042,151,151,151,141,72,30,90,54,10,2,22,3,113,28,-5.8,-7.7,2019-01-05,21.5,2019-03-16
2059B,2019-20,LA RIBA DE ESCALOTE,SORIA,1042,150,151,148,122,51,20,91,41,8,3,32,4,94,14,-5.2,-8.0,2020-01-12,23.6,2020-03-12
2059B,2020-21,LA RIBA DE ESCALOTE,SORIA,1042,151,151,151,131,55,23,90,38,10,3,31,4,125,22,-8.4,-12.5,2021-01-12,21.7,2021-03-31
2059B,2021-22,LA RIBA DE ESCALOTE,SORIA,1042,151,151,151,137,75,40,90,55,2,1,26,1,61,20,-7.6,-9.3,2022-02-06,20.0,2022-02-02
2059B,2022-23,LA RIBA DE ESCALOTE,SORIA,1042,150,150,150,110,65,40,90,53,13,5,29,4,106,29,-6.9,-10.0,2023-01-30,22.6,2023-03-29
2059B,2023-24,LA RIBA DE ESCALOTE,SORIA,1042,152,152,152,117,49,17,91,36,13,4,44,8,65,6,-4.6,-9.6,2024-01-21,24.1,2024-03-22
2059B,2024-25,LA RIBA DE ESCALOTE,SORIA,1042,151,151,150,127,56,28,90,46,2,1,36,1,144,12,-6.2,-9.8,2025-01-14,22.8,2025-03-31
2059B,2025-26,LA RIBA DE ESCALOTE,SORIA,1042,143,143,143,123,52,12,84,31,10,3,41,5,68,6,-4.3,-6.6,2026-01-05,20.7,2026-02-23
2084Y,2017-18,UCERO,SORIA,960,151,151,151,141,104,60,90,67,2,0,53,1,129,16,-7.9,-9.9,2018-02-24,18.8,2017-11-01
2084Y,2018-19,UCERO,SORIA,960,151,151,151,142,109,60,90,73,18,3,36,6,102,31,-7.8,-10.7,2019-01-06,22.4,2019-03-16
2084Y,2019-20,UCERO,SORIA,960,152,152,150,127,81,33,91,60,10,4,47,5,94,31,-5.9,-7.2,2020-01-11,23.8,2020-03-12
2084Y,2020-21,UCERO,SORIA,960,151,151,151,140,82,35,90,49,10,3,41,4,124,20,-10.1,-16.1,2021-01-11,22.4,2021-03-31
2084Y,2021-22,UCERO,SORIA,960,151,151,151,144,109,53,90,70,9,1,32,3,43,36,-8.2,-9.7,2022-01-15,22.4,2022-02-02
2084Y,2022-23,UCERO,SORIA,960,151,151,151,128,84,42,90,62,12,3,46,3,110,35,-8.1,-10.4,2023-03-01,23.9,2023-03-29
2084Y,2023-24,UCERO,SORIA,960,152,152,150,127,73,19,91,53,18,9,57,9,65,10,-5.5,-7.9,2024-01-12,25.7,2024-03-22
2084Y,2024-25,UCERO,SORIA,960,151,151,151,136,90,39,90,61,7,3,38,3,132,15,-7.2,-11.0,2025-01-14,24.5,2025-03-31
2084Y,2025-26,UCERO,SORIA,960,151,151,150,136,80,16,90,45,12,6,47,4,102,9,-5.0,-8.4,2026-01-06,23.3,2026-03-17
2092,2017-18,BURGO DE OSMA,SORIA,932,151,151,151,139,94,51,90,64,6,2,53,3,125,19,-7.9,-10.7,2018-01-09,21.0,2017-11-01
2092,2018-19,BURGO DE OSMA,SORIA,932,151,151,151,139,92,53,90,63,20,10,32,4,41,26,-7.4,-9.2,2019-01-04,23.6,2019-03-16
2092,2019-20,BURGO DE OSMA,SORIA,932,152,152,150,118,65,34,91,51,13,6,51,6,68,28,-5.8,-6.7,2020-01-12,25.1,2020-03-12
2092,2020-21,BURGO DE OSMA,SORIA,932,149,147,149,128,69,26,88,43,16,9,40,4,53,20,-8.9,-17.9,2021-01-11,22.9,2021-03-31
2092,2021-22,BURGO DE OSMA,SORIA,932,151,151,151,141,95,47,90,67,12,4,31,3,35,34,-8.2,-9.8,2022-01-28,22.7,2022-02-02
2092,2022-23,BURGO DE OSMA,SORIA,932,150,150,150,124,74,39,89,55,21,10,45,4,79,17,-7.7,-9.5,2023-03-01,24.6,2023-03-29
2092,2023-24,BURGO DE OSMA,SORIA,932,147,145,143,121,60,20,90,44,22,17,51,9,65,8,-4.5,-7.3,2024-01-12,28.3,2024-03-22
2092,2024-25,BURGO DE OSMA,SORIA,932,151,151,151,128,76,30,90,54,13,5,38,4,76,11,-6.4,-10.8,2025-01-14,27.0,2025-03-31
2092,2025-26,BURGO DE OSMA,SORIA,932,150,150,148,131,64,14,88,35,13,9,58,4,67,9,-4.0,-5.8,2026-01-07,24.8,2026-03-17
2096B,2017-18,LICERAS,SORIA,1150,150,148,149,136,81,33,89,56,0,0,53,0,96,13,-5.2,-9.6,2018-02-08,17.9,2017-11-22
2096B,2018-19,LICERAS,SORIA,1150,151,151,151,142,48,10,90,38,9,2,30,2,60,21,-3.2,-6.2,2019-01-11,21.4,2019-03-16
2096B,2019-20,LICERAS,SORIA,1150,152,152,151,125,39,10,91,23,7,3,43,3,54,5,-3.3,-5.5,2020-01-20,23.6,2020-03-12
2096B,2020-21,LICERAS,SORIA,1150,151,151,151,122,48,21,90,37,8,0,43,4,125,26,-6.1,-10.6,2021-01-08,19.9,2021-03-29
2096B,2021-22,LICERAS,SORIA,1150,151,151,151,140,69,20,90,45,6,3,32,3,57,18,-4.2,-5.4,2022-01-15,21.9,2021-12-30
2096B,2022-23,LICERAS,SORIA,1150,151,151,151,115,57,31,90,50,10,4,41,3,111,24,-6.0,-7.7,2023-01-30,23.1,2023-03-29
2096B,2023-24,LICERAS,SORIA,1150,152,151,148,109,40,8,91,31,16,8,48,7,43,6,-3.1,-5.7,2024-01-21,24.3,2024-03-22
2096B,2024-25,LICERAS,SORIA,1150,151,151,151,125,56,14,90,45,7,1,41,2,118,10,-4.0,-6.8,2025-01-14,23.1,2025-03-31
2096B,2025-26,LICERAS,SORIA,1150,149,149,147,133,50,10,89,36,7,2,53,2,87,6,-3.4,-7.1,2026-01-05,20.7,2026-03-17
2106B,2017-18,CORUÑA DEL CONDE,BURGOS,955,151,151,151,135,84,28,90,61,2,0,53,1,129,18,-5.3,-8.2,2018-02-23,18.7,2017-11-01
2106B,2018-19,CORUÑA DEL CONDE,BURGOS,955,151,151,151,133,68,19,90,53,13,4,31,4,113,23,-4.2,-6.8,2019-01-06,22.3,2019-03-16
2106B,2019-20,CORUÑA DEL CONDE,BURGOS,955,152,152,150,117,50,12,91,38,9,2,41,4,94,14,-3.6,-5.6,2020-01-07,22.8,2020-03-12
2106B,2020-21,CORUÑA DEL CONDE,BURGOS,955,151,151,150,117,48,20,90,37,6,3,41,4,143,23,-6.2,-11.0,2021-01-12,22.2,2021-03-31
2106B,2021-22,CORUÑA DEL CONDE,BURGOS,955,151,151,151,137,66,19,90,47,2,1,32,1,93,23,-4.8,-6.8,2022-01-22,20.7,2022-02-02
2106B,2022-23,CORUÑA DEL CONDE,BURGOS,955,150,150,150,107,58,26,89,49,10,3,28,3,66,17,-4.9,-7.0,2023-01-25,24.3,2023-03-29
2106B,2023-24,CORUÑA DEL CONDE,BURGOS,955,152,152,148,110,42,10,90,34,11,6,51,8,114,7,-3.6,-7.2,2023-12-26,25.2,2024-03-22
2106B,2024-25,CORUÑA DEL CONDE,BURGOS,955,151,151,150,118,50,20,90,40,7,1,45,3,132,9,-4.7,-8.0,2025-01-14,23.6,2025-03-31
2106B,2025-26,CORUÑA DEL CONDE,BURGOS,955,150,150,149,126,41,8,89,26,9,6,58,4,74,7,-3.0,-5.5,2026-01-05,23.1,2026-03-17
2117D,2017-18,ARANDA DE DUERO,BURGOS,790,151,151,150,132,90,54,89,64,3,0,37,2,145,13,-6.8,-8.8,2018-02-25,19.4,2017-11-01
2117D,2018-19,ARANDA DE DUERO,BURGOS,790,151,151,151,134,92,45,90,66,18,6,23,5,107,26,-6.7,-9.9,2019-01-06,23.9,2019-03-16
2117D,2019-20,ARANDA DE DUERO,BURGOS,790,152,152,149,117,61,24,91,45,10,4,24,4,112,20,-4.9,-6.2,2020-01-13,23.8,2020-03-12
2117D,2020-21,ARANDA DE DUERO,BURGOS,790,151,151,151,122,60,27,90,41,7,6,26,4,142,20,-8.1,-14.7,2021-01-12,24.8,2021-03-31
2117D,2021-22,ARANDA DE DUERO,BURGOS,790,151,151,150,133,84,41,90,62,1,0,23,1,93,31,-7.8,-9.4,2022-01-29,19.1,2022-02-02
2117D,2022-23,ARANDA DE DUERO,BURGOS,790,151,151,151,118,71,29,90,55,17,8,32,6,98,29,-6.5,-8.0,2023-03-03,25.8,2023-03-29
2117D,2023-24,ARANDA DE DUERO,BURGOS,790,152,152,145,108,51,8,89,42,12,7,32,9,114,7,-3.1,-5.5,2024-01-20,25.7,2024-03-22
2117D,2024-25,ARANDA DE DUERO,BURGOS,790,124,124,123,97,34,12,63,24,9,1,29,4,40,9,-3.9,-10.1,2025-01-14,23.7,2025-03-31
2117D,2025-26,ARANDA DE DUERO,BURGOS,790,134,134,132,109,38,9,85,23,11,7,41,4,55,8,-3.5,-6.1,2026-01-07,23.4,2026-03-17
2135A,2017-18,FRESNO DE CANTESPINO,SEGOVIA,993,151,151,151,138,92,49,90,62,2,0,52,1,129,20,-8.3,-15.3,2018-01-09,19.2,2017-11-22
2135A,2018-19,FRESNO DE CANTESPINO,SEGOVIA,993,151,151,151,140,92,49,90,67,14,5,25,4,71,27,-6.3,-8.1,2019-01-04,22.6,2019-03-16
2135A,2019-20,FRESNO DE CANTESPINO,SEGOVIA,993,130,129,128,107,63,29,91,52,9,3,24,4,67,28,-5.6,-8.1,2020-01-12,23.8,2020-03-12
2135A,2020-21,FRESNO DE CANTESPINO,SEGOVIA,993,151,151,150,129,77,34,90,44,10,6,38,4,125,20,-8.8,-14.9,2021-01-11,21.9,2021-03-31
2135A,2021-22,FRESNO DE CANTESPINO,SEGOVIA,993,150,147,150,138,85,48,90,62,2,1,26,1,86,24,-7.0,-9.3,2022-01-22,21.2,2022-02-02
2135A,2022-23,FRESNO DE CANTESPINO,SEGOVIA,993,140,140,140,113,68,43,79,52,15,6,41,4,38,29,-7.2,-9.4,2023-01-30,24.1,2023-03-29
2135A,2023-24,FRESNO DE CANTESPINO,SEGOVIA,993,152,151,145,117,56,18,89,42,13,7,52,9,44,9,-5.0,-7.2,2024-01-12,24.3,2024-03-22
2135A,2024-25,FRESNO DE CANTESPINO,SEGOVIA,993,151,151,150,132,65,32,90,49,11,2,36,3,119,16,-6.2,-10.4,2025-01-14,23.3,2025-03-31
2135A,2025-26,FRESNO DE CANTESPINO,SEGOVIA,993,150,150,149,133,70,22,90,41,14,9,54,7,100,11,-5.0,-8.6,2026-01-05,23.1,2026-02-26
2140A,2017-18,ALDEANUEVA DE SERREZUELA,SEGOVIA,1135,151,151,150,130,69,21,90,47,1,0,57,1,129,10,-4.5,-6.3,2018-02-23,18.2,2017-11-22
2140A,2018-19,ALDEANUEVA DE SERREZUELA,SEGOVIA,1135,151,151,151,113,31,5,90,27,5,1,33,2,117,8,-2.4,-5.7,2019-01-11,21.1,2019-03-16
2140A,2019-20,ALDEANUEVA DE SERREZUELA,SEGOVIA,1135,152,152,150,105,27,3,91,12,4,2,46,3,94,4,-2.1,-5.2,2020-01-20,22.2,2020-03-12
2140A,2020-21,ALDEANUEVA DE SERREZUELA,SEGOVIA,1135,151,151,147,101,42,17,90,32,6,1,38,4,126,23,-4.8,-7.9,2021-01-08,20.2,2021-03-31
2140A,2021-22,ALDEANUEVA DE SERREZUELA,SEGOVIA,1135,151,151,149,118,35,5,88,20,3,1,35,1,59,4,-1.8,-4.8,2022-01-22,20.6,2021-12-30
2140A,2022-23,ALDEANUEVA DE SERREZUELA,SEGOVIA,1135,149,149,147,90,37,17,89,32,7,3,45,2,125,12,-4.7,-5.8,2023-03-02,22.4,2023-03-29
2140A,2023-24,ALDEANUEVA DE SERREZUELA,SEGOVIA,1135,152,152,142,92,28,6,89,24,8,4,52,6,69,7,-2.9,-6.7,2024-01-20,23.3,2024-03-22
2140A,2024-25,ALDEANUEVA DE SERREZUELA,SEGOVIA,1135,151,151,149,105,47,8,90,34,3,2,49,1,144,5,-3.1,-4.9,2024-12-30,22.6,2025-03-31
2140A,2025-26,ALDEANUEVA DE SERREZUELA,SEGOVIA,1135,138,148,136,110,40,6,82,27,5,1,39,1,102,6,-2.7,-7.7,2026-01-05,22.3,2026-03-17
2150H,2017-18,"LA PINILLA, ESTACIÓN DE ESQUÍ",SEGOVIA,1798,151,151,151,149,115,80,90,73,0,0,11,0,151,21,-8.7,-11.6,2018-02-23,13.4,2017-11-20
2150H,2018-19,"LA PINILLA, ESTACIÓN DE ESQUÍ",SEGOVIA,1798,151,151,151,142,66,31,90,39,0,0,51,0,151,15,-5.5,-9.0,2019-01-10,16.4,2018-12-25
2150H,2019-20,"LA PINILLA, ESTACIÓN DE ESQUÍ",SEGOVIA,1798,139,139,139,124,69,21,91,39,0,0,60,0,137,11,-4.4,-9.2,2020-01-20,16.8,2020-03-11
2150H,2021-22,"LA PINILLA, ESTACIÓN DE ESQUÍ",SEGOVIA,1798,151,151,150,141,86,35,89,50,0,0,45,0,151,20,-5.5,-9.7,2022-01-06,16.3,2022-02-02
2150H,2022-23,"LA PINILLA, ESTACIÓN DE ESQUÍ",SEGOVIA,1798,151,151,151,141,75,38,90,52,0,0,55,0,151,18,-8.8,-10.8,2023-01-22,16.0,2023-03-28
2150H,2023-24,"LA PINILLA, ESTACIÓN DE ESQUÍ",SEGOVIA,1798,137,137,137,120,60,32,81,32,1,0,10,1,98,20,-5.5,-9.1,2024-01-12,19.3,2024-03-22
2150H,2024-25,"LA PINILLA, ESTACIÓN DE ESQUÍ",SEGOVIA,1798,150,150,150,133,81,39,90,54,0,0,63,0,138,15,-5.4,-8.6,2025-01-31,14.5,2024-11-06
2166Y,2017-18,PEÑAFIEL,VALLADOLID,756,151,151,149,127,79,36,89,55,5,2,40,3,129,12,-5.4,-8.0,2018-02-24,21.4,2017-11-01
2166Y,2018-19,PEÑAFIEL,VALLADOLID,756,151,151,151,130,78,28,90,61,21,7,20,4,105,24,-5.1,-7.7,2019-01-04,23.3,2019-03-16
2166Y,2019-20,PEÑAFIEL,VALLADOLID,756,152,152,148,112,53,13,90,41,13,6,33,3,92,20,-4.1,-5.9,2020-01-12,23.7,2020-03-11
2166Y,2020-21,PEÑAFIEL,VALLADOLID,756,151,151,148,112,52,22,90,39,11,5,28,4,87,20,-6.6,-12.7,2021-01-13,24.1,2021-03-31
2166Y,2021-22,PEÑAFIEL,VALLADOLID,756,151,151,150,127,72,31,90,57,1,0,28,1,114,30,-7.2,-8.5,2022-01-29,18.3,2022-02-23
2166Y,2022-23,PEÑAFIEL,VALLADOLID,756,150,150,147,112,59,25,88,48,18,6,33,6,79,28,-5.9,-7.9,2023-02-11,26.0,2023-03-29
2166Y,2023-24,PEÑAFIEL,VALLADOLID,756,152,152,144,108,44,9,90,37,13,6,41,9,69,15,-3.1,-5.3,2024-01-20,26.0,2024-03-22
2166Y,2024-25,PEÑAFIEL,VALLADOLID,756,151,151,149,117,53,18,90,44,13,5,33,7,83,12,-4.0,-9.1,2025-01-14,23.8,2025-03-31
2166Y,2025-26,PEÑAFIEL,VALLADOLID,756,151,151,147,121,42,8,88,25,13,8,48,4,102,7,-3.0,-6.4,2026-01-06,24.2,2026-03-17
2172Y,2017-18,SARDÓN DE DUERO,VALLADOLID,725,151,151,151,131,95,63,90,65,10,5,35,3,123,18,-7.3,-10.1,2018-02-24,22.6,2017-11-01
2172Y,2018-19,SARDÓN DE DUERO,VALLADOLID,725,151,151,151,138,100,52,90,70,38,28,20,11,70,24,-7.0,-11.8,2019-01-06,24.7,2019-03-24
2172Y,2019-20,SARDÓN DE DUERO,VALLADOLID,725,152,152,149,121,70,30,91,52,29,15,37,6,67,20,-4.8,-8.3,2020-01-12,25.8,2020-03-12
2172Y,2020-21,SARDÓN DE DUERO,VALLADOLID,725,135,135,134,112,59,30,86,43,26,17,18,5,30,23,-7.2,-11.7,2021-01-12,28.2,2021-03-31
2172Y,2021-22,SARDÓN DE DUERO,VALLADOLID,725,146,146,146,131,95,45,90,66,14,5,25,2,46,35,-7.9,-10.1,2022-01-29,22.2,2021-12-31
2172Y,2022-23,SARDÓN DE DUERO,VALLADOLID,725,151,151,148,123,79,34,89,58,27,16,43,7,48,19,-7.0,-9.9,2023-02-11,26.0,2023-03-29
2172Y,2023-24,SARDÓN DE DUERO,VALLADOLID,725,152,152,147,114,61,20,91,48,34,20,43,10,60,15,-4.2,-7.5,2024-01-08,29.7,2024-03-22
2172Y,2024-25,SARDÓN DE DUERO,VALLADOLID,725,147,149,146,119,60,20,90,48,22,12,35,9,77,14,-5.2,-10.7,2025-01-15,26.2,2025-03-31
2172Y,2025-26,SARDÓN DE DUERO,VALLADOLID,725,151,151,148,127,61,21,88,33,24,13,51,7,100,9,-4.3,-8.1,2026-01-06,25.8,2026-03-17
2182C,2017-18,PEDRAZA,SEGOVIA,1107,151,151,149,135,73,27,90,53,2,0,64,1,129,11,-6.3,-9.5,2018-02-08,18.7,2017-11-22
2182C,2018-19,PEDRAZA,SEGOVIA,1107,151,151,151,133,43,12,90,34,12,4,20,4,81,19,-3.7,-6.8,2019-01-11,21.5,2019-03-16
2182C,2019-20,PEDRAZA,SEGOVIA,1107,152,152,151,114,25,4,91,17,8,2,48,4,94,5,-2.6,-6.8,2020-01-20,23.0,2020-03-11
2182C,2020-21,PEDRAZA,SEGOVIA,1107,151,151,147,105,46,20,90,36,8,1,46,2,125,20,-5.0,-10.3,2021-01-11,20.5,2020-11-18
2182C,2021-22,PEDRAZA,SEGOVIA,1107,151,151,150,126,43,9,90,28,4,2,33,3,59,10,-3.2,-5.4,2022-01-22,22.0,2021-12-30
2182C,2022-23,PEDRAZA,SEGOVIA,1107,150,150,148,105,46,20,89,40,9,3,45,3,131,21,-4.5,-6.2,2023-02-24,23.0,2023-03-29
2182C,2023-24,PEDRAZA,SEGOVIA,1107,152,152,146,105,31,5,91,24,17,8,52,8,65,7,-2.3,-4.8,2024-01-08,24.9,2024-03-22
2182C,2024-25,PEDRAZA,SEGOVIA,1107,151,151,149,112,49,12,90,39,5,1,46,2,120,10,-3.5,-6.7,2025-01-14,23.5,2025-03-31
2182C,2025-26,PEDRAZA,SEGOVIA,1107,151,151,149,121,48,10,90,31,8,3,57,4,102,6,-3.3,-7.6,2026-01-06,20.9,2025-11-04
2192C,2017-18,CUÉLLAR,SEGOVIA,795,151,151,151,139,103,77,90,65,10,3,50,3,124,18,-9.1,-12.0,2018-02-23,21.9,2017-11-22
2192C,2018-19,CUÉLLAR,SEGOVIA,795,151,151,151,142,116,79,90,79,38,19,27,11,70,28,-8.5,-12.2,2019-01-06,24.6,2019-03-16
2192C,2019-20,CUÉLLAR,SEGOVIA,795,151,151,150,129,89,49,90,63,18,11,43,6,92,25,-6.8,-9.6,2020-01-12,24.6,2020-03-12
2192C,2020-21,CUÉLLAR,SEGOVIA,795,151,151,151,134,88,47,90,54,24,13,33,5,36,23,-8.7,-16.2,2021-01-12,25.7,2021-03-31
2192C,2021-22,CUÉLLAR,SEGOVIA,795,151,151,151,144,103,72,90,72,25,5,28,5,25,37,-9.4,-11.0,2022-02-06,23.3,2022-01-01
2192C,2022-23,CUÉLLAR,SEGOVIA,795,150,150,150,126,91,55,89,63,26,9,42,6,94,26,-8.4,-10.4,2023-02-11,25.6,2023-03-29
2192C,2023-24,CUÉLLAR,SEGOVIA,795,152,152,149,126,77,31,90,58,23,13,44,9,65,21,-5.0,-7.5,2024-01-08,28.0,2024-03-22
2192C,2024-25,CUÉLLAR,SEGOVIA,795,151,151,150,134,88,44,90,64,21,11,35,8,74,23,-6.9,-12.4,2025-01-15,27.2,2025-03-31
2192C,2025-26,CUÉLLAR,SEGOVIA,795,151,151,149,135,82,41,89,47,21,12,54,6,100,12,-6.2,-10.3,2026-01-06,24.9,2025-11-04
2235U,2017-18,CERVERA DE PISUERGA,PALENCIA,1140,151,151,151,140,101,37,90,70,3,0,57,2,131,15,-5.7,-8.7,2018-02-23,19.8,2017-11-16
2235U,2018-19,CERVERA DE PISUERGA,PALENCIA,1140,126,126,126,122,54,16,83,42,7,1,27,3,59,13,-4.0,-6.6,2019-01-08,23.0,2019-02-25
2235U,2019-20,CERVERA DE PISUERGA,PALENCIA,1140,152,152,151,142,59,14,91,37,9,5,55,3,57,7,-3.6,-4.5,2019-11-16,21.9,2020-03-11
2235U,2020-21,CERVERA DE PISUERGA,PALENCIA,1140,151,151,151,133,66,27,90,51,10,4,46,4,124,27,-5.6,-8.9,2021-01-07,22.3,2021-03-31
2235U,2021-22,CERVERA DE PISUERGA,PALENCIA,1140,151,151,151,145,67,19,90,44,11,3,36,3,43,7,-4.3,-6.3,2022-01-22,20.8,2022-02-02
2235U,2022-23,CERVERA DE PISUERGA,PALENCIA,1140,151,151,151,120,76,28,90,53,7,2,46,2,124,18,-5.1,-9.2,2023-01-31,21.2,2023-03-28
2235U,2023-24,CERVERA DE PISUERGA,PALENCIA,1140,152,152,152,129,57,15,91,40,12,4,53,5,61,13,-3.9,-7.6,2024-01-20,24.7,2024-03-22
2235U,2024-25,CERVERA DE PISUERGA,PALENCIA,1140,151,151,151,125,64,16,90,49,5,2,47,2,133,10,-4.0,-5.9,2025-02-08,22.9,2025-03-31
2243A,2017-18,AGUILAR DE CAMPOO,PALENCIA,910,146,146,145,136,100,46,84,64,2,0,46,1,77,13,-7.3,-9.8,2017-12-06,18.9,2017-11-16
2243A,2018-19,AGUILAR DE CAMPOO,PALENCIA,910,151,151,151,142,93,32,90,69,8,1,34,4,115,30,-5.3,-9.8,2019-02-04,21.8,2019-02-25
2243A,2019-20,AGUILAR DE CAMPOO,PALENCIA,910,152,152,151,123,62,22,91,42,6,2,50,3,113,19,-5.0,-6.4,2019-12-27,20.6,2020-02-23
2243A,2020-21,AGUILAR DE CAMPOO,PALENCIA,910,151,151,150,130,69,28,90,47,5,2,38,4,143,22,-6.6,-11.0,2021-01-07,22.2,2021-03-31
2243A,2021-22,AGUILAR DE CAMPOO,PALENCIA,910,151,151,151,140,90,45,90,68,1,0,34,1,93,36,-7.3,-8.5,2022-01-15,18.9,2022-02-02
2243A,2022-23,AGUILAR DE CAMPOO,PALENCIA,910,151,151,151,121,77,34,90,54,10,2,35,2,97,29,-6.8,-8.1,2023-01-30,22.8,2023-03-29
2243A,2023-24,AGUILAR DE CAMPOO,PALENCIA,910,152,152,149,132,69,29,91,53,15,7,28,5,68,14,-5.2,-9.4,2024-01-20,27.1,2024-03-22
2243A,2024-25,AGUILAR DE CAMPOO,PALENCIA,910,151,150,151,131,64,27,90,45,8,3,43,5,133,10,-5.7,-8.2,2025-01-18,23.3,2025-03-31
2243A,2025-26,AGUILAR DE CAMPOO,PALENCIA,910,150,150,150,132,65,15,90,42,11,4,59,4,110,9,-4.2,-7.9,2026-01-07,22.4,2026-03-18
2276B,2017-18,VILLAELES DE VALDAVIA,PALENCIA,908,151,151,151,142,111,51,90,69,2,0,39,1,135,21,-6.5,-9.4,2018-02-24,19.6,2017-11-16
2276B,2018-19,VILLAELES DE VALDAVIA,PALENCIA,908,151,151,151,143,96,25,90,68,9,4,29,3,115,19,-4.8,-7.0,2019-02-03,22.2,2019-02-25
2276B,2019-20,VILLAELES DE VALDAVIA,PALENCIA,908,152,152,151,132,68,17,91,48,4,0,43,2,114,19,-4.1,-5.6,2020-01-13,19.7,2020-02-23
2276B,2020-21,VILLAELES DE VALDAVIA,PALENCIA,908,151,151,151,130,72,24,90,49,6,3,39,4,142,28,-6.6,-9.0,2021-01-12,23.6,2021-03-31
2276B,2021-22,VILLAELES DE VALDAVIA,PALENCIA,908,151,151,151,140,98,33,90,68,1,0,28,1,93,36,-5.8,-9.0,2022-01-15,19.7,2022-02-02
2276B,2022-23,VILLAELES DE VALDAVIA,PALENCIA,908,151,151,151,121,80,32,90,56,4,2,41,2,135,33,-6.0,-7.8,2023-03-02,22.3,2023-03-29
2276B,2023-24,VILLAELES DE VALDAVIA,PALENCIA,908,125,128,122,105,56,15,76,44,5,4,34,5,95,14,-5.1,-7.8,2024-01-20,25.5,2024-03-22
2276B,2024-25,VILLAELES DE VALDAVIA,PALENCIA,908,147,148,147,125,70,23,90,51,5,1,31,2,113,10,-4.8,-6.9,2025-01-13,22.7,2025-03-31
2276B,2025-26,VILLAELES DE VALDAVIA,PALENCIA,908,150,150,150,134,61,10,90,38,6,2,50,4,98,8,-3.5,-6.1,2026-01-06,21.5,2026-03-17
2285B,2018-19,VILLADIEGO,BURGOS,869,151,151,151,135,46,4,90,39,16,7,26,4,91,5,-2.8,-5.5,2019-02-04,22.2,2019-02-25
2285B,2019-20,VILLADIEGO,BURGOS,869,129,129,127,100,39,4,78,29,9,4,27,3,71,18,-2.8,-5.2,2020-01-07,21.1,2020-03-11
2285B,2020-21,VILLADIEGO,BURGOS,869,151,151,151,120,42,19,90,36,8,5,32,4,123,27,-4.8,-8.2,2021-01-14,23.7,2021-03-31
2285B,2021-22,VILLADIEGO,BURGOS,869,151,151,151,127,58,13,90,50,4,0,29,1,44,9,-4.0,-5.9,2022-01-06,19.9,2022-02-02
2285B,2022-23,VILLADIEGO,BURGOS,869,150,150,149,111,47,11,89,39,12,3,30,2,59,11,-3.7,-5.7,2023-01-19,23.1,2023-03-29
2285B,2023-24,VILLADIEGO,BURGOS,869,152,152,146,113,36,9,90,31,9,5,46,5,68,6,-3.6,-6.4,2024-01-20,26.8,2024-03-22
2285B,2024-25,VILLADIEGO,BURGOS,869,151,151,151,113,39,10,90,33,9,3,38,7,133,9,-3.3,-4.9,2025-01-19,22.5,2025-03-31
2285B,2025-26,VILLADIEGO,BURGOS,869,150,150,150,126,34,6,90,26,11,5,58,4,95,4,-2.9,-4.9,2026-01-05,23.0,2026-03-17
2290Y,2017-18,PEDROSA DEL PRÍNCIPE,BURGOS,771,151,151,149,132,89,46,89,61,4,1,39,2,130,16,-6.8,-9.6,2018-02-24,20.3,2017-11-01
2290Y,2018-19,PEDROSA DEL PRÍNCIPE,BURGOS,771,151,151,151,127,79,35,90,59,16,6,26,4,105,20,-4.9,-9.1,2019-01-06,21.7,2019-02-26
2290Y,2019-20,PEDROSA DEL PRÍNCIPE,BURGOS,771,152,152,149,111,58,19,90,42,9,3,34,3,112,10,-4.1,-5.6,2020-01-02,22.8,2020-03-11
2290Y,2020-21,PEDROSA DEL PRÍNCIPE,BURGOS,771,151,151,147,117,53,27,90,37,7,5,31,4,142,23,-5.9,-8.5,2021-01-13,24.7,2021-03-31
2290Y,2021-22,PEDROSA DEL PRÍNCIPE,BURGOS,771,151,151,151,136,78,42,90,60,2,1,28,1,93,31,-7.4,-8.7,2022-01-15,21.0,2022-02-02
2290Y,2022-23,PEDROSA DEL PRÍNCIPE,BURGOS,771,150,150,147,108,62,24,87,46,15,4,37,3,92,11,-5.9,-8.0,2023-03-03,24.7,2023-03-29
2290Y,2023-24,PEDROSA DEL PRÍNCIPE,BURGOS,771,152,152,144,112,51,15,89,43,9,5,43,6,115,14,-3.6,-6.7,2024-01-20,26.3,2024-03-22
2290Y,2024-25,PEDROSA DEL PRÍNCIPE,BURGOS,771,151,151,149,117,53,19,90,42,11,6,19,8,126,9,-4.4,-8.6,2025-01-15,22.7,2025-03-31
2290Y,2025-26,PEDROSA DEL PRÍNCIPE,BURGOS,771,150,150,149,119,41,9,89,24,12,5,46,4,102,7,-3.4,-6.1,2026-01-06,23.3,2026-03-17
2296A,2017-18,ÓLVEGA,SORIA,1039,151,151,151,135,74,26,90,52,4,1,50,2,126,15,-6.0,-9.6,2018-02-09,20.0,2017-11-20
2296A,2018-19,ÓLVEGA,SORIA,1039,151,151,151,139,53,7,90,41,16,3,28,3,53,7,-3.0,-5.9,2019-02-04,22.9,2019-03-16
2296A,2019-20,ÓLVEGA,SORIA,1039,139,139,137,116,42,6,78,29,14,7,37,3,31,6,-2.9,-4.4,2019-11-16,25.1,2020-03-12
2296A,2020-21,ÓLVEGA,SORIA,1039,151,151,151,116,43,18,90,33,13,7,35,4,121,18,-6.1,-9.4,2021-01-12,23.4,2020-11-02
2296A,2021-22,ÓLVEGA,SORIA,1039,151,151,151,131,57,23,90,44,13,3,27,3,42,20,-4.3,-7.4,2022-01-22,21.6,2021-12-30
2296A,2022-23,ÓLVEGA,SORIA,1039,151,151,150,105,60,24,90,51,20,11,37,4,68,33,-6.0,-9.9,2023-02-24,23.8,2023-03-29
2296A,2023-24,ÓLVEGA,SORIA,1039,152,152,149,115,33,6,91,24,20,11,44,7,36,7,-2.4,-9.8,2024-01-20,25.9,2024-03-22
2296A,2024-25,ÓLVEGA,SORIA,1039,151,151,151,117,45,14,90,37,14,5,34,4,52,9,-4.0,-7.7,2025-02-08,21.4,2025-03-31
2296A,2025-26,ÓLVEGA,SORIA,1039,149,149,146,119,42,6,88,27,15,10,55,7,82,7,-2.8,-8.2,2026-01-07,23.0,2026-03-17
2298,2017-18,PALACIOS DE LA SIERRA,BURGOS,1080,151,151,151,140,102,48,90,70,2,0,55,2,134,20,-6.8,-9.0,2018-02-09,18.9,2017-11-16
2298,2018-19,PALACIOS DE LA SIERRA,BURGOS,1080,148,147,148,141,95,46,90,69,12,3,40,6,107,24,-7.1,-11.2,2019-02-04,21.2,2019-03-16
2298,2019-20,PALACIOS DE LA SIERRA,BURGOS,1080,132,132,131,109,66,28,91,54,10,3,40,4,67,29,-4.9,-6.5,2019-12-03,22.8,2020-03-12
2298,2020-21,PALACIOS DE LA SIERRA,BURGOS,1080,147,148,147,128,79,30,90,52,10,2,48,4,101,27,-8.3,-14.9,2021-01-08,21.3,2021-03-31
2298,2021-22,PALACIOS DE LA SIERRA,BURGOS,1080,151,151,151,138,93,46,90,65,6,1,40,3,57,20,-7.9,-10.1,2022-01-16,23.3,2022-02-02
2298,2022-23,PALACIOS DE LA SIERRA,BURGOS,1080,151,151,151,125,76,42,90,55,8,3,49,2,111,24,-7.0,-9.2,2023-01-25,22.7,2023-03-29
2298,2023-24,PALACIOS DE LA SIERRA,BURGOS,1080,152,152,149,128,59,20,91,47,18,10,66,8,65,8,-5.2,-7.7,2024-01-20,25.7,2024-03-22
2298,2024-25,PALACIOS DE LA SIERRA,BURGOS,1080,128,128,128,104,52,22,67,32,3,2,45,1,89,11,-7.2,-9.3,2025-01-14,24.6,2025-03-31
2298,2025-26,PALACIOS DE LA SIERRA,BURGOS,1080,122,122,122,105,54,15,77,35,7,2,56,2,56,8,-4.9,-8.7,2026-01-05,22.1,2026-03-17
2302N,2017-18,MONTERRUBIO DE LA DEMANDA,BURGOS,1197,151,151,151,144,103,38,90,69,0,0,44,0,151,16,-7.4,-11.0,2018-02-09,16.1,2017-11-01
2302N,2018-19,MONTERRUBIO DE LA DEMANDA,BURGOS,1197,151,151,151,147,94,21,90,62,6,0,48,4,115,10,-3.8,-10.3,2019-02-04,19.3,2019-03-16
2302N,2019-20,MONTERRUBIO DE LA DEMANDA,BURGOS,1197,152,152,151,136,72,22,91,49,4,2,52,2,113,10,-4.2,-8.0,2020-01-12,20.3,2020-03-12
2302N,2020-21,MONTERRUBIO DE LA DEMANDA,BURGOS,1197,151,151,150,130,75,28,90,48,4,1,54,4,147,27,-6.2,-11.3,2021-01-06,20.1,2021-03-31
2302N,2021-22,MONTERRUBIO DE LA DEMANDA,BURGOS,1197,151,151,151,141,88,31,90,64,2,0,46,1,59,20,-6.2,-8.4,2022-01-15,18.2,2022-02-02
2302N,2022-23,MONTERRUBIO DE LA DEMANDA,BURGOS,1197,149,149,149,124,80,37,88,60,3,1,56,2,68,41,-5.9,-8.7,2023-02-11,20.7,2023-03-29
2302N,2023-24,MONTERRUBIO DE LA DEMANDA,BURGOS,1197,122,122,122,112,56,15,91,44,6,2,70,5,57,9,-4.8,-7.8,2024-01-20,23.8,2024-03-22
2302N,2024-25,MONTERRUBIO DE LA DEMANDA,BURGOS,1197,151,151,151,133,66,24,90,48,2,1,54,1,144,10,-5.4,-8.3,2025-02-08,21.9,2025-03-31
2302N,2025-26,MONTERRUBIO DE LA DEMANDA,BURGOS,1197,147,147,146,134,72,16,87,44,6,1,42,2,61,6,-4.2,-7.5,2026-01-05,21.0,2026-03-17
2311Y,2017-18,VILLAMAYOR DE LOS MONTES,BURGOS,884,151,151,150,136,79,25,90,56,2,0,45,2,149,14,-4.7,-7.1,2017-12-06,19.1,2017-11-01
2311Y,2018-19,VILLAMAYOR DE LOS MONTES,BURGOS,884,151,151,151,134,55,11,90,47,12,2,28,4,113,10,-3.5,-6.8,2019-01-16,20.9,2019-03-16
2311Y,2019-20,VILLAMAYOR DE LOS MONTES,BURGOS,884,122,122,120,91,36,13,91,32,3,0,22,3,113,8,-3.7,-5.0,2020-01-07,19.5,2020-02-23
2311Y,2020-21,VILLAMAYOR DE LOS MONTES,BURGOS,884,151,151,146,116,41,18,90,33,7,4,35,4,125,26,-5.4,-7.1,2021-01-17,23.0,2021-03-31
2311Y,2021-22,VILLAMAYOR DE LOS MONTES,BURGOS,884,151,151,150,126,59,20,90,49,3,0,25,1,59,20,-5.2,-5.9,2022-01-19,19.9,2022-02-02
2311Y,2022-23,VILLAMAYOR DE LOS MONTES,BURGOS,884,151,151,151,104,52,20,90,44,12,3,39,3,97,11,-4.5,-6.8,2023-03-03,23.7,2023-03-29
2311Y,2023-24,VILLAMAYOR DE LOS MONTES,BURGOS,884,152,152,147,110,37,10,90,31,10,5,40,6,69,6,-3.7,-6.3,2024-01-20,25.8,2024-03-22
2311Y,2024-25,VILLAMAYOR DE LOS MONTES,BURGOS,884,151,151,148,110,41,20,90,36,10,2,37,7,133,9,-4.3,-6.4,2025-01-14,22.9,2025-03-31
2311Y,2025-26,VILLAMAYOR DE LOS MONTES,BURGOS,884,130,130,129,106,32,7,90,24,7,5,49,4,88,5,-3.3,-5.6,2026-01-01,22.8,2026-03-17
2331,2017-18,BURGOS AEROPUERTO,BURGOS,891,151,151,150,135,81,30,90,58,3,0,47,2,135,16,-5.3,-8.2,2018-02-27,19.3,2017-11-01
2331,2018-19,BURGOS AEROPUERTO,BURGOS,891,151,151,151,136,74,17,90,54,9,4,33,3,116,10,-4.1,-9.5,2019-02-04,21.3,2019-03-16
2331,2019-20,BURGOS AEROPUERTO,BURGOS,891,152,152,150,118,48,21,90,38,6,2,42,3,113,9,-4.2,-5.6,2020-01-07,21.6,2020-03-11
2331,2020-21,BURGOS AEROPUERTO,BURGOS,891,151,151,149,124,54,24,90,40,5,3,34,4,143,23,-5.8,-8.5,2021-01-13,23.3,2021-03-31
2331,2021-22,BURGOS AEROPUERTO,BURGOS,891,151,151,151,136,69,31,90,55,2,0,36,1,72,20,-6.5,-7.8,2022-01-14,18.4,2022-01-01
2331,2022-23,BURGOS AEROPUERTO,BURGOS,891,151,151,150,111,63,24,90,47,8,3,41,2,119,13,-4.6,-8.0,2023-02-11,23.5,2023-03-29
2331,2023-24,BURGOS AEROPUERTO,BURGOS,891,152,152,147,113,44,12,90,35,12,4,48,6,68,6,-4.3,-8.0,2024-01-20,24.6,2024-03-22
2331,2024-25,BURGOS AEROPUERTO,BURGOS,891,151,151,151,124,49,21,90,39,8,0,45,6,133,10,-4.8,-8.7,2025-01-15,19.9,2024-11-06
2331,2025-26,BURGOS AEROPUERTO,BURGOS,891,151,151,150,124,43,11,90,28,8,5,57,4,102,5,-3.5,-6.3,2026-01-05,22.6,2026-03-17
2362C,2017-18,"VELILLA DEL RÍO CARRIÓN, CAMPORREDONDO DE ALBA",PALENCIA,1575,151,151,151,147,106,65,90,65,1,0,64,1,135,20,-6.8,-9.9,2018-02-27,18.7,2017-11-16
2362C,2018-19,"VELILLA DEL RÍO CARRIÓN, CAMPORREDONDO DE ALBA",PALENCIA,1575,151,151,151,139,69,21,90,38,4,1,41,2,60,12,-4.3,-6.5,2019-02-03,20.2,2019-02-25
2362C,2019-20,"VELILLA DEL RÍO CARRIÓN, CAMPORREDONDO DE ALBA",PALENCIA,1575,152,152,152,135,76,19,91,39,5,3,55,3,57,12,-4.2,-6.2,2020-01-20,22.1,2019-12-30
2362C,2020-21,"VELILLA DEL RÍO CARRIÓN, CAMPORREDONDO DE ALBA",PALENCIA,1575,151,151,151,135,82,34,90,61,2,0,44,1,128,24,-7.1,-9.1,2021-01-07,18.7,2021-03-31
2362C,2021-22,"VELILLA DEL RÍO CARRIÓN, CAMPORREDONDO DE ALBA",PALENCIA,1575,151,151,151,143,76,21,90,44,1,1,39,1,93,18,-4.3,-5.7,2022-03-05,20.4,2022-02-02
2362C,2022-23,"VELILLA DEL RÍO CARRIÓN, CAMPORREDONDO DE ALBA",PALENCIA,1575,151,151,151,141,67,37,90,48,0,0,53,0,151,19,-6.2,-8.5,2023-03-01,17.4,2023-03-28
2362C,2023-24,"VELILLA DEL RÍO CARRIÓN, CAMPORREDONDO DE ALBA",PALENCIA,1575,152,152,151,117,67,24,90,41,8,2,62,3,54,20,-4.4,-6.0,2024-01-08,22.0,2024-03-22
2362C,2024-25,"VELILLA DEL RÍO CARRIÓN, CAMPORREDONDO DE ALBA",PALENCIA,1575,151,151,151,132,71,26,90,44,2,1,50,1,144,10,-4.6,-6.6,2025-02-08,20.6,2025-03-31
2374X,2017-18,CARRIÓN DE LOS CONDES,PALENCIA,830,151,151,151,139,97,50,90,65,6,0,35,2,129,17,-6.0,-9.0,2018-02-24,19.7,2017-11-01
2374X,2018-19,CARRIÓN DE LOS CONDES,PALENCIA,830,151,151,151,136,78,20,90,60,13,4,25,4,115,15,-4.0,-6.5,2019-01-07,21.8,2019-03-16
2374X,2019-20,CARRIÓN DE LOS CONDES,PALENCIA,830,152,152,150,119,52,12,91,37,7,1,36,2,113,19,-3.2,-4.2,2020-01-02,22.1,2020-03-11
2374X,2020-21,CARRIÓN DE LOS CONDES,PALENCIA,830,151,151,149,122,51,23,90,38,8,6,33,4,142,23,-5.3,-8.2,2021-01-14,24.6,2021-03-31
2374X,2021-22,CARRIÓN DE LOS CONDES,PALENCIA,830,151,151,151,136,81,34,90,60,1,0,25,1,93,31,-5.9,-7.9,2022-01-15,19.4,2022-02-02
2374X,2022-23,CARRIÓN DE LOS CONDES,PALENCIA,830,141,141,141,107,67,27,90,51,9,1,35,2,98,22,-5.6,-6.7,2023-02-12,21.0,2023-03-16
2374X,2024-25,CARRIÓN DE LOS CONDES,PALENCIA,830,151,151,150,115,54,17,90,44,10,4,34,7,126,10,-3.8,-7.4,2025-01-14,23.2,2025-03-31
2374X,2025-26,CARRIÓN DE LOS CONDES,PALENCIA,830,124,124,123,106,38,10,78,26,4,1,45,2,55,8,-3.8,-5.7,2026-01-06,20.1,2026-03-17
2400E,2017-18,AUTILLA DEL PINO,PALENCIA,874,151,151,151,141,91,42,90,62,2,0,13,2,149,17,-5.7,-7.6,2018-02-08,19.1,2017-11-01
2400E,2018-19,AUTILLA DEL PINO,PALENCIA,874,145,145,145,133,68,20,90,54,7,2,12,2,116,24,-4.5,-5.9,2019-02-04,20.2,2019-03-24
2400E,2019-20,AUTILLA DEL PINO,PALENCIA,874,152,152,151,125,57,17,91,40,8,1,25,3,113,19,-4.4,-7.4,2020-01-12,21.9,2020-03-11
2400E,2020-21,AUTILLA DEL PINO,PALENCIA,874,151,151,151,127,49,22,90,39,5,4,19,4,143,28,-6.6,-9.1,2021-01-14,23.5,2021-03-31
2400E,2021-22,AUTILLA DEL PINO,PALENCIA,874,151,151,151,140,73,22,90,55,0,0,19,0,151,23,-4.6,-6.7,2022-02-06,17.2,2022-02-02
2400E,2022-23,AUTILLA DEL PINO,PALENCIA,874,151,151,151,117,63,28,90,54,6,4,26,2,110,33,-5.7,-10.0,2023-02-24,23.4,2023-03-29
2400E,2023-24,AUTILLA DEL PINO,PALENCIA,874,152,152,148,121,54,15,91,44,6,5,31,5,133,15,-4.1,-6.8,2024-01-20,24.1,2024-03-22
2400E,2024-25,AUTILLA DEL PINO,PALENCIA,874,151,151,150,124,56,20,90,43,9,1,33,7,126,10,-4.5,-6.8,2024-12-15,22.7,2025-03-31
2400E,2025-26,AUTILLA DEL PINO,PALENCIA,874,151,151,151,134,54,14,90,37,10,3,47,4,102,7,-3.8,-6.6,2025-12-26,21.6,2026-03-17
2401X,2017-18,PALENCIA,PALENCIA,736,151,151,149,132,83,41,89,57,5,2,35,2,124,16,-5.6,-8.2,2018-02-24,21.0,2017-11-01
2401X,2018-19,PALENCIA,PALENCIA,736,151,151,151,132,68,25,90,52,15,7,26,4,113,20,-4.7,-7.5,2019-01-07,22.0,2019-02-26
2401X,2019-20,PALENCIA,PALENCIA,736,152,152,148,108,47,7,90,37,11,3,30,3,112,10,-2.9,-4.5,2020-01-12,23.9,2020-03-11
2401X,2020-21,PALENCIA,PALENCIA,736,151,151,148,117,46,20,89,35,9,5,17,4,140,20,-5.8,-8.3,2021-01-13,25.2,2021-03-31
2401X,2021-22,PALENCIA,PALENCIA,736,151,151,151,129,72,32,90,56,1,0,22,1,134,31,-6.2,-7.9,2022-01-15,18.0,2022-03-15
2401X,2022-23,PALENCIA,PALENCIA,736,151,151,150,110,57,23,90,44,18,7,36,6,97,13,-5.3,-7.8,2023-02-11,25.9,2023-03-29
2401X,2023-24,PALENCIA,PALENCIA,736,152,152,146,107,43,6,90,37,12,6,37,7,90,14,-2.8,-5.5,2024-01-08,26.3,2024-03-22
2401X,2024-25,PALENCIA,PALENCIA,736,151,151,149,114,40,14,90,36,10,2,35,7,126,10,-3.8,-8.2,2025-01-15,24.0,2025-03-31
2401X,2025-26,PALENCIA,PALENCIA,736,151,151,149,120,46,9,89,27,16,9,48,5,101,7,-3.4,-6.5,2026-01-06,22.9,2026-03-17
2422,2017-18,VALLADOLID,VALLADOLID,734,151,151,150,128,63,12,89,50,4,2,33,2,124,15,-3.3,-5.3,2018-02-24,20.8,2017-11-01
2422,2018-19,VALLADOLID,VALLADOLID,734,151,151,151,116,41,6,90,38,21,10,25,6,112,21,-2.9,-5.5,2019-01-05,23.0,2019-03-16
2422,2019-20,VALLADOLID,VALLADOLID,734,152,152,147,100,26,2,90,22,14,6,38,3,92,10,-1.7,-4.3,2020-01-12,24.3,2020-03-11
2422,2020-21,VALLADOLID,VALLADOLID,734,151,151,147,97,33,16,89,31,13,6,32,4,87,22,-4.8,-6.7,2021-01-12,26.0,2021-03-31
2422,2021-22,VALLADOLID,VALLADOLID,734,151,151,151,123,48,11,90,40,1,0,21,1,134,22,-3.3,-5.3,2022-01-15,18.7,2022-03-15
2422,2022-23,VALLADOLID,VALLADOLID,734,151,151,150,98,42,12,90,37,17,6,37,6,48,14,-3.3,-4.1,2023-01-31,25.7,2023-03-29
2422,2023-24,VALLADOLID,VALLADOLID,734,152,152,144,98,26,4,90,24,9,6,39,8,133,12,-1.8,-4.2,2024-01-20,26.6,2024-03-22
2422,2024-25,VALLADOLID,VALLADOLID,734,151,151,147,103,32,4,90,29,12,5,36,7,126,9,-1.9,-6.2,2025-01-15,23.8,2025-03-31
2422,2025-26,VALLADOLID,VALLADOLID,734,151,151,147,110,20,3,88,14,15,7,54,3,102,4,-2.1,-3.5,2025-12-26,24.2,2026-03-17
2430Y,2017-18,MUÑOTELLO,AVILA,1178,147,150,146,133,68,21,90,53,4,0,56,2,122,11,-5.6,-8.3,2018-02-08,19.1,2017-11-17
2430Y,2018-19,MUÑOTELLO,AVILA,1178,151,151,151,136,47,8,90,36,7,2,27,2,82,19,-2.9,-6.6,2019-01-11,20.7,2019-03-15
2430Y,2019-20,MUÑOTELLO,AVILA,1178,152,152,151,120,26,5,91,16,7,5,47,3,57,4,-2.1,-6.0,2020-01-05,23.1,2020-03-11
2430Y,2020-21,MUÑOTELLO,AVILA,1178,151,151,151,116,49,23,90,36,6,2,42,2,129,27,-5.3,-8.9,2021-01-12,20.5,2020-11-01
2430Y,2021-22,MUÑOTELLO,AVILA,1178,151,151,151,133,46,6,90,31,3,2,34,1,59,13,-2.7,-5.5,2022-01-22,20.8,2022-02-02
2430Y,2022-23,MUÑOTELLO,AVILA,1178,150,150,149,108,49,18,89,41,9,3,41,3,88,12,-4.4,-6.9,2023-02-24,22.5,2023-03-29
2430Y,2024-25,MUÑOTELLO,AVILA,1178,151,151,150,115,39,8,90,34,7,1,45,2,94,10,-3.0,-6.3,2025-01-14,22.1,2025-03-31
2430Y,2025-26,MUÑOTELLO,AVILA,1178,151,151,149,123,42,8,90,28,8,5,50,4,108,5,-3.1,-5.7,2026-01-01,21.1,2026-02-23
2444,2017-18,ÁVILA,AVILA,1130,151,151,150,137,79,29,90,58,2,0,39,1,126,12,-5.8,-11.4,2018-01-09,18.8,2018-03-28
2444,2018-19,ÁVILA,AVILA,1130,151,151,151,135,54,14,90,44,11,4,23,2,81,22,-4.3,-6.4,2019-01-11,21.3,2019-03-16
2444,2019-20,ÁVILA,AVILA,1130,152,152,149,120,40,6,91,30,10,5,27,3,54,10,-2.4,-4.8,2020-01-12,23.9,2020-03-11
2444,2020-21,ÁVILA,AVILA,1130,151,151,151,111,49,21,90,37,8,4,30,2,70,22,-6.8,-10.7,2021-01-12,22.1,2020-11-17
2444,2021-22,ÁVILA,AVILA,1130,151,151,151,129,52,13,90,34,4,2,30,2,59,11,-3.8,-5.3,2022-01-15,20.5,2022-02-02
2444,2022-23,ÁVILA,AVILA,1130,151,151,151,105,52,23,90,42,12,5,29,3,105,20,-4.8,-6.1,2023-01-25,22.8,2023-03-29
2444,2023-24,ÁVILA,AVILA,1130,152,152,149,112,43,9,91,34,18,9,33,8,49,15,-3.3,-5.4,2024-01-08,23.3,2024-03-22
2444,2024-25,ÁVILA,AVILA,1130,150,150,148,113,45,14,89,41,5,2,42,2,74,9,-4.3,-6.8,2025-01-14,21.9,2025-03-31
2444,2025-26,ÁVILA,AVILA,1130,151,151,150,125,46,8,90,31,5,1,45,2,112,5,-3.1,-6.7,2026-01-05,21.0,2026-02-23
2453E,2017-18,GOTARRENDURA,AVILA,920,151,151,150,132,77,34,90,55,3,1,35,2,128,12,-6.0,-10.4,2018-01-09,21.2,2017-11-22
2453E,2018-19,GOTARRENDURA,AVILA,920,151,151,151,131,63,30,90,50,14,3,17,4,109,22,-5.7,-7.8,2019-01-11,23.7,2019-03-16
2453E,2019-20,GOTARRENDURA,AVILA,920,152,152,149,119,50,16,91,37,11,4,24,3,93,19,-5.0,-6.4,2020-01-12,24.7,2020-03-12
2453E,2020-21,GOTARRENDURA,AVILA,920,149,149,145,103,51,27,88,35,10,3,29,2,60,20,-8.6,-12.5,2021-01-10,22.4,2021-03-31
2453E,2021-22,GOTARRENDURA,AVILA,920,150,147,150,123,59,19,89,43,3,0,23,3,89,12,-4.4,-6.7,2022-01-22,19.8,2022-01-01
2453E,2022-23,GOTARRENDURA,AVILA,920,138,138,138,103,50,27,90,42,12,5,19,3,115,20,-5.6,-6.3,2023-01-23,25.1,2023-03-29
2453E,2023-24,GOTARRENDURA,AVILA,920,152,152,148,107,41,10,91,31,22,9,24,9,66,14,-3.2,-5.6,2023-12-19,25.4,2024-03-22
2453E,2024-25,GOTARRENDURA,AVILA,920,151,151,149,113,52,22,90,44,11,2,0,5,76,16,-5.3,-9.9,2025-01-14,23.5,2025-03-31
2453E,2025-26,GOTARRENDURA,AVILA,920,151,151,147,118,42,7,90,27,10,5,42,3,102,7,-3.0,-6.2,2026-01-05,22.4,2026-02-26
2456B,2017-18,AREVALO,AVILA,820,150,150,148,129,82,45,89,59,5,2,40,3,127,16,-7.0,-12.6,2018-01-09,21.1,2017-11-22
2456B,2018-19,AREVALO,AVILA,820,151,151,151,133,73,30,90,57,19,7,22,4,109,27,-5.5,-7.8,2019-01-06,23.4,2019-03-16
2456B,2019-20,AREVALO,AVILA,820,152,152,149,118,52,16,91,40,11,4,32,4,111,19,-4.0,-6.4,2020-01-12,24.1,2020-03-11
2456B,2020-21,AREVALO,AVILA,820,151,151,146,111,55,25,90,37,11,6,31,4,124,20,-7.7,-14.3,2021-01-12,24.6,2021-03-31
2456B,2021-22,AREVALO,AVILA,820,151,151,151,130,71,31,90,51,5,1,28,2,60,31,-5.2,-8.1,2022-02-06,21.2,2022-01-01
2456B,2022-23,AREVALO,AVILA,820,135,135,133,102,57,33,89,47,14,7,28,4,92,23,-5.9,-7.1,2023-01-30,25.1,2023-03-29
2456B,2023-24,AREVALO,AVILA,820,152,152,146,106,44,11,89,35,13,9,37,9,70,15,-3.2,-5.1,2024-01-08,26.4,2024-03-22
2456B,2024-25,AREVALO,AVILA,820,151,151,149,114,47,19,90,41,12,3,38,4,77,15,-5.2,-10.0,2025-01-14,24.0,2025-03-31
2456B,2025-26,AREVALO,AVILA,820,150,150,146,117,44,9,89,26,12,8,48,3,102,7,-3.2,-6.5,2026-01-06,23.1,2025-11-04
2462,2017-18,PUERTO DE NAVACERRADA,MADRID,1892,151,151,151,144,111,76,90,69,0,0,75,0,151,21,-9.1,-10.5,2018-02-08,13.6,2017-11-20
2462,2018-19,PUERTO DE NAVACERRADA,MADRID,1892,151,151,151,144,81,30,90,49,0,0,45,0,151,12,-5.8,-10.3,2019-01-11,16.3,2018-12-25
2462,2019-20,PUERTO DE NAVACERRADA,MADRID,1892,152,152,152,135,80,31,91,41,1,0,68,1,131,11,-4.7,-10.8,2020-01-20,18.9,2020-03-11
2462,2020-21,PUERTO DE NAVACERRADA,MADRID,1892,151,151,151,146,83,42,90,62,0,0,61,0,151,24,-8.4,-11.2,2021-01-11,15.5,2020-11-01
2462,2021-22,PUERTO DE NAVACERRADA,MADRID,1892,151,151,151,146,92,45,90,49,0,0,58,0,151,15,-5.7,-8.3,2022-01-06,16.8,2022-02-02
2462,2022-23,PUERTO DE NAVACERRADA,MADRID,1892,151,151,151,144,77,38,90,55,0,0,55,0,151,17,-8.8,-11.6,2023-02-28,16.9,2023-03-28
2462,2023-24,PUERTO DE NAVACERRADA,MADRID,1892,152,152,150,124,69,36,90,41,5,0,59,3,67,20,-5.9,-7.4,2024-01-12,18.9,2024-03-23
2462,2024-25,PUERTO DE NAVACERRADA,MADRID,1892,151,151,151,138,89,37,90,61,0,0,59,0,151,12,-5.5,-7.0,2025-03-15,16.2,2025-03-31
2462,2025-26,PUERTO DE NAVACERRADA,MADRID,1892,151,151,151,147,103,58,90,67,0,0,78,0,151,28,-7.0,-10.7,2026-01-05,14.5,2025-11-03
2465,2017-18,SEGOVIA,SEGOVIA,1008,151,151,149,131,60,16,90,48,2,0,50,1,129,10,-4.5,-7.3,2018-02-08,19.4,2017-11-01
2465,2018-19,SEGOVIA,SEGOVIA,1008,151,151,150,120,28,3,90,23,15,4,31,4,79,14,-2.5,-6.3,2019-01-11,22.0,2019-03-16
2465,2019-20,SEGOVIA,SEGOVIA,1008,152,152,149,105,20,3,91,13,9,5,40,4,94,5,-1.5,-3.8,2020-01-21,23.9,2020-03-11
2465,2020-21,SEGOVIA,SEGOVIA,1008,151,151,144,102,38,14,89,29,9,5,37,4,125,18,-4.5,-8.0,2021-01-11,21.4,2021-03-31
2465,2021-22,SEGOVIA,SEGOVIA,1008,151,151,150,121,37,1,90,27,3,2,30,3,89,14,-2.0,-4.3,2022-01-22,22.6,2021-12-30
2465,2022-23,SEGOVIA,SEGOVIA,1008,151,151,147,94,42,16,88,37,11,4,44,3,129,14,-3.5,-5.0,2023-02-24,23.1,2023-03-29
2465,2023-24,SEGOVIA,SEGOVIA,1008,152,152,145,101,27,3,90,23,18,9,46,9,65,6,-2.3,-5.1,2023-12-25,24.9,2024-03-22
2465,2024-25,SEGOVIA,SEGOVIA,1008,151,151,148,100,34,8,90,30,13,2,40,5,119,7,-3.1,-6.8,2024-12-31,22.8,2025-03-31
2465,2025-26,SEGOVIA,SEGOVIA,1008,151,151,149,111,32,5,90,23,11,7,56,4,102,4,-2.0,-6.3,2026-01-06,22.2,2026-03-17
2471Y,2017-18,SAN RAFAEL,SEGOVIA,1237,151,151,151,140,92,35,90,64,0,0,55,0,151,17,-6.8,-9.8,2018-02-09,17.1,2017-11-21
2471Y,2018-19,SAN RAFAEL,SEGOVIA,1237,151,151,151,139,68,16,90,52,5,0,34,2,88,22,-4.1,-8.0,2019-01-11,19.5,2019-03-16
2471Y,2019-20,SAN RAFAEL,SEGOVIA,1237,152,152,151,131,46,8,91,28,6,3,51,3,54,6,-3.0,-6.8,2020-01-20,23.2,2020-03-11
2471Y,2020-21,SAN RAFAEL,SEGOVIA,1237,151,151,151,129,55,28,90,39,4,0,50,2,132,27,-7.5,-12.6,2021-01-12,19.6,2020-11-18
2471Y,2021-22,SAN RAFAEL,SEGOVIA,1237,151,151,151,140,62,13,90,38,4,2,43,3,59,12,-3.5,-5.0,2022-01-16,21.1,2021-12-30
2471Y,2022-23,SAN RAFAEL,SEGOVIA,1237,150,150,150,117,60,24,90,48,7,3,40,3,131,23,-5.5,-7.7,2023-02-24,21.1,2023-03-12
2471Y,2023-24,SAN RAFAEL,SEGOVIA,1237,152,152,149,120,54,8,91,41,14,7,45,8,65,7,-3.0,-4.8,2024-01-08,22.8,2024-03-22
2471Y,2024-25,SAN RAFAEL,SEGOVIA,1237,151,151,151,121,55,14,90,44,4,1,47,2,120,11,-4.2,-7.2,2025-01-13,20.8,2025-03-31
2471Y,2025-26,SAN RAFAEL,SEGOVIA,1237,149,149,149,129,59,7,89,40,3,0,68,2,110,6,-2.9,-7.5,2026-01-18,19.6,2026-02-23
2482B,2017-18,MIGUELAÑEZ,SEGOVIA,870,151,151,149,127,70,21,90,53,3,1,39,2,128,12,-4.8,-10.5,2018-01-08,20.6,2017-11-22
2482B,2018-19,MIGUELAÑEZ,SEGOVIA,870,151,151,151,129,48,15,90,40,18,7,18,5,109,25,-4.2,-5.6,2019-01-03,23.0,2019-03-16
2482B,2019-20,MIGUELAÑEZ,SEGOVIA,870,152,152,148,109,35,9,90,27,12,4,29,4,93,10,-3.1,-6.1,2020-01-12,24.6,2020-03-12
2482B,2020-21,MIGUELAÑEZ,SEGOVIA,870,151,151,148,101,42,18,90,33,11,6,23,4,124,19,-6.4,-13.5,2021-01-11,23.6,2021-03-31
2482B,2021-22,MIGUELAÑEZ,SEGOVIA,870,134,136,133,112,40,8,73,28,5,1,25,3,59,8,-3.1,-6.2,2022-01-22,20.6,2022-01-01
2482B,2022-23,MIGUELAÑEZ,SEGOVIA,870,149,149,148,96,51,21,88,44,18,6,31,4,97,24,-3.8,-6.0,2023-01-30,24.8,2023-03-29
2482B,2023-24,MIGUELAÑEZ,SEGOVIA,870,152,152,144,103,32,7,89,26,15,9,39,9,65,6,-2.8,-6.4,2023-12-27,26.4,2024-03-22
2482B,2024-25,MIGUELAÑEZ,SEGOVIA,870,151,151,149,111,45,20,90,39,15,3,38,8,119,14,-4.5,-8.0,2025-01-14,24.5,2025-03-31
2482B,2025-26,MIGUELAÑEZ,SEGOVIA,870,150,150,147,118,34,6,89,21,14,6,51,5,98,5,-2.8,-6.5,2026-01-18,22.8,2025-11-04
2491C,2017-18,"LA COVATILLA, ESTACIÓN DE ESQUÍ",SALAMANCA,1960,149,149,149,148,107,74,88,66,0,0,58,0,98,20,-8.9,-9.9,2018-02-06,13.5,2018-01-23
2491C,2018-19,"LA COVATILLA, ESTACIÓN DE ESQUÍ",SALAMANCA,1960,151,151,151,145,77,32,90,46,0,0,40,0,151,9,-6.2,-8.6,2019-02-03,14.8,2018-12-25
2491C,2019-20,"LA COVATILLA, ESTACIÓN DE ESQUÍ",SALAMANCA,1960,152,152,152,143,85,38,91,43,0,0,53,0,152,21,-6.0,-10.5,2020-01-20,16.8,2020-03-11
2491C,2021-22,"LA COVATILLA, ESTACIÓN DE ESQUÍ",SALAMANCA,1960,151,151,151,147,99,50,90,55,0,0,41,0,151,20,-6.7,-9.5,2021-11-28,16.8,2022-02-17
2491C,2022-23,"LA COVATILLA, ESTACIÓN DE ESQUÍ",SALAMANCA,1960,151,151,151,145,73,43,90,52,0,0,52,0,151,15,-8.8,-11.3,2023-03-01,15.0,2023-03-29
2491C,2023-24,"LA COVATILLA, ESTACIÓN DE ESQUÍ",SALAMANCA,1960,152,151,152,126,71,43,91,40,0,0,56,0,105,20,-6.3,-8.4,2024-01-11,17.3,2023-11-18
2491C,2025-26,"LA COVATILLA, ESTACIÓN DE ESQUÍ",SALAMANCA,1960,148,148,148,144,98,62,90,68,0,0,60,0,125,27,-7.7,-10.2,2026-01-05,15.1,2025-11-04
2503B,2017-18,"OLMEDO, DEPÓSITO DE AGUA",VALLADOLID,786,150,151,150,128,77,34,90,57,4,1,40,2,124,16,-5.5,-10.3,2018-01-09,21.2,2017-11-01
2503B,2018-19,"OLMEDO, DEPÓSITO DE AGUA",VALLADOLID,786,151,151,151,132,70,21,90,59,26,12,26,6,101,27,-5.0,-7.4,2019-01-05,23.8,2019-03-16
2503B,2019-20,"OLMEDO, DEPÓSITO DE AGUA",VALLADOLID,786,152,152,149,114,46,10,91,36,11,6,39,6,112,10,-3.3,-6.1,2020-01-12,24.2,2020-03-11
2503B,2020-21,"OLMEDO, DEPÓSITO DE AGUA",VALLADOLID,786,151,151,148,103,44,20,90,34,11,7,40,4,123,19,-6.0,-12.9,2021-01-12,24.5,2021-03-31
2503B,2021-22,"OLMEDO, DEPÓSITO DE AGUA",VALLADOLID,786,151,151,151,131,72,24,90,53,4,1,25,1,61,24,-5.3,-6.8,2022-01-15,20.5,2022-01-01
2503B,2022-23,"OLMEDO, DEPÓSITO DE AGUA",VALLADOLID,786,150,150,150,105,55,26,90,46,16,7,33,4,85,24,-4.9,-6.6,2023-03-03,25.4,2023-03-29
2503B,2023-24,"OLMEDO, DEPÓSITO DE AGUA",VALLADOLID,786,152,152,146,107,39,7,90,31,11,8,36,8,87,15,-2.8,-4.6,2024-01-12,26.0,2024-03-22
2503B,2024-25,"OLMEDO, DEPÓSITO DE AGUA",VALLADOLID,786,151,151,149,114,44,14,90,39,14,5,35,8,119,14,-3.9,-8.6,2025-01-14,24.8,2025-03-31
2503B,2025-26,"OLMEDO, DEPÓSITO DE AGUA",VALLADOLID,786,146,146,143,119,40,9,89,29,15,8,43,5,95,7,-3.3,-5.5,2026-01-06,23.2,2026-03-17
2507Y,2017-18,RUEDA,VALLADOLID,724,151,151,151,125,76,31,90,55,4,1,32,2,124,16,-5.0,-7.0,2018-02-23,21.3,2017-11-01
2507Y,2018-19,RUEDA,VALLADOLID,724,151,151,151,123,52,20,90,43,20,6,25,6,107,20,-4.8,-7.1,2019-01-05,23.0,2019-03-16
2507Y,2019-20,RUEDA,VALLADOLID,724,152,152,147,104,38,8,90,33,11,4,34,3,112,19,-3.0,-4.2,2020-01-01,24.1,2020-03-11
2507Y,2020-21,RUEDA,VALLADOLID,724,151,151,148,103,46,18,90,34,12,7,35,5,105,19,-5.5,-9.1,2021-01-14,26.0,2021-03-31
2507Y,2021-22,RUEDA,VALLADOLID,724,151,151,151,127,61,24,90,44,1,0,17,1,134,22,-4.7,-6.7,2022-01-29,18.5,2022-03-15
2507Y,2022-23,RUEDA,VALLADOLID,724,151,151,148,97,51,25,89,44,18,7,39,6,97,23,-4.3,-5.6,2023-01-31,25.9,2023-03-29
2507Y,2023-24,RUEDA,VALLADOLID,724,152,152,145,103,38,8,90,31,15,8,6,10,87,15,-3.1,-5.3,2024-01-20,26.7,2024-03-22
2507Y,2024-25,RUEDA,VALLADOLID,724,146,147,143,100,34,8,85,31,13,5,37,8,45,9,-3.2,-6.9,2025-01-15,24.3,2025-03-31
2507Y,2025-26,RUEDA,VALLADOLID,724,151,151,149,109,28,5,90,20,15,9,46,3,101,6,-2.3,-5.3,2026-01-05,23.9,2026-03-17
2512Y,2017-18,RIVILLA DE BARAJAS,AVILA,925,151,151,150,127,62,17,90,48,2,1,32,1,129,11,-4.8,-8.6,2018-01-08,20.0,2017-11-01
2512Y,2018-19,RIVILLA DE BARAJAS,AVILA,925,151,151,151,131,37,8,90,30,10,1,22,2,116,19,-3.4,-6.7,2019-01-03,21.7,2019-03-16
2512Y,2019-20,RIVILLA DE BARAJAS,AVILA,925,152,152,149,112,31,10,91,23,6,3,34,3,94,5,-3.5,-6.3,2020-01-13,22.9,2020-03-11
2512Y,2020-21,RIVILLA DE BARAJAS,AVILA,925,151,151,147,106,44,17,90,33,8,3,31,2,125,17,-5.3,-9.7,2021-01-16,22.4,2021-03-31
2512Y,2021-22,RIVILLA DE BARAJAS,AVILA,925,151,151,151,119,43,5,90,32,1,0,25,1,89,19,-2.7,-6.8,2022-01-22,19.6,2022-01-01
2512Y,2022-23,RIVILLA DE BARAJAS,AVILA,925,151,151,151,96,44,18,90,38,9,4,35,3,118,14,-4.2,-6.4,2023-01-30,22.9,2023-03-29
2512Y,2023-24,RIVILLA DE BARAJAS,AVILA,925,131,131,125,83,21,5,69,16,10,6,34,7,54,6,-2.0,-5.4,2023-12-26,24.0,2024-03-22
2512Y,2024-25,RIVILLA DE BARAJAS,AVILA,925,151,151,147,101,39,11,90,34,6,3,41,3,120,10,-3.9,-6.7,2025-01-14,22.3,2025-03-31
2512Y,2025-26,RIVILLA DE BARAJAS,AVILA,925,150,150,147,110,27,5,89,18,9,6,52,3,102,4,-2.4,-6.7,2026-01-05,22.2,2026-03-17
2517A,2017-18,FUENTE EL SOL,VALLADOLID,755,151,151,150,127,79,43,89,54,10,3,37,4,85,17,-6.7,-11.9,2018-01-09,21.9,2017-11-01
2517A,2018-19,FUENTE EL SOL,VALLADOLID,755,151,151,151,134,72,32,90,55,34,18,21,10,65,21,-5.3,-7.9,2019-01-06,24.7,2019-03-15
2517A,2019-20,FUENTE EL SOL,VALLADOLID,755,152,152,148,117,54,15,90,42,17,8,28,5,92,19,-3.9,-5.3,2020-01-02,25.4,2020-03-12
2517A,2020-21,FUENTE EL SOL,VALLADOLID,755,147,147,142,105,53,30,90,37,20,11,28,5,36,20,-8.5,-14.3,2021-01-13,25.4,2021-03-31
2517A,2021-22,FUENTE EL SOL,VALLADOLID,755,151,151,151,134,79,35,90,57,10,1,24,3,58,24,-6.2,-8.5,2022-02-06,22.5,2022-01-01
2517A,2022-23,FUENTE EL SOL,VALLADOLID,755,150,150,147,109,56,33,89,45,25,11,35,6,46,23,-5.9,-7.0,2023-01-31,26.1,2023-03-28
2517A,2023-24,FUENTE EL SOL,VALLADOLID,755,152,152,145,109,45,6,89,36,19,10,36,9,70,10,-2.9,-4.3,2024-01-08,26.4,2024-03-22
2517A,2024-25,FUENTE EL SOL,VALLADOLID,755,151,150,149,120,52,18,90,42,21,8,29,9,75,15,-5.8,-10.5,2025-01-14,25.1,2025-03-31
2517A,2025-26,FUENTE EL SOL,VALLADOLID,755,149,149,146,117,42,12,89,23,18,12,49,4,100,7,-3.7,-6.1,2026-01-05,24.2,2026-03-17
2536D,2017-18,MORALES DEL TORO,ZAMORA,710,151,151,149,130,81,35,89,56,10,2,33,3,123,16,-5.2,-8.3,2018-02-24,22.7,2017-11-01
2536D,2018-19,MORALES DEL TORO,ZAMORA,710,151,151,151,128,59,22,90,49,34,10,26,6,88,21,-4.7,-7.3,2019-01-04,23.3,2019-03-15
2536D,2019-20,MORALES DEL TORO,ZAMORA,710,152,152,149,110,49,8,91,39,17,9,35,5,92,19,-3.1,-3.7,2020-01-13,24.5,2020-03-11
2536D,2020-21,MORALES DEL TORO,ZAMORA,710,151,151,149,109,51,22,90,37,18,10,31,5,69,23,-5.7,-8.8,2021-01-14,27.2,2021-03-31
2536D,2021-22,MORALES DEL TORO,ZAMORA,710,150,150,150,129,70,24,89,50,10,0,24,2,58,24,-5.4,-6.8,2022-01-30,19.3,2022-02-22
2536D,2022-23,MORALES DEL TORO,ZAMORA,710,151,151,148,104,52,31,89,43,25,10,37,7,95,23,-5.2,-6.2,2023-01-31,25.5,2023-03-28
2536D,2023-24,MORALES DEL TORO,ZAMORA,710,152,152,146,109,45,7,90,36,20,8,35,9,86,14,-2.9,-5.5,2024-01-20,27.1,2024-03-22
2536D,2024-25,MORALES DEL TORO,ZAMORA,710,151,151,149,110,40,12,90,34,18,10,31,9,83,9,-3.9,-7.4,2025-01-15,25.7,2025-03-31
2536D,2025-26,MORALES DEL TORO,ZAMORA,710,151,151,149,118,39,7,89,26,26,13,52,6,100,6,-2.8,-5.9,2025-12-26,25.4,2026-03-17
2539,2017-18,VALLADOLID AEROPUERTO,VALLADOLID,846,151,151,151,138,88,39,90,59,3,0,36,2,144,16,-5.5,-8.2,2018-02-23,19.2,2017-11-01
2539,2018-19,VALLADOLID AEROPUERTO,VALLADOLID,846,151,151,151,139,70,24,90,56,8,2,26,2,116,20,-4.7,-6.0,2019-01-06,20.2,2019-02-26
2539,2019-20,VALLADOLID AEROPUERTO,VALLADOLID,846,152,152,150,118,51,13,91,39,8,2,40,3,112,19,-4.3,-5.2,2020-01-02,21.8,2020-03-11
2539,2020-21,VALLADOLID AEROPUERTO,VALLADOLID,846,151,151,150,118,48,24,90,37,9,4,31,4,125,23,-6.1,-9.0,2021-01-12,24.0,2021-03-31
2539,2021-22,VALLADOLID AEROPUERTO,VALLADOLID,846,151,151,151,138,79,29,90,57,1,0,21,1,93,29,-4.9,-6.4,2022-02-06,18.2,2022-02-02
2539,2022-23,VALLADOLID AEROPUERTO,VALLADOLID,846,148,149,147,111,56,29,88,46,8,4,33,3,54,20,-5.2,-7.5,2023-02-24,24.3,2023-03-29
2539,2023-24,VALLADOLID AEROPUERTO,VALLADOLID,846,152,152,147,113,44,10,91,36,8,5,38,6,115,15,-3.1,-6.9,2024-01-20,25.4,2024-03-22
2539,2024-25,VALLADOLID AEROPUERTO,VALLADOLID,846,151,151,149,118,49,9,90,39,10,1,35,8,132,9,-3.5,-6.1,2025-01-18,21.7,2025-03-31
2539,2025-26,VALLADOLID AEROPUERTO,VALLADOLID,846,151,151,150,130,46,12,90,32,9,3,49,3,102,7,-4.2,-6.7,2025-12-26,21.8,2026-03-17
2555B,2017-18,FUENTESAUCO,ZAMORA,811,150,150,149,130,63,24,89,48,3,1,28,1,82,15,-4.9,-7.3,2017-12-06,20.4,2017-11-01
2555B,2018-19,FUENTESAUCO,ZAMORA,811,151,151,151,128,48,14,90,38,18,3,25,4,113,21,-4.0,-5.3,2019-01-16,22.1,2019-03-16
2555B,2019-20,FUENTESAUCO,ZAMORA,811,152,152,149,110,35,8,91,29,9,4,30,3,92,7,-2.8,-6.2,2020-01-12,23.8,2020-03-11
2555B,2020-21,FUENTESAUCO,ZAMORA,811,151,151,148,103,43,20,90,34,9,5,31,4,125,22,-6.2,-10.6,2021-01-17,25.0,2021-03-31
2555B,2021-22,FUENTESAUCO,ZAMORA,811,151,151,151,132,55,24,90,43,0,0,27,0,151,22,-5.0,-6.7,2022-01-29,17.7,2022-01-01
2555B,2022-23,FUENTESAUCO,ZAMORA,811,148,148,146,94,45,22,86,38,11,4,39,3,77,11,-4.0,-5.9,2023-02-28,24.1,2023-03-28
2555B,2023-24,FUENTESAUCO,ZAMORA,811,152,152,145,105,32,6,89,26,12,5,42,9,115,13,-2.4,-4.4,2024-01-20,24.2,2024-03-22
2555B,2024-25,FUENTESAUCO,ZAMORA,811,151,151,150,105,39,11,90,33,11,3,35,4,126,7,-3.5,-7.6,2025-01-14,21.5,2025-03-31
2555B,2025-26,FUENTESAUCO,ZAMORA,811,151,151,150,113,31,5,90,20,11,3,52,3,109,4,-2.6,-4.9,2025-12-26,21.2,2026-02-26
2565,2021-22,CORESES,ZAMORA,702,151,151,151,127,55,24,90,43,1,0,21,1,114,23,-4.5,-5.3,2022-01-23,18.0,2022-02-23
2565,2022-23,CORESES,ZAMORA,702,151,151,146,94,50,26,88,42,16,4,33,4,95,22,-4.2,-5.2,2023-01-31,24.4,2023-03-29
2565,2023-24,CORESES,ZAMORA,702,152,152,140,102,31,3,89,29,12,6,39,8,116,13,-2.4,-4.5,2024-01-20,23.9,2024-03-22
2565,2024-25,CORESES,ZAMORA,702,151,151,148,95,33,7,90,30,15,7,35,9,125,7,-2.8,-5.9,2025-01-15,23.6,2025-03-31
2565,2025-26,CORESES,ZAMORA,702,151,151,148,109,24,4,88,18,16,5,45,3,101,4,-2.1,-5.0,2026-01-05,22.1,2026-03-17
2568D,2017-18,"SANTERVÁS DE LA VEGA, VILLAPÚN ",PALENCIA,985,151,151,151,138,98,37,90,66,0,0,42,0,151,13,-6.5,-8.5,2018-02-23,17.8,2017-11-16
2568D,2018-19,"SANTERVÁS DE LA VEGA, VILLAPÚN ",PALENCIA,985,151,151,151,141,76,18,90,55,4,1,27,2,116,19,-4.2,-7.0,2019-01-16,20.1,2019-02-25
2568D,2019-20,"SANTERVÁS DE LA VEGA, VILLAPÚN ",PALENCIA,985,152,152,151,128,59,11,91,45,1,0,43,1,131,17,-3.3,-5.7,2020-01-13,18.7,2020-03-11
2568D,2020-21,"SANTERVÁS DE LA VEGA, VILLAPÚN ",PALENCIA,985,151,151,151,131,64,31,90,46,5,1,42,4,142,27,-5.7,-8.1,2021-01-17,21.1,2021-03-31
2568D,2021-22,"SANTERVÁS DE LA VEGA, VILLAPÚN ",PALENCIA,985,151,151,151,141,78,25,90,53,1,0,30,1,93,15,-4.2,-6.3,2022-01-15,18.8,2022-02-02
2568D,2022-23,"SANTERVÁS DE LA VEGA, VILLAPÚN ",PALENCIA,985,150,150,150,119,65,27,90,50,2,1,21,2,140,17,-5.8,-8.3,2023-02-28,21.4,2023-03-29
2568D,2023-24,"SANTERVÁS DE LA VEGA, VILLAPÚN ",PALENCIA,985,152,152,149,125,54,14,91,42,5,2,44,5,138,13,-5.4,-7.9,2023-12-19,23.2,2024-03-22
2568D,2024-25,"SANTERVÁS DE LA VEGA, VILLAPÚN ",PALENCIA,985,151,151,151,118,60,13,90,43,3,1,42,1,144,10,-3.8,-7.2,2024-12-30,22.1,2025-03-31
2568D,2025-26,"SANTERVÁS DE LA VEGA, VILLAPÚN ",PALENCIA,985,151,151,151,136,55,10,90,36,1,0,33,1,136,8,-3.7,-9.1,2026-01-05,18.3,2026-03-17
2593D,2017-18,VILLALÓN DE CAMPOS,VALLADOLID,782,151,151,151,138,91,49,90,62,6,2,31,2,129,19,-6.5,-9.9,2018-02-24,20.6,2017-11-16
2593D,2018-19,VILLALÓN DE CAMPOS,VALLADOLID,782,146,147,146,129,72,26,85,55,17,8,25,5,93,23,-5.0,-7.2,2019-01-07,21.5,2019-03-24
2593D,2019-20,VILLALÓN DE CAMPOS,VALLADOLID,782,152,152,150,114,50,12,91,37,10,4,29,3,112,18,-3.2,-4.8,2020-01-02,22.5,2020-03-11
2593D,2020-21,VILLALÓN DE CAMPOS,VALLADOLID,782,151,151,149,124,54,29,90,40,12,6,28,5,104,27,-6.0,-8.6,2021-01-13,25.0,2021-03-31
2593D,2021-22,VILLALÓN DE CAMPOS,VALLADOLID,782,151,151,151,136,74,31,90,56,3,0,21,2,93,31,-5.9,-7.1,2022-01-23,19.5,2022-02-02
2593D,2022-23,VILLALÓN DE CAMPOS,VALLADOLID,782,151,151,151,114,66,33,90,50,13,5,29,4,98,31,-6.3,-8.1,2023-02-11,24.5,2023-03-29
2593D,2023-24,VILLALÓN DE CAMPOS,VALLADOLID,782,152,152,145,117,53,10,90,45,9,6,43,7,117,14,-3.2,-6.7,2024-01-20,27.0,2024-03-22
2593D,2024-25,VILLALÓN DE CAMPOS,VALLADOLID,782,151,151,149,119,52,15,90,42,13,5,41,8,125,10,-3.5,-6.4,2025-01-19,24.9,2025-03-31
2593D,2025-26,VILLALÓN DE CAMPOS,VALLADOLID,782,149,149,148,122,46,9,89,29,18,8,48,4,101,6,-3.5,-5.6,2026-01-05,24.0,2026-03-17
2604B,2017-18,MEDINA DE RIOSECO,VALLADOLID,731,151,151,151,132,89,51,90,61,4,1,34,2,124,16,-7.0,-9.4,2018-02-23,20.6,2017-11-01
2604B,2018-19,MEDINA DE RIOSECO,VALLADOLID,731,151,151,151,130,83,31,90,62,15,4,26,4,113,20,-5.8,-8.8,2019-01-07,21.2,2019-02-26
2604B,2019-20,MEDINA DE RIOSECO,VALLADOLID,731,152,152,149,115,58,12,90,43,8,3,35,3,112,18,-3.6,-6.3,2020-01-12,22.3,2020-03-11
2604B,2020-21,MEDINA DE RIOSECO,VALLADOLID,731,151,151,149,116,55,27,89,39,10,4,35,4,124,23,-6.5,-9.2,2021-01-12,24.3,2021-03-31
2604B,2021-22,MEDINA DE RIOSECO,VALLADOLID,731,145,146,145,128,81,32,84,56,0,0,23,0,100,31,-6.3,-7.4,2022-01-15,17.6,2022-02-02
2604B,2022-23,MEDINA DE RIOSECO,VALLADOLID,731,151,151,149,110,67,32,89,49,11,4,8,3,98,15,-6.7,-8.0,2023-02-28,24.2,2023-03-29
2604B,2023-24,MEDINA DE RIOSECO,VALLADOLID,731,152,152,143,109,53,15,90,41,9,5,37,7,117,14,-3.6,-6.6,2024-01-20,24.6,2024-03-22
2604B,2024-25,MEDINA DE RIOSECO,VALLADOLID,731,151,151,149,119,48,22,90,36,10,4,30,8,132,9,-5.0,-8.7,2025-01-15,22.9,2025-03-31
2604B,2025-26,MEDINA DE RIOSECO,VALLADOLID,731,150,150,149,118,47,18,89,28,14,7,51,4,98,7,-4.4,-7.5,2026-01-06,22.7,2026-03-17
2611D,2017-18,VILLAFÁFILA,ZAMORA,690,151,151,150,129,86,42,89,60,3,1,28,1,136,16,-6.2,-8.9,2018-02-24,21.1,2018-03-27
2611D,2018-19,VILLAFÁFILA,ZAMORA,690,151,151,151,133,75,26,90,58,17,5,24,6,113,21,-5.3,-7.4,2019-01-06,21.3,2019-03-16
2611D,2019-20,VILLAFÁFILA,ZAMORA,690,152,152,149,109,52,11,90,38,10,3,31,3,113,9,-3.3,-4.3,2020-02-20,23.5,2020-03-11
2611D,2020-21,VILLAFÁFILA,ZAMORA,690,151,151,148,107,58,28,89,39,9,3,28,4,123,22,-6.2,-8.0,2021-01-12,25.5,2021-03-31
2611D,2021-22,VILLAFÁFILA,ZAMORA,690,151,151,151,132,85,35,90,60,3,0,19,1,114,31,-5.7,-7.2,2022-01-31,19.1,2022-03-15
2611D,2022-23,VILLAFÁFILA,ZAMORA,690,150,150,148,102,59,31,90,46,11,3,32,4,98,29,-5.4,-6.9,2023-02-28,24.1,2023-03-29
2611D,2023-24,VILLAFÁFILA,ZAMORA,690,152,152,143,110,48,8,90,38,10,4,0,8,117,14,-3.0,-6.4,2024-01-20,24.5,2024-03-22
2611D,2024-25,VILLAFÁFILA,ZAMORA,690,151,151,149,114,42,18,90,36,13,4,33,7,125,7,-4.3,-7.2,2025-01-15,22.9,2025-03-31
2611D,2025-26,VILLAFÁFILA,ZAMORA,690,148,148,146,113,38,10,87,21,12,2,46,2,66,7,-3.3,-5.5,2025-11-22,21.2,2026-03-17
2614,2017-18,ZAMORA,ZAMORA,656,151,151,145,122,59,15,88,45,5,2,36,3,123,12,-3.8,-6.0,2018-02-24,21.1,2018-03-27
2614,2018-19,ZAMORA,ZAMORA,656,151,151,150,114,39,14,90,35,25,13,23,6,90,20,-3.8,-5.3,2019-01-07,23.3,2019-03-16
2614,2019-20,ZAMORA,ZAMORA,656,152,152,142,89,28,2,87,25,13,6,40,3,92,8,-2.0,-3.2,2020-01-12,25.1,2020-03-11
2614,2020-21,ZAMORA,ZAMORA,656,150,150,144,86,31,15,86,25,13,7,30,4,47,20,-5.0,-6.8,2021-01-12,26.7,2021-03-31
2614,2021-22,ZAMORA,ZAMORA,656,151,151,151,120,47,21,90,41,3,0,22,1,134,22,-4.2,-5.2,2022-01-23,18.7,2022-03-27
2614,2022-23,ZAMORA,ZAMORA,656,151,151,139,89,43,18,85,38,17,7,31,6,98,17,-4.0,-4.8,2023-01-23,25.7,2023-03-28
2614,2023-24,ZAMORA,ZAMORA,656,152,152,137,88,26,2,87,25,18,6,43,10,87,9,-1.7,-4.8,2024-01-20,23.7,2024-03-22
2614,2024-25,ZAMORA,ZAMORA,656,151,151,144,89,30,5,88,28,15,6,35,9,125,7,-2.3,-5.2,2025-01-15,23.8,2025-03-31
2614,2025-26,ZAMORA,ZAMORA,656,148,148,144,96,19,3,85,14,18,5,49,3,64,4,-1.5,-4.7,2026-01-05,22.0,2026-02-24
2624C,2017-18,RIAÑO,LEON,1090,151,151,151,142,107,43,90,70,0,0,80,0,151,16,-7.5,-12.2,2017-12-06,16.6,2017-11-16
2624C,2018-19,RIAÑO,LEON,1090,139,138,139,137,78,32,78,56,5,0,50,2,53,12,-6.3,-8.9,2019-02-04,19.0,2019-03-24
2624C,2019-20,RIAÑO,LEON,1090,152,152,151,143,69,19,91,49,7,1,60,3,113,19,-5.0,-6.6,2020-01-01,20.7,2020-03-11
2624C,2020-21,RIAÑO,LEON,1090,151,151,150,134,65,22,90,44,2,1,59,1,147,26,-7.3,-10.7,2021-01-07,21.0,2021-03-31
2624C,2021-22,RIAÑO,LEON,1090,151,151,151,142,80,41,90,59,0,0,45,0,151,30,-6.5,-8.8,2022-01-15,17.5,2022-02-02
2624C,2022-23,RIAÑO,LEON,1090,149,149,149,123,73,31,89,56,4,2,16,2,91,26,-7.1,-9.3,2023-02-11,20.3,2023-03-29
2624C,2023-24,RIAÑO,LEON,1090,152,152,150,134,71,17,91,57,7,2,0,5,75,9,-5.0,-9.1,2024-01-20,24.5,2024-03-22
2624C,2024-25,RIAÑO,LEON,1090,151,150,151,133,54,21,90,45,3,1,60,1,130,9,-5.0,-6.6,2025-01-14,23.0,2025-03-31
2624C,2025-26,RIAÑO,LEON,1090,150,150,150,137,52,10,89,42,4,2,70,3,103,8,-3.3,-7.1,2025-12-26,20.6,2026-03-18
2626Y,2017-18,CUBILLAS DE RUEDA,LEON,916,151,151,151,140,111,66,90,70,2,0,35,1,130,21,-8.1,-10.5,2018-02-23,18.7,2017-11-16
2626Y,2018-19,CUBILLAS DE RUEDA,LEON,916,151,151,151,143,100,41,90,67,9,1,26,3,115,28,-6.2,-8.2,2019-01-11,20.3,2019-02-25
2626Y,2019-20,CUBILLAS DE RUEDA,LEON,916,145,152,144,125,75,32,84,52,6,1,42,3,114,20,-5.7,-7.0,2020-01-13,20.1,2020-03-11
2626Y,2020-21,CUBILLAS DE RUEDA,LEON,916,151,151,150,126,79,42,90,51,5,1,39,4,142,28,-8.3,-11.0,2021-01-08,21.4,2021-03-31
2626Y,2021-22,CUBILLAS DE RUEDA,LEON,916,151,151,151,138,96,58,90,66,1,0,33,1,93,31,-7.0,-8.8,2022-01-15,18.4,2022-02-02
2626Y,2022-23,CUBILLAS DE RUEDA,LEON,916,146,146,146,118,78,44,88,54,2,2,33,2,68,33,-7.4,-8.8,2023-02-24,22.1,2023-03-29
2626Y,2023-24,CUBILLAS DE RUEDA,LEON,916,146,146,143,125,72,23,90,58,7,3,39,7,138,15,-5.8,-9.5,2024-01-20,24.7,2024-03-22
2626Y,2024-25,CUBILLAS DE RUEDA,LEON,916,151,150,151,125,72,35,90,52,6,1,38,2,129,15,-6.2,-9.0,2025-01-01,23.3,2025-03-31
2626Y,2025-26,CUBILLAS DE RUEDA,LEON,916,151,151,150,132,73,22,90,46,3,1,58,2,117,9,-4.9,-9.8,2026-01-05,20.0,2026-03-17
2630X,2018-19,PUERTO DE SAN ISIDRO,LEON,1510,137,137,137,137,107,30,90,73,0,0,37,0,137,29,-5.5,-9.5,2019-02-03,16.0,2018-12-31
2630X,2019-20,PUERTO DE SAN ISIDRO,LEON,1510,146,146,146,143,92,27,89,59,0,0,61,0,102,10,-5.5,-8.4,2020-03-27,17.9,2020-03-11
2630X,2020-21,PUERTO DE SAN ISIDRO,LEON,1510,151,151,151,145,99,40,90,64,0,0,30,0,151,29,-6.9,-13.7,2021-01-07,17.2,2021-03-31
2630X,2021-22,PUERTO DE SAN ISIDRO,LEON,1510,151,151,151,150,99,36,90,63,0,0,54,0,151,21,-6.4,-11.6,2022-03-05,17.5,2022-02-02
2630X,2023-24,PUERTO DE SAN ISIDRO,LEON,1510,152,152,152,147,89,29,91,59,5,2,69,2,66,21,-6.3,-10.8,2024-01-08,20.2,2024-03-22
2630X,2024-25,PUERTO DE SAN ISIDRO,LEON,1510,151,151,151,145,80,35,90,57,1,1,67,1,150,14,-7.2,-10.8,2025-02-08,21.2,2025-03-31
2661,2017-18,"LEÓN, VIRGEN DEL CAMINO",LEON,916,151,151,150,141,82,27,89,57,3,0,41,2,130,14,-5.0,-7.7,2017-12-06,19.2,2017-11-16
2661,2018-19,"LEÓN, VIRGEN DEL CAMINO",LEON,916,151,151,151,140,66,17,90,49,12,4,27,3,60,21,-3.6,-5.3,2019-01-11,20.9,2019-02-25
2661,2019-20,"LEÓN, VIRGEN DEL CAMINO",LEON,916,152,152,151,122,48,15,91,37,7,3,43,3,58,14,-4.2,-6.1,2020-01-06,21.5,2020-03-11
2661,2020-21,"LEÓN, VIRGEN DEL CAMINO",LEON,916,151,151,151,123,46,19,90,39,7,3,40,4,121,22,-6.3,-8.1,2021-01-08,22.1,2021-03-31
2661,2021-22,"LEÓN, VIRGEN DEL CAMINO",LEON,916,151,151,151,126,53,13,90,39,3,0,26,1,85,15,-3.9,-6.6,2022-01-22,18.6,2022-02-02
2661,2022-23,"LEÓN, VIRGEN DEL CAMINO",LEON,916,149,149,149,111,50,24,88,43,9,2,39,3,52,13,-5.4,-6.2,2023-01-30,22.4,2023-03-29
2661,2023-24,"LEÓN, VIRGEN DEL CAMINO",LEON,916,152,152,148,122,38,12,91,32,9,2,40,7,86,14,-3.6,-7.0,2024-01-20,24.6,2024-03-22
2661,2024-25,"LEÓN, VIRGEN DEL CAMINO",LEON,916,151,151,149,117,48,19,90,39,7,1,41,2,132,9,-3.9,-6.6,2024-12-30,22.6,2025-03-31
2661,2025-26,"LEÓN, VIRGEN DEL CAMINO",LEON,916,151,151,151,126,43,7,90,31,7,0,59,3,117,4,-3.0,-6.0,2026-01-05,19.6,2026-03-17
2664B,2017-18,VALENCIA DE DON JUAN,LEON,788,146,147,145,131,74,27,84,51,2,0,24,1,76,15,-4.8,-7.1,2018-02-24,18.4,2018-03-27
2664B,2018-19,VALENCIA DE DON JUAN,LEON,788,145,147,145,132,61,16,87,50,16,3,21,4,73,26,-5.0,-6.3,2019-01-10,21.2,2019-03-16
2664B,2019-20,VALENCIA DE DON JUAN,LEON,788,143,143,141,102,39,9,88,33,7,3,28,3,54,14,-3.6,-4.9,2020-01-02,22.4,2020-03-11
2664B,2020-21,VALENCIA DE DON JUAN,LEON,788,146,147,144,113,51,19,90,37,7,2,14,4,132,19,-5.8,-9.0,2021-01-08,22.8,2021-03-31
2664B,2021-22,VALENCIA DE DON JUAN,LEON,788,151,151,151,130,74,30,90,53,0,0,24,0,151,31,-5.1,-6.6,2022-01-22,17.4,2021-11-08
2664B,2022-23,VALENCIA DE DON JUAN,LEON,788,151,151,151,104,56,29,90,47,7,3,34,2,110,29,-5.5,-7.1,2023-01-30,22.7,2023-03-29
2664B,2023-24,VALENCIA DE DON JUAN,LEON,788,150,150,145,110,38,12,90,32,10,4,35,8,121,13,-3.2,-6.5,2024-01-20,24.7,2024-03-22
2664B,2024-25,VALENCIA DE DON JUAN,LEON,788,151,151,150,108,46,14,90,39,8,1,35,4,142,9,-3.8,-6.0,2025-01-14,22.6,2025-03-31
2664B,2025-26,VALENCIA DE DON JUAN,LEON,788,134,134,134,107,38,9,84,28,9,0,38,3,68,6,-3.6,-9.1,2026-01-01,19.8,2026-03-17
2701D,2017-18,"BARRIOS DE LUNA, MIÑERA",LEON,1120,151,151,151,143,98,33,90,60,7,1,85,4,87,17,-6.0,-8.7,2018-03-22,20.1,2017-11-15
2701D,2018-19,"BARRIOS DE LUNA, MIÑERA",LEON,1120,150,150,150,144,79,19,89,56,17,5,40,3,42,10,-3.8,-8.0,2019-02-04,23.7,2019-03-15
2701D,2019-20,"BARRIOS DE LUNA, MIÑERA",LEON,1120,138,138,137,126,58,12,89,41,9,5,63,4,74,13,-3.2,-4.8,2019-12-27,22.9,2020-03-10
2701D,2020-21,"BARRIOS DE LUNA, MIÑERA",LEON,1120,151,151,150,134,66,21,90,46,7,2,68,2,96,27,-5.5,-12.6,2021-01-07,21.2,2020-11-21
2701D,2021-22,"BARRIOS DE LUNA, MIÑERA",LEON,1120,151,151,151,136,73,26,90,56,7,1,42,5,79,20,-5.4,-7.2,2022-01-15,20.5,2022-02-22
2701D,2022-23,"BARRIOS DE LUNA, MIÑERA",LEON,1120,150,150,150,125,70,28,89,53,6,1,62,2,50,23,-5.9,-8.5,2023-01-30,20.1,2023-03-28
2701D,2023-24,"BARRIOS DE LUNA, MIÑERA",LEON,1120,152,152,150,137,63,13,91,45,23,6,62,7,32,10,-3.9,-8.4,2024-01-08,24.8,2024-03-22
2701D,2024-25,"BARRIOS DE LUNA, MIÑERA",LEON,1120,150,151,150,127,59,23,89,46,12,3,63,2,71,9,-5.2,-7.2,2025-01-19,21.1,2025-03-30
2701D,2025-26,"BARRIOS DE LUNA, MIÑERA",LEON,1120,151,151,151,136,55,13,90,42,7,1,74,3,113,8,-4.3,-6.4,2026-01-01,20.3,2026-02-22
2728B,2017-18,"QUINTANA DEL CASTILLO, VILLAMECA",LEON,995,145,145,145,134,80,18,84,49,1,0,59,1,77,13,-4.4,-6.7,2018-02-27,18.5,2017-11-16
2728B,2018-19,"QUINTANA DEL CASTILLO, VILLAMECA",LEON,995,151,151,151,138,48,8,90,37,7,3,42,2,115,16,-2.8,-6.2,2019-01-16,20.3,2019-03-15
2728B,2019-20,"QUINTANA DEL CASTILLO, VILLAMECA",LEON,995,152,152,151,124,33,6,91,25,8,1,62,3,113,7,-2.4,-4.9,2020-01-06,21.2,2020-03-11
2728B,2020-21,"QUINTANA DEL CASTILLO, VILLAMECA",LEON,995,151,151,151,124,45,12,90,37,4,1,56,2,142,16,-3.7,-8.6,2021-01-08,20.0,2021-03-31
2728B,2021-22,"QUINTANA DEL CASTILLO, VILLAMECA",LEON,995,146,147,146,129,54,13,89,39,1,0,34,1,121,19,-3.7,-6.4,2022-01-22,18.3,2021-11-08
2728B,2022-23,"QUINTANA DEL CASTILLO, VILLAMECA",LEON,995,144,144,144,114,44,16,83,37,3,2,51,2,112,13,-4.4,-6.1,2023-03-02,20.8,2023-03-28
2728B,2023-24,"QUINTANA DEL CASTILLO, VILLAMECA",LEON,995,145,145,144,124,35,7,91,28,4,0,57,2,86,8,-2.8,-6.4,2023-12-26,19.2,2024-02-19
2728B,2024-25,"QUINTANA DEL CASTILLO, VILLAMECA",LEON,995,151,151,150,117,48,8,90,40,4,1,44,2,142,8,-3.2,-7.6,2025-01-01,21.6,2025-03-31
2728B,2025-26,"QUINTANA DEL CASTILLO, VILLAMECA",LEON,995,151,151,151,132,38,3,90,27,3,0,20,1,117,4,-2.0,-5.2,2026-01-05,18.8,2026-03-24
2734D,2017-18,ASTORGA,LEON,919,151,151,150,134,82,27,89,56,8,1,44,4,128,15,-5.3,-7.4,2018-02-24,20.3,2017-11-16
2734D,2019-20,ASTORGA,LEON,919,152,152,150,119,52,13,91,42,20,7,40,3,56,13,-3.8,-6.1,2020-01-06,24.3,2020-03-11
2734D,2020-21,ASTORGA,LEON,919,147,147,147,119,52,21,86,37,10,5,32,2,56,19,-6.2,-8.5,2021-01-08,22.6,2021-03-31
2734D,2021-22,ASTORGA,LEON,919,137,121,137,124,67,21,76,44,11,3,17,2,32,20,-4.8,-6.9,2022-01-15,21.8,2021-11-08
2734D,2023-24,ASTORGA,LEON,919,152,152,151,124,49,14,91,38,23,6,38,8,62,7,-4.0,-7.4,2023-12-19,25.7,2024-03-22
2734D,2024-25,ASTORGA,LEON,919,151,151,151,114,52,17,90,40,17,4,40,5,71,9,-4.2,-7.9,2025-01-01,24.5,2025-03-31
2734D,2025-26,ASTORGA,LEON,919,143,143,143,124,46,7,82,31,11,2,45,2,82,5,-2.7,-7.2,2026-01-05,20.5,2026-03-25
2737E,2017-18,LAGUNAS DE SOMOZA,LEON,1020,151,151,151,143,118,56,90,71,0,0,33,0,151,23,-7.5,-9.4,2018-02-24,17.1,2017-11-16
2737E,2018-19,LAGUNAS DE SOMOZA,LEON,1020,151,151,151,146,80,31,90,55,10,3,23,2,115,18,-4.8,-7.2,2019-01-11,21.7,2019-03-15
2737E,2019-20,LAGUNAS DE SOMOZA,LEON,1020,152,152,150,110,35,5,91,26,14,6,33,3,56,7,-2.8,-4.2,2020-03-31,22.9,2020-03-10
2737E,2020-21,LAGUNAS DE SOMOZA,LEON,1020,151,151,151,141,81,40,90,53,10,3,41,2,66,27,-7.3,-11.7,2021-01-08,21.7,2021-03-31
2737E,2021-22,LAGUNAS DE SOMOZA,LEON,1020,151,151,151,141,90,38,90,56,2,0,22,1,137,31,-6.5,-8.1,2022-01-15,19.0,2021-11-08
2737E,2022-23,LAGUNAS DE SOMOZA,LEON,1020,151,151,151,126,68,37,90,52,6,3,16,2,95,29,-6.3,-8.0,2023-02-28,21.3,2023-03-28
2737E,2024-25,LAGUNAS DE SOMOZA,LEON,1020,151,151,151,133,68,34,90,53,3,1,41,2,113,9,-6.4,-9.5,2025-01-01,21.2,2025-03-31
2737E,2025-26,LAGUNAS DE SOMOZA,LEON,1020,136,136,136,128,60,22,90,47,0,0,51,0,136,8,-5.1,-9.6,2026-01-05,17.9,2026-02-26
2742R,2017-18,BUSTILLO DEL PÁRAMO,LEON,850,151,151,150,136,84,28,89,56,1,0,10,1,135,15,-5.2,-8.1,2017-12-06,18.3,2017-11-16
2742R,2018-19,BUSTILLO DEL PÁRAMO,LEON,850,151,151,151,141,81,22,90,59,14,3,28,3,58,19,-4.7,-5.8,2019-01-11,21.4,2019-03-16
2742R,2019-20,BUSTILLO DEL PÁRAMO,LEON,850,152,152,150,126,57,21,91,45,8,4,37,3,112,19,-4.3,-6.0,2020-01-13,21.6,2020-03-10
2742R,2020-21,BUSTILLO DEL PÁRAMO,LEON,850,151,151,151,126,54,24,90,38,6,2,40,2,121,22,-6.5,-8.7,2021-01-15,21.7,2021-03-31
2742R,2021-22,BUSTILLO DEL PÁRAMO,LEON,850,151,151,151,131,81,30,90,58,1,0,25,1,143,31,-5.0,-6.5,2022-01-22,19.6,2021-11-08
2742R,2022-23,BUSTILLO DEL PÁRAMO,LEON,850,149,149,149,111,63,29,88,50,8,2,40,3,65,29,-5.8,-7.1,2023-03-02,22.6,2023-03-28
2742R,2023-24,BUSTILLO DEL PÁRAMO,LEON,850,152,152,149,123,39,13,91,32,13,5,40,8,93,6,-3.4,-6.2,2024-01-20,25.5,2024-03-22
2742R,2024-25,BUSTILLO DEL PÁRAMO,LEON,850,151,151,150,121,55,18,90,44,6,2,41,2,132,10,-4.3,-6.1,2025-01-19,22.9,2025-03-31
2742R,2025-26,BUSTILLO DEL PÁRAMO,LEON,850,149,149,149,123,39,8,88,27,7,0,53,3,76,4,-3.1,-5.6,2026-01-05,19.9,2026-03-17
2755X,2017-18,BENAVENTE,ZAMORA,715,151,151,150,131,63,20,89,47,2,1,32,1,145,12,-4.4,-6.9,2018-02-24,20.9,2018-03-27
2755X,2018-19,BENAVENTE,ZAMORA,715,151,151,150,130,53,15,90,46,17,7,16,5,113,20,-4.7,-6.3,2019-01-07,22.5,2019-03-16
2755X,2019-20,BENAVENTE,ZAMORA,715,152,152,148,101,37,4,90,30,13,5,26,3,112,9,-2.5,-3.7,2019-12-31,24.9,2020-03-11
2755X,2020-21,BENAVENTE,ZAMORA,715,151,151,149,104,43,16,90,32,10,4,26,4,72,19,-5.3,-7.1,2021-01-12,24.2,2021-03-31
2755X,2021-22,BENAVENTE,ZAMORA,715,151,151,151,126,61,22,90,49,4,0,17,1,104,30,-4.6,-5.9,2022-01-23,18.5,2022-03-29
2755X,2022-23,BENAVENTE,ZAMORA,715,149,149,143,101,51,28,86,43,14,6,27,4,72,18,-4.6,-6.2,2023-01-23,24.2,2023-03-29
2755X,2023-24,BENAVENTE,ZAMORA,715,152,152,140,102,29,4,88,24,17,8,33,8,93,11,-2.0,-5.7,2024-01-20,26.1,2024-03-22
2755X,2024-25,BENAVENTE,ZAMORA,715,151,151,148,104,35,7,90,33,15,4,29,10,125,7,-3.0,-5.5,2025-01-14,23.1,2025-03-31
2755X,2025-26,BENAVENTE,ZAMORA,715,140,140,137,105,31,4,79,23,10,3,42,2,42,5,-2.7,-5.4,2026-01-05,20.5,2026-03-17
2766E,2017-18,"SANABRIA, ROBLEDA-CERVANTES",ZAMORA,933,149,150,149,138,110,77,88,71,1,0,45,1,106,19,-9.9,-12.5,2018-02-24,19.4,2018-03-27
2766E,2018-19,"SANABRIA, ROBLEDA-CERVANTES",ZAMORA,933,144,144,144,138,116,75,90,73,18,7,31,7,94,31,-8.9,-11.0,2019-01-06,21.9,2019-03-15
2766E,2019-20,"SANABRIA, ROBLEDA-CERVANTES",ZAMORA,933,152,152,149,130,75,47,90,56,16,6,59,4,58,19,-6.8,-8.5,2020-01-07,23.1,2020-03-10
2766E,2020-21,"SANABRIA, ROBLEDA-CERVANTES",ZAMORA,933,151,151,151,130,82,52,90,47,9,3,52,2,115,19,-10.8,-12.9,2021-01-08,22.7,2021-03-31
2766E,2021-22,"SANABRIA, ROBLEDA-CERVANTES",ZAMORA,933,151,151,151,140,109,72,90,70,5,0,28,3,85,36,-8.8,-10.0,2022-01-29,19.6,2022-02-02
2766E,2022-23,"SANABRIA, ROBLEDA-CERVANTES",ZAMORA,933,147,147,146,120,80,54,87,53,8,2,37,3,42,22,-9.2,-11.3,2023-02-28,21.8,2023-03-28
2766E,2023-24,"SANABRIA, ROBLEDA-CERVANTES",ZAMORA,933,152,152,148,133,79,37,90,60,14,5,54,7,74,15,-7.4,-8.9,2023-12-19,25.2,2024-03-22
2766E,2024-25,"SANABRIA, ROBLEDA-CERVANTES",ZAMORA,933,151,151,150,136,73,40,90,51,5,2,47,4,129,15,-7.3,-10.0,2025-01-14,23.9,2025-03-31
2766E,2025-26,"SANABRIA, ROBLEDA-CERVANTES",ZAMORA,933,151,151,151,135,79,34,90,43,15,4,61,3,113,10,-5.7,-7.0,2025-12-26,23.2,2026-03-31
2775X,2017-18,VILLARDECIERVOS,ZAMORA,850,151,151,150,135,92,62,89,60,9,1,43,3,126,17,-7.5,-10.0,2018-02-24,21.3,2018-03-27
2775X,2018-19,VILLARDECIERVOS,ZAMORA,850,151,151,151,135,92,42,90,65,19,6,32,3,67,30,-6.4,-7.9,2019-01-06,21.9,2019-02-25
2775X,2019-20,VILLARDECIERVOS,ZAMORA,850,152,151,150,109,55,26,90,41,14,8,47,4,55,9,-5.0,-7.0,2020-01-06,23.0,2020-03-11
2775X,2020-21,VILLARDECIERVOS,ZAMORA,850,143,143,139,107,61,31,88,39,7,3,37,3,111,19,-8.9,-10.7,2021-01-07,22.6,2021-03-31
2775X,2021-22,VILLARDECIERVOS,ZAMORA,850,151,151,151,132,90,49,90,59,8,0,28,2,52,24,-7.6,-8.4,2022-01-23,19.8,2022-02-02
2775X,2022-23,VILLARDECIERVOS,ZAMORA,850,150,150,149,102,63,36,89,48,10,2,47,3,68,18,-6.1,-7.7,2023-02-28,22.1,2023-03-28
2775X,2023-24,VILLARDECIERVOS,ZAMORA,850,148,149,140,111,54,15,85,43,16,4,50,7,74,14,-3.5,-6.5,2024-01-20,24.4,2024-03-22
2775X,2024-25,VILLARDECIERVOS,ZAMORA,850,151,151,150,114,52,22,90,41,11,2,38,3,129,8,-4.9,-8.1,2025-01-14,22.9,2025-03-31
2775X,2025-26,VILLARDECIERVOS,ZAMORA,850,121,121,120,95,42,10,76,24,5,2,49,2,55,7,-4.3,-8.5,2026-01-05,20.5,2026-03-17
2777K,2017-18,SANTIBAÑEZ DE VIDRIALES,ZAMORA,737,151,151,150,135,93,44,89,63,3,1,35,1,130,14,-6.3,-9.8,2018-02-24,20.6,2018-03-27
2777K,2018-19,SANTIBAÑEZ DE VIDRIALES,ZAMORA,737,151,151,151,136,86,30,90,63,17,3,26,3,113,25,-5.8,-7.2,2019-01-07,21.8,2019-03-16
2777K,2019-20,SANTIBAÑEZ DE VIDRIALES,ZAMORA,737,148,152,145,112,58,21,90,43,8,4,32,3,112,18,-4.2,-5.7,2020-01-01,23.5,2020-03-11
2777K,2020-21,SANTIBAÑEZ DE VIDRIALES,ZAMORA,737,151,151,149,116,62,31,90,43,7,3,33,3,140,19,-6.7,-9.2,2021-01-14,22.7,2021-03-31
2777K,2021-22,SANTIBAÑEZ DE VIDRIALES,ZAMORA,737,149,151,149,130,87,37,90,60,1,0,22,1,143,21,-5.9,-7.3,2022-02-06,18.0,2021-11-08
2777K,2022-23,SANTIBAÑEZ DE VIDRIALES,ZAMORA,737,149,149,148,110,63,29,88,48,10,3,35,4,88,18,-6.0,-8.0,2023-01-23,23.2,2023-03-28
2777K,2023-24,SANTIBAÑEZ DE VIDRIALES,ZAMORA,737,152,152,145,117,61,18,90,48,13,7,38,7,92,14,-4.4,-6.9,2024-01-20,25.5,2024-03-22
2777K,2024-25,SANTIBAÑEZ DE VIDRIALES,ZAMORA,737,151,150,150,119,53,22,90,42,12,3,39,4,57,8,-5.3,-7.9,2025-01-15,22.8,2025-03-31
2777K,2025-26,SANTIBAÑEZ DE VIDRIALES,ZAMORA,737,149,149,147,117,48,9,89,31,12,2,39,2,88,7,-3.2,-6.0,2026-01-05,20.4,2026-02-26
2789H,2017-18,POZUELO DE TABARA,ZAMORA,711,151,151,149,128,72,29,89,53,3,1,36,1,136,12,-4.7,-7.2,2018-02-08,21.1,2018-03-27
2789H,2018-19,POZUELO DE TABARA,ZAMORA,711,151,151,151,130,62,18,90,50,15,3,26,3,113,20,-5.0,-6.7,2019-01-07,21.3,2019-03-16
2789H,2019-20,POZUELO DE TABARA,ZAMORA,711,152,152,148,104,45,7,89,36,8,4,36,3,112,9,-2.9,-4.9,2020-01-01,23.8,2020-03-11
2789H,2020-21,POZUELO DE TABARA,ZAMORA,711,151,151,146,107,49,20,87,36,8,1,35,4,140,21,-6.8,-9.7,2021-01-12,24.2,2021-03-31
2789H,2021-22,POZUELO DE TABARA,ZAMORA,711,151,151,151,132,69,24,90,51,0,0,22,0,151,24,-4.5,-6.0,2022-01-15,17.9,2022-03-15
2789H,2024-25,POZUELO DE TABARA,ZAMORA,711,140,146,139,104,39,16,79,35,9,2,32,4,84,8,-4.3,-7.8,2025-01-15,21.8,2025-03-31
2789H,2025-26,POZUELO DE TABARA,ZAMORA,711,149,149,147,111,35,8,89,20,12,2,49,3,109,6,-3.1,-5.4,2026-01-05,20.3,2026-02-26
2804F,2017-18,VILLADEPERA,ZAMORA,790,151,151,149,132,59,14,89,43,2,1,31,1,145,12,-3.8,-5.2,2017-12-06,20.5,2017-11-01
2804F,2018-19,VILLADEPERA,ZAMORA,790,151,151,151,120,29,4,90,27,11,2,0,3,114,15,-2.4,-3.8,2019-01-14,20.2,2019-03-15
2804F,2019-20,VILLADEPERA,ZAMORA,790,152,152,147,103,26,6,89,23,8,2,25,3,114,9,-2.7,-5.7,2020-01-12,22.5,2020-03-11
2804F,2020-21,VILLADEPERA,ZAMORA,790,151,151,147,99,34,19,89,31,5,1,40,4,143,19,-4.9,-7.7,2021-01-14,23.6,2021-03-31
2804F,2021-22,VILLADEPERA,ZAMORA,790,151,151,151,125,41,7,90,33,0,0,24,0,151,14,-2.5,-4.5,2022-01-23,17.7,2022-03-15
2804F,2022-23,VILLADEPERA,ZAMORA,790,151,151,150,88,43,15,89,36,6,2,36,2,119,15,-3.5,-5.9,2023-02-24,23.0,2023-03-28
2804F,2023-24,VILLADEPERA,ZAMORA,790,151,152,140,103,27,3,87,24,8,4,51,3,116,11,-2.8,-5.2,2024-01-20,22.2,2024-03-22
2804F,2024-25,VILLADEPERA,ZAMORA,790,145,147,142,96,31,6,84,29,10,1,35,4,79,5,-2.8,-3.6,2024-12-15,21.3,2025-03-31
2804F,2025-26,VILLADEPERA,ZAMORA,790,151,151,150,112,26,2,90,22,13,2,65,5,109,4,-2.1,-4.9,2025-12-26,21.2,2026-02-23
2828Y,2017-18,BARCO DE AVILA,AVILA,1012,151,151,150,140,92,45,90,65,4,0,51,2,131,17,-7.7,-13.1,2018-01-09,19.0,2017-11-17
2828Y,2018-19,BARCO DE AVILA,AVILA,1012,151,151,151,138,98,44,90,74,18,3,19,4,70,28,-6.7,-8.7,2019-01-11,21.7,2019-03-15
2828Y,2019-20,BARCO DE AVILA,AVILA,1012,152,152,150,130,66,17,91,49,13,6,43,3,57,20,-4.2,-7.0,2020-01-14,24.1,2020-03-11
2828Y,2020-21,BARCO DE AVILA,AVILA,1012,151,151,151,117,61,30,90,40,10,5,38,3,68,22,-7.2,-11.2,2021-01-12,23.4,2021-03-31
2828Y,2021-22,BARCO DE AVILA,AVILA,1012,151,151,151,131,91,40,90,64,10,3,31,4,44,33,-5.6,-7.0,2022-01-22,22.6,2021-12-30
2828Y,2022-23,BARCO DE AVILA,AVILA,1012,150,150,149,123,64,32,89,46,11,4,34,4,88,12,-7.2,-8.8,2023-02-28,23.5,2023-03-29
2828Y,2023-24,BARCO DE AVILA,AVILA,1012,152,152,150,125,59,23,91,46,30,17,34,9,42,17,-5.1,-7.5,2024-01-08,25.3,2024-03-22
2828Y,2024-25,BARCO DE AVILA,AVILA,1012,151,151,150,127,64,31,90,53,13,4,41,4,114,16,-6.9,-9.7,2025-01-14,23.8,2025-03-31
2828Y,2025-26,BARCO DE AVILA,AVILA,1012,151,151,149,128,64,25,90,37,11,4,53,4,108,6,-5.0,-7.0,2026-01-06,20.8,2026-02-23
2847X,2017-18,PEDROSILLO DE LOS AIRES   ,SALAMANCA,865,151,151,151,135,83,51,90,60,3,1,43,2,130,14,-6.7,-9.5,2017-12-06,20.0,2017-11-01
2847X,2018-19,PEDROSILLO DE LOS AIRES   ,SALAMANCA,865,151,151,151,139,91,48,90,64,17,3,24,4,73,25,-6.5,-8.6,2019-01-06,21.5,2019-03-15
2847X,2019-20,PEDROSILLO DE LOS AIRES   ,SALAMANCA,865,150,150,147,114,55,21,89,42,8,3,36,3,50,19,-4.1,-6.8,2020-01-12,23.8,2020-03-11
2847X,2021-22,PEDROSILLO DE LOS AIRES   ,SALAMANCA,865,151,151,151,135,80,42,90,58,7,1,22,3,59,31,-6.8,-8.4,2022-01-29,20.3,2021-12-30
2847X,2022-23,PEDROSILLO DE LOS AIRES   ,SALAMANCA,865,149,149,147,109,64,32,88,47,9,3,27,2,53,18,-6.4,-9.8,2023-02-24,22.0,2023-03-28
2847X,2023-24,PEDROSILLO DE LOS AIRES   ,SALAMANCA,865,152,152,148,115,45,16,90,36,12,6,40,7,66,11,-3.7,-6.0,2023-12-19,24.1,2024-03-22
2847X,2024-25,PEDROSILLO DE LOS AIRES   ,SALAMANCA,865,151,151,151,126,57,34,90,48,10,3,25,3,126,11,-6.6,-10.5,2025-01-15,22.0,2025-03-31
2847X,2025-26,PEDROSILLO DE LOS AIRES   ,SALAMANCA,865,150,150,148,118,50,18,88,29,11,5,29,6,107,5,-4.2,-7.6,2026-01-06,21.9,2026-03-17
2863C,2017-18,PEDRAZA DE ALBA  ,SALAMANCA,897,151,151,150,132,85,46,90,61,4,1,39,3,129,13,-6.5,-11.2,2018-01-08,21.2,2017-11-01
2863C,2018-19,PEDRAZA DE ALBA  ,SALAMANCA,897,151,151,150,138,85,37,90,63,12,3,25,2,107,25,-6.3,-8.5,2019-01-08,21.2,2019-03-16
2863C,2019-20,PEDRAZA DE ALBA  ,SALAMANCA,897,152,152,149,118,58,20,91,43,7,3,34,3,94,20,-4.5,-6.7,2020-01-12,23.8,2020-03-11
2863C,2021-22,PEDRAZA DE ALBA  ,SALAMANCA,897,151,151,151,134,79,42,90,57,3,1,21,3,89,30,-6.2,-9.4,2022-02-06,20.0,2022-01-01
2863C,2022-23,PEDRAZA DE ALBA  ,SALAMANCA,897,151,151,150,110,64,33,90,48,10,3,35,3,131,28,-6.1,-8.0,2023-01-30,22.6,2023-03-28
2863C,2023-24,PEDRAZA DE ALBA  ,SALAMANCA,897,152,152,147,111,44,18,89,36,13,7,47,7,86,14,-4.5,-7.5,2023-12-19,25.6,2024-03-22
2863C,2024-25,PEDRAZA DE ALBA  ,SALAMANCA,897,151,151,151,120,54,35,90,46,11,3,39,3,120,11,-6.5,-11.2,2025-01-14,20.9,2024-11-06
2863C,2025-26,PEDRAZA DE ALBA  ,SALAMANCA,897,150,150,148,116,48,16,88,27,10,5,42,5,101,7,-4.3,-7.5,2026-01-06,21.5,2026-02-26
2867,2017-18,SALAMANCA AEROPUERTO,SALAMANCA,790,151,151,150,128,89,52,89,64,7,1,35,4,123,19,-6.5,-8.9,2018-02-24,21.9,2017-11-01
2867,2018-19,SALAMANCA AEROPUERTO,SALAMANCA,790,151,151,151,135,92,39,90,66,29,8,22,9,88,21,-6.2,-8.4,2019-01-05,23.1,2019-03-16
2867,2019-20,SALAMANCA AEROPUERTO,SALAMANCA,790,152,152,148,119,59,26,90,44,12,4,33,3,92,19,-5.1,-6.7,2020-01-12,24.9,2020-03-11
2867,2020-21,SALAMANCA AEROPUERTO,SALAMANCA,790,151,151,149,117,59,26,90,40,18,9,31,4,36,22,-7.8,-11.9,2021-01-12,26.9,2021-03-31
2867,2021-22,SALAMANCA AEROPUERTO,SALAMANCA,790,151,151,151,135,83,41,90,60,10,2,25,2,60,15,-6.5,-7.8,2022-01-23,21.7,2022-01-01
2867,2022-23,SALAMANCA AEROPUERTO,SALAMANCA,790,151,151,151,114,67,42,90,50,21,7,35,5,98,21,-7.1,-8.3,2023-02-28,24.5,2023-03-28
2867,2023-24,SALAMANCA AEROPUERTO,SALAMANCA,790,152,152,148,117,59,25,90,47,20,8,39,9,69,14,-4.3,-6.1,2024-01-08,25.3,2024-03-22
2867,2024-25,SALAMANCA AEROPUERTO,SALAMANCA,790,151,151,151,128,51,24,90,46,20,10,41,9,118,12,-5.9,-9.7,2025-01-14,22.8,2025-03-31
2867,2025-26,SALAMANCA AEROPUERTO,SALAMANCA,790,151,151,149,122,48,14,90,26,14,6,49,6,100,7,-4.0,-6.0,2026-01-05,22.7,2025-11-05
2870,2017-18,SALAMANCA,SALAMANCA,775,151,151,147,121,60,13,89,48,8,2,37,3,124,10,-4.1,-5.8,2017-12-06,22.3,2017-11-01
2870,2018-19,SALAMANCA,SALAMANCA,775,151,151,151,117,32,9,90,32,36,16,19,10,66,20,-3.3,-5.4,2019-01-07,23.4,2019-03-16
2870,2019-20,SALAMANCA,SALAMANCA,775,152,152,146,100,23,3,89,22,16,7,38,4,92,9,-2.1,-4.6,2020-01-12,25.8,2020-03-11
2870,2020-21,SALAMANCA,SALAMANCA,775,151,151,148,84,27,12,89,25,24,10,34,5,36,19,-4.3,-8.0,2021-01-12,27.2,2021-03-31
2870,2021-22,SALAMANCA,SALAMANCA,775,151,151,150,118,36,10,90,32,14,3,17,5,59,13,-3.3,-4.5,2022-01-23,21.7,2022-01-01
2870,2022-23,SALAMANCA,SALAMANCA,775,151,151,143,87,40,9,87,34,21,12,33,6,96,17,-3.2,-4.0,2023-01-31,25.7,2023-03-28
2870,2023-24,SALAMANCA,SALAMANCA,775,152,152,141,93,18,1,89,18,26,11,21,9,42,6,-1.5,-3.2,2023-12-19,26.3,2024-03-22
2870,2024-25,SALAMANCA,SALAMANCA,775,151,151,149,93,31,7,90,31,20,10,26,9,117,7,-2.5,-6.0,2025-01-14,23.7,2025-03-31
2870,2025-26,SALAMANCA,SALAMANCA,775,151,151,148,100,16,3,89,11,21,10,50,6,100,3,-1.4,-4.5,2026-01-06,23.5,2026-02-23
2873X,2017-18,BARBADILLO,SALAMANCA,817,151,151,151,131,86,47,90,62,4,1,40,3,129,16,-6.8,-9.4,2018-02-24,20.4,2017-11-01
2873X,2018-19,BARBADILLO,SALAMANCA,817,151,151,151,138,83,38,90,60,18,2,22,4,105,21,-5.6,-8.4,2019-01-07,22.0,2019-03-16
2873X,2019-20,BARBADILLO,SALAMANCA,817,152,152,148,120,54,21,90,44,9,3,39,3,93,10,-4.2,-7.3,2020-01-12,24.0,2020-03-11
2873X,2020-21,BARBADILLO,SALAMANCA,817,151,151,148,107,58,28,89,40,13,5,35,4,69,22,-7.2,-11.9,2021-01-12,25.6,2021-03-31
2873X,2021-22,BARBADILLO,SALAMANCA,817,145,145,145,128,68,29,84,47,4,2,23,3,59,18,-5.9,-8.3,2022-02-06,20.4,2022-01-01
2873X,2022-23,BARBADILLO,SALAMANCA,817,140,140,137,96,57,33,87,46,12,3,29,4,100,22,-6.2,-8.1,2023-02-24,23.9,2023-03-28
2873X,2023-24,BARBADILLO,SALAMANCA,817,152,152,145,113,49,14,89,40,13,6,45,8,86,14,-3.6,-5.8,2024-01-08,23.8,2024-03-22
2873X,2024-25,BARBADILLO,SALAMANCA,817,148,148,147,119,50,26,90,43,12,3,34,3,97,12,-6.1,-9.7,2025-01-14,21.8,2025-03-31
2873X,2025-26,BARBADILLO,SALAMANCA,817,151,151,148,116,46,14,89,27,11,4,54,5,108,7,-3.8,-7.9,2026-01-06,21.2,2026-03-17
2882D,2017-18,PEÑAUSENDE,ZAMORA,1003,139,139,125,89,27,5,77,23,11,3,33,4,41,9,-2.1,-5.5,2018-02-27,21.7,2017-11-01
2882D,2018-19,PEÑAUSENDE,ZAMORA,1003,142,142,140,85,13,0,86,12,19,4,28,5,34,2,-0.7,-2.4,2019-01-03,22.7,2019-03-15
2882D,2019-20,PEÑAUSENDE,ZAMORA,1003,150,150,141,81,16,1,86,16,13,3,38,3,53,3,-1.5,-5.8,2020-01-12,23.8,2020-03-11
2882D,2020-21,PEÑAUSENDE,ZAMORA,1003,124,124,118,72,21,2,65,14,9,2,26,4,28,5,-1.0,-3.4,2021-01-07,24.3,2021-03-31
2882D,2021-22,PEÑAUSENDE,ZAMORA,1003,142,142,140,110,29,8,84,20,1,0,21,1,29,6,-3.1,-5.9,2022-01-22,18.6,2022-01-01
2882D,2022-23,PEÑAUSENDE,ZAMORA,1003,144,144,140,84,36,11,85,32,5,2,36,2,28,13,-3.2,-5.5,2023-01-30,22.7,2023-03-28
2882D,2023-24,PEÑAUSENDE,ZAMORA,1003,147,148,135,98,24,8,87,19,5,3,37,3,87,6,-3.2,-5.0,2023-12-19,21.3,2024-03-22
2882D,2024-25,PEÑAUSENDE,ZAMORA,1003,151,151,143,95,24,4,89,19,4,1,35,1,132,4,-1.9,-4.4,2025-01-17,21.6,2025-03-31
2885K,2017-18,FRESNO DE SAYAGO,ZAMORA,804,151,151,150,135,91,39,89,63,7,2,38,3,124,20,-6.7,-8.3,2017-12-06,21.2,2017-11-01
2885K,2018-19,FRESNO DE SAYAGO,ZAMORA,804,151,151,151,135,72,24,90,55,22,10,27,5,65,26,-5.1,-7.0,2019-01-11,23.9,2019-03-15
2885K,2019-20,FRESNO DE SAYAGO,ZAMORA,804,152,152,149,113,50,12,91,39,13,6,44,3,94,9,-3.8,-6.8,2020-01-12,23.3,2020-03-11
2885K,2020-21,FRESNO DE SAYAGO,ZAMORA,804,151,151,149,118,52,27,90,37,15,5,37,4,87,22,-7.8,-10.9,2021-01-11,26.0,2021-03-31
2885K,2021-22,FRESNO DE SAYAGO,ZAMORA,804,151,151,151,136,85,36,90,55,5,0,25,1,100,30,-5.2,-7.4,2022-02-06,19.4,2022-03-15
2885K,2022-23,FRESNO DE SAYAGO,ZAMORA,804,148,148,147,108,54,30,87,42,9,5,41,3,83,14,-5.3,-9.5,2023-02-24,23.1,2023-03-28
2885K,2024-25,FRESNO DE SAYAGO,ZAMORA,804,151,151,151,118,49,19,90,42,15,6,37,4,116,11,-4.5,-7.4,2025-01-15,21.7,2024-11-04
2885K,2025-26,FRESNO DE SAYAGO,ZAMORA,804,151,151,150,124,49,16,90,30,13,8,60,4,108,8,-4.0,-7.0,2026-01-06,23.6,2026-02-23
2891A,2017-18,VILLARINO DE LOS AIRES,SALAMANCA,690,151,151,148,126,58,14,89,46,12,7,39,8,124,12,-3.7,-5.3,2017-12-06,21.8,2017-11-21
2891A,2018-19,VILLARINO DE LOS AIRES,SALAMANCA,690,150,150,150,111,27,5,89,27,33,13,28,11,70,17,-2.7,-4.1,2019-01-05,24.2,2019-03-15
2891A,2019-20,VILLARINO DE LOS AIRES,SALAMANCA,690,152,152,145,94,22,5,89,21,18,9,46,5,92,9,-2.1,-4.7,2020-01-13,25.0,2020-03-11
2891A,2020-21,VILLARINO DE LOS AIRES,SALAMANCA,690,151,151,146,88,30,15,88,25,20,12,42,5,69,19,-5.6,-7.0,2021-01-17,27.3,2021-03-31
2891A,2021-22,VILLARINO DE LOS AIRES,SALAMANCA,690,151,151,151,114,37,5,90,31,16,4,24,3,49,14,-2.8,-4.2,2022-01-23,20.4,2022-02-23
2891A,2022-23,VILLARINO DE LOS AIRES,SALAMANCA,690,149,149,142,82,38,15,86,34,19,10,26,4,81,17,-3.9,-5.3,2023-01-23,25.6,2023-03-28
2891A,2023-24,VILLARINO DE LOS AIRES,SALAMANCA,690,152,152,136,94,20,2,87,20,25,12,44,10,74,7,-2.0,-5.0,2024-01-20,24.6,2024-03-22
2891A,2024-25,VILLARINO DE LOS AIRES,SALAMANCA,690,151,151,146,91,26,4,90,25,23,9,36,7,113,7,-2.2,-5.4,2025-01-15,24.2,2025-03-31
2891A,2025-26,VILLARINO DE LOS AIRES,SALAMANCA,690,151,151,147,96,21,4,88,16,20,11,47,6,108,3,-1.8,-5.1,2026-01-05,23.7,2026-03-17
2914C,2017-18,BOADILLA FUENTE SAN ESTEBAN,SALAMANCA,785,151,151,149,126,68,21,90,53,4,0,43,2,130,12,-5.0,-7.7,2018-02-24,19.1,2017-11-01
2914C,2018-19,BOADILLA FUENTE SAN ESTEBAN,SALAMANCA,785,151,151,151,127,55,14,90,45,11,3,26,2,116,21,-4.2,-6.3,2019-01-05,21.3,2019-03-16
2914C,2019-20,BOADILLA FUENTE SAN ESTEBAN,SALAMANCA,785,152,152,148,110,37,5,90,31,8,4,45,3,94,10,-2.8,-5.0,2020-01-12,24.3,2020-03-11
2914C,2020-21,BOADILLA FUENTE SAN ESTEBAN,SALAMANCA,785,151,151,148,98,39,19,89,33,12,4,36,4,69,19,-5.4,-7.5,2021-01-12,25.4,2021-03-31
2914C,2021-22,BOADILLA FUENTE SAN ESTEBAN,SALAMANCA,785,151,151,151,128,63,20,90,47,4,1,22,3,72,23,-4.8,-6.6,2022-01-23,20.0,2022-01-01
2914C,2022-23,BOADILLA FUENTE SAN ESTEBAN,SALAMANCA,785,150,150,146,94,47,25,88,40,12,3,45,4,100,18,-4.7,-6.8,2023-02-11,23.7,2023-03-28
2914C,2023-24,BOADILLA FUENTE SAN ESTEBAN,SALAMANCA,785,152,152,143,105,30,8,89,27,13,5,48,7,86,13,-2.9,-5.4,2023-12-19,22.9,2024-03-22
2914C,2024-25,BOADILLA FUENTE SAN ESTEBAN,SALAMANCA,785,150,150,148,104,38,17,89,36,11,4,17,3,63,7,-3.9,-8.0,2025-01-15,21.3,2025-03-31
2914C,2025-26,BOADILLA FUENTE SAN ESTEBAN,SALAMANCA,785,121,121,118,87,21,7,75,19,9,2,3,3,74,4,-3.5,-7.6,2026-01-06,21.9,2026-03-17
2916A,2017-18,VITIGUDINO,SALAMANCA,769,150,150,148,127,61,16,88,49,10,3,46,4,98,12,-4.3,-6.4,2017-12-06,20.9,2017-11-17
2916A,2018-19,VITIGUDINO,SALAMANCA,769,151,151,151,124,40,7,90,36,33,10,31,10,58,20,-3.0,-4.7,2019-01-11,23.7,2019-03-16
2916A,2019-20,VITIGUDINO,SALAMANCA,769,152,152,148,108,27,5,90,23,17,8,47,3,92,9,-2.2,-4.7,2020-01-08,26.0,2020-03-11
2916A,2020-21,VITIGUDINO,SALAMANCA,769,151,151,148,97,41,16,89,35,19,9,40,4,66,19,-5.4,-6.6,2021-01-12,26.0,2021-03-31
2916A,2021-22,VITIGUDINO,SALAMANCA,769,151,151,151,128,53,13,90,40,18,3,25,5,51,17,-3.8,-4.8,2022-01-23,20.4,2022-02-23
2916A,2022-23,VITIGUDINO,SALAMANCA,769,151,151,148,94,42,17,89,36,17,6,47,5,119,17,-4.0,-5.7,2023-02-28,24.5,2023-03-28
2916A,2023-24,VITIGUDINO,SALAMANCA,769,140,140,132,100,30,2,86,25,18,8,54,10,64,7,-2.0,-4.2,2023-12-19,23.9,2024-03-22
2916A,2024-25,VITIGUDINO,SALAMANCA,769,151,151,146,97,36,4,90,34,20,6,23,4,113,7,-2.7,-5.7,2025-01-15,23.6,2025-03-31
2916A,2025-26,VITIGUDINO,SALAMANCA,769,130,130,129,93,25,5,79,19,8,5,22,2,101,4,-2.8,-6.0,2026-01-06,22.1,2026-03-17
2918Y,2017-18,EL MAÍLLO,SALAMANCA,1027,146,150,145,125,59,13,90,48,1,0,42,1,116,10,-3.8,-5.7,2018-02-06,18.3,2017-11-17
2918Y,2018-19,EL MAÍLLO,SALAMANCA,1027,151,151,151,130,21,0,90,20,8,2,29,2,76,4,-1.8,-2.9,2019-01-18,20.8,2019-03-15
2918Y,2019-20,EL MAÍLLO,SALAMANCA,1027,152,152,150,106,26,1,91,17,10,3,36,3,54,5,-1.1,-3.7,2020-01-05,23.7,2020-03-11
2918Y,2020-21,EL MAÍLLO,SALAMANCA,1027,151,151,145,100,32,9,90,28,10,3,44,4,69,18,-3.5,-6.1,2021-01-05,23.7,2021-03-31
2918Y,2021-22,EL MAÍLLO,SALAMANCA,1027,151,151,150,120,31,1,89,21,2,1,29,1,89,6,-2.0,-3.9,2022-01-22,20.0,2021-12-30
2918Y,2022-23,EL MAÍLLO,SALAMANCA,1027,151,151,148,96,38,8,90,33,8,3,42,3,131,12,-3.0,-5.2,2023-01-25,22.3,2023-03-28
2918Y,2023-24,EL MAÍLLO,SALAMANCA,1027,141,141,134,85,24,1,78,18,16,6,42,8,31,4,-1.4,-4.2,2024-01-20,23.0,2024-03-22
2918Y,2024-25,EL MAÍLLO,SALAMANCA,1027,150,150,143,99,24,4,88,21,9,4,39,2,117,6,-1.8,-5.6,2025-01-01,20.9,2024-11-17
2918Y,2025-26,EL MAÍLLO,SALAMANCA,1027,150,150,147,109,28,4,89,23,7,2,58,2,110,4,-1.8,-4.9,2026-01-05,21.9,2026-02-26
2926B,2017-18,BAÑOBÁREZ,SALAMANCA,748,137,137,135,113,55,18,75,42,5,0,35,2,56,11,-4.4,-6.8,2017-12-06,19.2,2017-11-21
2926B,2018-19,BAÑOBÁREZ,SALAMANCA,748,151,151,151,126,43,10,90,35,9,2,30,3,116,20,-3.2,-6.3,2019-01-05,21.5,2019-03-16
2926B,2019-20,BAÑOBÁREZ,SALAMANCA,748,152,152,148,111,27,5,90,24,7,3,25,3,94,9,-2.1,-5.4,2020-01-08,23.6,2020-03-11
2926B,2021-22,BAÑOBÁREZ,SALAMANCA,748,151,151,151,125,53,17,90,41,3,0,30,2,72,22,-3.8,-6.0,2022-01-29,19.5,2022-01-01
2926B,2022-23,BAÑOBÁREZ,SALAMANCA,748,150,150,145,93,44,17,87,38,12,5,47,4,100,17,-4.2,-6.1,2023-03-01,23.6,2023-03-28
2926B,2023-24,BAÑOBÁREZ,SALAMANCA,748,152,152,142,101,31,7,89,26,23,10,58,9,66,12,-2.4,-4.6,2023-12-19,23.4,2024-03-22
2926B,2024-25,BAÑOBÁREZ,SALAMANCA,748,151,151,149,103,37,9,90,35,12,5,42,3,116,9,-3.5,-7.4,2025-01-15,23.2,2025-03-31
2926B,2025-26,BAÑOBÁREZ,SALAMANCA,748,143,143,141,104,31,8,84,20,11,5,63,3,109,4,-3.1,-6.4,2026-01-06,21.4,2026-02-22
2930Y,2017-18,NAVASFRÍAS,SALAMANCA,880,151,151,149,134,101,62,90,71,2,0,43,1,129,15,-7.6,-10.1,2018-02-08,19.5,2017-11-17
2930Y,2018-19,NAVASFRÍAS,SALAMANCA,880,122,122,122,110,85,40,68,55,12,2,23,4,76,32,-7.0,-7.9,2019-01-13,22.3,2019-03-15
2930Y,2019-20,NAVASFRÍAS,SALAMANCA,880,152,152,148,122,71,25,91,52,12,6,47,3,56,18,-4.7,-6.7,2020-01-12,23.2,2020-03-11
2930Y,2020-21,NAVASFRÍAS,SALAMANCA,880,151,151,147,109,62,29,90,39,8,1,48,2,68,22,-7.5,-9.2,2021-01-08,21.4,2021-03-31
2930Y,2021-22,NAVASFRÍAS,SALAMANCA,880,151,151,151,134,92,52,90,62,1,0,29,1,108,37,-6.5,-8.5,2022-01-22,19.0,2022-02-17
2930Y,2022-23,NAVASFRÍAS,SALAMANCA,880,150,150,148,115,64,40,88,46,7,2,37,3,107,20,-7.1,-9.3,2023-02-28,20.9,2023-03-28
2930Y,2023-24,NAVASFRÍAS,SALAMANCA,880,152,152,148,117,57,22,88,43,21,4,40,6,58,14,-5.5,-8.3,2023-12-18,23.1,2024-03-22
2930Y,2024-25,NAVASFRÍAS,SALAMANCA,880,151,151,147,120,57,29,90,46,4,0,44,2,132,11,-5.7,-9.2,2025-01-14,19.9,2025-03-31
2930Y,2025-26,NAVASFRÍAS,SALAMANCA,880,151,151,149,118,61,14,90,37,7,1,52,3,112,9,-3.7,-6.5,2025-12-26,20.7,2026-02-22
2945A,2017-18,EL BODÓN BASE AÉREA,SALAMANCA,805,151,151,150,128,73,21,90,55,2,0,44,1,131,16,-5.0,-7.5,2018-02-24,18.6,2017-11-17
2945A,2018-19,EL BODÓN BASE AÉREA,SALAMANCA,805,151,151,151,127,48,17,90,40,10,2,23,4,116,21,-4.2,-6.5,2019-01-06,20.7,2019-03-15
2945A,2019-20,EL BODÓN BASE AÉREA,SALAMANCA,805,152,152,147,114,33,5,90,28,9,3,36,3,93,10,-2.0,-4.0,2020-01-06,24.1,2020-03-11
2945A,2020-21,EL BODÓN BASE AÉREA,SALAMANCA,805,151,151,145,95,43,15,90,32,11,3,37,4,69,18,-5.2,-7.3,2021-01-06,23.9,2021-03-31
2945A,2021-22,EL BODÓN BASE AÉREA,SALAMANCA,805,151,151,151,121,54,21,90,41,1,0,26,1,89,21,-4.5,-6.5,2022-01-22,19.0,2022-01-01
2945A,2023-24,EL BODÓN BASE AÉREA,SALAMANCA,805,138,138,135,91,27,6,88,22,12,5,35,8,68,5,-2.5,-4.5,2023-12-26,22.8,2024-03-21
2945A,2024-25,EL BODÓN BASE AÉREA,SALAMANCA,805,151,151,144,93,34,10,90,32,6,1,42,2,132,8,-3.8,-6.4,2025-01-15,22.0,2025-03-31
2945A,2025-26,EL BODÓN BASE AÉREA,SALAMANCA,805,151,151,146,106,28,5,89,20,10,1,56,4,112,4,-2.0,-5.1,2025-12-26,20.8,2026-02-26
2946X,2017-18,SAELICES EL CHICO,SALAMANCA,680,151,151,149,126,67,24,89,51,10,4,44,7,124,13,-5.0,-8.0,2018-02-24,21.1,2017-11-17
2946X,2018-19,SAELICES EL CHICO,SALAMANCA,680,151,151,151,128,53,15,90,47,36,9,25,10,58,11,-4.7,-7.9,2019-01-06,23.9,2019-03-16
2946X,2019-20,SAELICES EL CHICO,SALAMANCA,680,152,152,145,106,31,6,88,27,17,8,26,4,92,9,-2.6,-4.7,2020-01-12,26.9,2020-03-11
2946X,2020-21,SAELICES EL CHICO,SALAMANCA,680,150,151,144,87,36,18,88,30,16,12,34,5,69,19,-5.2,-7.7,2021-01-06,26.6,2021-03-31
2946X,2021-22,SAELICES EL CHICO,SALAMANCA,680,151,151,151,124,54,26,90,42,16,1,26,6,58,10,-5.3,-7.4,2022-01-29,21.2,2022-01-01
2946X,2022-23,SAELICES EL CHICO,SALAMANCA,680,151,151,147,95,47,17,89,39,18,11,30,5,96,14,-4.8,-6.3,2023-01-31,24.8,2023-03-28
2946X,2023-24,SAELICES EL CHICO,SALAMANCA,680,152,152,141,95,28,1,88,22,32,12,43,10,64,8,-2.4,-4.0,2024-01-08,24.9,2024-03-22
2946X,2024-25,SAELICES EL CHICO,SALAMANCA,680,151,151,147,92,32,11,90,30,21,5,33,4,113,6,-3.9,-7.7,2025-01-15,24.9,2025-03-31
2946X,2025-26,SAELICES EL CHICO,SALAMANCA,680,151,151,146,102,30,7,88,23,17,13,54,6,108,4,-2.8,-6.0,2025-12-26,23.4,2026-02-26
2966D,2017-18,ALCAÑICES  ,ZAMORA,840,151,151,149,135,69,24,89,52,8,1,45,3,126,12,-4.8,-7.5,2018-02-08,20.5,2018-03-27
2966D,2018-19,ALCAÑICES  ,ZAMORA,840,151,151,151,133,37,6,90,29,15,3,31,3,76,13,-2.7,-4.3,2019-01-11,22.4,2018-11-02
2966D,2019-20,ALCAÑICES  ,ZAMORA,840,151,151,149,109,35,9,89,28,15,5,39,5,57,14,-3.1,-6.8,2020-01-02,22.7,2020-03-11
2966D,2020-21,ALCAÑICES  ,ZAMORA,840,144,145,141,103,43,20,87,34,11,2,47,4,101,19,-5.7,-8.7,2021-01-17,23.8,2021-03-31
2966D,2021-22,ALCAÑICES  ,ZAMORA,840,151,151,151,130,55,5,90,41,7,1,28,2,82,20,-2.8,-4.8,2022-02-06,20.5,2022-02-23
2966D,2022-23,ALCAÑICES  ,ZAMORA,840,150,150,149,96,46,20,88,37,10,3,52,3,95,18,-4.9,-6.6,2023-02-28,22.8,2023-03-28
2966D,2023-24,ALCAÑICES  ,ZAMORA,840,152,152,144,109,39,10,90,30,17,5,51,7,74,12,-3.2,-5.6,2024-01-20,23.4,2024-03-22
2966D,2024-25,ALCAÑICES  ,ZAMORA,840,151,151,149,105,41,4,90,33,13,3,40,4,127,7,-2.8,-3.8,2025-01-01,22.4,2024-11-07
2966D,2025-26,ALCAÑICES  ,ZAMORA,840,151,151,151,119,36,8,90,25,14,6,54,5,110,4,-2.9,-6.8,2026-01-05,21.7,2026-03-24
2969U,2017-18,A GUDIÑA,OURENSE,910,150,150,150,127,52,7,89,34,0,0,48,0,83,10,-2.9,-4.4,2018-02-06,17.9,2017-11-16
2969U,2018-19,A GUDIÑA,OURENSE,910,151,151,151,116,11,1,90,9,15,6,42,8,107,4,-0.7,-3.9,2019-01-11,21.4,2019-03-15
2969U,2019-20,A GUDIÑA,OURENSE,910,150,150,148,100,16,3,88,13,8,5,69,3,59,4,-1.4,-4.4,2020-01-06,22.4,2020-03-11
2969U,2020-21,A GUDIÑA,OURENSE,910,150,150,146,100,30,8,90,27,7,2,70,2,112,16,-3.1,-6.1,2021-01-07,22.9,2021-03-31
2969U,2021-22,A GUDIÑA,OURENSE,910,151,151,151,117,17,1,90,12,3,0,39,1,93,3,-0.9,-3.3,2022-01-22,18.6,2022-02-02
2969U,2022-23,A GUDIÑA,OURENSE,910,146,146,145,93,30,8,85,26,6,2,69,3,73,12,-3.4,-5.4,2023-02-28,21.6,2023-03-28
2969U,2023-24,A GUDIÑA,OURENSE,910,152,152,144,95,22,5,90,14,11,5,72,7,74,4,-2.2,-5.8,2023-12-18,25.9,2024-03-22
2969U,2024-25,A GUDIÑA,OURENSE,910,151,151,146,99,22,2,90,17,7,1,51,2,131,5,-1.1,-4.0,2025-01-01,23.3,2025-03-31
2969U,2025-26,A GUDIÑA,OURENSE,910,137,137,137,103,21,1,89,19,7,2,76,2,63,5,-1.2,-4.0,2026-01-05,20.4,2026-03-31
2978X,2017-18,VERÍN,OURENSE,380,151,151,144,122,75,37,86,52,14,3,55,7,68,14,-6.2,-8.5,2018-02-24,21.8,2018-03-27
2978X,2018-19,VERÍN,OURENSE,380,151,151,148,123,56,24,89,43,43,23,38,13,65,20,-5.9,-8.1,2019-01-05,25.6,2019-03-24
2978X,2019-20,VERÍN,OURENSE,380,152,152,142,93,42,16,87,35,28,18,49,5,91,8,-3.6,-5.1,2020-01-12,26.6,2020-03-11
2978X,2020-21,VERÍN,OURENSE,380,151,151,141,102,48,20,86,31,32,15,61,6,61,19,-7.2,-9.5,2021-01-08,27.0,2021-03-31
2978X,2021-22,VERÍN,OURENSE,380,151,151,149,121,66,26,89,46,28,9,35,6,40,23,-5.4,-7.5,2022-01-30,21.8,2022-02-22
2978X,2022-23,VERÍN,OURENSE,380,150,150,135,89,46,24,84,39,28,13,46,6,93,22,-5.2,-6.5,2023-02-28,25.2,2023-03-29
2978X,2023-24,VERÍN,OURENSE,380,135,135,127,84,27,1,87,21,23,15,55,10,69,5,-1.9,-3.1,2024-01-08,29.1,2024-03-22
2978X,2024-25,VERÍN,OURENSE,380,150,150,141,89,30,13,88,25,26,14,48,7,81,7,-3.9,-6.9,2025-01-15,26.7,2025-03-31
2978X,2025-26,VERÍN,OURENSE,380,151,151,143,101,32,1,86,24,34,21,66,11,65,10,-2.1,-5.2,2025-12-27,26.4,2026-03-31
3013,2017-18,MOLINA DE ARAGÓN,GUADALAJARA,1062,151,151,151,144,97,64,90,67,4,0,36,1,126,23,-10.0,-12.8,2018-02-08,19.2,2018-03-28
3013,2018-19,MOLINA DE ARAGÓN,GUADALAJARA,1062,151,151,151,147,107,81,90,74,26,8,19,10,70,31,-9.4,-11.3,2019-01-11,23.4,2019-03-15
3013,2019-20,MOLINA DE ARAGÓN,GUADALAJARA,1062,152,152,151,129,75,38,91,56,13,9,31,5,93,23,-7.2,-10.3,2020-01-12,24.3,2020-03-12
3013,2020-21,MOLINA DE ARAGÓN,GUADALAJARA,1062,151,151,150,139,89,45,90,56,16,7,29,4,77,23,-12.9,-25.2,2021-01-12,23.4,2021-03-31
3013,2021-22,MOLINA DE ARAGÓN,GUADALAJARA,1062,151,151,151,143,98,66,90,68,10,1,25,2,60,32,-10.1,-11.5,2022-01-29,20.3,2022-02-02
3013,2022-23,MOLINA DE ARAGÓN,GUADALAJARA,1062,151,151,150,130,91,56,90,67,23,11,33,12,103,31,-9.7,-15.8,2023-02-28,24.5,2023-03-29
3013,2023-24,MOLINA DE ARAGÓN,GUADALAJARA,1062,152,152,151,126,80,36,91,61,23,9,36,9,65,19,-6.5,-8.9,2023-12-27,24.6,2024-03-22
3013,2024-25,MOLINA DE ARAGÓN,GUADALAJARA,1062,151,151,151,132,81,41,90,63,1,1,31,1,150,13,-8.3,-11.2,2025-01-14,25.3,2025-03-31
3013,2025-26,MOLINA DE ARAGÓN,GUADALAJARA,1062,151,151,150,135,80,30,89,48,16,9,44,7,99,11,-5.2,-14.0,2026-01-06,23.7,2026-03-17
3021Y,2018-19,ZAOREJAS,GUADALAJARA,1250,149,149,149,146,84,19,90,66,7,3,27,2,108,27,-4.6,-6.1,2019-01-11,21.8,2019-03-16
3021Y,2019-20,ZAOREJAS,GUADALAJARA,1250,146,146,145,124,52,7,85,34,9,5,22,5,34,8,-3.0,-5.4,2020-01-12,22.7,2020-03-12
3021Y,2021-22,ZAOREJAS,GUADALAJARA,1250,150,150,150,138,68,20,89,49,5,1,35,2,60,20,-5.1,-6.9,2022-01-14,20.3,2022-02-02
3021Y,2022-23,ZAOREJAS,GUADALAJARA,1250,149,149,148,111,57,31,88,50,11,4,41,4,69,28,-6.2,-9.0,2023-01-30,22.2,2023-03-29
3021Y,2023-24,ZAOREJAS,GUADALAJARA,1250,152,152,152,119,53,8,91,40,15,7,50,9,65,7,-3.0,-7.7,2024-01-12,23.3,2024-03-22
3021Y,2024-25,ZAOREJAS,GUADALAJARA,1250,146,146,146,130,64,16,90,50,2,1,40,1,128,12,-3.7,-8.0,2025-01-14,23.3,2025-03-31
3021Y,2025-26,ZAOREJAS,GUADALAJARA,1250,149,149,149,136,73,10,90,47,7,2,52,4,102,13,-3.2,-11.0,2026-01-07,20.3,2026-03-17
3040Y,2017-18,BETETA,CUENCA,1214,120,120,120,115,79,46,59,46,0,0,51,0,59,13,-7.9,-11.8,2018-02-09,16.7,2017-11-17
3040Y,2018-19,BETETA,CUENCA,1214,141,141,141,138,94,43,81,66,4,2,29,2,108,24,-5.3,-7.7,2019-01-04,20.5,2019-03-16
3040Y,2021-22,BETETA,CUENCA,1214,121,121,121,111,64,22,60,38,0,0,15,0,76,9,-4.2,-8.8,2022-01-14,17.0,2022-03-28
3040Y,2023-24,BETETA,CUENCA,1214,152,152,152,130,69,16,91,50,9,6,48,8,105,8,-4.5,-8.5,2024-01-12,22.4,2024-03-22
3044X,2017-18,CAÑIZARES,CUENCA,928,122,122,122,111,74,29,64,46,17,6,38,7,40,12,-5.7,-7.8,2017-12-03,20.9,2018-03-28
3044X,2018-19,CAÑIZARES,CUENCA,928,148,148,148,137,94,34,87,73,38,25,28,11,33,19,-5.4,-6.5,2019-01-11,25.5,2019-03-16
3044X,2019-20,CAÑIZARES,CUENCA,928,152,152,150,124,58,15,91,46,24,11,51,6,56,20,-3.8,-6.1,2020-01-13,26.6,2020-03-12
3044X,2020-21,CAÑIZARES,CUENCA,928,149,149,148,132,56,22,88,41,36,16,46,9,29,11,-5.8,-11.6,2021-01-12,24.8,2021-03-31
3044X,2021-22,CAÑIZARES,CUENCA,928,121,121,120,109,66,27,78,53,21,5,26,5,27,20,-5.7,-6.7,2022-01-28,23.4,2022-02-17
3085Y,2017-18,PASTRANA,GUADALAJARA,920,150,150,150,134,59,13,89,47,8,2,42,4,70,12,-4.4,-6.2,2018-02-08,20.5,2018-03-28
3085Y,2018-19,PASTRANA,GUADALAJARA,920,151,151,151,125,29,3,90,27,26,13,22,10,78,4,-2.2,-4.4,2019-02-04,24.3,2019-03-16
3085Y,2019-20,PASTRANA,GUADALAJARA,920,138,138,135,96,21,0,78,11,14,8,33,5,53,6,-1.1,-2.8,2020-01-14,25.3,2020-03-12
3085Y,2021-22,PASTRANA,GUADALAJARA,920,134,134,133,111,36,2,90,31,10,3,28,2,30,14,-2.4,-3.3,2022-01-15,20.6,2022-01-01
3085Y,2023-24,PASTRANA,GUADALAJARA,920,152,152,150,103,24,3,91,19,24,12,45,9,59,4,-1.2,-4.4,2024-01-12,25.2,2024-03-22
3085Y,2025-26,PASTRANA,GUADALAJARA,920,151,151,149,124,32,7,89,24,20,11,54,7,100,4,-2.8,-6.5,2026-01-06,22.9,2026-03-17
3094B,2017-18,TARANCÓN,CUENCA,819,149,149,146,116,32,6,89,29,15,6,32,4,61,6,-2.7,-5.0,2018-02-07,22.5,2017-11-01
3094B,2018-19,TARANCÓN,CUENCA,819,150,150,149,103,16,2,90,16,40,24,14,11,40,4,-1.1,-3.5,2019-02-04,27.4,2019-03-16
3094B,2019-20,TARANCÓN,CUENCA,819,124,124,121,71,5,0,90,5,24,12,7,7,26,4,0.2,-1.6,2020-01-12,27.3,2020-03-12
3094B,2020-21,TARANCÓN,CUENCA,819,151,151,145,82,27,9,89,26,41,19,0,10,64,20,-3.8,-8.5,2021-01-12,25.9,2020-11-02
3094B,2023-24,TARANCÓN,CUENCA,819,152,152,138,82,7,0,90,6,28,18,38,10,64,2,0.1,-1.5,2024-03-03,26.7,2024-03-22
3094B,2024-25,TARANCÓN,CUENCA,819,150,150,139,81,11,0,90,10,21,8,25,6,75,3,-0.5,-2.1,2025-01-14,26.2,2025-03-31
3094B,2025-26,TARANCÓN,CUENCA,819,138,138,136,78,8,1,81,6,23,16,30,8,54,2,-0.1,-3.1,2026-01-05,25.2,2026-03-17
3099Y,2017-18,OCAÑA,TOLEDO,733,130,130,129,108,38,8,80,34,7,1,30,4,67,6,-3.2,-5.4,2018-02-25,20.2,2018-03-28
3099Y,2018-19,OCAÑA,TOLEDO,733,145,145,145,122,37,6,90,35,24,10,16,10,78,21,-2.3,-5.2,2019-01-19,25.0,2019-03-16
3099Y,2019-20,OCAÑA,TOLEDO,733,150,150,145,107,21,2,87,17,13,8,31,6,57,8,-1.6,-4.2,2020-01-12,25.8,2020-03-12
3099Y,2020-21,OCAÑA,TOLEDO,733,151,151,146,98,32,18,88,28,21,8,30,9,91,19,-6.3,-14.5,2021-01-12,23.2,2021-03-31
3099Y,2021-22,OCAÑA,TOLEDO,733,151,151,150,121,26,5,90,24,5,0,26,2,61,7,-2.1,-4.4,2022-01-16,19.4,2022-02-22
3099Y,2022-23,OCAÑA,TOLEDO,733,151,151,143,96,40,13,88,35,28,17,27,12,97,17,-3.9,-5.8,2023-03-01,26.3,2023-03-29
3099Y,2023-24,OCAÑA,TOLEDO,733,152,152,145,104,22,2,90,20,23,8,38,9,65,6,-1.3,-3.8,2024-01-08,24.0,2024-03-19
3099Y,2024-25,OCAÑA,TOLEDO,733,151,151,149,103,30,5,90,29,14,4,33,7,79,6,-2.5,-4.9,2025-01-15,23.5,2025-03-31
3099Y,2025-26,OCAÑA,TOLEDO,733,138,138,134,95,15,3,75,11,18,11,43,8,46,3,-1.4,-4.8,2026-01-07,24.0,2025-11-12
3100B,2017-18,ARANJUEZ,MADRID,540,144,144,141,116,70,21,84,52,18,7,32,9,42,10,-5.6,-7.4,2017-12-06,22.8,2017-11-01
3100B,2018-19,ARANJUEZ,MADRID,540,149,149,146,123,63,24,89,58,40,23,18,9,72,26,-5.2,-7.6,2019-01-11,27.1,2019-03-16
3100B,2019-20,ARANJUEZ,MADRID,540,148,148,141,94,31,9,86,25,25,12,31,8,42,19,-3.2,-5.2,2020-01-12,26.8,2020-03-11
3100B,2020-21,ARANJUEZ,MADRID,540,143,143,136,82,33,17,80,24,31,18,26,10,48,7,-6.2,-11.2,2021-01-14,25.0,2021-03-31
3100B,2021-22,ARANJUEZ,MADRID,540,150,150,149,116,60,17,89,50,21,3,24,4,30,13,-5.1,-6.7,2022-01-19,22.2,2022-02-22
3100B,2022-23,ARANJUEZ,MADRID,540,148,148,138,96,46,26,88,37,41,24,30,13,39,18,-6.0,-7.8,2023-03-01,28.1,2023-03-29
3100B,2023-24,ARANJUEZ,MADRID,540,149,149,140,102,34,7,89,28,30,16,34,10,64,15,-3.0,-5.0,2023-12-28,26.0,2024-03-22
3100B,2024-25,ARANJUEZ,MADRID,540,146,146,143,103,46,19,86,41,34,10,28,11,33,15,-4.8,-8.6,2025-01-15,25.2,2025-03-31
3100B,2025-26,ARANJUEZ,MADRID,540,122,122,115,87,35,6,87,26,15,11,41,8,100,5,-3.0,-6.9,2026-01-07,25.3,2025-11-12
3103,2017-18,PANTANO EL VADO,GUADALAJARA,910,150,150,150,134,54,16,90,45,6,1,38,5,125,6,-4.2,-5.9,2018-02-13,20.1,2017-11-16
3103,2018-19,PANTANO EL VADO,GUADALAJARA,910,151,151,150,136,50,4,90,43,26,8,30,10,93,9,-2.3,-3.6,2019-01-13,23.0,2019-03-15
3103,2019-20,PANTANO EL VADO,GUADALAJARA,910,151,151,149,115,38,3,90,28,12,8,46,5,58,7,-1.9,-4.7,2020-01-12,24.2,2020-03-11
3103,2020-21,PANTANO EL VADO,GUADALAJARA,910,151,151,151,117,36,12,90,30,15,7,41,4,99,22,-4.4,-8.8,2021-01-11,22.4,2021-03-31
3103,2021-22,PANTANO EL VADO,GUADALAJARA,910,150,150,150,126,45,10,89,38,7,1,28,2,48,14,-3.2,-4.6,2022-01-15,23.0,2022-02-02
3103,2022-23,PANTANO EL VADO,GUADALAJARA,910,150,150,149,112,45,14,88,39,22,8,35,5,73,10,-4.1,-6.9,2023-03-02,23.2,2023-03-29
3103,2023-24,PANTANO EL VADO,GUADALAJARA,910,152,152,151,111,27,1,91,24,21,12,43,8,59,6,-1.9,-4.8,2024-01-12,25.3,2024-03-22
3103,2024-25,PANTANO EL VADO,GUADALAJARA,910,150,150,149,117,42,6,89,38,8,3,40,2,94,12,-2.7,-5.0,2025-01-19,24.7,2025-03-31
3103,2025-26,PANTANO EL VADO,GUADALAJARA,910,151,151,150,119,31,3,90,25,14,6,42,7,100,5,-2.4,-5.8,2026-01-07,21.7,2026-03-16
3104Y,2017-18,RASCAFRÍA,MADRID,1159,151,151,151,142,99,53,90,67,10,2,65,6,67,20,-8.6,-10.8,2018-02-08,20.8,2017-11-17
3104Y,2018-19,RASCAFRÍA,MADRID,1159,151,151,151,143,109,56,90,74,30,5,36,10,31,29,-6.0,-8.0,2019-01-11,23.1,2019-03-15
3104Y,2019-20,RASCAFRÍA,MADRID,1159,151,151,150,132,69,28,90,55,25,10,65,6,53,16,-4.8,-8.1,2020-01-20,24.5,2020-03-11
3104Y,2020-21,RASCAFRÍA,MADRID,1159,150,150,150,133,79,36,90,49,16,6,56,6,67,20,-8.2,-12.9,2021-01-11,23.2,2020-11-02
3104Y,2021-22,RASCAFRÍA,MADRID,1159,151,151,151,146,92,47,90,62,11,2,47,4,46,34,-6.8,-9.0,2022-01-15,23.9,2022-02-02
3104Y,2022-23,RASCAFRÍA,MADRID,1159,151,151,151,132,86,47,90,62,17,7,42,4,69,31,-6.8,-8.8,2023-01-30,23.5,2023-03-29
3104Y,2023-24,RASCAFRÍA,MADRID,1159,152,152,150,131,74,24,91,52,32,15,62,9,31,17,-4.9,-7.0,2024-01-12,24.6,2024-03-22
3104Y,2024-25,RASCAFRÍA,MADRID,1159,145,145,145,135,80,33,89,63,9,1,52,2,41,27,-5.9,-8.9,2025-01-14,24.0,2025-03-31
3104Y,2025-26,RASCAFRÍA,MADRID,1159,151,151,151,141,81,20,90,48,12,6,72,6,100,10,-4.0,-5.5,2025-12-01,21.5,2026-03-17
3110C,2019-20,BUITRAGO DEL LOZOYA,MADRID,1030,135,135,134,104,45,10,82,38,9,5,39,5,39,11,-3.6,-6.1,2020-01-14,23.4,2020-03-11
3110C,2020-21,BUITRAGO DEL LOZOYA,MADRID,1030,151,151,151,125,46,17,90,34,11,2,30,4,99,16,-5.6,-11.3,2021-01-12,20.3,2021-03-31
3110C,2021-22,BUITRAGO DEL LOZOYA,MADRID,1030,121,121,121,112,62,23,90,51,7,1,12,2,43,20,-5.5,-6.7,2022-01-15,23.2,2022-02-02
3110C,2022-23,BUITRAGO DEL LOZOYA,MADRID,1030,151,151,150,117,59,28,90,49,16,4,37,4,114,22,-5.2,-7.1,2023-01-30,22.6,2023-03-29
3110C,2023-24,BUITRAGO DEL LOZOYA,MADRID,1030,150,150,149,109,37,11,89,32,20,9,42,8,39,6,-3.5,-6.1,2024-01-12,24.3,2024-03-22
3110C,2024-25,BUITRAGO DEL LOZOYA,MADRID,1030,151,151,150,126,43,21,90,37,5,1,41,2,94,11,-4.9,-8.2,2025-01-14,23.2,2025-03-31
3111D,2019-20,SOMOSIERRA,MADRID,1450,136,136,136,122,57,9,75,29,3,2,31,3,103,8,-3.4,-7.8,2020-01-20,22.6,2020-03-11
3111D,2021-22,SOMOSIERRA,MADRID,1450,142,142,142,137,67,16,89,43,0,0,39,0,85,13,-4.2,-5.6,2022-01-15,17.1,2021-12-31
3111D,2022-23,SOMOSIERRA,MADRID,1450,151,151,151,132,62,30,90,50,1,0,53,1,148,20,-6.3,-8.7,2023-02-27,19.1,2023-03-29
3111D,2023-24,SOMOSIERRA,MADRID,1450,149,149,149,122,55,11,89,36,7,3,63,4,84,10,-3.5,-8.0,2024-01-12,21.2,2024-03-23
3111D,2024-25,SOMOSIERRA,MADRID,1450,148,148,148,133,78,19,90,55,1,1,59,1,136,14,-3.9,-6.4,2025-03-15,20.3,2025-03-31
3111D,2025-26,SOMOSIERRA,MADRID,1450,149,149,149,140,79,23,88,52,1,0,69,1,84,10,-4.6,-9.0,2026-01-05,18.8,2026-02-23
3125Y,2019-20,SAN SEBASTIÁN DE LOS REYES,MADRID,672,150,150,139,83,12,2,85,11,22,15,29,6,32,7,-0.9,-3.6,2020-01-12,25.9,2020-03-11
3125Y,2020-21,SAN SEBASTIÁN DE LOS REYES,MADRID,672,151,151,147,80,25,14,89,23,27,14,33,10,46,19,-4.2,-9.6,2021-01-12,24.7,2021-03-31
3125Y,2021-22,SAN SEBASTIÁN DE LOS REYES,MADRID,672,120,120,117,82,15,0,61,15,20,9,20,3,27,4,-1.4,-1.7,2022-01-13,22.6,2022-02-22
3125Y,2022-23,SAN SEBASTIÁN DE LOS REYES,MADRID,672,146,146,135,82,29,5,88,24,37,25,26,13,71,10,-2.2,-4.2,2023-01-31,26.5,2023-03-29
3125Y,2023-24,SAN SEBASTIÁN DE LOS REYES,MADRID,672,152,152,141,89,12,0,89,12,34,20,33,10,59,5,-0.6,-2.0,2023-12-26,26.5,2024-03-22
3125Y,2024-25,SAN SEBASTIÁN DE LOS REYES,MADRID,672,150,150,146,89,22,3,89,21,22,9,34,5,35,6,-1.5,-4.3,2025-01-15,26.6,2025-03-31
3125Y,2025-26,SAN SEBASTIÁN DE LOS REYES,MADRID,672,151,151,146,90,12,1,87,11,25,18,45,8,96,4,-0.9,-3.2,2026-01-07,24.5,2025-11-12
3126Y,2017-18,"MADRID, EL GOLOSO",MADRID,740,124,124,123,103,48,16,63,39,2,1,27,2,60,13,-4.9,-6.3,2018-02-08,20.3,2018-03-28
3126Y,2018-19,"MADRID, EL GOLOSO",MADRID,740,151,151,148,126,56,15,90,50,19,8,22,9,114,24,-4.0,-5.1,2019-01-06,23.0,2019-03-16
3126Y,2019-20,"MADRID, EL GOLOSO",MADRID,740,150,150,141,99,24,5,85,17,13,7,32,6,58,8,-2.2,-5.6,2020-01-12,23.5,2020-03-11
3126Y,2020-21,"MADRID, EL GOLOSO",MADRID,740,143,143,141,97,33,18,83,28,12,2,29,3,51,17,-5.6,-12.9,2021-01-12,22.2,2021-03-29
3126Y,2021-22,"MADRID, EL GOLOSO",MADRID,740,151,151,149,120,43,13,90,39,3,0,26,1,85,12,-3.4,-5.1,2022-01-15,19.1,2022-02-02
3126Y,2022-23,"MADRID, EL GOLOSO",MADRID,740,150,150,145,99,42,16,89,37,21,9,29,12,105,17,-4.3,-6.9,2023-02-28,24.3,2023-03-29
3126Y,2023-24,"MADRID, EL GOLOSO",MADRID,740,152,152,147,102,23,1,90,21,12,7,31,8,72,6,-1.9,-3.4,2024-01-12,24.3,2024-03-22
3126Y,2024-25,"MADRID, EL GOLOSO",MADRID,740,151,151,148,108,33,5,90,32,7,1,35,3,77,7,-2.5,-5.0,2025-01-15,23.2,2025-03-31
3126Y,2025-26,"MADRID, EL GOLOSO",MADRID,740,151,151,149,107,34,6,89,26,12,5,46,6,101,4,-2.5,-4.7,2026-01-07,22.1,2025-11-12
3129,2017-18,MADRID AEROPUERTO,MADRID,609,151,151,148,115,56,14,90,44,12,6,33,4,125,8,-4.0,-5.6,2017-12-06,21.3,2018-03-28
3129,2018-19,MADRID AEROPUERTO,MADRID,609,151,151,148,116,54,16,90,50,31,20,19,10,92,21,-4.1,-5.7,2019-01-06,25.3,2019-03-16
3129,2019-20,MADRID AEROPUERTO,MADRID,609,152,152,141,86,27,3,86,23,24,12,28,7,88,19,-2.3,-5.0,2020-01-12,26.0,2020-03-11
3129,2020-21,MADRID AEROPUERTO,MADRID,609,151,151,149,94,35,19,89,27,20,9,31,4,68,19,-7.7,-13.4,2021-01-12,24.1,2021-03-31
3129,2021-22,MADRID AEROPUERTO,MADRID,609,151,151,148,113,46,14,90,43,14,2,23,3,30,12,-3.9,-5.3,2022-01-19,20.9,2022-02-02
3129,2022-23,MADRID AEROPUERTO,MADRID,609,151,151,136,95,42,14,86,36,36,22,27,13,72,12,-3.7,-5.9,2023-02-28,26.6,2023-03-29
3129,2023-24,MADRID AEROPUERTO,MADRID,609,152,152,141,97,24,3,88,20,29,16,32,10,59,7,-2.2,-3.5,2023-12-27,26.2,2024-03-22
3129,2024-25,MADRID AEROPUERTO,MADRID,609,151,151,146,99,33,9,90,31,20,7,33,5,35,7,-3.2,-7.1,2025-01-15,26.0,2025-03-31
3129,2025-26,MADRID AEROPUERTO,MADRID,609,151,151,146,95,29,3,87,24,25,14,46,8,100,4,-2.1,-3.5,2026-01-07,24.5,2025-11-12
3130C,2017-18,SIGÜENZA,GUADALAJARA,1005,147,147,147,140,96,58,89,69,6,0,42,3,62,19,-10.2,-14.4,2018-01-09,19.3,2018-03-28
3130C,2018-19,SIGÜENZA,GUADALAJARA,1005,146,146,146,139,100,70,87,71,20,7,24,6,58,22,-7.8,-10.4,2019-01-04,24.0,2019-03-15
3130C,2019-20,SIGÜENZA,GUADALAJARA,1005,152,152,150,130,76,33,91,58,13,7,37,5,56,23,-6.7,-10.8,2020-01-12,24.6,2020-03-11
3130C,2020-21,SIGÜENZA,GUADALAJARA,1005,149,149,149,135,83,39,89,53,11,6,31,4,74,23,-8.7,-16.8,2021-01-12,23.1,2021-03-31
3130C,2021-22,SIGÜENZA,GUADALAJARA,1005,150,150,150,140,101,61,90,68,8,1,29,3,43,44,-9.5,-11.1,2022-01-29,21.0,2022-02-02
3130C,2022-23,SIGÜENZA,GUADALAJARA,1005,151,151,150,127,85,51,90,62,20,5,33,4,98,30,-9.1,-10.7,2023-03-01,23.1,2023-03-29
3130C,2023-24,SIGÜENZA,GUADALAJARA,1005,151,151,150,123,77,28,90,59,22,10,40,9,64,16,-6.2,-8.1,2023-12-26,24.8,2024-03-22
3130C,2024-25,SIGÜENZA,GUADALAJARA,1005,150,150,150,128,73,35,89,58,6,1,38,1,95,12,-7.3,-10.5,2025-01-14,24.5,2025-03-31
3130C,2025-26,SIGÜENZA,GUADALAJARA,1005,131,131,130,113,69,22,82,41,12,6,34,7,54,9,-5.0,-8.1,2026-01-05,21.5,2026-03-17
3140Y,2018-19,MANDAYONA,GUADALAJARA,990,138,138,138,135,54,9,90,47,27,6,20,10,46,16,-3.2,-5.1,2019-01-18,23.3,2019-03-15
3140Y,2019-20,MANDAYONA,GUADALAJARA,990,123,123,123,98,32,2,89,25,13,9,36,6,34,5,-2.0,-5.1,2020-01-12,24.7,2020-03-11
3140Y,2020-21,MANDAYONA,GUADALAJARA,990,144,144,144,114,41,19,88,33,12,6,31,4,63,23,-5.8,-10.3,2021-01-12,22.2,2021-03-31
3140Y,2021-22,MANDAYONA,GUADALAJARA,990,151,151,151,135,54,12,90,39,7,1,10,2,44,20,-3.7,-5.3,2022-01-22,23.5,2022-02-02
3140Y,2022-23,MANDAYONA,GUADALAJARA,990,151,151,150,104,53,23,90,47,23,6,32,6,83,25,-5.1,-7.9,2023-03-01,23.5,2023-03-29
3140Y,2023-24,MANDAYONA,GUADALAJARA,990,152,152,149,110,28,4,91,22,21,11,34,9,64,5,-2.3,-5.5,2024-01-12,24.5,2024-03-22
3140Y,2024-25,MANDAYONA,GUADALAJARA,990,151,151,151,120,41,8,90,35,11,3,36,3,52,10,-3.1,-7.5,2025-01-14,23.6,2025-03-31
3140Y,2025-26,MANDAYONA,GUADALAJARA,990,151,151,150,125,36,6,90,28,13,6,24,7,100,6,-2.7,-7.0,2026-01-06,21.5,2026-03-17
3168D,2017-18,GUADALAJARA,GUADALAJARA,727,151,151,148,124,40,13,90,35,13,3,34,4,85,8,-4.0,-5.3,2018-02-08,20.9,2018-03-28
3168D,2018-19,GUADALAJARA,GUADALAJARA,727,151,151,149,118,27,3,90,27,32,15,20,11,71,10,-2.5,-3.8,2019-02-04,24.6,2019-03-16
3168D,2019-20,GUADALAJARA,GUADALAJARA,727,152,152,144,87,17,1,88,15,23,11,26,6,41,4,-1.0,-3.8,2020-01-12,25.8,2020-03-11
3168D,2020-21,GUADALAJARA,GUADALAJARA,727,151,151,149,87,30,13,89,28,24,11,31,9,68,22,-4.3,-10.6,2021-01-12,25.0,2021-03-31
3168D,2021-22,GUADALAJARA,GUADALAJARA,727,151,151,149,114,28,4,90,28,13,2,28,2,32,12,-2.6,-3.8,2022-01-16,20.8,2022-02-02
3168D,2022-23,GUADALAJARA,GUADALAJARA,727,151,151,140,85,34,9,86,29,30,20,29,13,81,14,-3.2,-5.6,2023-02-28,25.4,2023-03-29
3168D,2023-24,GUADALAJARA,GUADALAJARA,727,152,152,139,95,16,0,88,16,30,15,37,10,59,5,-1.0,-2.8,2024-01-12,27.6,2024-03-22
3168D,2024-25,GUADALAJARA,GUADALAJARA,727,150,150,146,96,26,3,89,25,15,6,36,5,52,7,-1.9,-4.4,2025-01-15,25.0,2025-03-31
3168D,2025-26,GUADALAJARA,GUADALAJARA,727,151,151,145,99,20,2,87,17,23,12,47,7,100,6,-1.4,-5.2,2026-01-06,23.8,2025-11-12
3170Y,2017-18,ALCALA DE HENARES,MADRID,605,151,151,148,131,74,28,90,56,17,4,31,9,93,13,-5.8,-7.3,2017-12-03,21.6,2018-03-28
3170Y,2018-19,ALCALA DE HENARES,MADRID,605,151,151,149,123,73,24,90,65,39,23,20,11,44,28,-5.5,-7.1,2019-01-06,25.5,2019-03-16
3170Y,2019-20,ALCALA DE HENARES,MADRID,605,149,149,140,95,36,9,84,28,23,12,23,6,31,14,-3.1,-5.7,2020-01-13,26.0,2020-03-11
3170Y,2020-21,ALCALA DE HENARES,MADRID,605,151,151,149,95,41,26,89,31,25,12,29,9,68,23,-8.2,-14.3,2021-01-12,25.1,2021-03-31
3170Y,2021-22,ALCALA DE HENARES,MADRID,605,151,151,148,126,64,20,90,51,27,4,27,3,29,14,-4.2,-5.4,2022-01-16,21.0,2022-02-22
3170Y,2022-23,ALCALA DE HENARES,MADRID,605,150,150,137,101,47,22,86,41,37,22,27,13,65,19,-5.5,-8.1,2023-03-01,26.3,2023-03-29
3170Y,2023-24,ALCALA DE HENARES,MADRID,605,152,152,143,105,39,7,87,30,33,17,34,12,59,14,-3.0,-4.0,2023-12-27,26.9,2024-03-22
3170Y,2024-25,ALCALA DE HENARES,MADRID,605,151,151,150,104,46,16,90,42,25,9,31,5,36,8,-4.4,-8.8,2025-01-15,25.7,2025-03-31
3170Y,2025-26,ALCALA DE HENARES,MADRID,605,151,151,145,107,37,12,87,25,29,16,46,8,96,5,-4.0,-7.2,2026-01-06,24.9,2025-11-12
3175,2017-18,TORREJÓN DE ARDOZ,MADRID,607,151,151,149,126,63,17,90,49,11,5,30,4,127,9,-4.8,-6.5,2017-12-06,22.0,2018-03-28
3175,2018-19,TORREJÓN DE ARDOZ,MADRID,607,151,151,149,120,63,17,90,58,35,24,19,11,72,24,-4.4,-5.9,2019-01-06,25.7,2019-03-16
3175,2019-20,TORREJÓN DE ARDOZ,MADRID,607,152,152,145,104,36,9,89,29,21,13,27,6,85,20,-3.1,-5.7,2020-01-12,25.4,2020-03-11
3175,2020-21,TORREJÓN DE ARDOZ,MADRID,607,150,151,148,112,44,24,89,33,22,9,30,4,68,23,-7.1,-13.7,2021-01-12,23.7,2021-03-31
3175,2021-22,TORREJÓN DE ARDOZ,MADRID,607,151,151,148,118,51,23,90,48,24,7,23,5,45,20,-5.2,-6.0,2022-01-29,21.7,2022-02-22
3175,2022-23,TORREJÓN DE ARDOZ,MADRID,607,151,151,145,107,51,23,88,43,35,22,24,13,72,18,-5.0,-7.4,2023-03-01,26.2,2023-03-29
3175,2023-24,TORREJÓN DE ARDOZ,MADRID,607,152,152,144,102,30,5,89,24,31,17,32,10,58,13,-2.1,-3.8,2024-01-12,26.4,2024-03-22
3175,2024-25,TORREJÓN DE ARDOZ,MADRID,607,151,150,149,110,38,15,90,37,19,8,33,5,35,10,-4.0,-7.8,2025-01-15,25.5,2025-03-31
3175,2025-26,TORREJÓN DE ARDOZ,MADRID,607,149,149,145,108,32,5,88,24,26,12,46,7,96,4,-2.4,-5.5,2026-01-07,24.1,2025-11-12
3182Y,2017-18,ARGANDA DEL REY,MADRID,533,125,125,122,97,52,19,64,39,18,6,25,9,37,10,-4.8,-6.0,2018-02-24,22.0,2017-11-01
3182Y,2018-19,ARGANDA DEL REY,MADRID,533,151,151,147,123,61,19,90,57,39,26,18,11,68,24,-5.0,-6.9,2019-01-07,26.3,2019-03-16
3182Y,2019-20,ARGANDA DEL REY,MADRID,533,151,151,141,87,21,3,86,17,24,13,27,7,55,9,-1.8,-3.9,2020-01-12,26.0,2020-03-12
3182Y,2020-21,ARGANDA DEL REY,MADRID,533,151,151,145,88,31,19,88,28,30,15,24,10,67,22,-7.9,-15.8,2021-01-12,25.6,2021-03-31
3182Y,2021-22,ARGANDA DEL REY,MADRID,533,140,140,138,104,45,13,89,43,30,7,23,4,26,13,-3.4,-5.1,2022-01-19,21.9,2022-02-22
3182Y,2022-23,ARGANDA DEL REY,MADRID,533,148,148,135,89,36,19,84,31,43,25,21,14,38,17,-4.0,-5.6,2023-03-02,27.4,2023-03-29
3182Y,2023-24,ARGANDA DEL REY,MADRID,533,152,152,142,97,25,3,87,22,32,17,35,10,64,13,-1.8,-4.0,2023-12-26,27.0,2024-03-22
3182Y,2024-25,ARGANDA DEL REY,MADRID,533,151,151,149,104,41,14,90,39,30,10,27,11,35,7,-4.1,-8.5,2025-01-15,26.2,2025-03-31
3182Y,2025-26,ARGANDA DEL REY,MADRID,533,151,151,144,98,29,4,87,22,33,18,46,8,100,4,-2.5,-5.4,2026-01-07,25.0,2025-11-12
3191E,2017-18,COLMENAR VIEJO,MADRID,1004,151,151,150,119,33,3,90,27,2,0,33,2,146,8,-2.1,-4.0,2018-02-23,18.7,2018-03-28
3191E,2018-19,COLMENAR VIEJO,MADRID,1004,151,151,148,98,11,0,90,10,9,3,29,2,118,3,-0.3,-2.5,2019-01-11,21.5,2019-03-16
3191E,2019-20,COLMENAR VIEJO,MADRID,1004,152,152,145,96,7,0,89,4,9,2,37,5,112,2,0.3,-1.6,2020-01-14,22.4,2020-03-11
3191E,2020-21,COLMENAR VIEJO,MADRID,1004,151,151,146,81,22,3,90,21,5,2,36,2,129,15,-2.2,-5.4,2021-01-11,20.5,2021-03-31
3191E,2021-22,COLMENAR VIEJO,MADRID,1004,151,151,151,92,4,0,90,4,3,0,28,1,61,2,0.3,-1.7,2022-01-06,18.6,2022-02-02
3191E,2022-23,COLMENAR VIEJO,MADRID,1004,151,151,145,79,22,5,90,18,9,2,29,4,131,9,-1.9,-4.7,2023-02-28,22.0,2023-03-29
3191E,2023-24,COLMENAR VIEJO,MADRID,1004,152,152,137,81,5,0,87,3,8,5,39,7,86,2,0.6,-1.8,2024-01-12,22.8,2024-03-22
3191E,2024-25,COLMENAR VIEJO,MADRID,1004,151,151,142,94,5,1,90,4,3,1,41,2,143,1,0.2,-7.0,2025-01-19,21.3,2025-03-31
3191E,2025-26,COLMENAR VIEJO,MADRID,1004,151,151,149,95,15,2,89,13,6,1,54,2,102,4,-0.9,-3.5,2026-01-07,20.8,2025-11-12
3194U,2017-18,"MADRID, CIUDAD UNIVERSITARIA",MADRID,664,147,147,145,114,54,13,86,43,13,2,36,4,62,8,-3.8,-5.4,2018-02-23,21.6,2018-03-27
3194U,2018-19,"MADRID, CIUDAD UNIVERSITARIA",MADRID,664,151,151,147,118,45,13,90,42,29,20,18,10,78,24,-3.6,-4.7,2019-01-11,25.4,2019-03-16
3194U,2019-20,"MADRID, CIUDAD UNIVERSITARIA",MADRID,664,151,151,143,87,23,5,88,19,22,9,33,7,79,13,-2.3,-4.7,2020-01-12,24.3,2020-03-11
3194U,2020-21,"MADRID, CIUDAD UNIVERSITARIA",MADRID,664,147,147,142,79,31,14,87,27,23,12,31,6,54,23,-5.6,-11.0,2021-01-13,24.4,2021-03-31
3194Y,2017-18,POZUELO DE ALARCÓN,MADRID,665,151,151,151,125,74,31,90,55,18,7,37,7,62,10,-5.9,-7.1,2018-02-24,21.4,2018-03-27
3194Y,2018-19,POZUELO DE ALARCÓN,MADRID,665,151,151,148,122,70,21,90,60,36,21,25,11,40,30,-5.0,-6.6,2019-01-11,25.1,2019-03-16
3194Y,2019-20,POZUELO DE ALARCÓN,MADRID,665,151,151,143,90,31,7,87,23,24,11,35,7,52,15,-3.0,-6.2,2020-01-12,25.2,2020-03-11
3194Y,2020-21,POZUELO DE ALARCÓN,MADRID,665,151,151,147,97,35,18,89,27,24,14,35,5,56,19,-6.6,-12.6,2021-01-12,24.4,2021-03-31
3194Y,2021-22,POZUELO DE ALARCÓN,MADRID,665,151,151,149,117,55,19,90,45,28,7,28,7,30,12,-4.2,-5.4,2022-01-19,22.4,2022-02-02
3194Y,2022-23,POZUELO DE ALARCÓN,MADRID,665,151,151,143,101,48,26,87,41,37,22,32,13,38,18,-5.3,-7.5,2023-03-01,25.8,2023-03-29
3194Y,2023-24,POZUELO DE ALARCÓN,MADRID,665,152,152,144,100,34,6,89,30,33,19,34,10,58,15,-2.7,-4.1,2024-01-08,26.5,2024-03-22
3194Y,2024-25,POZUELO DE ALARCÓN,MADRID,665,151,151,149,109,48,11,90,43,23,8,38,5,35,10,-3.6,-7.5,2025-01-15,26.3,2025-03-31
3194Y,2025-26,POZUELO DE ALARCÓN,MADRID,665,151,151,147,105,33,5,87,22,26,14,51,8,100,5,-2.7,-5.8,2026-01-06,24.0,2025-11-12
3195,2017-18,"MADRID, RETIRO",MADRID,667,151,151,146,100,13,0,90,12,5,2,34,3,143,3,-0.5,-1.9,2018-02-09,20.8,2018-03-28
3195,2018-19,"MADRID, RETIRO",MADRID,667,151,151,142,79,9,0,90,9,27,9,23,10,111,3,-0.2,-1.8,2019-01-11,23.9,2019-03-16
3195,2019-20,"MADRID, RETIRO",MADRID,667,152,152,138,62,3,0,87,3,17,9,35,6,110,3,1.5,-0.7,2020-01-12,24.0,2020-03-11
3195,2020-21,"MADRID, RETIRO",MADRID,667,151,151,142,51,20,7,89,20,16,4,32,4,99,15,-2.0,-7.4,2021-01-12,23.4,2021-03-31
3195,2021-22,"MADRID, RETIRO",MADRID,667,148,148,146,70,3,0,89,3,3,0,24,1,93,2,0.9,-0.5,2022-01-16,19.5,2022-02-22
3195,2022-23,"MADRID, RETIRO",MADRID,667,146,146,129,63,11,0,87,9,23,12,30,13,99,6,-0.9,-1.8,2023-01-23,25.2,2023-03-29
3195,2023-24,"MADRID, RETIRO",MADRID,667,149,149,125,66,3,0,83,3,16,8,26,9,73,1,1.5,-0.8,2024-01-08,25.5,2024-03-22
3195,2024-25,"MADRID, RETIRO",MADRID,667,151,151,138,67,4,0,89,4,11,2,33,4,75,2,0.9,-1.5,2025-01-15,24.7,2025-03-31
3196,2017-18,"MADRID, CUATRO VIENTOS",MADRID,690,151,151,148,112,23,0,90,21,15,4,32,5,64,6,-1.8,-3.0,2018-02-09,21.0,2018-03-28
3196,2018-19,"MADRID, CUATRO VIENTOS",MADRID,690,151,151,147,95,14,1,90,14,29,14,20,10,78,5,-1.2,-3.4,2019-01-11,24.9,2019-03-16
3196,2019-20,"MADRID, CUATRO VIENTOS",MADRID,690,150,150,140,69,3,0,88,3,20,10,28,7,92,3,0.4,-2.0,2020-01-12,24.8,2020-03-11
3196,2020-21,"MADRID, CUATRO VIENTOS",MADRID,690,151,151,142,65,23,9,88,22,20,10,30,9,68,18,-3.3,-13.0,2021-01-12,24.4,2021-03-31
3196,2021-22,"MADRID, CUATRO VIENTOS",MADRID,690,151,151,149,94,10,0,90,10,16,2,24,3,30,6,-0.6,-1.5,2022-01-16,20.5,2022-02-02
3196,2022-23,"MADRID, CUATRO VIENTOS",MADRID,690,151,151,137,73,21,3,89,18,32,18,26,13,81,10,-2.4,-4.0,2023-03-01,26.0,2023-03-29
3196,2023-24,"MADRID, CUATRO VIENTOS",MADRID,690,152,152,138,77,4,0,88,4,28,11,27,10,64,2,1.0,-1.4,2024-01-08,26.2,2024-03-22
3196,2024-25,"MADRID, CUATRO VIENTOS",MADRID,690,151,151,140,81,11,0,90,10,19,5,33,7,51,4,-0.8,-3.0,2025-01-15,25.0,2025-03-31
3196,2025-26,"MADRID, CUATRO VIENTOS",MADRID,690,149,149,144,78,10,1,87,9,24,11,46,6,100,3,-0.5,-3.5,2026-01-06,24.2,2025-11-12
3200,2017-18,GETAFE,MADRID,620,151,151,148,109,28,3,90,27,15,4,36,5,62,7,-2.7,-3.4,2018-02-24,20.8,2018-03-28
3200,2018-19,GETAFE,MADRID,620,151,151,145,95,20,0,90,20,29,17,20,11,110,11,-1.8,-3.0,2019-01-11,25.0,2019-03-16
3200,2019-20,GETAFE,MADRID,620,152,152,141,76,9,0,88,9,19,10,29,7,92,3,-0.4,-2.8,2020-01-13,25.0,2020-03-12
3200,2020-21,GETAFE,MADRID,620,151,151,141,60,25,12,86,24,21,12,27,9,68,19,-5.3,-12.0,2021-01-12,24.2,2021-03-31
3200,2021-22,GETAFE,MADRID,620,151,151,149,97,13,0,90,13,17,4,24,3,30,9,-0.9,-2.6,2022-01-16,21.4,2022-02-02
3200,2022-23,GETAFE,MADRID,620,151,151,136,72,25,3,88,22,38,20,28,13,42,11,-2.2,-3.8,2023-01-31,26.4,2023-03-29
3200,2023-24,GETAFE,MADRID,620,152,152,136,80,8,0,87,8,30,9,29,10,59,4,-0.1,-2.8,2023-12-27,25.8,2024-03-22
3200,2024-25,GETAFE,MADRID,620,151,151,141,81,22,2,90,22,18,7,31,7,53,6,-1.6,-4.5,2025-01-15,24.5,2025-03-31
3200,2025-26,GETAFE,MADRID,620,151,151,144,69,9,2,87,8,26,13,43,8,100,3,-0.2,-3.9,2026-01-06,24.7,2025-11-12
3209Y,2017-18,BRIHUEGA,GUADALAJARA,835,127,127,127,117,62,21,69,43,6,0,38,2,96,18,-6.6,-8.9,2018-02-08,19.2,2018-03-28
3209Y,2018-19,BRIHUEGA,GUADALAJARA,835,150,150,150,139,75,12,89,59,22,5,25,10,69,24,-3.5,-5.9,2019-02-04,22.7,2019-03-16
3209Y,2019-20,BRIHUEGA,GUADALAJARA,835,150,150,148,117,47,5,89,29,16,7,39,6,53,6,-2.4,-6.3,2020-01-12,24.4,2020-03-12
3209Y,2020-21,BRIHUEGA,GUADALAJARA,835,151,151,150,125,48,26,90,36,12,7,37,4,124,23,-6.2,-11.5,2021-01-12,22.3,2021-03-31
3209Y,2021-22,BRIHUEGA,GUADALAJARA,835,151,151,151,138,65,17,90,50,9,3,25,3,41,20,-4.0,-6.0,2022-01-14,22.5,2022-02-02
3209Y,2022-23,BRIHUEGA,GUADALAJARA,835,150,150,149,114,55,26,89,47,24,5,26,7,60,15,-5.8,-9.1,2023-03-01,23.7,2023-03-29
3209Y,2023-24,BRIHUEGA,GUADALAJARA,835,150,150,149,113,36,6,89,29,21,11,33,9,64,6,-2.9,-5.5,2024-01-12,24.8,2024-03-22
3209Y,2024-25,BRIHUEGA,GUADALAJARA,835,151,151,151,121,58,18,90,49,9,1,43,2,52,12,-3.6,-6.5,2025-01-15,23.0,2025-03-31
3209Y,2025-26,BRIHUEGA,GUADALAJARA,835,151,151,150,134,46,15,90,31,13,6,56,7,100,6,-4.0,-8.2,2026-01-06,22.1,2025-11-12
3229Y,2017-18,TIELMES,MADRID,594,149,149,148,124,71,23,89,53,8,4,5,3,73,10,-5.3,-7.2,2018-02-23,21.7,2018-03-28
3229Y,2018-19,TIELMES,MADRID,594,151,151,149,121,63,19,90,54,28,13,20,10,98,24,-5.0,-7.7,2019-01-11,25.1,2019-03-16
3229Y,2019-20,TIELMES,MADRID,594,151,151,138,94,30,5,84,24,17,10,30,6,57,16,-2.2,-5.1,2020-01-13,26.6,2020-03-12
3229Y,2021-22,TIELMES,MADRID,594,150,150,148,117,51,17,89,44,13,0,12,2,81,13,-4.1,-5.4,2022-01-16,19.5,2022-02-23
3229Y,2022-23,TIELMES,MADRID,594,150,150,136,98,44,25,85,38,32,20,31,13,85,17,-5.8,-7.4,2023-02-28,26.9,2023-03-29
3229Y,2023-24,TIELMES,MADRID,594,152,152,141,102,36,6,87,29,26,10,36,10,65,15,-2.8,-4.8,2024-01-08,26.0,2024-03-22
3229Y,2024-25,TIELMES,MADRID,594,151,151,148,107,42,11,90,40,20,4,30,7,46,8,-3.5,-7.6,2025-01-15,24.6,2025-03-31
3229Y,2025-26,TIELMES,MADRID,594,151,151,145,102,33,8,87,25,25,11,49,8,100,4,-3.0,-7.0,2026-01-06,24.0,2025-11-12
3245Y,2017-18,TEMBLEQUE,TOLEDO,635,151,151,150,126,79,31,90,57,13,5,32,8,122,10,-6.0,-8.7,2018-02-24,22.5,2018-03-28
3245Y,2018-19,TEMBLEQUE,TOLEDO,635,151,151,150,126,84,43,90,70,35,18,6,12,62,27,-7.6,-9.0,2019-01-06,26.4,2019-03-16
3245Y,2019-20,TEMBLEQUE,TOLEDO,635,151,151,144,106,47,18,88,39,23,12,24,8,56,16,-4.3,-7.1,2020-01-13,28.5,2020-03-12
3245Y,2020-21,TEMBLEQUE,TOLEDO,635,150,150,144,102,47,27,88,36,26,14,29,9,67,19,-9.5,-13.6,2021-01-12,24.4,2020-11-02
3245Y,2021-22,TEMBLEQUE,TOLEDO,635,151,151,150,120,69,26,90,56,11,3,23,3,60,24,-6.2,-8.9,2022-01-29,21.6,2022-02-18
3245Y,2022-23,TEMBLEQUE,TOLEDO,635,149,149,142,105,62,36,87,44,43,29,16,13,33,17,-7.8,-9.4,2023-01-31,28.2,2023-03-29
3245Y,2023-24,TEMBLEQUE,TOLEDO,635,152,152,144,108,53,16,88,42,33,19,33,12,54,18,-4.5,-6.1,2023-12-25,26.5,2024-03-19
3245Y,2024-25,TEMBLEQUE,TOLEDO,635,151,151,147,110,56,33,90,52,31,6,27,7,35,13,-7.4,-10.7,2025-01-15,25.2,2025-03-31
3245Y,2025-26,TEMBLEQUE,TOLEDO,635,151,151,146,112,45,13,89,31,27,14,38,7,100,7,-4.0,-6.9,2026-01-07,25.1,2025-11-12
3254Y,2017-18,MORA,TOLEDO,717,124,124,120,100,36,9,90,33,14,4,20,9,60,8,-3.3,-4.9,2018-02-08,22.0,2017-11-01
3254Y,2018-19,MORA,TOLEDO,717,151,151,147,113,31,6,90,31,40,19,13,11,47,19,-2.5,-6.6,2019-01-11,25.6,2019-03-16
3254Y,2019-20,MORA,TOLEDO,717,150,150,143,90,14,0,87,13,22,13,29,6,52,4,-0.8,-2.9,2020-01-13,27.4,2020-03-11
3254Y,2020-21,MORA,TOLEDO,717,151,151,145,83,26,14,88,25,29,11,24,9,64,18,-5.5,-11.0,2021-01-12,25.6,2020-11-02
3254Y,2021-22,MORA,TOLEDO,717,151,151,150,108,20,6,90,19,14,6,24,5,58,9,-2.6,-4.0,2022-01-29,21.1,2022-02-17
3254Y,2022-23,MORA,TOLEDO,717,140,140,128,74,30,10,78,26,44,27,11,13,33,16,-3.6,-5.4,2023-01-25,27.9,2023-03-29
3254Y,2023-24,MORA,TOLEDO,717,152,152,141,93,14,1,89,14,37,23,32,13,58,6,-0.8,-3.9,2023-12-27,26.4,2024-03-22
3254Y,2024-25,MORA,TOLEDO,717,150,150,143,86,28,3,89,27,29,8,31,7,44,7,-2.0,-5.2,2025-01-14,25.1,2025-03-31
3254Y,2025-26,MORA,TOLEDO,717,151,151,147,88,16,3,89,13,29,15,12,8,100,4,-0.8,-3.9,2026-01-06,24.2,2025-11-12
3260B,2017-18,TOLEDO,TOLEDO,513,151,151,148,104,31,6,90,27,19,10,34,9,93,8,-2.8,-4.9,2018-02-24,22.6,2017-11-01
3260B,2018-19,TOLEDO,TOLEDO,513,151,151,143,101,32,5,90,31,48,30,18,12,48,24,-2.9,-4.4,2019-01-07,27.4,2019-03-16
3260B,2019-20,TOLEDO,TOLEDO,513,152,152,138,72,14,2,85,14,30,14,30,7,44,5,-1.1,-3.2,2020-01-12,27.3,2020-03-12
3260B,2020-21,TOLEDO,TOLEDO,513,151,151,137,60,26,13,85,25,34,17,32,10,67,19,-6.7,-13.4,2021-01-12,25.2,2021-03-31
3260B,2021-22,TOLEDO,TOLEDO,513,136,136,130,88,15,3,73,15,25,6,22,5,26,9,-1.9,-4.0,2022-01-19,21.4,2022-02-22
3260B,2022-23,TOLEDO,TOLEDO,513,151,151,130,71,27,4,86,23,47,29,25,24,39,11,-2.7,-4.8,2023-01-31,28.0,2023-03-29
3260B,2023-24,TOLEDO,TOLEDO,513,152,152,133,79,13,0,86,13,39,19,32,10,46,6,-1.2,-2.4,2023-12-27,26.9,2024-03-22
3260B,2024-25,TOLEDO,TOLEDO,513,151,151,136,76,22,3,88,22,39,14,31,11,46,7,-2.3,-5.7,2025-01-15,25.5,2025-03-31
3260B,2025-26,TOLEDO,TOLEDO,513,151,151,144,75,13,1,87,11,34,25,47,10,98,3,-0.8,-3.1,2026-01-07,26.2,2025-11-12
3266A,2017-18,PUERTO ALTO DEL LEÓN,MADRID,1532,149,149,149,142,108,60,89,68,0,0,50,0,64,17,-7.3,-9.9,2018-02-08,14.8,2018-03-28
3266A,2018-19,PUERTO ALTO DEL LEÓN,MADRID,1532,147,147,147,138,70,20,87,45,0,0,30,0,65,8,-4.8,-9.3,2019-01-11,16.9,2019-03-16
3266A,2019-20,PUERTO ALTO DEL LEÓN,MADRID,1532,145,145,145,132,62,14,86,31,1,0,46,1,60,11,-4.0,-9.4,2020-01-20,18.8,2020-03-11
3266A,2020-21,PUERTO ALTO DEL LEÓN,MADRID,1532,150,150,150,136,68,34,90,52,0,0,36,0,148,28,-7.4,-9.6,2021-01-11,16.8,2020-11-18
3266A,2022-23,PUERTO ALTO DEL LEÓN,MADRID,1532,132,132,132,120,59,33,71,44,1,0,40,1,82,12,-7.3,-9.2,2023-03-01,18.0,2023-03-29
3266A,2023-24,PUERTO ALTO DEL LEÓN,MADRID,1532,152,152,149,129,64,23,90,40,3,0,41,2,85,20,-4.4,-6.3,2024-01-19,18.8,2024-03-22
3266A,2024-25,PUERTO ALTO DEL LEÓN,MADRID,1532,151,151,151,135,77,26,90,53,0,0,48,0,151,12,-4.0,-6.6,2025-01-13,17.3,2025-03-31
3266A,2025-26,PUERTO ALTO DEL LEÓN,MADRID,1532,150,150,150,142,90,35,90,63,0,0,51,0,143,37,-5.3,-9.1,2026-01-05,15.3,2026-02-22
3268C,2017-18,ALPEDRETE,MADRID,924,135,135,133,111,38,7,89,35,12,3,41,7,60,6,-2.8,-5.5,2018-02-23,20.8,2017-11-16
3268C,2018-19,ALPEDRETE,MADRID,924,151,151,149,118,24,0,90,20,38,12,29,8,31,5,-1.4,-2.8,2019-01-12,24.7,2019-03-15
3268C,2019-20,ALPEDRETE,MADRID,924,151,151,145,102,14,1,89,10,27,12,39,6,52,4,-0.6,-3.8,2020-01-14,25.9,2020-03-11
3268C,2020-21,ALPEDRETE,MADRID,924,138,138,136,89,14,3,76,11,20,8,40,5,46,4,-1.5,-7.8,2021-01-12,23.5,2020-11-19
3268C,2021-22,ALPEDRETE,MADRID,924,151,151,150,117,23,1,90,20,22,9,33,4,29,11,-1.2,-3.4,2022-01-15,22.9,2022-02-02
3268C,2022-23,ALPEDRETE,MADRID,924,151,151,148,94,28,5,89,24,26,15,32,5,77,6,-2.2,-4.6,2023-01-30,24.1,2023-03-29
3268C,2023-24,ALPEDRETE,MADRID,924,151,151,145,94,16,0,91,15,35,19,37,9,58,4,-0.6,-3.0,2024-01-12,26.5,2024-03-22
3268C,2024-25,ALPEDRETE,MADRID,924,151,151,147,102,24,1,89,23,18,7,35,4,52,5,-1.4,-3.1,2025-01-14,25.2,2025-03-31
3268C,2025-26,ALPEDRETE,MADRID,924,149,149,147,103,16,0,89,15,22,12,50,7,100,4,-1.3,-2.6,2026-01-07,22.3,2026-03-17
3298X,2017-18,SAN PABLO DE LOS MONTES,TOLEDO,917,146,146,141,109,24,3,90,20,7,3,42,3,124,8,-2.4,-4.8,2018-02-08,20.5,2018-03-28
3298X,2018-19,SAN PABLO DE LOS MONTES,TOLEDO,917,151,151,148,93,8,0,90,6,17,3,25,3,77,3,-0.2,-2.8,2019-01-11,22.8,2019-03-16
3298X,2019-20,SAN PABLO DE LOS MONTES,TOLEDO,917,138,138,135,70,9,1,91,3,12,7,34,5,43,2,-0.2,-3.2,2020-01-20,25.2,2020-03-11
3298X,2023-24,SAN PABLO DE LOS MONTES,TOLEDO,917,152,152,133,79,6,0,86,6,26,10,44,9,59,3,0.4,-1.0,2024-01-12,24.4,2024-03-22
3305Y,2017-18,NAVAHERMOSA,TOLEDO,750,151,151,144,113,33,5,88,30,19,6,39,9,57,8,-2.7,-4.6,2018-02-08,21.1,2018-03-28
3305Y,2018-19,NAVAHERMOSA,TOLEDO,750,123,123,119,81,21,1,63,20,37,21,15,11,37,4,-1.9,-4.1,2019-01-11,24.6,2019-03-16
3305Y,2019-20,NAVAHERMOSA,TOLEDO,750,151,151,136,84,10,0,85,9,26,13,32,8,41,4,-0.4,-2.0,2020-01-13,26.3,2020-03-11
3305Y,2020-21,NAVAHERMOSA,TOLEDO,750,150,150,143,77,26,11,87,24,22,11,29,9,68,15,-4.3,-8.7,2021-01-12,25.0,2021-03-31
3305Y,2021-22,NAVAHERMOSA,TOLEDO,750,150,150,149,107,21,2,88,20,19,5,25,5,26,9,-2.2,-4.8,2022-01-22,21.0,2022-02-02
3305Y,2022-23,NAVAHERMOSA,TOLEDO,750,135,135,116,66,26,11,71,22,31,18,24,9,33,14,-3.7,-5.6,2023-01-25,27.0,2023-03-29
3305Y,2023-24,NAVAHERMOSA,TOLEDO,750,152,152,138,84,11,0,86,10,32,21,29,10,58,5,-0.9,-2.8,2024-01-08,26.3,2024-03-22
3305Y,2024-25,NAVAHERMOSA,TOLEDO,750,151,151,146,85,25,1,88,24,32,6,35,7,34,6,-1.6,-5.2,2025-01-14,24.2,2025-03-31
3305Y,2025-26,NAVAHERMOSA,TOLEDO,750,151,151,144,89,15,2,87,13,27,10,47,8,100,4,-1.1,-4.1,2026-01-07,23.0,2025-11-12
3319D,2017-18,PUERTO DEL PICO,AVILA,1285,135,136,135,125,107,75,85,70,3,0,38,2,56,14,-10.4,-14.7,2018-01-09,19.7,2018-01-22
3319D,2018-19,PUERTO DEL PICO,AVILA,1285,151,151,151,146,121,95,90,82,8,0,32,2,67,35,-9.2,-10.4,2019-01-18,19.9,2019-03-10
3319D,2019-20,PUERTO DEL PICO,AVILA,1285,150,152,149,143,91,53,89,65,11,3,51,3,58,19,-7.0,-9.4,2020-01-14,21.7,2020-03-10
3319D,2020-21,PUERTO DEL PICO,AVILA,1285,151,151,151,140,96,54,90,56,4,2,45,1,130,28,-9.6,-16.5,2021-01-12,21.1,2020-11-18
3319D,2021-22,PUERTO DEL PICO,AVILA,1285,151,151,151,145,112,77,90,69,2,0,36,1,93,33,-9.3,-11.7,2022-01-15,18.8,2022-02-02
3319D,2022-23,PUERTO DEL PICO,AVILA,1285,148,148,148,136,95,67,89,61,3,0,41,2,96,26,-9.9,-11.9,2023-01-30,19.9,2023-03-29
3319D,2023-24,PUERTO DEL PICO,AVILA,1285,152,152,152,141,98,48,91,67,13,3,36,5,67,18,-7.5,-10.7,2024-01-08,22.7,2024-03-22
3319D,2024-25,PUERTO DEL PICO,AVILA,1285,151,151,151,142,90,49,90,63,3,1,51,2,132,16,-8.6,-12.3,2025-01-14,20.3,2025-03-31
3319D,2025-26,PUERTO DEL PICO,AVILA,1285,151,151,151,147,102,49,90,62,2,0,54,1,114,14,-5.5,-8.2,2025-11-22,18.2,2026-02-23
3330Y,2017-18,ROZAS DE PUERTO REAL,MADRID,890,151,151,151,124,29,2,90,24,5,0,39,2,129,5,-1.8,-4.8,2018-02-23,18.7,2017-11-16
3330Y,2019-20,ROZAS DE PUERTO REAL,MADRID,890,151,151,145,96,7,0,90,4,9,3,38,5,57,2,0.1,-1.9,2020-01-14,23.1,2020-03-11
3330Y,2020-21,ROZAS DE PUERTO REAL,MADRID,890,151,151,147,93,23,7,90,22,4,2,40,1,129,12,-2.8,-5.0,2021-01-12,20.1,2021-03-31
3330Y,2021-22,ROZAS DE PUERTO REAL,MADRID,890,151,151,151,108,12,0,90,11,2,1,24,1,93,6,-0.8,-1.7,2022-01-15,20.2,2022-02-02
3330Y,2022-23,ROZAS DE PUERTO REAL,MADRID,890,146,146,143,83,19,3,85,15,11,2,36,4,40,10,-1.7,-4.0,2023-02-28,22.3,2023-03-29
3330Y,2023-24,ROZAS DE PUERTO REAL,MADRID,890,149,149,141,83,7,0,88,6,14,4,42,8,50,2,0.0,-2.7,2024-01-12,22.0,2024-03-22
3330Y,2024-25,ROZAS DE PUERTO REAL,MADRID,890,151,151,147,92,9,0,90,8,5,1,44,1,114,3,-0.1,-2.3,2025-01-14,21.0,2025-03-31
3330Y,2025-26,ROZAS DE PUERTO REAL,MADRID,890,151,151,149,93,17,0,89,15,9,2,61,5,101,5,-0.7,-2.8,2026-01-07,20.1,2026-02-23
3337U,2017-18,CEBREROS,AVILA,850,120,120,118,95,27,4,89,25,12,4,19,6,62,5,-2.3,-4.2,2018-01-09,21.1,2017-11-17
3337U,2018-19,CEBREROS,AVILA,850,151,151,147,111,11,0,90,8,30,13,23,10,52,3,-0.2,-1.7,2019-01-11,24.4,2019-03-15
3337U,2019-20,CEBREROS,AVILA,850,145,133,140,93,7,1,89,6,21,15,43,6,23,4,0.0,-3.2,2020-01-14,25.1,2020-03-11
3337U,2020-21,CEBREROS,AVILA,850,145,146,143,94,18,7,89,17,17,4,36,5,67,11,-2.0,-5.8,2021-01-06,21.3,2021-03-31
3337U,2021-22,CEBREROS,AVILA,850,151,151,151,103,13,0,90,12,12,2,29,3,31,6,-0.7,-2.5,2022-01-15,21.2,2022-02-22
3337U,2022-23,CEBREROS,AVILA,850,146,146,141,81,22,1,85,18,27,16,26,12,70,8,-1.4,-3.4,2023-01-30,25.4,2023-03-29
3337U,2023-24,CEBREROS,AVILA,850,152,152,148,82,8,0,91,8,32,16,35,11,59,3,-0.0,-2.8,2024-01-12,25.1,2024-03-22
3337U,2024-25,CEBREROS,AVILA,850,151,151,148,93,8,1,90,7,14,3,37,4,55,2,-0.1,-3.1,2025-01-14,23.0,2025-03-31
3337U,2025-26,CEBREROS,AVILA,850,132,132,131,95,18,1,77,17,10,4,43,2,95,4,-0.7,-3.1,2026-01-05,21.8,2026-03-25
3338,2017-18,ROBLEDO DE CHAVELA,MADRID,770,151,151,150,121,36,9,90,33,8,1,35,3,128,6,-3.4,-5.8,2018-02-23,20.1,2018-03-28
3338,2018-19,ROBLEDO DE CHAVELA,MADRID,770,126,126,126,106,20,2,90,18,19,6,11,10,76,4,-1.8,-3.6,2019-01-11,23.1,2019-03-10
3338,2019-20,ROBLEDO DE CHAVELA,MADRID,770,151,151,144,93,15,3,90,12,15,8,16,6,51,4,-0.6,-3.9,2020-01-12,23.9,2020-03-11
3338,2020-21,ROBLEDO DE CHAVELA,MADRID,770,151,151,148,97,29,12,88,26,16,4,30,4,68,18,-4.2,-8.7,2021-01-12,22.3,2021-03-31
3338,2021-22,ROBLEDO DE CHAVELA,MADRID,770,147,147,146,106,16,2,86,12,7,1,5,2,46,7,-0.8,-3.2,2022-01-15,20.6,2022-02-02
3338,2022-23,ROBLEDO DE CHAVELA,MADRID,770,141,141,137,85,24,6,86,20,19,9,27,7,48,6,-2.7,-3.8,2023-01-24,24.3,2023-03-29
3343Y,2018-19,VALDEMORILLO,MADRID,884,151,151,147,105,7,1,90,7,22,6,23,10,74,4,0.1,-3.3,2019-01-11,23.0,2019-03-16
3343Y,2019-20,VALDEMORILLO,MADRID,884,151,151,146,87,6,0,90,6,14,7,34,6,57,4,0.1,-2.8,2020-01-14,24.7,2020-03-11
3343Y,2021-22,VALDEMORILLO,MADRID,884,151,151,151,104,14,0,90,12,6,2,24,1,37,5,-0.8,-2.1,2022-01-16,20.3,2022-02-22
3343Y,2022-23,VALDEMORILLO,MADRID,884,151,151,144,80,18,4,89,14,19,9,30,7,127,6,-2.0,-4.6,2023-03-01,23.8,2023-03-29
3343Y,2023-24,VALDEMORILLO,MADRID,884,151,151,142,85,6,0,90,6,21,9,38,8,64,2,0.6,-1.9,2024-01-12,24.3,2024-03-22
3343Y,2024-25,VALDEMORILLO,MADRID,884,150,150,143,89,9,0,90,8,7,1,35,2,129,3,-0.3,-2.5,2025-01-15,23.6,2025-03-31
3343Y,2025-26,VALDEMORILLO,MADRID,884,151,151,149,90,12,0,89,11,14,6,48,6,101,4,-0.4,-1.8,2025-12-22,22.2,2025-11-12
3362Y,2017-18,CASTILLO DE BAYUELA,TOLEDO,560,150,150,146,96,20,0,89,19,16,6,39,7,75,4,-1.2,-2.6,2018-02-23,21.1,2018-03-27
3362Y,2018-19,CASTILLO DE BAYUELA,TOLEDO,560,151,151,144,83,9,0,90,9,35,18,26,11,49,3,-0.7,-2.4,2019-01-11,25.1,2019-03-16
3362Y,2019-20,CASTILLO DE BAYUELA,TOLEDO,560,151,151,138,61,5,0,86,5,19,10,47,7,52,3,0.7,-1.4,2020-01-12,25.6,2020-03-12
3362Y,2020-21,CASTILLO DE BAYUELA,TOLEDO,560,149,149,138,53,23,6,88,22,19,10,41,9,91,10,-2.3,-6.0,2021-01-13,23.8,2021-03-31
3362Y,2021-22,CASTILLO DE BAYUELA,TOLEDO,560,151,151,145,70,3,0,88,3,16,1,30,4,47,2,0.6,-0.9,2022-01-16,20.4,2022-02-22
3362Y,2022-23,CASTILLO DE BAYUELA,TOLEDO,560,137,137,113,54,8,0,70,5,29,19,25,7,71,4,-0.2,-3.0,2023-02-28,26.2,2023-03-29
3362Y,2023-24,CASTILLO DE BAYUELA,TOLEDO,560,152,152,131,75,4,0,84,4,26,12,42,10,64,3,1.0,-2.6,2023-12-27,25.0,2024-03-22
3362Y,2024-25,CASTILLO DE BAYUELA,TOLEDO,560,151,151,135,65,6,0,89,6,21,6,40,7,68,2,0.2,-2.8,2025-01-15,23.9,2025-03-31
3362Y,2025-26,CASTILLO DE BAYUELA,TOLEDO,560,151,151,144,65,5,0,86,4,28,13,55,8,100,2,0.5,-2.0,2026-01-07,22.4,2026-03-25
3365A,2018-19,TALAVERA DE LA REINA,TOLEDO,372,151,151,141,112,30,4,90,30,42,25,7,12,67,20,-2.8,-3.7,2019-01-06,26.6,2019-03-16
3365A,2019-20,TALAVERA DE LA REINA,TOLEDO,372,149,149,135,80,14,0,85,11,27,15,29,7,56,4,-1.2,-3.0,2020-01-12,27.3,2020-03-12
3365A,2020-21,TALAVERA DE LA REINA,TOLEDO,372,147,147,133,72,30,15,80,27,29,14,28,10,58,10,-4.6,-7.4,2021-01-13,25.7,2021-03-31
3365A,2021-22,TALAVERA DE LA REINA,TOLEDO,372,133,133,127,99,30,3,78,29,31,10,21,8,47,12,-2.5,-3.4,2022-01-08,21.6,2022-02-22
3365A,2023-24,TALAVERA DE LA REINA,TOLEDO,372,152,152,134,91,14,0,86,13,30,16,18,11,66,5,-0.8,-2.2,2023-12-21,25.9,2024-03-22
3365A,2024-25,TALAVERA DE LA REINA,TOLEDO,372,151,151,137,85,24,3,90,24,36,13,36,7,34,7,-2.1,-6.1,2025-01-15,24.8,2025-03-31
3365A,2025-26,TALAVERA DE LA REINA,TOLEDO,372,136,136,128,67,13,2,75,11,34,21,46,8,47,3,-0.9,-4.8,2026-01-07,24.0,2026-03-31
3386A,2017-18,NAVALVILLAR DE IBOR,CACERES,923,150,150,147,105,20,0,89,16,10,0,48,6,104,4,-1.2,-2.7,2018-02-09,19.0,2017-11-01
3386A,2018-19,NAVALVILLAR DE IBOR,CACERES,923,151,151,149,82,6,0,90,6,14,2,29,3,80,3,0.3,-2.5,2019-02-03,22.3,2019-03-16
3386A,2019-20,NAVALVILLAR DE IBOR,CACERES,923,152,152,145,72,2,0,90,1,13,6,51,6,94,1,0.7,-0.7,2019-11-16,23.9,2020-03-12
3386A,2020-21,NAVALVILLAR DE IBOR,CACERES,923,151,151,139,57,19,4,89,19,12,4,46,4,123,14,-2.1,-3.7,2021-01-12,22.1,2021-03-31
3386A,2021-22,NAVALVILLAR DE IBOR,CACERES,923,151,151,151,73,4,0,90,1,2,0,33,1,84,2,0.4,-2.8,2021-11-28,19.0,2022-02-02
3386A,2022-23,NAVALVILLAR DE IBOR,CACERES,923,151,151,141,68,19,0,88,17,16,6,44,6,98,10,-0.9,-2.9,2023-02-28,24.0,2023-03-29
3386A,2023-24,NAVALVILLAR DE IBOR,CACERES,923,152,152,135,70,5,0,87,3,23,9,47,9,65,1,0.8,-0.7,2024-03-01,24.8,2024-03-22
3386A,2024-25,NAVALVILLAR DE IBOR,CACERES,923,151,151,141,72,2,0,89,2,12,2,47,4,117,1,1.0,-0.9,2024-12-09,22.9,2025-03-31
3386A,2025-26,NAVALVILLAR DE IBOR,CACERES,923,151,151,148,79,16,0,89,14,13,4,59,5,108,4,-0.3,-2.6,2026-01-07,21.1,2026-02-23
3391,2017-18,SOTILLO DE LA ADRADA,AVILA,630,137,137,136,98,25,5,89,23,13,7,33,7,59,7,-2.7,-4.3,2018-02-09,22.2,2018-03-27
3391,2018-19,SOTILLO DE LA ADRADA,AVILA,630,131,132,124,89,15,1,86,15,39,20,24,11,16,4,-1.2,-3.1,2019-02-04,23.8,2019-03-25
3391,2020-21,SOTILLO DE LA ADRADA,AVILA,630,147,148,138,72,25,10,87,23,29,16,38,10,85,10,-3.6,-6.3,2021-01-12,25.3,2021-03-31
3391,2021-22,SOTILLO DE LA ADRADA,AVILA,630,132,133,129,78,11,0,72,10,32,12,24,7,26,3,-0.6,-1.9,2022-01-15,23.2,2022-02-22
3391,2022-23,SOTILLO DE LA ADRADA,AVILA,630,129,130,114,59,13,0,72,10,32,20,4,7,27,4,-1.6,-3.0,2023-01-31,26.2,2023-03-29
3391,2023-24,SOTILLO DE LA ADRADA,AVILA,630,132,133,123,71,8,0,74,7,39,25,30,10,20,2,-0.2,-2.6,2024-01-08,27.6,2024-03-22
3391,2025-26,SOTILLO DE LA ADRADA,AVILA,630,131,131,125,65,13,1,80,12,21,14,41,8,87,3,-0.6,-3.8,2026-01-07,24.1,2026-03-17
3422D,2017-18,CANDELEDA,AVILA,350,151,151,145,102,30,4,88,29,29,13,23,10,78,7,-2.3,-3.3,2018-02-09,24.6,2018-03-27
3422D,2018-19,CANDELEDA,AVILA,350,151,151,142,101,26,1,90,26,57,41,27,24,23,22,-2.3,-4.3,2019-01-07,25.8,2019-03-16
3422D,2019-20,CANDELEDA,AVILA,350,152,152,138,74,13,0,85,12,49,23,42,11,35,6,-0.5,-3.0,2020-01-14,27.8,2020-03-12
3422D,2020-21,CANDELEDA,AVILA,350,151,151,133,69,25,13,85,24,50,29,40,10,36,10,-3.8,-5.8,2021-01-14,24.7,2021-03-17
3422D,2021-22,CANDELEDA,AVILA,350,149,149,137,97,16,0,84,16,51,23,29,10,17,9,-1.2,-2.9,2022-01-19,22.6,2022-02-02
3422D,2022-23,CANDELEDA,AVILA,350,150,150,135,67,27,4,84,23,47,28,42,14,30,14,-2.5,-3.9,2023-03-02,27.5,2023-03-28
3422D,2023-24,CANDELEDA,AVILA,350,152,152,134,71,9,0,86,9,52,29,39,15,47,4,-0.2,-2.0,2024-01-08,28.1,2024-03-22
3422D,2024-25,CANDELEDA,AVILA,350,151,151,130,73,16,2,89,16,55,25,43,12,21,4,-0.9,-4.7,2025-01-15,27.3,2025-03-31
3422D,2025-26,CANDELEDA,AVILA,350,151,151,139,70,11,0,87,9,37,27,60,9,64,2,-0.1,-2.9,2026-01-07,25.4,2026-03-31
3423I,2017-18,MADRIGAL DE LA VERA,CACERES,464,151,151,147,90,9,0,90,9,23,7,26,9,78,3,-0.6,-2.0,2018-02-08,22.7,2018-03-27
3423I,2018-19,MADRIGAL DE LA VERA,CACERES,464,151,151,138,67,3,0,89,3,40,25,29,11,67,2,0.3,-2.1,2019-01-18,25.2,2019-03-16
3423I,2019-20,MADRIGAL DE LA VERA,CACERES,464,152,152,136,41,2,0,85,2,29,16,47,7,81,2,2.0,-1.1,2020-01-03,26.9,2020-03-12
3423I,2020-21,MADRIGAL DE LA VERA,CACERES,464,147,147,129,40,19,3,82,19,35,11,43,10,63,7,-1.7,-4.0,2021-01-13,24.8,2021-03-31
3423I,2021-22,MADRIGAL DE LA VERA,CACERES,464,151,151,141,55,0,0,87,0,22,3,28,3,31,0,1.8,0.4,2022-01-22,21.1,2022-02-23
3423I,2022-23,MADRIGAL DE LA VERA,CACERES,464,151,151,129,52,11,0,84,9,36,22,42,13,40,4,-0.9,-1.9,2023-01-23,26.5,2023-03-29
3423I,2023-24,MADRIGAL DE LA VERA,CACERES,464,148,148,123,54,2,0,81,2,34,16,41,10,64,2,1.7,-1.7,2023-12-27,26.8,2024-03-22
3423I,2024-25,MADRIGAL DE LA VERA,CACERES,464,151,151,126,54,3,0,85,3,31,13,49,11,56,3,1.6,-1.7,2025-01-15,26.0,2025-03-31
3423I,2025-26,MADRIGAL DE LA VERA,CACERES,464,150,150,140,52,2,0,85,2,34,18,57,9,99,2,1.2,-1.0,2026-01-07,25.4,2026-03-31
3427Y,2017-18,OROPESA,TOLEDO,345,151,151,145,118,75,32,87,55,30,12,39,10,44,10,-6.0,-8.2,2018-02-24,22.8,2017-11-01
3427Y,2019-20,OROPESA,TOLEDO,345,150,150,132,86,32,8,82,23,29,16,33,7,45,14,-3.2,-5.3,2020-01-12,26.9,2020-03-12
3427Y,2020-21,OROPESA,TOLEDO,345,151,151,139,81,40,22,87,30,33,17,10,10,85,10,-7.0,-8.8,2021-01-12,25.1,2021-03-31
3427Y,2021-22,OROPESA,TOLEDO,345,151,151,145,110,68,16,88,51,29,7,0,8,31,14,-4.2,-6.3,2022-01-19,21.8,2022-02-22
3427Y,2022-23,OROPESA,TOLEDO,345,150,150,134,88,40,27,84,31,41,21,0,14,29,16,-5.5,-7.3,2023-01-31,26.4,2023-03-29
3427Y,2023-24,OROPESA,TOLEDO,345,152,152,138,95,32,6,86,26,37,18,35,11,62,13,-2.6,-4.2,2024-01-08,25.8,2024-03-22
3427Y,2024-25,OROPESA,TOLEDO,345,149,149,143,86,43,15,89,40,38,14,38,12,34,7,-4.6,-8.5,2025-01-15,25.9,2025-03-31
3427Y,2025-26,OROPESA,TOLEDO,345,151,151,142,81,36,5,86,25,36,22,57,10,100,8,-2.5,-6.1,2026-01-07,24.7,2026-02-23
3434X,2017-18,NAVALMORAL DE LA MATA,CACERES,269,151,151,145,100,49,17,88,39,32,10,39,10,27,8,-4.0,-5.6,2018-02-08,24.3,2018-03-27
3434X,2018-19,NAVALMORAL DE LA MATA,CACERES,269,151,151,139,95,32,9,89,31,46,30,28,12,49,17,-3.2,-5.0,2019-01-08,25.9,2019-03-16
3434X,2019-20,NAVALMORAL DE LA MATA,CACERES,269,152,152,128,63,16,3,80,14,38,19,46,9,41,11,-1.6,-4.3,2020-01-12,26.5,2020-03-12
3434X,2020-21,NAVALMORAL DE LA MATA,CACERES,269,147,147,122,62,27,13,76,24,35,12,42,10,63,10,-5.2,-7.1,2021-01-14,25.0,2021-03-31
3434X,2021-22,NAVALMORAL DE LA MATA,CACERES,269,151,151,136,95,28,1,83,23,32,8,29,8,35,9,-1.6,-4.8,2022-01-20,20.8,2022-02-22
3434X,2022-23,NAVALMORAL DE LA MATA,CACERES,269,151,151,125,71,28,13,81,23,45,26,35,24,30,16,-3.8,-5.7,2023-02-28,27.8,2023-03-29
3434X,2023-24,NAVALMORAL DE LA MATA,CACERES,269,152,152,125,63,15,0,81,13,40,19,36,14,64,8,-0.6,-2.6,2024-01-08,25.8,2024-03-22
3434X,2024-25,NAVALMORAL DE LA MATA,CACERES,269,150,150,133,72,22,10,89,22,43,19,41,8,34,7,-3.4,-6.7,2025-01-15,25.3,2025-03-31
3434X,2025-26,NAVALMORAL DE LA MATA,CACERES,269,151,151,136,68,18,2,85,11,39,28,61,10,98,4,-1.8,-4.5,2026-01-06,25.9,2026-03-31
3436D,2017-18,GARGANTA LA OLLA,CACERES,690,149,149,143,80,6,0,88,6,6,2,46,2,118,3,0.4,-1.8,2018-02-08,21.4,2018-03-27
3436D,2018-19,GARGANTA LA OLLA,CACERES,690,151,151,136,40,1,0,87,1,21,8,32,4,110,1,2.2,-0.3,2019-01-11,22.7,2019-03-16
3436D,2019-20,GARGANTA LA OLLA,CACERES,690,152,152,133,39,0,0,83,0,17,7,57,7,56,0,2.4,0.2,2020-01-20,24.1,2020-03-12
3436D,2020-21,GARGANTA LA OLLA,CACERES,690,151,151,134,42,10,0,87,10,14,2,47,4,111,7,-0.3,-2.3,2021-01-13,22.6,2021-03-31
3436D,2021-22,GARGANTA LA OLLA,CACERES,690,151,151,147,45,0,0,88,0,5,0,34,2,61,0,2.2,1.0,2022-01-22,18.9,2022-01-01
3436D,2022-23,GARGANTA LA OLLA,CACERES,690,151,151,131,50,9,0,88,8,19,10,48,7,127,3,-0.2,-2.9,2023-03-01,24.3,2023-03-29
3436D,2023-24,GARGANTA LA OLLA,CACERES,690,152,152,129,62,0,0,83,0,26,14,49,10,65,0,1.7,0.6,2024-01-08,24.4,2024-03-22
3436D,2024-25,GARGANTA LA OLLA,CACERES,690,151,151,133,63,1,0,88,1,18,4,49,6,73,1,1.9,-1.5,2025-01-14,23.2,2025-03-31
3436D,2025-26,GARGANTA LA OLLA,CACERES,690,151,151,144,61,1,0,86,1,21,7,60,6,108,1,0.9,-0.9,2026-01-08,23.1,2026-03-31
3448X,2017-18,SERRADILLA,CACERES,406,151,151,141,74,5,0,88,5,17,6,39,4,122,2,0.6,-1.3,2018-02-09,22.4,2017-11-01
3448X,2018-19,SERRADILLA,CACERES,406,151,151,137,55,5,0,89,5,29,16,27,10,110,3,0.3,-2.3,2019-01-06,24.3,2019-03-16
3448X,2019-20,SERRADILLA,CACERES,406,152,152,131,35,0,0,81,0,20,10,45,7,99,0,2.3,0.0,2020-01-12,25.5,2020-03-12
3448X,2021-22,SERRADILLA,CACERES,406,151,151,141,47,0,0,86,0,13,1,27,3,77,0,2.2,0.5,2022-01-31,20.2,2021-11-08
3448X,2022-23,SERRADILLA,CACERES,406,151,151,121,49,4,0,80,4,29,19,37,13,115,1,0.4,-1.6,2023-01-31,27.4,2023-03-29
3448X,2023-24,SERRADILLA,CACERES,406,152,152,120,45,0,0,81,0,23,12,41,11,85,0,1.6,0.2,2023-12-24,23.5,2024-03-22
3448X,2024-25,SERRADILLA,CACERES,406,151,151,126,43,4,0,86,4,18,7,43,6,89,3,1.4,-3.0,2025-01-15,24.1,2025-03-31
3448X,2025-26,SERRADILLA,CACERES,406,151,151,132,41,1,0,85,1,27,13,50,7,100,1,1.7,-0.2,2026-01-07,23.9,2026-03-25
3455X,2017-18,JARAICEJO,CACERES,559,151,151,140,77,9,0,88,9,19,7,43,9,122,4,-0.5,-2.7,2018-02-08,22.3,2017-11-01
3455X,2018-19,JARAICEJO,CACERES,559,151,151,142,51,2,0,88,2,31,14,27,9,72,1,1.8,-1.1,2019-01-18,23.9,2019-03-16
3455X,2019-20,JARAICEJO,CACERES,559,152,152,132,40,1,0,81,0,21,11,40,7,41,1,2.8,-0.2,2019-11-16,24.3,2020-03-11
3455X,2020-21,JARAICEJO,CACERES,559,151,151,131,45,13,0,86,13,24,9,41,6,95,5,-0.8,-2.2,2021-01-03,23.2,2021-03-31
3455X,2021-22,JARAICEJO,CACERES,559,151,151,142,55,1,0,83,0,15,1,30,3,45,1,1.8,-0.1,2021-11-28,20.3,2022-01-01
3455X,2022-23,JARAICEJO,CACERES,559,149,149,120,50,9,0,78,7,28,17,36,7,71,4,-0.3,-2.0,2023-01-26,25.6,2023-03-29
3455X,2023-24,JARAICEJO,CACERES,559,152,152,117,52,1,0,77,1,28,15,49,10,64,1,1.9,-0.7,2023-12-27,23.2,2024-03-17
3455X,2024-25,JARAICEJO,CACERES,559,151,151,127,54,1,0,87,1,25,13,42,11,79,1,1.5,-0.3,2024-12-09,23.9,2025-03-31
3455X,2025-26,JARAICEJO,CACERES,559,151,151,141,57,4,0,84,4,30,13,53,8,100,3,0.8,-2.1,2026-01-06,23.3,2026-03-31
3463X,2017-18,TRUJILLO,CACERES,503,124,124,115,73,14,0,72,14,18,8,39,6,28,4,-0.5,-2.7,2018-02-07,22.7,2017-11-01
3463X,2018-19,TRUJILLO,CACERES,503,138,138,138,76,11,0,80,11,35,15,24,11,28,3,-1.0,-2.7,2019-01-18,24.7,2019-03-16
3463Y,2019-20,TRUJILLO,CACERES,523,131,131,115,30,0,0,65,0,25,12,35,7,37,0,2.7,1.4,2019-11-16,26.1,2020-03-11
3463Y,2020-21,TRUJILLO,CACERES,523,151,151,129,42,14,0,86,14,29,16,39,7,84,7,-0.8,-2.1,2021-01-06,26.6,2021-03-31
3463Y,2021-22,TRUJILLO,CACERES,523,151,151,142,62,0,0,83,0,23,5,27,5,29,0,1.6,0.5,2022-01-14,21.1,2022-02-02
3463Y,2022-23,TRUJILLO,CACERES,523,151,151,119,52,13,0,80,11,32,20,37,13,54,8,-0.9,-2.9,2023-03-01,26.2,2023-03-29
3463Y,2023-24,TRUJILLO,CACERES,523,152,152,114,50,0,0,76,0,31,18,43,10,64,0,2.2,0.5,2023-12-26,25.9,2024-03-22
3463Y,2024-25,TRUJILLO,CACERES,523,151,151,123,46,1,0,84,1,28,14,39,11,79,1,1.9,-0.2,2025-01-14,23.8,2025-03-31
3463Y,2025-26,TRUJILLO,CACERES,523,150,150,133,52,3,0,80,3,29,16,52,8,76,3,1.3,-1.7,2026-01-06,23.0,2026-03-31
3469A,2017-18,CÁCERES,CACERES,394,151,151,136,84,13,1,83,13,22,13,41,10,83,4,-0.8,-3.1,2018-02-24,23.2,2017-11-01
3469A,2018-19,CÁCERES,CACERES,394,151,151,137,74,12,0,89,12,42,20,23,11,47,6,-0.8,-2.6,2019-02-04,24.9,2019-03-16
3469A,2019-20,CÁCERES,CACERES,394,152,152,123,45,3,0,76,3,24,11,36,7,80,2,0.9,-1.0,2020-01-12,24.8,2020-03-12
3469A,2020-21,CÁCERES,CACERES,394,151,151,124,50,15,3,80,15,33,12,36,10,85,10,-1.9,-4.6,2021-01-12,25.7,2021-03-31
3469A,2021-22,CÁCERES,CACERES,394,151,151,139,69,4,0,83,4,27,4,27,3,29,3,1.1,-1.1,2022-01-22,20.8,2022-02-22
3469A,2022-23,CÁCERES,CACERES,394,151,151,118,54,15,0,76,12,33,21,35,13,49,5,-1.1,-2.2,2023-01-31,27.1,2023-03-29
3469A,2023-24,CÁCERES,CACERES,394,152,152,120,52,4,0,79,4,30,17,39,10,64,3,0.9,-0.8,2023-12-25,25.5,2024-03-22
3469A,2024-25,CÁCERES,CACERES,394,151,151,123,46,5,0,82,5,33,17,42,11,35,3,0.2,-2.5,2025-01-15,24.3,2025-03-31
3469A,2025-26,CÁCERES,CACERES,394,151,151,132,46,2,0,82,2,33,19,48,7,99,1,1.1,-1.1,2025-12-27,24.4,2026-03-31
3475X,2017-18,CAÑAVERAL,CACERES,373,151,151,135,65,1,0,84,1,21,14,42,10,64,1,1.4,-0.5,2018-01-15,22.7,2017-11-01
3475X,2018-19,CAÑAVERAL,CACERES,373,151,151,129,47,7,1,86,7,40,23,25,11,47,3,0.1,-3.6,2019-01-06,24.8,2019-03-16
3475X,2019-20,CAÑAVERAL,CACERES,373,152,152,124,29,0,0,79,0,29,15,41,7,37,0,1.7,0.0,2020-01-12,25.6,2020-03-12
3475X,2020-21,CAÑAVERAL,CACERES,373,151,151,120,37,9,0,81,9,30,13,43,10,67,6,-1.2,-3.0,2021-01-05,23.5,2021-03-31
3475X,2021-22,CAÑAVERAL,CACERES,373,151,151,135,27,1,0,84,1,23,4,27,3,28,1,2.3,-0.1,2022-01-19,20.9,2021-11-09
3475X,2022-23,CAÑAVERAL,CACERES,373,151,151,105,40,3,0,71,2,35,20,39,13,39,2,1.5,-2.4,2023-01-31,27.2,2023-03-29
3475X,2023-24,CAÑAVERAL,CACERES,373,152,152,115,40,1,0,78,1,34,18,41,11,55,1,2.1,-0.3,2024-01-08,24.9,2024-03-22
3475X,2024-25,CAÑAVERAL,CACERES,373,148,148,120,43,2,1,82,2,32,13,41,12,35,2,1.0,-4.8,2025-01-15,24.2,2025-03-31
3475X,2025-26,CAÑAVERAL,CACERES,373,150,150,123,37,1,0,83,1,30,18,57,7,75,1,1.4,-0.3,2026-01-06,23.9,2026-03-25
3494U,2017-18,NUÑOMORAL,CACERES,470,151,151,146,120,64,17,89,50,16,9,46,6,37,10,-4.5,-7.3,2018-02-24,22.1,2017-11-11
3494U,2018-19,NUÑOMORAL,CACERES,470,151,151,150,119,62,15,90,50,43,23,28,11,46,11,-4.0,-4.8,2019-01-06,24.2,2019-03-16
3494U,2019-20,NUÑOMORAL,CACERES,470,152,152,141,92,38,5,86,34,27,16,55,7,92,14,-2.7,-4.8,2020-01-12,26.7,2020-03-11
3494U,2020-21,NUÑOMORAL,CACERES,470,151,151,142,89,28,15,86,22,30,16,49,6,47,10,-4.2,-6.8,2021-01-06,27.0,2021-03-31
3494U,2021-22,NUÑOMORAL,CACERES,470,151,151,147,117,51,19,87,42,25,11,28,5,47,20,-4.5,-5.9,2022-01-29,21.9,2022-02-22
3494U,2022-23,NUÑOMORAL,CACERES,470,151,151,140,93,51,22,84,43,34,16,50,13,77,22,-4.5,-6.1,2023-03-02,25.4,2023-03-29
3494U,2023-24,NUÑOMORAL,CACERES,470,152,152,144,93,26,8,88,23,39,22,47,10,31,8,-3.0,-4.7,2023-12-19,27.1,2024-03-22
3494U,2024-25,NUÑOMORAL,CACERES,470,151,151,147,88,37,14,89,34,27,12,47,10,89,7,-3.5,-5.9,2025-01-15,25.9,2025-03-31
3494U,2025-26,NUÑOMORAL,CACERES,470,151,151,147,99,28,3,90,18,35,22,61,7,74,4,-2.1,-3.8,2025-12-26,25.4,2026-03-25
3503,2017-18,GUIJO DE GRANADILLA,CACERES,393,151,151,143,88,8,0,89,8,23,12,47,9,34,2,-0.2,-2.9,2018-02-13,23.2,2018-03-27
3503,2018-19,GUIJO DE GRANADILLA,CACERES,393,150,150,144,79,6,0,90,6,43,28,30,11,44,2,0.2,-2.6,2019-01-06,24.8,2019-03-16
3503,2019-20,GUIJO DE GRANADILLA,CACERES,393,152,152,136,59,4,0,84,4,31,15,48,7,83,2,0.7,-1.2,2020-01-08,25.5,2020-03-11
3503,2020-21,GUIJO DE GRANADILLA,CACERES,393,151,151,136,51,20,3,85,20,35,16,45,10,66,7,-2.2,-5.0,2021-01-12,27.5,2021-03-31
3503,2021-22,GUIJO DE GRANADILLA,CACERES,393,151,151,138,75,11,0,85,11,38,12,26,7,22,3,-0.2,-1.8,2022-01-29,22.2,2022-02-22
3503,2022-23,GUIJO DE GRANADILLA,CACERES,393,148,148,127,61,7,0,80,4,36,19,44,8,39,3,0.1,-1.5,2023-02-07,26.7,2023-03-29
3503,2023-24,GUIJO DE GRANADILLA,CACERES,393,152,152,130,56,2,0,83,2,43,24,47,11,31,1,1.7,-1.1,2024-01-08,27.1,2024-03-22
3503,2024-25,GUIJO DE GRANADILLA,CACERES,393,151,151,133,54,6,0,90,6,36,16,42,11,34,2,0.6,-2.5,2025-01-15,25.5,2025-03-31
3503,2025-26,GUIJO DE GRANADILLA,CACERES,393,151,151,136,57,2,0,86,2,34,19,52,7,99,1,0.6,-1.4,2025-12-27,24.6,2026-03-17
3504X,2017-18,HERVÁS,CACERES,724,150,150,145,111,21,1,89,19,14,2,53,5,63,5,-1.3,-3.6,2018-02-08,20.4,2017-11-11
3504X,2018-19,HERVÁS,CACERES,724,151,151,149,86,8,0,90,8,23,4,29,6,74,3,0.1,-1.8,2019-01-11,21.3,2019-03-10
3504X,2019-20,HERVÁS,CACERES,724,152,152,143,82,3,0,88,3,12,5,54,5,57,2,0.7,-0.9,2020-01-20,22.4,2020-03-11
3504X,2020-21,HERVÁS,CACERES,724,151,151,137,67,18,5,87,17,13,5,51,4,116,12,-1.9,-3.8,2021-01-10,24.4,2021-03-31
3504X,2021-22,HERVÁS,CACERES,724,151,151,148,91,10,0,88,6,7,2,28,2,84,4,-0.2,-1.1,2021-11-28,20.7,2022-03-15
3504X,2022-23,HERVÁS,CACERES,724,151,151,140,76,21,3,86,17,12,4,51,5,93,10,-1.6,-4.2,2023-02-28,23.3,2023-03-29
3504X,2023-24,HERVÁS,CACERES,724,146,146,133,78,6,1,81,6,24,9,51,5,42,2,0.6,-3.1,2023-12-27,24.6,2024-03-22
3504X,2024-25,HERVÁS,CACERES,724,151,151,139,76,2,0,90,2,17,3,48,7,111,1,0.3,-0.8,2025-01-14,21.7,2025-03-31
3504X,2025-26,HERVÁS,CACERES,724,151,151,143,79,13,0,87,12,15,5,61,5,108,4,-0.3,-1.6,2026-01-07,22.7,2026-03-17
3512X,2017-18,MONTEHERMOSO,CACERES,351,151,151,146,91,17,1,90,17,28,12,46,10,39,4,-0.9,-4.3,2018-02-24,23.4,2018-03-27
3512X,2018-19,MONTEHERMOSO,CACERES,351,151,151,144,92,18,1,89,18,47,30,27,18,30,9,-1.1,-3.3,2019-01-06,25.0,2019-03-25
3512X,2019-20,MONTEHERMOSO,CACERES,351,152,152,134,65,10,0,83,10,30,15,44,7,44,4,-0.2,-2.8,2020-01-12,25.3,2020-03-12
3512X,2020-21,MONTEHERMOSO,CACERES,351,149,149,128,55,18,8,83,18,33,16,42,10,66,8,-3.1,-4.9,2021-01-06,25.7,2021-03-31
3512X,2021-22,MONTEHERMOSO,CACERES,351,151,151,139,84,10,0,89,10,34,11,26,8,25,5,-0.4,-2.0,2022-01-19,22.6,2022-02-22
3512X,2022-23,MONTEHERMOSO,CACERES,351,151,151,129,58,16,1,80,12,39,22,41,13,72,6,-1.4,-3.2,2023-01-31,27.1,2023-03-29
3512X,2023-24,MONTEHERMOSO,CACERES,351,152,152,126,61,8,0,82,8,38,23,47,11,33,3,0.2,-1.8,2023-12-19,26.3,2024-03-22
3512X,2024-25,MONTEHERMOSO,CACERES,351,151,151,133,65,12,1,89,12,35,14,46,11,34,3,-0.7,-3.6,2025-01-15,25.3,2025-03-31
3512X,2025-26,MONTEHERMOSO,CACERES,351,148,148,134,62,4,0,85,3,32,23,58,7,90,2,0.3,-2.3,2025-12-26,25.6,2026-03-25
3514B,2017-18,TORNAVACAS,CACERES,991,150,150,149,105,25,1,90,21,5,0,50,2,70,9,-2.0,-4.2,2018-02-08,18.6,2017-11-11
3514B,2018-19,TORNAVACAS,CACERES,991,151,151,149,70,4,1,89,4,22,6,38,6,54,2,0.6,-3.3,2019-01-11,21.2,2019-03-16
3514B,2019-20,TORNAVACAS,CACERES,991,152,152,147,74,3,0,89,3,13,6,63,5,57,2,0.8,-3.0,2020-01-20,23.1,2020-03-12
3514B,2020-21,TORNAVACAS,CACERES,991,151,151,142,65,18,4,89,17,10,3,46,2,68,11,-1.9,-4.5,2021-01-10,23.4,2021-03-31
3514B,2021-22,TORNAVACAS,CACERES,991,151,151,151,78,5,0,90,5,10,1,37,3,31,2,0.3,-0.4,2022-01-15,20.4,2021-12-30
3514B,2022-23,TORNAVACAS,CACERES,991,149,149,146,69,18,2,89,16,10,2,43,4,99,5,-1.8,-3.9,2023-02-28,21.9,2023-03-29
3514B,2023-24,TORNAVACAS,CACERES,991,152,152,139,74,7,0,89,4,19,10,53,8,64,2,0.6,-0.7,2024-01-19,25.4,2024-03-22
3514B,2024-25,TORNAVACAS,CACERES,991,151,151,144,83,2,0,90,0,10,3,52,2,113,1,0.6,-0.2,2025-03-22,23.7,2025-03-31
3514B,2025-26,TORNAVACAS,CACERES,991,151,151,147,87,14,0,89,13,12,3,68,5,109,3,-0.8,-2.9,2026-01-05,22.3,2026-03-17
3516X,2017-18,PIORNAL,CACERES,1260,151,151,151,121,61,15,90,43,7,1,55,2,64,10,-3.6,-6.3,2018-02-08,20.1,2017-11-17
3516X,2018-19,PIORNAL,CACERES,1260,120,120,120,81,15,2,90,15,4,1,37,2,75,4,-1.2,-3.7,2019-02-03,21.1,2018-12-09
3516X,2019-20,PIORNAL,CACERES,1260,148,148,145,103,17,1,87,7,11,2,58,3,48,3,-1.5,-4.9,2020-01-20,22.7,2020-03-11
3516X,2020-21,PIORNAL,CACERES,1260,151,151,150,108,27,12,90,24,5,1,55,4,131,16,-3.9,-7.2,2021-01-11,20.5,2020-11-19
3516X,2021-22,PIORNAL,CACERES,1260,151,151,151,116,19,0,90,11,3,0,31,1,48,4,-1.0,-2.6,2021-11-28,18.5,2022-02-17
3516X,2022-23,PIORNAL,CACERES,1260,151,151,151,106,34,11,90,30,8,2,55,3,95,11,-3.8,-7.0,2023-03-01,20.9,2023-03-29
3516X,2023-24,PIORNAL,CACERES,1260,152,152,146,95,33,0,89,23,15,3,53,3,63,7,-1.3,-2.5,2024-01-12,21.0,2024-01-26
3516X,2024-25,PIORNAL,CACERES,1260,126,126,126,88,20,0,90,19,4,0,54,3,84,6,-1.3,-2.9,2024-12-09,19.9,2025-03-29
3516X,2025-26,PIORNAL,CACERES,1260,149,149,149,120,36,6,88,30,6,0,64,3,82,7,-2.9,-4.3,2026-01-07,19.7,2026-03-31
3519X,2017-18,PLASENCIA,CACERES,415,151,151,137,67,2,0,84,2,24,13,41,7,57,1,0.6,-0.3,2018-02-22,23.9,2018-03-27
3519X,2018-19,PLASENCIA,CACERES,415,151,151,131,49,5,0,88,5,45,28,28,18,48,3,0.7,-1.2,2019-01-12,25.7,2019-03-16
3519X,2019-20,PLASENCIA,CACERES,415,152,152,122,34,0,0,80,0,33,16,44,7,80,0,1.9,0.0,2020-01-12,26.2,2020-03-11
3519X,2020-21,PLASENCIA,CACERES,415,147,147,120,37,13,1,78,13,36,17,44,10,31,8,-1.1,-3.4,2021-01-12,25.1,2021-03-31
3519X,2021-22,PLASENCIA,CACERES,415,151,151,136,37,0,0,84,0,35,10,25,8,29,0,2.7,0.3,2022-01-08,21.8,2022-02-22
3519X,2022-23,PLASENCIA,CACERES,415,146,146,105,43,4,0,67,3,40,21,39,13,67,1,0.5,-1.4,2023-01-31,28.0,2023-03-29
3519X,2023-24,PLASENCIA,CACERES,415,150,150,115,40,0,0,78,0,33,17,42,11,64,0,1.5,0.2,2023-12-26,26.4,2024-03-23
3519X,2024-25,PLASENCIA,CACERES,415,150,150,121,37,1,0,83,1,33,15,43,12,34,1,1.7,-1.8,2025-01-15,23.3,2024-11-06
3519X,2025-26,PLASENCIA,CACERES,415,151,151,121,44,1,0,80,1,31,20,56,7,100,1,1.6,-0.1,2025-12-26,24.9,2026-03-25
3526X,2017-18,CORIA,CACERES,313,151,151,137,82,7,0,85,7,37,15,43,10,19,3,0.0,-2.7,2018-02-24,24.4,2018-03-27
3526X,2018-19,CORIA,CACERES,313,151,151,133,68,9,2,88,9,46,28,22,11,32,3,-0.5,-3.4,2019-01-06,25.6,2019-03-16
3526X,2019-20,CORIA,CACERES,313,145,145,123,45,7,0,80,7,38,19,35,7,28,3,0.1,-2.0,2020-01-08,25.2,2020-03-10
3526X,2020-21,CORIA,CACERES,313,151,151,124,46,14,4,81,14,39,20,35,11,66,7,-1.8,-4.1,2021-01-06,24.7,2021-03-31
3526X,2021-22,CORIA,CACERES,313,151,151,137,60,2,0,86,2,40,12,23,9,25,2,0.7,-0.9,2022-01-19,22.2,2021-11-08
3526X,2022-23,CORIA,CACERES,313,151,151,116,55,7,0,73,5,45,28,37,14,39,3,0.1,-2.6,2023-03-02,28.2,2023-03-29
3526X,2023-24,CORIA,CACERES,313,152,152,118,50,3,0,79,3,38,20,41,11,55,1,0.9,-1.3,2023-12-25,25.8,2024-03-22
3526X,2024-25,CORIA,CACERES,313,147,147,123,46,8,1,85,8,34,13,44,8,34,2,-0.1,-3.6,2025-01-15,25.4,2025-03-31
3526X,2025-26,CORIA,CACERES,313,151,151,129,46,4,0,84,4,34,24,48,7,100,2,1.1,-1.2,2025-12-26,24.7,2026-03-25
3531X,2017-18,TORRECILLA DE LOS ANGELES,CACERES,459,150,150,145,112,32,5,89,29,28,14,48,14,28,8,-2.5,-3.9,2018-02-24,23.5,2017-11-11
3531X,2018-19,TORRECILLA DE LOS ANGELES,CACERES,459,151,151,149,104,13,0,90,12,50,26,32,11,22,4,-0.6,-2.6,2019-02-04,23.8,2019-03-16
3531X,2019-20,TORRECILLA DE LOS ANGELES,CACERES,459,150,150,135,79,10,0,81,10,28,12,57,7,44,4,-0.3,-1.6,2020-01-12,25.0,2020-03-11
3531X,2020-21,TORRECILLA DE LOS ANGELES,CACERES,459,151,151,139,76,22,7,86,22,32,15,36,10,56,7,-2.8,-4.7,2021-01-06,25.9,2021-03-31
3531X,2021-22,TORRECILLA DE LOS ANGELES,CACERES,459,151,151,145,95,20,0,88,20,38,12,29,8,21,5,-1.4,-2.3,2022-01-23,22.3,2022-02-22
3531X,2022-23,TORRECILLA DE LOS ANGELES,CACERES,459,151,151,136,83,27,4,82,23,37,17,52,8,72,10,-2.5,-4.7,2023-03-01,25.1,2023-03-28
3531X,2023-24,TORRECILLA DE LOS ANGELES,CACERES,459,152,152,137,84,11,0,86,11,45,30,45,11,31,3,-0.7,-2.7,2024-01-08,28.4,2024-03-22
3531X,2024-25,TORRECILLA DE LOS ANGELES,CACERES,459,151,151,143,76,19,1,90,17,40,16,44,10,28,3,-1.1,-4.0,2025-01-15,25.0,2025-03-31
3531X,2025-26,TORRECILLA DE LOS ANGELES,CACERES,459,151,151,144,88,16,2,89,13,37,23,67,7,93,3,-1.3,-3.7,2026-01-06,25.4,2026-03-25
3536X,2017-18,HOYOS,CACERES,560,151,151,144,79,6,0,88,6,14,7,49,6,65,2,0.1,-0.7,2018-02-13,21.7,2018-03-27
3536X,2018-19,HOYOS,CACERES,560,151,151,145,61,0,0,88,0,39,21,30,10,45,0,1.6,0.7,2018-12-17,22.9,2019-03-10
3536X,2019-20,HOYOS,CACERES,560,146,146,130,47,0,0,85,0,23,8,53,7,38,0,2.0,0.8,2020-01-12,23.8,2020-03-11
3536X,2020-21,HOYOS,CACERES,560,151,151,136,50,10,1,88,10,20,7,44,5,67,4,-1.4,-3.2,2021-01-06,23.9,2021-03-31
3536X,2021-22,HOYOS,CACERES,560,151,151,147,54,1,0,89,1,22,4,27,5,45,1,1.4,-0.7,2022-01-22,21.3,2021-11-09
3536X,2022-23,HOYOS,CACERES,560,151,151,132,57,8,0,83,6,27,13,43,8,82,4,0.1,-1.4,2023-02-24,24.1,2023-03-29
3536X,2023-24,HOYOS,CACERES,560,150,150,126,54,3,0,81,3,30,15,52,10,58,2,1.3,-2.5,2023-12-27,26.5,2024-03-22
3536X,2024-25,HOYOS,CACERES,560,151,151,138,57,2,0,89,2,26,11,52,7,51,1,1.1,-1.0,2025-01-14,22.9,2025-03-31
3536X,2025-26,HOYOS,CACERES,560,151,151,145,64,7,0,89,6,24,8,67,7,108,2,0.2,-1.2,2026-01-08,24.1,2026-03-25
3540X,2017-18,ZARZA LA MAYOR,CACERES,336,151,151,140,78,4,0,86,4,28,11,44,7,33,1,0.5,-0.5,2018-02-24,23.1,2017-11-12
3540X,2018-19,ZARZA LA MAYOR,CACERES,336,151,151,137,60,6,1,89,6,45,26,23,11,31,3,0.4,-4.1,2019-01-06,25.2,2019-03-16
3540X,2019-20,ZARZA LA MAYOR,CACERES,336,152,152,125,46,2,0,80,2,31,15,39,7,80,1,1.4,-1.5,2020-01-08,24.8,2020-03-12
3540X,2020-21,ZARZA LA MAYOR,CACERES,336,151,151,125,45,13,2,82,13,38,13,34,11,45,6,-1.5,-4.2,2021-01-12,26.1,2021-03-31
3540X,2021-22,ZARZA LA MAYOR,CACERES,336,151,151,138,56,2,0,85,2,31,12,23,8,29,1,1.9,-0.2,2021-12-01,22.2,2022-02-22
3540X,2022-23,ZARZA LA MAYOR,CACERES,336,151,151,117,46,8,0,73,6,38,24,41,14,71,2,-0.1,-1.7,2023-02-28,27.0,2023-03-29
3540X,2023-24,ZARZA LA MAYOR,CACERES,336,152,152,118,48,1,0,78,1,37,16,44,11,64,1,1.6,-0.6,2023-12-19,24.6,2024-03-22
3540X,2024-25,ZARZA LA MAYOR,CACERES,336,151,151,123,43,2,1,83,2,37,17,44,10,34,1,1.2,-3.2,2025-01-15,24.3,2025-03-31
3540X,2025-26,ZARZA LA MAYOR,CACERES,336,151,151,130,42,2,0,83,2,35,21,57,7,99,1,1.4,-0.8,2025-12-26,25.0,2026-03-25
3547X,2017-18,VALVERDE DEL FRESNO,CACERES,450,151,151,142,92,14,0,89,13,23,12,50,8,43,3,-0.5,-2.1,2018-02-24,22.3,2018-03-27
3547X,2018-19,VALVERDE DEL FRESNO,CACERES,450,151,151,139,77,6,0,87,6,41,25,29,11,27,2,0.2,-0.8,2019-01-03,23.7,2019-03-15
3547X,2019-20,VALVERDE DEL FRESNO,CACERES,450,152,152,135,56,3,0,85,3,29,15,49,7,37,2,1.1,-0.8,2020-01-12,24.8,2020-03-11
3547X,2020-21,VALVERDE DEL FRESNO,CACERES,450,151,151,135,54,14,3,86,14,27,12,51,6,66,5,-1.5,-4.4,2021-01-12,24.7,2021-03-31
3547X,2021-22,VALVERDE DEL FRESNO,CACERES,450,150,150,138,68,2,0,86,2,29,8,26,8,25,1,0.6,-1.6,2022-01-22,21.9,2021-11-09
3547X,2022-23,VALVERDE DEL FRESNO,CACERES,450,144,144,128,59,11,0,77,8,34,16,44,13,32,4,-1.3,-2.3,2023-01-30,24.8,2023-03-29
3547X,2023-24,VALVERDE DEL FRESNO,CACERES,450,152,152,128,55,8,0,85,7,35,21,51,10,31,4,0.2,-1.2,2023-12-26,26.1,2024-03-22
3547X,2024-25,VALVERDE DEL FRESNO,CACERES,450,151,151,131,51,5,0,87,5,31,16,49,7,68,2,0.3,-2.4,2025-01-14,23.3,2025-03-31
3547X,2025-26,VALVERDE DEL FRESNO,CACERES,450,151,151,140,54,5,0,87,4,26,13,59,7,103,2,0.6,-1.8,2025-12-26,24.1,2026-03-25
3562X,2017-18,ALISEDA,CACERES,321,151,151,138,86,21,4,83,21,26,16,39,10,68,6,-1.3,-5.2,2018-02-24,23.2,2018-03-27
3562X,2018-19,ALISEDA,CACERES,321,151,151,140,90,22,7,89,21,46,25,22,11,47,10,-2.6,-5.3,2019-01-06,24.9,2019-03-16
3562X,2019-20,ALISEDA,CACERES,321,152,152,124,60,9,0,78,9,31,18,28,7,68,4,-0.3,-2.7,2020-01-12,25.6,2020-03-12
3562X,2020-21,ALISEDA,CACERES,321,145,145,123,62,19,10,75,19,36,15,26,10,67,10,-4.0,-6.4,2021-01-12,27.0,2021-03-31
3562X,2021-22,ALISEDA,CACERES,321,151,151,135,86,19,3,83,18,31,6,23,7,27,8,-1.1,-4.2,2022-01-20,21.3,2022-02-22
3562X,2022-23,ALISEDA,CACERES,321,151,151,116,63,20,4,73,16,38,23,35,13,33,9,-1.8,-4.2,2023-01-31,27.5,2023-03-29
3562X,2023-24,ALISEDA,CACERES,321,152,152,118,62,8,0,77,8,38,19,33,10,55,4,-0.0,-1.7,2023-12-25,25.0,2024-03-22
3562X,2024-25,ALISEDA,CACERES,321,151,151,126,57,23,2,83,23,38,16,42,10,34,5,-1.3,-5.2,2025-01-15,24.3,2025-03-31
3562X,2025-26,ALISEDA,CACERES,321,151,151,127,48,4,0,78,3,36,22,51,7,99,2,0.9,-1.0,2025-12-27,24.0,2026-03-25
3565X,2017-18,BROZAS,CACERES,425,151,151,139,82,6,0,86,6,20,9,38,9,93,2,0.3,-1.7,2018-02-07,22.7,2017-11-01
3565X,2018-19,BROZAS,CACERES,425,151,151,143,56,4,0,90,4,38,21,23,11,48,2,1.6,-0.8,2019-01-06,24.4,2019-03-16
3565X,2019-20,BROZAS,CACERES,425,152,152,135,43,0,0,85,0,20,10,35,7,100,0,1.8,0.2,2020-01-04,24.2,2020-03-11
3565X,2020-21,BROZAS,CACERES,425,151,151,127,47,12,0,83,12,24,10,36,5,85,3,-0.2,-1.9,2021-01-12,24.3,2021-03-31
3565X,2021-22,BROZAS,CACERES,425,151,151,145,59,0,0,86,0,15,1,19,3,49,0,1.9,0.4,2022-01-22,20.7,2022-02-22
3565X,2022-23,BROZAS,CACERES,425,151,151,120,48,5,0,78,4,28,14,35,13,115,2,0.6,-1.8,2023-03-01,26.6,2023-03-29
3565X,2023-24,BROZAS,CACERES,425,150,150,119,49,3,0,81,3,30,9,40,10,37,2,1.9,-1.1,2023-12-26,23.2,2024-03-17
3565X,2024-25,BROZAS,CACERES,425,150,150,126,45,1,0,85,1,26,8,41,10,39,1,1.6,-0.1,2025-01-01,23.7,2025-03-31
3565X,2025-26,BROZAS,CACERES,425,151,151,140,52,3,0,86,3,30,15,54,7,100,1,1.2,-1.4,2026-01-06,23.3,2026-03-25
3576X,2017-18,VALENCIA DE ALCÁNTARA,CACERES,444,147,147,132,94,20,2,81,20,20,10,39,10,96,7,-1.5,-4.5,2018-02-08,22.5,2018-03-27
3576X,2018-19,VALENCIA DE ALCÁNTARA,CACERES,444,151,151,143,72,11,0,89,11,33,16,26,10,45,4,-0.8,-2.3,2019-01-12,24.7,2019-03-16
3576X,2019-20,VALENCIA DE ALCÁNTARA,CACERES,444,152,152,127,56,2,0,80,2,22,10,18,7,51,2,1.4,-1.0,2020-01-12,24.3,2020-03-11
3576X,2020-21,VALENCIA DE ALCÁNTARA,CACERES,444,146,146,123,53,16,2,75,16,22,9,36,5,29,6,-1.5,-4.2,2021-01-06,26.1,2021-03-31
3576X,2021-22,VALENCIA DE ALCÁNTARA,CACERES,444,149,149,139,74,5,0,83,5,16,1,23,3,46,3,0.3,-0.8,2022-01-19,20.1,2022-02-22
3576X,2022-23,VALENCIA DE ALCÁNTARA,CACERES,444,151,151,122,54,15,0,77,12,27,14,39,7,115,9,-1.4,-2.6,2023-03-01,26.5,2023-03-29
3576X,2023-24,VALENCIA DE ALCÁNTARA,CACERES,444,149,149,118,50,3,0,80,3,28,8,43,9,65,2,1.1,-0.4,2023-12-19,23.2,2024-03-17
3576X,2024-25,VALENCIA DE ALCÁNTARA,CACERES,444,151,151,128,51,6,0,83,6,24,8,43,10,80,2,0.2,-2.0,2025-01-15,23.5,2025-03-31
3576X,2025-26,VALENCIA DE ALCÁNTARA,CACERES,444,151,151,134,50,5,0,87,4,26,12,57,7,101,2,0.5,-1.4,2025-12-26,23.2,2026-03-31
4007Y,2017-18,OSSA DE MONTIEL,ALBACETE,905,151,151,150,132,77,25,90,54,17,13,29,9,61,13,-5.2,-10.6,2018-02-09,22.8,2017-11-02
4007Y,2018-19,OSSA DE MONTIEL,ALBACETE,905,151,151,150,129,60,17,90,51,36,15,2,8,36,21,-4.8,-6.7,2019-01-13,25.3,2019-03-16
4007Y,2019-20,OSSA DE MONTIEL,ALBACETE,905,151,151,147,111,31,4,89,23,30,17,38,6,51,6,-2.2,-5.0,2020-01-13,28.5,2020-03-12
4007Y,2020-21,OSSA DE MONTIEL,ALBACETE,905,151,151,148,105,40,20,89,30,35,15,34,9,36,23,-5.5,-10.0,2021-01-12,25.2,2020-11-02
4007Y,2021-22,OSSA DE MONTIEL,ALBACETE,905,149,149,148,120,39,11,90,31,17,12,35,5,35,9,-3.6,-5.4,2022-01-16,25.8,2021-12-30
4007Y,2022-23,OSSA DE MONTIEL,ALBACETE,905,147,147,141,101,44,24,87,37,34,22,25,12,25,17,-5.9,-8.2,2023-03-02,27.4,2023-03-16
4007Y,2023-24,OSSA DE MONTIEL,ALBACETE,905,152,152,149,110,35,9,91,29,41,26,40,12,20,7,-3.2,-5.8,2024-01-08,26.3,2024-03-19
4007Y,2024-25,OSSA DE MONTIEL,ALBACETE,905,151,151,148,109,52,19,90,49,34,20,31,8,49,10,-4.3,-7.2,2025-01-15,24.5,2025-03-31
4007Y,2025-26,OSSA DE MONTIEL,ALBACETE,905,151,151,148,112,32,6,88,23,23,14,54,7,49,4,-2.7,-7.5,2026-01-07,25.3,2025-11-12
4051Y,2017-18,ALCÁZAR DEL REY,CUENCA,875,151,151,149,133,64,23,90,49,8,2,25,4,127,12,-4.8,-7.8,2018-02-09,20.6,2017-11-01
4051Y,2018-19,ALCÁZAR DEL REY,CUENCA,875,151,151,151,134,63,11,90,53,21,8,23,7,78,10,-3.6,-6.2,2019-01-19,24.2,2019-03-16
4051Y,2019-20,ALCÁZAR DEL REY,CUENCA,875,150,150,147,114,35,7,89,27,15,7,36,5,52,9,-2.6,-6.9,2020-01-14,26.0,2020-03-12
4051Y,2020-21,ALCÁZAR DEL REY,CUENCA,875,151,151,148,118,41,22,89,32,15,6,39,4,92,23,-6.4,-13.9,2021-01-13,23.0,2020-11-02
4051Y,2021-22,ALCÁZAR DEL REY,CUENCA,875,146,146,146,125,45,9,87,38,5,0,28,2,58,11,-3.2,-5.5,2022-01-16,19.9,2022-02-02
4051Y,2022-23,ALCÁZAR DEL REY,CUENCA,875,150,150,145,108,48,20,89,40,25,13,36,7,83,15,-5.0,-8.3,2023-03-01,25.8,2023-03-29
4051Y,2023-24,ALCÁZAR DEL REY,CUENCA,875,152,152,148,109,31,6,91,26,21,12,41,9,65,5,-2.4,-4.8,2023-12-26,24.6,2024-03-22
4051Y,2024-25,ALCÁZAR DEL REY,CUENCA,875,137,137,137,108,43,14,90,41,9,1,35,2,52,8,-3.7,-8.0,2025-01-15,25.3,2025-03-31
4051Y,2025-26,ALCÁZAR DEL REY,CUENCA,875,151,151,149,117,38,8,89,25,16,7,51,7,100,6,-3.2,-6.0,2026-01-07,22.2,2025-11-12
4061X,2017-18,QUINTANAR DE LA ORDEN,TOLEDO,691,151,151,147,124,45,11,90,35,15,3,37,9,122,8,-3.5,-5.0,2018-02-23,22.2,2017-11-01
4061X,2019-20,QUINTANAR DE LA ORDEN,TOLEDO,691,145,145,139,88,17,2,83,15,23,12,26,6,50,10,-1.5,-3.8,2020-01-13,28.3,2020-03-11
4061X,2021-22,QUINTANAR DE LA ORDEN,TOLEDO,691,135,135,134,95,19,4,90,18,14,2,24,3,30,7,-1.6,-3.9,2022-01-16,21.6,2022-02-18
4064Y,2017-18,ALCAZAR DE SAN JUAN,CIUDAD REAL,640,151,151,148,114,40,7,90,35,7,4,34,3,122,8,-3.0,-4.6,2018-02-08,24.1,2018-03-28
4064Y,2018-19,ALCAZAR DE SAN JUAN,CIUDAD REAL,640,151,151,147,111,30,6,90,30,33,17,15,13,96,21,-2.8,-4.4,2019-01-12,26.9,2019-03-16
4064Y,2019-20,ALCAZAR DE SAN JUAN,CIUDAD REAL,640,151,151,141,85,13,0,87,12,21,14,22,8,56,7,-0.9,-2.8,2020-01-13,28.4,2020-03-12
4064Y,2020-21,ALCAZAR DE SAN JUAN,CIUDAD REAL,640,140,140,132,69,27,14,88,26,19,9,27,5,55,11,-3.9,-6.8,2021-01-12,23.7,2020-11-02
4064Y,2021-22,ALCAZAR DE SAN JUAN,CIUDAD REAL,640,151,151,148,99,13,3,90,13,9,4,26,3,93,7,-1.7,-3.4,2022-01-19,21.7,2022-02-18
4064Y,2022-23,ALCAZAR DE SAN JUAN,CIUDAD REAL,640,150,150,135,73,30,6,87,26,39,25,22,13,52,11,-2.8,-4.1,2023-01-25,28.8,2023-03-29
4064Y,2023-24,ALCAZAR DE SAN JUAN,CIUDAD REAL,640,150,150,134,83,12,3,88,12,27,13,34,10,59,5,-1.1,-3.9,2023-12-27,26.8,2024-03-19
4064Y,2024-25,ALCAZAR DE SAN JUAN,CIUDAD REAL,640,151,151,140,80,20,1,90,20,23,7,27,10,46,7,-1.9,-3.6,2025-01-15,26.0,2025-03-31
4064Y,2025-26,ALCAZAR DE SAN JUAN,CIUDAD REAL,640,149,149,143,74,16,2,85,13,27,14,44,7,39,4,-1.1,-4.4,2026-01-07,25.1,2025-11-12
4067,2017-18,MADRIDEJOS,TOLEDO,690,148,148,148,130,79,30,89,60,11,2,24,5,72,10,-5.7,-8.5,2018-02-24,22.1,2018-03-28
4067,2018-19,MADRIDEJOS,TOLEDO,690,146,146,144,123,67,26,88,60,30,13,0,11,57,27,-5.5,-6.3,2019-01-08,26.0,2019-03-16
4067,2019-20,MADRIDEJOS,TOLEDO,690,142,142,136,100,33,6,80,29,22,10,22,6,53,20,-2.9,-4.8,2020-01-12,27.7,2020-03-11
4067,2020-21,MADRIDEJOS,TOLEDO,690,144,144,140,99,34,18,87,28,23,11,23,9,49,11,-8.8,-13.5,2021-01-12,24.4,2020-11-02
4067,2021-22,MADRIDEJOS,TOLEDO,690,136,136,135,110,44,11,76,38,8,2,16,2,52,5,-3.8,-6.8,2022-01-29,21.1,2022-02-18
4067,2022-23,MADRIDEJOS,TOLEDO,690,151,151,140,100,50,27,87,41,35,23,17,12,47,17,-5.8,-7.5,2023-03-01,27.5,2023-03-29
4067,2023-24,MADRIDEJOS,TOLEDO,690,152,152,143,105,33,6,88,27,28,18,27,10,64,13,-2.7,-6.1,2023-12-28,25.9,2024-03-19
4067,2024-25,MADRIDEJOS,TOLEDO,690,142,142,137,91,38,14,83,37,26,5,24,7,33,8,-4.5,-7.8,2025-01-14,23.3,2025-03-31
4067,2025-26,MADRIDEJOS,TOLEDO,690,139,139,135,97,26,7,81,17,20,10,38,7,55,4,-2.9,-4.6,2026-01-06,22.8,2026-02-24
4070Y,2017-18,ABIA DE OBISPALIA,CUENCA,1020,150,150,149,137,82,32,89,58,16,3,26,8,59,19,-5.9,-8.3,2018-02-09,20.5,2017-11-18
4070Y,2018-19,ABIA DE OBISPALIA,CUENCA,1020,151,151,151,138,71,13,90,56,28,9,22,7,59,13,-4.0,-5.8,2019-01-19,23.3,2019-03-16
4070Y,2019-20,ABIA DE OBISPALIA,CUENCA,1020,151,151,149,118,41,8,90,27,16,9,41,5,53,8,-2.8,-5.0,2020-01-13,25.6,2020-03-11
4070Y,2020-21,ABIA DE OBISPALIA,CUENCA,1020,149,149,148,124,44,20,88,33,17,7,30,4,61,22,-5.8,-15.0,2021-01-12,22.4,2020-11-02
4070Y,2021-22,ABIA DE OBISPALIA,CUENCA,1020,151,151,151,135,57,14,90,42,11,3,29,4,43,14,-4.0,-5.2,2022-01-14,22.3,2022-01-01
4070Y,2022-23,ABIA DE OBISPALIA,CUENCA,1020,151,151,147,112,51,22,89,43,23,11,39,7,89,24,-6.1,-8.2,2023-03-02,25.0,2023-03-29
4070Y,2023-24,ABIA DE OBISPALIA,CUENCA,1020,138,138,135,100,37,8,91,32,22,11,38,10,59,6,-3.1,-4.4,2024-01-12,24.3,2024-03-22
4070Y,2024-25,ABIA DE OBISPALIA,CUENCA,1020,151,151,150,116,54,15,90,46,10,1,40,2,76,11,-3.7,-7.8,2025-01-14,24.7,2025-03-31
4070Y,2025-26,ABIA DE OBISPALIA,CUENCA,1020,151,151,150,128,41,9,89,27,15,4,49,7,100,5,-3.3,-7.1,2026-01-07,20.9,2026-02-23
4075Y,2017-18,VILLARES DEL SAZ,CUENCA,870,139,139,136,119,56,20,90,48,6,2,36,3,125,10,-4.5,-7.5,2018-02-09,21.6,2018-03-28
4075Y,2018-19,VILLARES DEL SAZ,CUENCA,870,151,151,151,127,52,13,90,47,21,15,15,7,113,13,-4.0,-6.2,2019-01-19,24.9,2019-03-16
4075Y,2019-20,VILLARES DEL SAZ,CUENCA,870,151,151,147,109,26,3,89,20,17,9,31,6,58,9,-2.3,-5.5,2020-01-13,26.7,2020-03-11
4075Y,2020-21,VILLARES DEL SAZ,CUENCA,870,136,136,135,100,34,16,82,29,21,8,28,4,43,23,-6.4,-15.5,2021-01-12,22.9,2020-11-02
4075Y,2021-22,VILLARES DEL SAZ,CUENCA,870,143,143,143,122,37,11,87,33,8,2,4,2,31,12,-3.4,-5.1,2022-01-16,20.3,2022-02-17
4075Y,2022-23,VILLARES DEL SAZ,CUENCA,870,140,140,136,97,43,19,80,37,28,18,1,13,24,14,-4.7,-6.3,2023-03-02,26.9,2023-03-29
4075Y,2023-24,VILLARES DEL SAZ,CUENCA,870,152,152,147,105,30,4,91,25,27,11,39,12,59,6,-2.1,-4.1,2023-12-26,24.9,2024-03-19
4075Y,2024-25,VILLARES DEL SAZ,CUENCA,870,151,151,146,107,38,14,90,37,14,2,26,3,81,9,-3.8,-6.5,2025-01-13,25.0,2025-03-31
4075Y,2025-26,VILLARES DEL SAZ,CUENCA,870,151,151,148,108,33,5,89,24,19,11,17,7,100,4,-2.0,-5.0,2026-01-07,21.9,2026-02-24
4089A,2017-18,ALBERCA DE ZANCARA,CUENCA,858,151,151,149,132,54,16,90,44,5,1,46,3,143,13,-3.6,-6.7,2018-02-08,21.0,2018-03-28
4089A,2018-19,ALBERCA DE ZANCARA,CUENCA,858,151,151,150,130,46,10,90,40,29,16,18,7,74,13,-3.4,-5.1,2019-01-11,25.4,2019-03-16
4089A,2019-20,ALBERCA DE ZANCARA,CUENCA,858,151,151,148,109,26,4,89,20,16,8,30,6,58,9,-2.5,-5.7,2020-01-13,27.0,2020-03-11
4089A,2020-21,ALBERCA DE ZANCARA,CUENCA,858,151,151,148,106,35,17,89,29,20,9,21,4,89,19,-5.3,-15.9,2021-01-12,23.6,2020-11-02
4089A,2021-22,ALBERCA DE ZANCARA,CUENCA,858,151,151,150,123,32,5,90,27,13,5,24,4,46,9,-2.4,-4.0,2022-01-17,21.4,2022-01-01
4089A,2022-23,ALBERCA DE ZANCARA,CUENCA,858,151,151,144,99,44,18,89,39,34,19,29,13,42,18,-4.0,-5.7,2023-03-01,27.4,2023-03-29
4089A,2023-24,ALBERCA DE ZANCARA,CUENCA,858,152,152,151,103,29,3,91,21,30,14,26,10,64,6,-1.9,-3.7,2023-12-25,24.7,2024-03-22
4089A,2024-25,ALBERCA DE ZANCARA,CUENCA,858,151,151,145,111,31,7,90,29,21,7,32,4,74,8,-2.8,-5.7,2025-01-13,24.3,2025-03-31
4089A,2025-26,ALBERCA DE ZANCARA,CUENCA,858,151,151,148,117,25,3,89,18,17,14,50,7,100,4,-1.6,-5.6,2026-01-07,23.3,2025-11-12
4090Y,2017-18,SAN CLEMENTE,CUENCA,728,135,135,132,116,57,19,74,40,14,3,35,7,44,9,-4.6,-6.0,2018-02-23,21.7,2018-03-28
4090Y,2018-19,SAN CLEMENTE,CUENCA,728,150,150,148,132,63,19,89,53,23,13,19,6,78,24,-4.9,-7.6,2019-01-11,25.1,2019-03-16
4090Y,2019-20,SAN CLEMENTE,CUENCA,728,152,152,148,104,29,8,90,22,17,10,33,6,92,12,-3.0,-5.3,2020-01-13,27.2,2020-03-12
4090Y,2020-21,SAN CLEMENTE,CUENCA,728,148,148,145,99,36,21,87,28,25,10,28,5,50,11,-6.8,-16.0,2021-01-12,23.9,2020-11-02
4090Y,2021-22,SAN CLEMENTE,CUENCA,728,145,145,145,115,37,11,84,32,10,2,0,2,59,8,-3.9,-5.2,2022-01-16,20.5,2022-02-22
4090Y,2022-23,SAN CLEMENTE,CUENCA,728,135,135,129,100,43,23,79,37,35,23,0,13,53,18,-5.7,-7.5,2023-03-02,27.8,2023-03-29
4090Y,2023-24,SAN CLEMENTE,CUENCA,728,150,150,144,106,39,7,88,31,28,10,35,10,35,9,-2.5,-4.2,2023-12-26,25.6,2024-03-19
4090Y,2024-25,SAN CLEMENTE,CUENCA,728,151,151,143,108,45,14,90,43,19,3,22,4,74,9,-4.3,-7.3,2025-01-15,24.3,2025-03-31
4090Y,2025-26,SAN CLEMENTE,CUENCA,728,149,149,144,105,33,4,88,23,22,12,44,7,100,4,-2.4,-6.4,2026-01-07,22.7,2025-11-12
4091Y,2017-18,VILLARROBLEDO,ALBACETE,718,151,151,150,120,58,17,90,42,17,12,38,8,60,9,-4.8,-7.2,2018-02-08,24.8,2017-11-02
4091Y,2018-19,VILLARROBLEDO,ALBACETE,718,151,151,148,122,49,11,90,41,34,21,19,12,62,24,-3.9,-7.7,2019-01-11,27.9,2019-03-15
4091Y,2019-20,VILLARROBLEDO,ALBACETE,718,151,151,144,99,21,5,89,17,30,15,28,8,51,5,-1.9,-5.3,2020-01-13,31.8,2020-03-12
4091Y,2020-21,VILLARROBLEDO,ALBACETE,718,151,151,147,97,32,17,88,27,39,25,28,9,65,19,-5.9,-11.1,2021-01-12,27.1,2020-11-02
4091Y,2021-22,VILLARROBLEDO,ALBACETE,718,151,151,150,116,31,11,90,27,31,15,32,5,42,11,-3.8,-5.5,2022-01-16,24.6,2021-12-31
4091Y,2022-23,VILLARROBLEDO,ALBACETE,718,151,151,139,95,42,22,87,34,54,31,19,24,30,16,-4.7,-6.8,2023-03-01,31.5,2023-03-29
4091Y,2023-24,VILLARROBLEDO,ALBACETE,718,152,152,142,98,25,2,87,23,34,17,35,10,64,7,-2.3,-5.2,2023-12-27,26.0,2024-03-19
4091Y,2024-25,VILLARROBLEDO,ALBACETE,718,151,151,147,94,37,9,90,37,26,12,25,4,55,8,-3.7,-5.8,2025-01-13,25.2,2025-03-31
4091Y,2025-26,VILLARROBLEDO,ALBACETE,718,151,151,146,101,23,3,88,16,25,15,51,7,100,4,-1.6,-4.2,2026-01-06,25.9,2025-11-12
4093Y,2017-18,OSA DE LA VEGA,CUENCA,763,150,150,148,133,68,20,90,56,6,3,43,3,123,9,-4.8,-9.5,2018-02-09,21.6,2018-03-28
4093Y,2018-19,OSA DE LA VEGA,CUENCA,763,151,151,150,132,64,17,90,55,24,10,18,7,78,17,-4.6,-6.6,2019-01-19,25.7,2019-03-16
4093Y,2019-20,OSA DE LA VEGA,CUENCA,763,151,151,147,107,31,6,89,26,13,9,34,6,58,16,-2.8,-6.2,2020-01-13,27.0,2020-03-12
4093Y,2020-21,OSA DE LA VEGA,CUENCA,763,148,148,144,106,39,18,88,30,20,8,32,4,89,12,-6.0,-12.0,2021-01-12,22.5,2020-11-02
4093Y,2021-22,OSA DE LA VEGA,CUENCA,763,151,151,150,123,39,8,90,35,4,0,25,2,93,10,-3.0,-5.1,2022-01-19,19.8,2022-02-18
4093Y,2022-23,OSA DE LA VEGA,CUENCA,763,149,149,144,108,45,22,87,39,30,18,28,13,72,11,-5.2,-7.1,2023-03-02,26.9,2023-03-29
4093Y,2023-24,OSA DE LA VEGA,CUENCA,763,152,152,148,106,33,8,91,27,19,7,39,9,66,6,-2.9,-4.8,2023-12-28,24.7,2024-03-19
4093Y,2024-25,OSA DE LA VEGA,CUENCA,763,150,150,147,110,42,11,89,40,10,2,33,3,74,9,-3.6,-7.3,2025-01-13,24.9,2025-03-31
4093Y,2025-26,OSA DE LA VEGA,CUENCA,763,151,151,147,112,32,7,88,25,22,10,46,7,100,6,-2.9,-6.3,2026-01-07,23.5,2025-11-12
4095Y,2017-18,BELMONTE,CUENCA,745,130,130,130,108,47,11,90,41,5,1,45,3,122,9,-3.4,-7.0,2018-02-09,22.7,2018-03-28
4095Y,2018-19,BELMONTE,CUENCA,745,151,151,147,121,31,10,90,30,28,13,2,8,77,8,-3.3,-4.9,2019-01-11,25.4,2019-03-16
4095Y,2019-20,BELMONTE,CUENCA,745,136,136,130,88,20,3,89,16,18,9,21,5,57,6,-1.8,-3.8,2020-01-13,27.0,2020-03-11
4095Y,2022-23,BELMONTE,CUENCA,745,150,150,140,84,29,11,89,25,37,21,13,13,42,14,-3.9,-6.7,2023-03-02,27.8,2023-03-29
4095Y,2023-24,BELMONTE,CUENCA,745,152,152,139,92,13,0,88,12,34,16,33,12,59,5,-1.0,-2.9,2024-01-08,26.4,2024-03-19
4095Y,2024-25,BELMONTE,CUENCA,745,151,151,140,91,24,4,90,23,21,7,32,7,74,7,-1.7,-5.0,2025-01-13,24.8,2025-03-31
4095Y,2025-26,BELMONTE,CUENCA,745,151,151,146,94,19,3,89,16,24,12,46,7,100,4,-1.5,-5.4,2026-01-07,24.2,2025-11-12
4096Y,2017-18,MUNERA,ALBACETE,918,150,150,150,129,89,47,89,63,11,5,43,4,62,14,-7.7,-11.2,2018-02-08,22.3,2017-11-01
4096Y,2018-19,MUNERA,ALBACETE,918,143,143,142,128,88,34,82,62,17,7,20,4,35,31,-6.0,-11.3,2019-01-11,24.8,2019-03-16
4096Y,2020-21,MUNERA,ALBACETE,918,151,151,149,122,59,28,89,43,20,8,38,4,69,23,-6.9,-13.0,2021-01-12,24.3,2020-11-02
4096Y,2021-22,MUNERA,ALBACETE,918,151,151,150,123,75,27,90,54,10,5,36,5,58,12,-6.2,-7.5,2022-01-17,21.9,2022-01-01
4096Y,2022-23,MUNERA,ALBACETE,918,149,149,143,110,62,30,86,44,28,19,24,12,34,17,-7.6,-10.4,2023-03-01,27.2,2023-03-29
4096Y,2023-24,MUNERA,ALBACETE,918,152,152,150,111,55,22,91,43,26,16,31,7,42,14,-4.5,-6.6,2023-12-27,26.2,2024-03-19
4096Y,2024-25,MUNERA,ALBACETE,918,151,151,149,118,62,33,90,56,22,5,21,5,51,12,-6.2,-9.4,2025-01-13,23.0,2025-03-31
4096Y,2025-26,MUNERA,ALBACETE,918,151,151,149,125,54,16,88,31,17,10,51,7,100,9,-4.0,-6.9,2026-03-30,24.6,2025-11-12
4103X,2017-18,TOMELLOSO,CIUDAD REAL,662,137,137,137,105,63,19,86,47,13,8,32,7,47,10,-5.4,-8.0,2018-02-24,23.0,2017-11-01
4103X,2018-19,TOMELLOSO,CIUDAD REAL,662,151,151,150,121,61,18,90,54,31,19,18,11,69,27,-4.4,-7.8,2019-01-11,27.3,2019-03-16
4103X,2019-20,TOMELLOSO,CIUDAD REAL,662,148,148,138,91,29,8,88,26,26,14,23,8,80,13,-3.0,-6.2,2020-01-13,28.8,2020-03-12
4103X,2020-21,TOMELLOSO,CIUDAD REAL,662,149,149,142,91,32,13,86,25,32,19,28,9,49,12,-4.7,-8.0,2021-01-06,24.9,2020-11-02
4103X,2021-22,TOMELLOSO,CIUDAD REAL,662,144,144,141,104,40,10,83,34,17,4,29,3,26,13,-4.5,-6.9,2022-01-19,21.1,2022-02-18
4103X,2022-23,TOMELLOSO,CIUDAD REAL,662,149,149,135,91,46,21,85,37,46,29,24,13,33,17,-5.4,-6.5,2023-02-01,29.4,2023-03-29
4103X,2023-24,TOMELLOSO,CIUDAD REAL,662,151,151,142,91,27,7,87,22,35,19,31,12,49,6,-2.8,-5.8,2023-12-28,27.0,2024-03-19
4103X,2024-25,TOMELLOSO,CIUDAD REAL,662,122,122,116,71,32,15,62,32,22,8,21,6,28,8,-5.6,-7.5,2025-01-15,24.8,2025-03-31
4103X,2025-26,TOMELLOSO,CIUDAD REAL,662,135,135,130,91,21,2,79,12,23,12,45,7,54,4,-2.0,-3.4,2025-11-22,26.3,2025-11-12
4116I,2017-18,ALMAGRO / FAMET,CIUDAD REAL,626,151,151,149,116,61,13,88,49,16,10,38,9,122,10,-4.2,-7.6,2018-02-24,22.8,2017-11-01
4116I,2018-19,ALMAGRO / FAMET,CIUDAD REAL,626,151,151,151,121,56,13,90,50,36,20,17,11,72,26,-4.1,-5.2,2019-01-13,24.6,2019-03-16
4116I,2019-20,ALMAGRO / FAMET,CIUDAD REAL,626,152,152,144,113,34,8,88,27,23,11,30,8,92,9,-3.1,-5.4,2020-01-13,27.2,2020-03-11
4116I,2020-21,ALMAGRO / FAMET,CIUDAD REAL,626,150,150,146,106,45,20,87,34,31,20,31,9,54,12,-5.3,-7.7,2021-01-06,27.3,2021-03-31
4116I,2021-22,ALMAGRO / FAMET,CIUDAD REAL,626,151,151,147,124,60,21,88,52,15,1,29,2,49,16,-5.3,-6.4,2022-01-17,20.7,2022-02-18
4116I,2022-23,ALMAGRO / FAMET,CIUDAD REAL,626,151,151,138,102,51,23,85,39,46,25,23,13,39,16,-5.9,-7.4,2023-02-28,27.9,2023-03-29
4116I,2023-24,ALMAGRO / FAMET,CIUDAD REAL,626,151,151,141,91,28,5,88,24,33,18,32,12,48,13,-2.9,-4.5,2023-12-28,29.2,2024-03-22
4116I,2024-25,ALMAGRO / FAMET,CIUDAD REAL,626,151,151,146,99,40,14,90,40,32,14,31,7,70,11,-3.9,-6.7,2025-01-14,24.3,2025-03-31
4116I,2025-26,ALMAGRO / FAMET,CIUDAD REAL,626,144,146,141,99,27,3,82,20,29,18,46,7,82,4,-2.3,-4.6,2026-01-07,25.9,2025-11-12
4121,2017-18,CIUDAD REAL,CIUDAD REAL,626,151,151,145,104,33,8,86,30,17,5,39,5,57,7,-3.0,-4.6,2018-02-09,23.5,2018-03-28
4121,2018-19,CIUDAD REAL,CIUDAD REAL,626,151,151,149,106,30,5,90,29,34,23,18,11,77,17,-2.5,-4.4,2019-01-12,26.4,2019-03-16
4121,2019-20,CIUDAD REAL,CIUDAD REAL,626,152,152,138,81,14,0,86,13,29,13,35,8,49,4,-1.4,-3.0,2020-01-05,27.7,2020-03-11
4121,2020-21,CIUDAD REAL,CIUDAD REAL,626,151,151,141,79,24,13,87,22,32,21,37,9,67,11,-3.7,-6.3,2021-01-12,26.8,2021-03-31
4121,2021-22,CIUDAD REAL,CIUDAD REAL,626,151,151,147,101,20,4,88,20,15,2,29,2,49,13,-2.0,-4.2,2022-01-19,21.0,2022-02-18
4121,2022-23,CIUDAD REAL,CIUDAD REAL,626,151,151,129,78,27,4,85,23,46,26,25,13,39,10,-2.5,-4.1,2023-01-31,29.5,2023-03-29
4121,2023-24,CIUDAD REAL,CIUDAD REAL,626,151,152,133,78,18,0,85,17,29,17,31,12,54,7,-1.6,-2.8,2023-12-28,28.5,2024-03-22
4121,2024-25,CIUDAD REAL,CIUDAD REAL,626,151,151,143,78,25,3,90,25,31,8,33,8,75,4,-2.2,-5.1,2025-01-15,24.8,2025-03-31
4121,2025-26,CIUDAD REAL,CIUDAD REAL,626,151,151,146,82,16,0,87,13,29,16,51,8,100,3,-0.7,-2.7,2026-01-07,25.5,2025-11-12
4138Y,2017-18,VILLANUEVA DE LOS INFANTES,CIUDAD REAL,900,147,147,147,110,38,7,86,31,12,4,42,7,62,10,-2.9,-5.9,2018-02-08,22.3,2017-11-01
4138Y,2018-19,VILLANUEVA DE LOS INFANTES,CIUDAD REAL,900,139,139,139,101,13,4,85,13,27,12,22,6,66,4,-1.3,-6.6,2019-01-11,24.8,2019-03-16
4138Y,2019-20,VILLANUEVA DE LOS INFANTES,CIUDAD REAL,900,126,126,121,73,7,0,76,5,20,12,27,6,22,2,-0.3,-1.5,2020-01-20,26.8,2020-03-11
4138Y,2020-21,VILLANUEVA DE LOS INFANTES,CIUDAD REAL,900,151,151,141,86,31,10,89,27,31,18,42,9,69,19,-3.5,-6.0,2021-01-12,26.8,2021-03-31
4138Y,2021-22,VILLANUEVA DE LOS INFANTES,CIUDAD REAL,900,151,151,149,107,21,0,90,17,16,6,32,5,58,6,-1.4,-2.8,2021-11-28,24.9,2022-01-01
4138Y,2022-23,VILLANUEVA DE LOS INFANTES,CIUDAD REAL,900,144,144,140,74,27,13,89,24,32,20,26,12,34,11,-3.9,-6.8,2023-02-28,27.5,2023-03-29
4138Y,2023-24,VILLANUEVA DE LOS INFANTES,CIUDAD REAL,900,152,152,137,82,9,0,88,7,27,17,41,9,42,4,-0.2,-1.7,2024-02-28,25.8,2024-03-22
4138Y,2024-25,VILLANUEVA DE LOS INFANTES,CIUDAD REAL,900,150,150,146,89,20,1,88,20,24,16,30,7,34,4,-1.0,-4.4,2025-01-14,25.2,2025-03-31
4138Y,2025-26,VILLANUEVA DE LOS INFANTES,CIUDAD REAL,900,151,151,147,103,18,2,88,12,20,11,56,7,99,4,-1.1,-5.6,2026-01-06,24.3,2025-11-12
4147X,2017-18,VALDEPEÑAS,CIUDAD REAL,700,148,148,145,110,56,11,86,45,16,9,36,8,61,9,-4.4,-6.7,2018-02-24,23.3,2017-11-01
4147X,2018-19,VALDEPEÑAS,CIUDAD REAL,700,149,149,148,117,39,10,88,38,37,20,15,11,51,17,-3.8,-6.3,2019-01-12,25.8,2019-03-16
4147X,2019-20,VALDEPEÑAS,CIUDAD REAL,700,152,152,145,94,21,3,89,18,28,13,23,8,92,6,-2.2,-4.2,2020-01-13,28.6,2020-03-11
4147X,2020-21,VALDEPEÑAS,CIUDAD REAL,700,151,151,144,92,26,12,88,23,37,25,30,9,69,11,-4.2,-7.1,2021-01-12,27.4,2021-03-31
4147X,2021-22,VALDEPEÑAS,CIUDAD REAL,700,147,147,143,104,31,7,84,27,12,4,31,3,35,11,-2.8,-4.6,2022-01-19,21.6,2022-02-18
4147X,2022-23,VALDEPEÑAS,CIUDAD REAL,700,151,151,135,83,35,19,86,30,43,28,26,13,47,16,-4.6,-5.6,2023-02-28,28.5,2023-03-29
4147X,2023-24,VALDEPEÑAS,CIUDAD REAL,700,152,152,137,85,24,5,87,21,38,23,31,13,32,13,-2.4,-4.6,2023-12-27,28.8,2024-03-22
4147X,2024-25,VALDEPEÑAS,CIUDAD REAL,700,151,151,147,87,37,11,90,37,38,15,28,10,57,14,-3.5,-6.5,2025-01-15,24.7,2025-03-31
4147X,2025-26,VALDEPEÑAS,CIUDAD REAL,700,139,139,134,87,19,2,81,12,20,13,39,7,30,4,-1.4,-4.6,2026-01-07,26.1,2025-11-12
4148,2017-18,VISO DEL MARQUÉS,CIUDAD REAL,804,151,151,150,123,51,13,90,46,15,8,39,8,61,9,-3.6,-5.1,2017-12-02,21.5,2017-11-01
4148,2018-19,VISO DEL MARQUÉS,CIUDAD REAL,804,151,151,151,124,35,6,90,33,30,15,17,10,74,11,-2.3,-5.9,2019-01-11,24.6,2019-03-16
4148,2019-20,VISO DEL MARQUÉS,CIUDAD REAL,804,152,152,150,131,52,11,91,36,12,5,24,5,94,13,-3.5,-5.6,2019-12-31,25.8,2020-03-11
4148,2020-21,VISO DEL MARQUÉS,CIUDAD REAL,804,151,151,143,91,27,8,89,25,42,21,32,9,65,12,-3.1,-5.7,2021-01-06,27.1,2021-03-31
4148,2021-22,VISO DEL MARQUÉS,CIUDAD REAL,804,151,151,150,120,34,6,90,29,15,6,32,5,58,18,-2.6,-3.9,2022-01-22,21.7,2022-02-23
4148,2022-23,VISO DEL MARQUÉS,CIUDAD REAL,804,151,151,139,84,35,13,88,31,44,24,27,12,47,14,-4.3,-6.5,2023-01-25,28.1,2023-03-29
4148,2023-24,VISO DEL MARQUÉS,CIUDAD REAL,804,152,152,144,91,21,2,89,20,36,26,35,10,32,6,-1.7,-4.0,2023-12-27,25.4,2024-03-22
4148,2024-25,VISO DEL MARQUÉS,CIUDAD REAL,804,151,151,150,97,34,11,90,34,34,14,32,8,57,8,-3.3,-7.0,2025-01-14,23.7,2024-11-24
4148,2025-26,VISO DEL MARQUÉS,CIUDAD REAL,804,123,123,117,86,23,3,80,17,17,11,36,5,48,4,-1.9,-5.5,2026-01-07,25.2,2025-11-12
4193Y,2017-18,EL ROBLEDO,CIUDAD REAL,587,151,151,147,103,46,10,88,38,22,15,47,11,57,8,-3.2,-5.9,2018-02-24,23.6,2017-11-01
4193Y,2018-19,EL ROBLEDO,CIUDAD REAL,587,151,151,148,115,48,10,90,44,50,25,22,11,28,22,-3.4,-4.6,2019-01-06,26.4,2019-03-16
4193Y,2019-20,EL ROBLEDO,CIUDAD REAL,587,152,152,138,89,22,3,85,18,32,20,33,9,41,9,-1.7,-3.5,2020-01-14,27.8,2020-03-11
4193Y,2020-21,EL ROBLEDO,CIUDAD REAL,587,151,151,138,83,25,15,86,23,47,25,34,10,66,10,-4.2,-7.2,2021-01-06,26.6,2021-03-31
4193Y,2022-23,EL ROBLEDO,CIUDAD REAL,587,151,151,132,90,32,10,83,26,52,33,30,15,32,16,-3.3,-5.1,2023-03-02,28.9,2023-03-29
4193Y,2023-24,EL ROBLEDO,CIUDAD REAL,587,152,152,136,87,23,1,85,19,29,12,40,13,66,13,-2.1,-3.3,2024-01-08,27.1,2024-03-22
4193Y,2024-25,EL ROBLEDO,CIUDAD REAL,587,148,148,142,89,35,9,86,35,26,10,37,7,50,8,-3.5,-6.5,2025-01-15,24.9,2025-03-31
4193Y,2025-26,EL ROBLEDO,CIUDAD REAL,587,151,151,142,85,14,2,86,9,32,17,52,8,100,3,-1.1,-4.7,2026-01-07,24.1,2025-11-12
4195E,2023-24,"ALCORNOQUERA, PARQUE NACIONAL CABAÑEROS",CIUDAD REAL,651,152,152,142,90,15,3,88,14,29,16,17,10,60,5,-1.7,-4.3,2023-12-28,25.7,2024-03-22
4195E,2024-25,"ALCORNOQUERA, PARQUE NACIONAL CABAÑEROS",CIUDAD REAL,651,150,150,146,94,34,4,89,33,28,9,40,11,69,10,-2.5,-5.6,2025-01-15,23.7,2025-03-31
4195E,2025-26,"ALCORNOQUERA, PARQUE NACIONAL CABAÑEROS",CIUDAD REAL,651,131,131,126,81,19,1,67,13,26,15,46,8,37,4,-1.4,-5.9,2026-01-07,24.3,2025-11-12
4210Y,2019-20,ABENÓJAR,CIUDAD REAL,718,147,147,140,75,9,0,86,7,15,10,36,7,38,4,-0.2,-2.3,2019-11-16,27.4,2020-03-11
4210Y,2020-21,ABENÓJAR,CIUDAD REAL,718,151,151,142,81,26,9,88,25,35,20,37,10,68,22,-3.2,-6.0,2021-01-12,27.4,2021-03-31
4210Y,2021-22,ABENÓJAR,CIUDAD REAL,718,151,151,148,115,22,1,89,19,23,5,24,4,46,11,-1.4,-3.8,2021-11-28,21.2,2022-02-02
4210Y,2022-23,ABENÓJAR,CIUDAD REAL,718,150,150,137,78,27,6,87,24,42,21,34,13,33,11,-3.0,-4.7,2023-03-02,27.6,2023-03-29
4210Y,2023-24,ABENÓJAR,CIUDAD REAL,718,152,152,140,87,10,0,89,9,33,20,38,10,60,3,-0.8,-2.5,2023-12-28,27.5,2024-03-22
4210Y,2024-25,ABENÓJAR,CIUDAD REAL,718,151,151,144,88,18,3,90,18,31,12,37,7,57,7,-1.1,-4.0,2025-01-15,24.4,2025-03-31
4210Y,2025-26,ABENÓJAR,CIUDAD REAL,718,150,150,145,88,13,2,86,10,31,18,54,7,99,3,-0.7,-4.7,2026-01-07,24.7,2025-11-12
4220X,2017-18,PUEBLA DE DON RODRIGO,CIUDAD REAL,533,149,149,145,117,67,25,88,49,29,16,40,15,55,9,-5.2,-7.9,2018-02-24,23.7,2017-11-01
4220X,2018-19,PUEBLA DE DON RODRIGO,CIUDAD REAL,533,147,147,145,117,54,24,89,50,53,24,12,11,21,20,-4.7,-6.5,2019-01-12,26.1,2019-03-15
4220X,2019-20,PUEBLA DE DON RODRIGO,CIUDAD REAL,533,149,149,138,84,16,3,85,12,39,29,26,9,39,6,-1.1,-4.2,2020-01-12,29.5,2020-03-11
4220X,2020-21,PUEBLA DE DON RODRIGO,CIUDAD REAL,533,151,151,143,86,28,17,87,24,53,32,41,10,55,11,-4.8,-7.6,2021-01-12,26.9,2021-03-31
4220X,2021-22,PUEBLA DE DON RODRIGO,CIUDAD REAL,533,151,151,146,110,37,12,88,33,39,22,26,8,43,14,-4.0,-5.7,2022-01-19,24.0,2022-02-02
4220X,2022-23,PUEBLA DE DON RODRIGO,CIUDAD REAL,533,151,151,138,97,29,20,85,23,56,40,11,24,32,9,-4.7,-5.8,2023-01-31,28.5,2023-03-29
4220X,2023-24,PUEBLA DE DON RODRIGO,CIUDAD REAL,533,151,151,139,82,27,3,88,23,46,31,37,11,25,15,-1.5,-3.9,2023-12-19,27.9,2024-03-22
4220X,2025-26,PUEBLA DE DON RODRIGO,CIUDAD REAL,533,131,131,126,77,23,3,85,15,25,16,53,7,48,4,-2.0,-5.8,2026-01-07,25.4,2025-11-12
4236Y,2017-18,PUERTO REY,CACERES,689,151,151,148,110,23,3,90,22,17,10,46,7,93,5,-1.4,-3.7,2018-02-09,22.4,2017-11-01
4236Y,2018-19,PUERTO REY,CACERES,689,151,151,146,97,15,0,90,15,34,18,27,10,49,6,-0.9,-2.5,2019-02-03,24.0,2019-03-16
4236Y,2019-20,PUERTO REY,CACERES,689,152,152,142,69,6,0,88,5,22,11,38,6,41,3,0.4,-1.6,2019-11-16,25.2,2020-03-11
4236Y,2020-21,PUERTO REY,CACERES,689,151,151,141,66,24,7,87,24,28,12,38,7,87,10,-3.0,-5.5,2021-01-12,26.2,2021-03-31
4236Y,2021-22,PUERTO REY,CACERES,689,151,151,149,93,17,0,89,15,21,3,31,3,46,7,-0.6,-2.3,2021-11-28,21.4,2022-02-22
4236Y,2022-23,PUERTO REY,CACERES,689,151,151,135,68,15,1,85,12,34,20,33,13,42,5,-1.7,-3.8,2023-03-02,25.5,2023-03-29
4236Y,2023-24,PUERTO REY,CACERES,689,152,152,131,63,0,0,89,0,32,19,43,10,64,0,0.9,0.0,2024-03-03,24.6,2024-03-19
4236Y,2024-25,PUERTO REY,CACERES,689,151,151,136,63,3,0,89,3,25,6,44,11,77,3,1.1,-1.3,2025-01-15,23.9,2025-03-31
4236Y,2025-26,PUERTO REY,CACERES,689,145,145,139,60,2,1,85,2,30,17,58,8,50,2,0.6,-3.1,2026-01-07,22.4,2025-11-12
4244X,2017-18,HERRERA DEL DUQUE,BADAJOZ,447,142,142,131,92,28,4,76,28,27,16,42,10,32,7,-2.4,-3.6,2018-02-24,24.2,2017-11-01
4244X,2018-19,HERRERA DEL DUQUE,BADAJOZ,447,151,151,142,93,23,0,89,23,57,32,25,12,44,16,-2.2,-3.0,2019-01-12,26.0,2019-03-16
4244X,2019-20,HERRERA DEL DUQUE,BADAJOZ,447,146,146,115,55,6,0,72,5,43,17,44,9,25,4,0.3,-1.3,2020-01-12,26.8,2020-03-11
4244X,2020-21,HERRERA DEL DUQUE,BADAJOZ,447,148,148,127,65,20,10,78,19,53,25,44,10,52,10,-3.4,-6.1,2021-01-12,27.5,2021-03-31
4244X,2021-22,HERRERA DEL DUQUE,BADAJOZ,447,151,151,138,94,13,0,85,12,43,12,30,8,27,5,-0.9,-2.8,2022-01-19,23.0,2022-02-22
4244X,2022-23,HERRERA DEL DUQUE,BADAJOZ,447,151,151,125,70,23,7,81,19,55,31,36,24,37,15,-2.8,-4.6,2023-03-02,28.2,2023-03-29
4244X,2023-24,HERRERA DEL DUQUE,BADAJOZ,447,152,152,127,64,8,0,84,8,44,28,43,13,31,5,-0.0,-1.9,2023-12-19,28.0,2024-03-22
4244X,2024-25,HERRERA DEL DUQUE,BADAJOZ,447,149,149,138,80,28,4,88,28,36,17,42,6,75,6,-2.7,-5.8,2025-01-15,25.1,2025-03-31
4244X,2025-26,HERRERA DEL DUQUE,BADAJOZ,447,151,151,139,77,15,3,85,9,36,28,56,10,99,3,-1.1,-5.2,2026-01-07,24.6,2026-03-17
4245X,2017-18,GUADALUPE,CACERES,660,151,151,147,94,13,0,89,12,17,8,46,9,122,3,-0.9,-1.9,2018-02-09,21.1,2018-03-27
4245X,2018-19,GUADALUPE,CACERES,660,151,151,149,78,4,0,90,4,44,18,32,11,20,2,0.8,-1.5,2019-02-03,24.4,2019-03-16
4245X,2019-20,GUADALUPE,CACERES,660,152,152,142,56,0,0,87,0,32,13,47,8,40,0,2.3,0.1,2020-01-14,25.7,2020-03-11
4245X,2020-21,GUADALUPE,CACERES,660,151,151,139,58,18,4,88,18,31,14,47,10,67,13,-1.6,-4.7,2021-01-05,25.4,2021-03-31
4245X,2021-22,GUADALUPE,CACERES,660,151,151,149,69,2,0,89,1,24,8,34,4,30,1,0.5,-1.2,2021-11-24,21.2,2022-01-01
4245X,2022-23,GUADALUPE,CACERES,660,151,151,137,63,11,1,87,8,37,20,39,8,42,5,-0.9,-3.1,2023-03-01,25.8,2023-03-29
4245X,2023-24,GUADALUPE,CACERES,660,151,151,130,62,0,0,85,0,35,19,49,10,53,0,1.1,0.0,2024-01-07,25.7,2024-03-22
4245X,2024-25,GUADALUPE,CACERES,660,151,151,136,61,2,0,89,2,24,12,42,11,41,2,0.8,-1.1,2025-01-14,23.6,2025-03-31
4245X,2025-26,GUADALUPE,CACERES,660,151,151,146,61,6,0,88,5,29,16,67,8,100,4,0.2,-2.9,2026-01-07,22.7,2026-02-26
4260,2017-18,PERALEDA DEL ZAUCEJO,BADAJOZ,542,151,151,146,110,46,15,88,40,20,12,40,10,83,10,-4.5,-6.5,2018-02-24,22.7,2017-11-01
4260,2018-19,PERALEDA DEL ZAUCEJO,BADAJOZ,542,151,151,148,114,41,11,90,36,42,17,20,11,35,17,-3.8,-4.9,2019-01-06,24.3,2019-03-16
4260,2019-20,PERALEDA DEL ZAUCEJO,BADAJOZ,542,152,152,142,77,14,1,85,13,36,17,35,8,40,5,-0.9,-3.1,2020-01-12,27.8,2020-03-11
4260,2020-21,PERALEDA DEL ZAUCEJO,BADAJOZ,542,151,151,140,84,24,13,84,21,33,20,31,10,67,10,-4.1,-6.2,2021-01-12,27.4,2021-03-31
4260,2021-22,PERALEDA DEL ZAUCEJO,BADAJOZ,542,151,151,147,103,28,5,88,28,25,7,24,5,28,13,-2.7,-4.1,2022-01-19,21.7,2022-01-01
4260,2022-23,PERALEDA DEL ZAUCEJO,BADAJOZ,542,151,151,138,86,31,12,85,25,46,24,31,13,38,16,-4.0,-5.7,2023-02-01,27.6,2023-03-29
4260,2023-24,PERALEDA DEL ZAUCEJO,BADAJOZ,542,152,152,135,78,13,0,85,12,40,22,39,10,44,3,-1.0,-2.5,2024-01-08,24.9,2024-03-22
4260,2024-25,PERALEDA DEL ZAUCEJO,BADAJOZ,542,151,151,140,79,27,3,88,27,33,13,40,12,57,8,-2.0,-4.8,2025-01-15,23.6,2024-11-30
4260,2025-26,PERALEDA DEL ZAUCEJO,BADAJOZ,542,151,151,143,87,17,2,86,11,29,18,55,7,100,4,-1.1,-4.9,2026-01-07,23.4,2026-02-23
4263X,2017-18,VALSEQUILLO,CORDOBA,575,151,151,144,114,47,13,87,42,20,11,41,10,83,9,-4.0,-6.7,2018-02-24,22.9,2017-11-01
4263X,2018-19,VALSEQUILLO,CORDOBA,575,151,151,147,123,40,13,90,37,43,21,23,11,35,20,-4.2,-5.3,2019-01-13,24.8,2019-03-16
4263X,2019-20,VALSEQUILLO,CORDOBA,575,152,152,142,92,15,0,87,12,34,16,32,8,40,5,-1.4,-3.0,2020-01-12,28.0,2020-03-11
4263X,2020-21,VALSEQUILLO,CORDOBA,575,151,151,138,78,26,12,85,24,38,21,36,10,67,11,-4.2,-5.9,2021-01-06,27.5,2021-03-31
4263X,2021-22,VALSEQUILLO,CORDOBA,575,151,151,147,111,36,6,87,34,26,10,25,5,27,13,-2.8,-4.3,2022-01-18,21.9,2022-01-01
4263X,2022-23,VALSEQUILLO,CORDOBA,575,150,150,136,91,36,18,83,30,48,25,31,13,29,11,-4.6,-7.0,2023-02-28,27.8,2023-03-29
4263X,2023-24,VALSEQUILLO,CORDOBA,575,152,152,139,90,21,1,86,17,36,22,37,13,54,7,-1.4,-3.2,2024-01-08,26.0,2024-03-22
4263X,2024-25,VALSEQUILLO,CORDOBA,575,147,147,139,84,28,7,88,28,32,17,38,8,57,8,-2.6,-5.6,2025-01-15,24.0,2025-03-31
4263X,2025-26,VALSEQUILLO,CORDOBA,575,151,151,142,83,11,1,87,10,28,18,59,7,100,2,-0.5,-4.2,2026-01-07,24.0,2026-02-23
4267X,2017-18,HINOJOSA DEL DUQUE,CORDOBA,551,149,149,145,110,35,5,88,32,16,7,38,9,121,8,-2.6,-5.0,2018-02-24,22.6,2017-11-01
4267X,2018-19,HINOJOSA DEL DUQUE,CORDOBA,551,138,138,137,111,28,5,81,24,36,15,18,9,14,8,-2.4,-4.3,2019-02-04,24.4,2019-03-16
4267X,2019-20,HINOJOSA DEL DUQUE,CORDOBA,551,152,152,145,76,12,0,89,10,32,17,29,8,40,4,-0.7,-1.9,2020-01-14,28.5,2020-03-11
4267X,2020-21,HINOJOSA DEL DUQUE,CORDOBA,551,143,143,130,66,20,7,80,20,38,23,30,9,23,11,-2.8,-5.6,2021-01-06,28.6,2021-03-31
4267X,2021-22,HINOJOSA DEL DUQUE,CORDOBA,551,148,148,143,99,23,3,88,22,28,8,25,5,29,13,-2.1,-3.9,2022-01-22,21.0,2022-02-18
4267X,2022-23,HINOJOSA DEL DUQUE,CORDOBA,551,149,149,133,77,31,11,85,27,50,31,27,13,34,15,-3.6,-5.0,2023-01-30,28.2,2023-03-29
4267X,2023-24,HINOJOSA DEL DUQUE,CORDOBA,551,151,151,134,77,14,0,87,13,43,24,38,13,32,4,-0.8,-2.6,2024-01-08,25.9,2024-03-22
4267X,2024-25,HINOJOSA DEL DUQUE,CORDOBA,551,148,148,137,75,19,2,86,19,36,20,38,12,27,6,-1.5,-3.8,2025-01-15,24.1,2025-03-31
4267X,2025-26,HINOJOSA DEL DUQUE,CORDOBA,551,151,151,143,74,11,1,87,9,33,19,56,7,73,3,-0.4,-3.1,2026-01-06,24.0,2026-02-23
4300Y,2017-18,ALMADÉN,CIUDAD REAL,535,151,151,136,79,9,0,85,9,28,14,38,15,59,3,-0.2,-3.0,2018-02-09,24.8,2017-11-01
4300Y,2018-19,ALMADÉN,CIUDAD REAL,535,144,144,139,58,3,0,83,3,54,36,21,11,20,2,1.0,-0.2,2019-01-11,26.8,2019-03-16
4300Y,2019-20,ALMADÉN,CIUDAD REAL,535,151,151,130,38,0,0,84,0,45,27,30,9,40,0,2.5,0.2,2020-01-14,30.0,2020-03-11
4300Y,2020-21,ALMADÉN,CIUDAD REAL,535,151,151,126,46,13,2,83,13,58,41,38,10,46,5,-1.5,-3.7,2021-01-03,30.2,2021-03-31
4300Y,2021-22,ALMADÉN,CIUDAD REAL,535,151,151,142,58,0,0,85,0,43,29,22,7,25,0,1.4,0.2,2021-12-03,24.2,2022-02-02
4300Y,2022-23,ALMADÉN,CIUDAD REAL,535,151,151,121,55,14,0,81,11,59,36,17,13,33,5,-0.9,-3.0,2023-03-02,29.2,2023-03-29
4300Y,2023-24,ALMADÉN,CIUDAD REAL,535,152,152,122,50,5,0,80,5,45,31,24,13,32,2,1.3,-1.2,2023-12-27,26.4,2024-03-22
4300Y,2024-25,ALMADÉN,CIUDAD REAL,535,150,150,128,51,4,0,86,4,46,28,36,11,23,2,0.9,-2.4,2025-01-15,25.4,2025-03-31
4300Y,2025-26,ALMADÉN,CIUDAD REAL,535,151,151,141,48,3,1,87,3,42,27,56,10,73,2,0.8,-3.4,2026-01-07,25.0,2026-03-17
4325Y,2021-22,CASTUERA,BADAJOZ,459,151,151,138,60,1,0,82,1,19,3,23,3,45,1,1.9,-0.6,2022-01-22,21.6,2022-02-23
4325Y,2022-23,CASTUERA,BADAJOZ,459,151,151,109,50,9,0,75,8,50,25,29,15,48,4,-0.6,-1.8,2023-01-30,28.0,2023-03-29
4325Y,2023-24,CASTUERA,BADAJOZ,459,152,152,119,51,2,0,80,2,32,20,35,10,53,1,2.0,-0.7,2023-12-26,24.8,2024-03-19
4325Y,2024-25,CASTUERA,BADAJOZ,459,151,151,124,45,1,0,85,1,35,15,37,11,49,1,1.4,-0.8,2025-01-14,23.8,2025-03-31
4325Y,2025-26,CASTUERA,BADAJOZ,459,151,151,134,44,2,0,84,2,33,21,49,8,99,1,1.5,-1.8,2026-01-06,23.9,2026-03-31
4339X,2017-18,CAÑAMERO,CACERES,590,151,151,143,84,9,0,89,9,18,6,43,9,93,3,-0.1,-2.0,2018-02-03,23.0,2017-11-01
4339X,2018-19,CAÑAMERO,CACERES,590,151,151,141,58,3,0,89,3,30,13,29,10,72,1,1.3,-1.1,2019-02-03,23.3,2019-03-15
4339X,2019-20,CAÑAMERO,CACERES,590,152,152,136,44,1,0,84,0,18,10,46,6,52,1,2.9,-0.8,2019-11-16,24.9,2020-03-12
4339X,2020-21,CAÑAMERO,CACERES,590,151,151,128,45,14,2,85,14,29,11,45,6,68,5,-1.4,-3.7,2021-01-03,25.7,2021-03-31
4339X,2021-22,CAÑAMERO,CACERES,590,151,151,145,52,1,0,88,0,17,2,36,3,46,1,1.4,-0.4,2021-11-28,20.5,2022-02-22
4339X,2022-23,CAÑAMERO,CACERES,590,151,151,125,46,8,0,84,5,29,17,42,7,54,4,-0.1,-2.4,2023-02-28,25.0,2023-03-28
4339X,2023-24,CAÑAMERO,CACERES,590,152,152,125,58,1,0,82,1,28,17,48,6,63,1,1.5,-0.6,2023-12-27,26.2,2024-03-22
4339X,2024-25,CAÑAMERO,CACERES,590,151,151,128,53,3,0,88,3,21,12,44,9,107,2,1.1,-1.2,2025-01-15,24.4,2025-03-31
4339X,2025-26,CAÑAMERO,CACERES,590,151,151,136,56,4,2,83,4,29,15,61,7,100,3,1.0,-3.5,2026-01-07,22.6,2026-03-17
4340,2017-18,NAVALVILLAR DE PELA,BADAJOZ,313,151,151,138,86,21,0,83,21,29,15,43,10,39,6,-1.4,-2.9,2018-02-09,24.9,2017-11-01
4340,2018-19,NAVALVILLAR DE PELA,BADAJOZ,313,151,151,139,81,18,0,89,18,53,30,20,12,44,5,-1.2,-2.5,2019-01-12,26.5,2019-03-16
4340,2019-20,NAVALVILLAR DE PELA,BADAJOZ,313,152,152,123,43,5,0,78,4,46,20,32,8,27,3,0.8,-1.3,2020-01-13,27.6,2020-03-12
4340,2020-21,NAVALVILLAR DE PELA,BADAJOZ,313,151,151,123,51,16,6,81,16,52,27,36,10,57,8,-2.8,-4.3,2021-01-12,28.3,2021-03-31
4340,2021-22,NAVALVILLAR DE PELA,BADAJOZ,313,151,151,135,76,5,0,84,5,47,15,27,8,25,3,0.2,-1.3,2022-01-19,22.3,2022-03-28
4340,2022-23,NAVALVILLAR DE PELA,BADAJOZ,313,151,151,121,63,23,2,80,19,57,31,30,24,39,15,-2.3,-3.5,2023-03-02,29.1,2023-03-29
4340,2023-24,NAVALVILLAR DE PELA,BADAJOZ,313,152,152,120,53,5,0,82,5,45,28,38,14,53,2,0.4,-0.9,2024-01-08,26.6,2024-03-22
4340,2024-25,NAVALVILLAR DE PELA,BADAJOZ,313,151,151,126,59,13,1,85,13,48,28,40,12,21,4,-0.8,-4.2,2025-01-15,25.5,2025-03-31
4340,2025-26,NAVALVILLAR DE PELA,BADAJOZ,313,151,151,133,49,7,2,82,6,47,30,55,13,69,3,0.2,-3.9,2026-01-06,25.0,2025-11-05
4347X,2017-18,ZORITA,CACERES,413,151,151,138,71,3,0,85,3,24,12,41,10,93,3,0.8,-0.7,2018-02-09,23.3,2017-11-01
4347X,2018-19,ZORITA,CACERES,413,151,151,131,50,0,0,88,0,41,17,24,11,66,0,1.7,0.5,2019-01-07,24.6,2019-03-16
4347X,2019-20,ZORITA,CACERES,413,152,152,120,28,0,0,75,0,29,12,38,7,40,0,3.3,1.1,2019-11-16,25.0,2020-03-11
4347X,2020-21,ZORITA,CACERES,413,151,151,122,43,10,0,84,10,44,19,39,10,57,4,-0.6,-2.5,2021-01-06,26.9,2021-03-31
4347X,2021-22,ZORITA,CACERES,413,141,141,125,46,1,0,73,0,32,8,18,6,29,1,1.8,-0.4,2021-11-28,22.4,2022-02-22
4347X,2022-23,ZORITA,CACERES,413,151,151,112,38,11,0,73,9,43,24,34,13,41,7,-0.2,-1.3,2023-03-02,27.2,2023-03-29
4347X,2023-24,ZORITA,CACERES,413,152,152,117,45,0,0,79,0,33,18,44,10,63,0,2.3,0.9,2023-12-21,25.8,2024-03-22
4347X,2024-25,ZORITA,CACERES,413,151,151,123,40,2,0,84,2,33,16,47,12,75,2,2.2,-0.6,2025-01-15,23.8,2025-03-31
4347X,2025-26,ZORITA,CACERES,413,149,149,122,46,3,0,78,3,31,20,55,8,100,2,1.7,-2.1,2026-01-07,24.6,2026-03-31
4358X,2017-18,DON BENITO,BADAJOZ,274,146,146,130,84,11,0,82,11,39,19,36,12,50,6,-0.6,-1.9,2017-12-06,26.1,2017-11-01
4358X,2018-19,DON BENITO,BADAJOZ,274,151,151,135,63,12,0,89,12,60,38,22,23,44,5,-1.5,-2.8,2019-01-07,28.3,2019-03-16
4358X,2019-20,DON BENITO,BADAJOZ,274,152,152,122,37,3,0,78,3,60,24,32,13,17,3,0.9,-0.5,2020-01-13,28.9,2020-03-12
4358X,2020-21,DON BENITO,BADAJOZ,274,148,148,113,41,14,2,75,14,59,35,32,18,56,9,-1.9,-4.7,2021-01-06,29.3,2021-03-31
4358X,2021-22,DON BENITO,BADAJOZ,274,151,151,129,66,3,0,81,3,62,23,22,12,25,3,1.0,-1.0,2022-01-20,23.4,2022-02-22
4358X,2022-23,DON BENITO,BADAJOZ,274,150,150,110,44,17,0,71,14,71,42,31,25,18,12,-1.0,-2.1,2023-03-02,29.7,2023-03-29
4358X,2023-24,DON BENITO,BADAJOZ,274,145,145,112,44,3,0,75,3,55,28,35,14,34,1,1.3,-1.4,2024-01-08,27.8,2024-03-22
4358X,2024-25,DON BENITO,BADAJOZ,274,150,150,119,48,6,0,82,6,48,27,41,8,21,3,0.0,-2.8,2025-01-15,25.9,2025-03-31
4358X,2025-26,DON BENITO,BADAJOZ,274,143,143,117,42,3,0,73,3,48,29,51,13,27,2,1.6,-1.6,2026-01-06,27.2,2026-03-31
4362X,2022-23,RETAMAL DE LLERENA,BADAJOZ,474,151,151,137,79,30,15,86,24,51,26,34,13,32,16,-5.0,-5.8,2023-03-01,27.6,2023-03-29
4362X,2023-24,RETAMAL DE LLERENA,BADAJOZ,474,152,152,135,75,22,0,85,19,42,26,38,13,44,12,-1.1,-2.6,2024-01-08,25.9,2024-03-22
4362X,2024-25,RETAMAL DE LLERENA,BADAJOZ,474,142,142,130,74,32,5,82,31,30,14,41,5,30,8,-2.6,-5.2,2025-01-15,24.1,2025-03-31
4362X,2025-26,RETAMAL DE LLERENA,BADAJOZ,474,151,151,141,79,15,2,85,10,30,19,59,7,100,2,-1.1,-4.7,2026-01-07,23.2,2026-03-31
4386B,2017-18,LLERENA,BADAJOZ,655,151,151,140,84,13,0,89,12,20,9,39,10,57,5,-0.5,-2.6,2018-02-08,23.0,2017-11-21
4386B,2018-19,LLERENA,BADAJOZ,655,151,151,143,51,1,0,88,1,41,17,22,11,31,1,1.9,-0.7,2019-02-03,24.0,2019-03-16
4386B,2019-20,LLERENA,BADAJOZ,655,152,152,134,35,0,0,83,0,30,15,37,8,40,0,2.4,0.5,2019-11-16,27.1,2020-03-11
4386B,2020-21,LLERENA,BADAJOZ,655,151,151,126,41,8,0,85,8,33,19,43,10,36,3,-0.1,-2.8,2021-01-11,25.8,2021-03-31
4386B,2021-22,LLERENA,BADAJOZ,655,151,151,141,57,0,0,81,0,26,7,28,5,29,0,1.9,0.6,2022-01-14,22.6,2022-01-01
4386B,2022-23,LLERENA,BADAJOZ,655,151,151,114,47,8,0,76,7,41,24,30,13,39,6,-0.1,-2.0,2023-03-01,27.4,2023-03-29
4386B,2023-24,LLERENA,BADAJOZ,655,152,152,118,46,2,0,77,2,39,20,36,12,42,2,2.1,-2.4,2023-12-27,25.5,2024-03-23
4386B,2024-25,LLERENA,BADAJOZ,655,149,149,127,45,1,0,86,1,31,9,35,6,34,1,1.8,-0.1,2025-01-14,24.2,2024-11-30
4386B,2025-26,LLERENA,BADAJOZ,655,149,149,135,58,3,0,80,3,25,8,62,7,73,3,1.0,-2.8,2026-01-06,22.9,2025-11-03
4395X,2017-18,VILLAFRANCA DE LOS BARROS,BADAJOZ,430,151,151,138,100,34,8,85,30,23,14,30,10,56,8,-3.0,-6.3,2018-02-08,24.2,2017-11-21
4395X,2018-19,VILLAFRANCA DE LOS BARROS,BADAJOZ,430,151,151,145,98,25,5,89,25,56,23,22,12,22,18,-2.7,-5.4,2019-01-12,25.3,2019-03-16
4395X,2019-20,VILLAFRANCA DE LOS BARROS,BADAJOZ,430,151,151,134,68,11,1,81,9,44,26,29,9,34,8,-0.6,-3.4,2020-01-11,28.9,2020-03-11
4395X,2020-21,VILLAFRANCA DE LOS BARROS,BADAJOZ,430,147,147,125,66,20,10,81,17,43,20,35,14,36,8,-3.8,-6.8,2021-01-06,29.6,2021-03-31
4395X,2021-22,VILLAFRANCA DE LOS BARROS,BADAJOZ,430,151,151,144,102,15,0,87,13,36,13,22,6,26,4,-1.1,-2.6,2022-02-01,23.6,2022-01-01
4395X,2022-23,VILLAFRANCA DE LOS BARROS,BADAJOZ,430,151,151,131,73,26,14,82,21,62,34,32,25,33,17,-4.4,-6.0,2023-03-01,28.5,2023-03-29
4395X,2023-24,VILLAFRANCA DE LOS BARROS,BADAJOZ,430,152,152,131,62,14,0,83,11,56,28,32,14,20,7,-0.5,-1.4,2024-01-07,26.9,2024-03-22
4395X,2024-25,VILLAFRANCA DE LOS BARROS,BADAJOZ,430,151,151,135,62,19,2,85,19,44,23,39,12,49,4,-2.3,-4.6,2025-01-15,25.8,2025-03-31
4395X,2025-26,VILLAFRANCA DE LOS BARROS,BADAJOZ,430,151,151,133,67,9,0,81,6,32,22,51,7,100,2,-0.1,-2.5,2025-11-22,24.6,2026-02-23
4410X,2017-18,MÉRIDA,BADAJOZ,228,148,148,133,92,22,2,80,22,47,26,36,24,20,6,-1.6,-4.3,2018-02-08,26.0,2017-11-01
4410X,2018-19,MÉRIDA,BADAJOZ,228,151,151,141,89,16,1,89,16,68,48,23,24,22,10,-2.0,-3.7,2019-01-12,27.1,2019-03-16
4410X,2019-20,MÉRIDA,BADAJOZ,228,151,151,129,60,7,0,80,7,67,35,32,9,17,5,0.1,-1.8,2020-01-11,28.0,2020-03-11
4410X,2020-21,MÉRIDA,BADAJOZ,228,151,151,123,62,21,7,79,19,63,38,33,11,52,10,-2.8,-5.0,2021-01-13,30.6,2021-03-31
4410X,2021-22,MÉRIDA,BADAJOZ,228,151,151,137,94,9,0,85,8,58,26,23,9,21,4,-0.2,-1.4,2022-01-20,22.8,2022-02-22
4410X,2022-23,MÉRIDA,BADAJOZ,228,150,150,124,60,21,8,77,18,75,46,34,25,12,14,-3.1,-4.9,2023-03-02,29.1,2023-03-28
4410X,2023-24,MÉRIDA,BADAJOZ,228,152,152,120,59,7,0,80,6,69,40,35,15,20,2,0.1,-1.8,2024-01-07,26.5,2024-03-19
4410X,2024-25,MÉRIDA,BADAJOZ,228,150,150,126,66,11,2,85,11,65,29,46,12,13,3,-0.9,-4.7,2025-01-15,26.7,2025-03-31
4410X,2025-26,MÉRIDA,BADAJOZ,228,151,151,128,56,5,0,78,4,54,33,58,18,69,2,0.4,-2.6,2026-01-07,26.6,2026-03-31
4411C,2017-18,ALCUESCAR,CACERES,467,151,151,142,89,16,2,87,15,21,13,40,10,83,5,-1.1,-3.4,2018-02-07,23.1,2017-11-01
4411C,2018-19,ALCUESCAR,CACERES,467,151,151,142,65,8,0,89,8,43,20,24,10,45,3,-0.1,-2.2,2019-01-12,24.0,2019-03-16
4411C,2019-20,ALCUESCAR,CACERES,467,152,152,132,50,1,0,81,0,32,13,39,7,40,1,2.1,-1.0,2019-11-16,26.2,2020-03-11
4411C,2020-21,ALCUESCAR,CACERES,467,151,151,126,49,18,2,83,17,35,17,41,10,66,7,-1.8,-4.4,2021-01-06,26.5,2021-03-31
4411C,2021-22,ALCUESCAR,CACERES,467,151,151,142,67,1,0,87,0,29,5,24,5,26,1,0.8,-0.7,2021-11-28,20.8,2022-02-22
4411C,2022-23,ALCUESCAR,CACERES,467,151,151,121,53,16,0,81,14,38,23,36,13,51,10,-1.7,-3.0,2023-02-28,26.7,2023-03-28
4411C,2023-24,ALCUESCAR,CACERES,467,152,152,118,58,2,0,80,2,35,20,41,10,58,1,1.3,-0.5,2023-12-18,25.6,2024-03-22
4411C,2024-25,ALCUESCAR,CACERES,467,151,151,128,57,7,0,86,7,25,15,41,11,81,2,0.2,-1.5,2025-01-14,23.9,2025-03-31
4411C,2025-26,ALCUESCAR,CACERES,467,151,151,142,59,8,1,87,7,32,21,61,7,100,2,0.1,-3.2,2026-01-06,24.2,2026-03-31
4427X,2017-18,ZAFRA,BADAJOZ,433,149,149,136,101,30,6,83,26,27,17,34,10,53,7,-2.4,-3.6,2018-02-03,24.3,2017-11-21
4427X,2018-19,ZAFRA,BADAJOZ,433,151,151,143,106,18,2,89,18,56,28,28,12,23,10,-1.6,-3.3,2019-01-12,25.5,2019-03-15
4427X,2019-20,ZAFRA,BADAJOZ,433,152,152,132,70,6,0,81,5,45,28,34,9,34,5,0.2,-2.4,2020-01-11,28.3,2020-03-11
4427X,2020-21,ZAFRA,BADAJOZ,433,151,151,130,67,20,8,80,19,49,28,42,18,26,9,-3.1,-5.5,2021-01-12,27.2,2021-03-31
4427X,2021-22,ZAFRA,BADAJOZ,433,151,151,144,98,15,0,85,12,43,18,26,7,25,7,-0.9,-1.7,2021-11-28,24.4,2021-12-31
4427X,2022-23,ZAFRA,BADAJOZ,433,149,149,129,71,24,10,81,21,63,40,36,13,32,15,-3.6,-4.6,2023-01-28,29.4,2023-03-28
4427X,2023-24,ZAFRA,BADAJOZ,433,152,152,126,67,7,0,82,6,57,34,35,15,20,1,0.0,-1.2,2023-12-27,27.6,2024-03-23
4427X,2024-25,ZAFRA,BADAJOZ,433,149,149,134,68,15,1,85,15,48,25,43,11,32,6,-0.9,-3.2,2025-01-15,24.2,2024-11-06
4427X,2025-26,ZAFRA,BADAJOZ,433,151,151,131,69,9,1,80,7,39,24,54,10,69,3,-0.5,-4.6,2026-01-06,24.7,2026-02-23
4436Y,2017-18,ALMENDRALEJO,BADAJOZ,371,151,151,135,79,10,0,83,10,25,14,35,10,83,4,-0.8,-2.4,2018-02-23,24.1,2017-11-01
4436Y,2018-19,ALMENDRALEJO,BADAJOZ,371,151,151,141,72,9,0,89,9,48,24,27,13,46,4,-0.5,-1.9,2019-01-12,26.3,2019-03-16
4436Y,2019-20,ALMENDRALEJO,BADAJOZ,371,152,152,131,42,2,0,80,2,39,18,35,9,38,2,1.7,-0.5,2020-01-14,28.4,2020-03-11
4436Y,2020-21,ALMENDRALEJO,BADAJOZ,371,151,151,125,47,13,3,80,13,45,21,36,12,83,8,-1.4,-5.3,2021-01-06,29.8,2021-03-31
4436Y,2021-22,ALMENDRALEJO,BADAJOZ,371,151,151,139,72,3,0,84,3,35,8,23,6,27,2,0.7,-0.5,2022-01-20,21.6,2022-02-22
4436Y,2022-23,ALMENDRALEJO,BADAJOZ,371,151,151,117,53,15,1,78,12,59,32,34,25,33,9,-1.2,-3.2,2023-01-30,28.3,2023-03-29
4436Y,2023-24,ALMENDRALEJO,BADAJOZ,371,152,152,118,49,2,0,80,2,49,26,35,14,32,1,1.0,-0.2,2023-12-18,26.2,2024-03-19
4436Y,2024-25,ALMENDRALEJO,BADAJOZ,371,151,151,126,49,7,0,84,7,36,21,43,10,74,3,0.2,-1.9,2025-01-15,25.3,2025-03-31
4436Y,2025-26,ALMENDRALEJO,BADAJOZ,371,146,146,121,45,4,0,79,3,34,23,54,10,100,2,1.1,-1.6,2025-12-27,25.4,2026-02-24
4452,2017-18,BADAJOZ AEROPUERTO,BADAJOZ,186,151,151,133,79,17,0,81,17,43,23,35,10,20,6,-0.9,-2.6,2017-12-06,24.9,2017-11-01
4452,2018-19,BADAJOZ AEROPUERTO,BADAJOZ,186,151,151,142,81,19,2,89,19,63,40,19,23,44,16,-2.2,-3.7,2019-01-07,27.6,2019-03-26
4452,2019-20,BADAJOZ AEROPUERTO,BADAJOZ,186,152,152,123,46,7,0,81,7,67,31,28,13,20,4,0.4,-2.0,2020-01-12,28.0,2020-03-11
4452,2020-21,BADAJOZ AEROPUERTO,BADAJOZ,186,151,151,116,48,14,3,72,14,58,36,35,11,44,9,-2.3,-4.5,2021-01-13,32.4,2021-03-31
4452,2021-22,BADAJOZ AEROPUERTO,BADAJOZ,186,151,151,134,81,11,0,82,11,57,25,25,9,19,7,-0.3,-2.6,2022-01-20,23.1,2022-02-22
4452,2022-23,BADAJOZ AEROPUERTO,BADAJOZ,186,151,151,118,51,15,0,76,12,65,42,32,25,33,9,-1.6,-2.7,2023-03-02,29.0,2023-03-28
4452,2023-24,BADAJOZ AEROPUERTO,BADAJOZ,186,152,152,107,46,4,0,75,4,66,33,35,14,20,2,0.6,-1.1,2023-12-19,27.0,2024-03-23
4452,2024-25,BADAJOZ AEROPUERTO,BADAJOZ,186,151,151,125,51,15,2,85,15,55,23,41,12,21,4,-1.1,-4.3,2025-01-15,27.6,2025-03-31
4452,2025-26,BADAJOZ AEROPUERTO,BADAJOZ,186,151,151,121,41,1,0,75,1,56,35,56,14,37,1,1.3,-0.5,2025-12-27,26.7,2026-03-17
4464X,2017-18,ALBURQUERQUE,BADAJOZ,283,151,151,140,92,25,3,85,25,37,18,44,16,27,8,-1.4,-4.5,2018-02-24,24.2,2018-03-27
4464X,2018-19,ALBURQUERQUE,BADAJOZ,283,141,141,134,104,24,2,89,24,47,27,24,11,22,10,-2.1,-3.9,2019-01-06,25.2,2019-03-16
4464X,2019-20,ALBURQUERQUE,BADAJOZ,283,152,152,132,63,6,0,82,6,46,19,37,7,34,3,0.1,-2.5,2020-01-13,25.4,2020-03-11
4464X,2020-21,ALBURQUERQUE,BADAJOZ,283,151,151,127,66,20,10,80,20,46,20,41,10,63,9,-3.8,-5.9,2021-01-12,28.2,2021-03-31
4464X,2021-22,ALBURQUERQUE,BADAJOZ,283,151,151,138,94,16,0,83,12,48,16,21,8,25,4,-0.8,-2.9,2022-01-18,22.3,2022-02-22
4464X,2022-23,ALBURQUERQUE,BADAJOZ,283,149,149,122,63,15,3,75,12,54,33,38,14,32,7,-1.4,-4.9,2023-03-02,27.6,2023-03-28
4464X,2023-24,ALBURQUERQUE,BADAJOZ,283,152,152,126,63,8,0,80,8,50,26,37,11,41,3,-0.1,-1.9,2024-01-07,25.7,2024-03-22
4464X,2024-25,ALBURQUERQUE,BADAJOZ,283,151,151,130,72,16,1,86,15,44,20,43,11,24,3,-1.6,-4.8,2025-01-15,24.2,2025-03-31
4464X,2025-26,ALBURQUERQUE,BADAJOZ,283,147,147,125,63,8,0,78,7,36,23,61,9,77,2,-0.1,-2.4,2025-12-27,24.7,2026-03-31
4468X,2017-18,PUEBLA DE OBANDO,BADAJOZ,392,151,151,139,83,10,0,86,10,27,14,40,11,68,3,-0.5,-1.4,2017-12-04,22.9,2017-11-01
4468X,2018-19,PUEBLA DE OBANDO,BADAJOZ,392,151,151,144,83,7,0,89,7,45,19,27,10,44,4,0.1,-1.9,2019-02-04,24.2,2019-03-15
4468X,2019-20,PUEBLA DE OBANDO,BADAJOZ,392,152,152,133,57,2,0,83,2,36,12,40,7,40,2,1.3,-0.6,2020-01-12,25.6,2020-03-11
4468X,2020-21,PUEBLA DE OBANDO,BADAJOZ,392,151,151,129,56,16,2,83,16,38,15,43,10,65,9,-1.6,-4.0,2021-01-12,26.6,2021-03-31
4468X,2021-22,PUEBLA DE OBANDO,BADAJOZ,392,149,149,139,70,5,0,85,3,33,6,26,8,26,3,0.6,-0.8,2022-01-19,20.9,2022-01-01
4468X,2022-23,PUEBLA DE OBANDO,BADAJOZ,392,151,151,124,54,10,0,78,7,39,20,39,13,42,4,-0.4,-1.7,2023-02-24,26.1,2023-03-28
4468X,2023-24,PUEBLA DE OBANDO,BADAJOZ,392,152,152,124,52,2,0,81,2,34,23,38,10,55,1,1.3,-0.4,2024-01-08,24.7,2024-03-22
4468X,2024-25,PUEBLA DE OBANDO,BADAJOZ,392,151,151,130,62,8,0,86,8,29,13,40,10,39,3,-0.1,-2.5,2025-01-15,22.9,2024-11-06
4468X,2025-26,PUEBLA DE OBANDO,BADAJOZ,392,149,149,139,58,5,0,87,5,28,18,57,7,100,2,0.3,-2.2,2025-12-22,23.1,2026-03-31
4478X,2017-18,BADAJOZ,BADAJOZ,174,151,151,137,86,23,1,83,23,44,27,35,24,20,8,-1.5,-3.4,2018-02-08,25.1,2018-03-27
4478X,2018-19,BADAJOZ,BADAJOZ,174,145,145,133,85,18,1,88,18,57,35,23,18,44,14,-2.0,-3.2,2019-01-13,25.8,2019-03-16
4478X,2019-20,BADAJOZ,BADAJOZ,174,152,152,124,50,6,0,81,5,76,33,36,16,16,3,0.1,-2.3,2020-01-12,27.4,2020-03-11
4478X,2020-21,BADAJOZ,BADAJOZ,174,151,151,115,53,18,8,72,18,63,40,40,11,61,9,-3.1,-5.2,2021-01-13,31.5,2021-03-31
4478X,2021-22,BADAJOZ,BADAJOZ,174,151,151,133,96,13,0,82,12,70,40,24,13,19,6,-0.9,-2.7,2022-01-20,23.8,2022-02-22
4478X,2022-23,BADAJOZ,BADAJOZ,174,151,151,119,58,20,2,76,17,73,39,30,25,13,15,-2.2,-3.7,2023-03-02,29.4,2023-03-28
4478X,2023-24,BADAJOZ,BADAJOZ,174,152,152,118,49,4,0,78,4,67,32,35,15,33,2,0.8,-1.4,2024-01-07,26.9,2024-03-23
4478X,2024-25,BADAJOZ,BADAJOZ,174,151,151,123,58,14,1,84,14,72,38,41,12,13,3,-0.9,-3.9,2025-01-15,28.2,2025-03-31
4478X,2025-26,BADAJOZ,BADAJOZ,174,149,149,118,44,2,0,72,2,62,39,53,13,30,1,1.0,-0.7,2025-12-26,27.1,2026-03-31
4486X,2017-18,OLIVENZA,BADAJOZ,275,151,151,133,76,8,0,81,8,31,16,41,10,46,3,-0.1,-2.3,2018-02-08,23.7,2017-11-22
4486X,2018-19,OLIVENZA,BADAJOZ,275,151,151,140,70,10,0,88,10,49,25,23,13,48,5,-0.6,-2.5,2019-01-12,25.9,2019-03-26
4486X,2019-20,OLIVENZA,BADAJOZ,275,152,152,121,41,2,0,75,2,40,23,34,6,41,2,1.4,-0.6,2020-01-13,25.9,2020-03-11
4486X,2020-21,OLIVENZA,BADAJOZ,275,151,151,120,44,12,2,75,12,45,23,37,10,83,8,-1.6,-3.4,2021-01-12,30.1,2021-03-31
4486X,2021-22,OLIVENZA,BADAJOZ,275,148,148,131,65,4,0,78,4,46,16,23,8,20,3,0.6,-1.7,2022-01-20,21.9,2022-02-11
4486X,2022-23,OLIVENZA,BADAJOZ,275,151,151,106,47,9,0,69,8,61,33,30,25,33,5,-0.4,-2.1,2023-01-30,28.5,2023-03-28
4486X,2023-24,OLIVENZA,BADAJOZ,275,152,152,111,41,1,0,74,1,51,21,35,14,32,1,1.5,-0.1,2023-12-18,25.2,2024-03-17
4486X,2024-25,OLIVENZA,BADAJOZ,275,151,151,119,45,5,0,80,5,45,24,44,11,33,2,0.5,-2.1,2025-01-14,26.9,2025-03-31
4486X,2025-26,OLIVENZA,BADAJOZ,275,151,151,120,39,1,0,78,1,46,25,60,13,49,1,2.2,-1.1,2025-12-27,24.7,2026-03-17
4489X,2017-18,ALCONCHEL,BADAJOZ,170,151,151,130,68,6,0,81,6,32,20,34,15,80,2,0.2,-1.2,2018-02-03,23.6,2017-11-01
4489X,2018-19,ALCONCHEL,BADAJOZ,170,151,151,135,56,6,0,88,6,52,27,24,11,48,3,0.1,-0.9,2019-01-06,25.6,2019-03-26
4489X,2019-20,ALCONCHEL,BADAJOZ,170,152,152,118,31,1,0,78,1,49,24,27,6,20,1,2.2,-0.8,2020-01-13,25.6,2020-03-10
4489X,2020-21,ALCONCHEL,BADAJOZ,170,151,151,110,40,12,2,69,12,46,25,39,17,82,7,-1.1,-3.3,2021-01-12,29.5,2021-03-31
4489X,2021-22,ALCONCHEL,BADAJOZ,170,151,151,130,53,1,0,81,1,50,16,21,8,27,1,1.7,-0.3,2022-01-20,22.5,2022-02-22
4489X,2022-23,ALCONCHEL,BADAJOZ,170,151,151,109,39,8,0,70,5,64,33,28,25,33,3,-0.1,-1.8,2023-03-02,27.9,2023-03-28
4489X,2023-24,ALCONCHEL,BADAJOZ,170,152,152,109,39,0,0,73,0,52,25,33,13,20,0,2.2,0.4,2024-01-07,25.5,2024-03-22
4489X,2024-25,ALCONCHEL,BADAJOZ,170,151,151,115,45,3,0,80,3,48,22,41,12,23,3,1.1,-1.7,2025-01-15,24.9,2025-03-31
4489X,2025-26,ALCONCHEL,BADAJOZ,170,151,151,113,35,1,0,72,1,49,27,60,13,49,1,1.8,-0.2,2026-01-06,25.2,2026-03-31
4492F,2017-18,BARCARROTA,BADAJOZ,377,151,151,134,96,30,3,83,29,25,16,45,9,80,5,-2.2,-4.2,2018-02-08,23.0,2017-11-21
4492F,2018-19,BARCARROTA,BADAJOZ,377,150,150,142,94,16,1,89,16,54,34,32,11,29,5,-1.8,-3.1,2019-01-06,24.8,2019-03-15
4492F,2019-20,BARCARROTA,BADAJOZ,377,152,152,127,61,7,0,81,6,45,26,45,6,33,4,0.3,-2.7,2020-01-13,28.7,2020-03-11
4492F,2020-21,BARCARROTA,BADAJOZ,377,151,151,125,60,20,11,78,20,55,29,48,20,27,10,-3.6,-5.3,2021-01-12,28.9,2021-03-31
4492F,2021-22,BARCARROTA,BADAJOZ,377,151,151,134,92,10,0,82,7,48,21,25,8,25,2,-0.6,-2.4,2022-01-09,24.9,2021-12-31
4492F,2022-23,BARCARROTA,BADAJOZ,377,151,151,123,65,19,6,76,15,58,33,37,13,32,11,-2.5,-5.6,2023-03-02,28.6,2023-03-28
4492F,2023-24,BARCARROTA,BADAJOZ,377,148,148,116,55,10,0,76,10,56,33,42,13,20,3,-0.7,-2.1,2024-01-07,26.5,2024-03-22
4492F,2024-25,BARCARROTA,BADAJOZ,377,150,150,121,61,12,1,79,11,43,25,53,11,49,3,-0.9,-4.7,2025-01-16,26.9,2025-03-31
4492F,2025-26,BARCARROTA,BADAJOZ,377,149,149,123,55,9,2,75,7,41,23,61,10,49,3,-0.2,-3.3,2026-01-07,24.9,2026-03-31
4497X,2017-18,VILLANUEVA DEL FRESNO,BADAJOZ,247,151,151,131,63,5,0,83,5,36,18,41,15,63,1,0.6,-1.0,2018-02-03,24.3,2017-11-21
4497X,2018-19,VILLANUEVA DEL FRESNO,BADAJOZ,247,151,151,132,52,5,0,88,5,55,34,26,18,31,2,0.6,-0.9,2019-02-04,25.5,2019-03-26
4497X,2019-20,VILLANUEVA DEL FRESNO,BADAJOZ,247,146,146,109,32,0,0,74,0,46,24,29,6,34,0,3.0,0.8,2020-01-13,29.0,2020-03-11
4497X,2020-21,VILLANUEVA DEL FRESNO,BADAJOZ,247,143,143,106,35,10,0,68,10,50,28,39,14,36,5,-0.7,-2.7,2021-01-15,28.9,2021-03-31
4497X,2021-22,VILLANUEVA DEL FRESNO,BADAJOZ,247,149,149,127,45,0,0,80,0,55,29,24,9,25,0,2.0,0.4,2022-01-09,23.8,2021-12-31
4497X,2022-23,VILLANUEVA DEL FRESNO,BADAJOZ,247,146,146,96,33,5,0,68,4,67,37,27,25,32,2,1.0,-1.7,2023-01-26,28.7,2023-03-28
4497X,2023-24,VILLANUEVA DEL FRESNO,BADAJOZ,247,152,152,106,35,0,0,71,0,57,32,41,13,32,0,2.2,0.5,2023-12-26,27.7,2024-03-22
4497X,2024-25,VILLANUEVA DEL FRESNO,BADAJOZ,247,150,150,114,35,2,0,80,2,46,24,44,11,33,2,1.9,-0.9,2025-01-15,25.8,2024-11-06
4497X,2025-26,VILLANUEVA DEL FRESNO,BADAJOZ,247,150,150,109,37,1,0,70,1,46,24,62,11,49,1,2.3,-0.2,2026-01-06,24.7,2026-03-31
4499X,2017-18,MONESTERIO,BADAJOZ,771,151,151,142,84,14,1,90,13,13,6,43,9,122,4,-0.5,-3.2,2018-02-07,21.1,2017-11-20
4499X,2018-19,MONESTERIO,BADAJOZ,771,151,151,146,67,1,0,88,1,17,9,27,3,75,1,1.6,-0.6,2019-02-03,21.9,2019-03-15
4499X,2019-20,MONESTERIO,BADAJOZ,771,152,152,141,54,0,0,85,0,26,11,37,6,51,0,2.1,0.3,2019-11-16,24.9,2020-03-11
4499X,2020-21,MONESTERIO,BADAJOZ,771,151,151,130,48,11,1,86,11,24,12,34,9,67,6,-0.7,-4.2,2021-01-12,23.4,2021-03-31
4499X,2021-22,MONESTERIO,BADAJOZ,771,151,151,147,62,1,0,87,0,15,6,28,5,36,1,1.6,-0.1,2021-11-28,21.7,2022-01-01
4499X,2022-23,MONESTERIO,BADAJOZ,771,151,151,126,53,12,0,83,10,29,15,33,7,40,4,-0.6,-2.9,2023-01-25,24.9,2023-03-29
4499X,2023-24,MONESTERIO,BADAJOZ,771,152,152,126,59,1,0,81,1,29,19,37,9,42,1,2.0,-0.3,2024-01-07,24.2,2024-03-22
4499X,2024-25,MONESTERIO,BADAJOZ,771,151,151,129,52,0,0,88,0,16,3,43,3,63,0,1.8,0.1,2024-12-09,21.9,2024-11-30
4499X,2025-26,MONESTERIO,BADAJOZ,771,149,149,144,63,4,0,87,4,15,7,58,7,99,4,0.5,-3.0,2026-01-06,21.5,2025-11-03
4501X,2017-18,FUENTE DE CANTOS,BADAJOZ,602,151,151,138,80,11,0,89,10,18,11,36,9,119,4,-0.3,-2.9,2018-02-08,22.4,2017-11-21
4501X,2018-19,FUENTE DE CANTOS,BADAJOZ,602,151,151,142,45,3,0,87,3,40,16,20,11,32,2,1.9,-0.3,2019-01-11,24.1,2019-03-26
4501X,2019-20,FUENTE DE CANTOS,BADAJOZ,602,152,152,135,36,1,0,82,0,29,19,30,8,50,1,2.6,-0.1,2019-11-16,25.9,2020-03-11
4501X,2020-21,FUENTE DE CANTOS,BADAJOZ,602,151,151,127,43,9,0,85,9,30,16,33,8,67,5,-0.4,-2.6,2021-01-06,24.9,2021-03-31
4501X,2021-22,FUENTE DE CANTOS,BADAJOZ,602,151,151,141,64,1,0,81,0,27,7,21,5,29,1,1.8,-0.7,2021-11-28,23.2,2022-01-01
4501X,2022-23,FUENTE DE CANTOS,BADAJOZ,602,151,151,116,47,10,0,78,9,39,25,22,13,40,7,-0.3,-2.7,2023-01-25,26.8,2023-03-29
4501X,2023-24,FUENTE DE CANTOS,BADAJOZ,602,152,152,120,51,2,0,81,2,33,23,37,10,42,2,2.0,-1.2,2023-12-27,25.3,2024-03-23
4501X,2024-25,FUENTE DE CANTOS,BADAJOZ,602,151,151,129,50,1,0,88,1,29,8,40,10,56,1,1.6,-0.4,2024-12-09,22.9,2024-11-30
4501X,2025-26,FUENTE DE CANTOS,BADAJOZ,602,150,150,135,53,4,0,81,4,25,10,58,7,57,3,0.6,-2.3,2026-01-06,22.6,2025-11-03
4511C,2017-18,JEREZ DE LOS CABALLEROS,BADAJOZ,381,151,151,131,86,17,1,82,17,34,21,45,15,51,5,-1.1,-3.1,2018-02-09,25.0,2017-11-21
4511C,2018-19,JEREZ DE LOS CABALLEROS,BADAJOZ,381,151,151,139,86,13,0,89,13,60,33,29,15,18,4,-0.8,-2.1,2019-01-13,24.8,2019-03-15
4511C,2019-20,JEREZ DE LOS CABALLEROS,BADAJOZ,381,152,152,126,43,3,0,80,3,50,30,39,9,24,3,1.1,-1.3,2020-01-13,29.5,2020-03-11
4511C,2020-21,JEREZ DE LOS CABALLEROS,BADAJOZ,381,147,147,112,48,14,4,68,14,59,30,46,23,20,7,-1.8,-3.7,2021-01-03,27.3,2021-03-31
4511C,2021-22,JEREZ DE LOS CABALLEROS,BADAJOZ,381,144,144,126,70,3,0,82,3,33,23,29,5,26,1,0.4,-1.7,2022-01-09,23.5,2022-02-23
4511C,2022-23,JEREZ DE LOS CABALLEROS,BADAJOZ,381,151,151,115,49,15,2,75,12,58,33,32,13,32,9,-1.8,-4.4,2023-03-02,28.6,2023-03-28
4511C,2023-24,JEREZ DE LOS CABALLEROS,BADAJOZ,381,152,152,115,49,1,0,75,1,55,31,43,13,20,1,1.2,-0.8,2024-01-07,26.1,2024-03-22
4511C,2024-25,JEREZ DE LOS CABALLEROS,BADAJOZ,381,147,147,121,52,9,1,82,9,40,21,47,6,49,3,-0.5,-3.3,2025-01-16,25.3,2025-03-31
4511C,2025-26,JEREZ DE LOS CABALLEROS,BADAJOZ,381,151,151,128,57,5,0,77,5,34,21,62,7,99,2,0.4,-2.4,2026-01-07,24.6,2026-02-23
4520X,2017-18,FREGENAL DE LA SIERRA,BADAJOZ,586,151,151,141,104,27,2,86,26,21,11,31,9,80,7,-2.2,-3.3,2017-12-03,22.6,2017-11-20
4520X,2018-19,FREGENAL DE LA SIERRA,BADAJOZ,586,151,151,148,110,18,0,90,18,43,17,30,9,18,8,-1.4,-3.0,2019-01-13,23.4,2019-03-15
4520X,2019-20,FREGENAL DE LA SIERRA,BADAJOZ,586,152,152,141,77,5,0,86,4,33,21,42,8,36,4,0.3,-1.4,2020-01-13,26.0,2020-03-11
4520X,2020-21,FREGENAL DE LA SIERRA,BADAJOZ,586,151,151,138,77,20,7,84,18,33,20,48,8,36,10,-2.8,-5.0,2021-01-12,25.4,2020-11-18
4520X,2021-22,FREGENAL DE LA SIERRA,BADAJOZ,586,151,151,147,96,11,0,87,10,28,9,27,5,26,5,-1.2,-1.8,2022-01-20,22.9,2021-12-31
4520X,2022-23,FREGENAL DE LA SIERRA,BADAJOZ,586,151,151,137,78,22,10,84,19,40,21,37,13,34,15,-3.5,-4.8,2023-03-02,26.5,2023-03-29
4520X,2023-24,FREGENAL DE LA SIERRA,BADAJOZ,586,152,152,137,72,12,0,85,11,41,25,45,13,33,5,-0.4,-2.2,2024-01-07,24.9,2024-03-23
4520X,2024-25,FREGENAL DE LA SIERRA,BADAJOZ,586,151,151,138,81,25,2,87,24,30,13,45,10,55,5,-1.3,-4.0,2025-01-15,24.4,2024-11-30
4520X,2025-26,FREGENAL DE LA SIERRA,BADAJOZ,586,147,147,141,76,12,1,84,9,27,13,43,7,65,3,-0.6,-3.6,2026-01-07,23.5,2026-02-23
4527X,2017-18,AROCHE,HUELVA,267,151,151,134,99,44,10,81,40,44,27,40,19,25,9,-3.3,-5.5,2018-02-08,25.9,2017-11-20
4527X,2018-19,AROCHE,HUELVA,267,145,145,139,112,32,12,83,31,73,44,33,18,13,16,-3.5,-5.2,2019-01-07,26.6,2019-03-15
4527X,2019-20,AROCHE,HUELVA,267,150,150,133,69,13,0,81,10,56,35,40,9,24,4,-0.9,-2.5,2019-11-16,30.1,2020-03-11
4527X,2020-21,AROCHE,HUELVA,267,145,145,123,74,23,12,73,21,64,39,46,23,24,10,-4.5,-5.9,2021-01-14,28.0,2021-03-31
4527X,2021-22,AROCHE,HUELVA,267,150,150,134,105,35,2,80,23,64,39,24,12,21,7,-2.2,-3.3,2021-12-03,26.1,2022-02-22
4527X,2022-23,AROCHE,HUELVA,267,150,150,133,87,25,13,80,21,74,43,24,15,21,15,-4.3,-6.3,2023-01-26,29.0,2023-03-28
4527X,2023-24,AROCHE,HUELVA,267,151,151,133,72,16,1,80,14,68,43,43,13,13,7,-1.1,-3.7,2023-12-27,28.8,2024-03-22
4527X,2024-25,AROCHE,HUELVA,267,151,151,131,82,30,3,82,29,55,30,42,11,23,7,-1.6,-5.1,2025-01-16,26.8,2024-11-06
4527X,2025-26,AROCHE,HUELVA,267,151,151,126,80,21,1,77,12,48,28,65,12,48,4,-1.1,-3.6,2026-01-07,25.8,2026-03-31
4541X,2017-18,EL GRANADO,HUELVA,60,150,150,123,63,5,0,82,5,71,45,29,22,15,2,0.1,-1.5,2017-12-04,25.5,2018-03-28
4541X,2018-19,EL GRANADO,HUELVA,60,150,150,127,49,9,0,84,9,85,53,23,23,11,4,-0.3,-1.5,2019-01-12,29.2,2019-03-15
4541X,2019-20,EL GRANADO,HUELVA,60,152,152,111,21,0,0,75,0,99,60,24,44,14,0,3.5,0.3,2020-01-13,30.5,2020-03-11
4541X,2020-21,EL GRANADO,HUELVA,60,150,150,98,35,7,0,64,7,76,49,35,19,28,2,0.1,-2.4,2021-01-13,27.7,2021-03-31
4541X,2021-22,EL GRANADO,HUELVA,60,149,149,113,49,0,0,74,0,98,60,15,19,11,0,1.9,0.4,2022-01-21,27.4,2022-02-22
4541X,2022-23,EL GRANADO,HUELVA,60,143,143,93,29,10,0,66,9,91,64,23,17,11,6,-0.2,-1.3,2023-01-29,30.8,2023-03-28
4541X,2023-24,EL GRANADO,HUELVA,60,145,145,95,25,0,0,64,0,94,58,34,25,10,0,3.3,1.7,2024-01-07,29.8,2024-03-22
4541X,2024-25,EL GRANADO,HUELVA,60,150,150,101,35,2,0,69,2,92,47,36,19,8,2,1.2,-0.5,2025-01-16,26.2,2024-11-06
4541X,2025-26,EL GRANADO,HUELVA,60,151,151,106,29,0,0,69,0,73,51,51,13,42,0,3.2,1.5,2026-01-07,27.0,2026-03-31
4549Y,2017-18,AYAMONTE,HUELVA,3,140,140,102,19,0,0,76,0,72,30,22,29,8,0,3.7,2.3,2017-12-04,26.4,2018-03-28
4549Y,2018-19,AYAMONTE,HUELVA,3,151,151,112,16,0,0,81,0,90,38,21,24,10,0,3.5,0.2,2019-01-12,26.0,2019-03-11
4549Y,2019-20,AYAMONTE,HUELVA,3,152,152,75,2,0,0,51,0,116,62,22,45,9,0,6.5,3.3,2020-01-13,26.0,2020-02-04
4549Y,2020-21,AYAMONTE,HUELVA,3,151,151,74,16,0,0,52,0,102,55,32,25,22,0,3.7,2.1,2021-01-12,26.6,2020-11-02
4549Y,2021-22,AYAMONTE,HUELVA,3,151,151,88,6,0,0,61,0,117,58,23,22,5,0,5.2,3.4,2022-01-21,26.6,2021-11-01
4549Y,2022-23,AYAMONTE,HUELVA,3,151,151,70,18,0,0,53,0,112,71,24,30,11,0,4.1,1.4,2023-02-02,27.4,2023-03-27
4549Y,2023-24,AYAMONTE,HUELVA,3,152,152,71,2,0,0,53,0,120,76,27,31,9,0,6.2,4.5,2023-12-18,27.6,2023-11-14
4549Y,2024-25,AYAMONTE,HUELVA,3,147,136,78,14,0,0,63,0,83,32,39,37,9,0,4.2,2.6,2025-01-15,25.4,2024-11-10
4549Y,2025-26,AYAMONTE,HUELVA,3,151,151,88,8,0,0,63,0,88,39,51,21,12,0,5.0,3.3,2025-12-22,27.9,2026-03-31
4554X,2017-18,CARTAYA,HUELVA,15,151,151,125,68,4,0,84,4,60,31,29,29,12,1,1.1,-1.6,2018-02-23,26.0,2018-03-28
4554X,2018-19,CARTAYA,HUELVA,15,151,151,127,39,3,0,86,3,74,40,17,24,22,1,1.0,-1.7,2019-01-14,27.1,2019-03-11
4554X,2019-20,CARTAYA,HUELVA,15,152,152,124,24,0,0,77,0,79,42,24,16,14,0,3.0,0.3,2020-01-09,26.8,2020-03-11
4554X,2020-21,CARTAYA,HUELVA,15,151,151,99,31,8,0,66,8,78,42,33,24,30,6,-0.1,-1.2,2021-01-13,27.3,2020-11-01
4554X,2021-22,CARTAYA,HUELVA,15,151,151,123,36,0,0,81,0,87,30,18,19,18,0,3.2,0.8,2021-11-28,24.0,2022-02-22
4554X,2022-23,CARTAYA,HUELVA,15,151,151,109,35,4,0,73,2,100,49,22,29,12,2,0.6,-1.6,2023-03-02,28.0,2023-03-27
4554X,2023-24,CARTAYA,HUELVA,15,146,146,108,22,0,0,76,0,93,45,31,15,11,0,3.1,1.1,2023-12-27,26.0,2024-03-22
4554X,2024-25,CARTAYA,HUELVA,15,146,146,105,26,1,0,77,1,81,34,40,18,9,1,2.5,-2.2,2025-01-16,26.4,2025-03-29
4554X,2025-26,CARTAYA,HUELVA,15,151,151,108,25,0,0,69,0,67,38,52,20,31,0,3.5,1.1,2026-01-06,27.5,2026-03-26
4560Y,2017-18,ALAJAR,HUELVA,572,151,151,128,52,1,0,86,1,36,18,41,17,51,1,1.8,-0.1,2018-02-09,23.1,2017-11-20
4560Y,2018-19,ALAJAR,HUELVA,572,146,146,121,17,0,0,79,0,60,26,25,10,12,0,4.3,2.0,2019-02-03,24.8,2019-03-15
4560Y,2019-20,ALAJAR,HUELVA,572,152,152,122,20,0,0,72,0,44,28,42,9,33,0,4.1,1.6,2019-11-16,27.2,2020-03-10
4560Y,2020-21,ALAJAR,HUELVA,572,151,151,112,30,2,0,80,2,44,25,51,10,24,1,1.4,-0.6,2021-01-03,26.3,2021-03-31
4560Y,2021-22,ALAJAR,HUELVA,572,151,151,122,19,0,0,72,0,44,20,29,8,21,0,4.1,2.0,2021-11-23,23.8,2021-12-31
4560Y,2022-23,ALAJAR,HUELVA,572,151,151,104,25,0,0,77,0,52,35,33,13,32,0,2.2,0.5,2023-02-28,27.3,2023-03-27
4560Y,2023-24,ALAJAR,HUELVA,572,151,151,106,18,0,0,69,0,55,34,37,13,19,0,4.0,1.3,2024-01-07,26.4,2024-03-22
4560Y,2024-25,ALAJAR,HUELVA,572,151,151,116,26,0,0,83,0,40,24,43,11,38,0,3.7,2.4,2025-01-14,24.5,2024-11-30
4560Y,2025-26,ALAJAR,HUELVA,572,151,151,125,30,0,0,80,0,37,24,67,10,64,0,2.5,0.1,2026-01-06,24.6,2026-02-26
4575X,2017-18,VALVERDE DEL CAMINO,HUELVA,280,151,151,132,63,1,0,83,1,52,33,35,18,14,1,1.7,-1.0,2018-02-07,25.6,2018-03-28
4575X,2018-19,VALVERDE DEL CAMINO,HUELVA,280,151,151,136,44,0,0,88,0,74,43,26,23,16,0,1.9,0.6,2019-01-13,27.3,2019-03-11
4575X,2019-20,VALVERDE DEL CAMINO,HUELVA,280,141,141,113,16,0,0,70,0,65,37,30,11,14,0,3.8,1.7,2020-01-13,28.4,2020-03-10
4575X,2020-21,VALVERDE DEL CAMINO,HUELVA,280,151,151,110,32,6,0,74,6,66,40,45,18,24,4,0.4,-1.5,2021-01-03,27.7,2021-03-31
4575X,2021-22,VALVERDE DEL CAMINO,HUELVA,280,150,150,126,27,0,0,77,0,71,40,28,13,19,0,3.2,1.2,2022-01-20,25.0,2022-02-22
4575X,2022-23,VALVERDE DEL CAMINO,HUELVA,280,144,144,105,33,2,0,73,1,77,50,13,24,12,1,1.1,-0.6,2023-03-02,28.5,2023-03-28
4575X,2023-24,VALVERDE DEL CAMINO,HUELVA,280,152,152,88,9,0,0,62,0,70,39,38,18,22,0,4.8,2.9,2024-01-06,27.0,2024-03-22
4575X,2024-25,VALVERDE DEL CAMINO,HUELVA,280,151,151,97,6,0,0,71,0,65,34,41,11,23,0,5.5,2.4,2025-01-16,26.3,2025-03-29
4575X,2025-26,VALVERDE DEL CAMINO,HUELVA,280,151,151,94,19,1,0,68,1,55,37,57,13,58,1,3.3,-0.2,2026-01-07,27.0,2026-03-31
4584X,2017-18,EL CERRO DE ANDÉVALO,HUELVA,270,151,151,114,33,0,0,78,0,57,33,36,28,17,0,2.5,1.1,2018-02-09,24.5,2017-11-20
4584X,2018-19,EL CERRO DE ANDÉVALO,HUELVA,270,150,150,102,11,0,0,73,0,82,50,24,23,10,0,4.8,2.3,2019-02-03,27.0,2019-03-15
4584X,2019-20,EL CERRO DE ANDÉVALO,HUELVA,270,152,152,104,8,0,0,63,0,71,42,37,11,14,0,5.1,2.9,2019-11-16,29.6,2020-03-11
4584X,2020-21,EL CERRO DE ANDÉVALO,HUELVA,270,151,151,89,26,0,0,67,0,69,44,46,23,24,0,1.8,0.2,2021-01-03,28.0,2020-11-19
4584X,2021-22,EL CERRO DE ANDÉVALO,HUELVA,270,151,151,98,10,0,0,59,0,73,47,14,13,19,0,4.8,3.0,2021-11-23,25.9,2022-02-22
4584X,2022-23,EL CERRO DE ANDÉVALO,HUELVA,270,150,150,84,17,0,0,63,0,78,50,29,25,11,0,3.2,2.4,2023-03-01,28.5,2023-03-28
4584X,2023-24,EL CERRO DE ANDÉVALO,HUELVA,270,152,152,92,10,0,0,63,0,75,45,38,18,13,0,4.7,2.9,2024-01-07,28.2,2024-03-22
4584X,2024-25,EL CERRO DE ANDÉVALO,HUELVA,270,151,151,95,7,0,0,70,0,65,32,43,11,23,0,5.5,2.0,2025-01-16,26.5,2025-03-29
4584X,2025-26,EL CERRO DE ANDÉVALO,HUELVA,270,151,151,95,14,0,0,67,0,58,35,61,13,37,0,3.9,0.5,2026-01-07,27.0,2026-03-31
4589X,2017-18,"ALOSNO, THARSIS",HUELVA,276,146,146,118,36,0,0,82,0,39,24,24,18,28,0,2.1,0.6,2018-02-05,23.0,2017-11-20
4589X,2018-19,"ALOSNO, THARSIS",HUELVA,276,151,151,116,17,0,0,80,0,60,34,25,18,16,0,3.4,1.0,2019-02-03,25.7,2019-03-15
4589X,2019-20,"ALOSNO, THARSIS",HUELVA,276,150,150,97,8,0,0,60,0,52,28,31,9,34,0,4.9,2.3,2019-11-16,28.2,2020-03-11
4589X,2020-21,"ALOSNO, THARSIS",HUELVA,276,151,151,91,25,2,0,65,2,54,30,37,23,25,1,1.4,-0.4,2021-01-14,26.9,2021-03-31
4589X,2021-22,"ALOSNO, THARSIS",HUELVA,276,149,149,110,15,0,0,68,0,56,28,25,13,22,0,3.7,1.5,2021-11-28,24.3,2022-02-22
4589X,2022-23,"ALOSNO, THARSIS",HUELVA,276,149,149,87,24,0,0,62,0,65,42,27,17,24,0,2.4,0.2,2023-01-26,27.5,2023-03-28
4589X,2023-24,"ALOSNO, THARSIS",HUELVA,276,152,152,93,12,1,0,63,1,64,39,38,13,21,1,4.3,-0.1,2023-12-27,26.9,2024-03-22
4589X,2024-25,"ALOSNO, THARSIS",HUELVA,276,145,145,95,8,0,0,73,0,45,24,37,11,23,0,4.8,0.7,2025-01-16,24.7,2025-03-29
4589X,2025-26,"ALOSNO, THARSIS",HUELVA,276,150,150,98,23,0,0,67,0,51,27,64,12,53,0,3.5,0.5,2026-01-06,25.7,2026-03-31
4608X,2017-18,EL CAMPILLO,HUELVA,415,146,146,119,42,0,0,86,0,41,20,37,17,39,0,1.8,0.0,2018-02-07,23.9,2018-03-28
4608X,2018-19,EL CAMPILLO,HUELVA,415,151,151,119,15,0,0,80,0,64,32,27,22,14,0,4.2,0.3,2019-02-03,25.5,2019-03-11
4608X,2019-20,EL CAMPILLO,HUELVA,415,145,145,99,6,0,0,63,0,50,28,34,11,23,0,5.1,4.2,2020-03-16,27.5,2020-03-11
4608X,2020-21,EL CAMPILLO,HUELVA,415,151,151,98,25,0,0,71,0,53,26,49,10,24,0,2.1,0.0,2021-01-03,27.2,2021-03-31
4608X,2021-22,EL CAMPILLO,HUELVA,415,148,148,112,16,0,0,68,0,46,23,27,12,21,0,4.0,1.7,2021-11-27,24.0,2022-02-22
4608X,2022-23,EL CAMPILLO,HUELVA,415,151,151,92,21,0,0,66,0,52,37,30,13,36,0,2.2,1.3,2023-03-02,26.9,2023-03-28
4608X,2023-24,EL CAMPILLO,HUELVA,415,152,152,105,14,0,0,71,0,53,30,44,13,22,0,4.2,2.7,2024-01-06,27.1,2024-03-22
4608X,2024-25,EL CAMPILLO,HUELVA,415,150,150,111,13,0,0,77,0,43,26,39,11,31,0,4.5,3.1,2025-03-24,25.1,2025-03-29
4608X,2025-26,EL CAMPILLO,HUELVA,415,148,148,106,25,1,0,69,1,42,26,62,12,77,1,2.7,-1.0,2026-01-06,25.3,2026-03-31
4622X,2017-18,VILLARRASA,HUELVA,145,149,149,131,69,6,0,83,6,67,38,29,27,13,1,0.3,-2.4,2018-02-07,25.7,2018-03-28
4622X,2018-19,VILLARRASA,HUELVA,145,151,151,138,54,3,0,89,3,98,68,26,24,9,2,1.6,-0.6,2019-01-08,28.4,2019-03-11
4622X,2019-20,VILLARRASA,HUELVA,145,152,152,120,31,0,0,78,0,80,49,29,14,14,0,2.5,1.8,2020-01-12,29.3,2020-03-11
4622X,2020-21,VILLARRASA,HUELVA,145,151,151,101,37,12,0,69,12,74,49,39,19,24,5,-0.4,-3.0,2021-01-03,30.4,2021-03-31
4622X,2021-22,VILLARRASA,HUELVA,145,151,151,118,36,1,0,76,1,86,46,25,13,19,1,2.2,-0.2,2022-01-09,25.6,2022-02-22
4622X,2022-23,VILLARRASA,HUELVA,145,151,151,108,32,4,0,71,2,89,55,27,25,12,2,0.6,-1.6,2023-03-01,29.4,2023-03-27
4622X,2023-24,VILLARRASA,HUELVA,145,152,152,109,28,0,0,74,0,84,49,42,25,11,0,2.6,0.6,2023-12-20,27.0,2023-11-15
4622X,2024-25,VILLARRASA,HUELVA,145,151,151,107,29,1,0,79,1,68,37,41,11,14,1,2.6,-1.6,2025-01-16,25.6,2025-03-29
4622X,2025-26,VILLARRASA,HUELVA,145,151,151,115,34,2,0,72,2,62,38,51,13,52,2,2.8,-0.7,2026-01-07,28.2,2026-03-31
4642E,2017-18,"HUELVA, RONDA ESTE",HUELVA,18,151,151,116,46,2,0,78,2,78,42,27,29,12,1,2.1,-1.7,2018-02-07,26.4,2018-03-28
4642E,2018-19,"HUELVA, RONDA ESTE",HUELVA,18,151,151,118,27,0,0,85,0,103,60,20,24,9,0,2.1,0.4,2019-01-07,28.3,2019-03-11
4642E,2019-20,"HUELVA, RONDA ESTE",HUELVA,18,152,152,107,15,0,0,73,0,108,63,19,47,11,0,4.3,2.3,2020-01-13,29.0,2020-03-11
4642E,2020-21,"HUELVA, RONDA ESTE",HUELVA,18,151,151,87,24,2,0,61,2,89,55,28,24,25,1,1.2,-0.7,2021-01-03,29.0,2020-11-02
4642E,2021-22,"HUELVA, RONDA ESTE",HUELVA,18,151,151,115,18,0,0,77,0,106,62,22,26,10,0,3.9,2.7,2022-01-21,26.7,2022-02-22
4642E,2022-23,"HUELVA, RONDA ESTE",HUELVA,18,151,151,90,25,0,0,62,0,113,69,24,30,10,0,1.8,0.6,2023-01-29,28.1,2023-03-27
4642E,2023-24,"HUELVA, RONDA ESTE",HUELVA,18,152,152,94,18,0,0,71,0,108,63,30,31,9,0,4.4,2.0,2023-12-26,27.6,2023-11-15
4642E,2024-25,"HUELVA, RONDA ESTE",HUELVA,18,150,150,93,24,1,0,70,1,93,41,36,23,9,1,2.9,-0.7,2025-01-16,26.9,2025-03-29
4642E,2025-26,"HUELVA, RONDA ESTE",HUELVA,18,151,151,100,16,0,0,63,0,78,51,46,21,21,0,4.1,1.6,2026-01-07,29.0,2026-03-31
5000C,2017-18,CEUTA,CEUTA,87,151,151,33,0,0,0,29,0,66,24,47,29,22,0,7.8,6.4,2018-02-04,23.9,2017-11-12
5000C,2018-19,CEUTA,CEUTA,87,151,151,7,0,0,0,7,0,70,23,24,20,12,0,10.2,7.9,2019-02-03,25.6,2019-03-11
5000C,2019-20,CEUTA,CEUTA,87,152,152,3,0,0,0,2,0,74,32,39,10,21,0,10.7,8.9,2019-11-16,25.9,2020-03-09
5000C,2020-21,CEUTA,CEUTA,87,151,151,20,0,0,0,17,0,69,22,50,24,22,0,7.9,5.3,2021-01-10,26.1,2020-11-16
5000C,2021-22,CEUTA,CEUTA,87,150,150,7,0,0,0,1,0,44,20,43,11,20,0,10.1,8.4,2021-11-28,25.2,2021-11-01
5000C,2022-23,CEUTA,CEUTA,87,151,151,15,0,0,0,12,0,92,50,40,29,37,0,8.6,7.1,2023-01-25,27.4,2023-03-26
5000C,2023-24,CEUTA,CEUTA,87,152,152,5,0,0,0,3,0,91,48,33,31,10,0,10.8,8.3,2024-03-26,27.0,2023-11-12
5000C,2024-25,CEUTA,CEUTA,87,151,151,9,0,0,0,7,0,82,36,47,23,10,0,9.8,8.5,2024-12-10,25.1,2025-03-29
5000C,2025-26,CEUTA,CEUTA,87,151,151,30,0,0,0,24,0,45,23,62,24,26,0,8.6,6.0,2026-01-07,25.3,2025-11-02
5038Y,2017-18,CAZORLA,JAEN,799,151,151,141,82,11,0,89,9,22,11,52,10,57,4,-0.4,-2.2,2018-02-07,23.1,2017-11-01
5038Y,2018-19,CAZORLA,JAEN,799,151,151,139,47,2,0,86,2,45,23,23,11,42,1,2.1,-1.8,2019-01-11,25.7,2019-03-16
5038Y,2019-20,CAZORLA,JAEN,799,152,152,133,29,0,0,83,0,30,19,28,8,35,0,3.1,0.4,2020-01-20,28.9,2020-03-11
5038Y,2020-21,CAZORLA,JAEN,799,149,149,125,38,7,0,83,7,43,26,44,9,26,2,0.2,-1.7,2020-12-26,25.9,2020-11-02
5038Y,2021-22,CAZORLA,JAEN,799,151,151,140,45,1,0,84,0,23,10,43,5,45,1,2.5,-0.2,2021-11-28,22.8,2021-12-31
5038Y,2022-23,CAZORLA,JAEN,799,130,130,90,42,9,0,64,8,46,26,37,11,33,4,-0.5,-2.0,2023-01-28,28.7,2023-03-29
5038Y,2023-24,CAZORLA,JAEN,799,152,152,118,35,0,0,81,0,46,29,41,13,32,0,2.9,1.0,2024-02-28,27.8,2024-03-19
5038Y,2024-25,CAZORLA,JAEN,799,151,151,121,45,0,0,81,0,45,26,35,10,26,0,2.4,1.1,2025-01-14,24.9,2025-03-31
5038Y,2025-26,CAZORLA,JAEN,799,147,147,130,54,2,0,79,2,33,21,55,8,35,2,1.8,-3.0,2026-01-06,27.1,2025-11-12
5047E,2017-18,BAZA,GRANADA,785,151,151,151,119,65,22,90,51,25,12,28,9,57,10,-4.3,-6.3,2017-12-04,22.4,2017-11-01
5047E,2018-19,BAZA,GRANADA,785,151,151,150,126,72,30,90,58,46,25,18,13,36,20,-4.9,-8.6,2019-01-12,26.1,2019-03-15
5047E,2019-20,BAZA,GRANADA,785,150,150,145,99,42,10,89,36,38,19,17,8,35,13,-3.4,-5.5,2020-01-13,30.4,2020-03-11
5047E,2021-22,BAZA,GRANADA,785,151,151,146,107,58,14,88,45,34,14,17,6,29,8,-4.6,-7.5,2022-01-19,23.6,2022-01-01
5047E,2022-23,BAZA,GRANADA,785,139,139,132,99,41,21,82,31,56,38,0,15,14,15,-6.1,-7.6,2023-01-29,29.2,2023-03-12
5047E,2023-24,BAZA,GRANADA,785,146,146,140,96,39,21,88,31,57,42,21,13,21,14,-5.0,-6.9,2023-12-26,28.3,2024-03-17
5047E,2024-25,BAZA,GRANADA,785,151,151,147,105,40,18,90,39,51,27,25,7,27,8,-4.4,-8.8,2025-01-15,24.7,2025-03-31
5047E,2025-26,BAZA,GRANADA,785,151,151,147,111,32,9,88,19,34,20,37,8,86,4,-3.2,-4.8,2025-11-28,26.7,2025-11-12
5051X,2024-25,HUÉSCAR,GRANADA,1100,151,151,151,106,33,5,90,33,41,24,29,7,27,8,-3.0,-4.7,2025-01-14,24.6,2025-03-31
5051X,2025-26,HUÉSCAR,GRANADA,1100,128,128,127,102,21,3,69,15,24,10,39,5,25,5,-2.1,-3.9,2026-01-08,25.8,2025-11-12
5060X,2017-18,VÉLEZ BLANCO - TOPARES,ALMERIA,1190,151,151,151,135,54,18,90,48,13,1,28,6,62,10,-4.0,-7.5,2018-02-06,20.6,2018-03-28
5060X,2018-19,VÉLEZ BLANCO - TOPARES,ALMERIA,1190,150,150,150,126,34,4,89,28,23,11,19,5,37,5,-1.8,-5.8,2019-01-11,23.6,2018-12-05
5060X,2019-20,VÉLEZ BLANCO - TOPARES,ALMERIA,1190,151,151,149,112,18,0,90,12,24,6,27,8,52,5,-1.0,-2.2,2020-01-20,25.2,2020-03-11
5060X,2020-21,VÉLEZ BLANCO - TOPARES,ALMERIA,1190,150,150,150,110,38,11,90,34,20,8,19,5,64,26,-3.9,-6.1,2021-01-04,24.5,2020-11-01
5060X,2021-22,VÉLEZ BLANCO - TOPARES,ALMERIA,1190,151,151,150,128,26,4,90,18,13,7,34,6,57,9,-1.8,-3.4,2022-01-21,24.0,2021-12-30
5060X,2022-23,VÉLEZ BLANCO - TOPARES,ALMERIA,1190,150,150,145,95,30,11,89,25,31,21,16,12,59,14,-4.1,-5.4,2023-01-28,25.1,2023-03-30
5060X,2023-24,VÉLEZ BLANCO - TOPARES,ALMERIA,1190,152,152,149,98,16,1,91,14,33,21,19,9,41,7,-1.1,-3.5,2024-01-08,26.9,2024-02-04
5060X,2024-25,VÉLEZ BLANCO - TOPARES,ALMERIA,1190,151,151,150,103,24,3,90,24,13,1,23,4,57,5,-1.6,-4.7,2025-01-14,21.1,2025-03-31
5060X,2025-26,VÉLEZ BLANCO - TOPARES,ALMERIA,1190,150,150,150,122,24,2,89,17,12,5,36,5,65,3,-2.2,-5.0,2026-01-07,23.0,2025-11-12
5103E,2023-24,"CAMARATE 2, PARQUE NACIONAL SIERRA NEVADA",GRANADA,2152,152,152,151,121,62,35,91,38,0,0,0,0,152,18,-5.6,-9.2,2024-02-28,17.3,2024-03-17
5103E,2024-25,"CAMARATE 2, PARQUE NACIONAL SIERRA NEVADA",GRANADA,2152,151,151,151,141,78,44,90,56,0,0,0,0,151,13,-6.0,-8.0,2024-12-09,14.8,2024-11-24
5103E,2025-26,"CAMARATE 2, PARQUE NACIONAL SIERRA NEVADA",GRANADA,2152,150,150,150,145,99,57,90,64,0,0,0,0,142,18,-7.7,-13.0,2026-01-07,16.8,2025-11-05
5103F,2023-24,"CAMARATE, PARQUE NACIONAL SIERRA NEVADA",GRANADA,1534,152,152,138,82,26,0,85,16,27,15,0,10,41,3,-1.4,-2.4,2024-02-28,22.4,2023-12-11
5103F,2024-25,"CAMARATE, PARQUE NACIONAL SIERRA NEVADA",GRANADA,1534,150,150,146,106,31,1,88,27,11,3,0,2,90,7,-2.0,-3.4,2025-01-14,20.9,2024-11-29
5103F,2025-26,"CAMARATE, PARQUE NACIONAL SIERRA NEVADA",GRANADA,1534,151,151,150,118,49,8,90,38,13,5,0,5,95,12,-3.0,-9.0,2026-01-06,22.2,2025-11-12
5107D,2017-18,DÓLAR,GRANADA,1197,151,151,150,123,43,10,90,39,11,4,34,3,63,10,-3.5,-5.4,2018-02-05,20.9,2017-11-03
5107D,2018-19,DÓLAR,GRANADA,1197,151,151,151,114,25,3,90,22,25,12,14,6,43,4,-1.4,-4.9,2019-01-11,22.6,2018-12-03
5107D,2019-20,DÓLAR,GRANADA,1197,120,120,115,84,12,1,59,9,22,10,26,7,29,4,-0.9,-3.3,2019-11-17,25.5,2020-03-11
5107D,2020-21,DÓLAR,GRANADA,1197,151,151,144,104,26,7,90,23,28,12,17,6,45,14,-2.5,-5.4,2021-01-04,23.7,2020-11-01
5107D,2021-22,DÓLAR,GRANADA,1197,151,151,150,119,16,0,90,13,13,9,27,6,57,8,-1.2,-2.9,2022-01-15,24.8,2021-12-30
5107D,2022-23,DÓLAR,GRANADA,1197,151,151,145,87,27,10,89,23,38,23,11,12,56,14,-3.7,-5.8,2023-01-24,26.2,2023-03-12
5107D,2023-24,DÓLAR,GRANADA,1197,152,152,140,95,10,0,89,9,46,24,22,11,31,2,-0.7,-2.5,2023-12-03,25.3,2024-03-18
5107D,2024-25,DÓLAR,GRANADA,1197,151,151,148,95,21,0,88,19,18,5,25,4,39,7,-1.4,-3.0,2025-01-14,21.3,2024-11-25
5107D,2025-26,DÓLAR,GRANADA,1197,151,151,147,117,27,3,88,20,22,6,35,7,73,4,-1.4,-4.8,2026-01-06,24.1,2025-11-12
5164B,2017-18,BAEZA,JAEN,771,151,151,146,92,16,0,90,14,34,19,51,10,22,5,-0.4,-3.0,2018-02-09,24.8,2017-11-21
5164B,2018-19,BAEZA,JAEN,771,151,151,144,68,5,0,89,5,70,40,19,14,12,2,0.3,-1.6,2019-01-11,27.6,2018-12-05
5164B,2019-20,BAEZA,JAEN,771,151,151,139,49,2,0,86,1,53,31,32,12,26,1,1.3,-1.0,2020-01-14,31.5,2020-03-11
5164B,2020-21,BAEZA,JAEN,771,151,151,134,57,13,2,88,13,55,37,43,9,24,4,-0.6,-3.4,2021-01-12,27.7,2020-11-02
5164B,2021-22,BAEZA,JAEN,771,147,147,143,58,4,0,89,3,45,18,37,6,27,1,0.5,-0.7,2022-01-19,26.0,2021-12-30
5164B,2022-23,BAEZA,JAEN,771,151,151,126,58,16,1,85,13,58,39,28,13,29,8,-1.2,-3.4,2023-03-02,28.9,2023-03-29
5164B,2023-24,BAEZA,JAEN,771,151,151,134,63,5,0,84,5,51,38,40,14,31,2,0.7,-1.9,2024-01-08,28.2,2024-03-17
5164B,2024-25,BAEZA,JAEN,771,151,151,137,63,7,0,89,7,54,38,34,12,26,2,0.2,-1.6,2025-01-16,27.7,2025-03-31
5164B,2025-26,BAEZA,JAEN,771,151,151,141,79,6,1,86,6,39,28,53,10,35,3,0.4,-4.4,2026-01-07,29.2,2025-11-12
5165X,2017-18,TORRES,JAEN,910,151,151,148,94,26,2,90,23,9,1,54,3,62,5,-1.6,-3.2,2018-02-09,20.6,2017-11-24
5165X,2018-19,TORRES,JAEN,910,151,151,144,72,6,0,85,6,27,13,15,6,60,3,0.2,-3.0,2019-01-11,23.9,2019-03-16
5165X,2019-20,TORRES,JAEN,910,151,151,139,59,2,0,85,1,31,17,26,8,50,1,1.6,-1.0,2019-11-16,28.4,2020-03-11
5165X,2020-21,TORRES,JAEN,910,151,151,135,58,12,1,87,12,32,22,40,9,68,4,-0.8,-3.6,2021-01-03,27.5,2021-03-31
5165X,2021-22,TORRES,JAEN,910,151,151,143,68,2,0,85,0,14,4,35,5,59,2,1.0,-2.5,2021-11-28,21.5,2022-01-01
5165X,2022-23,TORRES,JAEN,910,131,131,111,48,12,2,82,12,28,18,31,12,28,9,-1.4,-3.3,2023-02-28,26.7,2023-03-29
5165X,2023-24,TORRES,JAEN,910,152,152,121,66,1,0,78,1,30,23,36,9,31,1,1.8,-0.2,2024-01-08,25.8,2024-03-23
5165X,2024-25,TORRES,JAEN,910,151,151,132,65,0,0,86,0,25,8,29,7,57,0,1.4,0.0,2025-01-14,24.7,2025-03-31
5165X,2025-26,TORRES,JAEN,910,142,142,133,75,7,1,85,6,16,8,46,7,99,4,0.1,-3.5,2026-01-07,22.1,2026-03-17
5181D,2017-18,ARROYO DEL OJANCO,JAEN,580,149,149,142,102,24,3,86,22,30,20,40,10,22,7,-2.2,-3.8,2018-02-09,23.7,2017-11-01
5181D,2018-19,ARROYO DEL OJANCO,JAEN,580,147,147,140,92,18,2,87,18,65,37,21,21,34,14,-1.4,-4.6,2019-01-11,26.3,2019-03-15
5181D,2019-20,ARROYO DEL OJANCO,JAEN,580,122,122,107,49,2,0,68,2,36,21,30,7,26,2,0.8,-1.2,2020-01-13,30.5,2020-03-11
5181D,2020-21,ARROYO DEL OJANCO,JAEN,580,146,146,131,62,17,3,81,16,60,35,35,9,25,8,-1.6,-3.6,2021-01-12,28.2,2021-03-31
5181D,2021-22,ARROYO DEL OJANCO,JAEN,580,150,150,135,77,10,0,86,9,49,28,35,7,25,7,-0.5,-1.6,2022-01-09,24.1,2022-02-02
5181D,2022-23,ARROYO DEL OJANCO,JAEN,580,150,150,120,62,23,5,80,19,62,41,34,22,29,14,-2.4,-4.0,2023-03-02,29.7,2023-03-29
5181D,2023-24,ARROYO DEL OJANCO,JAEN,580,149,149,126,58,6,0,84,6,57,40,41,14,16,3,0.0,-2.0,2024-01-08,29.3,2024-03-23
5181D,2024-25,ARROYO DEL OJANCO,JAEN,580,151,151,129,65,14,1,87,14,62,40,37,12,25,4,-1.1,-3.6,2025-01-15,26.9,2025-03-31
5181D,2025-26,ARROYO DEL OJANCO,JAEN,580,146,146,133,61,5,1,79,3,37,24,58,7,34,2,0.5,-3.6,2026-01-07,28.3,2025-11-12
5192,2018-19,VILLARRODRIGO,JAEN,862,151,151,143,69,9,1,88,9,39,24,2,11,44,3,-0.3,-3.3,2019-01-11,25.1,2019-03-16
5192,2022-23,VILLARRODRIGO,JAEN,862,150,150,126,56,17,3,87,14,42,24,18,13,33,8,-2.3,-4.7,2023-02-28,27.7,2023-03-29
5192,2023-24,VILLARRODRIGO,JAEN,862,151,151,126,61,2,0,85,2,45,30,26,13,41,2,1.3,-0.7,2024-01-08,26.5,2024-03-19
5192,2025-26,VILLARRODRIGO,JAEN,862,147,147,139,63,8,2,83,6,28,19,56,9,52,3,-0.1,-4.6,2026-01-06,25.8,2025-11-12
5210X,2017-18,VILLANUEVA DEL ARZOBISPO,JAEN,680,151,151,148,111,30,8,89,25,21,12,44,9,59,8,-2.9,-4.8,2018-02-07,23.2,2017-11-01
5210X,2018-19,VILLANUEVA DEL ARZOBISPO,JAEN,680,151,151,147,102,19,3,90,19,48,35,23,13,59,13,-1.4,-4.9,2019-01-11,26.0,2019-03-16
5210X,2019-20,VILLANUEVA DEL ARZOBISPO,JAEN,680,121,121,110,54,6,0,60,5,30,18,37,8,32,4,0.0,-1.4,2020-01-13,29.3,2020-03-11
5210X,2020-21,VILLANUEVA DEL ARZOBISPO,JAEN,680,150,150,141,79,24,5,86,22,47,33,43,9,63,11,-2.5,-4.1,2021-01-12,29.8,2021-03-31
5210X,2021-22,VILLANUEVA DEL ARZOBISPO,JAEN,680,151,151,146,88,11,0,89,10,49,26,35,6,21,7,-0.8,-2.0,2022-01-17,27.2,2021-12-31
5210X,2022-23,VILLANUEVA DEL ARZOBISPO,JAEN,680,150,150,127,68,22,6,85,18,59,41,1,10,27,15,-2.8,-4.2,2023-01-28,28.2,2023-03-12
5210X,2023-24,VILLANUEVA DEL ARZOBISPO,JAEN,680,152,152,139,70,11,0,87,11,52,37,41,13,32,5,-0.7,-2.4,2024-01-08,29.4,2024-03-22
5210X,2024-25,VILLANUEVA DEL ARZOBISPO,JAEN,680,151,151,144,73,22,3,89,22,52,25,33,11,26,4,-1.1,-3.8,2025-01-15,25.5,2025-03-31
5210X,2025-26,VILLANUEVA DEL ARZOBISPO,JAEN,680,151,151,145,87,11,2,88,7,39,27,54,10,59,3,-0.5,-4.8,2026-01-07,27.8,2025-11-12
5246,2017-18,SANTA ELENA,JAEN,770,151,151,145,90,17,0,90,14,12,3,4,5,122,4,-1.1,-2.5,2018-02-09,21.7,2018-03-28
5246,2018-19,SANTA ELENA,JAEN,770,144,144,136,71,5,0,87,5,26,9,25,7,74,2,1.1,-2.4,2019-01-11,23.3,2019-03-26
5246,2020-21,SANTA ELENA,JAEN,770,129,129,110,29,3,0,65,3,28,15,33,9,38,2,1.0,-1.8,2020-12-26,26.9,2021-03-31
5246,2021-22,SANTA ELENA,JAEN,770,151,151,147,61,1,0,88,0,14,2,27,4,58,1,1.4,-1.4,2021-11-28,20.8,2022-02-23
5246,2022-23,SANTA ELENA,JAEN,770,132,132,108,45,11,0,81,10,28,21,1,13,39,4,-1.0,-2.7,2023-02-28,27.3,2023-03-29
5246,2024-25,SANTA ELENA,JAEN,770,126,126,111,47,1,0,78,1,30,14,30,7,51,1,0.8,-0.6,2025-01-14,24.4,2025-03-31
5246,2025-26,SANTA ELENA,JAEN,770,130,130,118,63,5,0,70,5,25,15,33,8,46,2,0.6,-2.5,2026-01-07,25.7,2025-11-12
5270B,2017-18,JAÉN,JAEN,580,151,151,138,58,2,0,86,2,19,8,46,10,82,2,1.1,-0.7,2018-02-08,23.1,2017-11-01
5270B,2018-19,JAÉN,JAEN,580,151,151,127,27,3,0,84,3,44,19,18,13,66,2,3.0,-1.4,2019-01-11,24.6,2019-03-16
5270B,2019-20,JAÉN,JAEN,580,152,152,115,26,0,0,75,0,41,20,30,11,42,0,3.6,0.6,2020-01-20,28.8,2020-03-11
5270B,2020-21,JAÉN,JAEN,580,151,151,114,35,5,0,80,5,44,26,36,9,67,2,0.6,-2.0,2021-01-12,27.8,2021-03-31
5270B,2021-22,JAÉN,JAEN,580,151,151,129,28,0,0,80,0,26,6,35,5,45,0,2.7,0.4,2021-11-28,22.4,2022-02-23
5270B,2022-23,JAÉN,JAEN,580,151,151,100,29,6,0,75,5,49,27,29,13,39,2,0.6,-0.7,2023-01-25,27.0,2023-03-29
5270B,2023-24,JAÉN,JAEN,580,152,152,112,29,0,0,76,0,46,28,40,13,31,0,3.3,2.0,2024-02-28,26.3,2024-03-19
5270B,2024-25,JAÉN,JAEN,580,151,151,109,31,1,0,78,1,48,18,32,11,33,1,2.8,-0.4,2025-01-15,25.0,2025-03-31
5270B,2025-26,JAÉN,JAEN,580,150,150,118,32,1,0,76,1,29,20,49,8,59,1,2.3,-1.5,2026-01-07,28.0,2025-11-12
5279X,2017-18,LINARES,JAEN,515,151,151,140,68,5,0,88,5,21,9,46,9,59,1,0.6,-1.4,2018-02-09,23.0,2017-11-01
5279X,2018-19,LINARES,JAEN,515,151,151,137,38,2,0,88,2,44,21,22,12,66,1,2.7,-1.0,2019-01-11,25.2,2019-03-16
5279X,2019-20,LINARES,JAEN,515,144,144,120,26,0,0,79,0,40,19,33,11,33,0,3.3,1.4,2019-11-16,28.5,2020-03-11
5279X,2020-21,LINARES,JAEN,515,151,151,121,39,7,0,85,7,50,29,39,9,36,3,0.1,-2.2,2021-01-03,28.4,2021-03-31
5279X,2021-22,LINARES,JAEN,515,146,146,134,33,1,0,85,0,42,17,33,6,25,1,2.4,-1.3,2021-11-28,23.0,2022-01-01
5279X,2022-23,LINARES,JAEN,515,146,146,99,33,5,0,73,3,52,34,32,13,23,3,0.2,-0.8,2023-03-02,28.1,2023-03-29
5279X,2023-24,LINARES,JAEN,515,152,152,111,33,0,0,75,0,46,31,41,13,32,0,3.1,0.4,2023-12-20,27.6,2024-03-19
5279X,2024-25,LINARES,JAEN,515,151,151,115,34,0,0,85,0,53,31,35,12,44,0,2.4,0.7,2025-01-16,24.7,2025-03-31
5279X,2025-26,LINARES,JAEN,515,151,151,129,41,2,0,82,2,36,24,54,9,99,2,1.9,-1.9,2026-01-06,28.0,2025-11-12
5281X,2017-18,BAILÉN,JAEN,345,151,151,139,76,9,0,85,9,45,18,44,9,27,2,-0.4,-2.3,2018-02-09,25.5,2017-11-01
5281X,2018-19,BAILÉN,JAEN,345,151,151,137,64,8,0,90,8,67,43,22,23,31,4,-0.1,-2.2,2019-01-12,27.7,2019-03-15
5281X,2020-21,BAILÉN,JAEN,345,145,145,117,39,9,0,79,9,65,43,37,11,17,4,-0.5,-2.8,2021-01-03,30.8,2021-03-31
5281X,2021-22,BAILÉN,JAEN,345,151,151,126,49,4,0,82,3,67,35,38,11,22,2,0.9,-0.5,2022-01-20,24.0,2022-02-22
5281X,2022-23,BAILÉN,JAEN,345,151,151,101,40,10,0,72,8,74,46,28,22,28,4,-0.2,-1.6,2023-01-23,29.4,2023-03-29
5281X,2023-24,BAILÉN,JAEN,345,152,152,116,39,2,0,81,2,62,42,40,13,32,1,1.8,-0.4,2023-12-20,29.3,2024-03-23
5281X,2024-25,BAILÉN,JAEN,345,151,151,111,39,2,0,83,2,73,49,35,12,15,2,1.6,-1.5,2025-01-15,29.2,2025-03-31
5281X,2025-26,BAILÉN,JAEN,345,151,151,123,34,2,0,81,2,48,40,47,21,64,2,2.2,-2.6,2026-01-07,29.0,2026-03-17
5298X,2017-18,ANDÚJAR,JAEN,202,126,126,119,92,40,9,73,35,50,34,33,10,22,9,-4.1,-4.9,2018-02-09,26.8,2017-11-01
5298X,2018-19,ANDÚJAR,JAEN,202,151,151,142,111,32,10,89,31,80,64,22,23,11,16,-3.4,-5.0,2019-01-12,28.2,2019-03-15
5298X,2019-20,ANDÚJAR,JAEN,202,147,147,126,67,11,0,85,9,79,50,32,19,14,5,-0.6,-2.4,2019-11-16,30.5,2020-03-11
5298X,2020-21,ANDÚJAR,JAEN,202,150,150,136,76,23,12,83,20,76,52,37,13,25,11,-4.0,-5.6,2021-01-03,30.8,2021-03-31
5298X,2021-22,ANDÚJAR,JAEN,202,151,151,131,99,27,3,85,25,78,41,32,12,21,10,-2.0,-3.8,2022-01-19,25.1,2022-02-23
5298X,2022-23,ANDÚJAR,JAEN,202,148,148,119,68,24,14,74,20,81,51,29,25,21,16,-3.7,-4.6,2023-03-02,29.4,2023-03-29
5298X,2023-24,ANDÚJAR,JAEN,202,147,147,127,72,19,1,83,18,75,43,33,16,32,13,-1.5,-3.1,2023-12-20,28.4,2024-03-23
5298X,2024-25,ANDÚJAR,JAEN,202,145,145,127,69,28,2,89,28,73,41,33,15,13,8,-2.4,-4.0,2025-01-15,27.4,2025-03-31
5298X,2025-26,ANDÚJAR,JAEN,202,151,151,135,61,7,1,82,5,56,34,55,21,52,3,0.1,-3.8,2026-01-07,28.5,2025-11-12
5304Y,2017-18,PUERTOLLANO,CIUDAD REAL,665,150,150,144,106,36,7,86,33,18,11,38,9,61,8,-3.0,-6.0,2018-02-24,23.3,2017-11-01
5304Y,2018-19,PUERTOLLANO,CIUDAD REAL,665,150,150,148,112,32,7,89,31,45,23,15,11,46,20,-2.8,-4.7,2019-01-12,26.2,2019-03-16
5304Y,2019-20,PUERTOLLANO,CIUDAD REAL,665,150,150,140,79,14,1,85,13,35,17,27,8,33,4,-1.1,-3.2,2020-01-13,30.2,2020-03-11
5304Y,2020-21,PUERTOLLANO,CIUDAD REAL,665,151,151,140,82,22,11,86,20,41,24,28,9,65,10,-3.5,-6.1,2021-01-12,28.4,2021-03-31
5304Y,2021-22,PUERTOLLANO,CIUDAD REAL,665,151,151,147,108,29,4,88,28,25,10,29,5,41,13,-2.5,-4.0,2022-01-20,22.0,2022-02-18
5304Y,2022-23,PUERTOLLANO,CIUDAD REAL,665,151,151,132,82,28,11,84,22,55,32,26,13,33,9,-3.3,-5.3,2023-02-28,29.0,2023-03-29
5304Y,2023-24,PUERTOLLANO,CIUDAD REAL,665,152,152,135,80,16,1,86,15,46,28,35,13,32,5,-1.9,-3.1,2024-01-08,27.9,2024-03-22
5304Y,2024-25,PUERTOLLANO,CIUDAD REAL,665,147,147,138,79,32,4,86,32,41,20,27,10,39,8,-2.6,-5.7,2025-01-14,25.0,2025-03-31
5304Y,2025-26,PUERTOLLANO,CIUDAD REAL,665,151,151,142,77,13,1,87,10,32,18,50,9,73,3,-0.8,-5.2,2026-01-07,25.7,2025-11-12
5341C,2017-18,FUENCALIENTE,CIUDAD REAL,710,151,151,148,110,30,5,89,27,24,15,54,10,57,3,-2.3,-5.3,2018-02-09,22.6,2017-11-20
5341C,2018-19,FUENCALIENTE,CIUDAD REAL,710,151,151,150,112,17,1,90,17,59,26,26,11,11,7,-0.6,-3.5,2019-02-04,24.5,2018-12-05
5341C,2019-20,FUENCALIENTE,CIUDAD REAL,710,145,145,139,88,10,0,83,7,39,24,47,8,33,3,-0.2,-1.8,2019-11-16,28.2,2020-03-11
5341C,2020-21,FUENCALIENTE,CIUDAD REAL,710,151,151,140,83,20,6,87,20,45,22,49,9,28,8,-2.7,-5.1,2021-01-03,26.6,2021-03-31
5341C,2021-22,FUENCALIENTE,CIUDAD REAL,710,149,149,146,102,21,0,89,18,35,18,42,6,27,7,-1.5,-2.7,2021-11-28,24.5,2022-01-01
5341C,2022-23,FUENCALIENTE,CIUDAD REAL,710,150,150,137,73,19,2,86,15,51,34,39,13,30,8,-1.8,-4.8,2023-03-02,26.9,2023-03-29
5341C,2023-24,FUENCALIENTE,CIUDAD REAL,710,151,151,143,73,8,0,88,7,44,29,48,10,30,3,-0.1,-2.0,2024-01-07,27.0,2024-03-23
5341C,2024-25,FUENCALIENTE,CIUDAD REAL,710,149,149,146,80,14,1,88,14,42,21,43,12,32,4,-0.9,-3.3,2025-01-14,24.1,2025-03-31
5341C,2025-26,FUENCALIENTE,CIUDAD REAL,710,150,150,142,87,12,1,86,10,30,20,52,8,76,3,-0.6,-5.2,2026-01-07,24.5,2025-11-12
5346X,2017-18,CARDEÑA,CORDOBA,720,151,151,145,86,14,0,89,13,25,13,50,10,56,4,-0.7,-2.5,2017-12-02,22.8,2017-11-01
5346X,2018-19,CARDEÑA,CORDOBA,720,133,133,127,68,3,0,81,3,50,19,23,6,15,2,1.1,-2.7,2019-01-11,24.6,2018-12-05
5346X,2019-20,CARDEÑA,CORDOBA,720,152,152,140,50,1,0,86,0,44,24,43,12,36,1,1.6,-0.5,2019-11-16,28.7,2020-03-11
5346X,2020-21,CARDEÑA,CORDOBA,720,151,151,133,50,13,1,88,12,46,24,45,10,28,7,-1.2,-3.2,2021-01-04,27.9,2021-03-31
5346X,2021-22,CARDEÑA,CORDOBA,720,148,148,145,60,1,0,88,0,36,15,31,5,27,1,1.2,-0.9,2021-11-28,23.7,2022-01-01
5346X,2022-23,CARDEÑA,CORDOBA,720,150,150,126,50,13,1,86,11,47,30,35,13,28,7,-0.9,-3.4,2023-02-28,26.2,2023-03-29
5346X,2023-24,CARDEÑA,CORDOBA,720,152,152,125,53,0,0,83,0,46,32,43,8,30,0,2.0,0.9,2024-01-07,25.7,2024-03-22
5346X,2024-25,CARDEÑA,CORDOBA,720,151,151,132,56,1,0,88,1,43,26,43,12,40,1,1.2,-0.1,2024-12-09,25.2,2025-03-31
5346X,2025-26,CARDEÑA,CORDOBA,720,151,151,141,73,8,2,85,6,41,28,64,10,35,3,0.2,-4.0,2026-01-06,26.4,2026-02-23
5361X,2017-18,MONTORO,CORDOBA,155,151,151,134,99,37,7,83,33,54,34,43,10,23,9,-2.7,-4.2,2018-02-24,26.7,2017-11-01
5361X,2018-19,MONTORO,CORDOBA,155,151,151,138,106,27,8,89,27,79,61,21,24,11,16,-3.1,-4.8,2019-01-12,27.2,2019-03-11
5361X,2019-20,MONTORO,CORDOBA,155,151,151,125,54,5,0,81,3,81,50,36,16,15,2,0.3,-2.6,2019-11-16,28.7,2020-03-11
5361X,2020-21,MONTORO,CORDOBA,155,150,150,128,60,19,8,80,16,74,54,36,13,25,7,-3.1,-4.4,2021-01-03,31.3,2021-03-31
5361X,2021-22,MONTORO,CORDOBA,155,149,149,126,99,32,2,82,29,88,51,31,17,19,7,-2.4,-3.3,2022-01-19,25.6,2022-02-23
5361X,2022-23,MONTORO,CORDOBA,155,140,140,113,67,24,14,68,20,88,57,30,25,12,16,-3.4,-3.9,2023-03-02,28.7,2023-03-28
5361X,2023-24,MONTORO,CORDOBA,155,146,146,118,71,18,0,80,15,81,49,34,17,11,9,-1.5,-2.8,2023-12-20,29.0,2024-03-23
5361X,2024-25,MONTORO,CORDOBA,155,140,140,118,64,29,4,87,29,79,47,28,16,12,11,-2.8,-4.1,2025-01-16,29.5,2025-03-31
5361X,2025-26,MONTORO,CORDOBA,155,151,151,131,54,5,1,81,4,62,40,55,21,28,2,0.6,-3.1,2026-01-07,28.3,2025-11-12
5390Y,2017-18,VILLANUEVA DE CÓRDOBA,CORDOBA,750,151,151,143,90,16,1,89,14,17,9,45,9,61,5,-1.4,-3.3,2018-02-08,22.5,2017-11-20
5390Y,2018-19,VILLANUEVA DE CÓRDOBA,CORDOBA,750,151,151,143,62,4,0,87,4,41,18,26,8,42,2,1.2,-1.3,2019-02-03,24.0,2018-12-05
5390Y,2019-20,VILLANUEVA DE CÓRDOBA,CORDOBA,750,152,152,139,50,1,0,85,0,31,21,35,8,51,1,1.7,-0.7,2019-11-16,28.0,2020-03-11
5390Y,2020-21,VILLANUEVA DE CÓRDOBA,CORDOBA,750,151,151,133,51,14,0,87,13,38,20,41,9,30,5,-1.2,-2.3,2021-01-12,26.8,2021-03-31
5390Y,2021-22,VILLANUEVA DE CÓRDOBA,CORDOBA,750,150,150,144,62,1,0,84,0,26,11,35,5,27,1,1.5,-1.4,2021-11-28,24.0,2022-01-01
5390Y,2022-23,VILLANUEVA DE CÓRDOBA,CORDOBA,750,150,150,129,52,14,1,86,12,37,23,35,12,38,8,-1.6,-3.2,2023-02-28,26.3,2023-03-29
5390Y,2023-24,VILLANUEVA DE CÓRDOBA,CORDOBA,750,152,152,128,63,2,0,85,2,35,21,42,10,42,2,1.4,-1.1,2023-12-27,25.1,2024-03-22
5390Y,2024-25,VILLANUEVA DE CÓRDOBA,CORDOBA,750,151,151,134,65,2,0,89,2,26,12,38,7,50,1,0.9,-0.6,2024-12-09,23.0,2025-03-31
5390Y,2025-26,VILLANUEVA DE CÓRDOBA,CORDOBA,750,150,150,140,69,6,2,84,5,22,13,55,7,61,3,0.3,-3.3,2026-01-06,23.3,2026-02-23
5394X,2017-18,"CÓRDOBA, EMBALSE DE GUADANUÑO",CORDOBA,525,151,151,145,102,21,1,89,20,26,14,42,11,38,7,-1.6,-3.2,2018-02-09,23.8,2018-03-28
5394X,2018-19,"CÓRDOBA, EMBALSE DE GUADANUÑO",CORDOBA,525,151,151,147,87,8,0,90,8,53,26,22,11,24,4,-0.1,-2.1,2019-01-11,24.5,2019-03-11
5394X,2019-20,"CÓRDOBA, EMBALSE DE GUADANUÑO",CORDOBA,525,151,151,144,53,1,0,88,1,45,26,38,12,24,1,1.4,-0.2,2020-01-13,27.3,2020-03-11
5394X,2020-21,"CÓRDOBA, EMBALSE DE GUADANUÑO",CORDOBA,525,150,150,136,61,17,1,86,17,46,26,40,10,30,5,-1.0,-3.2,2021-01-12,28.4,2021-03-31
5394X,2021-22,"CÓRDOBA, EMBALSE DE GUADANUÑO",CORDOBA,525,150,150,142,80,4,0,88,4,43,19,32,5,26,2,0.3,-0.7,2022-01-17,23.0,2022-02-22
5394X,2022-23,"CÓRDOBA, EMBALSE DE GUADANUÑO",CORDOBA,525,150,150,130,59,16,0,85,13,48,34,32,13,34,6,-0.6,-2.5,2023-03-02,26.8,2023-03-29
5394X,2023-24,"CÓRDOBA, EMBALSE DE GUADANUÑO",CORDOBA,525,152,152,136,60,3,0,87,3,61,39,40,17,21,1,1.2,-0.6,2023-12-27,27.5,2024-01-25
5394X,2024-25,"CÓRDOBA, EMBALSE DE GUADANUÑO",CORDOBA,525,142,142,133,64,5,0,89,5,41,15,40,6,49,4,0.2,-1.4,2025-01-14,25.5,2024-11-02
5394X,2025-26,"CÓRDOBA, EMBALSE DE GUADANUÑO",CORDOBA,525,151,151,140,70,2,1,85,2,35,27,56,9,72,2,0.8,-3.2,2026-01-07,24.8,2025-11-12
5402,2017-18,CÓRDOBA AEROPUERTO,CORDOBA,90,151,151,132,94,16,1,83,16,52,32,40,13,28,4,-0.8,-3.1,2018-02-09,27.4,2017-11-01
5402,2018-19,CÓRDOBA AEROPUERTO,CORDOBA,90,150,151,134,81,13,0,88,13,80,62,21,24,24,5,-1.0,-2.5,2019-01-11,28.2,2019-03-26
5402,2019-20,CÓRDOBA AEROPUERTO,CORDOBA,90,152,152,125,40,1,0,79,0,83,55,29,16,13,1,1.5,-1.8,2019-11-16,29.0,2020-03-10
5402,2020-21,CÓRDOBA AEROPUERTO,CORDOBA,90,151,151,122,54,16,3,79,15,74,50,33,11,25,8,-1.6,-3.5,2021-01-03,31.9,2021-03-31
5402,2021-22,CÓRDOBA AEROPUERTO,CORDOBA,90,151,151,129,85,9,0,83,8,88,46,24,19,19,4,-0.2,-1.6,2022-01-20,25.0,2021-11-01
5402,2022-23,CÓRDOBA AEROPUERTO,CORDOBA,90,151,151,118,55,23,3,74,19,83,57,31,25,22,16,-2.4,-3.9,2023-01-26,30.0,2023-03-29
5402,2023-24,CÓRDOBA AEROPUERTO,CORDOBA,90,151,152,121,63,10,0,82,10,76,46,40,17,34,4,-0.3,-2.0,2023-12-20,27.8,2024-03-23
5402,2024-25,CÓRDOBA AEROPUERTO,CORDOBA,90,151,151,128,61,12,1,88,12,78,41,39,14,12,3,-0.9,-3.8,2025-01-16,26.6,2025-03-31
5402,2025-26,CÓRDOBA AEROPUERTO,CORDOBA,90,151,151,131,65,5,1,80,5,56,36,54,21,52,2,0.6,-4.3,2026-01-07,26.1,2025-11-12
5406X,2017-18,ALCALÁ LA REAL,JAEN,908,151,151,149,107,30,2,90,27,17,8,55,9,61,10,-2.0,-4.2,2018-02-09,22.1,2017-11-01
5406X,2018-19,ALCALÁ LA REAL,JAEN,908,151,151,150,96,8,0,90,8,40,19,21,7,42,4,-0.1,-2.8,2019-01-11,25.0,2018-12-05
5406X,2019-20,ALCALÁ LA REAL,JAEN,908,121,121,113,55,4,0,60,2,26,15,38,8,32,2,0.6,-0.9,2019-11-16,27.7,2020-03-11
5406X,2020-21,ALCALÁ LA REAL,JAEN,908,151,151,141,71,16,4,89,15,38,23,46,9,36,5,-1.6,-4.5,2021-01-03,26.6,2021-03-31
5406X,2021-22,ALCALÁ LA REAL,JAEN,908,151,151,146,91,7,1,89,6,19,11,41,6,31,2,0.2,-3.1,2021-11-28,25.1,2021-12-30
5406X,2022-23,ALCALÁ LA REAL,JAEN,908,151,151,137,67,16,4,86,13,44,28,31,13,34,8,-2.3,-3.6,2023-01-28,27.0,2023-03-29
5406X,2023-24,ALCALÁ LA REAL,JAEN,908,152,152,139,78,5,0,88,5,41,26,39,10,32,2,0.6,-1.7,2024-01-08,26.6,2024-03-17
5406X,2024-25,ALCALÁ LA REAL,JAEN,908,151,151,144,80,9,0,89,9,36,17,36,8,49,3,-0.1,-1.7,2025-01-15,24.0,2025-03-31
5406X,2025-26,ALCALÁ LA REAL,JAEN,908,151,151,145,87,13,1,88,10,26,15,57,8,39,4,-0.8,-4.8,2026-01-07,25.4,2025-11-12
5412X,2017-18,PRIEGO DE CÓRDOBA,CORDOBA,550,151,151,145,100,33,4,89,32,28,13,47,14,29,8,-2.2,-4.7,2018-02-09,25.6,2017-11-01
5412X,2018-19,PRIEGO DE CÓRDOBA,CORDOBA,550,150,150,147,100,18,3,89,18,62,39,20,14,35,10,-1.7,-3.8,2019-01-11,27.2,2019-03-16
5412X,2019-20,PRIEGO DE CÓRDOBA,CORDOBA,550,152,152,142,73,5,0,89,4,43,26,31,8,34,4,0.3,-0.9,2019-11-16,28.9,2020-03-11
5412X,2020-21,PRIEGO DE CÓRDOBA,CORDOBA,550,151,151,139,68,18,4,86,17,52,34,35,9,26,10,-2.7,-4.4,2021-01-03,28.8,2021-03-31
5412X,2021-22,PRIEGO DE CÓRDOBA,CORDOBA,550,151,151,141,96,15,0,88,15,35,18,29,5,25,7,-0.8,-2.2,2022-01-20,23.5,2022-01-01
5412X,2022-23,PRIEGO DE CÓRDOBA,CORDOBA,550,151,151,131,66,23,7,81,19,57,40,28,14,34,16,-3.0,-4.6,2023-01-29,27.9,2023-03-29
5412X,2023-24,PRIEGO DE CÓRDOBA,CORDOBA,550,152,152,133,69,9,0,86,9,50,34,38,9,20,3,-0.2,-2.5,2024-01-08,28.8,2024-03-23
5412X,2024-25,PRIEGO DE CÓRDOBA,CORDOBA,550,151,151,137,68,22,2,87,22,49,28,33,12,26,7,-1.5,-3.5,2025-01-15,26.8,2025-03-31
5412X,2025-26,PRIEGO DE CÓRDOBA,CORDOBA,550,139,139,126,67,11,1,77,8,35,22,36,9,26,3,-0.4,-4.3,2026-01-07,27.5,2025-11-12
5427X,2017-18,DOÑA MENCÍA,CORDOBA,650,145,145,129,65,4,0,90,3,16,8,45,11,57,2,0.6,-1.2,2018-02-08,22.4,2017-11-01
5427X,2019-20,DOÑA MENCÍA,CORDOBA,650,151,151,103,7,0,0,60,0,49,25,37,12,25,0,5.1,1.4,2020-01-20,26.8,2020-03-12
5427X,2020-21,DOÑA MENCÍA,CORDOBA,650,151,151,100,27,0,0,73,0,55,33,39,10,25,0,2.4,0.7,2021-01-03,29.3,2021-03-31
5427X,2021-22,DOÑA MENCÍA,CORDOBA,650,151,151,119,17,0,0,69,0,43,22,31,6,24,0,4.1,1.1,2021-11-28,24.0,2022-01-03
5427X,2022-23,DOÑA MENCÍA,CORDOBA,650,151,151,86,24,0,0,67,0,60,41,33,14,32,0,1.8,0.5,2023-01-24,28.0,2023-03-29
5427X,2023-24,DOÑA MENCÍA,CORDOBA,650,126,126,84,11,0,0,65,0,38,25,33,10,21,0,4.2,2.1,2024-01-06,27.1,2023-11-14
5427X,2024-25,DOÑA MENCÍA,CORDOBA,650,151,151,98,17,0,0,71,0,57,34,39,12,25,0,4.3,3.0,2024-12-09,25.5,2025-03-31
5427X,2025-26,DOÑA MENCÍA,CORDOBA,650,127,127,95,27,0,0,60,0,37,26,35,12,19,0,2.6,0.9,2025-12-22,27.6,2025-11-12
5429X,2017-18,"CÓRDOBA, PRÁGDENA",CORDOBA,275,151,151,135,84,9,0,83,9,35,19,44,13,32,5,-0.3,-2.3,2018-02-09,25.9,2017-11-01
5429X,2018-19,"CÓRDOBA, PRÁGDENA",CORDOBA,275,150,150,135,66,9,0,88,9,62,38,20,22,24,4,-0.4,-2.2,2019-01-13,27.1,2019-03-16
5429X,2019-20,"CÓRDOBA, PRÁGDENA",CORDOBA,275,151,151,121,37,1,0,80,0,57,37,27,16,34,1,2.2,-0.2,2019-11-16,28.1,2020-03-11
5429X,2020-21,"CÓRDOBA, PRÁGDENA",CORDOBA,275,151,151,129,47,10,0,83,10,66,43,34,11,25,6,-0.8,-2.9,2021-01-03,31.4,2021-03-31
5429X,2021-22,"CÓRDOBA, PRÁGDENA",CORDOBA,275,151,151,133,68,8,0,84,7,70,36,27,12,24,4,0.2,-1.1,2022-01-20,23.6,2022-02-22
5429X,2022-23,"CÓRDOBA, PRÁGDENA",CORDOBA,275,149,149,110,44,13,0,73,10,75,48,34,24,21,4,-0.6,-2.0,2023-01-23,28.8,2023-03-29
5429X,2023-24,"CÓRDOBA, PRÁGDENA",CORDOBA,275,152,152,124,47,6,0,82,6,68,41,41,15,20,2,1.1,-1.3,2024-01-08,28.3,2024-03-22
5429X,2024-25,"CÓRDOBA, PRÁGDENA",CORDOBA,275,151,151,125,50,4,0,86,4,69,41,35,12,24,3,0.8,-2.5,2025-01-16,27.5,2025-03-31
5429X,2025-26,"CÓRDOBA, PRÁGDENA",CORDOBA,275,151,151,130,39,2,0,82,2,50,34,51,21,64,1,1.9,-2.8,2026-01-07,27.7,2025-11-12
5459X,2017-18,ESPIEL,CORDOBA,465,150,150,140,112,39,8,84,37,31,17,22,12,33,8,-3.1,-5.5,2018-02-09,23.1,2017-11-20
5459X,2018-19,ESPIEL,CORDOBA,465,149,149,144,112,29,8,89,28,62,34,21,11,11,16,-2.9,-5.4,2019-01-12,25.3,2019-03-16
5459X,2019-20,ESPIEL,CORDOBA,465,152,152,142,68,7,0,88,5,52,33,32,12,24,3,0.1,-1.7,2020-01-12,27.6,2020-03-11
5459X,2020-21,ESPIEL,CORDOBA,465,148,148,139,77,24,13,86,22,53,30,35,10,25,11,-3.9,-5.9,2021-01-12,28.7,2021-03-31
5459X,2021-22,ESPIEL,CORDOBA,465,139,139,134,112,40,3,86,35,48,22,22,10,25,13,-2.2,-4.1,2022-01-20,24.4,2022-02-22
5459X,2022-23,ESPIEL,CORDOBA,465,147,147,131,87,32,18,81,28,61,40,33,13,31,11,-5.0,-6.0,2023-02-01,27.9,2023-03-30
5459X,2023-24,ESPIEL,CORDOBA,465,132,132,124,77,21,2,77,18,41,22,32,11,22,13,-1.3,-3.2,2023-12-19,28.4,2024-03-23
5459X,2024-25,ESPIEL,CORDOBA,465,151,151,144,85,32,5,89,32,55,29,40,12,23,8,-2.5,-5.9,2025-01-15,25.2,2025-03-31
5459X,2025-26,ESPIEL,CORDOBA,465,151,151,140,79,8,1,85,6,41,29,51,9,64,2,-0.2,-4.3,2026-01-07,25.0,2026-02-23
5470,2017-18,FUENTE PALMERA,CORDOBA,120,151,151,132,71,3,0,82,3,46,24,41,13,30,1,0.7,-1.2,2018-02-09,25.9,2017-11-01
5470,2018-19,FUENTE PALMERA,CORDOBA,120,148,148,127,46,2,0,87,2,67,46,19,24,44,2,1.3,-0.6,2019-01-12,27.3,2019-03-26
5470,2019-20,FUENTE PALMERA,CORDOBA,120,152,152,108,29,0,0,75,0,73,47,30,16,34,0,3.5,1.5,2019-11-17,27.9,2020-03-11
5470,2020-21,FUENTE PALMERA,CORDOBA,120,146,146,106,32,9,0,69,9,70,45,31,11,30,5,-0.1,-3.0,2021-01-03,30.3,2021-03-31
5470,2021-22,FUENTE PALMERA,CORDOBA,120,139,139,113,44,0,0,79,0,68,34,26,17,16,0,1.9,1.0,2022-01-20,24.7,2022-02-22
5470,2022-23,FUENTE PALMERA,CORDOBA,120,151,151,113,40,14,0,76,11,84,61,32,25,24,5,-0.6,-1.9,2023-01-29,30.7,2023-03-29
5470,2023-24,FUENTE PALMERA,CORDOBA,120,152,152,114,35,0,0,81,0,81,46,38,16,22,0,2.3,0.1,2023-12-27,28.4,2024-03-23
5470,2024-25,FUENTE PALMERA,CORDOBA,120,151,151,109,43,2,0,81,2,75,36,35,12,14,2,1.6,-1.4,2025-01-16,26.3,2025-03-31
5470,2025-26,FUENTE PALMERA,CORDOBA,120,151,151,111,29,1,0,70,1,53,37,52,12,52,1,3.0,-1.5,2026-01-07,25.8,2026-03-31
5473X,2017-18,AZUAGA,BADAJOZ,581,147,147,138,95,17,0,87,16,19,9,33,10,60,4,-0.7,-2.5,2018-02-08,22.8,2017-11-21
5473X,2018-19,AZUAGA,BADAJOZ,581,151,151,147,79,5,0,90,5,40,18,22,10,46,3,0.8,-1.4,2019-02-03,24.4,2019-03-16
5473X,2019-20,AZUAGA,BADAJOZ,581,152,152,143,53,2,0,88,1,33,19,29,8,49,1,1.6,-0.7,2019-11-16,26.6,2020-03-11
5473X,2020-21,AZUAGA,BADAJOZ,581,151,151,129,48,14,2,84,13,36,20,36,11,68,5,-1.6,-3.7,2021-01-12,26.3,2021-03-31
5473X,2021-22,AZUAGA,BADAJOZ,581,151,151,145,76,1,0,85,0,27,10,29,5,31,1,0.6,-1.6,2021-11-28,21.5,2022-01-01
5473X,2022-23,AZUAGA,BADAJOZ,581,151,151,132,57,16,1,83,14,47,27,20,13,35,10,-1.8,-3.3,2023-03-01,27.8,2023-03-29
5473X,2023-24,AZUAGA,BADAJOZ,581,152,152,126,57,2,0,82,2,38,19,31,13,63,2,1.0,-2.5,2023-12-26,26.0,2024-03-22
5473X,2024-25,AZUAGA,BADAJOZ,581,151,151,127,55,4,0,86,4,29,10,39,11,50,2,1.0,-1.1,2025-01-14,22.7,2024-11-06
5473X,2025-26,AZUAGA,BADAJOZ,581,144,144,134,59,3,0,83,3,27,15,48,7,70,2,0.9,-2.4,2026-01-06,22.4,2026-02-23
5511,2023-24,"PRADOLLANO, PARQUE NACIONAL SIERRA NEVADA",GRANADA,3092,123,123,123,119,97,65,89,76,0,0,0,0,64,20,-12.0,-14.5,2024-03-03,13.0,2024-01-26
5511,2024-25,"PRADOLLANO, PARQUE NACIONAL SIERRA NEVADA",GRANADA,3092,142,142,142,142,129,106,85,79,0,0,0,0,71,26,-12.2,-14.1,2025-03-24,8.5,2024-12-17
5514,2017-18,GRANADA BASE AÉREA,GRANADA,687,151,151,148,108,40,4,89,39,31,12,43,9,51,9,-2.5,-4.5,2018-02-09,24.8,2017-11-02
5514,2018-19,GRANADA BASE AÉREA,GRANADA,687,151,151,150,123,45,12,90,42,61,29,21,12,24,20,-3.6,-5.4,2019-01-12,25.2,2019-03-11
5514,2019-20,GRANADA BASE AÉREA,GRANADA,687,152,152,144,109,26,4,89,19,50,32,26,10,25,11,-2.1,-4.5,2020-01-14,28.5,2020-03-12
5514,2020-21,GRANADA BASE AÉREA,GRANADA,687,151,151,144,100,28,11,87,23,58,39,29,20,27,11,-3.8,-6.2,2021-01-04,27.8,2020-11-06
5514,2021-22,GRANADA BASE AÉREA,GRANADA,687,151,151,148,112,28,6,90,24,41,16,36,6,25,11,-2.9,-4.1,2022-01-09,23.4,2021-12-30
5514,2022-23,GRANADA BASE AÉREA,GRANADA,687,151,151,145,94,29,11,87,23,59,42,16,22,34,15,-3.8,-5.4,2023-01-29,27.8,2023-03-29
5514,2023-24,GRANADA BASE AÉREA,GRANADA,687,152,152,141,89,20,2,88,16,59,39,32,13,14,6,-2.0,-3.7,2024-01-08,29.3,2024-03-23
5514,2024-25,GRANADA BASE AÉREA,GRANADA,687,151,151,150,88,31,2,90,31,61,31,26,12,17,8,-1.9,-4.2,2025-01-16,24.4,2024-11-05
5514,2025-26,GRANADA BASE AÉREA,GRANADA,687,151,151,146,101,23,3,88,18,40,21,47,8,34,5,-1.6,-5.6,2026-01-07,28.1,2025-11-12
5514Z,2019-20,GRANADA BASE AÉREA,GRANADA,695,142,142,135,97,17,2,79,13,45,23,24,10,33,8,-1.5,-4.4,2020-01-14,28.1,2020-03-12
5514Z,2020-21,GRANADA BASE AÉREA,GRANADA,695,151,151,144,93,25,8,88,22,57,41,27,20,28,11,-3.1,-5.6,2021-01-04,28.2,2020-11-06
5515D,2017-18,VÍZNAR,GRANADA,1258,143,143,138,90,32,5,86,26,1,0,42,1,27,6,-2.6,-3.9,2018-01-07,18.7,2018-01-17
5515D,2018-19,VÍZNAR,GRANADA,1258,140,140,121,57,9,0,73,9,30,14,24,8,19,4,-0.2,-2.3,2019-02-03,24.1,2018-12-05
5515D,2019-20,VÍZNAR,GRANADA,1258,138,138,127,88,11,1,76,6,10,6,30,4,18,4,-1.3,-4.3,2020-01-20,22.2,2020-03-11
5515D,2020-21,VÍZNAR,GRANADA,1258,128,128,117,75,26,9,74,23,14,7,31,5,15,7,-3.5,-5.3,2021-01-03,24.0,2021-03-31
5515D,2021-22,VÍZNAR,GRANADA,1258,136,136,129,102,19,1,77,11,9,5,35,6,19,3,-1.5,-3.2,2021-11-28,22.8,2021-12-30
5515D,2022-23,VÍZNAR,GRANADA,1258,141,141,123,72,24,8,83,22,20,9,24,10,20,10,-3.1,-4.6,2023-01-24,22.6,2023-03-12
5515D,2023-24,VÍZNAR,GRANADA,1258,140,140,123,83,14,0,77,8,22,17,35,9,42,3,-1.1,-2.5,2024-03-03,23.3,2024-03-23
5515D,2024-25,VÍZNAR,GRANADA,1258,142,142,135,87,16,0,82,11,13,3,27,3,32,4,-1.1,-2.1,2025-01-17,21.7,2024-11-24
5515X,2017-18,GRANADA-CARTUJA,GRANADA,775,151,151,147,99,20,0,90,19,39,29,45,16,51,5,-0.9,-2.9,2018-02-09,26.6,2017-11-02
5515X,2018-19,GRANADA-CARTUJA,GRANADA,775,151,151,150,91,9,0,90,9,84,53,20,13,10,3,-0.2,-1.6,2019-01-12,26.6,2019-03-16
5515X,2019-20,GRANADA-CARTUJA,GRANADA,775,150,150,140,63,1,0,87,1,62,44,28,17,24,1,1.1,-0.7,2020-01-14,29.9,2020-03-11
5515X,2020-21,GRANADA-CARTUJA,GRANADA,775,151,151,141,62,13,1,88,13,71,48,36,25,23,5,-1.2,-3.2,2021-01-03,29.4,2021-03-31
5515X,2021-22,GRANADA-CARTUJA,GRANADA,775,151,151,148,85,6,0,89,5,61,32,20,8,25,3,0.2,-0.8,2021-11-28,26.0,2021-12-30
5515X,2022-23,GRANADA-CARTUJA,GRANADA,775,151,151,135,60,14,0,87,11,72,49,13,22,19,9,-1.3,-2.4,2023-01-29,29.3,2023-03-12
5515X,2023-24,GRANADA-CARTUJA,GRANADA,775,151,151,134,69,4,0,86,4,69,50,20,13,11,2,1.1,-1.4,2024-01-08,30.2,2024-03-23
5515X,2024-25,GRANADA-CARTUJA,GRANADA,775,144,144,135,65,3,0,88,3,71,40,30,11,12,2,0.5,-1.5,2025-01-15,25.3,2024-11-16
5515X,2025-26,GRANADA-CARTUJA,GRANADA,775,151,151,143,74,5,1,88,5,47,31,47,10,35,3,0.6,-3.5,2026-01-07,29.8,2025-11-12
5516D,2021-22,SIERRA NEVADA 'RADIOTELESCOPIO',GRANADA,2856,150,150,150,147,129,87,90,71,0,0,0,0,123,32,-10.2,-12.6,2021-11-27,11.8,2022-01-02
5516D,2022-23,SIERRA NEVADA 'RADIOTELESCOPIO',GRANADA,2856,151,151,151,147,109,72,90,78,0,0,0,0,151,55,-12.9,-15.3,2023-02-28,12.0,2022-11-05
5516D,2023-24,SIERRA NEVADA 'RADIOTELESCOPIO',GRANADA,2856,146,146,146,134,90,64,91,58,0,0,0,0,132,20,-10.3,-12.4,2024-03-03,12.9,2024-01-26
5516D,2024-25,SIERRA NEVADA 'RADIOTELESCOPIO',GRANADA,2856,145,145,145,144,111,78,90,76,0,0,0,0,133,61,-10.0,-11.1,2025-03-24,10.5,2025-03-31
5516D,2025-26,SIERRA NEVADA 'RADIOTELESCOPIO',GRANADA,2856,139,139,139,138,124,98,78,75,0,0,0,0,87,48,-11.7,-16.0,2026-01-06,12.6,2026-02-28
5530E,2017-18,GRANADA AEROPUERTO,GRANADA,560,151,151,148,109,54,11,90,46,43,29,42,14,50,8,-3.2,-4.7,2017-12-04,25.7,2017-11-02
5530E,2018-19,GRANADA AEROPUERTO,GRANADA,560,151,151,151,132,66,23,90,58,67,34,20,13,21,21,-5.5,-6.9,2019-01-12,26.0,2019-03-11
5530E,2019-20,GRANADA AEROPUERTO,GRANADA,560,152,152,146,111,34,9,89,28,56,37,29,16,32,12,-3.2,-5.0,2020-01-14,29.7,2020-03-11
5530E,2020-21,GRANADA AEROPUERTO,GRANADA,560,151,151,145,96,30,13,87,25,63,45,27,21,27,11,-4.7,-6.3,2021-01-04,28.0,2021-03-31
5530E,2021-22,GRANADA AEROPUERTO,GRANADA,560,151,151,146,115,54,9,88,45,60,25,31,7,25,11,-3.2,-5.3,2022-01-20,24.6,2022-02-22
5530E,2022-23,GRANADA AEROPUERTO,GRANADA,560,151,151,146,100,36,18,87,29,68,48,21,22,30,16,-4.5,-6.3,2023-03-01,29.3,2023-03-29
5530E,2023-24,GRANADA AEROPUERTO,GRANADA,560,151,151,142,105,35,10,89,28,66,44,34,13,10,15,-3.4,-4.9,2023-12-20,29.1,2024-03-22
5530E,2024-25,GRANADA AEROPUERTO,GRANADA,560,151,151,148,105,43,15,89,43,66,38,27,12,14,16,-3.7,-6.5,2025-01-15,25.2,2025-03-31
5530E,2025-26,GRANADA AEROPUERTO,GRANADA,560,151,151,143,98,31,3,86,23,47,31,45,10,35,5,-2.4,-5.2,2026-01-07,29.0,2025-11-12
5582A,2017-18,LOJA,GRANADA,760,151,151,144,86,18,1,89,18,37,20,50,13,50,4,-0.8,-3.4,2018-02-09,24.1,2017-11-01
5582A,2018-19,LOJA,GRANADA,760,129,129,123,67,0,0,88,0,44,18,19,8,29,0,0.6,0.1,2019-01-07,24.7,2019-03-12
5582A,2021-22,LOJA,GRANADA,760,151,151,139,74,7,0,85,7,54,23,19,7,26,4,0.1,-1.5,2022-01-09,24.5,2022-02-22
5582A,2022-23,LOJA,GRANADA,760,151,151,118,48,14,0,77,11,63,44,21,13,22,7,-1.6,-2.3,2023-01-26,28.5,2023-03-29
5582A,2023-24,LOJA,GRANADA,760,150,150,129,60,6,0,84,6,59,42,36,13,12,3,0.6,-1.8,2023-12-20,29.2,2024-03-19
5582A,2024-25,LOJA,GRANADA,760,151,151,134,57,8,0,88,8,60,35,33,12,26,2,-0.1,-2.5,2025-01-16,25.1,2025-03-31
5598X,2017-18,BENAMEJÍ,CORDOBA,465,147,147,139,63,3,0,88,3,28,13,43,7,55,1,0.9,-1.1,2018-02-09,23.8,2017-11-24
5598X,2018-19,BENAMEJÍ,CORDOBA,465,150,150,140,37,0,0,88,0,54,24,19,10,24,0,1.4,0.0,2019-01-11,25.8,2019-03-16
5598X,2019-20,BENAMEJÍ,CORDOBA,465,152,152,127,36,0,0,82,0,50,25,28,12,26,0,3.1,1.5,2019-11-17,28.5,2020-03-12
5598X,2020-21,BENAMEJÍ,CORDOBA,465,151,151,122,37,6,0,83,6,52,32,35,10,26,2,0.1,-1.5,2021-01-03,28.1,2020-11-02
5598X,2021-22,BENAMEJÍ,CORDOBA,465,151,151,136,39,0,0,84,0,45,21,32,6,24,0,2.2,0.1,2021-11-28,24.6,2022-02-22
5598X,2022-23,BENAMEJÍ,CORDOBA,465,146,146,109,35,7,0,75,5,66,44,24,15,20,3,0.2,-1.3,2023-01-29,28.2,2023-03-12
5598X,2023-24,BENAMEJÍ,CORDOBA,465,152,152,119,35,0,0,82,0,56,38,40,13,20,0,2.5,0.1,2024-01-08,30.4,2024-03-22
5598X,2024-25,BENAMEJÍ,CORDOBA,465,151,151,116,38,2,0,84,2,58,36,37,12,25,2,2.2,-0.7,2025-01-15,24.9,2024-11-04
5598X,2025-26,BENAMEJÍ,CORDOBA,465,149,149,127,40,1,0,79,1,39,27,44,9,53,1,2.4,-1.7,2026-01-07,27.0,2025-11-12
5612B,2017-18,LA RODA DE ANDALUCÍA,SEVILLA,410,150,150,139,89,28,4,87,27,34,22,43,12,33,7,-1.7,-4.1,2018-02-09,25.6,2017-11-24
5612B,2018-19,LA RODA DE ANDALUCÍA,SEVILLA,410,151,151,140,72,14,0,88,14,62,32,16,11,23,7,-0.5,-3.0,2019-01-11,26.4,2019-03-16
5612B,2019-20,LA RODA DE ANDALUCÍA,SEVILLA,410,152,152,135,55,2,0,87,2,55,30,28,9,21,1,1.2,-1.0,2020-01-11,29.3,2020-03-12
5612B,2020-21,LA RODA DE ANDALUCÍA,SEVILLA,410,140,140,116,48,14,1,79,13,54,33,34,22,26,6,-1.5,-4.1,2021-01-03,28.9,2020-11-02
5612B,2021-22,LA RODA DE ANDALUCÍA,SEVILLA,410,151,151,138,78,11,0,84,9,57,23,26,12,24,2,-0.2,-1.8,2021-12-03,25.1,2021-12-30
5612B,2022-23,LA RODA DE ANDALUCÍA,SEVILLA,410,151,151,123,52,18,8,78,15,86,59,8,24,16,11,-3.0,-4.6,2023-01-29,29.1,2023-03-12
5612B,2023-24,LA RODA DE ANDALUCÍA,SEVILLA,410,152,152,133,54,9,0,84,9,85,54,39,13,12,2,-0.1,-2.4,2024-01-07,31.6,2024-03-22
5612B,2024-25,LA RODA DE ANDALUCÍA,SEVILLA,410,151,151,126,60,14,0,88,14,66,39,37,12,14,6,-1.0,-2.5,2024-12-09,25.5,2024-11-30
5612B,2025-26,LA RODA DE ANDALUCÍA,SEVILLA,410,126,126,108,45,8,1,64,6,38,28,45,9,35,2,-0.2,-4.1,2026-01-07,26.0,2026-02-23
5612X,2017-18,LORA DE ESTEPA,SEVILLA,450,151,151,130,61,4,0,83,4,27,15,46,12,58,2,0.6,-1.4,2018-02-09,24.0,2017-11-21
5612X,2018-19,LORA DE ESTEPA,SEVILLA,450,151,151,132,35,0,0,86,0,49,22,22,10,24,0,1.9,0.0,2019-01-11,25.6,2019-03-16
5612X,2019-20,LORA DE ESTEPA,SEVILLA,450,152,152,123,28,0,0,80,0,38,24,1,8,26,0,3.4,1.5,2020-01-11,27.4,2020-03-11
5612X,2020-21,LORA DE ESTEPA,SEVILLA,450,151,151,109,36,8,0,76,8,47,28,40,10,27,5,-0.2,-2.4,2021-01-03,28.4,2020-11-02
5612X,2021-22,LORA DE ESTEPA,SEVILLA,450,147,147,124,32,0,0,75,0,36,19,32,6,25,0,2.5,1.0,2021-12-03,24.3,2021-12-31
5612X,2022-23,LORA DE ESTEPA,SEVILLA,450,151,151,101,30,9,0,68,7,62,36,30,15,34,5,-0.3,-1.7,2023-01-29,27.7,2023-03-12
5612X,2023-24,LORA DE ESTEPA,SEVILLA,450,152,152,104,34,0,0,69,0,52,35,41,13,20,0,2.7,0.4,2024-01-07,29.8,2024-03-22
5612X,2024-25,LORA DE ESTEPA,SEVILLA,450,151,151,108,39,2,0,78,2,48,29,41,12,26,1,1.9,-0.1,2024-12-10,24.5,2024-11-30
5612X,2025-26,LORA DE ESTEPA,SEVILLA,450,148,148,115,39,2,0,74,2,36,25,52,8,29,2,2.2,-1.9,2026-01-07,24.8,2026-02-23
5624X,2017-18,AGUILAR DE LA FRONTERA,CORDOBA,309,151,151,133,76,9,0,84,9,33,19,44,13,32,3,-0.4,-2.8,2017-12-04,24.6,2017-11-01
5624X,2018-19,AGUILAR DE LA FRONTERA,CORDOBA,309,151,151,137,72,9,0,89,9,69,40,16,14,23,3,-0.1,-2.0,2019-02-04,26.5,2019-03-16
5624X,2019-20,AGUILAR DE LA FRONTERA,CORDOBA,309,152,152,134,45,1,0,85,0,61,38,29,20,15,1,2.3,-1.3,2019-11-16,29.9,2020-03-11
5624X,2020-21,AGUILAR DE LA FRONTERA,CORDOBA,309,150,150,122,43,13,2,80,12,59,38,34,11,36,6,-1.1,-3.5,2021-01-03,28.6,2021-03-31
5624X,2021-22,AGUILAR DE LA FRONTERA,CORDOBA,309,151,151,135,67,2,0,83,1,64,27,30,12,24,1,1.0,-1.8,2021-11-28,24.0,2022-02-22
5624X,2022-23,AGUILAR DE LA FRONTERA,CORDOBA,309,151,151,115,45,15,0,75,12,74,47,31,22,29,5,-1.0,-2.8,2023-01-26,27.9,2023-03-29
5624X,2023-24,AGUILAR DE LA FRONTERA,CORDOBA,309,152,152,120,42,3,0,81,3,66,44,37,15,20,2,1.0,-0.7,2024-01-07,29.9,2024-03-22
5624X,2024-25,AGUILAR DE LA FRONTERA,CORDOBA,309,151,151,116,48,4,0,83,4,66,39,39,12,24,2,1.1,-1.8,2025-01-15,25.9,2025-03-31
5624X,2025-26,AGUILAR DE LA FRONTERA,CORDOBA,309,151,151,130,43,3,1,81,3,47,31,58,18,64,2,1.2,-3.5,2026-01-07,27.8,2025-11-12
5625X,2017-18,LA RAMBLA,CORDOBA,200,151,151,132,87,15,2,82,15,39,22,46,13,32,3,-0.6,-4.2,2018-02-03,26.5,2017-11-01
5625X,2018-19,LA RAMBLA,CORDOBA,200,151,151,140,88,11,0,89,11,66,44,21,24,23,4,-0.7,-1.7,2019-02-03,27.3,2019-03-16
5625X,2019-20,LA RAMBLA,CORDOBA,200,152,152,134,50,2,0,84,0,69,42,27,20,18,2,1.6,-3.0,2019-11-16,29.4,2020-03-11
5625X,2020-21,LA RAMBLA,CORDOBA,200,151,151,128,54,14,2,83,13,63,43,35,20,26,4,-0.9,-4.8,2021-01-03,31.8,2021-03-31
5625X,2021-22,LA RAMBLA,CORDOBA,200,144,144,130,84,10,2,85,7,75,44,28,17,20,2,-0.3,-4.5,2021-11-28,25.2,2022-02-22
5625X,2022-23,LA RAMBLA,CORDOBA,200,150,150,122,56,21,4,77,17,82,53,29,25,22,14,-2.1,-4.6,2023-01-26,29.9,2023-03-29
5625X,2023-24,LA RAMBLA,CORDOBA,200,152,152,128,58,4,0,83,4,83,48,39,17,10,1,0.3,-2.4,2023-12-20,29.8,2024-03-22
5625X,2024-25,LA RAMBLA,CORDOBA,200,151,151,124,66,7,1,89,7,82,49,31,12,10,3,0.0,-3.5,2025-01-16,27.3,2025-03-31
5625X,2025-26,LA RAMBLA,CORDOBA,200,151,151,130,48,4,1,80,4,60,38,57,13,30,2,1.4,-3.5,2026-01-07,27.6,2025-11-12
5641X,2017-18,ÉCIJA,SEVILLA,130,145,145,127,86,14,2,78,14,45,26,34,14,16,2,-0.9,-3.5,2018-02-09,26.1,2017-11-01
5641X,2018-19,ÉCIJA,SEVILLA,130,150,150,133,75,12,0,88,12,81,51,21,24,9,10,-1.1,-2.3,2019-01-12,27.1,2019-03-11
5641X,2019-20,ÉCIJA,SEVILLA,130,121,121,97,36,2,0,76,1,63,34,27,24,14,1,1.2,-1.6,2019-11-16,27.0,2019-11-01
5641X,2020-21,ÉCIJA,SEVILLA,130,136,136,90,28,11,0,64,11,75,48,26,20,15,5,-0.6,-3.0,2021-01-03,29.8,2020-11-02
5641X,2021-22,ÉCIJA,SEVILLA,130,150,150,119,56,5,0,79,4,102,65,30,37,11,2,0.6,-0.7,2021-12-03,26.6,2022-02-22
5641X,2022-23,ÉCIJA,SEVILLA,130,150,150,111,39,15,1,74,12,100,65,29,25,13,4,-1.2,-3.3,2023-03-01,30.1,2023-03-29
5641X,2023-24,ÉCIJA,SEVILLA,130,151,151,113,37,4,0,78,4,94,57,33,17,10,2,0.9,-1.4,2023-12-27,30.0,2024-03-22
5641X,2024-25,ÉCIJA,SEVILLA,130,150,150,110,42,3,0,81,3,91,53,40,16,8,2,0.4,-2.0,2025-01-15,25.5,2024-11-04
5641X,2025-26,ÉCIJA,SEVILLA,130,151,151,117,38,3,0,71,3,64,45,50,21,33,2,2.0,-2.4,2026-01-07,26.5,2025-11-12
5654X,2017-18,LA PUEBLA DE LOS INFANTES,SEVILLA,200,151,151,139,113,56,11,85,45,51,26,39,13,19,9,-3.8,-6.0,2018-02-09,25.8,2017-11-01
5654X,2018-19,LA PUEBLA DE LOS INFANTES,SEVILLA,200,148,148,142,113,37,12,89,34,70,39,23,24,14,19,-3.9,-5.9,2019-01-12,27.4,2019-03-11
5654X,2019-20,LA PUEBLA DE LOS INFANTES,SEVILLA,200,151,151,140,79,20,2,85,14,73,49,29,16,23,4,-1.1,-3.4,2019-11-17,28.5,2020-03-11
5654X,2020-21,LA PUEBLA DE LOS INFANTES,SEVILLA,200,148,148,136,75,25,12,82,22,62,41,28,11,24,9,-4.3,-6.0,2021-01-13,29.2,2021-03-31
5654X,2021-22,LA PUEBLA DE LOS INFANTES,SEVILLA,200,145,145,133,114,41,6,82,34,67,39,21,13,24,11,-2.4,-4.4,2022-01-21,24.9,2022-02-22
5654X,2022-23,LA PUEBLA DE LOS INFANTES,SEVILLA,200,141,141,126,86,26,15,75,22,70,47,29,25,12,10,-4.7,-5.6,2023-02-01,29.5,2023-03-29
5654X,2023-24,LA PUEBLA DE LOS INFANTES,SEVILLA,200,151,151,140,89,27,4,86,23,68,39,39,16,22,6,-2.0,-4.0,2023-12-27,28.1,2024-03-22
5654X,2024-25,LA PUEBLA DE LOS INFANTES,SEVILLA,200,151,151,138,83,35,9,87,34,66,34,44,12,27,12,-3.1,-5.4,2025-01-15,26.2,2025-03-31
5654X,2025-26,LA PUEBLA DE LOS INFANTES,SEVILLA,200,151,151,138,89,16,1,83,12,50,36,56,12,52,3,-0.8,-5.0,2026-01-07,25.6,2026-03-31
5656,2017-18,FUENTES DE ANDALUCÍA,SEVILLA,165,150,150,128,54,0,0,79,0,44,25,35,25,31,0,1.9,0.0,2018-02-08,26.8,2017-11-01
5656,2018-19,FUENTES DE ANDALUCÍA,SEVILLA,165,148,148,121,32,0,0,86,0,69,44,20,24,22,0,2.0,0.7,2019-01-11,27.0,2019-03-11
5656,2019-20,FUENTES DE ANDALUCÍA,SEVILLA,165,152,152,104,16,0,0,68,0,70,44,28,16,34,0,4.5,2.3,2020-01-13,29.7,2020-03-11
5656,2020-21,FUENTES DE ANDALUCÍA,SEVILLA,165,151,151,104,30,1,0,74,1,65,45,27,25,35,1,0.8,-0.1,2021-01-13,28.2,2020-11-02
5656,2021-22,FUENTES DE ANDALUCÍA,SEVILLA,165,144,144,122,30,0,0,81,0,82,46,24,18,21,0,3.1,1.5,2022-01-20,26.0,2022-02-22
5656,2022-23,FUENTES DE ANDALUCÍA,SEVILLA,165,150,150,95,29,2,0,69,2,79,52,31,25,29,1,0.7,-0.8,2023-01-29,30.3,2023-03-29
5656,2023-24,FUENTES DE ANDALUCÍA,SEVILLA,165,152,152,101,22,0,0,73,0,76,44,31,17,11,0,3.5,1.8,2023-12-27,28.3,2024-03-17
5656,2024-25,FUENTES DE ANDALUCÍA,SEVILLA,165,151,151,104,34,2,0,76,2,74,43,43,12,13,2,2.4,-0.7,2025-01-16,26.1,2025-03-31
5656,2025-26,FUENTES DE ANDALUCÍA,SEVILLA,165,151,151,112,24,0,0,74,0,61,44,48,21,64,0,3.7,0.4,2026-01-07,27.0,2026-03-26
5702X,2017-18,CARMONA,SEVILLA,50,150,150,125,64,3,0,80,3,64,36,37,27,15,1,0.8,-1.5,2018-02-09,27.5,2017-11-01
5702X,2018-19,CARMONA,SEVILLA,50,150,150,127,41,2,0,86,2,80,59,24,24,16,1,0.9,-0.5,2019-01-11,28.5,2019-03-11
5702X,2019-20,CARMONA,SEVILLA,50,146,146,101,19,0,0,69,0,85,56,25,16,14,0,3.6,1.9,2020-01-13,29.5,2020-03-11
5702X,2020-21,CARMONA,SEVILLA,50,150,150,100,30,7,0,69,7,79,52,30,23,24,4,0.3,-2.3,2021-01-03,29.2,2020-11-02
5702X,2021-22,CARMONA,SEVILLA,50,144,144,113,34,0,0,76,0,87,60,23,20,18,0,1.9,0.9,2022-01-20,26.2,2022-02-22
5702X,2022-23,CARMONA,SEVILLA,50,146,146,104,30,11,0,65,8,101,67,28,25,5,4,-0.5,-2.0,2023-03-02,30.6,2023-03-29
5702X,2023-24,CARMONA,SEVILLA,50,146,146,105,29,0,0,73,0,87,58,35,25,10,0,2.5,0.1,2023-12-27,28.1,2024-03-17
5702X,2024-25,CARMONA,SEVILLA,50,149,149,103,41,2,0,79,2,88,55,38,17,9,2,1.0,-1.9,2025-01-15,27.0,2025-03-31
5702X,2025-26,CARMONA,SEVILLA,50,142,142,110,38,1,0,70,1,66,48,40,17,43,1,2.3,-1.4,2026-01-07,27.8,2026-03-31
5704B,2017-18,CAZALLA DE LA SIERRA,SEVILLA,550,151,151,143,109,25,2,87,23,32,16,31,12,34,7,-1.9,-4.1,2018-02-09,23.2,2017-11-01
5704B,2018-19,CAZALLA DE LA SIERRA,SEVILLA,550,147,147,141,100,15,0,88,15,56,24,26,10,10,10,-0.7,-2.2,2019-01-12,24.3,2019-03-15
5704B,2019-20,CAZALLA DE LA SIERRA,SEVILLA,550,148,148,142,70,6,0,86,4,49,31,28,12,23,3,0.6,-1.3,2020-01-13,26.6,2020-03-11
5704B,2020-21,CAZALLA DE LA SIERRA,SEVILLA,550,147,147,133,74,18,7,83,18,46,26,45,10,25,9,-2.6,-4.8,2021-01-03,26.4,2020-11-02
5704B,2021-22,CAZALLA DE LA SIERRA,SEVILLA,550,149,149,143,97,12,0,87,9,42,18,33,8,27,5,-1.0,-1.9,2022-01-09,25.0,2021-12-31
5704B,2022-23,CAZALLA DE LA SIERRA,SEVILLA,550,147,147,134,73,21,6,80,17,54,38,31,13,22,8,-3.0,-4.8,2023-03-02,26.5,2023-03-30
5704B,2023-24,CAZALLA DE LA SIERRA,SEVILLA,550,152,152,142,87,13,0,87,13,46,33,36,10,30,5,-0.5,-2.8,2023-12-27,26.6,2024-03-22
5704B,2024-25,CAZALLA DE LA SIERRA,SEVILLA,550,149,149,136,81,20,3,88,19,40,24,40,7,34,6,-1.6,-3.7,2025-01-15,25.0,2024-11-30
5704B,2025-26,CAZALLA DE LA SIERRA,SEVILLA,550,151,151,145,91,10,1,87,9,34,22,58,9,96,2,-0.1,-4.4,2026-01-07,23.1,2026-02-23
5726X,2017-18,GUADALCANAL,SEVILLA,720,150,150,145,73,8,0,89,7,15,8,43,9,83,4,-0.0,-2.3,2018-02-08,22.3,2017-11-21
5726X,2018-19,GUADALCANAL,SEVILLA,720,146,146,137,39,1,0,82,1,35,17,27,9,42,1,2.5,-0.5,2019-01-11,24.6,2019-03-26
5726X,2019-20,GUADALCANAL,SEVILLA,720,151,151,136,36,0,0,81,0,27,15,34,6,43,0,2.5,1.1,2019-11-16,26.3,2020-03-11
5726X,2020-21,GUADALCANAL,SEVILLA,720,151,151,131,45,11,0,87,11,32,20,44,10,67,5,-0.6,-2.2,2021-01-03,25.9,2021-03-31
5726X,2021-22,GUADALCANAL,SEVILLA,720,151,151,145,59,0,0,85,0,32,7,33,6,27,0,2.1,0.1,2021-11-23,22.3,2022-02-22
5726X,2022-23,GUADALCANAL,SEVILLA,720,134,134,106,35,5,0,66,4,37,25,27,13,28,2,0.3,-2.4,2023-02-28,26.1,2023-03-28
5726X,2023-24,GUADALCANAL,SEVILLA,720,152,152,122,48,0,0,81,0,35,23,32,10,42,0,2.7,0.8,2024-01-07,26.9,2024-03-23
5726X,2024-25,GUADALCANAL,SEVILLA,720,151,151,131,52,0,0,87,0,30,11,46,6,55,0,2.0,0.7,2025-03-15,24.1,2025-03-31
5726X,2025-26,GUADALCANAL,SEVILLA,720,151,151,139,62,5,0,85,5,25,13,57,7,100,3,1.1,-2.2,2026-01-07,24.0,2025-11-03
5733X,2017-18,ALMADÉN DE LA PLATA,SEVILLA,450,145,145,133,49,2,0,87,2,44,25,22,17,21,2,1.0,-1.4,2018-02-07,24.6,2017-11-12
5733X,2018-19,ALMADÉN DE LA PLATA,SEVILLA,450,150,150,133,33,0,0,86,0,60,32,29,12,14,0,3.0,1.1,2019-01-12,25.4,2019-03-11
5733X,2019-20,ALMADÉN DE LA PLATA,SEVILLA,450,144,144,117,20,0,0,73,0,55,35,30,15,22,0,4.1,1.5,2019-11-16,27.3,2020-03-11
5733X,2020-21,ALMADÉN DE LA PLATA,SEVILLA,450,148,148,119,35,4,0,80,4,52,27,38,10,25,2,0.7,-1.7,2021-01-12,27.1,2020-11-02
5733X,2021-22,ALMADÉN DE LA PLATA,SEVILLA,450,146,146,134,35,0,0,80,0,43,18,25,9,21,0,3.0,1.7,2022-01-09,23.9,2021-12-31
5733X,2022-23,ALMADÉN DE LA PLATA,SEVILLA,450,151,151,113,32,2,0,79,2,60,39,28,13,24,1,1.1,-0.4,2023-01-25,27.7,2023-03-30
5733X,2023-24,ALMADÉN DE LA PLATA,SEVILLA,450,152,152,114,28,0,0,76,0,55,31,43,13,21,0,4.0,1.6,2024-01-08,26.7,2023-11-15
5733X,2024-25,ALMADÉN DE LA PLATA,SEVILLA,450,151,151,120,30,0,0,83,0,46,22,44,12,31,0,3.0,1.7,2024-12-11,25.1,2025-03-29
5733X,2025-26,ALMADÉN DE LA PLATA,SEVILLA,450,151,151,133,38,1,0,83,1,40,22,59,9,90,1,2.1,-0.3,2026-01-06,24.3,2026-03-31
5769X,2017-18,CALA,HUELVA,618,149,149,143,84,17,0,87,15,18,3,42,6,58,7,-0.6,-2.4,2018-02-07,23.2,2018-03-28
5769X,2018-19,CALA,HUELVA,618,150,150,147,78,2,0,89,2,34,15,26,10,58,1,1.1,-0.7,2019-02-04,24.3,2019-03-16
5769X,2019-20,CALA,HUELVA,618,152,152,143,47,0,0,88,0,32,15,42,8,51,0,2.4,0.3,2020-01-14,25.8,2020-03-11
5769X,2020-21,CALA,HUELVA,618,150,150,129,55,11,1,84,11,35,21,38,10,56,6,-0.8,-4.6,2021-01-12,24.5,2021-03-31
5769X,2021-22,CALA,HUELVA,618,150,150,146,68,0,0,87,0,38,19,28,7,27,0,1.2,0.5,2021-12-03,23.2,2022-02-22
5769X,2022-23,CALA,HUELVA,618,150,150,127,53,12,0,81,9,46,25,34,13,29,5,-0.8,-2.3,2023-01-25,28.0,2023-03-29
5769X,2023-24,CALA,HUELVA,618,152,152,132,53,4,0,87,4,39,23,40,13,42,2,1.4,-1.0,2024-01-07,26.7,2024-03-22
5769X,2024-25,CALA,HUELVA,618,151,151,135,58,4,0,88,4,28,6,45,6,63,3,0.6,-1.3,2025-01-15,24.5,2025-03-29
5769X,2025-26,CALA,HUELVA,618,151,151,143,61,4,0,87,4,29,13,65,8,100,3,0.8,-1.9,2026-01-06,22.5,2026-03-31
5783,2017-18,SEVILLA AEROPUERTO,SEVILLA,34,151,151,121,48,1,0,80,1,70,35,33,29,13,1,2.5,-0.6,2018-02-09,27.3,2017-11-01
5783,2018-19,SEVILLA AEROPUERTO,SEVILLA,34,151,151,121,35,0,0,87,0,98,61,21,55,14,0,1.6,0.5,2019-01-06,28.1,2019-03-11
5783,2019-20,SEVILLA AEROPUERTO,SEVILLA,34,152,152,87,12,0,0,61,0,99,62,26,32,13,0,4.5,1.3,2019-11-16,31.0,2020-03-11
5783,2020-21,SEVILLA AEROPUERTO,SEVILLA,34,150,150,90,27,4,0,64,4,82,54,24,23,32,2,0.8,-1.5,2021-01-03,30.2,2021-03-31
5783,2021-22,SEVILLA AEROPUERTO,SEVILLA,34,150,150,116,25,0,0,79,0,90,50,22,20,18,0,3.2,1.1,2022-01-09,25.4,2022-02-22
5783,2022-23,SEVILLA AEROPUERTO,SEVILLA,34,150,150,98,27,3,0,67,3,90,60,26,25,23,2,0.4,-0.8,2023-01-26,29.8,2023-03-30
5783,2023-24,SEVILLA AEROPUERTO,SEVILLA,34,148,148,101,24,0,0,72,0,89,43,32,25,9,0,2.4,0.9,2023-12-20,27.4,2024-03-17
5783,2024-25,SEVILLA AEROPUERTO,SEVILLA,34,147,147,99,27,0,0,77,0,86,45,35,16,8,0,3.0,0.7,2025-01-16,27.1,2025-03-31
5783,2025-26,SEVILLA AEROPUERTO,SEVILLA,34,150,150,99,14,0,0,66,0,82,56,45,21,15,0,3.8,1.2,2026-01-07,27.8,2026-03-31
5788X,2019-20,"TOMARES, ZAUDÍN",SEVILLA,84,151,151,91,6,0,0,60,0,88,55,28,16,14,0,5.2,3.3,2019-11-16,29.8,2020-03-11
5788X,2020-21,"TOMARES, ZAUDÍN",SEVILLA,84,151,151,91,25,1,0,70,1,80,54,26,23,33,1,2.0,-0.1,2021-01-04,29.7,2021-03-31
5788X,2021-22,"TOMARES, ZAUDÍN",SEVILLA,84,151,151,110,18,0,0,74,0,89,48,23,28,12,0,4.0,2.5,2021-11-24,25.5,2022-02-22
5788X,2022-23,"TOMARES, ZAUDÍN",SEVILLA,84,151,151,88,22,0,0,67,0,88,63,30,25,11,0,2.6,1.1,2023-01-27,29.6,2023-03-29
5788X,2023-24,"TOMARES, ZAUDÍN",SEVILLA,84,152,152,91,8,0,0,64,0,89,51,32,25,11,0,4.9,2.5,2023-12-20,27.6,2024-03-17
5788X,2024-25,"TOMARES, ZAUDÍN",SEVILLA,84,151,151,94,13,0,0,75,0,80,45,33,12,15,0,4.2,2.0,2025-01-16,28.2,2025-03-31
5788X,2025-26,"TOMARES, ZAUDÍN",SEVILLA,84,151,151,96,12,0,0,67,0,67,44,51,21,52,0,4.3,0.1,2026-01-07,27.0,2026-03-31
5790Y,2017-18,"SEVILLA, TABLADA",SEVILLA,9,151,151,117,47,1,0,78,1,74,44,34,29,13,1,2.2,-0.3,2018-02-09,27.7,2017-11-01
5790Y,2018-19,"SEVILLA, TABLADA",SEVILLA,9,145,145,106,18,0,0,81,0,112,64,21,55,4,0,2.5,1.0,2019-02-03,29.0,2019-03-11
5790Y,2019-20,"SEVILLA, TABLADA",SEVILLA,9,152,152,95,12,0,0,64,0,109,74,22,37,11,0,4.5,3.1,2019-11-16,30.0,2020-03-11
5790Y,2020-21,"SEVILLA, TABLADA",SEVILLA,9,151,151,87,25,4,0,67,4,99,73,27,23,22,2,0.8,-1.6,2021-01-03,31.2,2021-03-31
5790Y,2021-22,"SEVILLA, TABLADA",SEVILLA,9,151,151,110,19,0,0,76,0,116,81,24,34,6,0,3.2,2.1,2022-01-09,27.5,2022-02-22
5790Y,2022-23,"SEVILLA, TABLADA",SEVILLA,9,151,151,93,23,1,0,68,1,114,83,27,25,9,1,1.9,-0.3,2023-01-26,31.1,2023-03-30
5790Y,2023-24,"SEVILLA, TABLADA",SEVILLA,9,152,152,98,18,0,0,70,0,115,80,34,26,8,0,3.5,1.9,2023-12-20,28.5,2024-03-17
5790Y,2024-25,"SEVILLA, TABLADA",SEVILLA,9,151,151,99,21,0,0,77,0,110,69,38,24,4,0,3.3,0.4,2025-01-16,28.3,2025-03-31
5790Y,2025-26,"SEVILLA, TABLADA",SEVILLA,9,151,151,97,19,1,0,68,1,96,67,47,21,10,1,3.6,-0.2,2026-01-07,29.1,2026-03-31
5796,2017-18,MORÓN DE LA FRONTERA,SEVILLA,87,151,151,124,69,4,0,82,4,47,30,40,15,21,1,0.8,-2.9,2018-02-09,27.2,2017-11-01
5796,2018-19,MORÓN DE LA FRONTERA,SEVILLA,87,151,151,128,58,3,0,87,3,82,53,24,24,21,2,0.6,-2.0,2019-01-08,26.7,2019-03-15
5796,2019-20,MORÓN DE LA FRONTERA,SEVILLA,87,152,152,123,40,1,0,82,1,87,51,29,20,16,1,2.3,-0.4,2020-01-13,30.8,2020-03-11
5796,2020-21,MORÓN DE LA FRONTERA,SEVILLA,87,151,151,96,36,8,0,67,8,89,64,29,25,31,3,-0.1,-1.8,2021-01-03,30.3,2021-03-31
5796,2021-22,MORÓN DE LA FRONTERA,SEVILLA,87,151,151,115,41,0,0,77,0,107,64,32,28,12,0,1.8,0.0,2022-01-09,27.6,2022-02-22
5796,2022-23,MORÓN DE LA FRONTERA,SEVILLA,87,151,151,97,30,6,0,65,3,112,68,30,25,14,3,0.1,-2.3,2023-01-26,30.4,2023-03-29
5796,2023-24,MORÓN DE LA FRONTERA,SEVILLA,87,152,152,104,33,0,0,75,0,96,57,33,26,8,0,2.0,0.8,2023-12-19,28.5,2024-03-17
5796,2024-25,MORÓN DE LA FRONTERA,SEVILLA,87,151,151,106,36,1,0,82,1,93,50,41,16,8,1,1.6,-2.3,2025-01-16,27.4,2025-03-31
5796,2025-26,MORÓN DE LA FRONTERA,SEVILLA,87,151,151,112,26,1,0,73,1,64,40,51,21,59,1,3.1,-1.0,2026-01-07,26.7,2025-11-12
5835X,2017-18,CARRIÓN DE LOS CÉSPEDES,SEVILLA,76,150,150,127,75,7,0,83,7,74,37,38,29,13,1,0.0,-2.7,2018-02-07,27.3,2018-03-28
5835X,2018-19,CARRIÓN DE LOS CÉSPEDES,SEVILLA,76,150,150,130,49,2,0,87,2,89,54,21,28,9,1,0.9,-0.5,2019-01-14,28.3,2019-03-11
5835X,2019-20,CARRIÓN DE LOS CÉSPEDES,SEVILLA,76,152,152,113,32,0,0,73,0,97,58,25,33,14,0,3.2,1.2,2020-01-12,29.3,2020-03-11
5835X,2020-21,CARRIÓN DE LOS CÉSPEDES,SEVILLA,76,148,148,102,31,11,0,68,11,82,54,30,12,31,5,-0.6,-2.4,2021-01-03,29.7,2021-03-31
5835X,2021-22,CARRIÓN DE LOS CÉSPEDES,SEVILLA,76,151,151,118,44,0,0,79,0,95,56,23,26,15,0,1.9,0.4,2022-01-09,25.3,2022-02-22
5835X,2022-23,CARRIÓN DE LOS CÉSPEDES,SEVILLA,76,151,151,110,38,11,0,73,8,104,64,28,30,13,4,-0.6,-2.2,2023-01-26,30.2,2023-03-29
5835X,2023-24,CARRIÓN DE LOS CÉSPEDES,SEVILLA,76,148,148,104,32,0,0,72,0,92,54,35,26,9,0,1.6,0.1,2023-12-20,27.5,2024-03-17
5835X,2024-25,CARRIÓN DE LOS CÉSPEDES,SEVILLA,76,151,151,106,33,1,0,82,1,83,44,37,16,14,1,2.1,-1.8,2025-01-16,26.5,2025-03-31
5835X,2025-26,CARRIÓN DE LOS CÉSPEDES,SEVILLA,76,151,151,112,26,0,0,71,0,71,46,45,21,52,0,3.5,0.2,2026-01-07,28.3,2026-03-31
5858X,2017-18,ALMONTE,HUELVA,5,151,151,126,80,7,0,83,7,75,33,35,29,13,3,0.0,-3.0,2018-02-03,27.9,2017-11-01
5858X,2018-19,ALMONTE,HUELVA,5,151,151,129,43,1,0,86,1,92,52,24,25,24,1,1.1,-1.2,2019-02-03,26.5,2019-03-11
5858X,2019-20,ALMONTE,HUELVA,5,152,152,125,36,1,0,84,1,105,74,20,48,11,1,1.4,-0.1,2020-01-08,29.4,2020-03-11
5858X,2020-21,ALMONTE,HUELVA,5,147,147,95,31,9,0,62,9,92,60,34,25,27,4,-0.4,-2.5,2021-01-03,28.3,2020-11-01
5858X,2021-22,ALMONTE,HUELVA,5,151,151,126,67,5,0,82,4,113,74,23,28,11,2,0.5,-1.4,2021-12-01,28.0,2022-02-22
5858X,2022-23,ALMONTE,HUELVA,5,150,150,117,41,16,2,73,13,118,78,30,25,10,5,-1.1,-4.1,2023-01-26,30.3,2023-03-27
5858X,2023-24,ALMONTE,HUELVA,5,147,147,111,45,4,0,77,4,104,70,26,31,7,2,1.2,-1.4,2023-12-26,29.0,2024-03-17
5858X,2024-25,ALMONTE,HUELVA,5,151,151,108,42,3,1,83,3,96,55,35,24,8,2,0.8,-4.4,2025-01-16,26.4,2024-11-07
5858X,2025-26,ALMONTE,HUELVA,5,148,148,105,33,0,0,68,0,75,45,48,21,23,0,2.7,0.4,2026-01-07,27.1,2025-11-04
5860E,2017-18,"MOGUER, EL ARENOSILLO",HUELVA,41,147,147,99,19,0,0,75,0,56,28,27,27,23,0,3.7,0.1,2018-02-05,23.6,2017-11-11
5860E,2018-19,"MOGUER, EL ARENOSILLO",HUELVA,41,150,150,110,17,0,0,82,0,82,37,23,24,10,0,3.9,0.5,2019-01-06,26.0,2019-03-25
5860E,2019-20,"MOGUER, EL ARENOSILLO",HUELVA,41,150,150,87,7,0,0,60,0,72,35,21,13,15,0,5.3,2.1,2019-12-11,28.7,2020-03-10
5860E,2020-21,"MOGUER, EL ARENOSILLO",HUELVA,41,149,149,78,22,0,0,52,0,85,44,35,25,21,0,2.2,0.7,2021-01-15,25.9,2021-03-31
5860E,2021-22,"MOGUER, EL ARENOSILLO",HUELVA,41,124,124,93,10,1,0,64,1,65,29,22,19,12,1,3.9,-0.5,2022-01-09,25.0,2022-02-22
5860E,2022-23,"MOGUER, EL ARENOSILLO",HUELVA,41,147,147,87,25,0,0,61,0,101,45,22,29,12,0,2.6,1.1,2023-01-27,27.3,2023-03-26
5860E,2023-24,"MOGUER, EL ARENOSILLO",HUELVA,41,152,152,81,9,0,0,62,0,101,49,24,31,7,0,4.3,2.6,2024-03-01,27.2,2024-03-22
5860E,2024-25,"MOGUER, EL ARENOSILLO",HUELVA,41,150,150,94,13,1,0,76,1,81,37,36,23,9,1,4.0,-0.9,2025-01-16,25.9,2024-11-07
5860E,2025-26,"MOGUER, EL ARENOSILLO",HUELVA,41,136,136,97,20,0,0,60,0,64,33,43,21,25,0,3.7,1.3,2026-01-06,27.0,2026-03-26
5891X,2017-18,LAS CABEZAS DE SAN JUAN,SEVILLA,105,148,148,119,55,2,0,77,2,48,31,38,15,14,1,1.3,-1.9,2018-02-09,26.5,2017-11-01
5891X,2018-19,LAS CABEZAS DE SAN JUAN,SEVILLA,105,151,151,124,33,0,0,86,0,78,53,29,24,22,0,1.6,0.1,2019-02-03,27.7,2019-03-11
5891X,2019-20,LAS CABEZAS DE SAN JUAN,SEVILLA,105,146,146,105,16,0,0,73,0,88,49,22,31,11,0,3.7,0.5,2019-11-16,29.9,2020-03-11
5891X,2020-21,LAS CABEZAS DE SAN JUAN,SEVILLA,105,151,151,94,28,4,0,64,4,78,55,38,25,34,2,0.8,-1.3,2021-01-03,28.1,2020-11-02
5891X,2021-22,LAS CABEZAS DE SAN JUAN,SEVILLA,105,145,145,117,28,0,0,74,0,96,51,31,15,13,0,2.9,0.6,2021-11-28,26.6,2022-02-22
5891X,2022-23,LAS CABEZAS DE SAN JUAN,SEVILLA,105,145,145,87,25,3,0,62,2,98,62,28,25,16,2,1.1,-1.3,2023-01-26,29.6,2023-03-29
5891X,2023-24,LAS CABEZAS DE SAN JUAN,SEVILLA,105,152,152,101,19,0,0,72,0,95,56,31,26,10,0,2.7,1.3,2023-12-20,29.2,2024-03-22
5891X,2024-25,LAS CABEZAS DE SAN JUAN,SEVILLA,105,151,151,95,28,1,0,75,1,86,47,41,12,10,1,3.7,-0.4,2025-01-16,26.9,2025-03-31
5891X,2025-26,LAS CABEZAS DE SAN JUAN,SEVILLA,105,151,151,109,16,1,0,70,1,62,44,55,21,30,1,4.0,-0.5,2026-01-07,27.4,2026-03-26
5906X,2017-18,CHIPIONA,CADIZ,10,151,151,95,27,0,0,72,0,48,25,38,29,14,0,3.2,1.1,2018-02-09,26.7,2017-11-01
5906X,2018-19,CHIPIONA,CADIZ,10,144,144,94,17,0,0,69,0,72,39,25,24,21,0,3.7,1.8,2019-01-13,25.4,2019-03-25
5906X,2019-20,CHIPIONA,CADIZ,10,150,150,77,5,0,0,62,0,85,35,23,20,14,0,5.3,2.2,2020-01-13,28.6,2020-03-11
5906X,2020-21,CHIPIONA,CADIZ,10,150,150,67,19,0,0,47,0,82,44,34,25,28,0,2.5,0.9,2021-01-14,26.6,2020-11-15
5906X,2021-22,CHIPIONA,CADIZ,10,150,150,96,13,0,0,66,0,89,39,23,17,19,0,4.6,2.3,2022-01-09,26.3,2022-02-22
5906X,2022-23,CHIPIONA,CADIZ,10,151,151,67,19,1,0,54,1,99,57,28,29,21,1,2.7,-0.2,2023-01-26,28.2,2023-03-27
5906X,2023-24,CHIPIONA,CADIZ,10,152,152,76,12,0,0,59,0,98,55,27,26,8,0,4.4,2.6,2023-12-23,28.0,2024-03-17
5906X,2024-25,CHIPIONA,CADIZ,10,150,150,72,14,0,0,63,0,81,40,36,23,9,0,4.3,0.3,2025-01-16,25.2,2025-03-31
5906X,2025-26,CHIPIONA,CADIZ,10,151,151,78,7,0,0,50,0,68,37,55,19,27,0,5.2,1.2,2026-01-07,26.9,2026-03-26
5910,2017-18,"ROTA, BASE NAVAL",CADIZ,21,151,151,104,42,1,0,75,1,65,32,39,29,14,1,2.7,-0.3,2018-02-07,26.4,2017-11-01
5910,2018-19,"ROTA, BASE NAVAL",CADIZ,21,151,151,102,30,0,0,76,0,92,43,22,24,11,0,2.8,0.9,2019-01-13,26.6,2019-03-11
5910,2019-20,"ROTA, BASE NAVAL",CADIZ,21,152,152,87,10,0,0,67,0,100,51,28,27,11,0,4.7,3.0,2020-01-13,28.1,2020-03-11
5910,2020-21,"ROTA, BASE NAVAL",CADIZ,21,151,151,69,20,3,0,47,3,89,49,38,25,28,2,1.8,-0.6,2021-01-16,26.3,2020-11-02
5910,2021-22,"ROTA, BASE NAVAL",CADIZ,21,151,151,104,17,0,0,67,0,96,41,26,18,18,0,3.8,2.0,2022-01-09,25.2,2022-02-22
5910,2022-23,"ROTA, BASE NAVAL",CADIZ,21,151,151,75,23,1,0,54,1,106,66,31,25,18,1,2.2,-0.1,2023-01-29,27.0,2023-03-28
5910,2023-24,"ROTA, BASE NAVAL",CADIZ,21,152,152,80,12,0,0,65,0,112,70,30,31,7,0,4.0,2.3,2023-12-26,29.9,2024-03-22
5910,2024-25,"ROTA, BASE NAVAL",CADIZ,21,151,151,78,23,0,0,66,0,113,57,38,23,8,0,3.2,0.9,2025-01-16,25.2,2025-03-29
5910,2025-26,"ROTA, BASE NAVAL",CADIZ,21,151,151,86,9,0,0,58,0,74,39,53,21,23,0,4.8,1.5,2026-01-07,26.0,2026-03-26
5911A,2017-18,GRAZALEMA,CADIZ,913,146,146,142,95,29,0,89,26,20,4,56,9,36,10,-1.4,-3.0,2018-02-03,21.2,2017-11-21
5911A,2018-19,GRAZALEMA,CADIZ,913,151,151,144,63,3,0,87,3,23,14,32,9,60,1,1.5,-1.2,2019-02-04,22.4,2018-12-06
5911A,2019-20,GRAZALEMA,CADIZ,913,152,152,142,68,1,0,88,1,28,12,48,8,35,1,1.3,-0.2,2020-01-20,23.6,2020-02-03
5911A,2020-21,GRAZALEMA,CADIZ,913,147,147,132,64,12,0,87,12,27,14,48,8,36,5,-0.5,-2.6,2020-12-31,25.3,2020-11-02
5911A,2021-22,GRAZALEMA,CADIZ,913,151,151,143,50,0,0,86,0,21,10,44,6,35,0,1.5,0.5,2022-01-20,23.4,2022-01-01
5911A,2022-23,GRAZALEMA,CADIZ,913,150,150,121,40,8,0,78,6,41,26,43,13,34,6,-0.2,-1.7,2023-01-28,25.9,2023-03-12
5911A,2023-24,GRAZALEMA,CADIZ,913,137,137,131,76,5,0,74,4,32,19,36,9,30,3,0.2,-1.5,2024-01-07,25.0,2024-03-18
5911A,2024-25,GRAZALEMA,CADIZ,913,151,151,143,83,9,0,89,9,21,7,42,6,58,3,-0.3,-2.4,2025-01-15,22.3,2025-03-31
5911A,2025-26,GRAZALEMA,CADIZ,913,145,147,136,67,4,0,83,4,21,11,66,8,70,2,0.7,-1.6,2026-01-07,21.7,2025-11-12
5919X,2017-18,OLVERA,CADIZ,530,151,151,131,55,2,0,87,2,32,18,49,14,31,1,1.2,-0.3,2018-02-09,23.9,2017-11-20
5919X,2018-19,OLVERA,CADIZ,530,148,148,123,22,0,0,83,0,59,30,20,11,19,0,3.3,1.1,2019-02-03,25.5,2019-03-15
5919X,2019-20,OLVERA,CADIZ,530,150,150,119,23,0,0,72,0,53,28,32,9,24,0,4.1,1.0,2019-11-16,29.2,2020-03-11
5919X,2020-21,OLVERA,CADIZ,530,128,128,93,29,1,0,64,1,49,30,35,14,17,1,1.0,-1.0,2021-01-03,27.7,2020-11-01
5919X,2021-22,OLVERA,CADIZ,530,149,149,123,24,0,0,71,0,47,26,37,8,18,0,3.5,0.6,2021-11-28,25.3,2022-02-22
5919X,2022-23,OLVERA,CADIZ,530,151,151,90,23,0,0,65,0,62,49,34,14,19,0,1.6,0.2,2023-03-02,28.1,2023-03-29
5919X,2023-24,OLVERA,CADIZ,530,152,152,100,16,0,0,68,0,67,46,41,15,13,0,3.8,2.9,2024-01-08,28.2,2023-11-14
5919X,2024-25,OLVERA,CADIZ,530,151,151,101,17,0,0,75,0,64,37,36,12,20,0,3.2,2.1,2024-12-10,27.0,2024-11-30
5919X,2025-26,OLVERA,CADIZ,530,151,151,114,29,1,0,70,1,46,33,58,9,35,1,3.5,-0.7,2026-01-07,26.1,2025-11-11
5941X,2017-18,EL BOSQUE,CADIZ,295,151,151,123,66,6,0,81,6,45,30,49,28,28,3,0.7,-1.7,2018-02-09,25.7,2017-11-24
5941X,2018-19,EL BOSQUE,CADIZ,295,151,151,128,37,0,0,87,0,81,43,26,15,11,0,1.8,0.2,2019-02-04,26.4,2019-03-11
5941X,2019-20,EL BOSQUE,CADIZ,295,152,152,127,27,0,0,82,0,66,39,44,15,22,0,3.5,0.6,2019-11-16,29.2,2020-03-11
5941X,2020-21,EL BOSQUE,CADIZ,295,150,150,104,36,6,0,71,6,64,46,47,24,24,2,0.1,-2.2,2021-01-03,27.3,2020-11-02
5941X,2021-22,EL BOSQUE,CADIZ,295,150,150,123,32,0,0,75,0,64,30,39,14,20,0,2.5,0.6,2022-01-09,25.6,2021-12-31
5941X,2022-23,EL BOSQUE,CADIZ,295,151,151,96,30,2,0,63,2,75,49,39,22,20,2,0.9,-1.5,2023-01-26,27.5,2023-03-25
5941X,2023-24,EL BOSQUE,CADIZ,295,149,149,107,25,0,0,74,0,78,46,31,13,10,0,3.7,0.1,2024-01-08,28.8,2024-03-18
5941X,2024-25,EL BOSQUE,CADIZ,295,148,148,99,31,0,0,76,0,68,38,40,12,18,0,3.0,0.3,2025-01-16,26.5,2024-11-30
5941X,2025-26,EL BOSQUE,CADIZ,295,140,140,105,27,1,0,66,1,49,28,54,12,51,1,3.2,-1.9,2026-01-07,25.3,2026-02-24
5950X,2017-18,SAN JOSÉ DEL VALLE,CADIZ,105,150,150,104,30,0,0,74,0,60,33,41,29,21,0,3.3,0.9,2018-02-09,27.2,2017-11-24
5950X,2018-19,SAN JOSÉ DEL VALLE,CADIZ,105,151,151,104,14,0,0,76,0,105,48,28,23,9,0,4.4,2.5,2019-02-03,27.8,2019-03-11
5950X,2019-20,SAN JOSÉ DEL VALLE,CADIZ,105,152,152,100,1,0,0,66,0,102,50,35,31,11,0,5.6,3.8,2019-11-16,27.8,2020-03-12
5950X,2020-21,SAN JOSÉ DEL VALLE,CADIZ,105,151,151,72,20,0,0,55,0,78,51,40,25,23,0,2.9,1.2,2021-01-03,27.9,2020-11-01
5950X,2021-22,SAN JOSÉ DEL VALLE,CADIZ,105,149,149,87,10,0,0,51,0,82,35,32,17,15,0,4.8,3.2,2022-01-09,24.8,2021-12-21
5950X,2022-23,SAN JOSÉ DEL VALLE,CADIZ,105,151,151,65,17,0,0,46,0,103,59,31,22,16,0,3.0,1.1,2023-01-26,28.7,2023-03-25
5950X,2023-24,SAN JOSÉ DEL VALLE,CADIZ,105,152,152,93,10,0,0,67,0,102,53,36,26,8,0,4.8,2.3,2024-01-08,28.6,2024-03-18
5950X,2024-25,SAN JOSÉ DEL VALLE,CADIZ,105,149,149,78,10,0,0,63,0,91,53,41,12,8,0,4.6,1.5,2025-01-16,26.6,2024-11-04
5950X,2025-26,SAN JOSÉ DEL VALLE,CADIZ,105,148,148,88,7,0,0,59,0,66,36,56,16,30,0,5.1,0.9,2026-01-07,26.6,2025-11-03
5960,2017-18,JEREZ DE LA FRONTERA AEROPUERTO,CADIZ,27,151,151,123,79,10,0,83,10,67,35,37,15,14,3,-0.3,-2.6,2018-02-09,27.0,2017-11-24
5960,2018-19,JEREZ DE LA FRONTERA AEROPUERTO,CADIZ,27,150,150,131,67,9,0,86,9,106,62,25,55,10,4,-0.5,-2.3,2019-01-13,28.2,2019-03-11
5960,2019-20,JEREZ DE LA FRONTERA AEROPUERTO,CADIZ,27,151,151,124,43,1,0,81,1,101,60,28,33,10,1,1.3,-0.2,2020-01-13,30.4,2020-03-11
5960,2020-21,JEREZ DE LA FRONTERA AEROPUERTO,CADIZ,27,150,150,106,47,14,1,68,13,88,57,37,25,28,7,-1.2,-3.1,2021-01-03,28.0,2020-11-02
5960,2021-22,JEREZ DE LA FRONTERA AEROPUERTO,CADIZ,27,149,149,120,67,1,0,81,1,111,70,26,24,9,1,1.0,-0.9,2022-01-09,26.9,2022-02-22
5960,2022-23,JEREZ DE LA FRONTERA AEROPUERTO,CADIZ,27,151,151,103,36,9,0,68,6,118,69,28,30,9,4,-0.3,-2.8,2023-01-29,28.9,2023-03-27
5960,2023-24,JEREZ DE LA FRONTERA AEROPUERTO,CADIZ,27,151,151,116,47,1,0,77,1,110,67,31,31,7,1,1.5,-0.4,2023-12-20,27.9,2023-11-14
5960,2024-25,JEREZ DE LA FRONTERA AEROPUERTO,CADIZ,27,151,151,101,41,2,0,78,2,105,59,37,24,8,2,1.2,-2.3,2025-01-16,26.3,2025-03-31
5960,2025-26,JEREZ DE LA FRONTERA AEROPUERTO,CADIZ,27,151,151,107,32,1,0,68,1,78,49,56,21,14,1,2.8,-1.0,2026-01-07,27.9,2026-03-26
5972X,2017-18,SAN FERNANDO,CADIZ,28,151,151,63,4,0,0,57,0,47,26,43,29,26,0,5.6,4.0,2018-02-05,25.6,2017-11-01
5972X,2018-19,SAN FERNANDO,CADIZ,28,145,145,36,1,0,0,33,0,84,36,23,18,17,0,6.8,4.0,2019-02-04,26.0,2019-03-15
5972X,2019-20,SAN FERNANDO,CADIZ,28,150,150,37,0,0,0,27,0,73,26,29,9,14,0,7.5,6.2,2020-01-21,27.5,2020-03-11
5972X,2020-21,SAN FERNANDO,CADIZ,28,151,151,41,9,0,0,33,0,72,40,40,25,34,0,4.8,2.4,2021-01-13,26.9,2020-11-15
5972X,2021-22,SAN FERNANDO,CADIZ,28,143,143,41,1,0,0,24,0,77,26,25,12,19,0,7.2,4.8,2021-11-28,25.1,2022-02-22
5972X,2022-23,SAN FERNANDO,CADIZ,28,150,150,34,6,0,0,28,0,102,52,31,17,18,0,5.9,3.7,2023-01-29,26.8,2023-03-27
5972X,2023-24,SAN FERNANDO,CADIZ,28,150,150,39,0,0,0,30,0,94,45,32,24,10,0,7.8,5.9,2024-01-08,27.1,2024-03-17
5972X,2024-25,SAN FERNANDO,CADIZ,28,151,151,53,2,0,0,49,0,77,39,35,19,10,0,6.2,3.2,2024-12-10,25.1,2025-03-29
5972X,2025-26,SAN FERNANDO,CADIZ,28,151,151,50,2,0,0,36,0,56,33,60,19,64,0,6.9,3.9,2026-01-07,25.7,2026-03-31
5973,2017-18,CÁDIZ,CADIZ,2,151,151,58,2,0,0,53,0,48,26,42,15,23,0,6.2,4.7,2017-12-04,24.4,2017-11-01
5973,2018-19,CÁDIZ,CADIZ,2,151,151,35,1,0,0,34,0,80,23,22,13,22,0,7.0,4.8,2019-02-04,24.5,2019-03-15
5973,2019-20,CÁDIZ,CADIZ,2,152,152,14,0,0,0,12,0,83,20,29,12,11,0,8.4,7.3,2020-01-21,24.4,2020-03-10
5973,2020-21,CÁDIZ,CADIZ,2,151,151,25,4,0,0,24,0,85,39,36,25,28,0,5.9,3.6,2021-01-15,25.0,2020-11-15
5973,2021-22,CÁDIZ,CADIZ,2,151,151,19,0,0,0,14,0,71,14,28,15,20,0,8.3,7.0,2021-11-26,23.2,2021-11-01
5973,2022-23,CÁDIZ,CADIZ,2,151,151,24,1,0,0,20,0,93,46,33,27,26,0,6.9,4.6,2023-01-29,24.6,2023-03-27
5973,2023-24,CÁDIZ,CADIZ,2,152,152,22,0,0,0,19,0,99,49,34,31,8,0,8.6,7.4,2024-01-08,25.4,2024-03-18
5973,2024-25,CÁDIZ,CADIZ,2,151,151,31,0,0,0,31,0,92,34,37,37,9,0,8.4,6.5,2024-12-10,23.1,2024-11-11
5973,2025-26,CÁDIZ,CADIZ,2,151,151,32,0,0,0,23,0,61,32,60,19,64,0,8.1,5.3,2026-01-07,24.4,2026-03-26
5983X,2017-18,MEDINA SIDONIA,CADIZ,70,151,151,105,49,3,0,74,3,46,31,43,29,28,1,0.9,-1.3,2018-02-03,26.6,2017-11-24
5983X,2018-19,MEDINA SIDONIA,CADIZ,70,138,138,90,32,3,0,70,3,66,29,24,10,10,1,1.3,-0.8,2019-01-14,25.6,2019-03-16
5983X,2019-20,MEDINA SIDONIA,CADIZ,70,152,152,99,19,0,0,65,0,78,38,27,9,12,0,3.1,1.4,2019-11-17,25.4,2020-03-11
5983X,2020-21,MEDINA SIDONIA,CADIZ,70,144,144,76,27,5,0,54,5,67,40,33,24,14,3,1.4,-1.6,2021-01-04,27.2,2020-11-15
5983X,2021-22,MEDINA SIDONIA,CADIZ,70,147,147,90,24,0,0,51,0,64,30,28,19,21,0,3.4,1.0,2021-11-27,25.0,2021-11-14
5983X,2022-23,MEDINA SIDONIA,CADIZ,70,150,150,86,27,5,0,55,3,89,53,23,22,20,1,1.1,-2.0,2023-03-03,27.6,2022-11-01
5983X,2023-24,MEDINA SIDONIA,CADIZ,70,152,152,92,24,0,0,63,0,91,42,30,26,9,0,2.4,0.8,2023-12-20,28.1,2024-03-18
5983X,2024-25,MEDINA SIDONIA,CADIZ,70,140,140,84,21,1,0,71,1,69,35,32,23,12,1,3.4,-0.5,2025-01-16,25.1,2024-11-10
5983X,2025-26,MEDINA SIDONIA,CADIZ,70,151,151,97,19,1,0,61,1,61,32,59,16,35,1,3.6,-0.1,2026-01-07,26.4,2025-11-12
5995B,2017-18,VEJER DE LA FRONTERA,CADIZ,186,150,150,78,6,0,0,62,0,38,24,44,19,29,0,5.3,3.8,2018-02-06,26.8,2017-11-24
5995B,2018-19,VEJER DE LA FRONTERA,CADIZ,186,151,151,42,1,0,0,36,0,61,27,27,12,11,0,7.8,4.1,2019-02-04,25.9,2019-03-12
5995B,2019-20,VEJER DE LA FRONTERA,CADIZ,186,152,152,24,0,0,0,15,0,83,37,32,9,11,0,9.2,6.2,2020-01-20,26.2,2020-03-11
5995B,2020-21,VEJER DE LA FRONTERA,CADIZ,186,126,126,48,7,0,0,40,0,36,11,47,10,35,0,5.0,3.3,2021-01-11,23.5,2021-03-26
5995B,2021-22,VEJER DE LA FRONTERA,CADIZ,186,151,151,52,1,0,0,27,0,52,17,34,15,22,0,7.8,4.7,2021-11-28,23.4,2021-11-14
5995B,2022-23,VEJER DE LA FRONTERA,CADIZ,186,151,151,35,2,0,0,27,0,83,45,27,22,22,0,6.7,4.6,2023-01-28,25.9,2022-11-01
5995B,2023-24,VEJER DE LA FRONTERA,CADIZ,186,151,151,38,0,0,0,24,0,77,45,39,13,12,0,8.1,5.9,2024-01-07,29.3,2024-03-18
5995B,2024-25,VEJER DE LA FRONTERA,CADIZ,186,151,151,38,0,0,0,33,0,65,38,42,20,15,0,8.3,6.3,2024-12-10,26.2,2025-03-29
5995B,2025-26,VEJER DE LA FRONTERA,CADIZ,186,151,151,51,1,0,0,39,0,51,28,61,12,69,0,6.7,2.4,2026-01-06,25.0,2025-11-03
5996B,2017-18,BARBATE,CADIZ,4,150,150,88,25,0,0,67,0,64,31,37,29,27,0,2.9,0.9,2018-02-09,26.2,2017-11-01
5996B,2018-19,BARBATE,CADIZ,4,150,150,76,15,0,0,56,0,103,38,24,24,9,0,4.0,2.1,2019-01-14,24.6,2019-03-17
5996B,2019-20,BARBATE,CADIZ,4,148,148,74,2,0,0,49,0,87,30,30,14,14,0,6.1,4.9,2019-11-16,25.6,2020-03-11
5996B,2020-21,BARBATE,CADIZ,4,150,150,57,17,0,0,42,0,79,42,35,24,14,0,3.2,0.7,2021-01-04,24.8,2020-11-05
5996B,2021-22,BARBATE,CADIZ,4,151,151,69,8,0,0,41,0,90,32,33,22,18,0,4.9,3.2,2022-01-09,23.8,2021-11-14
5996B,2022-23,BARBATE,CADIZ,4,148,148,58,11,0,0,42,0,100,55,8,22,14,0,3.7,1.4,2023-03-03,26.4,2023-03-26
5996B,2023-24,BARBATE,CADIZ,4,135,136,59,6,0,0,42,0,92,48,34,25,7,0,5.1,2.5,2024-01-08,26.4,2024-03-17
5996B,2024-25,BARBATE,CADIZ,4,150,150,58,4,0,0,52,0,92,50,42,23,8,0,5.7,2.1,2025-01-16,24.9,2024-11-09
5996B,2025-26,BARBATE,CADIZ,4,151,151,74,4,0,0,49,0,76,44,52,20,27,0,5.3,1.9,2026-01-07,25.0,2025-11-05
5998X,2017-18,OSUNA,SEVILLA,255,146,146,102,28,0,0,70,0,38,20,45,14,22,0,3.0,0.3,2018-02-08,25.0,2017-11-24
5998X,2018-19,OSUNA,SEVILLA,255,151,151,79,9,0,0,59,0,63,32,22,12,23,0,4.8,1.9,2019-01-11,26.3,2019-03-16
5998X,2019-20,OSUNA,SEVILLA,255,152,152,71,2,0,0,43,0,60,31,31,15,34,0,6.0,4.2,2019-11-16,27.9,2020-03-11
5998X,2020-21,OSUNA,SEVILLA,255,151,151,63,19,0,0,49,0,57,40,36,25,35,0,2.8,1.1,2021-01-11,29.1,2020-11-02
5998X,2021-22,OSUNA,SEVILLA,255,151,151,84,5,0,0,51,0,64,29,32,12,20,0,5.3,2.7,2021-11-28,24.6,2022-02-22
5998X,2022-23,OSUNA,SEVILLA,255,150,150,57,17,0,0,47,0,78,50,23,25,26,0,3.3,1.1,2023-01-24,29.0,2023-03-29
5998X,2023-24,OSUNA,SEVILLA,255,144,144,73,3,0,0,52,0,73,42,36,13,12,0,5.2,2.5,2023-12-27,29.7,2024-03-22
5998X,2024-25,OSUNA,SEVILLA,255,151,151,69,5,0,0,54,0,70,43,39,12,12,0,5.8,2.3,2025-01-15,24.5,2024-11-30
5998X,2025-26,OSUNA,SEVILLA,255,151,151,78,9,0,0,57,0,51,31,54,16,44,0,4.8,1.1,2026-01-06,26.6,2025-11-12
6000A,2017-18,MELILLA,MELILLA,52,151,151,44,0,0,0,43,0,80,36,27,29,19,0,7.2,5.9,2018-02-06,27.0,2017-11-29
6000A,2018-19,MELILLA,MELILLA,52,151,151,37,0,0,0,33,0,71,35,16,26,16,0,7.4,6.1,2019-01-06,24.9,2019-03-17
6000A,2019-20,MELILLA,MELILLA,52,152,152,23,0,0,0,19,0,91,47,19,20,19,0,8.9,7.0,2019-11-16,24.4,2019-11-01
6000A,2020-21,MELILLA,MELILLA,52,151,151,31,0,0,0,25,0,87,51,23,25,22,0,7.8,6.2,2021-01-13,34.0,2020-11-06
6000A,2021-22,MELILLA,MELILLA,52,150,150,31,0,0,0,25,0,63,31,23,16,20,0,8.5,7.1,2022-01-04,25.3,2021-11-02
6000A,2022-23,MELILLA,MELILLA,52,151,151,24,0,0,0,19,0,109,69,20,44,24,0,7.6,5.6,2023-01-23,30.3,2022-11-12
6000A,2023-24,MELILLA,MELILLA,52,152,152,18,0,0,0,16,0,124,82,12,44,4,0,9.2,7.4,2024-01-08,27.8,2023-12-12
6000A,2024-25,MELILLA,MELILLA,52,149,149,25,0,0,0,23,0,108,60,23,19,9,0,8.6,5.6,2025-01-19,27.6,2025-01-27
6000A,2025-26,MELILLA,MELILLA,52,151,151,29,0,0,0,17,0,81,44,45,21,10,0,8.9,6.3,2026-01-18,26.9,2025-11-15
6001,2017-18,TARIFA,CADIZ,32,145,145,55,9,0,0,43,0,51,24,44,11,32,0,4.8,3.4,2018-02-03,23.8,2017-11-02
6001,2018-19,TARIFA,CADIZ,32,147,147,49,3,0,0,39,0,21,2,23,2,52,0,6.4,3.1,2019-02-04,20.5,2019-03-11
6001,2019-20,TARIFA,CADIZ,32,145,145,48,0,0,0,31,0,25,7,32,6,24,0,7.4,5.9,2019-11-16,21.3,2020-03-11
6001,2020-21,TARIFA,CADIZ,32,149,149,52,8,0,0,38,0,33,10,42,21,43,0,4.9,2.7,2021-01-03,23.0,2020-11-06
6001,2021-22,TARIFA,CADIZ,32,148,148,44,2,0,0,22,0,14,0,35,6,65,0,6.7,4.3,2021-12-03,19.7,2021-11-14
6001,2022-23,TARIFA,CADIZ,32,150,150,40,6,0,0,30,0,64,20,38,18,53,0,6.0,2.2,2023-01-26,22.9,2022-11-02
6001,2023-24,TARIFA,CADIZ,32,152,152,34,1,0,0,22,0,74,20,33,21,13,0,7.5,3.8,2024-01-07,23.1,2023-11-13
6001,2024-25,TARIFA,CADIZ,32,151,151,26,0,0,0,22,0,64,22,42,33,21,0,7.8,5.4,2024-12-09,22.8,2024-11-10
6001,2025-26,TARIFA,CADIZ,32,151,151,58,4,0,0,42,0,30,12,58,19,42,0,6.6,3.6,2026-01-06,22.8,2025-11-03
6032X,2017-18,RONDA INSTITUTO,MALAGA,760,151,151,142,68,8,0,90,8,31,14,49,11,33,3,0.0,-1.1,2018-02-05,22.9,2017-11-21
6032X,2018-19,RONDA INSTITUTO,MALAGA,760,151,151,137,38,0,0,83,0,38,20,18,9,24,0,2.8,0.2,2019-02-03,24.3,2018-12-06
6032X,2020-21,RONDA INSTITUTO,MALAGA,760,122,122,100,21,0,0,65,0,34,18,39,6,21,0,2.1,0.4,2020-12-30,26.3,2020-11-02
6032X,2021-22,RONDA INSTITUTO,MALAGA,760,151,151,138,41,0,0,81,0,29,15,36,6,29,0,2.5,0.1,2021-11-28,24.5,2021-12-31
6032X,2022-23,RONDA INSTITUTO,MALAGA,760,151,151,114,31,6,0,75,6,53,30,31,14,34,4,0.2,-0.8,2023-01-24,26.3,2022-11-01
6032X,2024-25,RONDA INSTITUTO,MALAGA,760,150,150,121,35,0,0,82,0,42,13,39,12,49,0,2.5,0.8,2025-01-15,24.9,2024-11-30
6032X,2025-26,RONDA INSTITUTO,MALAGA,760,149,149,131,53,2,0,80,2,31,14,56,5,39,2,2.3,-1.3,2026-01-07,23.2,2026-02-24
6040X,2017-18,CORTES DE LA FRONTERA,MALAGA,315,151,151,125,51,2,0,79,2,47,24,48,16,32,1,1.0,-1.1,2018-02-09,25.1,2018-03-28
6040X,2018-19,CORTES DE LA FRONTERA,MALAGA,315,151,151,129,36,1,0,87,1,56,29,27,11,16,1,1.9,-0.3,2019-01-13,26.7,2019-03-11
6040X,2019-20,CORTES DE LA FRONTERA,MALAGA,315,151,151,122,18,0,0,82,0,62,30,41,12,28,0,3.5,1.9,2019-11-16,25.2,2020-03-10
6040X,2020-21,CORTES DE LA FRONTERA,MALAGA,315,137,137,102,30,2,0,71,2,46,28,45,10,32,1,2.1,-0.5,2021-01-13,24.9,2020-11-01
6040X,2021-22,CORTES DE LA FRONTERA,MALAGA,315,151,151,121,29,0,0,72,0,45,22,37,11,18,0,3.1,1.2,2022-01-08,23.1,2022-02-17
6040X,2022-23,CORTES DE LA FRONTERA,MALAGA,315,151,151,107,28,1,0,74,1,68,42,36,24,38,1,1.4,-0.2,2023-01-29,28.0,2023-03-30
6040X,2023-24,CORTES DE LA FRONTERA,MALAGA,315,152,152,107,21,0,0,76,0,74,44,38,25,11,0,4.0,1.1,2023-12-26,27.4,2023-11-14
6040X,2024-25,CORTES DE LA FRONTERA,MALAGA,315,150,150,101,28,0,0,76,0,61,22,37,12,19,0,2.8,0.9,2025-01-15,26.6,2025-03-29
6040X,2025-26,CORTES DE LA FRONTERA,MALAGA,315,150,150,116,24,1,0,74,1,41,20,57,6,33,1,3.5,-0.6,2026-01-07,25.9,2026-03-31
6042I,2017-18,JIMENA DE LA FRONTERA,CADIZ,42,143,143,112,70,8,0,75,8,76,46,43,27,11,3,-0.2,-2.0,2018-02-03,26.0,2018-03-28
6042I,2018-19,JIMENA DE LA FRONTERA,CADIZ,42,151,151,113,64,6,0,79,6,94,50,19,21,11,2,0.2,-1.3,2019-01-07,28.6,2019-03-11
6042I,2019-20,JIMENA DE LA FRONTERA,CADIZ,42,152,152,125,51,0,0,84,0,89,49,32,21,10,0,1.8,0.8,2020-01-08,27.3,2020-03-09
6042I,2020-21,JIMENA DE LA FRONTERA,CADIZ,42,151,151,106,46,7,0,68,7,84,47,39,25,21,3,0.5,-2.1,2021-01-04,27.1,2020-11-16
6042I,2021-22,JIMENA DE LA FRONTERA,CADIZ,42,150,150,105,58,1,0,61,1,74,34,34,22,18,1,1.0,-1.0,2022-01-09,25.6,2021-12-11
6042I,2022-23,JIMENA DE LA FRONTERA,CADIZ,42,148,148,106,48,10,0,65,8,104,69,28,18,12,4,-0.6,-2.5,2023-01-26,29.9,2022-11-01
6042I,2023-24,JIMENA DE LA FRONTERA,CADIZ,42,152,152,119,50,2,0,78,2,109,68,33,31,7,1,1.4,-0.8,2024-01-07,30.5,2023-11-14
6042I,2024-25,JIMENA DE LA FRONTERA,CADIZ,42,151,151,105,39,1,0,82,1,92,56,44,17,9,1,1.8,-0.7,2025-01-16,28.4,2025-03-29
6042I,2025-26,JIMENA DE LA FRONTERA,CADIZ,42,150,150,113,44,1,0,69,1,68,31,57,19,28,1,2.1,-1.9,2026-01-07,27.7,2026-03-31
6045X,2017-18,ALPANDEIRE,MALAGA,676,151,151,132,41,0,0,86,0,42,23,46,11,28,0,1.4,0.5,2018-02-05,23.4,2017-11-25
6045X,2018-19,ALPANDEIRE,MALAGA,676,151,151,129,9,0,0,81,0,58,26,25,11,11,0,4.1,1.5,2019-02-03,25.6,2019-03-11
6045X,2019-20,ALPANDEIRE,MALAGA,676,151,151,121,17,0,0,77,0,47,32,37,9,23,0,4.5,1.3,2020-01-20,26.5,2020-03-11
6045X,2020-21,ALPANDEIRE,MALAGA,676,149,149,115,28,1,0,80,1,66,46,38,9,18,1,2.3,-0.2,2021-01-03,28.9,2020-11-01
6045X,2021-22,ALPANDEIRE,MALAGA,676,151,151,130,17,0,0,75,0,49,33,33,11,20,0,4.2,2.2,2021-11-28,25.5,2021-12-31
6045X,2022-23,ALPANDEIRE,MALAGA,676,150,150,88,23,0,0,66,0,70,53,32,16,20,0,2.5,1.3,2023-01-26,28.3,2023-03-12
6045X,2023-24,ALPANDEIRE,MALAGA,676,151,151,99,13,0,0,68,0,72,48,38,13,11,0,4.5,3.8,2024-01-06,29.6,2024-03-18
6045X,2024-25,ALPANDEIRE,MALAGA,676,150,150,107,15,0,0,79,0,61,33,47,12,27,0,4.2,2.1,2024-12-10,27.2,2024-11-30
6045X,2025-26,ALPANDEIRE,MALAGA,676,146,146,123,27,0,0,77,0,38,24,53,6,35,0,3.4,0.5,2026-01-07,25.3,2026-02-23
6050X,2017-18,GAUCÍN,MALAGA,594,148,148,131,46,2,0,86,2,32,12,49,7,22,1,0.7,-1.5,2018-02-05,22.5,2017-11-25
6050X,2018-19,GAUCÍN,MALAGA,594,149,149,124,21,0,0,81,0,30,16,29,7,26,0,3.3,1.9,2019-01-13,24.5,2018-12-03
6050X,2019-20,GAUCÍN,MALAGA,594,121,121,102,10,0,0,77,0,24,12,32,7,33,0,3.8,1.4,2019-11-16,23.9,2020-02-04
6050X,2020-21,GAUCÍN,MALAGA,594,150,150,114,30,4,0,80,4,37,17,46,6,44,2,1.4,-0.6,2021-01-03,23.4,2020-11-16
6050X,2023-24,GAUCÍN,MALAGA,594,152,152,110,16,0,0,73,0,42,28,36,10,21,0,4.0,2.6,2023-12-27,27.1,2023-11-14
6050X,2024-25,GAUCÍN,MALAGA,594,151,151,103,19,0,0,75,0,36,14,43,11,34,0,3.6,2.1,2024-12-10,25.2,2024-11-30
6050X,2025-26,GAUCÍN,MALAGA,594,151,151,126,39,1,0,78,1,26,11,58,5,69,1,3.1,-1.0,2026-01-07,23.4,2026-03-31
6056X,2017-18,SAN ROQUE  ,CADIZ,1,150,150,94,18,0,0,62,0,78,29,33,27,8,0,3.9,2.2,2018-02-06,25.1,2017-11-12
6056X,2018-19,SAN ROQUE  ,CADIZ,1,150,150,80,10,0,0,60,0,79,29,16,11,11,0,3.9,3.0,2019-01-06,27.1,2019-03-17
6056X,2019-20,SAN ROQUE  ,CADIZ,1,152,152,75,0,0,0,52,0,93,52,29,25,9,0,6.4,5.0,2020-01-08,27.4,2019-11-01
6056X,2020-21,SAN ROQUE  ,CADIZ,1,151,151,65,10,0,0,46,0,82,33,34,24,21,0,4.3,1.8,2021-01-03,26.8,2020-11-16
6056X,2021-22,SAN ROQUE  ,CADIZ,1,151,151,69,3,0,0,38,0,73,30,34,17,19,0,5.8,4.7,2022-01-09,25.3,2021-11-01
6056X,2022-23,SAN ROQUE  ,CADIZ,1,138,138,61,11,0,0,42,0,90,59,24,30,19,0,3.9,2.4,2023-01-23,30.5,2023-03-31
6056X,2023-24,SAN ROQUE  ,CADIZ,1,148,148,71,3,0,0,50,0,113,50,28,31,4,0,6.2,3.4,2024-01-08,24.9,2024-03-15
6056X,2024-25,SAN ROQUE  ,CADIZ,1,151,151,60,3,0,0,51,0,111,53,42,25,6,0,6.1,3.1,2025-01-16,25.6,2025-03-28
6056X,2025-26,SAN ROQUE  ,CADIZ,1,151,151,81,4,0,0,54,0,73,30,61,29,38,0,5.8,2.7,2026-01-07,27.4,2025-11-02
6057X,2018-19,MANILVA,MALAGA,140,151,151,43,1,0,0,35,0,65,34,19,12,11,0,7.9,4.9,2019-02-03,27.9,2019-03-17
6057X,2019-20,MANILVA,MALAGA,140,151,151,41,0,0,0,25,0,80,43,30,19,11,0,8.2,5.6,2019-11-16,27.3,2019-11-01
6057X,2020-21,MANILVA,MALAGA,140,151,151,44,5,0,0,35,0,59,29,39,20,22,0,5.9,3.8,2021-01-10,27.4,2020-11-16
6057X,2021-22,MANILVA,MALAGA,140,149,149,43,0,0,0,20,0,54,27,30,16,20,0,8.2,5.0,2021-11-28,25.6,2021-11-15
6057X,2022-23,MANILVA,MALAGA,140,151,151,33,0,0,0,27,0,83,53,32,18,31,0,6.2,5.6,2023-01-26,30.2,2023-03-30
6057X,2023-24,MANILVA,MALAGA,140,152,152,33,0,0,0,22,0,91,59,18,22,8,0,8.3,6.7,2024-01-06,27.7,2023-11-14
6057X,2024-25,MANILVA,MALAGA,140,150,150,40,0,0,0,31,0,68,29,42,12,23,0,8.1,6.8,2024-12-10,27.7,2025-03-29
6057X,2025-26,MANILVA,MALAGA,140,145,145,66,2,0,0,50,0,82,45,23,26,10,0,6.8,3.2,2026-01-07,28.5,2025-11-02
6058I,2017-18,ESTEPONA,MALAGA,19,136,136,50,2,0,0,48,0,89,43,31,32,8,0,6.2,4.9,2018-02-05,25.7,2017-11-05
6058I,2018-19,ESTEPONA,MALAGA,19,151,151,44,0,0,0,36,0,93,36,10,21,8,0,7.5,6.1,2019-02-04,29.5,2019-03-17
6058I,2019-20,ESTEPONA,MALAGA,19,133,133,16,0,0,0,12,0,85,44,14,11,8,0,9.3,8.1,2020-01-27,29.0,2019-11-01
6058I,2020-21,ESTEPONA,MALAGA,19,151,151,32,0,0,0,29,0,89,42,40,25,20,0,6.0,5.4,2021-01-04,28.3,2020-11-16
6058I,2021-22,ESTEPONA,MALAGA,19,139,139,22,0,0,0,14,0,72,38,32,12,18,0,8.9,7.8,2021-11-28,24.3,2021-11-02
6058I,2022-23,ESTEPONA,MALAGA,19,151,151,24,0,0,0,21,0,105,64,29,30,29,0,7.2,5.8,2023-01-23,31.3,2023-03-30
6058I,2023-24,ESTEPONA,MALAGA,19,152,152,16,0,0,0,13,0,101,58,28,21,10,0,9.4,7.2,2024-01-07,26.4,2023-11-01
6058I,2024-25,ESTEPONA,MALAGA,19,147,147,21,0,0,0,17,0,99,57,39,25,10,0,9.0,6.9,2025-01-16,24.6,2025-03-29
6058I,2025-26,ESTEPONA,MALAGA,19,140,140,40,1,0,0,28,0,84,39,42,32,21,0,7.8,4.5,2026-01-07,27.9,2025-11-02
6069X,2017-18,BENAHAVÍS,MALAGA,392,134,134,98,11,0,0,57,0,46,24,36,7,18,0,4.0,2.4,2018-02-05,23.8,2017-11-25
6069X,2018-19,BENAHAVÍS,MALAGA,392,150,150,105,5,0,0,75,0,72,40,21,14,10,0,5.5,2.9,2019-02-03,27.0,2019-03-17
6069X,2019-20,BENAHAVÍS,MALAGA,392,149,149,87,0,0,0,60,0,71,50,28,19,15,0,6.1,5.2,2020-01-22,28.3,2019-11-01
6069X,2020-21,BENAHAVÍS,MALAGA,392,131,131,70,10,0,0,51,0,57,32,21,11,21,0,3.6,1.9,2021-01-03,27.9,2020-11-16
6069X,2021-22,BENAHAVÍS,MALAGA,392,141,141,102,3,0,0,66,0,48,31,42,7,19,0,5.4,4.4,2021-11-28,24.2,2021-12-29
6069X,2022-23,BENAHAVÍS,MALAGA,392,142,142,71,12,0,0,55,0,73,54,27,17,30,0,4.4,2.5,2023-01-26,31.3,2023-03-31
6069X,2023-24,BENAHAVÍS,MALAGA,392,152,152,81,1,0,0,60,0,85,59,29,22,9,0,6.5,4.4,2024-01-06,28.5,2023-11-14
6069X,2024-25,BENAHAVÍS,MALAGA,392,151,151,79,1,0,0,62,0,71,36,41,12,20,0,5.8,4.4,2025-01-15,26.9,2024-11-30
6069X,2025-26,BENAHAVÍS,MALAGA,392,151,151,101,6,0,0,71,0,46,23,43,13,53,0,5.2,1.9,2026-01-07,26.5,2025-11-02
6076X,2017-18,"MARBELLA, PUERTO",MALAGA,2,149,149,49,0,0,0,45,0,76,29,32,27,9,0,7.1,5.8,2018-02-05,23.9,2017-11-13
6076X,2018-19,"MARBELLA, PUERTO",MALAGA,2,136,136,37,0,0,0,36,0,69,19,20,10,15,0,8.0,6.8,2019-02-04,26.3,2019-03-17
6076X,2019-20,"MARBELLA, PUERTO",MALAGA,2,151,151,22,0,0,0,19,0,80,38,11,19,16,0,9.1,8.0,2019-11-16,25.0,2019-11-01
6076X,2020-21,"MARBELLA, PUERTO",MALAGA,2,151,151,32,0,0,0,28,0,74,30,24,21,17,0,6.5,5.3,2021-01-03,24.5,2020-11-16
6076X,2021-22,"MARBELLA, PUERTO",MALAGA,2,151,151,24,0,0,0,15,0,64,29,19,10,19,0,8.6,7.6,2021-11-28,22.8,2021-11-15
6076X,2022-23,"MARBELLA, PUERTO",MALAGA,2,150,150,23,0,0,0,19,0,102,65,26,30,15,0,8.4,6.4,2023-01-26,27.5,2022-11-04
6076X,2023-24,"MARBELLA, PUERTO",MALAGA,2,151,151,12,0,0,0,12,0,105,51,0,32,10,0,9.7,8.3,2024-01-08,24.5,2023-11-01
6076X,2024-25,"MARBELLA, PUERTO",MALAGA,2,132,132,20,1,0,0,15,0,75,47,35,26,8,0,8.3,2.7,2025-03-13,26.7,2024-11-20
6076X,2025-26,"MARBELLA, PUERTO",MALAGA,2,148,148,27,0,0,0,22,0,87,34,40,15,7,0,8.8,5.9,2026-01-07,25.2,2025-11-02
6083X,2017-18,MARBELLA,MALAGA,2,151,151,28,1,0,0,27,0,74,37,30,19,23,0,7.2,3.4,2018-03-21,25.3,2018-03-15
6083X,2018-19,MARBELLA,MALAGA,2,139,139,11,0,0,0,11,0,69,22,17,11,17,0,9.5,8.3,2019-02-04,24.3,2019-03-13
6083X,2019-20,MARBELLA,MALAGA,2,139,139,10,0,0,0,6,0,65,23,18,10,9,0,9.8,7.8,2020-01-20,24.8,2019-11-01
6083X,2020-21,MARBELLA,MALAGA,2,151,151,20,0,0,0,17,0,90,28,22,22,21,0,8.2,6.0,2021-01-03,24.6,2020-11-16
6083X,2021-22,MARBELLA,MALAGA,2,151,151,3,0,0,0,1,0,106,36,20,22,14,0,10.8,8.5,2021-11-28,23.5,2021-11-01
6083X,2022-23,MARBELLA,MALAGA,2,151,151,16,0,0,0,13,0,115,69,24,47,24,0,8.9,7.0,2023-01-24,25.7,2023-03-11
6083X,2023-24,MARBELLA,MALAGA,2,151,151,3,0,0,0,2,0,100,45,15,32,8,0,10.8,9.5,2024-01-07,24.4,2023-11-12
6083X,2024-25,MARBELLA,MALAGA,2,151,151,5,0,0,0,5,0,99,50,20,38,10,0,10.4,8.2,2024-12-10,25.5,2024-11-10
6083X,2025-26,MARBELLA,MALAGA,2,135,135,12,0,0,0,12,0,90,25,25,19,6,0,9.4,6.9,2025-12-22,25.2,2025-11-02
6084X,2017-18,FUENGIROLA,MALAGA,8,146,146,28,0,0,0,27,0,61,23,26,11,11,0,8.2,6.1,2018-02-05,24.0,2017-11-13
6084X,2018-19,FUENGIROLA,MALAGA,8,151,151,24,0,0,0,23,0,63,16,16,11,16,0,8.9,5.0,2019-01-05,26.4,2019-03-17
6084X,2020-21,FUENGIROLA,MALAGA,8,120,120,23,0,0,0,23,0,56,22,21,14,25,0,8.1,5.7,2021-01-10,23.4,2020-11-06
6084X,2022-23,FUENGIROLA,MALAGA,8,146,146,16,0,0,0,14,0,129,86,22,37,4,0,9.0,7.2,2023-01-29,30.2,2023-03-26
6088X,2017-18,TORREMOLINOS,MALAGA,85,151,151,62,2,0,0,45,0,88,44,28,27,10,0,6.8,3.8,2018-02-05,25.4,2017-11-12
6088X,2018-19,TORREMOLINOS,MALAGA,85,151,151,37,0,0,0,35,0,92,42,15,19,11,0,8.0,6.3,2019-01-05,27.4,2019-03-17
6088X,2019-20,TORREMOLINOS,MALAGA,85,151,151,26,0,0,0,18,0,90,59,26,20,10,0,9.1,7.9,2020-01-20,27.4,2019-11-01
6088X,2020-21,TORREMOLINOS,MALAGA,85,150,150,41,1,0,0,37,0,93,56,11,22,10,0,7.2,4.4,2021-01-10,28.8,2020-11-16
6088X,2021-22,TORREMOLINOS,MALAGA,85,151,151,26,0,0,0,15,0,79,41,25,23,17,0,9.1,7.2,2021-11-24,26.7,2021-11-14
6088X,2022-23,TORREMOLINOS,MALAGA,85,148,148,29,0,0,0,24,0,104,72,14,29,13,0,7.6,6.0,2023-01-29,31.0,2022-11-04
6088X,2023-24,TORREMOLINOS,MALAGA,85,120,120,27,0,0,0,18,0,77,55,23,19,9,0,8.6,8.1,2024-03-08,30.6,2023-11-05
6088X,2024-25,TORREMOLINOS,MALAGA,85,151,151,27,0,0,0,23,0,96,55,32,25,10,0,9.0,8.0,2025-01-15,28.1,2025-03-29
6088X,2025-26,TORREMOLINOS,MALAGA,85,151,151,41,0,0,0,33,0,82,39,39,21,20,0,8.2,5.7,2026-01-06,27.7,2026-03-31
6100B,2017-18,ANTEQUERA AYUNTAMIENTO (AUTOMÁTICA THIES),MALAGA,515,151,151,137,62,1,0,87,1,35,23,40,13,32,1,0.7,-0.1,2018-02-09,25.4,2017-11-24
6100B,2018-19,ANTEQUERA AYUNTAMIENTO (AUTOMÁTICA THIES),MALAGA,515,151,151,134,27,1,0,87,1,68,34,17,12,18,1,2.6,-0.1,2019-02-03,26.0,2019-03-11
6100B,2019-20,ANTEQUERA AYUNTAMIENTO (AUTOMÁTICA THIES),MALAGA,515,152,152,132,23,0,0,83,0,62,30,30,9,22,0,3.5,1.5,2020-01-14,28.9,2020-03-12
6100B,2021-22,ANTEQUERA AYUNTAMIENTO (AUTOMÁTICA THIES),MALAGA,515,151,151,130,27,0,0,76,0,50,23,13,7,24,0,3.5,0.4,2021-11-28,25.7,2021-12-31
6100B,2022-23,ANTEQUERA AYUNTAMIENTO (AUTOMÁTICA THIES),MALAGA,515,151,151,97,26,3,0,71,3,64,48,21,15,20,1,1.1,-1.2,2023-01-27,28.4,2023-03-25
6100B,2024-25,ANTEQUERA AYUNTAMIENTO (AUTOMÁTICA THIES),MALAGA,515,125,125,101,27,0,0,71,0,42,16,35,7,27,0,3.4,1.3,2025-01-15,22.6,2025-03-31
6100B,2025-26,ANTEQUERA AYUNTAMIENTO (AUTOMÁTICA THIES),MALAGA,515,151,151,125,37,2,0,78,2,42,25,52,9,29,2,2.5,-0.5,2026-01-06,24.5,2026-02-24
6106X,2018-19,ANTEQUERA,MALAGA,408,143,143,136,77,17,1,89,17,41,17,17,11,24,7,-2.1,-3.1,2019-01-07,24.8,2019-03-11
6106X,2019-20,ANTEQUERA,MALAGA,408,134,134,111,52,9,0,63,7,37,16,27,9,25,3,-0.3,-1.5,2020-01-14,26.9,2020-03-12
6106X,2020-21,ANTEQUERA,MALAGA,408,148,148,114,55,14,3,79,14,38,18,27,8,45,8,-2.3,-3.9,2021-01-03,26.3,2020-11-01
6106X,2021-22,ANTEQUERA,MALAGA,408,151,151,129,66,10,0,79,7,28,13,34,5,29,3,-0.3,-1.6,2022-01-08,23.1,2021-12-30
6106X,2023-24,ANTEQUERA,MALAGA,408,148,148,116,52,12,0,73,12,50,32,34,12,27,9,-0.8,-2.2,2023-12-26,27.9,2023-11-15
6106X,2024-25,ANTEQUERA,MALAGA,408,144,144,115,55,12,2,80,12,42,15,35,12,30,3,-0.8,-3.6,2025-01-16,22.8,2024-11-30
6106X,2025-26,ANTEQUERA,MALAGA,408,145,145,120,57,8,1,78,7,23,11,43,5,43,2,-0.0,-3.4,2026-01-07,23.2,2026-02-23
6127X,2017-18,ÁLORA,MALAGA,172,136,136,98,24,0,0,74,0,71,41,26,26,10,0,3.3,1.8,2018-02-05,26.5,2017-11-24
6127X,2018-19,ÁLORA,MALAGA,172,151,151,95,8,0,0,70,0,97,59,17,22,7,0,5.0,2.4,2019-01-13,30.3,2019-03-11
6127X,2019-20,ÁLORA,MALAGA,172,121,121,63,2,0,0,39,0,75,53,25,23,9,0,5.8,4.8,2020-01-11,28.3,2020-03-11
6127X,2020-21,ÁLORA,MALAGA,172,151,151,78,13,0,0,54,0,94,57,28,14,20,0,4.3,2.1,2021-01-13,28.2,2020-11-01
6127X,2021-22,ÁLORA,MALAGA,172,151,151,91,2,0,0,57,0,81,47,27,22,12,0,5.7,4.2,2022-01-08,26.6,2022-02-03
6127X,2022-23,ÁLORA,MALAGA,172,137,137,73,19,0,0,54,0,98,79,9,30,10,0,3.6,1.6,2023-01-29,31.7,2023-03-30
6127X,2023-24,ÁLORA,MALAGA,172,152,152,80,2,0,0,57,0,113,83,28,31,6,0,5.6,4.5,2023-12-19,32.2,2023-11-14
6127X,2024-25,ÁLORA,MALAGA,172,151,151,82,8,0,0,68,0,104,70,32,17,7,0,5.0,2.2,2025-01-15,28.5,2024-11-30
6127X,2025-26,ÁLORA,MALAGA,172,151,151,97,6,0,0,65,0,80,50,41,13,16,0,5.2,2.2,2026-01-07,27.0,2025-11-01
6143X,2017-18,COÍN,MALAGA,230,144,144,101,16,0,0,68,0,90,56,28,26,11,0,4.1,1.9,2018-02-09,27.4,2018-03-28
6143X,2018-19,COÍN,MALAGA,230,151,151,93,3,0,0,72,0,109,74,18,26,7,0,5.8,3.6,2019-01-13,30.4,2019-03-11
6143X,2019-20,COÍN,MALAGA,230,151,151,88,1,0,0,66,0,102,72,20,28,9,0,6.0,4.6,2019-11-16,30.9,2020-03-11
6143X,2020-21,COÍN,MALAGA,230,138,138,80,12,0,0,61,0,95,67,17,13,18,0,3.8,1.4,2021-01-03,28.5,2020-11-16
6143X,2021-22,COÍN,MALAGA,230,151,151,86,1,0,0,53,0,91,60,28,17,8,0,5.8,4.4,2021-11-28,28.8,2021-11-01
6143X,2022-23,COÍN,MALAGA,230,150,150,64,12,0,0,50,0,110,83,22,30,9,0,3.9,2.2,2023-01-29,31.8,2023-03-31
6143X,2023-24,COÍN,MALAGA,230,152,152,77,2,0,0,53,0,121,97,20,31,5,0,6.4,4.4,2024-01-07,33.2,2023-11-14
6143X,2024-25,COÍN,MALAGA,230,150,150,80,3,0,0,63,0,110,76,30,25,4,0,5.5,3.3,2025-01-15,29.5,2024-11-30
6143X,2025-26,COÍN,MALAGA,230,149,149,98,7,0,0,67,0,96,61,44,16,11,0,5.1,2.0,2026-01-07,28.7,2026-03-31
6155A,2017-18,MÁLAGA AEROPUERTO,MALAGA,7,151,151,95,18,0,0,65,0,86,49,29,27,10,0,3.8,1.4,2018-02-05,25.6,2017-11-12
6155A,2018-19,MÁLAGA AEROPUERTO,MALAGA,7,151,151,85,15,0,0,67,0,101,40,16,21,11,0,4.0,1.9,2019-01-13,27.8,2019-03-17
6155A,2019-20,MÁLAGA AEROPUERTO,MALAGA,7,152,152,63,2,0,0,52,0,99,64,23,21,13,0,5.8,4.5,2020-01-08,27.6,2019-11-01
6155A,2020-21,MÁLAGA AEROPUERTO,MALAGA,7,151,151,70,12,0,0,54,0,102,55,18,25,17,0,3.8,1.6,2021-01-13,28.5,2020-11-16
6155A,2021-22,MÁLAGA AEROPUERTO,MALAGA,7,151,151,70,2,0,0,44,0,92,49,24,22,17,0,6.2,4.4,2022-01-08,29.6,2021-11-01
6155A,2022-23,MÁLAGA AEROPUERTO,MALAGA,7,151,151,70,14,0,0,52,0,104,69,19,29,13,0,3.9,1.1,2023-01-29,31.3,2023-03-31
6155A,2023-24,MÁLAGA AEROPUERTO,MALAGA,7,152,152,67,6,0,0,50,0,109,71,21,31,6,0,5.4,4.1,2023-12-19,29.4,2023-12-12
6155A,2024-25,MÁLAGA AEROPUERTO,MALAGA,7,151,151,70,12,0,0,61,0,104,67,27,25,8,0,4.5,3.3,2024-12-11,28.2,2025-03-29
6155A,2025-26,MÁLAGA AEROPUERTO,MALAGA,7,151,151,89,6,0,0,61,0,91,42,37,21,11,0,5.0,3.4,2026-01-07,27.3,2026-03-31
6156X,2017-18,"MÁLAGA, CENTRO METEOROLÓGICO",MALAGA,54,151,151,80,6,0,0,60,0,98,62,28,27,9,0,5.3,3.4,2018-02-09,26.4,2017-11-12
6156X,2018-19,"MÁLAGA, CENTRO METEOROLÓGICO",MALAGA,54,148,148,67,2,0,0,55,0,112,62,16,20,7,0,6.0,3.8,2019-01-06,27.1,2019-03-17
6156X,2019-20,"MÁLAGA, CENTRO METEOROLÓGICO",MALAGA,54,151,151,54,0,0,0,46,0,114,71,21,22,9,0,7.5,5.3,2020-01-08,27.8,2020-03-12
6156X,2020-21,"MÁLAGA, CENTRO METEOROLÓGICO",MALAGA,54,147,147,56,6,0,0,44,0,110,73,18,24,15,0,5.2,2.7,2021-01-13,28.3,2020-11-16
6156X,2021-22,"MÁLAGA, CENTRO METEOROLÓGICO",MALAGA,54,144,144,63,0,0,0,39,0,80,46,28,23,18,0,6.6,5.4,2022-01-03,29.0,2021-11-01
6156X,2022-23,"MÁLAGA, CENTRO METEOROLÓGICO",MALAGA,54,136,136,58,10,0,0,48,0,92,64,18,30,11,0,4.6,1.7,2023-03-03,31.4,2023-03-31
6156X,2023-24,"MÁLAGA, CENTRO METEOROLÓGICO",MALAGA,54,152,152,52,1,0,0,38,0,120,78,25,31,5,0,6.6,4.7,2023-12-17,29.9,2023-12-12
6156X,2024-25,"MÁLAGA, CENTRO METEOROLÓGICO",MALAGA,54,151,151,62,1,0,0,53,0,113,69,26,25,5,0,6.2,4.1,2025-01-15,27.9,2025-03-29
6156X,2025-26,"MÁLAGA, CENTRO METEOROLÓGICO",MALAGA,54,148,148,73,3,0,0,50,0,97,47,47,32,10,0,6.3,3.3,2026-01-07,26.6,2026-03-31
6172X,2017-18,MÁLAGA,MALAGA,25,151,151,48,0,0,0,42,0,82,39,29,27,10,0,7.0,5.4,2018-02-05,25.1,2017-11-13
6172X,2018-19,MÁLAGA,MALAGA,25,151,151,26,0,0,0,25,0,79,32,14,21,15,0,8.8,7.1,2019-01-13,26.5,2019-03-17
6172X,2019-20,MÁLAGA,MALAGA,25,151,151,18,0,0,0,17,0,85,50,20,19,10,0,9.4,8.5,2020-01-20,27.4,2019-11-01
6172X,2020-21,MÁLAGA,MALAGA,25,151,151,34,0,0,0,32,0,90,46,17,22,19,0,7.5,5.5,2021-01-13,28.0,2020-11-16
6172X,2021-22,MÁLAGA,MALAGA,25,151,151,18,0,0,0,13,0,70,30,19,17,19,0,9.2,7.5,2021-11-28,27.4,2021-11-01
6172X,2022-23,MÁLAGA,MALAGA,25,151,151,25,0,0,0,21,0,105,68,18,30,24,0,7.4,6.0,2023-01-29,29.8,2023-03-31
6172X,2023-24,MÁLAGA,MALAGA,25,152,152,15,0,0,0,14,0,102,64,21,31,6,0,9.4,7.8,2024-01-07,28.9,2023-11-12
6172X,2024-25,MÁLAGA,MALAGA,25,151,151,21,0,0,0,19,0,111,62,23,38,8,0,8.9,7.4,2025-01-15,28.1,2025-03-29
6172X,2025-26,MÁLAGA,MALAGA,25,149,149,24,0,0,0,19,0,79,35,34,13,9,0,8.6,6.3,2026-01-07,26.2,2025-11-02
6175X,2017-18,RINCÓN DE LA VICTORIA,MALAGA,7,151,151,37,0,0,0,34,0,128,86,30,32,5,0,6.8,5.5,2018-01-09,27.7,2017-11-13
6175X,2018-19,RINCÓN DE LA VICTORIA,MALAGA,7,151,151,27,0,0,0,24,0,137,86,15,27,2,0,8.4,7.7,2019-02-05,29.4,2019-03-17
6175X,2019-20,RINCÓN DE LA VICTORIA,MALAGA,7,151,151,18,0,0,0,15,0,132,92,27,57,6,0,9.1,7.9,2020-01-14,30.3,2019-11-01
6175X,2020-21,RINCÓN DE LA VICTORIA,MALAGA,7,151,151,30,0,0,0,28,0,124,88,17,25,13,0,7.0,5.6,2020-12-31,28.6,2020-11-16
6175X,2021-22,RINCÓN DE LA VICTORIA,MALAGA,7,151,151,18,0,0,0,12,0,122,84,18,27,7,0,9.1,8.2,2022-01-07,27.0,2021-11-15
6175X,2022-23,RINCÓN DE LA VICTORIA,MALAGA,7,123,123,27,0,0,0,23,0,105,80,17,42,5,0,7.6,6.6,2023-01-26,33.7,2023-03-26
6175X,2023-24,RINCÓN DE LA VICTORIA,MALAGA,7,152,152,24,0,0,0,20,0,141,104,20,33,3,0,9.4,7.1,2024-01-07,32.3,2023-11-12
6175X,2024-25,RINCÓN DE LA VICTORIA,MALAGA,7,148,148,18,0,0,0,16,0,136,105,27,40,2,0,9.0,7.3,2025-01-15,30.0,2025-03-28
6175X,2025-26,RINCÓN DE LA VICTORIA,MALAGA,7,148,148,26,0,0,0,22,0,125,91,32,32,4,0,8.6,6.9,2026-01-07,30.7,2025-11-02
6199X,2022-23,VÉLEZ-MÁLAGA,MALAGA,41,144,144,60,8,0,0,50,0,119,96,6,33,6,0,4.8,3.9,2023-01-29,32.7,2023-03-26
6199X,2023-24,VÉLEZ-MÁLAGA,MALAGA,41,151,151,58,0,0,0,45,0,138,102,22,33,3,0,7.1,5.0,2024-01-08,30.9,2023-11-12
6199X,2024-25,VÉLEZ-MÁLAGA,MALAGA,41,147,147,64,2,0,0,57,0,135,90,27,32,4,0,6.8,4.5,2025-01-16,28.5,2024-12-07
6199X,2025-26,VÉLEZ-MÁLAGA,MALAGA,41,151,151,71,1,0,0,50,0,118,77,38,32,4,0,6.5,3.5,2026-01-07,29.6,2025-11-02
6201X,2017-18,ALGARROBO,MALAGA,35,150,150,101,12,0,0,78,0,85,37,37,27,11,0,4.5,3.1,2018-02-05,26.7,2017-11-13
6201X,2018-19,ALGARROBO,MALAGA,35,147,147,104,5,0,0,80,0,87,32,13,21,12,0,5.4,4.4,2019-01-22,28.3,2019-03-17
6201X,2019-20,ALGARROBO,MALAGA,35,135,135,67,1,0,0,54,0,85,44,24,19,10,0,6.6,4.2,2020-01-14,30.2,2019-11-01
6201X,2020-21,ALGARROBO,MALAGA,35,151,151,81,8,0,0,59,0,103,52,19,25,26,0,4.8,2.0,2021-01-03,28.6,2020-11-06
6201X,2021-22,ALGARROBO,MALAGA,35,150,150,87,0,0,0,60,0,100,50,19,22,14,0,6.9,5.8,2022-01-08,25.7,2021-12-28
6201X,2022-23,ALGARROBO,MALAGA,35,145,145,61,7,0,0,47,0,108,72,13,32,11,0,5.0,3.9,2023-01-26,32.0,2023-03-31
6201X,2023-24,ALGARROBO,MALAGA,35,151,151,71,0,0,0,50,0,116,67,23,32,5,0,7.3,5.2,2024-01-08,29.1,2023-11-12
6201X,2024-25,ALGARROBO,MALAGA,35,143,143,71,1,0,0,61,0,108,58,25,26,8,0,7.1,4.8,2025-01-16,26.8,2024-12-07
6201X,2025-26,ALGARROBO,MALAGA,35,143,143,78,4,0,0,53,0,89,39,38,14,11,0,6.0,2.1,2026-01-07,29.7,2025-11-02
6205X,2018-19,TORROX,MALAGA,3,146,146,53,0,0,0,44,0,108,55,17,21,3,0,7.9,6.8,2019-01-22,27.2,2019-03-13
6205X,2020-21,TORROX,MALAGA,3,123,123,28,1,0,0,22,0,82,47,10,17,12,0,7.5,4.8,2021-01-04,24.5,2020-11-07
6205X,2021-22,TORROX,MALAGA,3,131,131,38,0,0,0,27,0,77,45,13,15,14,0,8.8,7.6,2022-01-03,25.7,2022-01-09
6205X,2022-23,TORROX,MALAGA,3,137,137,27,0,0,0,22,0,104,67,0,21,5,0,7.2,5.9,2023-01-26,27.6,2022-11-04
6213X,2017-18,NERJA,MALAGA,169,151,151,58,0,0,0,50,0,73,32,36,27,10,0,7.0,5.0,2018-02-05,25.3,2017-11-05
6213X,2018-19,NERJA,MALAGA,169,151,151,37,0,0,0,35,0,82,35,19,20,15,0,8.2,6.4,2019-02-03,28.1,2019-03-17
6213X,2019-20,NERJA,MALAGA,169,151,151,35,0,0,0,29,0,89,53,22,19,16,0,8.8,7.6,2020-01-20,29.9,2019-11-01
6213X,2020-21,NERJA,MALAGA,169,151,151,42,1,0,0,34,0,86,42,23,24,28,0,6.8,4.5,2021-01-10,28.2,2020-11-06
6213X,2021-22,NERJA,MALAGA,169,150,150,32,0,0,0,24,0,88,43,23,22,14,0,8.8,7.4,2021-11-24,25.2,2021-11-01
6213X,2022-23,NERJA,MALAGA,169,151,151,29,1,0,0,25,0,110,73,18,29,21,0,7.6,4.7,2023-01-24,28.7,2023-03-11
6213X,2023-24,NERJA,MALAGA,169,152,152,21,0,0,0,18,0,103,57,25,23,6,0,9.6,8.8,2024-01-08,31.4,2024-03-23
6213X,2024-25,NERJA,MALAGA,169,151,151,34,0,0,0,31,0,98,54,29,26,8,0,8.6,7.1,2025-01-16,27.7,2024-12-07
6213X,2025-26,NERJA,MALAGA,169,150,150,37,0,0,0,29,0,73,32,38,21,14,0,8.4,6.4,2026-01-07,27.9,2025-11-02
6248D,2023-24,"CAÑAR, PARQUE NACIONAL SIERRA NEVADA",GRANADA,1732,152,152,144,99,37,1,87,22,25,13,0,8,43,7,-2.0,-3.2,2023-12-03,23.2,2023-11-11
6248D,2024-25,"CAÑAR, PARQUE NACIONAL SIERRA NEVADA",GRANADA,1732,147,147,146,112,50,11,86,39,9,1,0,2,82,9,-3.8,-7.0,2025-01-14,20.9,2024-12-07
6248D,2025-26,"CAÑAR, PARQUE NACIONAL SIERRA NEVADA",GRANADA,1732,147,147,147,126,60,18,87,40,3,1,0,2,52,12,-4.7,-7.7,2026-01-06,20.9,2025-11-12
6258X,2017-18,LANJARÓN,GRANADA,708,150,150,147,82,17,0,88,16,32,16,39,7,23,5,-0.8,-2.2,2018-02-06,22.2,2017-11-24
6258X,2018-19,LANJARÓN,GRANADA,708,151,151,150,83,4,0,90,4,45,23,24,9,15,2,0.9,-1.3,2019-02-04,23.8,2018-12-06
6258X,2019-20,LANJARÓN,GRANADA,708,121,121,111,50,1,0,60,0,41,22,29,7,28,1,1.6,-0.6,2019-11-16,25.3,2020-03-11
6258X,2020-21,LANJARÓN,GRANADA,708,150,150,138,54,9,0,86,9,45,21,27,6,23,3,-0.2,-2.7,2021-01-03,24.3,2020-11-16
6258X,2021-22,LANJARÓN,GRANADA,708,147,147,142,75,0,0,85,0,32,16,34,5,21,0,1.4,0.0,2021-12-03,24.8,2021-12-29
6258X,2022-23,LANJARÓN,GRANADA,708,150,150,130,54,15,0,81,12,69,45,17,17,33,10,-0.8,-1.7,2023-01-23,27.1,2022-11-01
6258X,2023-24,LANJARÓN,GRANADA,708,152,152,123,58,1,0,82,1,61,43,36,13,20,1,1.7,-0.5,2024-01-07,28.9,2024-03-22
6258X,2024-25,LANJARÓN,GRANADA,708,151,151,143,66,1,0,88,1,60,34,28,7,20,1,1.0,-1.1,2025-01-15,24.3,2024-11-30
6258X,2025-26,LANJARÓN,GRANADA,708,151,151,139,66,5,0,83,5,36,14,47,7,46,3,0.7,-3.0,2026-01-07,25.3,2025-11-12
6267X,2017-18,SALOBREÑA,GRANADA,20,151,151,110,6,0,0,80,0,84,41,27,28,10,0,5.0,2.0,2018-01-07,24.6,2017-11-13
6267X,2018-19,SALOBREÑA,GRANADA,20,141,141,102,5,0,0,69,0,101,40,17,21,4,0,5.1,3.4,2019-01-05,28.2,2019-03-17
6267X,2019-20,SALOBREÑA,GRANADA,20,151,151,96,1,0,0,72,0,97,57,22,19,16,0,5.8,3.3,2020-01-14,30.1,2019-11-01
6267X,2021-22,SALOBREÑA,GRANADA,20,151,151,114,6,0,0,75,0,103,53,23,22,14,0,5.1,3.1,2022-01-09,25.1,2022-01-09
6267X,2022-23,SALOBREÑA,GRANADA,20,151,151,99,12,0,0,73,0,113,80,12,30,13,0,4.5,2.2,2023-01-23,28.1,2023-03-10
6267X,2023-24,SALOBREÑA,GRANADA,20,148,148,98,7,0,0,67,0,130,78,21,33,3,0,5.3,2.0,2024-01-08,30.7,2024-03-23
6267X,2024-25,SALOBREÑA,GRANADA,20,150,150,87,1,0,0,75,0,118,70,28,40,5,0,5.9,1.8,2025-01-16,27.3,2024-12-07
6267X,2025-26,SALOBREÑA,GRANADA,20,145,145,93,3,0,0,54,0,109,51,37,29,6,0,5.4,2.3,2026-01-07,26.0,2025-11-08
6268Y,2020-21,"MOTRIL, PUERTO",GRANADA,3,149,149,48,3,0,0,39,0,95,41,18,26,23,0,6.2,4.5,2020-12-27,28.3,2020-11-06
6268Y,2021-22,"MOTRIL, PUERTO",GRANADA,3,151,151,58,0,0,0,48,0,90,34,18,22,18,0,7.7,6.3,2022-01-09,25.4,2021-12-28
6268Y,2022-23,"MOTRIL, PUERTO",GRANADA,3,151,151,47,1,0,0,38,0,110,63,13,30,13,0,6.8,4.4,2023-01-23,27.8,2022-11-04
6268Y,2023-24,"MOTRIL, PUERTO",GRANADA,3,149,149,50,0,0,0,40,0,111,57,19,16,7,0,7.4,5.7,2024-01-08,29.0,2024-03-21
6268Y,2024-25,"MOTRIL, PUERTO",GRANADA,3,151,151,44,0,0,0,41,0,118,64,25,40,3,0,7.8,5.6,2025-01-16,27.8,2024-12-07
6268Y,2025-26,"MOTRIL, PUERTO",GRANADA,3,134,134,43,0,0,0,38,0,88,38,38,29,7,0,7.9,6.3,2026-01-13,25.3,2025-11-08
6272X,2017-18,CASTELL DE FERRO,GRANADA,235,151,151,67,0,0,0,59,0,46,22,33,13,27,0,6.8,5.8,2018-02-05,23.8,2017-11-25
6272X,2018-19,CASTELL DE FERRO,GRANADA,235,150,150,50,0,0,0,46,0,59,24,20,9,17,0,7.9,6.9,2019-01-05,26.1,2019-03-17
6272X,2020-21,CASTELL DE FERRO,GRANADA,235,151,151,46,1,0,0,37,0,68,31,23,21,29,0,6.8,4.4,2021-01-10,27.5,2020-11-16
6272X,2021-22,CASTELL DE FERRO,GRANADA,235,151,151,38,0,0,0,33,0,58,18,25,10,20,0,8.4,6.7,2022-01-04,23.3,2021-11-02
6272X,2022-23,CASTELL DE FERRO,GRANADA,235,151,151,33,0,0,0,28,0,85,52,13,18,27,0,7.1,5.7,2023-01-24,29.2,2023-03-31
6272X,2023-24,CASTELL DE FERRO,GRANADA,235,152,152,27,0,0,0,20,0,84,51,22,12,9,0,9.4,8.4,2024-03-09,27.2,2024-03-23
6272X,2024-25,CASTELL DE FERRO,GRANADA,235,150,150,35,0,0,0,30,0,69,47,25,14,13,0,8.5,7.1,2025-01-15,24.8,2024-11-25
6272X,2025-26,CASTELL DE FERRO,GRANADA,235,151,151,48,2,0,0,36,0,63,21,41,20,14,0,7.8,4.9,2026-01-06,23.9,2025-11-12
6277B,2017-18,ADRA,ALMERIA,8,145,145,32,0,0,0,31,0,78,29,21,26,11,0,8.2,7.2,2018-02-05,25.1,2017-11-01
6277B,2018-19,ADRA,ALMERIA,8,130,130,21,0,0,0,20,0,87,29,7,23,11,0,9.2,8.3,2019-02-08,24.6,2019-03-17
6277B,2019-20,ADRA,ALMERIA,8,130,130,5,0,0,0,5,0,86,35,11,15,4,0,10.1,8.8,2020-01-20,28.4,2020-03-12
6277B,2020-21,ADRA,ALMERIA,8,137,137,24,0,0,0,24,0,85,53,7,15,19,0,8.2,6.8,2021-01-10,28.0,2020-11-06
6277B,2021-22,ADRA,ALMERIA,8,132,132,7,0,0,0,7,0,103,43,16,22,6,0,10.0,9.5,2021-12-15,25.1,2022-03-15
6277B,2025-26,ADRA,ALMERIA,8,138,138,6,0,0,0,6,0,89,41,30,15,10,0,10.0,8.7,2025-12-22,25.6,2025-11-03
6281X,2017-18,VÁLOR,GRANADA,1020,151,151,138,78,7,0,83,7,34,17,31,9,32,2,0.4,-1.6,2018-02-05,22.1,2017-11-24
6281X,2018-19,VÁLOR,GRANADA,1020,151,151,138,48,2,0,84,2,50,22,18,9,15,2,2.0,-0.9,2019-01-12,23.6,2018-12-03
6281X,2019-20,VÁLOR,GRANADA,1020,151,151,126,41,0,0,75,0,57,33,25,13,29,0,2.5,1.6,2020-01-05,25.9,2020-03-11
6281X,2020-21,VÁLOR,GRANADA,1020,150,150,117,54,6,0,78,6,50,28,14,9,41,3,0.6,-1.1,2021-01-03,24.9,2021-01-29
6281X,2021-22,VÁLOR,GRANADA,1020,151,151,135,53,1,0,77,1,29,16,27,9,22,1,1.6,-0.3,2022-01-19,24.4,2021-12-29
6281X,2023-24,VÁLOR,GRANADA,1020,152,152,111,41,0,0,74,0,67,52,20,13,10,0,3.0,1.9,2024-01-22,28.7,2024-03-18
6281X,2024-25,VÁLOR,GRANADA,1020,151,151,127,53,1,0,83,1,64,41,29,11,15,1,2.3,-0.3,2025-01-14,24.5,2024-12-07
6281X,2025-26,VÁLOR,GRANADA,1020,141,141,123,58,2,0,80,2,37,18,37,8,47,2,1.8,-1.4,2026-01-07,25.0,2025-11-12
6291B,2017-18,EL EJIDO,ALMERIA,98,151,151,78,0,0,0,66,0,98,63,22,28,9,0,6.7,5.5,2018-02-06,26.1,2017-12-29
6291B,2018-19,EL EJIDO,ALMERIA,98,151,151,64,0,0,0,56,0,129,81,13,34,4,0,7.4,5.8,2019-01-13,26.7,2018-12-04
6291B,2019-20,EL EJIDO,ALMERIA,98,135,135,39,0,0,0,33,0,116,77,11,21,3,0,8.4,6.8,2020-01-14,30.5,2019-11-01
6291B,2020-21,EL EJIDO,ALMERIA,98,151,151,51,0,0,0,44,0,122,76,15,26,14,0,6.5,5.0,2021-01-03,29.0,2020-11-06
6291B,2021-22,EL EJIDO,ALMERIA,98,135,135,44,0,0,0,36,0,115,61,17,32,5,0,8.1,7.1,2022-01-18,26.1,2021-12-27
6291B,2022-23,EL EJIDO,ALMERIA,98,151,151,40,0,0,0,34,0,125,98,4,31,5,0,7.4,5.9,2023-01-23,30.8,2023-03-31
6291B,2023-24,EL EJIDO,ALMERIA,98,152,152,33,0,0,0,30,0,138,103,5,46,3,0,8.6,7.7,2024-01-08,30.2,2024-03-22
6291B,2024-25,EL EJIDO,ALMERIA,98,151,151,36,0,0,0,32,0,133,91,8,40,3,0,8.4,6.8,2025-01-16,27.3,2024-11-20
6291B,2025-26,EL EJIDO,ALMERIA,98,150,150,47,0,0,0,41,0,116,78,13,45,7,0,7.4,5.4,2026-01-07,28.0,2025-11-02
6293X,2018-19,ROQUETAS DE MAR,ALMERIA,3,144,144,102,18,0,0,77,0,75,17,5,12,16,0,3.9,2.5,2019-02-04,22.9,2019-03-17
6293X,2019-20,ROQUETAS DE MAR,ALMERIA,3,142,142,99,8,0,0,67,0,87,19,6,26,11,0,4.7,3.7,2019-11-16,27.1,2019-11-01
6293X,2022-23,ROQUETAS DE MAR,ALMERIA,3,149,149,87,19,0,0,58,0,101,50,2,29,24,0,3.1,2.0,2023-01-23,24.8,2022-11-04
6293X,2023-24,ROQUETAS DE MAR,ALMERIA,3,141,141,95,8,0,0,66,0,101,35,6,16,11,0,4.9,3.7,2023-12-20,27.0,2024-03-23
6293X,2024-25,ROQUETAS DE MAR,ALMERIA,3,144,144,67,6,0,0,57,0,96,46,23,39,10,0,5.1,2.7,2025-01-15,25.0,2024-11-03
6293X,2025-26,ROQUETAS DE MAR,ALMERIA,3,149,149,95,11,0,0,61,0,75,22,8,21,21,0,4.4,2.3,2026-01-07,26.0,2025-11-13
6302A,2017-18,ABLA,ALMERIA,869,150,150,145,71,8,0,90,8,51,29,28,11,20,4,-0.1,-1.0,2017-12-05,24.3,2017-11-23
6302A,2019-20,ABLA,ALMERIA,869,148,148,125,45,0,0,80,0,69,43,19,9,19,0,2.1,0.9,2020-01-13,27.0,2020-02-04
6302A,2020-21,ABLA,ALMERIA,869,147,147,128,45,4,0,81,4,61,40,14,10,20,2,0.9,-1.0,2020-12-27,27.3,2021-01-29
6302A,2021-22,ABLA,ALMERIA,869,150,150,142,63,5,0,85,5,46,24,25,9,20,4,1.1,-1.1,2022-01-19,27.8,2021-12-29
6302A,2022-23,ABLA,ALMERIA,869,133,133,111,45,10,1,78,8,66,43,11,26,19,4,-0.3,-3.4,2023-01-24,29.6,2023-03-30
6302A,2023-24,ABLA,ALMERIA,869,140,140,113,38,0,0,74,0,80,56,16,13,9,0,2.9,0.2,2023-12-17,30.0,2024-03-18
6302A,2024-25,ABLA,ALMERIA,869,151,151,136,60,1,0,84,1,63,42,7,7,13,1,1.6,-0.7,2025-01-14,26.2,2024-11-30
6302A,2025-26,ABLA,ALMERIA,869,150,150,138,69,3,0,86,3,47,27,32,16,33,2,1.7,-1.4,2026-01-07,26.1,2025-11-12
6307C,2023-24,"LAÚJAR, PARQUE NACIONAL SIERRA NEVADA",ALMERIA,1713,152,152,131,82,20,1,83,11,33,18,0,9,34,3,-1.4,-3.2,2024-02-28,23.3,2023-12-11
6307C,2024-25,"LAÚJAR, PARQUE NACIONAL SIERRA NEVADA",ALMERIA,1713,151,151,146,97,38,1,87,29,8,0,0,2,103,7,-1.7,-3.9,2025-01-14,19.6,2024-11-29
6307C,2025-26,"LAÚJAR, PARQUE NACIONAL SIERRA NEVADA",ALMERIA,1713,151,151,150,116,48,6,90,37,5,1,0,2,96,11,-2.8,-6.3,2026-01-06,20.4,2025-11-12
6307X,2018-19,LÁUJAR DE ANDARAX,ALMERIA,1510,151,151,143,93,15,1,82,10,22,6,13,9,59,4,-1.1,-3.5,2019-01-11,22.7,2018-12-03
6307X,2019-20,LÁUJAR DE ANDARAX,ALMERIA,1510,150,150,141,82,7,0,84,4,29,10,23,4,31,3,0.0,-2.5,2020-01-20,22.6,2020-03-11
6307X,2020-21,LÁUJAR DE ANDARAX,ALMERIA,1510,150,150,143,90,23,5,86,20,22,7,19,5,44,10,-2.3,-4.6,2021-01-10,21.9,2020-11-02
6307X,2023-24,LÁUJAR DE ANDARAX,ALMERIA,1510,152,152,126,71,10,0,82,5,46,21,21,12,20,3,-0.2,-1.2,2024-02-28,24.7,2023-12-11
6307X,2024-25,LÁUJAR DE ANDARAX,ALMERIA,1510,139,139,129,86,22,1,74,16,15,6,33,3,52,4,-0.7,-3.1,2025-01-14,21.9,2024-12-07
6307X,2025-26,LÁUJAR DE ANDARAX,ALMERIA,1510,148,148,140,102,29,2,84,22,13,2,45,4,89,6,-1.0,-4.4,2026-01-06,22.8,2025-11-12
6312E,2023-24,"RÁGOL, PARQUE NACIONAL SIERRA NEVADA",ALMERIA,601,142,142,87,7,0,0,60,0,89,58,16,14,10,0,5.1,3.3,2024-01-08,29.7,2024-03-19
6312E,2024-25,"RÁGOL, PARQUE NACIONAL SIERRA NEVADA",ALMERIA,601,151,151,101,12,0,0,70,0,75,47,27,23,14,0,4.7,2.9,2025-01-14,25.9,2024-12-07
6312E,2025-26,"RÁGOL, PARQUE NACIONAL SIERRA NEVADA",ALMERIA,601,151,151,117,14,0,0,74,0,55,32,26,13,30,0,4.3,0.9,2026-01-07,25.5,2025-11-12
6325O,2017-18,ALMERÍA AEROPUERTO,ALMERIA,21,151,151,91,1,0,0,74,0,76,29,19,28,11,0,5.8,4.8,2018-01-07,26.2,2017-11-02
6325O,2018-19,ALMERÍA AEROPUERTO,ALMERIA,21,151,151,86,2,0,0,68,0,106,36,8,31,11,0,6.2,4.8,2019-01-06,24.8,2019-03-25
6325O,2019-20,ALMERÍA AEROPUERTO,ALMERIA,21,152,152,75,0,0,0,62,0,99,47,15,28,12,0,7.2,5.6,2020-01-14,28.1,2020-03-12
6325O,2020-21,ALMERÍA AEROPUERTO,ALMERIA,21,151,151,62,4,0,0,51,0,103,54,12,26,20,0,6.1,3.8,2021-01-04,28.6,2020-11-06
6325O,2021-22,ALMERÍA AEROPUERTO,ALMERIA,21,151,151,67,0,0,0,56,0,98,41,16,22,15,0,7.3,6.1,2022-01-18,25.0,2021-11-01
6325O,2022-23,ALMERÍA AEROPUERTO,ALMERIA,21,151,151,58,1,0,0,45,0,110,60,9,30,11,0,5.8,4.8,2023-01-23,26.9,2022-11-12
6325O,2023-24,ALMERÍA AEROPUERTO,ALMERIA,21,152,152,55,1,0,0,47,0,116,59,13,31,7,0,7.7,4.9,2023-12-20,30.0,2024-03-22
6325O,2024-25,ALMERÍA AEROPUERTO,ALMERIA,21,151,151,50,0,0,0,45,0,119,63,16,39,4,0,8.0,5.7,2025-01-16,26.5,2024-11-01
6325O,2025-26,ALMERÍA AEROPUERTO,ALMERIA,21,150,150,54,0,0,0,38,0,97,47,21,21,9,0,7.5,5.4,2026-01-07,28.5,2025-11-13
6329X,2017-18,CABO DE GATA,ALMERIA,42,151,151,16,0,0,0,16,0,63,24,14,14,21,0,9.4,7.8,2018-01-28,24.0,2017-11-05
6329X,2018-19,CABO DE GATA,ALMERIA,42,151,151,4,0,0,0,3,0,78,21,8,14,15,0,10.4,9.4,2019-01-12,21.7,2018-11-03
6329X,2019-20,CABO DE GATA,ALMERIA,42,151,151,3,0,0,0,3,0,71,22,3,13,15,0,10.9,7.7,2020-01-20,25.1,2019-11-01
6329X,2020-21,CABO DE GATA,ALMERIA,42,151,151,15,0,0,0,14,0,75,26,0,26,26,0,8.9,7.9,2021-01-07,27.2,2020-11-06
6329X,2021-22,CABO DE GATA,ALMERIA,42,151,151,2,0,0,0,2,0,68,17,8,22,17,0,10.8,9.7,2022-01-03,21.9,2022-03-14
6329X,2022-23,CABO DE GATA,ALMERIA,42,134,134,11,0,0,0,10,0,78,21,3,14,15,0,9.3,6.2,2023-01-24,22.8,2023-03-16
6329X,2023-24,CABO DE GATA,ALMERIA,42,150,150,0,0,0,0,0,0,88,27,0,15,11,0,11.6,10.9,2023-12-12,25.9,2024-03-23
6329X,2024-25,CABO DE GATA,ALMERIA,42,151,151,1,0,0,0,1,0,89,39,14,40,8,0,11.4,9.4,2025-01-14,25.5,2024-11-04
6329X,2025-26,CABO DE GATA,ALMERIA,42,151,151,4,0,0,0,4,0,69,33,25,30,9,0,10.4,7.5,2026-01-06,28.7,2025-12-26
6332Y,2021-22,CARBONERAS,ALMERIA,222,151,151,31,0,0,0,24,0,39,6,23,8,20,0,9.1,8.3,2021-11-28,23.8,2021-11-01
6332Y,2022-23,CARBONERAS,ALMERIA,222,151,151,32,1,0,0,27,0,69,40,10,18,37,0,7.2,3.8,2023-01-24,27.4,2023-03-31
6332Y,2023-24,CARBONERAS,ALMERIA,222,152,152,13,0,0,0,9,0,88,35,7,24,9,0,9.8,8.4,2024-01-08,24.6,2023-11-15
6332Y,2024-25,CARBONERAS,ALMERIA,222,137,137,15,0,0,0,12,0,63,28,11,25,15,0,9.5,8.2,2025-01-16,23.1,2024-11-01
6335O,2023-24,"NACIMIENTO, PARQUE NACIONAL SIERRA NEVADA",ALMERIA,970,152,152,116,45,0,0,79,0,58,43,19,12,19,0,2.7,1.1,2023-12-18,28.8,2024-03-18
6335O,2024-25,"NACIMIENTO, PARQUE NACIONAL SIERRA NEVADA",ALMERIA,970,151,151,131,60,0,0,81,0,42,20,27,5,22,0,2.2,0.1,2025-01-14,23.6,2024-12-18
6335O,2025-26,"NACIMIENTO, PARQUE NACIONAL SIERRA NEVADA",ALMERIA,970,151,151,139,76,3,0,86,3,32,14,34,8,62,2,1.6,-2.1,2026-01-06,24.1,2025-11-12
6340X,2017-18,GARRUCHA,ALMERIA,28,151,151,81,5,0,0,62,0,74,36,14,13,15,0,5.3,3.8,2018-01-08,24.7,2018-03-10
6340X,2018-19,GARRUCHA,ALMERIA,28,151,151,88,3,0,0,67,0,92,43,11,26,33,0,6.2,2.8,2019-01-12,27.7,2019-03-17
6340X,2019-20,GARRUCHA,ALMERIA,28,152,152,56,0,0,0,47,0,64,33,16,14,35,0,6.7,5.0,2020-01-13,28.0,2019-11-01
6340X,2020-21,GARRUCHA,ALMERIA,28,150,150,63,4,0,0,48,0,71,32,12,23,23,0,5.6,2.8,2020-12-27,26.4,2020-11-16
6340X,2021-22,GARRUCHA,ALMERIA,28,151,151,67,4,0,0,52,0,50,20,29,12,20,0,5.7,4.1,2022-01-18,27.3,2021-11-01
6340X,2022-23,GARRUCHA,ALMERIA,28,151,151,59,5,0,0,48,0,83,52,9,18,33,0,5.3,3.6,2023-01-25,27.1,2022-11-17
6340X,2023-24,GARRUCHA,ALMERIA,28,150,150,48,0,0,0,41,0,90,51,8,12,9,0,7.0,5.5,2024-01-08,28.0,2023-11-02
6340X,2024-25,GARRUCHA,ALMERIA,28,151,151,48,2,0,0,45,0,95,53,14,25,11,0,6.8,3.9,2025-01-15,26.3,2024-12-07
6340X,2025-26,GARRUCHA,ALMERIA,28,149,149,97,11,0,0,62,0,81,48,20,21,20,0,4.4,2.8,2026-03-30,26.6,2026-01-29
6364X,2017-18,ALBOX,ALMERIA,508,151,151,129,47,0,0,82,0,79,55,14,26,16,0,1.2,0.3,2018-02-09,28.2,2018-03-28
6364X,2018-19,ALBOX,ALMERIA,508,151,151,132,37,1,0,83,1,85,62,13,24,10,1,3.1,-0.5,2019-01-11,26.7,2019-02-28
6364X,2019-20,ALBOX,ALMERIA,508,120,120,95,23,0,0,77,0,62,46,10,10,11,0,3.6,2.1,2020-01-02,27.7,2020-02-04
6364X,2020-21,ALBOX,ALMERIA,508,148,148,117,32,1,0,76,1,79,50,15,15,20,1,2.2,-0.4,2020-12-27,28.6,2021-01-29
6364X,2021-22,ALBOX,ALMERIA,508,151,151,131,30,0,0,80,0,63,44,6,11,18,0,3.0,1.0,2022-01-18,25.2,2022-02-03
6364X,2022-23,ALBOX,ALMERIA,508,151,151,102,30,2,0,76,2,93,72,8,27,17,2,2.0,-0.4,2023-01-24,32.5,2023-03-30
6364X,2023-24,ALBOX,ALMERIA,508,152,152,98,14,0,0,69,0,113,79,5,31,9,0,4.4,2.4,2023-12-18,31.2,2023-11-14
6364X,2024-25,ALBOX,ALMERIA,508,151,151,108,20,0,0,80,0,89,54,19,22,10,0,3.8,1.4,2025-01-15,26.2,2024-12-06
6364X,2025-26,ALBOX,ALMERIA,508,147,147,121,23,0,0,79,0,67,44,22,17,23,0,3.7,1.5,2026-01-18,25.7,2025-11-02
6367B,2017-18,HUÉRCAL-OVERA,ALMERIA,300,144,144,122,59,3,0,82,3,79,55,19,26,16,1,0.3,-1.2,2017-12-04,26.7,2018-03-09
6367B,2018-19,HUÉRCAL-OVERA,ALMERIA,300,150,150,135,62,3,0,86,3,95,62,9,26,10,3,1.1,-1.9,2019-01-12,26.5,2019-03-17
6367B,2019-20,HUÉRCAL-OVERA,ALMERIA,300,148,148,122,37,0,0,84,0,83,57,16,20,11,0,1.5,0.3,2020-01-13,29.2,2020-03-11
6367B,2020-21,HUÉRCAL-OVERA,ALMERIA,300,150,150,124,38,3,0,78,3,91,56,13,20,20,1,1.4,-2.5,2020-12-27,27.9,2020-11-16
6367B,2021-22,HUÉRCAL-OVERA,ALMERIA,300,138,138,118,43,1,0,80,1,62,33,5,10,13,1,0.7,-0.1,2022-01-19,25.2,2021-12-29
6367B,2022-23,HUÉRCAL-OVERA,ALMERIA,300,150,150,111,43,5,0,81,4,103,72,11,32,14,2,0.1,-1.4,2023-01-29,31.8,2023-03-26
6367B,2023-24,HUÉRCAL-OVERA,ALMERIA,300,151,151,108,31,0,0,76,0,119,79,2,29,6,0,2.2,0.0,2023-12-19,29.8,2023-11-14
6367B,2024-25,HUÉRCAL-OVERA,ALMERIA,300,149,149,111,35,1,0,84,1,95,71,18,22,8,1,1.6,-1.5,2025-01-15,28.3,2024-12-06
6367B,2025-26,HUÉRCAL-OVERA,ALMERIA,300,151,151,126,36,0,0,81,0,75,46,21,20,20,0,2.5,1.2,2025-11-22,26.5,2025-11-02
6375X,2017-18,FUENTE DE PIEDRA,MALAGA,420,151,151,138,98,29,2,86,29,29,16,40,12,57,7,-1.7,-3.9,2018-02-09,25.1,2017-11-24
6375X,2018-19,FUENTE DE PIEDRA,MALAGA,420,151,151,139,80,16,0,88,16,57,25,16,11,24,10,-1.6,-2.7,2019-01-14,25.3,2019-03-11
6375X,2019-20,FUENTE DE PIEDRA,MALAGA,420,121,121,108,56,12,0,59,9,43,23,30,9,25,6,-0.8,-1.7,2020-01-11,28.8,2020-03-12
6375X,2020-21,FUENTE DE PIEDRA,MALAGA,420,149,149,127,56,16,7,81,15,51,30,34,17,36,8,-2.6,-4.5,2021-01-03,27.8,2020-11-02
6375X,2021-22,FUENTE DE PIEDRA,MALAGA,420,151,151,135,84,14,0,82,12,47,21,34,11,25,3,-1.1,-2.4,2022-01-09,23.9,2021-12-30
6375X,2022-23,FUENTE DE PIEDRA,MALAGA,420,151,151,125,63,22,8,78,17,68,44,22,15,33,8,-3.0,-4.7,2023-01-27,28.1,2023-03-12
6375X,2023-24,FUENTE DE PIEDRA,MALAGA,420,152,152,126,66,16,2,81,13,59,37,36,13,20,6,-1.2,-3.5,2023-12-20,28.7,2024-03-19
6375X,2024-25,FUENTE DE PIEDRA,MALAGA,420,151,151,126,61,23,3,86,23,55,30,37,12,20,5,-1.5,-4.9,2025-01-16,24.3,2024-11-30
6375X,2025-26,FUENTE DE PIEDRA,MALAGA,420,140,140,121,56,8,1,82,6,35,21,54,9,35,2,-0.3,-3.7,2026-01-07,25.1,2026-02-24
7002Y,2017-18,ÁGUILAS,MURCIA,32,151,150,81,5,0,0,68,0,94,51,12,27,10,0,5.3,3.1,2018-02-07,26.0,2017-11-05
7002Y,2018-19,ÁGUILAS,MURCIA,32,151,151,86,4,0,0,68,0,102,51,9,28,12,0,5.8,3.5,2019-01-13,25.5,2018-12-16
7002Y,2019-20,ÁGUILAS,MURCIA,32,152,152,73,0,0,0,58,0,94,56,15,27,18,0,6.7,5.1,2020-01-13,29.3,2019-11-02
7002Y,2020-21,ÁGUILAS,MURCIA,32,151,151,61,8,0,0,47,0,101,63,11,32,20,0,4.8,2.0,2020-12-27,27.5,2020-11-06
7002Y,2021-22,ÁGUILAS,MURCIA,32,151,151,71,1,0,0,59,0,92,48,24,17,16,0,6.2,4.8,2022-01-18,31.0,2021-11-01
7002Y,2022-23,ÁGUILAS,MURCIA,32,151,151,58,5,0,0,50,0,108,74,11,31,28,0,5.2,3.8,2023-01-31,30.1,2023-03-31
7002Y,2023-24,ÁGUILAS,MURCIA,32,152,152,62,0,0,0,47,0,124,79,3,32,7,0,7.1,5.7,2023-12-19,31.0,2023-11-02
7002Y,2024-25,ÁGUILAS,MURCIA,32,151,151,59,2,0,0,53,0,113,59,17,39,8,0,6.5,3.1,2025-01-15,27.2,2024-11-20
7002Y,2025-26,ÁGUILAS,MURCIA,32,145,147,67,1,0,0,45,0,99,55,16,20,9,0,6.8,3.4,2026-01-07,27.5,2026-02-11
7007Y,2017-18,MAZARRÓN,MURCIA,66,144,144,78,2,0,0,67,0,91,53,14,20,9,0,5.5,4.4,2018-01-08,25.0,2017-12-29
7007Y,2018-19,MAZARRÓN,MURCIA,66,151,151,83,4,0,0,63,0,114,71,12,26,8,0,6.5,3.5,2019-01-12,24.4,2019-03-13
7007Y,2019-20,MAZARRÓN,MURCIA,66,152,152,69,1,0,0,52,0,106,63,15,24,9,0,6.7,4.7,2020-01-20,28.5,2019-11-01
7007Y,2020-21,MAZARRÓN,MURCIA,66,151,151,70,8,0,0,52,0,107,74,13,32,17,0,5.1,3.2,2020-12-27,27.8,2020-11-16
7007Y,2021-22,MAZARRÓN,MURCIA,66,148,149,69,0,0,0,59,0,92,50,25,17,12,0,6.7,5.1,2022-01-18,28.3,2021-11-01
7007Y,2022-23,MAZARRÓN,MURCIA,66,151,151,57,8,0,0,47,0,116,85,11,42,13,0,5.0,4.0,2023-02-28,29.3,2023-03-31
7007Y,2023-24,MAZARRÓN,MURCIA,66,152,152,65,0,0,0,51,0,131,93,3,26,3,0,7.3,6.0,2023-12-19,27.7,2023-11-15
7007Y,2024-25,MAZARRÓN,MURCIA,66,151,151,62,1,0,0,53,0,117,68,19,25,7,0,6.9,3.4,2025-01-15,25.5,2025-03-29
7007Y,2025-26,MAZARRÓN,MURCIA,66,148,149,73,2,0,0,48,0,95,44,17,20,8,0,7.0,2.0,2026-01-07,26.9,2025-11-02
7012C,2017-18,CARTAGENA,MURCIA,17,148,150,85,4,0,0,67,0,56,20,12,13,22,0,5.6,4.0,2017-12-18,24.8,2017-11-05
7012C,2018-19,CARTAGENA,MURCIA,17,150,150,85,7,0,0,64,0,64,13,12,8,16,0,5.3,3.7,2019-01-13,23.3,2019-03-13
7012C,2019-20,CARTAGENA,MURCIA,17,152,152,66,6,0,0,54,0,64,30,15,20,36,0,5.3,2.6,2020-01-14,26.6,2019-11-03
7012C,2020-21,CARTAGENA,MURCIA,17,151,151,66,9,0,0,53,0,64,30,12,23,31,0,4.8,1.9,2020-12-27,27.1,2020-11-16
7012C,2021-22,CARTAGENA,MURCIA,17,150,150,64,4,0,0,51,0,62,28,26,22,18,0,5.9,3.3,2022-01-30,26.7,2021-11-01
7012C,2022-23,CARTAGENA,MURCIA,17,149,151,63,9,0,0,53,0,92,60,15,30,31,0,4.2,3.0,2023-01-31,27.5,2022-11-01
7012C,2023-24,CARTAGENA,MURCIA,17,152,152,52,2,0,0,43,0,102,60,3,15,7,0,5.8,4.3,2023-12-19,26.1,2023-11-15
7012C,2024-25,CARTAGENA,MURCIA,17,143,144,54,5,0,0,50,0,86,44,13,38,9,0,5.6,3.4,2025-01-15,26.0,2025-03-29
7012C,2025-26,CARTAGENA,MURCIA,17,151,151,62,2,0,0,42,0,76,35,19,20,13,0,6.2,4.2,2026-01-06,27.7,2025-11-02
7012D,2017-18,CARTAGENA,MURCIA,56,151,151,126,40,0,0,86,0,73,44,14,25,19,0,1.5,0.3,2017-12-04,25.0,2017-11-05
7012D,2018-19,CARTAGENA,MURCIA,56,151,151,128,31,2,0,85,2,88,39,13,20,11,2,3.1,-0.7,2019-01-12,25.0,2019-03-17
7012D,2019-20,CARTAGENA,MURCIA,56,152,152,117,20,0,0,80,0,75,48,16,20,21,0,3.2,1.7,2020-01-13,28.0,2019-11-01
7012D,2020-21,CARTAGENA,MURCIA,56,150,150,102,27,2,0,72,2,83,40,13,32,17,1,0.8,-0.9,2020-12-27,27.4,2020-11-16
7012D,2021-22,CARTAGENA,MURCIA,56,145,147,109,25,0,0,78,0,63,29,29,10,18,0,3.3,0.3,2022-01-30,28.4,2021-11-01
7012D,2022-23,CARTAGENA,MURCIA,56,151,151,99,27,0,0,69,0,93,64,16,30,16,0,1.6,0.1,2023-03-01,27.6,2023-03-31
7012D,2023-24,CARTAGENA,MURCIA,56,152,152,99,18,0,0,69,0,109,73,5,19,8,0,4.3,1.3,2023-12-19,27.1,2023-11-12
7012D,2024-25,CARTAGENA,MURCIA,56,151,151,88,17,0,0,76,0,90,57,20,25,8,0,3.5,0.8,2025-01-15,26.8,2024-12-06
7012D,2025-26,CARTAGENA,MURCIA,56,151,151,103,13,0,0,66,0,70,37,18,20,29,0,4.5,1.1,2026-01-07,27.1,2025-11-02
7019X,2022-23,CARTAGENA/SALINAS CABO PALOS,MURCIA,3,146,146,69,19,0,0,49,0,80,50,14,18,32,0,3.8,1.5,2023-01-31,26.8,2023-03-31
7019X,2023-24,CARTAGENA/SALINAS CABO PALOS,MURCIA,3,152,152,65,6,0,0,51,0,89,54,7,18,11,0,5.3,3.8,2023-12-16,26.1,2023-11-12
7019X,2024-25,CARTAGENA/SALINAS CABO PALOS,MURCIA,3,151,151,66,6,0,0,60,0,78,36,17,38,11,0,5.3,3.7,2024-12-22,25.2,2024-11-09
7019X,2025-26,CARTAGENA/SALINAS CABO PALOS,MURCIA,3,151,151,78,4,0,0,51,0,56,25,21,20,25,0,5.5,3.9,2025-11-28,25.5,2025-11-02
7020C,2019-20,MURCIA AEROPUERTO,MURCIA,205,152,152,109,18,0,0,76,0,72,46,0,23,21,0,3.5,2.0,2020-01-13,28.4,2020-03-11
7020C,2020-21,MURCIA AEROPUERTO,MURCIA,205,149,151,95,18,0,0,70,0,76,47,5,21,23,0,2.8,0.1,2020-12-27,26.7,2021-01-29
7020C,2021-22,MURCIA AEROPUERTO,MURCIA,205,149,151,106,18,0,0,75,0,64,25,26,10,18,0,4.3,2.0,2022-01-17,27.1,2021-11-01
7020C,2022-23,MURCIA AEROPUERTO,MURCIA,205,151,151,104,24,0,0,75,0,88,64,12,26,14,0,3.1,1.5,2023-02-03,30.5,2023-03-31
7020C,2023-24,MURCIA AEROPUERTO,MURCIA,205,151,151,87,8,0,0,63,0,102,68,4,31,6,0,5.0,2.8,2023-12-19,29.2,2024-03-18
7020C,2024-25,MURCIA AEROPUERTO,MURCIA,205,151,151,88,6,0,0,73,0,78,51,15,24,11,0,5.1,0.5,2025-01-15,25.5,2025-01-27
7020C,2025-26,MURCIA AEROPUERTO,MURCIA,205,151,151,110,9,0,0,74,0,65,38,20,19,29,0,4.9,2.7,2026-01-06,25.9,2025-11-02
7023X,2017-18,FUENTE ÁLAMO DE MURCIA,MURCIA,140,151,151,114,37,0,0,83,0,80,52,11,12,17,0,2.7,0.1,2017-12-18,26.0,2018-03-28
7023X,2018-19,FUENTE ÁLAMO DE MURCIA,MURCIA,140,151,151,128,36,1,0,84,1,96,57,14,24,10,1,2.8,-0.4,2019-01-12,28.2,2019-03-17
7023X,2019-20,FUENTE ÁLAMO DE MURCIA,MURCIA,140,152,152,109,23,0,0,76,0,82,63,16,23,19,0,3.3,1.5,2020-01-06,29.3,2020-03-11
7023X,2020-21,FUENTE ÁLAMO DE MURCIA,MURCIA,140,151,151,103,24,1,0,69,1,98,60,14,23,20,1,2.2,-0.6,2021-01-04,27.8,2021-01-29
7023X,2021-22,FUENTE ÁLAMO DE MURCIA,MURCIA,140,151,151,107,27,0,0,74,0,74,37,28,12,18,0,2.7,0.0,2022-01-30,27.9,2021-11-01
7023X,2022-23,FUENTE ÁLAMO DE MURCIA,MURCIA,140,150,151,99,26,1,0,75,1,96,79,12,26,14,1,1.8,-0.4,2023-01-29,31.1,2023-03-31
7023X,2023-24,FUENTE ÁLAMO DE MURCIA,MURCIA,140,152,152,101,22,0,0,71,0,118,83,8,32,9,0,4.0,1.2,2023-12-27,30.7,2024-03-18
7023X,2024-25,FUENTE ÁLAMO DE MURCIA,MURCIA,140,151,151,92,24,1,0,77,1,98,66,14,24,8,1,3.4,-1.1,2025-01-15,26.5,2024-12-06
7023X,2025-26,FUENTE ÁLAMO DE MURCIA,MURCIA,140,151,151,115,23,0,0,76,0,83,47,20,19,19,0,4.2,3.4,2025-12-27,27.4,2025-11-02
7026X,2017-18,TORRE-PACHECO,MURCIA,50,151,151,122,40,1,0,83,1,89,56,13,27,10,1,2.0,-0.7,2017-12-04,26.2,2018-03-29
7026X,2018-19,TORRE-PACHECO,MURCIA,50,151,151,129,33,1,0,83,1,97,65,12,21,10,1,3.2,-0.7,2019-01-12,28.1,2019-03-17
7026X,2019-20,TORRE-PACHECO,MURCIA,50,152,152,115,21,0,0,79,0,89,62,14,24,18,0,3.5,1.6,2020-01-13,28.4,2019-11-01
7026X,2020-21,TORRE-PACHECO,MURCIA,50,151,151,108,20,1,0,73,1,96,57,14,32,17,1,2.6,-0.7,2021-01-04,27.3,2020-11-16
7026X,2021-22,TORRE-PACHECO,MURCIA,50,151,151,113,25,0,0,78,0,77,41,31,11,18,0,3.4,0.9,2022-01-17,27.6,2021-11-01
7026X,2022-23,TORRE-PACHECO,MURCIA,50,151,151,103,27,0,0,73,0,103,73,16,27,16,0,1.9,0.4,2023-01-29,29.9,2023-03-31
7026X,2023-24,TORRE-PACHECO,MURCIA,50,152,152,99,15,0,0,69,0,123,81,5,33,9,0,4.2,1.3,2023-12-19,30.4,2024-03-18
7026X,2024-25,TORRE-PACHECO,MURCIA,50,151,151,95,19,0,0,76,0,100,65,18,25,9,0,3.3,0.2,2025-01-15,25.8,2024-12-07
7026X,2025-26,TORRE-PACHECO,MURCIA,50,150,150,111,13,0,0,75,0,87,47,20,20,18,0,4.6,2.8,2026-01-07,27.5,2025-11-02
7031,2017-18,SAN JAVIER AEROPUERTO,MURCIA,4,151,151,112,32,2,0,79,2,82,45,13,13,9,2,2.0,-1.0,2017-12-05,26.0,2017-11-12
7031,2018-19,SAN JAVIER AEROPUERTO,MURCIA,4,151,151,120,36,1,0,83,1,85,41,10,21,10,1,2.2,-0.7,2019-01-12,27.0,2019-03-17
7031,2019-20,SAN JAVIER AEROPUERTO,MURCIA,4,152,152,105,16,0,0,72,0,77,53,17,20,21,0,3.2,1.0,2020-01-14,29.0,2019-11-01
7031,2020-21,SAN JAVIER AEROPUERTO,MURCIA,4,151,151,94,25,1,0,72,1,80,47,12,22,17,1,2.2,-2.0,2021-01-04,27.5,2020-11-16
7031,2021-22,SAN JAVIER AEROPUERTO,MURCIA,4,151,151,106,28,1,0,72,1,62,33,30,22,20,1,2.5,-0.1,2022-01-18,27.0,2021-11-01
7031,2022-23,SAN JAVIER AEROPUERTO,MURCIA,4,151,151,99,43,1,0,69,1,82,55,16,18,17,1,1.1,-1.0,2023-02-04,29.2,2023-03-31
7031,2023-24,SAN JAVIER AEROPUERTO,MURCIA,4,152,152,109,30,0,0,74,0,103,67,6,18,10,0,1.8,0.5,2023-12-19,27.8,2023-11-12
7031,2024-25,SAN JAVIER AEROPUERTO,MURCIA,4,151,151,93,23,0,0,72,0,89,52,21,38,10,0,2.5,0.5,2025-01-16,26.0,2024-11-20
7031,2025-26,SAN JAVIER AEROPUERTO,MURCIA,4,151,151,105,26,0,0,71,0,68,37,21,20,19,0,3.6,1.5,2025-11-28,27.0,2025-11-02
7031X,2017-18,SAN JAVIER AEROPUERTO,MURCIA,4,149,150,120,40,2,0,79,2,86,54,13,28,9,2,2.2,-0.4,2017-12-04,26.7,2017-11-12
7031X,2018-19,SAN JAVIER AEROPUERTO,MURCIA,4,151,151,123,31,1,0,83,1,101,59,10,23,10,1,3.0,-0.8,2019-01-12,26.2,2019-03-17
7031X,2019-20,SAN JAVIER AEROPUERTO,MURCIA,4,150,150,102,16,0,0,73,0,92,60,18,26,18,0,3.2,1.3,2020-01-14,29.5,2019-11-01
7031X,2020-21,SAN JAVIER AEROPUERTO,MURCIA,4,149,150,93,21,1,0,71,1,93,58,12,32,16,1,2.8,-1.2,2021-01-04,28.5,2020-11-16
7031X,2021-22,SAN JAVIER AEROPUERTO,MURCIA,4,149,150,103,23,0,0,71,0,69,40,31,23,20,0,2.9,0.4,2022-01-18,27.7,2021-11-01
7031X,2022-23,SAN JAVIER AEROPUERTO,MURCIA,4,149,151,98,31,0,0,69,0,85,57,15,27,17,0,1.4,0.6,2023-01-29,28.4,2023-03-31
7031X,2023-24,SAN JAVIER AEROPUERTO,MURCIA,4,152,152,96,17,0,0,65,0,109,69,6,32,8,0,3.1,1.0,2023-12-19,28.0,2023-11-12
7031X,2024-25,SAN JAVIER AEROPUERTO,MURCIA,4,147,148,87,20,0,0,73,0,95,58,21,38,10,0,3.2,0.4,2025-01-16,26.6,2024-12-06
7031X,2025-26,SAN JAVIER AEROPUERTO,MURCIA,4,151,151,107,21,0,0,72,0,80,42,20,20,10,0,4.3,1.5,2026-01-07,27.6,2025-11-02
7066Y,2017-18,"YESTE, EMBALSE FUENSANTA",ALBACETE,680,148,148,139,103,37,8,86,33,47,31,31,13,20,8,-3.2,-5.1,2017-12-05,26.4,2017-11-20
7066Y,2018-19,"YESTE, EMBALSE FUENSANTA",ALBACETE,680,151,151,145,109,35,5,90,31,69,43,12,13,13,17,-2.7,-6.1,2019-01-11,28.5,2019-03-16
7066Y,2019-20,"YESTE, EMBALSE FUENSANTA",ALBACETE,680,150,150,133,76,17,1,86,16,44,30,29,8,30,5,-1.2,-3.2,2020-01-13,29.1,2020-03-11
7066Y,2020-21,"YESTE, EMBALSE FUENSANTA",ALBACETE,680,146,146,135,78,23,6,82,20,40,30,27,10,33,12,-2.5,-4.6,2021-01-12,29.1,2020-11-02
7066Y,2021-22,"YESTE, EMBALSE FUENSANTA",ALBACETE,680,151,151,147,87,17,8,89,17,37,17,33,8,26,8,-2.4,-4.9,2022-01-19,25.3,2022-02-18
7066Y,2022-23,"YESTE, EMBALSE FUENSANTA",ALBACETE,680,151,151,129,84,26,12,83,21,57,39,19,24,20,15,-3.2,-4.8,2023-01-29,29.3,2023-03-12
7066Y,2023-24,"YESTE, EMBALSE FUENSANTA",ALBACETE,680,152,152,131,72,23,4,84,21,67,46,19,13,12,7,-2.1,-4.2,2023-12-26,28.5,2024-03-19
7066Y,2024-25,"YESTE, EMBALSE FUENSANTA",ALBACETE,680,151,151,133,77,23,2,87,23,48,25,29,5,20,4,-2.1,-4.9,2025-01-14,25.7,2025-03-31
7066Y,2025-26,"YESTE, EMBALSE FUENSANTA",ALBACETE,680,150,150,138,80,15,0,86,11,41,22,43,8,50,2,-0.8,-2.4,2026-01-18,24.9,2026-02-24
7067Y,2017-18,NERPIO,ALBACETE,1485,151,151,151,144,104,51,90,70,2,0,47,1,80,36,-10.1,-14.8,2018-02-06,18.5,2017-11-03
7067Y,2018-19,NERPIO,ALBACETE,1485,144,144,144,139,95,47,83,64,8,1,26,4,36,21,-6.0,-8.4,2019-01-10,20.8,2018-12-24
7067Y,2019-20,NERPIO,ALBACETE,1485,150,150,149,138,62,20,89,45,11,3,42,4,54,16,-4.5,-6.6,2020-01-13,22.6,2020-03-11
7067Y,2021-22,NERPIO,ALBACETE,1485,150,150,149,144,87,42,90,60,10,3,43,6,58,14,-6.6,-8.8,2022-01-21,22.0,2021-12-30
7067Y,2022-23,NERPIO,ALBACETE,1485,151,151,149,129,75,36,89,56,19,8,30,4,78,28,-7.8,-9.8,2023-01-28,22.5,2023-03-29
7067Y,2023-24,NERPIO,ALBACETE,1485,151,151,151,124,69,28,90,52,21,10,27,5,43,15,-5.2,-8.8,2023-12-03,22.6,2024-03-17
7067Y,2024-25,NERPIO,ALBACETE,1485,151,151,151,138,76,37,90,67,1,1,19,1,150,17,-6.2,-10.4,2025-01-14,20.7,2025-03-31
7067Y,2025-26,NERPIO,ALBACETE,1485,150,150,149,143,85,26,89,53,4,1,19,2,85,12,-5.3,-8.4,2026-01-07,20.9,2025-11-12
7072Y,2017-18,YESTE,ALBACETE,960,151,151,149,107,35,4,90,32,29,15,42,10,35,8,-2.4,-4.0,2018-02-23,22.6,2017-11-24
7072Y,2018-19,YESTE,ALBACETE,960,151,151,149,98,15,1,90,12,46,24,18,10,16,3,-0.5,-5.0,2019-01-11,25.2,2019-03-16
7072Y,2019-20,YESTE,ALBACETE,960,147,147,138,77,9,0,85,8,33,18,34,8,18,2,-0.2,-1.0,2019-12-29,27.0,2020-03-11
7072Y,2020-21,YESTE,ALBACETE,960,138,138,131,74,19,4,77,18,34,14,27,6,29,9,-2.5,-3.7,2020-12-26,26.1,2020-11-02
7072Y,2021-22,YESTE,ALBACETE,960,151,151,147,92,12,0,88,12,20,12,38,7,44,9,-1.4,-2.0,2022-01-21,23.5,2021-12-30
7072Y,2022-23,YESTE,ALBACETE,960,151,151,130,66,23,2,85,19,46,32,25,12,31,9,-1.8,-4.3,2023-01-28,26.7,2023-03-13
7072Y,2023-24,YESTE,ALBACETE,960,150,150,130,72,3,0,83,3,53,31,26,10,19,2,0.8,-1.6,2023-12-18,26.6,2024-03-18
7072Y,2024-25,YESTE,ALBACETE,960,150,150,141,82,12,1,88,12,35,16,29,5,36,4,-0.8,-3.7,2025-01-14,23.5,2024-11-30
7072Y,2025-26,YESTE,ALBACETE,960,150,150,146,94,6,0,87,5,25,11,50,5,69,2,0.2,-2.7,2026-01-06,24.0,2026-02-24
7080X,2017-18,MORATALLA,MURCIA,955,151,151,144,93,27,1,87,25,18,6,29,3,44,6,-1.8,-3.5,2018-02-23,22.6,2018-03-28
7080X,2018-19,MORATALLA,MURCIA,955,151,151,147,87,6,1,87,4,26,10,12,6,59,3,0.2,-4.5,2019-01-11,22.3,2019-03-12
7080X,2019-20,MORATALLA,MURCIA,955,152,152,140,71,3,0,86,3,26,12,26,7,51,1,0.5,-0.9,2020-01-20,25.5,2020-03-11
7080X,2020-21,MORATALLA,MURCIA,955,151,151,141,82,19,0,85,17,22,11,24,4,70,8,-1.1,-2.8,2021-01-05,24.4,2020-11-01
7080X,2021-22,MORATALLA,MURCIA,955,151,151,145,86,7,0,87,7,14,4,41,3,46,7,0.2,-1.3,2022-01-21,21.9,2022-02-02
7080X,2022-23,MORATALLA,MURCIA,955,150,151,127,62,17,4,85,14,38,22,17,12,40,5,-1.7,-3.9,2023-01-29,27.1,2023-03-30
7080X,2023-24,MORATALLA,MURCIA,955,152,152,127,67,2,0,82,2,48,31,14,10,21,1,1.1,-0.5,2023-12-03,26.7,2024-03-18
7080X,2024-25,MORATALLA,MURCIA,955,151,151,136,75,7,0,85,7,22,4,30,4,38,3,0.1,-2.1,2025-01-14,22.9,2025-03-31
7080X,2025-26,MORATALLA,MURCIA,955,151,151,148,91,6,1,88,3,21,8,40,6,76,2,0.2,-3.5,2026-01-06,21.8,2026-02-24
7096B,2017-18,HELLÍN,ALBACETE,605,151,151,143,80,11,0,89,10,31,18,27,9,56,3,-0.6,-1.8,2017-12-05,24.8,2018-03-28
7096B,2018-19,HELLÍN,ALBACETE,605,151,151,145,70,3,0,90,3,41,24,16,9,35,2,1.1,-2.0,2019-01-11,24.9,2019-03-15
7096B,2019-20,HELLÍN,ALBACETE,605,152,152,140,54,3,0,87,3,45,27,24,8,37,2,1.6,-1.0,2020-01-13,28.1,2020-03-11
7096B,2020-21,HELLÍN,ALBACETE,605,151,151,137,64,11,0,87,11,37,20,22,5,47,9,-0.2,-2.6,2021-01-12,26.6,2020-11-02
7096B,2021-22,HELLÍN,ALBACETE,605,151,151,147,63,7,0,89,7,24,13,22,6,29,5,0.6,-1.9,2022-01-19,24.7,2021-12-31
7096B,2022-23,HELLÍN,ALBACETE,605,147,147,122,55,12,0,84,10,56,35,9,13,26,4,-0.4,-2.0,2023-01-24,28.4,2023-03-30
7096B,2023-24,HELLÍN,ALBACETE,605,152,152,126,43,0,0,85,0,59,37,19,12,21,0,2.7,0.5,2023-12-27,26.7,2024-03-19
7096B,2024-25,HELLÍN,ALBACETE,605,151,151,120,51,4,0,85,4,43,23,22,7,23,2,1.2,-0.8,2025-01-14,23.8,2025-03-31
7096B,2025-26,HELLÍN,ALBACETE,605,133,133,124,46,1,0,75,1,34,20,25,7,46,1,2.1,-1.3,2026-01-06,24.5,2026-02-24
7103Y,2017-18,TOBARRA,ALBACETE,615,151,151,141,84,17,2,88,15,37,19,30,11,34,4,-1.3,-3.6,2017-12-05,25.5,2018-03-28
7103Y,2018-19,TOBARRA,ALBACETE,615,150,150,143,78,8,0,88,8,51,31,12,13,14,3,0.0,-2.9,2019-01-11,26.5,2019-03-15
7103Y,2019-20,TOBARRA,ALBACETE,615,150,150,133,59,2,0,83,2,50,29,27,9,22,1,1.2,-2.5,2020-01-13,29.8,2020-03-11
7103Y,2020-21,TOBARRA,ALBACETE,615,141,141,133,69,11,1,86,11,43,26,16,10,33,4,-0.8,-3.2,2021-01-06,25.2,2021-01-29
7103Y,2021-22,TOBARRA,ALBACETE,615,151,151,145,69,10,3,89,10,34,18,24,7,26,6,-1.2,-3.9,2022-01-19,25.4,2021-12-31
7103Y,2022-23,TOBARRA,ALBACETE,615,150,150,126,67,16,0,84,13,64,42,13,25,15,7,-1.0,-2.8,2023-01-29,29.2,2023-03-30
7103Y,2023-24,TOBARRA,ALBACETE,615,152,152,129,47,3,0,85,3,68,44,21,13,12,2,1.2,-1.2,2023-12-18,28.7,2024-03-19
7103Y,2024-25,TOBARRA,ALBACETE,615,151,151,125,58,9,0,87,9,54,30,8,9,20,3,-0.3,-2.6,2025-01-14,25.1,2025-03-31
7103Y,2025-26,TOBARRA,ALBACETE,615,151,151,142,65,2,0,88,2,41,23,18,7,50,2,1.9,-1.6,2026-01-06,24.3,2026-02-23
7119B,2017-18,CARAVACA DE LA CRUZ,MURCIA,643,151,151,149,107,25,4,90,23,47,19,21,5,21,5,-2.2,-4.6,2017-12-05,25.5,2018-03-28
7119B,2018-19,CARAVACA DE LA CRUZ,MURCIA,643,147,149,143,103,20,2,86,16,43,26,11,10,20,4,-1.4,-6.0,2019-01-11,26.4,2019-03-16
7119B,2019-20,CARAVACA DE LA CRUZ,MURCIA,643,150,152,143,79,8,0,87,6,60,35,22,13,32,2,-0.1,-1.5,2020-01-14,28.2,2020-03-11
7119B,2020-21,CARAVACA DE LA CRUZ,MURCIA,643,151,151,142,85,26,0,87,24,54,29,19,10,41,8,-1.8,-2.9,2020-12-31,26.2,2020-11-02
7119B,2021-22,CARAVACA DE LA CRUZ,MURCIA,643,146,151,139,83,14,1,85,13,41,27,33,7,19,7,-0.8,-3.5,2022-01-18,24.3,2021-11-01
7119B,2022-23,CARAVACA DE LA CRUZ,MURCIA,643,151,151,137,80,18,5,87,15,75,52,14,13,19,9,-1.9,-4.8,2023-01-29,31.1,2023-03-30
7119B,2023-24,CARAVACA DE LA CRUZ,MURCIA,643,152,152,139,72,9,0,87,9,81,59,13,13,13,3,-0.1,-1.9,2023-12-18,29.5,2024-03-18
7119B,2024-25,CARAVACA DE LA CRUZ,MURCIA,643,151,151,140,84,15,0,88,15,45,26,26,5,20,4,-0.9,-2.9,2025-01-14,23.9,2024-12-18
7119B,2025-26,CARAVACA DE LA CRUZ,MURCIA,643,151,151,146,96,13,0,88,9,44,25,29,10,47,3,-1.0,-2.7,2025-11-22,24.2,2025-11-02
7121A,2017-18,CALASPARRA,MURCIA,350,151,151,140,79,10,1,88,10,61,38,19,10,18,5,-0.4,-3.6,2017-12-05,27.2,2018-03-28
7121A,2018-19,CALASPARRA,MURCIA,350,151,151,141,82,10,0,88,10,64,38,13,13,16,4,-0.3,-2.7,2019-01-12,26.3,2019-03-10
7121A,2019-20,CALASPARRA,MURCIA,350,152,152,134,49,4,0,84,4,69,43,20,14,32,4,0.6,-1.6,2020-01-13,29.9,2020-03-11
7121A,2020-21,CALASPARRA,MURCIA,350,151,151,134,64,8,0,84,8,66,38,18,15,24,3,-0.5,-2.8,2020-12-27,28.6,2020-11-01
7121A,2021-22,CALASPARRA,MURCIA,350,146,148,129,64,8,0,83,8,52,30,27,10,19,6,-0.5,-2.7,2022-01-19,25.9,2021-12-31
7121A,2022-23,CALASPARRA,MURCIA,350,147,148,120,56,11,0,83,9,78,59,8,25,16,3,-0.5,-2.4,2023-01-29,31.8,2023-03-30
7121A,2023-24,CALASPARRA,MURCIA,350,152,152,127,45,3,0,85,3,92,62,9,13,10,1,1.0,-1.6,2023-12-27,30.2,2024-03-19
7121A,2024-25,CALASPARRA,MURCIA,350,151,151,122,45,4,1,89,4,72,45,24,17,11,2,0.5,-3.5,2025-01-15,25.8,2025-03-31
7121A,2025-26,CALASPARRA,MURCIA,350,151,151,134,46,0,0,85,0,64,36,29,19,46,0,1.9,0.3,2026-01-06,25.2,2026-02-11
7127X,2017-18,BULLAS,MURCIA,690,151,151,138,68,6,0,88,6,36,14,17,9,27,2,0.2,-1.5,2018-02-07,25.7,2018-03-28
7127X,2018-19,BULLAS,MURCIA,690,151,151,142,58,2,0,90,2,44,27,15,9,17,2,2.0,-2.2,2019-01-11,25.5,2019-03-16
7127X,2019-20,BULLAS,MURCIA,690,151,150,130,43,0,0,83,0,47,25,13,13,36,0,2.0,0.0,2020-01-20,28.3,2020-03-11
7127X,2020-21,BULLAS,MURCIA,690,151,151,130,49,7,0,81,7,47,21,12,10,42,2,0.1,-2.3,2021-01-12,26.3,2020-11-01
7127X,2021-22,BULLAS,MURCIA,690,151,151,142,56,0,0,84,0,31,18,34,6,26,0,1.9,0.3,2022-01-17,24.4,2021-12-31
7127X,2022-23,BULLAS,MURCIA,690,151,151,117,46,8,0,83,8,67,41,13,13,19,3,-0.1,-1.7,2023-02-28,29.3,2023-03-30
7127X,2023-24,BULLAS,MURCIA,690,152,152,119,33,0,0,81,0,68,47,8,12,21,0,3.2,1.3,2024-01-13,27.7,2024-03-18
7127X,2024-25,BULLAS,MURCIA,690,151,151,120,47,0,0,82,0,49,28,24,7,22,0,2.3,0.4,2025-01-14,24.2,2024-11-25
7127X,2025-26,BULLAS,MURCIA,690,149,149,139,45,1,0,84,1,37,19,31,7,23,1,2.1,-0.8,2026-01-06,23.5,2026-02-11
7138B,2017-18,JUMILLA,MURCIA,485,151,151,148,107,36,7,88,28,37,21,19,9,33,6,-2.5,-6.5,2017-12-05,25.7,2018-03-28
7138B,2018-19,JUMILLA,MURCIA,485,151,151,147,108,35,7,89,31,56,35,13,13,22,6,-2.9,-6.2,2019-01-11,26.6,2019-03-16
7138B,2019-20,JUMILLA,MURCIA,485,152,152,143,85,22,3,89,18,50,36,23,13,34,7,-1.9,-4.9,2020-01-13,29.5,2020-03-11
7138B,2020-21,JUMILLA,MURCIA,485,151,151,145,97,27,6,90,24,58,36,9,16,32,6,-2.9,-4.5,2021-01-04,28.1,2020-11-01
7138B,2021-22,JUMILLA,MURCIA,485,149,151,144,90,30,9,88,29,45,24,18,9,25,8,-4.2,-6.4,2022-01-18,25.6,2021-12-31
7138B,2022-23,JUMILLA,MURCIA,485,148,149,134,88,32,10,84,26,77,51,9,25,19,16,-3.5,-5.5,2023-01-24,30.6,2023-03-30
7138B,2023-24,JUMILLA,MURCIA,485,152,152,142,82,15,2,89,15,87,54,16,13,10,6,-1.6,-4.4,2023-12-19,29.2,2024-03-19
7138B,2024-25,JUMILLA,MURCIA,485,151,151,140,72,23,2,90,23,67,36,20,17,13,5,-2.2,-6.7,2025-01-15,25.1,2025-03-31
7138B,2025-26,JUMILLA,MURCIA,485,151,151,144,89,8,0,87,5,51,31,27,8,49,2,-0.1,-1.6,2025-11-21,24.5,2025-11-01
7145D,2017-18,CIEZA,MURCIA,265,151,150,139,76,12,1,87,12,68,36,19,10,17,5,-0.5,-3.7,2017-12-05,27.8,2018-03-28
7145D,2018-19,CIEZA,MURCIA,265,150,151,141,81,9,1,89,9,77,42,10,24,10,3,-0.4,-3.1,2019-01-12,27.4,2019-03-10
7145D,2019-20,CIEZA,MURCIA,265,151,152,132,54,6,0,82,6,74,49,18,13,20,3,0.8,-1.8,2020-01-13,30.5,2020-03-11
7145D,2020-21,CIEZA,MURCIA,265,144,148,124,54,10,0,80,10,83,55,16,21,23,4,-0.4,-2.7,2020-12-27,29.3,2020-11-01
7145D,2021-22,CIEZA,MURCIA,265,150,151,128,51,8,0,85,8,75,45,14,12,18,6,-0.4,-2.6,2022-01-20,26.1,2021-11-01
7145D,2022-23,CIEZA,MURCIA,265,151,151,119,54,7,0,82,7,97,68,13,28,13,2,0.1,-2.4,2023-01-29,32.9,2023-03-30
7145D,2023-24,CIEZA,MURCIA,265,152,152,118,43,2,0,82,2,114,81,7,31,10,1,1.5,-0.7,2023-12-19,31.8,2024-03-18
7145D,2024-25,CIEZA,MURCIA,265,151,151,117,45,3,0,88,3,88,65,19,24,10,2,0.9,-2.2,2025-01-15,26.8,2025-01-27
7145D,2025-26,CIEZA,MURCIA,265,151,151,132,45,0,0,82,0,87,58,15,20,26,0,2.7,0.5,2025-11-22,27.6,2025-11-02
7158X,2017-18,ARCHENA,MURCIA,150,150,150,110,23,0,0,76,0,81,62,17,15,10,0,3.1,0.7,2017-12-05,29.2,2018-03-28
7158X,2018-19,ARCHENA,MURCIA,150,151,151,109,17,0,0,73,0,99,62,9,24,9,0,3.8,1.2,2019-01-12,28.7,2019-02-28
7158X,2019-20,ARCHENA,MURCIA,150,152,152,94,12,0,0,67,0,81,64,17,25,18,0,4.5,3.0,2020-01-07,31.7,2020-03-11
7158X,2020-21,ARCHENA,MURCIA,150,151,151,93,18,0,0,66,0,102,69,14,25,20,0,3.8,0.3,2021-01-04,29.4,2020-11-01
7158X,2021-22,ARCHENA,MURCIA,150,148,148,94,15,0,0,65,0,83,53,3,12,18,0,3.3,1.0,2022-01-18,27.0,2022-02-02
7158X,2022-23,ARCHENA,MURCIA,150,151,151,96,23,0,0,74,0,108,76,11,29,10,0,3.0,0.6,2023-01-29,33.5,2023-03-30
7158X,2023-24,ARCHENA,MURCIA,150,152,152,81,7,0,0,57,0,120,90,8,31,9,0,5.0,2.2,2023-12-27,32.1,2024-03-18
7158X,2024-25,ARCHENA,MURCIA,150,151,151,84,13,0,0,70,0,102,72,16,24,10,0,4.0,1.6,2025-01-15,27.5,2025-01-27
7158X,2025-26,ARCHENA,MURCIA,150,151,151,104,6,0,0,70,0,89,61,23,19,26,0,5.4,2.7,2026-02-03,26.9,2025-11-01
7172X,2017-18,MULA,MURCIA,255,151,151,130,55,2,0,84,2,80,53,18,12,17,1,1.1,-1.1,2017-12-05,28.9,2018-03-28
7172X,2018-19,MULA,MURCIA,255,151,151,133,42,0,0,85,0,91,56,10,25,9,0,2.1,0.0,2019-01-11,29.6,2019-03-10
7172X,2019-20,MULA,MURCIA,255,152,152,123,29,0,0,79,0,76,55,16,13,13,0,3.3,1.0,2020-01-13,30.3,2020-03-11
7172X,2020-21,MULA,MURCIA,255,151,151,113,41,2,0,74,2,79,53,14,20,23,1,1.6,-0.2,2020-12-27,28.1,2020-11-01
7172X,2021-22,MULA,MURCIA,255,151,151,122,32,0,0,81,0,63,40,0,11,18,0,2.1,0.1,2022-01-19,26.7,2022-02-02
7172X,2022-23,MULA,MURCIA,255,151,151,110,34,2,0,77,2,91,67,10,27,13,1,1.4,-0.3,2023-01-29,31.9,2023-03-30
7172X,2023-24,MULA,MURCIA,255,152,152,107,28,0,0,72,0,107,78,10,31,10,0,3.6,1.7,2023-12-27,31.6,2024-03-18
7172X,2024-25,MULA,MURCIA,255,151,151,104,29,1,0,81,1,88,54,19,22,10,1,2.2,-0.8,2025-01-15,26.8,2025-01-27
7178I,2017-18,MURCIA,MURCIA,62,151,151,122,43,1,0,84,1,90,71,16,24,10,1,1.9,-0.6,2017-12-05,29.3,2018-03-28
7178I,2018-19,MURCIA,MURCIA,62,151,151,125,37,3,0,85,3,108,79,9,26,8,2,2.4,-1.4,2019-01-12,28.9,2019-03-17
7178I,2019-20,MURCIA,MURCIA,62,152,152,109,21,0,0,75,0,95,73,17,25,8,0,2.5,0.5,2020-01-06,31.9,2020-03-11
7178I,2020-21,MURCIA,MURCIA,62,151,151,100,30,3,0,70,3,106,77,15,26,20,2,1.6,-1.1,2021-01-04,28.7,2021-01-29
7178I,2021-22,MURCIA,MURCIA,62,151,151,105,26,1,0,74,1,83,58,28,17,18,1,2.1,-1.2,2022-01-17,27.6,2021-11-01
7178I,2022-23,MURCIA,MURCIA,62,151,151,99,33,2,0,73,2,112,82,12,29,11,2,1.3,-1.2,2023-02-03,33.0,2023-03-30
7178I,2023-24,MURCIA,MURCIA,62,152,152,93,20,0,0,67,0,126,101,12,33,9,0,3.6,0.7,2023-12-19,31.9,2024-03-18
7178I,2024-25,MURCIA,MURCIA,62,151,151,88,19,1,0,74,1,104,78,18,24,7,1,3.0,-0.5,2025-01-15,28.1,2025-01-27
7178I,2025-26,MURCIA,MURCIA,62,151,151,115,20,0,0,77,0,97,67,21,20,10,0,4.2,2.1,2026-01-07,27.3,2025-11-02
7195X,2017-18,"CARAVACA DE LA CRUZ, LOS ROYOS",MURCIA,985,151,150,151,126,43,15,90,38,21,7,18,7,44,7,-4.5,-6.5,2017-12-05,22.5,2018-03-28
7195X,2018-19,"CARAVACA DE LA CRUZ, LOS ROYOS",MURCIA,985,148,148,148,128,40,5,90,32,31,13,12,6,35,7,-2.5,-6.8,2019-01-11,22.4,2018-12-06
7195X,2019-20,"CARAVACA DE LA CRUZ, LOS ROYOS",MURCIA,985,152,152,146,104,26,0,89,20,29,12,21,7,37,5,-0.9,-2.3,2020-01-14,25.3,2020-03-11
7195X,2020-21,"CARAVACA DE LA CRUZ, LOS ROYOS",MURCIA,985,151,151,149,109,31,8,89,26,28,9,8,4,43,15,-3.0,-5.1,2021-01-12,24.4,2020-11-01
7195X,2021-22,"CARAVACA DE LA CRUZ, LOS ROYOS",MURCIA,985,151,151,150,111,31,6,90,28,16,10,31,6,56,10,-2.2,-7.2,2022-01-19,23.9,2021-12-30
7195X,2022-23,"CARAVACA DE LA CRUZ, LOS ROYOS",MURCIA,985,151,151,143,98,34,13,88,27,42,30,11,12,41,16,-3.5,-6.6,2023-01-28,27.0,2023-03-30
7195X,2023-24,"CARAVACA DE LA CRUZ, LOS ROYOS",MURCIA,985,152,152,149,97,22,3,91,19,50,33,13,12,21,5,-1.5,-4.8,2023-12-18,27.4,2024-03-18
7195X,2024-25,"CARAVACA DE LA CRUZ, LOS ROYOS",MURCIA,985,151,151,149,96,32,8,90,31,22,10,23,4,36,8,-3.0,-6.1,2025-01-15,22.0,2024-11-30
7195X,2025-26,"CARAVACA DE LA CRUZ, LOS ROYOS",MURCIA,985,151,151,148,118,21,2,88,12,22,6,35,5,63,3,-1.2,-4.6,2026-01-07,21.9,2026-02-24
7203A,2017-18,"LORCA, ZARCILLA DE RAMOS",MURCIA,646,143,143,140,82,22,2,84,20,49,33,16,10,19,6,-1.3,-4.8,2017-12-05,26.7,2018-03-28
7203A,2018-19,"LORCA, ZARCILLA DE RAMOS",MURCIA,646,149,150,147,90,15,2,90,13,68,39,11,13,12,4,-1.1,-3.3,2019-01-12,26.1,2019-02-28
7203A,2019-20,"LORCA, ZARCILLA DE RAMOS",MURCIA,646,152,152,140,72,7,0,88,6,58,37,18,8,25,3,0.1,-2.5,2020-01-13,29.2,2020-03-11
7203A,2020-21,"LORCA, ZARCILLA DE RAMOS",MURCIA,646,149,150,138,68,15,0,87,14,64,40,11,10,24,7,-1.2,-2.8,2020-12-26,28.4,2020-11-01
7203A,2021-22,"LORCA, ZARCILLA DE RAMOS",MURCIA,646,151,151,145,77,12,3,88,12,46,28,29,9,20,7,-1.1,-3.8,2022-01-20,26.5,2021-12-31
7203A,2022-23,"LORCA, ZARCILLA DE RAMOS",MURCIA,646,148,149,125,68,17,1,88,13,78,55,12,15,19,4,-1.3,-3.2,2023-01-29,31.5,2023-03-30
7203A,2023-24,"LORCA, ZARCILLA DE RAMOS",MURCIA,646,152,152,124,54,3,0,84,3,88,65,4,13,10,1,0.5,-1.9,2023-12-27,30.7,2024-03-18
7203A,2024-25,"LORCA, ZARCILLA DE RAMOS",MURCIA,646,151,151,127,67,6,0,86,6,64,40,23,11,22,3,0.5,-1.6,2025-01-13,24.6,2024-12-18
7203A,2025-26,"LORCA, ZARCILLA DE RAMOS",MURCIA,646,151,151,144,72,4,0,86,3,50,32,30,11,47,2,0.7,-0.7,2025-11-28,24.7,2025-11-02
7209,2017-18,LORCA,MURCIA,312,145,148,136,68,5,0,84,5,73,50,11,12,11,2,0.1,-1.8,2017-12-04,26.6,2018-03-28
7209,2018-19,LORCA,MURCIA,312,151,151,141,73,6,1,89,6,86,52,13,24,10,3,0.2,-3.4,2019-01-11,27.2,2019-03-17
7209,2019-20,LORCA,MURCIA,312,148,150,129,47,6,0,85,6,77,60,15,23,18,3,1.0,-1.2,2020-01-13,29.4,2020-03-11
7209,2020-21,LORCA,MURCIA,312,151,151,128,53,5,1,83,5,91,57,9,23,21,2,0.2,-3.4,2020-12-27,27.9,2020-11-01
7209,2021-22,LORCA,MURCIA,312,127,130,109,48,7,0,72,7,62,38,18,11,18,5,0.0,-1.4,2022-01-30,27.7,2021-11-01
7209,2022-23,LORCA,MURCIA,312,144,148,106,39,7,0,78,6,101,75,10,26,13,2,0.1,-1.5,2023-01-29,31.9,2023-03-31
7209,2023-24,LORCA,MURCIA,312,152,152,121,52,1,0,85,1,116,87,2,32,10,1,1.6,-0.1,2023-12-19,30.4,2024-03-18
7209,2024-25,LORCA,MURCIA,312,143,146,109,41,2,0,85,2,89,61,16,22,10,2,1.4,-2.7,2025-01-15,26.7,2024-12-06
7209,2025-26,LORCA,MURCIA,312,151,151,124,31,0,0,79,0,81,48,20,20,29,0,2.8,1.3,2025-11-28,27.0,2025-11-02
7211B,2017-18,PUERTO LUMBRERAS,MURCIA,445,151,151,122,38,0,0,85,0,68,48,15,12,17,0,2.4,1.3,2018-02-07,26.4,2018-01-04
7211B,2018-19,PUERTO LUMBRERAS,MURCIA,445,151,151,116,16,0,0,81,0,78,48,11,24,11,0,3.8,1.7,2019-01-12,26.3,2019-03-17
7211B,2019-20,PUERTO LUMBRERAS,MURCIA,445,152,152,113,15,0,0,73,0,76,54,17,23,18,0,4.1,2.1,2020-01-13,29.6,2020-03-11
7211B,2020-21,PUERTO LUMBRERAS,MURCIA,445,151,151,102,29,1,0,70,1,78,49,9,20,21,1,2.5,-0.2,2020-12-27,27.8,2021-01-29
7211B,2021-22,PUERTO LUMBRERAS,MURCIA,445,150,150,121,17,0,0,79,0,58,35,1,10,18,0,4.0,0.5,2022-01-18,26.8,2021-11-01
7211B,2022-23,PUERTO LUMBRERAS,MURCIA,445,147,148,94,25,0,0,73,0,90,66,12,20,15,0,2.6,1.6,2023-03-03,31.1,2023-03-31
7211B,2023-24,PUERTO LUMBRERAS,MURCIA,445,152,152,91,10,0,0,65,0,106,77,4,23,10,0,4.9,3.5,2024-01-08,30.1,2024-03-18
7211B,2024-25,PUERTO LUMBRERAS,MURCIA,445,151,151,102,8,0,0,79,0,79,52,19,21,11,0,4.9,1.5,2025-01-15,25.2,2024-12-06
7211B,2025-26,PUERTO LUMBRERAS,MURCIA,445,151,151,121,10,0,0,79,0,60,37,21,19,29,0,4.0,1.4,2026-01-07,26.8,2025-11-02
7218Y,2019-20,TOTANA,MURCIA,281,146,146,91,14,0,0,69,0,88,67,18,22,10,0,4.0,1.7,2020-01-13,30.2,2020-03-11
7218Y,2020-21,TOTANA,MURCIA,281,151,151,92,24,0,0,63,0,110,68,14,26,16,0,3.2,0.5,2020-12-27,28.3,2020-11-16
7218Y,2021-22,TOTANA,MURCIA,281,151,151,102,11,0,0,70,0,82,52,0,17,18,0,3.1,1.0,2022-01-18,27.1,2021-11-01
7218Y,2022-23,TOTANA,MURCIA,281,150,151,85,20,0,0,65,0,108,84,8,27,12,0,2.5,0.6,2023-01-29,31.5,2023-03-26
7218Y,2023-24,TOTANA,MURCIA,281,152,152,83,10,0,0,61,0,123,91,5,32,9,0,4.9,2.6,2023-12-19,30.9,2024-03-18
7218Y,2024-25,TOTANA,MURCIA,281,151,151,94,12,0,0,76,0,98,67,22,22,8,0,4.3,0.8,2025-01-15,25.9,2024-12-06
7218Y,2025-26,TOTANA,MURCIA,281,151,151,108,9,0,0,70,0,87,53,21,20,19,0,4.7,2.4,2026-01-06,28.1,2025-11-02
7227X,2017-18,ALHAMA DE MURCIA,MURCIA,157,151,151,130,60,8,0,87,8,81,65,15,10,11,4,0.0,-2.9,2017-12-05,27.9,2018-03-28
7227X,2018-19,ALHAMA DE MURCIA,MURCIA,157,151,151,137,67,7,0,87,7,95,62,12,24,10,4,0.8,-2.0,2019-01-12,28.0,2019-03-16
7227X,2019-20,ALHAMA DE MURCIA,MURCIA,157,152,152,131,46,2,0,84,2,80,62,19,23,20,1,0.9,-1.4,2020-01-13,30.5,2020-03-11
7227X,2020-21,ALHAMA DE MURCIA,MURCIA,157,151,151,123,50,6,1,81,6,94,67,13,24,20,2,0.5,-3.1,2020-12-27,28.8,2020-11-01
7227X,2021-22,ALHAMA DE MURCIA,MURCIA,157,151,151,128,55,8,0,85,8,76,44,30,13,19,6,-0.1,-2.8,2022-01-30,26.5,2021-11-01
7227X,2022-23,ALHAMA DE MURCIA,MURCIA,157,151,151,119,53,9,0,80,7,101,73,10,28,14,4,-0.2,-2.3,2023-02-01,32.9,2023-03-31
7227X,2023-24,ALHAMA DE MURCIA,MURCIA,157,152,152,117,40,2,0,80,2,119,86,6,31,10,1,0.8,-1.0,2023-12-19,31.1,2024-03-18
7227X,2024-25,ALHAMA DE MURCIA,MURCIA,157,151,151,113,42,6,1,87,6,97,74,20,24,8,2,0.6,-4.0,2025-01-15,26.7,2025-01-27
7227X,2025-26,ALHAMA DE MURCIA,MURCIA,157,151,151,125,47,0,0,78,0,84,56,21,19,19,0,2.2,0.3,2025-11-28,26.8,2025-11-02
7228,2017-18,"ALCANTARILLA, BASE AÉREA",MURCIA,75,151,151,132,61,7,1,87,7,85,67,15,14,11,2,0.1,-3.8,2017-12-05,29.0,2018-03-28
7228,2018-19,"ALCANTARILLA, BASE AÉREA",MURCIA,75,151,151,134,68,10,1,85,10,101,67,9,26,8,3,-0.3,-3.5,2019-01-12,28.9,2019-03-17
7228,2019-20,"ALCANTARILLA, BASE AÉREA",MURCIA,75,152,152,126,37,5,0,81,5,91,72,19,24,12,3,0.7,-1.6,2020-01-13,31.5,2020-03-11
7228,2020-21,"ALCANTARILLA, BASE AÉREA",MURCIA,75,151,151,121,52,8,0,80,8,107,71,13,30,20,5,-0.2,-3.0,2021-01-04,28.3,2020-11-01
7228,2021-22,"ALCANTARILLA, BASE AÉREA",MURCIA,75,151,151,119,46,8,0,80,8,84,53,32,17,18,6,-0.2,-2.4,2022-01-18,27.7,2021-11-01
7228,2022-23,"ALCANTARILLA, BASE AÉREA",MURCIA,75,151,151,114,52,9,0,79,8,102,75,12,29,14,4,-0.4,-2.5,2023-01-29,32.5,2023-03-30
7228,2023-24,"ALCANTARILLA, BASE AÉREA",MURCIA,75,152,152,113,36,3,0,75,3,125,99,9,32,9,2,1.1,-1.5,2023-12-19,31.7,2024-03-18
7228,2024-25,"ALCANTARILLA, BASE AÉREA",MURCIA,75,151,151,105,32,4,0,81,4,100,78,20,24,10,3,0.6,-2.7,2025-01-15,28.0,2025-01-27
7228,2025-26,"ALCANTARILLA, BASE AÉREA",MURCIA,75,151,151,118,40,0,0,76,0,90,66,22,20,26,0,3.0,1.2,2025-11-28,27.7,2025-11-02
7237E,2017-18,MOLINA DE SEGURA,MURCIA,170,151,151,125,44,2,0,80,2,75,40,18,10,17,1,1.7,-0.3,2017-12-05,28.3,2018-03-28
7237E,2018-19,MOLINA DE SEGURA,MURCIA,170,151,151,130,35,0,0,85,0,85,49,9,24,10,0,2.8,0.9,2019-01-12,28.3,2019-03-10
7237E,2019-20,MOLINA DE SEGURA,MURCIA,170,152,152,114,22,0,0,75,0,75,53,17,13,20,0,3.8,1.2,2020-01-07,29.9,2020-03-11
7237E,2020-21,MOLINA DE SEGURA,MURCIA,170,151,151,113,33,0,0,73,0,93,57,15,23,20,0,2.3,1.2,2021-01-12,28.0,2020-11-02
7237E,2021-22,MOLINA DE SEGURA,MURCIA,170,147,148,112,21,0,0,74,0,78,43,26,12,12,0,2.7,0.8,2022-01-20,26.7,2021-11-01
7237E,2022-23,MOLINA DE SEGURA,MURCIA,170,151,151,106,28,2,0,76,2,91,66,12,27,14,1,1.9,-0.2,2023-02-01,32.4,2023-03-30
7237E,2023-24,MOLINA DE SEGURA,MURCIA,170,152,152,99,19,0,0,67,0,109,80,10,31,10,0,4.0,2.4,2023-12-27,31.6,2024-03-18
7237E,2024-25,MOLINA DE SEGURA,MURCIA,170,151,151,98,21,0,0,75,0,91,61,14,24,10,0,3.4,0.2,2025-01-16,26.7,2025-01-27
7237E,2025-26,MOLINA DE SEGURA,MURCIA,170,151,151,119,16,0,0,77,0,85,59,21,19,26,0,4.2,1.4,2026-01-06,26.4,2025-11-02
7244X,2017-18,ORIHUELA,ALICANTE,26,151,151,125,40,1,0,81,1,82,56,15,14,17,1,1.6,-0.8,2017-12-05,29.0,2018-03-28
7244X,2018-19,ORIHUELA,ALICANTE,26,151,151,127,44,2,0,81,2,87,52,11,24,10,2,2.1,-2.4,2019-01-12,28.4,2019-03-17
7244X,2019-20,ORIHUELA,ALICANTE,26,152,152,104,20,0,0,72,0,79,62,16,23,21,0,3.0,0.7,2020-01-07,30.6,2020-03-11
7244X,2020-21,ORIHUELA,ALICANTE,26,151,151,108,33,2,0,71,2,92,64,12,21,23,1,2.3,-1.3,2021-01-04,27.4,2021-01-29
7244X,2021-22,ORIHUELA,ALICANTE,26,151,151,110,27,1,0,76,1,77,40,2,17,19,1,1.6,-1.3,2022-01-17,26.9,2021-11-01
7244X,2022-23,ORIHUELA,ALICANTE,26,151,151,104,34,5,0,75,4,97,67,14,29,14,2,0.7,-1.3,2023-01-29,32.6,2023-03-30
7244X,2023-24,ORIHUELA,ALICANTE,26,152,152,94,23,0,0,62,0,112,88,11,31,9,0,3.1,0.0,2023-12-19,30.5,2024-03-18
7244X,2024-25,ORIHUELA,ALICANTE,26,151,151,93,25,2,0,75,2,93,72,16,24,10,2,2.0,-2.0,2025-01-15,27.4,2025-03-31
7244X,2025-26,ORIHUELA,ALICANTE,26,151,151,110,15,0,0,72,0,81,53,23,20,26,0,4.2,1.9,2025-11-28,27.1,2025-11-02
7247X,2017-18,EL PINÓS/PINOSO,ALICANTE,577,151,151,151,121,55,19,90,43,19,7,20,5,58,9,-5.2,-7.8,2017-12-05,23.9,2018-03-28
7247X,2018-19,EL PINÓS/PINOSO,ALICANTE,577,150,150,150,127,66,13,90,52,28,17,13,7,59,10,-4.1,-8.6,2019-01-11,24.2,2019-03-10
7247X,2019-20,EL PINÓS/PINOSO,ALICANTE,577,151,151,132,75,13,2,82,12,57,35,25,13,17,6,-0.8,-4.5,2020-01-13,28.9,2020-03-11
7247X,2020-21,EL PINÓS/PINOSO,ALICANTE,577,147,147,137,91,14,4,81,12,58,35,20,13,32,3,-1.1,-5.1,2021-01-06,27.6,2020-11-01
7247X,2021-22,EL PINÓS/PINOSO,ALICANTE,577,150,150,140,93,24,9,86,23,43,21,24,10,24,9,-3.6,-5.3,2022-01-19,25.9,2021-12-31
7247X,2022-23,EL PINÓS/PINOSO,ALICANTE,577,151,151,130,89,30,9,84,24,73,53,12,25,19,16,-3.3,-4.9,2023-02-01,30.5,2023-03-30
7247X,2023-24,EL PINÓS/PINOSO,ALICANTE,577,152,152,130,67,16,2,87,16,86,57,14,13,10,5,-1.0,-3.1,2023-12-19,29.3,2024-03-19
7247X,2024-25,EL PINÓS/PINOSO,ALICANTE,577,151,151,139,75,21,3,89,21,64,36,20,12,13,5,-1.6,-6.4,2025-01-15,25.4,2025-03-31
7250C,2017-18,ABANILLA,MURCIA,174,151,151,130,61,6,0,80,6,87,62,19,26,11,2,0.6,-2.6,2017-12-05,28.4,2018-03-28
7250C,2018-19,ABANILLA,MURCIA,174,151,151,137,68,4,0,88,4,99,67,9,24,10,3,1.1,-2.3,2019-01-12,29.8,2019-03-17
7250C,2019-20,ABANILLA,MURCIA,174,152,152,118,32,2,0,77,2,78,64,18,13,19,2,1.4,-0.6,2020-01-13,29.6,2020-03-11
7250C,2020-21,ABANILLA,MURCIA,174,151,151,123,46,7,0,77,7,100,59,16,23,20,4,0.6,-2.6,2020-12-27,27.9,2021-01-29
7250C,2021-22,ABANILLA,MURCIA,174,151,151,116,47,8,0,76,8,75,49,24,17,18,6,0.1,-1.9,2022-01-18,26.7,2021-11-01
7250C,2022-23,ABANILLA,MURCIA,174,149,150,110,48,9,0,77,7,100,74,10,27,13,2,-0.5,-1.6,2023-01-31,32.4,2023-03-30
7250C,2023-24,ABANILLA,MURCIA,174,152,152,107,34,2,0,70,2,118,87,3,32,9,1,1.7,-1.0,2023-12-19,30.9,2023-11-14
7250C,2024-25,ABANILLA,MURCIA,174,151,151,106,44,2,0,80,2,99,69,16,37,8,2,1.6,-2.7,2025-01-15,27.7,2025-01-27
7250C,2025-26,ABANILLA,MURCIA,174,151,151,123,39,0,0,76,0,88,55,22,20,11,0,3.2,1.7,2025-11-28,27.8,2025-11-02
7261X,2017-18,ROJALES,ALICANTE,31,151,151,105,27,0,0,73,0,80,55,18,14,11,0,2.8,0.4,2017-12-05,26.5,2018-03-28
7261X,2018-19,ROJALES,ALICANTE,31,120,120,86,21,0,0,74,0,68,34,12,18,10,0,3.2,0.5,2019-01-12,24.1,2019-02-23
7261X,2019-20,ROJALES,ALICANTE,31,152,152,83,13,0,0,65,0,82,60,19,24,18,0,4.0,2.0,2020-01-13,28.0,2019-11-01
7261X,2020-21,ROJALES,ALICANTE,31,151,151,90,15,0,0,62,0,93,52,13,32,21,0,2.3,0.8,2020-12-27,28.4,2021-01-29
7261X,2021-22,ROJALES,ALICANTE,31,151,151,96,16,0,0,66,0,73,40,27,17,18,0,3.4,1.2,2022-01-17,27.1,2021-11-01
7261X,2022-23,ROJALES,ALICANTE,31,150,150,88,29,0,0,69,0,101,72,0,27,11,0,2.4,0.0,2023-01-29,32.5,2023-03-30
7261X,2023-24,ROJALES,ALICANTE,31,152,152,74,15,0,0,54,0,114,87,7,31,9,0,3.9,1.5,2023-12-19,30.2,2023-11-14
7261X,2024-25,ROJALES,ALICANTE,31,151,151,84,11,1,0,70,1,96,72,17,37,10,1,4.0,-0.5,2025-01-15,25.9,2024-12-06
7261X,2025-26,ROJALES,ALICANTE,31,151,151,94,7,0,0,59,0,82,49,21,20,19,0,5.2,2.1,2025-11-28,26.9,2025-11-02
7275C,2017-18,YECLA,MURCIA,640,151,151,148,106,34,10,87,27,32,16,23,10,58,5,-3.4,-6.3,2017-12-05,24.2,2018-03-28
7275C,2018-19,YECLA,MURCIA,640,151,151,147,106,42,10,90,34,52,31,12,10,22,10,-3.5,-7.9,2019-01-11,25.7,2019-03-16
7275C,2019-20,YECLA,MURCIA,640,151,152,139,72,20,3,85,19,39,27,24,8,36,10,-1.4,-4.5,2020-01-13,28.6,2020-03-11
7275C,2020-21,YECLA,MURCIA,640,151,151,144,89,26,6,87,21,47,26,19,8,35,6,-3.0,-6.8,2021-01-06,27.8,2020-11-01
7275C,2021-22,YECLA,MURCIA,640,150,151,145,87,23,10,88,23,36,21,19,7,24,10,-3.7,-6.6,2022-01-19,26.9,2021-12-31
7275C,2022-23,YECLA,MURCIA,640,151,151,134,91,29,13,87,24,61,43,13,24,26,11,-3.8,-5.9,2023-01-24,29.2,2023-03-30
7275C,2023-24,YECLA,MURCIA,640,152,152,135,74,14,2,88,14,67,48,14,10,12,6,-1.1,-4.3,2023-12-27,28.6,2024-03-19
7275C,2024-25,YECLA,MURCIA,640,151,151,134,72,22,4,87,22,41,24,17,5,35,5,-2.3,-5.8,2025-01-15,25.2,2025-03-31
7275C,2025-26,YECLA,MURCIA,640,148,148,140,84,4,0,86,3,36,25,24,7,49,1,0.5,-1.5,2026-01-06,23.9,2026-02-24
8005X,2017-18,FONTANARS DELS ALFORINS,VALENCIA,622,151,151,150,113,48,16,89,31,28,16,22,8,57,10,-4.1,-7.0,2017-12-04,23.3,2018-03-28
8005X,2018-19,FONTANARS DELS ALFORINS,VALENCIA,622,151,151,146,118,56,12,90,45,41,23,15,8,21,18,-3.5,-8.5,2019-01-11,25.7,2019-03-10
8005X,2019-20,FONTANARS DELS ALFORINS,VALENCIA,622,151,151,141,86,20,2,87,17,35,21,12,5,37,6,-1.5,-3.9,2020-01-13,27.5,2020-03-11
8005X,2020-21,FONTANARS DELS ALFORINS,VALENCIA,622,150,150,140,89,33,9,84,27,43,20,11,7,21,6,-3.2,-8.2,2021-01-06,27.5,2020-11-01
8005X,2021-22,FONTANARS DELS ALFORINS,VALENCIA,622,151,151,147,97,37,14,89,31,27,14,29,7,28,11,-5.0,-7.6,2022-01-18,25.3,2021-12-31
8005X,2022-23,FONTANARS DELS ALFORINS,VALENCIA,622,150,150,131,93,36,21,84,29,54,40,17,12,26,17,-5.5,-8.0,2023-01-23,28.4,2023-03-30
8005X,2023-24,FONTANARS DELS ALFORINS,VALENCIA,622,152,152,138,86,26,9,86,20,59,40,16,10,12,6,-3.4,-6.9,2023-12-19,28.3,2024-03-19
8005X,2024-25,FONTANARS DELS ALFORINS,VALENCIA,622,151,151,135,85,32,7,89,31,39,18,26,5,35,11,-2.6,-7.8,2025-01-15,25.3,2025-03-31
8005X,2025-26,FONTANARS DELS ALFORINS,VALENCIA,622,150,150,146,89,19,3,87,9,35,21,28,8,50,3,-1.2,-4.2,2025-11-27,23.5,2026-02-24
8008Y,2017-18,VILLENA,ALICANTE,486,151,151,148,118,63,31,88,44,39,25,19,10,35,11,-5.8,-9.3,2017-12-05,25.4,2018-03-28
8008Y,2018-19,VILLENA,ALICANTE,486,151,151,147,124,66,21,90,50,62,33,11,10,13,17,-4.8,-8.4,2019-01-11,26.4,2019-03-10
8008Y,2019-20,VILLENA,ALICANTE,486,152,152,144,99,28,8,87,25,49,30,21,13,36,8,-2.8,-7.4,2020-01-13,28.9,2020-03-11
8008Y,2020-21,VILLENA,ALICANTE,486,151,151,145,104,45,17,87,35,60,34,12,9,24,11,-4.4,-7.7,2021-01-06,27.8,2020-11-01
8008Y,2021-22,VILLENA,ALICANTE,486,151,151,146,110,53,22,90,44,34,21,21,7,28,10,-6.0,-8.3,2022-01-30,26.3,2022-02-02
8008Y,2022-23,VILLENA,ALICANTE,486,150,150,140,106,54,25,87,42,68,51,10,25,20,16,-5.9,-7.4,2023-02-01,30.5,2023-03-30
8008Y,2023-24,VILLENA,ALICANTE,486,137,137,129,86,33,8,88,28,73,45,12,12,10,8,-3.5,-7.4,2023-12-27,26.9,2023-11-14
8008Y,2024-25,VILLENA,ALICANTE,486,151,151,138,92,38,17,88,36,65,34,16,14,13,6,-4.1,-9.6,2025-01-15,27.9,2025-03-31
8008Y,2025-26,VILLENA,ALICANTE,486,151,151,145,96,35,4,87,22,52,32,24,8,31,5,-1.8,-5.0,2025-11-28,25.1,2025-11-01
8013X,2017-18,NOVELDA,ALICANTE,233,151,151,117,35,0,0,75,0,81,52,17,26,17,0,2.3,0.5,2017-12-05,29.3,2018-03-28
8013X,2018-19,NOVELDA,ALICANTE,233,151,151,117,21,0,0,78,0,86,54,10,24,10,0,3.7,0.9,2019-01-11,27.5,2019-03-17
8013X,2019-20,NOVELDA,ALICANTE,233,152,152,98,15,0,0,67,0,80,56,13,13,12,0,4.5,2.0,2020-01-03,30.4,2020-03-11
8013X,2020-21,NOVELDA,ALICANTE,233,151,151,106,24,0,0,71,0,90,58,16,19,23,0,3.0,1.0,2021-01-06,28.0,2021-01-29
8013X,2021-22,NOVELDA,ALICANTE,233,151,151,108,19,0,0,73,0,71,43,21,17,18,0,3.0,1.1,2022-01-18,27.1,2022-02-02
8013X,2022-23,NOVELDA,ALICANTE,233,151,151,92,28,0,0,71,0,95,67,15,27,10,0,2.3,1.1,2023-02-01,34.4,2023-03-30
8013X,2023-24,NOVELDA,ALICANTE,233,152,152,84,8,0,0,60,0,115,80,13,31,9,0,5.0,3.3,2023-12-27,31.2,2024-03-18
8013X,2024-25,NOVELDA,ALICANTE,233,151,151,82,11,0,0,68,0,92,66,18,20,10,0,4.0,0.8,2025-01-15,26.9,2025-03-31
8013X,2025-26,NOVELDA,ALICANTE,233,150,150,111,10,0,0,72,0,79,48,16,19,21,0,4.8,2.2,2026-01-06,26.1,2025-11-01
8018X,2017-18,ELX/ELCHE,ALICANTE,110,151,151,122,31,0,0,78,0,90,70,18,28,9,0,2.9,1.3,2018-02-02,28.5,2018-03-28
8018X,2018-19,ELX/ELCHE,ALICANTE,110,150,150,121,23,0,0,79,0,108,73,9,25,4,0,3.9,1.6,2019-01-12,30.3,2019-03-17
8018X,2019-20,ELX/ELCHE,ALICANTE,110,152,152,113,17,0,0,74,0,97,72,19,23,13,0,3.8,2.1,2020-01-03,29.2,2019-11-01
8018X,2020-21,ELX/ELCHE,ALICANTE,110,151,151,109,26,0,0,74,0,103,72,13,32,21,0,3.0,0.4,2021-01-06,29.5,2021-01-28
8018X,2021-22,ELX/ELCHE,ALICANTE,110,131,131,99,28,0,0,78,0,73,39,31,14,18,0,3.0,1.5,2022-01-17,27.5,2021-11-01
8018X,2022-23,ELX/ELCHE,ALICANTE,110,151,151,108,33,1,0,77,0,114,88,12,37,11,1,1.3,-0.1,2023-03-02,33.1,2023-03-31
8018X,2023-24,ELX/ELCHE,ALICANTE,110,135,135,93,20,0,0,68,0,114,91,10,26,5,0,3.4,1.8,2024-03-10,32.6,2023-11-14
8018X,2024-25,ELX/ELCHE,ALICANTE,110,151,150,106,24,1,0,81,1,122,87,15,38,5,1,2.8,-0.4,2025-01-15,29.2,2024-12-06
8018X,2025-26,ELX/ELCHE,ALICANTE,110,151,151,123,26,1,0,75,1,109,64,13,21,7,1,3.5,-0.3,2026-01-07,28.7,2025-11-02
8019,2017-18,ALICANTE-ELCHE AEROPUERTO,ALICANTE,43,151,151,122,25,0,0,77,0,83,51,20,26,9,0,3.5,2.0,2018-01-09,27.1,2018-03-28
8019,2018-19,ALICANTE-ELCHE AEROPUERTO,ALICANTE,43,148,148,115,12,0,0,77,0,97,54,12,24,8,0,4.4,0.8,2019-01-11,29.1,2019-03-17
8019,2019-20,ALICANTE-ELCHE AEROPUERTO,ALICANTE,43,152,152,100,11,0,0,68,0,73,56,21,13,20,0,4.4,1.9,2020-01-12,27.5,2019-11-01
8019,2020-21,ALICANTE-ELCHE AEROPUERTO,ALICANTE,43,151,151,103,21,0,0,72,0,88,51,14,32,23,0,3.0,0.2,2020-12-27,28.3,2021-01-28
8019,2021-22,ALICANTE-ELCHE AEROPUERTO,ALICANTE,43,150,150,108,20,0,0,73,0,60,31,26,8,18,0,3.8,1.5,2022-01-16,26.9,2021-11-01
8019,2022-23,ALICANTE-ELCHE AEROPUERTO,ALICANTE,43,151,151,99,27,0,0,76,0,95,68,15,26,16,0,2.6,1.2,2023-01-22,31.6,2023-03-31
8019,2023-24,ALICANTE-ELCHE AEROPUERTO,ALICANTE,43,151,151,85,14,0,0,60,0,108,71,8,19,9,0,4.2,2.0,2023-12-27,30.0,2023-11-14
8019,2024-25,ALICANTE-ELCHE AEROPUERTO,ALICANTE,43,151,151,91,12,0,0,74,0,91,58,17,37,9,0,4.3,0.3,2025-01-15,26.2,2024-12-06
8019,2025-26,ALICANTE-ELCHE AEROPUERTO,ALICANTE,43,149,149,98,7,0,0,64,0,81,45,24,20,19,0,5.1,2.2,2025-11-28,26.4,2025-11-02
8025,2017-18,ALACANT/ALICANTE,ALICANTE,81,151,151,110,29,0,0,75,0,79,51,17,16,10,0,3.0,0.9,2017-12-05,28.0,2018-03-28
8025,2018-19,ALACANT/ALICANTE,ALICANTE,81,151,151,123,31,0,0,81,0,93,48,10,20,11,0,3.5,0.0,2019-01-12,29.2,2019-03-17
8025,2019-20,ALACANT/ALICANTE,ALICANTE,81,152,152,87,11,0,0,64,0,87,59,19,23,9,0,3.7,2.2,2020-01-06,28.7,2019-11-01
8025,2020-21,ALACANT/ALICANTE,ALICANTE,81,151,151,95,19,0,0,66,0,92,53,15,32,23,0,2.5,1.0,2021-01-13,29.8,2021-01-29
8025,2021-22,ALACANT/ALICANTE,ALICANTE,81,151,151,103,19,0,0,71,0,73,38,25,17,18,0,3.0,1.4,2022-01-17,27.6,2021-11-01
8025,2022-23,ALACANT/ALICANTE,ALICANTE,81,151,151,94,25,0,0,72,0,100,73,10,30,15,0,2.2,1.2,2023-01-24,31.6,2023-03-31
8025,2023-24,ALACANT/ALICANTE,ALICANTE,81,151,151,77,11,0,0,57,0,116,80,6,33,9,0,4.4,2.3,2023-12-19,28.7,2023-11-02
8025,2024-25,ALACANT/ALICANTE,ALICANTE,81,151,151,86,13,0,0,73,0,97,65,19,33,9,0,4.0,0.6,2025-01-15,26.6,2024-12-06
8025,2025-26,ALACANT/ALICANTE,ALICANTE,81,151,151,93,7,0,0,59,0,86,50,20,20,11,0,5.0,2.8,2026-01-07,27.4,2025-11-02
8036Y,2017-18,BENIDORM,ALICANTE,36,137,137,101,19,0,0,65,0,68,38,18,14,21,0,2.9,1.9,2018-02-13,25.4,2018-03-28
8036Y,2018-19,BENIDORM,ALICANTE,36,151,151,127,24,0,0,86,0,93,43,12,18,8,0,3.9,0.5,2019-02-04,24.8,2019-03-17
8036Y,2020-21,BENIDORM,ALICANTE,36,151,151,91,23,0,0,65,0,83,49,14,27,27,0,2.4,0.0,2021-01-03,27.5,2020-11-16
8036Y,2021-22,BENIDORM,ALICANTE,36,151,151,99,17,0,0,72,0,66,33,19,11,20,0,4.3,2.1,2022-01-17,28.0,2021-11-01
8036Y,2022-23,BENIDORM,ALICANTE,36,151,151,95,23,1,0,69,1,101,63,13,30,15,1,2.5,-0.1,2023-02-28,29.4,2023-03-11
8036Y,2023-24,BENIDORM,ALICANTE,36,152,152,91,5,0,0,65,0,109,65,10,22,8,0,5.1,3.3,2023-12-19,28.3,2023-11-11
8036Y,2024-25,BENIDORM,ALICANTE,36,151,151,98,11,0,0,79,0,86,48,21,33,10,0,4.7,2.0,2025-01-15,25.8,2024-11-04
8036Y,2025-26,BENIDORM,ALICANTE,36,151,151,99,7,0,0,62,0,78,35,20,20,21,0,5.1,0.4,2026-01-07,27.6,2025-11-02
8050X,2017-18,JÁVEA/ XÀBIA,ALICANTE,15,149,149,125,47,1,0,77,1,84,57,22,13,9,1,1.5,-0.3,2017-12-18,26.8,2018-03-28
8050X,2018-19,JÁVEA/ XÀBIA,ALICANTE,15,151,151,125,54,1,0,82,1,101,54,15,21,11,1,1.9,-0.6,2019-01-12,28.9,2019-03-17
8050X,2019-20,JÁVEA/ XÀBIA,ALICANTE,15,152,152,99,31,1,0,72,1,94,66,26,24,9,1,2.9,-0.4,2020-01-13,29.5,2019-11-01
8050X,2020-21,JÁVEA/ XÀBIA,ALICANTE,15,122,122,88,21,4,0,75,4,69,48,11,20,21,2,0.6,-1.6,2021-01-06,27.6,2021-01-28
8050X,2021-22,JÁVEA/ XÀBIA,ALICANTE,15,151,151,103,35,0,0,74,0,82,44,29,15,17,0,1.4,0.4,2022-01-17,26.6,2021-11-01
8050X,2022-23,JÁVEA/ XÀBIA,ALICANTE,15,143,143,99,34,2,0,71,2,90,57,13,26,15,1,1.5,-0.1,2023-01-27,29.5,2023-03-11
8050X,2023-24,JÁVEA/ XÀBIA,ALICANTE,15,152,152,95,29,0,0,67,0,114,74,8,32,8,0,3.1,0.9,2023-12-19,28.2,2023-11-12
8050X,2024-25,JÁVEA/ XÀBIA,ALICANTE,15,147,147,91,22,0,0,70,0,85,48,29,24,9,0,3.6,0.5,2025-01-15,25.5,2024-12-06
8050X,2025-26,JÁVEA/ XÀBIA,ALICANTE,15,150,150,111,27,0,0,70,0,82,42,29,23,14,0,3.4,1.0,2025-11-28,27.6,2025-11-02
8057C,2017-18,PEGO,ALICANTE,60,151,151,87,14,0,0,65,0,84,51,26,11,10,0,4.5,3.1,2018-02-08,29.7,2018-03-28
8057C,2018-19,PEGO,ALICANTE,60,151,151,88,3,0,0,67,0,91,54,14,21,11,0,5.8,2.7,2019-01-11,29.6,2019-03-03
8057C,2019-20,PEGO,ALICANTE,60,152,152,69,0,0,0,53,0,83,63,26,23,16,0,7.0,5.0,2020-01-13,28.1,2019-11-01
8057C,2020-21,PEGO,ALICANTE,60,147,147,72,8,0,0,48,0,83,47,20,15,18,0,4.9,2.0,2021-01-13,28.7,2021-01-29
8057C,2021-22,PEGO,ALICANTE,60,151,151,77,3,0,0,56,0,70,34,34,12,18,0,5.5,4.0,2022-01-18,26.6,2021-11-01
8057C,2022-23,PEGO,ALICANTE,60,151,151,67,13,0,0,57,0,89,71,18,28,17,0,4.5,3.2,2023-01-23,32.4,2023-03-13
8057C,2023-24,PEGO,ALICANTE,60,152,152,56,1,0,0,46,0,113,85,11,33,9,0,6.7,4.2,2023-12-25,31.3,2023-11-14
8057C,2024-25,PEGO,ALICANTE,60,151,151,65,1,0,0,55,0,88,50,39,20,10,0,6.8,4.0,2025-01-15,27.4,2025-01-27
8057C,2025-26,PEGO,ALICANTE,60,150,150,71,2,0,0,45,0,79,45,27,19,28,0,6.8,2.9,2026-01-06,26.6,2025-11-02
8058X,2017-18,OLIVA,VALENCIA,1,145,145,109,34,0,0,71,0,62,36,25,11,19,0,2.7,0.0,2017-12-05,28.1,2018-03-10
8058X,2018-19,OLIVA,VALENCIA,1,149,149,124,43,1,0,82,1,57,24,14,12,17,1,1.7,-0.9,2019-01-12,28.9,2019-03-17
8058X,2019-20,OLIVA,VALENCIA,1,144,144,83,15,0,0,61,0,70,48,21,14,19,0,4.1,0.2,2020-01-13,27.5,2019-11-01
8058X,2020-21,OLIVA,VALENCIA,1,146,146,93,17,1,0,62,1,59,31,17,10,20,1,2.8,-0.6,2021-01-06,28.1,2021-01-28
8058Y,2017-18,MIRAMAR,VALENCIA,12,151,151,91,14,0,0,67,0,77,48,25,11,10,0,4.2,3.4,2018-02-24,28.5,2018-03-10
8058Y,2018-19,MIRAMAR,VALENCIA,12,151,151,90,3,0,0,66,0,79,36,13,20,11,0,6.2,2.8,2019-01-11,29.4,2019-03-17
8058Y,2019-20,MIRAMAR,VALENCIA,12,151,151,70,0,0,0,53,0,80,55,3,20,19,0,6.8,5.1,2020-01-13,28.1,2019-11-01
8058Y,2020-21,MIRAMAR,VALENCIA,12,151,151,72,10,0,0,51,0,70,38,19,20,18,0,4.7,1.8,2021-01-06,28.5,2021-01-28
8058Y,2021-22,MIRAMAR,VALENCIA,12,151,151,73,4,0,0,55,0,55,28,34,8,19,0,5.3,4.5,2022-01-17,27.1,2021-11-01
8058Y,2022-23,MIRAMAR,VALENCIA,12,151,151,65,15,0,0,57,0,81,66,15,14,28,0,4.3,3.2,2023-01-23,30.8,2023-03-13
8058Y,2023-24,MIRAMAR,VALENCIA,12,151,151,58,2,0,0,46,0,99,66,10,19,10,0,6.7,4.8,2023-12-25,30.3,2023-11-14
8058Y,2024-25,MIRAMAR,VALENCIA,12,151,151,61,2,0,0,55,0,76,46,28,20,11,0,6.5,2.8,2025-01-15,27.8,2025-01-27
8058Y,2025-26,MIRAMAR,VALENCIA,12,150,150,66,2,0,0,41,0,71,39,29,19,25,0,6.7,2.8,2026-01-07,26.6,2025-11-02
8059C,2017-18,ALCOI/ALCOY,ALICANTE,530,149,149,131,63,7,0,80,5,43,26,29,9,34,2,0.1,-1.8,2017-12-04,25.4,2018-03-28
8059C,2018-19,ALCOI/ALCOY,ALICANTE,530,151,151,133,61,3,0,85,3,49,33,15,10,20,2,1.4,-1.9,2019-01-11,25.6,2019-03-16
8059C,2019-20,ALCOI/ALCOY,ALICANTE,530,152,152,120,40,0,0,76,0,55,32,23,10,33,0,2.2,0.4,2019-12-29,26.9,2020-03-11
8059C,2020-21,ALCOI/ALCOY,ALICANTE,530,151,151,126,44,6,0,76,6,51,32,25,8,24,2,0.4,-2.6,2021-01-06,27.3,2020-11-02
8059C,2021-22,ALCOI/ALCOY,ALICANTE,530,145,145,131,41,0,0,76,0,35,21,33,9,22,0,0.5,0.1,2022-01-19,26.0,2022-02-02
8059C,2022-23,ALCOI/ALCOY,ALICANTE,530,151,151,105,43,9,0,76,7,68,47,18,12,20,4,-0.3,-2.0,2023-01-23,29.4,2023-03-30
8059C,2023-24,ALCOI/ALCOY,ALICANTE,530,152,152,104,26,0,0,72,0,77,49,13,13,9,0,3.4,1.0,2023-12-19,29.9,2024-03-19
8059C,2024-25,ALCOI/ALCOY,ALICANTE,530,151,151,119,40,1,0,81,1,57,28,26,10,14,1,1.9,-0.4,2025-01-15,25.8,2025-03-31
8059C,2025-26,ALCOI/ALCOY,ALICANTE,530,148,148,133,32,2,0,82,2,43,29,29,9,21,2,2.5,-1.1,2026-01-06,25.5,2026-02-22
8072Y,2017-18,BARX,VALENCIA,340,151,151,127,69,8,0,83,7,45,22,22,8,33,2,-0.1,-2.4,2017-12-04,26.8,2018-03-28
8072Y,2018-19,BARX,VALENCIA,340,148,148,135,65,5,1,87,5,53,30,15,12,12,3,1.3,-3.5,2019-01-11,27.3,2019-03-03
8072Y,2019-20,BARX,VALENCIA,340,147,147,110,31,0,0,70,0,56,35,30,13,18,0,2.4,0.8,2020-01-03,26.8,2020-03-11
8072Y,2020-21,BARX,VALENCIA,340,150,150,117,42,5,0,73,5,50,24,22,7,24,3,0.7,-2.5,2021-01-06,26.9,2020-11-02
8072Y,2021-22,BARX,VALENCIA,340,138,138,117,43,3,0,71,3,30,17,39,9,18,1,1.1,-0.5,2022-01-18,25.6,2022-02-02
8072Y,2022-23,BARX,VALENCIA,340,150,150,112,47,9,1,77,8,68,45,17,25,20,4,-0.4,-3.5,2023-01-23,30.6,2023-03-13
8072Y,2023-24,BARX,VALENCIA,340,151,151,107,34,3,0,74,3,84,56,16,19,8,2,2.4,-0.8,2024-01-12,28.5,2024-01-25
8072Y,2024-25,BARX,VALENCIA,340,150,150,113,42,3,0,79,3,54,26,36,6,16,3,1.7,-1.8,2025-01-15,26.2,2025-03-31
8072Y,2025-26,BARX,VALENCIA,340,151,151,123,34,2,0,77,2,48,21,35,5,32,2,2.4,-1.0,2026-01-06,24.2,2026-03-25
8084Y,2017-18,PANTANO DE LA TOBA (AUTOMATICA),CUENCA,1154,129,129,129,120,90,57,90,66,0,0,52,0,129,27,-8.4,-10.6,2018-02-08,17.4,2017-11-02
8096,2017-18,CUENCA,CUENCA,949,151,151,148,137,59,18,90,46,20,6,40,9,58,9,-4.5,-6.4,2018-02-08,21.2,2018-03-28
8096,2018-19,CUENCA,CUENCA,949,151,151,151,130,54,12,90,48,35,20,24,11,52,13,-4.0,-5.8,2019-01-11,24.7,2019-03-16
8096,2019-20,CUENCA,CUENCA,949,152,152,149,108,28,4,90,24,25,13,37,6,52,14,-2.1,-4.9,2020-01-13,26.4,2020-03-12
8096,2020-21,CUENCA,CUENCA,949,151,151,148,113,40,15,90,32,27,13,40,5,56,23,-4.3,-10.9,2021-01-12,24.5,2020-11-01
8096,2021-22,CUENCA,CUENCA,949,151,151,150,122,44,12,90,37,25,9,26,5,30,12,-4.0,-5.4,2022-01-16,24.0,2022-02-02
8096,2022-23,CUENCA,CUENCA,949,151,151,143,107,46,20,89,41,37,21,37,13,32,19,-4.5,-6.2,2023-03-01,26.5,2023-03-29
8096,2023-24,CUENCA,CUENCA,949,152,152,148,107,29,4,91,23,37,21,43,13,58,6,-2.1,-3.8,2023-12-27,26.0,2024-03-22
8096,2024-25,CUENCA,CUENCA,949,151,151,147,107,37,12,90,35,23,9,32,7,51,8,-3.5,-6.1,2025-01-14,25.9,2025-03-31
8096,2025-26,CUENCA,CUENCA,949,151,151,149,115,33,6,89,24,21,14,49,7,100,5,-2.8,-5.4,2026-01-06,22.7,2026-03-17
8155Y,2017-18,MOTILLA DEL PALANCAR,CUENCA,830,151,151,148,137,66,22,90,48,17,2,39,8,61,10,-4.9,-6.0,2018-02-13,20.3,2018-03-28
8155Y,2018-19,MOTILLA DEL PALANCAR,CUENCA,830,151,151,151,132,66,20,90,57,24,13,20,6,74,24,-4.9,-8.1,2019-01-11,24.0,2019-03-16
8155Y,2019-20,MOTILLA DEL PALANCAR,CUENCA,830,135,135,132,101,32,7,74,24,13,7,38,6,53,9,-3.0,-6.5,2020-01-14,26.0,2020-03-11
8155Y,2020-21,MOTILLA DEL PALANCAR,CUENCA,830,147,147,144,107,40,20,87,30,18,7,41,4,58,18,-6.7,-15.5,2021-01-12,23.8,2020-11-01
8155Y,2021-22,MOTILLA DEL PALANCAR,CUENCA,830,147,147,147,117,45,11,89,38,14,5,24,4,46,11,-3.8,-5.7,2022-01-18,21.6,2022-01-01
8155Y,2022-23,MOTILLA DEL PALANCAR,CUENCA,830,150,150,143,111,48,21,87,41,35,22,31,12,28,18,-4.9,-7.1,2023-03-01,25.8,2023-03-29
8155Y,2023-24,MOTILLA DEL PALANCAR,CUENCA,830,152,152,149,112,39,5,91,29,29,15,35,8,59,7,-2.7,-5.3,2023-12-26,24.3,2024-03-19
8155Y,2024-25,MOTILLA DEL PALANCAR,CUENCA,830,150,150,148,114,44,16,89,42,23,10,29,7,61,9,-4.5,-8.4,2025-01-15,24.0,2025-03-31
8155Y,2025-26,MOTILLA DEL PALANCAR,CUENCA,830,151,151,148,120,36,5,89,24,18,8,46,7,100,6,-2.7,-6.3,2026-01-06,21.9,2026-03-31
8175,2017-18,ALBACETE BASE AÉREA,ALBACETE,702,151,151,148,118,64,23,90,47,19,8,33,9,59,9,-4.2,-7.7,2018-02-23,23.4,2018-03-28
8175,2018-19,ALBACETE BASE AÉREA,ALBACETE,702,151,151,149,126,65,21,90,50,32,16,15,11,63,24,-4.8,-8.6,2019-01-11,24.7,2019-03-16
8175,2019-20,ALBACETE BASE AÉREA,ALBACETE,702,152,152,144,108,33,8,89,27,22,14,31,6,64,9,-3.1,-5.7,2020-01-13,27.4,2020-03-11
8175,2020-21,ALBACETE BASE AÉREA,ALBACETE,702,151,151,148,108,41,20,89,31,29,14,25,5,70,19,-6.3,-14.1,2021-01-12,24.8,2020-11-02
8175,2021-22,ALBACETE BASE AÉREA,ALBACETE,702,151,151,149,108,43,13,90,35,19,7,25,5,46,13,-5.6,-6.7,2022-01-29,22.3,2022-02-18
8175,2022-23,ALBACETE BASE AÉREA,ALBACETE,702,151,151,140,98,43,18,87,36,41,21,24,13,34,16,-5.7,-7.4,2023-01-28,26.9,2023-03-30
8175,2023-24,ALBACETE BASE AÉREA,ALBACETE,702,152,152,145,104,34,10,88,28,46,23,24,13,32,14,-3.5,-6.3,2023-12-27,27.5,2024-03-19
8175,2024-25,ALBACETE BASE AÉREA,ALBACETE,702,151,151,148,100,41,16,90,40,27,11,23,7,51,9,-4.0,-7.6,2025-01-15,25.0,2025-03-31
8175,2025-26,ALBACETE BASE AÉREA,ALBACETE,702,150,150,145,104,25,3,87,15,22,14,39,5,99,4,-2.1,-4.0,2025-11-22,23.0,2026-03-31
8177A,2017-18,CHINCHILLA,ALBACETE,880,141,141,140,118,46,15,80,34,12,2,32,3,39,8,-4.4,-5.6,2018-02-23,20.7,2018-03-28
8177A,2019-20,CHINCHILLA,ALBACETE,880,126,126,123,87,12,0,77,9,12,7,32,5,30,4,-0.9,-2.7,2020-01-04,24.2,2020-03-11
8177A,2020-21,CHINCHILLA,ALBACETE,880,151,151,151,117,38,18,90,34,12,6,26,3,89,25,-4.6,-8.0,2021-01-12,23.0,2020-11-02
8177A,2021-22,CHINCHILLA,ALBACETE,880,150,150,150,122,32,6,90,23,6,3,24,3,47,11,-2.7,-3.6,2022-01-07,23.4,2022-01-01
8177A,2022-23,CHINCHILLA,ALBACETE,880,150,150,144,88,38,15,88,33,25,14,29,12,35,12,-5.2,-6.6,2023-02-28,25.1,2023-03-29
8177A,2024-25,CHINCHILLA,ALBACETE,880,141,141,136,84,18,2,85,17,21,10,27,4,27,4,-1.5,-4.7,2025-01-14,26.1,2025-03-31
8178D,2017-18,ALBACETE,ALBACETE,674,151,151,148,113,42,8,90,31,24,13,34,11,57,9,-3.0,-4.6,2017-12-05,23.2,2017-11-03
8178D,2018-19,ALBACETE,ALBACETE,674,151,151,149,111,33,4,90,30,39,19,16,12,56,15,-2.2,-5.6,2019-01-11,26.1,2019-03-16
8178D,2019-20,ALBACETE,ALBACETE,674,152,152,143,88,16,1,89,16,28,17,28,6,37,5,-0.9,-3.3,2020-01-02,28.0,2020-03-11
8178D,2020-21,ALBACETE,ALBACETE,674,151,151,145,83,25,12,88,23,35,19,24,6,69,12,-4.6,-11.3,2021-01-12,25.6,2020-11-02
8178D,2021-22,ALBACETE,ALBACETE,674,151,151,147,94,23,9,89,22,24,8,25,6,46,11,-3.4,-5.2,2022-01-14,22.7,2022-02-18
8178D,2022-23,ALBACETE,ALBACETE,674,151,151,134,86,34,8,87,29,44,26,26,13,33,16,-3.2,-4.8,2023-03-01,27.2,2023-03-29
8178D,2023-24,ALBACETE,ALBACETE,674,152,152,141,89,13,3,88,13,46,23,24,12,34,6,-1.8,-5.5,2023-12-27,27.4,2024-03-19
8178D,2024-25,ALBACETE,ALBACETE,674,151,151,144,82,27,6,90,27,36,15,22,11,48,7,-2.2,-5.1,2025-01-14,25.6,2025-03-31
8178D,2025-26,ALBACETE,ALBACETE,674,151,151,145,99,17,1,88,10,22,16,40,7,99,3,-0.8,-3.6,2026-01-06,23.2,2026-02-24
8193E,2017-18,JALANCE,VALENCIA,372,151,151,146,99,46,18,86,33,40,20,30,11,56,10,-4.7,-6.8,2017-12-05,25.0,2018-03-28
8193E,2018-19,JALANCE,VALENCIA,372,151,151,144,110,59,17,90,50,46,24,12,11,35,21,-4.8,-7.8,2019-01-11,28.8,2019-03-16
8193E,2019-20,JALANCE,VALENCIA,372,151,151,132,72,19,4,82,17,48,25,27,13,24,7,-2.1,-6.2,2020-01-13,29.8,2020-03-11
8193E,2020-21,JALANCE,VALENCIA,372,151,151,141,86,25,13,85,21,45,25,29,8,46,11,-4.2,-7.7,2021-01-06,27.7,2020-11-02
8193E,2021-22,JALANCE,VALENCIA,372,151,151,143,90,41,13,87,36,40,22,28,7,26,12,-5.8,-8.2,2022-01-19,24.6,2022-02-18
8193E,2022-23,JALANCE,VALENCIA,372,151,151,125,93,39,19,82,33,60,45,19,24,25,17,-5.0,-6.9,2023-02-04,29.8,2023-03-29
8193E,2023-24,JALANCE,VALENCIA,372,152,152,131,75,27,9,85,24,71,43,23,12,11,6,-3.1,-6.7,2023-12-19,30.1,2024-03-19
8193E,2024-25,JALANCE,VALENCIA,372,151,151,129,76,26,13,86,26,55,29,23,11,17,5,-3.8,-7.8,2025-01-15,28.4,2025-03-31
8193E,2025-26,JALANCE,VALENCIA,372,151,151,134,71,20,0,81,12,39,30,34,8,74,3,-1.3,-2.6,2025-11-22,25.3,2026-02-23
8198Y,2017-18,ALMANSA,ALBACETE,710,122,122,122,96,38,12,81,35,15,8,29,4,43,6,-3.8,-6.6,2018-02-24,23.0,2018-03-28
8198Y,2018-19,ALMANSA,ALBACETE,710,151,151,148,121,64,20,90,52,39,22,15,9,35,27,-4.7,-8.7,2019-01-11,26.1,2019-03-16
8198Y,2019-20,ALMANSA,ALBACETE,710,151,151,145,94,28,3,88,25,31,19,25,5,33,10,-2.5,-5.4,2020-01-13,27.6,2020-03-11
8198Y,2020-21,ALMANSA,ALBACETE,710,151,151,144,104,46,8,87,35,32,15,20,6,69,19,-3.0,-8.6,2021-01-06,26.8,2020-11-02
8198Y,2021-22,ALMANSA,ALBACETE,710,150,150,147,105,41,15,89,34,23,13,23,6,29,11,-5.2,-7.0,2022-01-19,24.6,2022-01-01
8198Y,2022-23,ALMANSA,ALBACETE,710,151,151,138,96,39,20,86,33,53,33,18,24,33,17,-4.9,-7.6,2023-01-24,27.7,2023-03-13
8198Y,2023-24,ALMANSA,ALBACETE,710,152,152,148,96,24,7,89,19,56,34,20,10,17,6,-2.4,-5.5,2023-12-19,28.7,2024-03-19
8198Y,2024-25,ALMANSA,ALBACETE,710,151,151,144,93,37,12,90,35,36,17,23,5,35,7,-3.8,-7.8,2025-01-15,25.4,2025-03-31
8198Y,2025-26,ALMANSA,ALBACETE,710,150,150,147,108,24,2,87,12,33,17,32,7,50,3,-1.9,-4.3,2026-01-06,23.5,2026-02-24
8203O,2017-18,ZARRA,VALENCIA,856,138,138,131,80,14,0,81,12,10,1,22,2,18,4,-1.6,-2.7,2018-02-23,20.6,2018-03-28
8203O,2018-19,ZARRA,VALENCIA,856,141,141,131,61,7,0,83,7,19,9,15,5,18,2,0.3,-2.6,2019-01-11,23.6,2019-03-15
8203O,2019-20,ZARRA,VALENCIA,856,135,135,121,52,1,0,70,1,12,3,22,3,17,1,2.0,-0.3,2020-01-19,26.9,2020-03-11
8203O,2020-21,ZARRA,VALENCIA,856,142,142,126,54,16,1,81,15,12,3,20,3,51,9,-0.8,-4.5,2021-01-12,23.3,2020-11-01
8203O,2021-22,ZARRA,VALENCIA,856,145,145,137,55,0,0,79,0,15,7,25,6,30,0,1.5,0.1,2021-11-28,23.5,2021-12-31
8203O,2022-23,ZARRA,VALENCIA,856,149,149,117,56,14,2,82,11,32,16,8,8,26,6,-1.4,-4.1,2023-02-28,24.4,2023-03-29
8203O,2023-24,ZARRA,VALENCIA,856,152,152,123,53,1,0,80,1,32,18,24,8,32,1,1.6,-0.2,2024-01-08,26.2,2024-03-19
8203O,2024-25,ZARRA,VALENCIA,856,151,151,130,57,1,0,87,1,16,4,23,4,55,1,1.0,-0.3,2025-01-14,23.8,2025-03-31
8203O,2025-26,ZARRA,VALENCIA,856,120,120,112,58,5,1,59,3,19,11,23,7,42,3,1.0,-4.3,2026-01-06,22.3,2026-02-24
8210Y,2017-18,SALVACAÑETE,CUENCA,1160,151,151,151,145,101,62,90,67,11,3,40,4,62,25,-9.4,-11.0,2017-12-06,21.5,2018-01-22
8210Y,2018-19,SALVACAÑETE,CUENCA,1160,151,151,151,145,113,71,90,79,21,7,17,5,32,23,-7.3,-9.1,2019-01-04,23.4,2019-03-16
8210Y,2019-20,SALVACAÑETE,CUENCA,1160,145,145,145,132,88,37,90,69,21,8,10,5,52,24,-5.8,-9.5,2020-01-13,25.6,2020-03-11
8210Y,2020-21,SALVACAÑETE,CUENCA,1160,151,151,150,141,89,37,90,60,12,4,36,3,69,23,-10.6,-16.3,2021-01-12,24.5,2020-11-02
8210Y,2023-24,SALVACAÑETE,CUENCA,1160,152,152,152,137,83,34,91,61,30,18,43,11,43,12,-6.0,-9.3,2023-12-27,24.3,2024-03-22
8210Y,2024-25,SALVACAÑETE,CUENCA,1160,151,151,151,130,86,39,90,66,6,1,41,3,76,15,-7.7,-10.0,2025-01-14,23.7,2025-03-31
8210Y,2025-26,SALVACAÑETE,CUENCA,1160,151,151,151,142,83,31,90,47,12,7,43,7,100,10,-5.7,-8.4,2026-01-06,21.2,2026-02-23
8245Y,2017-18,MIRA,CUENCA,815,151,151,151,138,101,56,90,63,22,11,41,11,56,17,-8.2,-10.3,2017-12-06,21.6,2017-11-21
8245Y,2018-19,MIRA,CUENCA,815,151,151,150,139,106,71,90,75,32,17,19,7,24,21,-7.4,-9.2,2019-01-04,25.1,2019-03-15
8245Y,2019-20,MIRA,CUENCA,815,148,148,145,121,77,40,85,59,34,13,33,8,51,14,-6.9,-10.2,2020-01-14,27.5,2020-03-11
8245Y,2020-21,MIRA,CUENCA,815,151,151,149,129,77,35,89,52,24,11,33,5,35,16,-6.3,-11.9,2021-01-13,25.8,2020-11-01
8245Y,2021-22,MIRA,CUENCA,815,149,149,149,124,83,50,90,68,18,11,20,5,30,13,-8.0,-10.5,2022-01-19,25.5,2022-01-01
8245Y,2022-23,MIRA,CUENCA,815,150,150,146,128,99,54,89,69,44,21,22,13,33,24,-8.3,-9.9,2023-01-31,26.4,2023-03-29
8245Y,2023-24,MIRA,CUENCA,815,152,152,150,129,72,30,91,55,39,25,34,11,29,11,-6.5,-10.2,2023-12-27,26.3,2024-03-19
8245Y,2025-26,MIRA,CUENCA,815,151,151,149,132,65,28,88,41,25,13,37,7,99,10,-5.2,-9.4,2026-01-07,23.6,2026-02-23
8270X,2017-18,BICORP,VALENCIA,305,151,151,134,67,10,0,85,10,62,36,24,11,16,3,-0.6,-1.8,2018-02-23,27.0,2018-03-28
8270X,2018-19,BICORP,VALENCIA,305,151,151,140,70,4,0,88,4,68,42,15,11,12,3,0.9,-2.3,2019-01-11,27.9,2019-03-03
8270X,2019-20,BICORP,VALENCIA,305,152,152,120,42,2,0,76,2,64,44,30,15,15,2,2.0,-1.5,2020-01-13,28.1,2020-03-11
8270X,2020-21,BICORP,VALENCIA,305,129,129,107,47,9,0,62,9,55,27,25,8,14,5,-1.2,-3.0,2021-01-12,29.3,2020-11-01
8270X,2021-22,BICORP,VALENCIA,305,150,150,134,51,9,0,85,9,52,34,29,9,18,5,-0.3,-1.8,2022-01-16,27.5,2022-02-18
8270X,2022-23,BICORP,VALENCIA,305,151,151,112,58,11,0,79,8,84,57,18,25,16,3,-0.3,-2.4,2023-01-23,30.4,2023-03-13
8270X,2023-24,BICORP,VALENCIA,305,152,152,112,37,1,0,74,1,101,68,15,19,8,1,2.3,-0.2,2023-12-19,30.8,2024-03-17
8270X,2024-25,BICORP,VALENCIA,305,151,151,124,44,2,0,86,2,68,46,25,12,10,2,1.5,-2.6,2025-01-15,28.6,2025-03-31
8270X,2025-26,BICORP,VALENCIA,305,151,151,128,48,2,0,80,2,59,43,33,13,32,2,1.8,-1.5,2026-01-06,25.7,2026-02-24
8283X,2017-18,ONTINYENT,VALENCIA,350,151,151,138,80,14,1,84,12,64,38,24,11,16,4,-1.0,-3.6,2017-12-04,28.0,2018-03-28
8283X,2018-19,ONTINYENT,VALENCIA,350,151,151,137,82,6,1,87,6,68,38,14,21,12,3,0.8,-3.5,2019-01-11,28.7,2019-03-16
8283X,2019-20,ONTINYENT,VALENCIA,350,148,148,120,47,0,0,80,0,64,43,5,13,13,0,1.3,0.1,2020-01-02,28.5,2020-03-11
8283X,2020-21,ONTINYENT,VALENCIA,350,151,151,132,63,9,1,80,9,64,35,21,8,24,3,-0.3,-4.3,2021-01-06,28.3,2020-11-02
8283X,2021-22,ONTINYENT,VALENCIA,350,151,151,136,61,11,0,83,11,47,28,36,11,22,6,-0.4,-1.6,2022-01-28,27.8,2022-02-02
8283X,2022-23,ONTINYENT,VALENCIA,350,151,151,120,55,16,2,84,13,81,52,19,28,19,9,-1.9,-4.3,2023-01-23,31.7,2023-03-30
8283X,2023-24,ONTINYENT,VALENCIA,350,151,151,114,39,3,0,79,3,93,68,15,14,10,1,1.6,-0.4,2024-01-12,30.6,2024-03-17
8283X,2024-25,ONTINYENT,VALENCIA,350,151,151,119,48,3,0,82,3,68,40,30,8,14,3,0.7,-2.1,2025-01-14,28.2,2025-03-31
8283X,2025-26,ONTINYENT,VALENCIA,350,150,150,135,52,3,0,83,2,59,37,30,8,32,2,1.4,-1.2,2026-01-07,26.7,2026-02-24
8293X,2017-18,XÀTIVA,VALENCIA,88,150,150,125,65,7,0,81,7,83,58,18,13,16,4,0.0,-1.4,2017-12-05,29.4,2018-03-28
8293X,2018-19,XÀTIVA,VALENCIA,88,151,151,133,57,5,0,88,5,101,63,9,22,8,3,1.1,-2.4,2019-01-11,29.3,2019-03-10
8293X,2019-20,XÀTIVA,VALENCIA,88,144,144,97,27,1,0,73,1,86,65,20,26,10,1,2.5,-0.8,2020-01-13,30.2,2020-03-11
8293X,2020-21,XÀTIVA,VALENCIA,88,148,148,103,39,8,0,66,8,90,56,13,21,19,3,-0.0,-2.4,2021-01-12,29.0,2020-11-01
8293X,2021-22,XÀTIVA,VALENCIA,88,151,151,122,43,3,0,82,3,84,53,23,17,17,3,0.8,-1.2,2022-01-18,28.9,2022-02-18
8293X,2022-23,XÀTIVA,VALENCIA,88,150,150,105,41,8,0,74,6,106,79,14,35,12,3,-0.1,-2.9,2023-01-23,33.1,2023-03-13
8293X,2023-24,XÀTIVA,VALENCIA,88,152,152,110,36,1,0,75,1,116,81,13,31,8,1,2.4,-0.1,2023-12-25,30.8,2024-03-17
8293X,2024-25,XÀTIVA,VALENCIA,88,151,151,113,35,2,0,82,2,87,54,25,17,10,2,1.7,-2.5,2025-01-15,29.0,2025-03-31
8293X,2025-26,XÀTIVA,VALENCIA,88,151,151,120,34,1,0,76,1,79,50,25,19,28,1,2.0,-0.3,2026-01-07,26.2,2025-11-01
8300X,2017-18,CARCAIXENT,VALENCIA,25,151,151,134,69,12,0,82,10,85,61,21,27,16,6,-0.4,-1.6,2017-12-06,29.8,2018-03-28
8300X,2018-19,CARCAIXENT,VALENCIA,25,149,149,137,70,4,0,88,4,103,66,12,22,9,3,1.2,-2.1,2019-01-11,29.9,2019-03-03
8300X,2019-20,CARCAIXENT,VALENCIA,25,149,149,110,34,0,0,73,0,92,67,26,26,10,0,2.3,0.1,2020-01-12,29.0,2020-03-11
8300X,2020-21,CARCAIXENT,VALENCIA,25,151,151,112,35,4,0,72,4,95,53,22,22,20,3,0.9,-1.9,2021-01-06,28.3,2020-11-01
8300X,2021-22,CARCAIXENT,VALENCIA,25,151,151,123,48,1,0,83,1,79,51,38,17,17,1,1.2,-0.3,2022-01-16,28.2,2022-02-02
8300X,2022-23,CARCAIXENT,VALENCIA,25,151,151,115,43,11,2,79,10,103,75,15,28,13,4,-0.7,-4.0,2023-01-22,32.5,2023-03-13
8300X,2023-24,CARCAIXENT,VALENCIA,25,150,150,112,39,3,0,73,3,122,91,13,33,8,2,2.1,-0.7,2023-12-27,30.7,2024-03-17
8300X,2024-25,CARCAIXENT,VALENCIA,25,151,151,115,52,3,0,82,3,93,64,33,21,10,3,1.1,-2.4,2025-01-16,29.6,2025-03-31
8300X,2025-26,CARCAIXENT,VALENCIA,25,151,151,123,51,3,0,76,2,83,59,27,19,28,2,2.0,-0.7,2026-01-07,26.6,2025-11-01
8309X,2017-18,UTIEL,VALENCIA,758,151,151,151,126,56,13,90,40,24,13,30,9,56,9,-4.1,-5.9,2017-12-06,22.9,2018-03-28
8309X,2018-19,UTIEL,VALENCIA,758,151,151,149,128,66,11,90,54,32,20,15,8,35,17,-3.5,-5.4,2019-01-05,26.3,2019-03-16
8309X,2019-20,UTIEL,VALENCIA,758,149,149,143,100,30,8,89,27,30,19,25,9,51,19,-3.1,-6.0,2020-01-13,27.2,2020-03-12
8309X,2020-21,UTIEL,VALENCIA,758,148,148,142,110,30,12,87,25,30,15,27,5,59,7,-4.6,-11.5,2021-01-12,26.6,2020-11-01
8309X,2021-22,UTIEL,VALENCIA,758,151,151,150,110,38,11,90,36,26,9,28,4,27,12,-3.7,-5.9,2022-01-19,23.8,2022-02-17
8309X,2022-23,UTIEL,VALENCIA,758,147,147,138,104,47,15,85,40,44,24,14,10,25,13,-4.0,-6.4,2023-01-31,27.7,2023-03-29
8309X,2023-24,UTIEL,VALENCIA,758,152,152,145,102,28,13,89,24,38,23,24,11,42,6,-3.6,-5.4,2023-12-26,26.3,2024-03-19
8309X,2024-25,UTIEL,VALENCIA,758,151,151,148,105,28,9,90,27,26,7,26,4,51,8,-3.3,-7.8,2025-01-13,24.6,2025-03-31
8309X,2025-26,UTIEL,VALENCIA,758,147,147,145,116,25,3,84,18,20,10,34,7,75,5,-2.1,-4.5,2026-01-07,23.1,2026-03-25
8325X,2017-18,POLINYÀ DE XÚQUER,VALENCIA,11,151,151,113,32,0,0,75,0,67,33,22,11,18,0,2.3,1.4,2018-02-23,29.7,2018-03-28
8325X,2018-19,POLINYÀ DE XÚQUER,VALENCIA,11,151,151,120,27,0,0,79,0,68,30,9,20,11,0,3.6,0.7,2019-01-10,28.5,2019-03-17
8325X,2019-20,POLINYÀ DE XÚQUER,VALENCIA,11,122,122,82,14,0,0,59,0,55,38,24,18,22,0,4.2,2.1,2020-01-03,26.7,2019-11-01
8325X,2020-21,POLINYÀ DE XÚQUER,VALENCIA,11,146,146,94,21,0,0,60,0,56,23,6,7,22,0,3.5,1.4,2021-01-06,25.3,2021-01-29
8325X,2021-22,POLINYÀ DE XÚQUER,VALENCIA,11,150,150,106,24,0,0,74,0,45,20,31,7,19,0,3.0,2.4,2022-01-16,25.7,2021-11-01
8325X,2022-23,POLINYÀ DE XÚQUER,VALENCIA,11,150,150,100,34,2,0,71,1,72,51,12,15,29,1,2.0,-0.6,2023-01-23,31.4,2023-03-30
8325X,2023-24,POLINYÀ DE XÚQUER,VALENCIA,11,148,148,97,18,0,0,65,0,86,51,16,19,10,0,3.3,0.8,2024-01-12,27.7,2023-11-02
8325X,2024-25,POLINYÀ DE XÚQUER,VALENCIA,11,141,141,97,21,0,0,70,0,55,22,29,11,15,0,3.3,0.0,2025-01-16,26.4,2025-01-27
8337X,2017-18,TURÍS,VALENCIA,186,151,151,131,80,15,0,82,13,66,40,20,13,16,6,-1.3,-2.9,2018-02-23,28.6,2018-03-28
8337X,2018-19,TURÍS,VALENCIA,186,151,151,133,74,8,0,84,8,82,42,16,23,9,3,0.2,-2.3,2019-01-11,28.0,2019-03-10
8337X,2019-20,TURÍS,VALENCIA,186,152,152,118,46,4,0,74,4,73,48,11,25,13,3,1.0,-1.4,2020-01-13,28.4,2020-03-11
8337X,2020-21,TURÍS,VALENCIA,186,151,151,121,57,2,0,74,2,76,40,10,15,25,1,1.3,-3.0,2021-01-06,28.5,2020-11-01
8337X,2021-22,TURÍS,VALENCIA,186,148,148,123,65,10,0,80,10,67,35,9,12,17,6,-0.5,-1.9,2022-01-18,27.0,2022-02-18
8337X,2022-23,TURÍS,VALENCIA,186,151,151,115,64,23,3,76,20,89,64,11,27,18,14,-1.4,-5.1,2023-01-23,30.8,2023-03-13
8337X,2023-24,TURÍS,VALENCIA,186,152,152,115,41,4,0,74,4,102,76,11,27,8,2,1.0,-1.6,2023-12-19,29.4,2024-03-17
8337X,2024-25,TURÍS,VALENCIA,186,150,150,118,42,4,0,81,4,70,44,21,12,15,4,0.9,-2.8,2025-01-14,29.0,2025-03-31
8337X,2025-26,TURÍS,VALENCIA,186,151,151,126,45,1,0,79,1,61,42,28,18,32,1,1.8,-1.3,2026-01-06,25.9,2026-03-25
8354X,2017-18,ALBARRACÍN,TERUEL,1130,142,142,142,136,80,36,90,62,5,0,31,2,62,16,-6.6,-12.3,2018-02-08,19.6,2018-03-28
8354X,2018-19,ALBARRACÍN,TERUEL,1130,146,146,146,138,92,32,89,69,12,5,15,3,78,17,-6.3,-9.0,2019-01-11,23.0,2019-03-16
8354X,2019-20,ALBARRACÍN,TERUEL,1130,151,151,150,131,60,15,91,48,13,7,24,4,93,14,-3.7,-7.7,2020-01-12,25.6,2020-03-12
8354X,2020-21,ALBARRACÍN,TERUEL,1130,150,150,150,140,66,28,89,46,14,4,30,4,55,15,-6.3,-17.2,2021-01-12,23.2,2020-11-01
8354X,2021-22,ALBARRACÍN,TERUEL,1130,151,151,151,144,76,34,90,56,9,5,25,5,59,24,-7.2,-9.3,2022-01-14,22.5,2021-12-31
8354X,2022-23,ALBARRACÍN,TERUEL,1130,151,151,148,126,72,41,89,60,26,14,22,7,56,32,-6.6,-10.1,2023-03-01,24.5,2023-03-29
8354X,2023-24,ALBARRACÍN,TERUEL,1130,152,151,151,124,54,14,91,44,32,18,31,9,27,7,-4.6,-6.8,2024-01-12,25.4,2024-03-22
8354X,2024-25,ALBARRACÍN,TERUEL,1130,151,151,151,129,59,26,90,49,10,2,26,2,58,11,-5.2,-10.0,2025-01-14,23.6,2025-03-31
8354X,2025-26,ALBARRACÍN,TERUEL,1130,151,151,150,135,58,12,90,35,16,9,29,7,99,5,-4.0,-8.0,2026-01-05,22.5,2026-03-17
8368U,2017-18,TERUEL,TERUEL,902,151,151,151,141,85,44,90,61,16,5,21,5,61,14,-7.0,-11.0,2018-02-08,22.8,2018-03-28
8368U,2018-19,TERUEL,TERUEL,902,151,151,151,139,96,37,90,70,29,16,13,11,64,17,-6.2,-9.4,2019-01-11,25.9,2019-03-16
8368U,2019-20,TERUEL,TERUEL,902,152,152,151,131,67,25,90,55,34,15,23,6,37,29,-5.1,-8.6,2020-01-13,28.0,2020-03-12
8368U,2020-21,TERUEL,TERUEL,902,151,151,150,136,65,27,90,48,27,16,23,5,69,27,-8.1,-21.0,2021-01-12,26.3,2020-11-02
8368U,2021-22,TERUEL,TERUEL,902,151,151,151,129,72,40,90,60,16,7,22,5,59,24,-7.8,-9.1,2022-01-14,24.8,2022-02-18
8368U,2022-23,TERUEL,TERUEL,902,151,151,149,128,73,34,90,59,40,25,14,12,49,29,-6.8,-9.0,2023-01-30,27.0,2023-03-29
8368U,2023-24,TERUEL,TERUEL,902,152,152,151,129,57,17,91,43,44,24,21,12,42,11,-4.9,-7.4,2023-12-27,28.2,2024-03-22
8368U,2024-25,TERUEL,TERUEL,902,151,151,149,122,58,27,90,50,20,6,20,7,74,13,-5.9,-9.6,2025-01-14,25.7,2025-03-31
8368U,2025-26,TERUEL,TERUEL,902,151,151,151,134,59,13,90,40,23,12,26,7,70,8,-3.5,-8.9,2026-01-07,23.8,2026-03-17
8376,2017-18,JABALOYAS,TERUEL,1430,149,149,149,134,75,30,88,51,0,0,29,0,95,13,-5.9,-9.0,2018-02-07,16.5,2018-01-22
8376,2018-19,JABALOYAS,TERUEL,1430,149,149,149,128,39,10,88,28,3,1,18,2,83,6,-3.8,-6.7,2019-01-11,20.0,2019-03-16
8376,2019-20,JABALOYAS,TERUEL,1430,151,151,149,120,38,6,90,15,5,2,28,3,60,7,-2.8,-6.2,2020-01-20,21.9,2020-03-11
8376,2020-21,JABALOYAS,TERUEL,1430,151,151,148,126,46,22,90,36,3,2,31,2,133,21,-6.0,-7.8,2021-01-10,21.1,2020-11-02
8376,2021-22,JABALOYAS,TERUEL,1430,151,151,149,137,47,8,88,34,5,0,24,3,59,8,-3.0,-5.1,2022-01-06,19.7,2021-12-31
8376,2022-23,JABALOYAS,TERUEL,1430,151,151,150,106,46,28,90,39,9,1,26,3,125,19,-6.4,-9.7,2023-03-01,21.0,2023-03-29
8376,2023-24,JABALOYAS,TERUEL,1430,152,152,147,99,38,5,89,24,13,5,32,7,65,9,-2.1,-6.2,2024-01-12,21.0,2024-01-25
8376,2024-25,JABALOYAS,TERUEL,1430,151,151,151,120,52,5,90,37,1,1,38,1,150,9,-2.3,-5.5,2025-03-15,21.3,2025-03-31
8376,2025-26,JABALOYAS,TERUEL,1430,151,151,151,129,54,10,90,40,2,0,43,1,113,6,-3.5,-8.2,2026-01-05,18.1,2026-02-22
8381X,2017-18,ADEMUZ,VALENCIA,705,150,150,149,137,87,40,90,63,24,14,27,10,40,14,-6.9,-9.0,2017-12-06,23.9,2018-03-28
8381X,2018-19,ADEMUZ,VALENCIA,705,151,151,151,136,90,37,90,69,39,22,14,13,58,17,-6.3,-9.2,2019-01-11,27.6,2019-03-16
8381X,2019-20,ADEMUZ,VALENCIA,705,152,152,149,130,66,25,89,53,36,24,29,6,38,16,-5.5,-8.4,2020-01-13,28.5,2020-03-11
8381X,2020-21,ADEMUZ,VALENCIA,705,151,151,151,136,66,24,90,48,41,22,31,6,44,23,-6.8,-15.5,2021-01-12,28.1,2020-11-01
8381X,2021-22,ADEMUZ,VALENCIA,705,151,151,151,128,80,38,90,64,25,8,18,4,39,20,-8.4,-10.0,2022-01-19,25.7,2022-02-18
8381X,2022-23,ADEMUZ,VALENCIA,705,151,151,145,127,79,37,89,63,46,31,16,13,32,24,-6.5,-8.6,2023-01-30,28.2,2023-03-29
8381X,2023-24,ADEMUZ,VALENCIA,705,152,152,150,125,67,24,90,51,53,36,28,13,21,11,-5.7,-9.0,2023-12-27,27.8,2024-03-22
8381X,2024-25,ADEMUZ,VALENCIA,705,151,151,146,119,60,24,90,51,28,9,30,8,69,12,-6.2,-9.2,2025-01-15,28.0,2025-03-31
8381X,2025-26,ADEMUZ,VALENCIA,705,151,151,150,127,57,15,89,38,30,18,32,7,64,8,-4.3,-7.1,2026-01-07,24.6,2026-02-24
8395X,2017-18,CHELVA,VALENCIA,515,150,150,138,80,13,0,85,13,41,22,24,9,26,6,-0.5,-2.4,2018-02-23,25.5,2018-03-28
8395X,2018-19,CHELVA,VALENCIA,515,150,150,144,84,6,0,89,6,58,34,18,8,15,2,0.2,-2.1,2019-01-11,26.8,2019-03-10
8395X,2019-20,CHELVA,VALENCIA,515,151,151,126,52,4,0,80,4,59,36,24,11,17,1,0.9,-1.0,2020-01-12,27.6,2020-03-11
8395X,2020-21,CHELVA,VALENCIA,515,151,151,137,67,11,2,83,11,55,37,22,7,26,6,-0.6,-4.5,2021-01-12,28.9,2020-11-02
8395X,2021-22,CHELVA,VALENCIA,515,140,140,133,59,14,1,84,14,50,27,25,7,18,9,-0.6,-3.1,2022-01-19,28.2,2022-02-02
8395X,2022-23,CHELVA,VALENCIA,515,151,151,122,64,18,0,82,15,75,57,14,25,19,7,-1.1,-2.9,2023-01-29,29.2,2023-03-12
8395X,2023-24,CHELVA,VALENCIA,515,151,151,117,52,1,0,80,1,84,55,18,12,8,1,1.4,-2.0,2024-01-12,29.6,2024-01-25
8395X,2024-25,CHELVA,VALENCIA,515,149,149,130,56,11,1,84,11,46,29,11,7,26,4,-0.3,-3.2,2025-01-14,26.8,2025-03-31
8395X,2025-26,CHELVA,VALENCIA,515,140,140,128,55,4,0,85,4,46,24,19,8,32,3,1.7,-2.4,2026-01-06,25.8,2026-02-24
8409X,2017-18,LLÍRIA,VALENCIA,198,151,151,138,81,13,0,88,11,71,41,17,12,17,2,-0.3,-2.2,2018-02-22,29.2,2018-03-28
8409X,2018-19,LLÍRIA,VALENCIA,198,151,151,137,70,4,0,86,4,88,50,15,22,10,2,1.1,-1.3,2019-01-11,28.8,2019-03-17
8409X,2019-20,LLÍRIA,VALENCIA,198,152,152,128,44,2,0,81,1,83,53,25,15,10,1,1.8,-0.9,2020-01-14,28.6,2019-11-01
8409X,2020-21,LLÍRIA,VALENCIA,198,151,151,121,45,8,1,78,8,77,46,23,15,24,2,-0.1,-3.2,2021-01-05,27.2,2020-11-01
8409X,2021-22,LLÍRIA,VALENCIA,198,151,151,130,53,5,0,85,4,74,38,25,15,17,1,0.8,-1.3,2022-01-07,27.9,2022-02-18
8409X,2022-23,LLÍRIA,VALENCIA,198,151,151,122,57,14,1,84,11,89,68,13,27,17,9,-1.1,-3.2,2023-03-02,31.2,2023-03-30
8409X,2023-24,LLÍRIA,VALENCIA,198,151,151,119,52,0,0,78,0,111,81,9,32,9,0,2.0,0.4,2024-01-13,29.6,2023-11-14
8409X,2024-25,LLÍRIA,VALENCIA,198,151,151,127,50,3,0,88,3,83,48,26,18,11,2,1.1,-3.0,2025-01-15,28.9,2025-03-31
8409X,2025-26,LLÍRIA,VALENCIA,198,150,150,134,50,3,1,81,2,69,48,23,19,29,2,1.4,-4.1,2026-01-07,25.0,2025-11-02
8414A,2017-18,VALENCIA AEROPUERTO,VALENCIA,56,151,151,132,73,13,0,85,13,74,42,18,14,17,5,-0.6,-2.2,2017-12-05,29.7,2018-03-28
8414A,2018-19,VALENCIA AEROPUERTO,VALENCIA,56,151,151,131,64,3,0,86,3,94,48,15,22,10,2,0.6,-1.7,2019-01-11,29.6,2019-03-17
8414A,2019-20,VALENCIA AEROPUERTO,VALENCIA,56,152,152,113,40,3,0,76,3,87,58,20,25,13,3,1.4,-1.8,2020-01-13,29.6,2020-02-04
8414A,2020-21,VALENCIA AEROPUERTO,VALENCIA,56,151,151,112,40,9,0,71,9,75,40,20,17,24,5,-0.4,-2.3,2021-01-06,26.2,2021-01-28
8414A,2021-22,VALENCIA AEROPUERTO,VALENCIA,56,151,151,117,45,5,0,83,5,64,38,29,17,17,3,0.6,-2.0,2022-01-18,27.3,2021-11-01
8414A,2022-23,VALENCIA AEROPUERTO,VALENCIA,56,151,151,107,47,3,0,75,3,92,63,12,27,14,1,1.2,-1.2,2023-01-27,32.2,2023-03-30
8414A,2023-24,VALENCIA AEROPUERTO,VALENCIA,56,152,152,100,31,1,0,69,1,113,79,11,32,9,1,1.6,-0.4,2023-12-27,29.4,2023-11-14
8414A,2024-25,VALENCIA AEROPUERTO,VALENCIA,56,151,151,101,31,1,0,75,1,87,52,22,24,10,1,2.1,-2.2,2025-01-15,27.0,2025-03-31
8414A,2025-26,VALENCIA AEROPUERTO,VALENCIA,56,150,150,109,25,2,0,68,2,76,49,23,19,15,2,2.9,-0.5,2026-01-07,26.2,2025-11-02
8416,2017-18,VALÈNCIA,VALENCIA,13,151,151,92,18,0,0,67,0,79,50,21,25,17,0,4.0,2.6,2018-02-09,30.0,2018-03-28
8416,2018-19,VALÈNCIA,VALENCIA,13,151,151,109,12,0,0,80,0,94,55,17,21,10,0,4.5,1.7,2019-01-11,29.8,2019-03-17
8416,2019-20,VALÈNCIA,VALENCIA,13,152,152,66,8,0,0,52,0,91,58,21,23,10,0,4.9,2.6,2020-01-13,30.1,2019-11-01
8416,2020-21,VALÈNCIA,VALENCIA,13,151,151,84,20,0,0,56,0,83,44,18,22,22,0,3.2,0.8,2021-01-12,26.0,2021-01-29
8416,2021-22,VALÈNCIA,VALENCIA,13,151,151,100,12,0,0,69,0,72,41,28,17,16,0,4.3,2.9,2022-01-18,27.8,2021-11-01
8416,2022-23,VALÈNCIA,VALENCIA,13,151,151,85,24,0,0,69,0,93,65,10,18,14,0,4.0,1.9,2023-01-31,31.2,2023-03-30
8416,2023-24,VALÈNCIA,VALENCIA,13,152,152,71,7,0,0,55,0,117,73,12,33,7,0,5.3,3.7,2023-12-28,30.0,2023-11-14
8416,2024-25,VALÈNCIA,VALENCIA,13,151,151,62,3,0,0,53,0,97,59,25,37,10,0,5.6,2.8,2025-01-15,27.1,2025-01-27
8416,2025-26,VALÈNCIA,VALENCIA,13,151,151,77,2,0,0,52,0,84,47,28,20,12,0,6.0,2.1,2026-01-06,27.8,2025-11-02
8416X,2017-18,"VALENCIA, UPV",VALENCIA,6,146,146,102,18,0,0,70,0,58,33,18,11,18,0,4.0,1.2,2018-02-09,29.6,2018-03-28
8416X,2018-19,"VALENCIA, UPV",VALENCIA,6,142,142,108,17,0,0,80,0,69,28,14,9,10,0,4.2,2.7,2019-01-11,29.5,2019-03-17
8416X,2019-20,"VALENCIA, UPV",VALENCIA,6,152,152,76,7,0,0,56,0,66,46,9,16,17,0,5.0,2.4,2020-01-14,28.9,2019-11-01
8416X,2020-21,"VALENCIA, UPV",VALENCIA,6,151,151,79,14,0,0,54,0,61,33,16,8,22,0,4.1,1.4,2021-01-12,26.1,2021-01-27
8416X,2021-22,"VALENCIA, UPV",VALENCIA,6,150,150,91,9,0,0,68,0,51,25,15,10,18,0,4.7,3.4,2022-01-18,27.0,2021-11-01
8416X,2022-23,"VALENCIA, UPV",VALENCIA,6,151,151,79,17,0,0,63,0,79,54,9,18,17,0,4.0,2.2,2023-01-31,29.4,2023-03-26
8416X,2023-24,"VALENCIA, UPV",VALENCIA,6,141,141,61,4,0,0,51,0,81,52,9,16,9,0,6.5,4.5,2023-12-25,29.0,2023-11-14
8416X,2024-25,"VALENCIA, UPV",VALENCIA,6,127,127,58,4,0,0,49,0,59,24,17,7,10,0,5.8,2.9,2025-01-15,25.5,2025-01-27
8416Y,2017-18,"VALÈNCIA, VIVEROS",VALENCIA,13,151,151,102,18,0,0,70,0,77,48,19,25,17,0,4.1,2.5,2018-02-08,30.0,2018-03-28
8416Y,2018-19,"VALÈNCIA, VIVEROS",VALENCIA,13,150,150,112,15,0,0,82,0,88,51,16,12,10,0,4.4,1.8,2019-01-11,29.8,2019-03-17
8416Y,2019-20,"VALÈNCIA, VIVEROS",VALENCIA,13,142,142,66,5,0,0,46,0,87,57,20,23,13,0,5.3,2.7,2020-01-13,30.0,2019-11-01
8416Y,2020-21,"VALÈNCIA, VIVEROS",VALENCIA,13,149,149,82,15,0,0,55,0,72,40,18,20,22,0,3.6,1.1,2021-01-12,26.1,2021-01-27
8416Y,2021-22,"VALÈNCIA, VIVEROS",VALENCIA,13,150,150,97,11,0,0,69,0,65,41,28,17,17,0,4.4,2.9,2022-01-18,27.9,2021-11-01
8416Y,2022-23,"VALÈNCIA, VIVEROS",VALENCIA,13,147,147,82,22,0,0,66,0,86,59,10,14,14,0,4.1,2.1,2023-01-31,30.9,2023-03-30
8416Y,2023-24,"VALÈNCIA, VIVEROS",VALENCIA,13,152,152,74,6,0,0,57,0,114,72,11,33,7,0,5.7,3.7,2023-12-28,30.0,2023-11-14
8416Y,2024-25,"VALÈNCIA, VIVEROS",VALENCIA,13,147,147,65,4,0,0,56,0,94,55,22,18,8,0,5.6,2.8,2025-01-15,26.9,2025-01-27
8416Y,2025-26,"VALÈNCIA, VIVEROS",VALENCIA,13,149,149,84,2,0,0,56,0,80,42,26,18,12,0,6.0,2.1,2026-01-06,27.7,2025-11-02
8439X,2017-18,SEGORBE,CASTELLON,400,151,151,141,94,15,1,87,13,60,28,21,11,16,4,-1.2,-3.1,2018-02-24,29.1,2018-03-28
8439X,2018-19,SEGORBE,CASTELLON,400,149,149,141,92,10,0,90,10,50,29,14,8,16,3,-0.4,-1.8,2019-02-17,26.4,2019-03-17
8439X,2019-20,SEGORBE,CASTELLON,400,152,152,141,75,6,0,87,6,52,35,20,10,33,5,0.6,-2.4,2020-01-14,26.4,2019-11-01
8439X,2020-21,SEGORBE,CASTELLON,400,151,151,145,75,12,3,87,12,42,20,22,5,24,4,-0.8,-4.0,2021-01-12,26.8,2021-01-28
8439X,2021-22,SEGORBE,CASTELLON,400,151,151,141,75,8,0,85,8,32,16,29,7,22,6,-0.3,-2.1,2022-01-18,24.5,2022-02-18
8439X,2022-23,SEGORBE,CASTELLON,400,151,151,134,79,16,0,88,12,67,40,16,14,19,5,-0.8,-2.9,2023-01-30,28.8,2023-03-30
8439X,2023-24,SEGORBE,CASTELLON,400,150,150,126,56,4,0,79,4,79,52,13,12,9,2,1.3,-2.4,2024-01-12,28.1,2023-11-14
8439X,2024-25,SEGORBE,CASTELLON,400,151,151,135,63,4,1,86,4,43,19,25,11,17,3,0.3,-3.2,2025-01-15,25.6,2025-03-31
8439X,2025-26,SEGORBE,CASTELLON,400,151,151,137,61,1,0,84,1,43,21,33,7,58,1,1.7,-1.4,2026-01-07,25.1,2026-02-24
8446Y,2017-18,SAGUNT/SAGUNTO,VALENCIA,24,151,151,128,53,3,0,84,3,79,51,18,14,17,1,1.1,-0.8,2018-02-09,28.3,2018-03-28
8446Y,2018-19,SAGUNT/SAGUNTO,VALENCIA,24,147,147,130,70,1,0,85,1,95,49,6,23,11,1,1.2,-0.8,2019-01-13,28.0,2019-03-17
8446Y,2019-20,SAGUNT/SAGUNTO,VALENCIA,24,151,151,104,42,2,0,71,2,82,55,25,24,20,2,2.4,-1.5,2020-01-13,29.6,2019-11-01
8446Y,2020-21,SAGUNT/SAGUNTO,VALENCIA,24,151,151,114,33,4,0,74,4,76,44,20,18,20,3,1.0,-2.6,2021-01-12,29.7,2021-01-28
8446Y,2021-22,SAGUNT/SAGUNTO,VALENCIA,24,151,151,107,44,6,0,77,6,68,38,28,15,16,3,0.7,-2.2,2022-01-18,27.5,2021-11-01
8446Y,2022-23,SAGUNT/SAGUNTO,VALENCIA,24,151,151,112,54,4,0,79,3,91,65,11,26,14,2,0.8,-0.9,2023-01-31,31.6,2023-03-26
8446Y,2023-24,SAGUNT/SAGUNTO,VALENCIA,24,152,152,102,36,3,0,68,3,115,76,12,32,8,1,1.8,-1.1,2023-12-27,28.9,2023-11-14
8446Y,2024-25,SAGUNT/SAGUNTO,VALENCIA,24,151,151,100,26,2,0,76,2,95,58,24,37,10,2,2.2,-2.2,2025-01-15,26.5,2025-03-31
8446Y,2025-26,SAGUNT/SAGUNTO,VALENCIA,24,150,150,114,26,0,0,75,0,78,51,26,20,18,0,3.4,2.0,2026-02-27,26.8,2025-11-02
8458X,2017-18,CEDRILLAS,TERUEL,1380,150,150,150,145,101,56,90,66,0,0,29,0,129,19,-7.5,-11.6,2018-02-09,17.5,2018-03-28
8458X,2018-19,CEDRILLAS,TERUEL,1380,150,150,150,147,100,49,89,71,6,1,21,2,57,33,-6.2,-9.7,2019-01-11,20.9,2019-03-16
8458X,2019-20,CEDRILLAS,TERUEL,1380,152,152,151,140,73,26,91,48,7,2,30,3,94,13,-4.7,-6.4,2020-01-12,22.6,2020-03-12
8458X,2020-21,CEDRILLAS,TERUEL,1380,151,151,151,143,82,37,90,53,4,2,30,2,133,27,-6.3,-15.1,2021-01-12,22.0,2020-11-02
8458X,2021-22,CEDRILLAS,TERUEL,1380,149,149,149,147,92,36,90,65,7,1,23,4,59,24,-7.2,-9.1,2022-01-14,20.5,2021-12-31
8458X,2022-23,CEDRILLAS,TERUEL,1380,151,151,151,135,77,50,90,61,10,4,21,4,125,39,-7.6,-10.4,2023-01-30,22.0,2023-03-29
8458X,2023-24,CEDRILLAS,TERUEL,1380,152,151,152,137,80,24,91,58,17,9,30,7,49,13,-4.8,-10.7,2024-01-12,23.1,2024-03-22
8458X,2024-25,CEDRILLAS,TERUEL,1380,151,151,151,137,82,26,90,63,1,1,27,1,150,15,-6.5,-11.0,2025-01-14,22.1,2025-03-31
8458X,2025-26,CEDRILLAS,TERUEL,1380,151,151,151,142,94,14,90,59,2,0,34,1,113,16,-3.8,-9.6,2026-01-06,18.6,2026-03-17
8472A,2017-18,MONTANEJOS,CASTELLON,601,151,151,138,88,15,1,85,14,32,12,17,9,21,4,-0.6,-3.4,2018-02-24,25.3,2018-03-28
8472A,2018-19,MONTANEJOS,CASTELLON,601,151,151,146,83,7,0,90,7,38,20,13,8,17,3,0.1,-1.8,2019-02-17,26.4,2019-03-16
8472A,2019-20,MONTANEJOS,CASTELLON,601,152,152,139,64,7,0,87,7,37,20,25,5,37,4,0.1,-1.4,2020-01-14,26.4,2020-03-12
8472A,2020-21,MONTANEJOS,CASTELLON,601,151,151,145,69,7,1,86,7,33,17,23,5,34,3,0.1,-3.8,2021-01-06,26.5,2020-11-01
8472A,2021-22,MONTANEJOS,CASTELLON,601,143,143,139,62,11,1,78,11,26,9,23,5,29,5,-1.0,-3.5,2022-01-14,26.8,2022-02-02
8472A,2022-23,MONTANEJOS,CASTELLON,601,150,150,128,75,20,0,85,16,52,35,15,12,23,4,-0.9,-2.8,2023-01-30,27.2,2023-03-30
8472A,2023-24,MONTANEJOS,CASTELLON,601,152,152,136,55,5,0,86,5,68,44,11,13,14,2,0.9,-2.3,2024-01-12,27.9,2023-11-14
8472A,2024-25,MONTANEJOS,CASTELLON,601,151,151,138,60,10,0,87,10,31,13,26,9,33,4,-0.2,-2.6,2025-01-14,26.4,2025-03-31
8472A,2025-26,MONTANEJOS,CASTELLON,601,149,149,137,64,2,0,85,2,37,17,29,7,62,2,1.8,-2.4,2026-01-06,24.4,2026-02-24
8486X,2017-18,MOSQUERUELA,TERUEL,1515,151,151,151,140,94,41,90,63,0,0,18,0,151,19,-6.9,-8.3,2018-02-23,17.7,2018-03-28
8486X,2018-19,MOSQUERUELA,TERUEL,1515,151,151,151,132,52,11,90,35,8,1,18,2,60,8,-3.7,-6.7,2019-01-11,20.1,2019-03-16
8486X,2019-20,MOSQUERUELA,TERUEL,1515,152,152,151,129,51,6,91,24,8,2,30,2,54,9,-2.4,-5.9,2020-01-20,21.2,2020-03-11
8486X,2020-21,MOSQUERUELA,TERUEL,1515,150,150,150,137,58,26,89,42,3,2,28,2,106,20,-6.0,-8.8,2021-01-11,21.5,2020-11-02
8486X,2021-22,MOSQUERUELA,TERUEL,1515,151,151,151,143,74,21,90,47,7,2,28,4,59,19,-5.0,-7.0,2022-01-06,20.7,2021-12-31
8486X,2022-23,MOSQUERUELA,TERUEL,1515,151,151,151,119,59,33,90,49,7,1,24,3,125,19,-7.9,-10.7,2023-02-27,21.0,2023-03-30
8486X,2023-24,MOSQUERUELA,TERUEL,1515,152,152,150,114,46,7,90,31,16,11,27,4,49,13,-2.6,-7.4,2024-01-12,22.6,2024-03-22
8486X,2024-25,MOSQUERUELA,TERUEL,1515,150,150,150,129,66,12,90,50,1,1,36,1,132,13,-3.5,-6.0,2025-03-15,21.3,2025-03-31
8486X,2025-26,MOSQUERUELA,TERUEL,1515,146,146,146,134,71,12,87,45,4,0,43,3,43,7,-4.0,-7.3,2026-01-05,19.1,2025-11-01
8489X,2017-18,VILLAFRANCA DEL CID/VILAFRANCA,CASTELLON,1130,151,151,151,136,74,35,90,55,10,1,0,2,41,16,-6.0,-8.9,2018-02-24,22.3,2018-03-28
8489X,2018-19,VILLAFRANCA DEL CID/VILAFRANCA,CASTELLON,1130,151,151,151,137,77,18,90,57,13,6,12,3,78,26,-4.0,-6.6,2019-01-11,22.8,2019-03-16
8489X,2019-20,VILLAFRANCA DEL CID/VILAFRANCA,CASTELLON,1130,131,131,129,107,49,14,70,35,14,5,27,3,28,12,-3.7,-6.4,2020-01-13,23.2,2020-03-11
8489X,2020-21,VILLAFRANCA DEL CID/VILAFRANCA,CASTELLON,1130,151,151,150,136,59,21,90,42,8,3,27,2,73,17,-4.8,-10.0,2021-01-12,23.6,2020-11-02
8489X,2021-22,VILLAFRANCA DEL CID/VILAFRANCA,CASTELLON,1130,151,151,151,140,59,26,90,44,9,6,30,5,59,20,-5.5,-8.2,2022-01-14,23.0,2021-12-31
8489X,2022-23,VILLAFRANCA DEL CID/VILAFRANCA,CASTELLON,1130,151,151,148,120,64,35,89,55,27,12,16,5,65,32,-6.2,-8.5,2023-01-30,24.9,2023-03-30
8489X,2023-24,VILLAFRANCA DEL CID/VILAFRANCA,CASTELLON,1130,152,152,150,114,38,9,91,28,34,17,16,10,31,6,-3.2,-7.4,2024-01-12,25.1,2023-11-14
8489X,2024-25,VILLAFRANCA DEL CID/VILAFRANCA,CASTELLON,1130,151,151,151,128,53,18,90,43,5,2,32,1,59,11,-4.6,-7.8,2025-01-14,23.1,2025-03-31
8489X,2025-26,VILLAFRANCA DEL CID/VILAFRANCA,CASTELLON,1130,151,151,150,134,48,4,89,28,5,1,36,3,108,5,-2.5,-6.1,2026-01-06,20.0,2026-02-24
8492X,2017-18,ATZENETA DEL MAESTRAT,CASTELLON,420,151,151,147,104,29,4,88,26,52,31,14,11,17,5,-2.4,-4.5,2018-02-24,26.0,2018-03-28
8492X,2018-19,ATZENETA DEL MAESTRAT,CASTELLON,420,151,151,146,114,25,2,90,24,64,30,13,8,18,6,-1.9,-3.9,2019-02-17,26.9,2019-03-17
8492X,2019-20,ATZENETA DEL MAESTRAT,CASTELLON,420,152,152,145,92,15,3,88,14,68,47,22,15,13,5,-1.4,-3.9,2020-01-12,26.6,2020-03-11
8492X,2020-21,ATZENETA DEL MAESTRAT,CASTELLON,420,151,151,147,94,19,5,89,18,57,31,22,7,24,5,-2.1,-5.6,2021-01-12,27.9,2020-11-01
8492X,2021-22,ATZENETA DEL MAESTRAT,CASTELLON,420,151,151,145,87,27,10,88,26,52,25,24,9,18,9,-3.3,-4.5,2022-01-14,27.2,2022-02-02
8492X,2022-23,ATZENETA DEL MAESTRAT,CASTELLON,420,151,151,139,97,34,6,89,31,79,51,15,25,16,10,-2.8,-5.3,2023-01-30,28.5,2023-03-31
8492X,2023-24,ATZENETA DEL MAESTRAT,CASTELLON,420,152,152,138,74,16,2,82,15,95,71,9,14,10,5,-1.1,-4.7,2024-01-12,28.7,2024-03-17
8492X,2024-25,ATZENETA DEL MAESTRAT,CASTELLON,420,151,151,141,83,22,3,89,22,55,29,31,9,14,8,-1.6,-5.2,2025-01-14,27.1,2025-03-31
8492X,2025-26,ATZENETA DEL MAESTRAT,CASTELLON,420,151,151,145,86,5,0,89,2,58,35,30,10,28,2,0.2,-1.8,2026-01-07,24.3,2026-02-24
8500A,2017-18,CASTELLÓ - ALMASSORA,CASTELLON,43,151,151,124,26,0,0,83,0,72,41,14,14,17,0,3.7,2.0,2018-02-08,26.7,2018-03-28
8500A,2018-19,CASTELLÓ - ALMASSORA,CASTELLON,43,151,151,117,17,0,0,82,0,73,31,11,21,14,0,4.2,3.0,2019-01-11,24.8,2019-03-04
8500A,2019-20,CASTELLÓ - ALMASSORA,CASTELLON,43,152,152,82,5,0,0,60,0,69,44,17,18,21,0,5.3,2.7,2020-01-13,27.3,2019-11-02
8500A,2020-21,CASTELLÓ - ALMASSORA,CASTELLON,43,151,151,93,23,0,0,64,0,60,32,20,15,27,0,3.0,0.8,2021-01-05,28.0,2021-01-29
8500A,2021-22,CASTELLÓ - ALMASSORA,CASTELLON,43,151,151,101,14,0,0,73,0,55,26,27,17,16,0,3.8,2.0,2022-01-18,27.0,2021-11-01
8500A,2022-23,CASTELLÓ - ALMASSORA,CASTELLON,43,151,151,93,24,0,0,73,0,81,50,11,14,17,0,2.8,1.9,2023-01-30,30.8,2023-03-11
8500A,2023-24,CASTELLÓ - ALMASSORA,CASTELLON,43,152,152,83,7,0,0,60,0,102,58,6,19,10,0,5.1,2.9,2024-01-12,28.1,2023-11-02
8500A,2024-25,CASTELLÓ - ALMASSORA,CASTELLON,43,151,150,86,6,0,0,69,0,75,38,26,32,12,0,5.2,1.6,2025-01-15,26.2,2025-01-27
8500A,2025-26,CASTELLÓ - ALMASSORA,CASTELLON,43,151,151,92,4,0,0,65,0,67,40,23,18,27,0,6.0,1.0,2026-01-07,26.2,2026-02-16
8503Y,2017-18,TORREBLANCA,CASTELLON,35,151,151,114,15,0,0,77,0,66,32,13,14,18,0,3.6,1.6,2018-02-08,26.6,2017-11-24
8503Y,2018-19,TORREBLANCA,CASTELLON,35,151,151,102,9,0,0,74,0,62,14,12,16,16,0,4.8,2.3,2019-01-11,24.3,2018-12-09
8503Y,2019-20,TORREBLANCA,CASTELLON,35,152,152,86,4,0,0,58,0,61,38,20,11,20,0,5.8,4.5,2020-01-20,26.7,2019-11-02
8503Y,2020-21,TORREBLANCA,CASTELLON,35,150,150,96,18,0,0,65,0,55,27,17,10,27,0,3.2,1.1,2021-01-11,24.6,2021-02-01
8503Y,2021-22,TORREBLANCA,CASTELLON,35,151,151,104,7,0,0,74,0,53,21,21,17,20,0,5.0,4.1,2022-01-21,25.7,2021-11-01
8503Y,2022-23,TORREBLANCA,CASTELLON,35,151,151,86,21,0,0,71,0,80,50,10,18,17,0,3.8,1.4,2023-03-01,27.1,2023-03-10
8503Y,2023-24,TORREBLANCA,CASTELLON,35,152,152,89,3,0,0,61,0,95,54,10,11,10,0,5.8,3.6,2024-01-12,28.9,2023-11-02
8503Y,2024-25,TORREBLANCA,CASTELLON,35,142,142,82,5,0,0,59,0,66,34,25,18,15,0,5.8,3.2,2025-01-14,24.5,2024-11-20
8503Y,2025-26,TORREBLANCA,CASTELLON,35,147,147,100,7,0,0,66,0,63,34,31,18,18,0,5.8,0.7,2026-01-05,26.1,2026-02-16
8520X,2017-18,LA POBLA DE BENIFASSÀ-FREDES,CASTELLON,1165,151,151,151,126,62,23,90,43,2,0,26,1,124,13,-5.2,-6.9,2018-02-27,19.4,2018-03-28
8520X,2020-21,LA POBLA DE BENIFASSÀ-FREDES,CASTELLON,1165,151,151,148,119,39,15,90,32,2,2,39,2,149,23,-4.4,-6.4,2021-01-11,21.2,2020-11-01
8520X,2021-22,LA POBLA DE BENIFASSÀ-FREDES,CASTELLON,1165,150,150,148,129,36,3,88,25,5,0,38,3,45,7,-1.9,-5.3,2022-01-22,19.6,2021-12-31
8520X,2022-23,LA POBLA DE BENIFASSÀ-FREDES,CASTELLON,1165,151,151,150,96,44,17,90,38,7,2,15,3,125,19,-5.1,-8.4,2023-02-27,22.1,2023-03-30
8520X,2023-24,LA POBLA DE BENIFASSÀ-FREDES,CASTELLON,1165,152,152,143,96,26,3,89,19,12,3,28,3,65,7,-1.6,-4.2,2024-01-12,21.5,2024-01-25
8520X,2024-25,LA POBLA DE BENIFASSÀ-FREDES,CASTELLON,1165,151,151,151,112,27,3,90,20,1,1,45,1,150,8,-2.0,-4.3,2025-01-14,22.3,2025-03-31
8520X,2025-26,LA POBLA DE BENIFASSÀ-FREDES,CASTELLON,1165,151,151,151,120,33,5,90,19,4,1,45,3,112,5,-2.5,-6.6,2026-01-05,20.1,2026-02-24
8523X,2017-18,VINARÒS,CASTELLON,111,151,151,140,64,1,0,85,1,83,42,9,26,12,1,0.8,-0.4,2018-02-09,26.4,2018-01-03
8523X,2018-19,VINARÒS,CASTELLON,111,145,145,137,54,1,0,84,1,89,39,6,24,10,1,1.2,-1.3,2019-02-17,28.0,2019-03-17
8523X,2019-20,VINARÒS,CASTELLON,111,145,145,119,40,1,0,80,1,78,52,20,15,12,1,2.3,-0.5,2020-01-13,27.4,2019-11-02
9001D,2017-18,REINOSA,CANTABRIA,870,137,137,137,128,82,26,80,58,2,0,65,2,102,15,-5.2,-13.2,2018-02-09,18.4,2017-11-02
9001D,2018-19,REINOSA,CANTABRIA,870,151,151,151,143,87,35,90,66,6,3,28,4,115,18,-5.6,-10.0,2019-02-04,20.7,2019-03-16
9001D,2019-20,REINOSA,CANTABRIA,870,152,152,151,132,68,28,91,47,8,2,49,2,94,19,-4.8,-6.6,2019-12-27,20.8,2020-03-11
9001D,2020-21,REINOSA,CANTABRIA,870,148,148,146,126,69,30,90,47,8,4,36,4,121,27,-7.0,-17.5,2021-01-07,22.4,2021-03-31
9001D,2021-22,REINOSA,CANTABRIA,870,151,151,151,131,83,40,90,64,1,0,41,1,106,30,-6.9,-8.8,2022-01-13,18.4,2021-12-15
9001D,2022-23,REINOSA,CANTABRIA,870,151,151,146,114,76,27,88,52,8,3,39,2,111,16,-6.7,-10.1,2023-01-31,22.3,2023-03-29
9001D,2023-24,REINOSA,CANTABRIA,870,144,144,139,124,61,21,86,45,9,5,37,5,65,5,-5.2,-7.6,2024-01-20,24.4,2024-03-22
9001D,2024-25,REINOSA,CANTABRIA,870,141,141,141,112,53,29,86,36,5,2,45,2,77,9,-6.3,-8.0,2024-12-31,21.1,2025-03-31
9001D,2025-26,REINOSA,CANTABRIA,870,149,149,149,132,78,39,88,50,4,1,50,2,41,15,-5.6,-9.2,2025-12-26,20.9,2026-03-17
9001S,2017-18,ALTO CAMPOO,CANTABRIA,1650,151,151,151,147,111,67,90,69,0,0,11,0,151,20,-7.4,-13.1,2018-02-27,15.3,2017-11-20
9001S,2018-19,ALTO CAMPOO,CANTABRIA,1650,151,151,151,142,77,25,90,47,0,0,47,0,151,10,-4.5,-7.4,2019-02-03,16.3,2018-12-25
9001S,2019-20,ALTO CAMPOO,CANTABRIA,1650,148,148,148,136,70,22,89,37,0,0,70,0,119,11,-5.0,-8.9,2020-03-31,16.0,2020-02-23
9001S,2020-21,ALTO CAMPOO,CANTABRIA,1650,143,143,143,131,73,37,87,49,0,0,65,0,99,21,-7.0,-12.4,2021-01-08,15.5,2020-11-17
9001S,2021-22,ALTO CAMPOO,CANTABRIA,1650,149,149,149,145,85,27,90,48,0,0,58,0,148,19,-4.9,-6.6,2022-03-05,14.2,2022-02-02
9001S,2022-23,ALTO CAMPOO,CANTABRIA,1650,143,143,143,132,68,39,87,52,0,0,67,0,49,27,-7.4,-8.5,2023-02-27,15.1,2023-03-28
9001S,2023-24,ALTO CAMPOO,CANTABRIA,1650,141,141,140,107,51,16,80,29,3,1,66,2,56,20,-3.9,-7.5,2024-01-19,20.0,2024-03-22
9001S,2024-25,ALTO CAMPOO,CANTABRIA,1650,147,147,147,133,78,25,86,52,0,0,62,0,77,15,-4.8,-7.5,2025-02-08,16.9,2025-03-31
9001S,2025-26,ALTO CAMPOO,CANTABRIA,1650,135,135,135,128,70,33,81,51,0,0,69,0,63,13,-6.2,-9.2,2026-01-04,15.5,2026-03-17
9012E,2017-18,SANTA GADEA DE ALFOZ,BURGOS,915,151,151,150,132,57,10,89,41,0,0,84,0,151,10,-4.2,-7.4,2018-02-27,17.6,2017-11-01
9012E,2018-19,SANTA GADEA DE ALFOZ,BURGOS,915,151,151,151,135,27,4,90,24,5,0,46,3,116,6,-1.9,-5.8,2019-02-04,18.9,2019-03-16
9012E,2019-20,SANTA GADEA DE ALFOZ,BURGOS,915,145,144,143,115,27,2,83,17,2,0,50,1,68,3,-1.8,-4.3,2019-12-27,19.9,2020-03-11
9012E,2020-21,SANTA GADEA DE ALFOZ,BURGOS,915,151,151,150,120,36,9,90,30,4,1,52,4,147,17,-3.7,-9.0,2021-01-07,21.6,2021-03-31
9012E,2021-22,SANTA GADEA DE ALFOZ,BURGOS,915,151,151,151,124,38,7,90,30,0,0,57,0,151,9,-2.7,-3.8,2022-01-22,16.5,2021-12-30
9012E,2022-23,SANTA GADEA DE ALFOZ,BURGOS,915,151,151,149,109,39,7,90,34,4,2,45,2,135,8,-3.0,-4.8,2023-02-10,21.6,2023-03-29
9012E,2023-24,SANTA GADEA DE ALFOZ,BURGOS,915,152,152,149,115,29,4,90,23,7,3,54,5,77,5,-1.9,-5.4,2024-01-20,23.1,2024-03-22
9012E,2024-25,SANTA GADEA DE ALFOZ,BURGOS,915,151,150,151,107,32,5,90,26,2,0,52,1,97,6,-2.6,-4.9,2024-12-31,19.9,2025-03-31
9012E,2025-26,SANTA GADEA DE ALFOZ,BURGOS,915,149,149,148,118,28,3,89,22,7,1,64,2,67,5,-2.5,-3.7,2026-01-04,20.9,2026-03-17
9016X,2017-18,"VALDERREDIBLE, CUBILLO DE EBRO",CANTABRIA,770,151,151,149,135,88,36,89,60,4,2,58,2,130,15,-6.5,-8.6,2018-02-09,20.3,2017-11-01
9016X,2018-19,"VALDERREDIBLE, CUBILLO DE EBRO",CANTABRIA,770,151,151,151,135,86,36,90,61,20,8,35,4,91,20,-6.2,-11.3,2019-01-06,22.8,2019-02-25
9016X,2019-20,"VALDERREDIBLE, CUBILLO DE EBRO",CANTABRIA,770,150,150,147,116,58,24,88,38,14,6,46,4,53,13,-5.8,-8.1,2020-01-01,22.1,2020-03-11
9016X,2020-21,"VALDERREDIBLE, CUBILLO DE EBRO",CANTABRIA,770,151,151,148,123,63,29,89,41,12,5,40,4,120,22,-6.3,-10.1,2021-01-07,24.4,2021-03-31
9016X,2021-22,"VALDERREDIBLE, CUBILLO DE EBRO",CANTABRIA,770,151,151,151,132,83,47,90,62,4,0,44,1,59,25,-8.6,-10.1,2022-01-15,18.6,2022-03-15
9016X,2022-23,"VALDERREDIBLE, CUBILLO DE EBRO",CANTABRIA,770,151,151,146,116,68,27,88,45,16,5,45,2,96,16,-5.7,-9.2,2023-02-11,23.9,2023-03-29
9016X,2023-24,"VALDERREDIBLE, CUBILLO DE EBRO",CANTABRIA,770,152,152,144,121,58,19,89,43,21,7,44,5,65,8,-5.1,-8.5,2023-12-18,27.4,2024-03-22
9016X,2024-25,"VALDERREDIBLE, CUBILLO DE EBRO",CANTABRIA,770,146,146,146,118,54,20,90,38,6,4,44,4,116,9,-5.6,-10.9,2025-01-14,23.7,2025-03-31
9016X,2025-26,"VALDERREDIBLE, CUBILLO DE EBRO",CANTABRIA,770,146,146,143,119,54,14,86,37,15,8,54,4,74,8,-3.4,-5.8,2026-01-07,23.1,2026-03-17
9019B,2017-18,"VALDERREDIBLE, POLIENTES   ",CANTABRIA,720,151,151,149,134,77,27,89,52,5,2,59,2,126,10,-5.3,-7.7,2018-02-23,20.6,2017-11-01
9019B,2018-19,"VALDERREDIBLE, POLIENTES   ",CANTABRIA,720,151,151,151,132,81,28,90,58,21,7,33,4,88,20,-5.3,-10.9,2019-01-06,22.8,2019-02-25
9019B,2019-20,"VALDERREDIBLE, POLIENTES   ",CANTABRIA,720,138,138,135,104,45,15,79,29,15,7,42,4,31,9,-3.9,-6.5,2020-01-06,22.3,2020-03-11
9019B,2020-21,"VALDERREDIBLE, POLIENTES   ",CANTABRIA,720,151,151,146,119,54,18,89,39,13,6,38,5,101,9,-5.2,-6.9,2021-01-04,24.6,2021-03-31
9019B,2021-22,"VALDERREDIBLE, POLIENTES   ",CANTABRIA,720,151,151,151,133,73,35,90,58,7,0,44,2,59,25,-7.7,-9.6,2022-01-15,19.5,2022-02-28
9019B,2022-23,"VALDERREDIBLE, POLIENTES   ",CANTABRIA,720,151,151,145,113,58,23,87,39,19,7,39,4,95,13,-4.9,-8.5,2023-02-11,24.1,2023-03-29
9019B,2023-24,"VALDERREDIBLE, POLIENTES   ",CANTABRIA,720,146,146,138,115,50,12,83,38,21,8,40,6,65,5,-4.0,-7.7,2024-01-20,27.7,2024-03-22
9019B,2024-25,"VALDERREDIBLE, POLIENTES   ",CANTABRIA,720,148,148,148,111,53,14,88,39,10,7,42,7,100,9,-5.1,-9.6,2025-01-14,24.0,2025-03-31
9019B,2025-26,"VALDERREDIBLE, POLIENTES   ",CANTABRIA,720,144,144,140,111,47,5,86,36,17,9,54,6,62,8,-2.7,-4.2,2026-01-07,23.7,2026-03-17
9027X,2017-18,SARGENTES DE LA LORA,BURGOS,1017,148,151,148,137,94,30,90,66,3,0,67,2,135,16,-6.1,-9.8,2018-02-27,18.3,2017-11-01
9027X,2018-19,SARGENTES DE LA LORA,BURGOS,1017,138,140,138,131,62,12,85,47,10,4,41,4,63,9,-3.3,-8.7,2019-02-03,21.9,2019-02-25
9027X,2019-20,SARGENTES DE LA LORA,BURGOS,1017,152,152,151,131,56,11,91,37,11,3,54,4,57,8,-3.8,-7.0,2019-12-27,20.4,2020-02-23
9027X,2020-21,SARGENTES DE LA LORA,BURGOS,1017,133,133,133,117,58,18,73,41,6,3,46,4,82,19,-6.6,-10.6,2021-01-07,23.4,2021-03-31
9027X,2021-22,SARGENTES DE LA LORA,BURGOS,1017,143,143,143,133,73,27,90,55,2,1,43,1,49,18,-5.4,-6.7,2022-01-13,20.1,2022-02-02
9031C,2017-18,BRIVIESCA,BURGOS,730,151,151,148,121,51,14,88,39,2,0,46,1,124,7,-3.8,-7.6,2018-02-27,18.7,2017-11-22
9031C,2018-19,BRIVIESCA,BURGOS,730,151,151,150,124,55,10,90,42,9,3,32,2,113,13,-3.6,-6.6,2019-01-03,22.7,2019-03-16
9031C,2019-20,BRIVIESCA,BURGOS,730,152,152,147,106,33,7,89,25,8,2,41,3,93,8,-2.9,-4.7,2019-12-31,22.6,2020-03-11
9031C,2020-21,BRIVIESCA,BURGOS,730,151,151,147,114,36,11,88,27,8,1,30,4,125,17,-3.5,-7.6,2021-01-07,20.1,2021-03-31
9031C,2021-22,BRIVIESCA,BURGOS,730,151,151,151,128,53,21,90,46,0,0,42,0,151,27,-4.9,-6.6,2022-01-28,17.9,2021-12-31
9031C,2022-23,BRIVIESCA,BURGOS,730,151,151,145,106,44,11,89,37,18,2,37,6,117,10,-3.5,-6.1,2023-02-11,24.7,2023-03-29
9031C,2023-24,BRIVIESCA,BURGOS,730,152,152,143,100,22,6,89,18,11,4,36,3,66,4,-2.7,-6.7,2024-01-20,23.4,2024-03-22
9031C,2024-25,BRIVIESCA,BURGOS,730,151,151,146,105,33,8,89,29,6,1,45,2,125,8,-3.0,-6.6,2025-01-13,20.7,2025-03-31
9031C,2025-26,BRIVIESCA,BURGOS,730,151,151,148,108,23,2,88,14,8,4,38,2,101,4,-1.2,-4.4,2026-01-04,23.0,2025-11-12
9051,2017-18,MEDINA DE POMAR,BURGOS,580,151,151,144,126,57,20,86,38,9,1,62,3,123,9,-4.3,-7.6,2018-02-27,20.5,2017-11-02
9051,2018-19,MEDINA DE POMAR,BURGOS,580,146,146,144,125,56,10,90,43,22,13,29,7,77,11,-4.3,-8.6,2019-01-04,23.6,2019-03-16
9051,2019-20,MEDINA DE POMAR,BURGOS,580,152,152,146,114,39,10,88,30,19,8,46,3,91,9,-3.2,-5.7,2020-01-06,24.7,2020-03-11
9051,2020-21,MEDINA DE POMAR,BURGOS,580,151,151,142,110,40,14,85,27,17,10,44,4,69,19,-3.8,-6.0,2021-01-08,23.9,2021-03-31
9051,2021-22,MEDINA DE POMAR,BURGOS,580,149,149,147,119,52,23,89,45,10,0,37,2,36,17,-6.0,-6.8,2022-01-15,19.9,2021-12-31
9051,2023-24,MEDINA DE POMAR,BURGOS,580,151,152,139,100,26,5,87,24,21,15,43,10,65,4,-2.3,-6.4,2024-01-20,27.1,2024-03-22
9051,2024-25,MEDINA DE POMAR,BURGOS,580,151,149,148,107,37,5,87,30,12,5,39,6,76,8,-2.8,-7.4,2025-01-15,21.8,2024-11-05
9051,2025-26,MEDINA DE POMAR,BURGOS,580,150,150,140,110,30,1,86,20,16,10,65,5,100,4,-1.6,-3.7,2026-01-01,24.0,2025-11-12
9060X,2017-18,LALASTRA,ARABA/ALAVA,910,147,147,146,127,69,18,86,48,0,0,63,0,64,15,-5.1,-8.8,2018-02-27,17.3,2017-11-02
9060X,2018-19,LALASTRA,ARABA/ALAVA,910,151,151,151,136,61,7,90,45,9,3,35,3,113,10,-2.5,-7.4,2019-02-04,21.3,2019-02-25
9060X,2019-20,LALASTRA,ARABA/ALAVA,910,136,136,134,108,41,7,91,32,5,2,46,2,68,8,-3.0,-5.2,2019-12-27,21.1,2020-03-11
9060X,2020-21,LALASTRA,ARABA/ALAVA,910,147,147,145,122,51,11,85,36,4,1,63,4,81,9,-4.3,-10.7,2021-01-07,21.0,2021-03-31
9060X,2021-22,LALASTRA,ARABA/ALAVA,910,151,151,151,131,64,21,90,52,0,0,59,0,151,24,-5.1,-6.8,2022-01-13,17.1,2021-12-30
9060X,2022-23,LALASTRA,ARABA/ALAVA,910,151,151,150,113,59,15,90,49,5,2,56,2,130,13,-3.9,-5.6,2023-01-21,22.8,2023-03-29
9060X,2023-24,LALASTRA,ARABA/ALAVA,910,152,152,148,115,39,7,90,28,8,4,48,5,67,6,-2.9,-8.7,2024-01-20,24.3,2024-03-22
9060X,2024-25,LALASTRA,ARABA/ALAVA,910,151,151,151,118,49,17,90,38,6,1,39,3,144,9,-4.6,-8.0,2025-01-14,20.0,2024-11-06
9060X,2025-26,LALASTRA,ARABA/ALAVA,910,150,150,148,123,46,8,89,31,11,4,75,4,102,6,-3.1,-4.7,2026-01-05,21.9,2026-03-17
9069C,2017-18,MIRANDA DE EBRO,BURGOS,460,151,151,146,116,42,9,85,28,11,5,40,3,64,8,-3.2,-6.7,2018-02-27,21.3,2017-11-21
9069C,2018-19,MIRANDA DE EBRO,BURGOS,460,151,151,147,121,51,9,89,41,31,18,31,11,61,12,-3.2,-8.1,2019-01-06,25.9,2019-03-16
9069C,2019-20,MIRANDA DE EBRO,BURGOS,460,152,152,142,104,33,2,85,26,30,10,45,6,40,8,-2.3,-4.1,2020-01-06,26.3,2020-03-11
9069C,2020-21,MIRANDA DE EBRO,BURGOS,460,139,139,131,98,28,5,75,18,23,14,19,9,59,12,-2.6,-4.5,2021-01-08,24.7,2021-03-31
9069C,2021-22,MIRANDA DE EBRO,BURGOS,460,151,151,147,117,43,19,88,39,16,4,31,4,59,17,-4.9,-6.3,2022-01-27,21.5,2022-02-22
9069C,2022-23,MIRANDA DE EBRO,BURGOS,460,151,151,135,102,34,10,85,30,45,27,35,13,45,11,-4.0,-6.2,2023-02-11,25.7,2023-03-29
9069C,2023-24,MIRANDA DE EBRO,BURGOS,460,152,151,134,94,25,5,85,24,29,21,40,11,65,4,-1.9,-6.0,2024-01-20,29.1,2024-03-22
9069C,2024-25,MIRANDA DE EBRO,BURGOS,460,151,151,144,91,28,5,87,22,26,15,43,7,75,8,-2.5,-5.1,2025-01-15,24.5,2024-11-06
9069C,2025-26,MIRANDA DE EBRO,BURGOS,460,149,149,141,91,20,2,85,16,28,17,33,6,41,4,-1.3,-3.8,2026-01-05,25.2,2026-02-23
9073X,2017-18,"AGURAIN/SALVATIERRA, OPAKUA",ARABA/ALAVA,660,151,151,147,121,40,10,90,29,1,0,84,1,130,7,-3.3,-9.0,2018-02-27,18.4,2017-11-21
9073X,2018-19,"AGURAIN/SALVATIERRA, OPAKUA",ARABA/ALAVA,660,151,151,147,116,19,4,90,17,11,4,47,6,113,5,-1.0,-4.9,2019-01-06,22.9,2019-03-16
9073X,2019-20,"AGURAIN/SALVATIERRA, OPAKUA",ARABA/ALAVA,660,152,152,149,107,27,4,91,20,9,4,58,3,92,8,-2.3,-5.1,2020-01-01,22.2,2020-03-11
9073X,2020-21,"AGURAIN/SALVATIERRA, OPAKUA",ARABA/ALAVA,660,151,151,144,96,21,6,90,15,10,2,60,4,125,12,-2.4,-11.0,2021-01-07,21.3,2020-11-01
9073X,2021-22,"AGURAIN/SALVATIERRA, OPAKUA",ARABA/ALAVA,660,151,151,149,112,36,10,89,35,3,0,56,3,89,10,-3.1,-4.8,2022-01-22,19.6,2021-12-31
9073X,2022-23,"AGURAIN/SALVATIERRA, OPAKUA",ARABA/ALAVA,660,151,151,139,98,38,8,88,32,13,5,53,3,94,8,-3.0,-5.9,2023-01-21,23.5,2023-03-29
9073X,2023-24,"AGURAIN/SALVATIERRA, OPAKUA",ARABA/ALAVA,660,152,152,142,94,21,4,89,16,18,6,64,10,65,3,-1.7,-6.5,2024-01-20,24.6,2024-03-22
9073X,2024-25,"AGURAIN/SALVATIERRA, OPAKUA",ARABA/ALAVA,660,141,141,134,80,24,4,81,20,7,2,55,2,68,8,-2.4,-4.5,2025-01-01,20.2,2024-11-05
9073X,2025-26,"AGURAIN/SALVATIERRA, OPAKUA",ARABA/ALAVA,660,151,151,145,100,21,4,89,16,9,6,77,5,111,4,-1.0,-6.5,2026-01-06,22.1,2026-03-18
9091O,2017-18,FORONDA-TXOKIZA,ARABA/ALAVA,513,151,151,146,118,47,10,87,34,4,0,82,2,124,7,-3.3,-7.6,2018-02-27,19.7,2017-11-03
9091O,2018-19,FORONDA-TXOKIZA,ARABA/ALAVA,513,151,151,148,128,39,6,90,32,18,8,43,6,98,7,-2.9,-7.7,2019-01-06,23.6,2019-03-16
9091O,2019-20,FORONDA-TXOKIZA,ARABA/ALAVA,513,152,152,145,116,38,3,87,29,13,5,49,3,90,9,-2.4,-3.9,2020-01-06,23.7,2020-03-11
9091O,2020-21,FORONDA-TXOKIZA,ARABA/ALAVA,513,151,151,147,98,26,4,89,17,13,6,54,4,92,13,-1.9,-6.9,2021-01-08,23.2,2021-03-31
9091O,2021-22,FORONDA-TXOKIZA,ARABA/ALAVA,513,151,151,149,119,41,13,89,38,5,0,46,2,60,17,-4.4,-5.8,2022-01-27,18.8,2021-12-31
9091O,2022-23,FORONDA-TXOKIZA,ARABA/ALAVA,513,151,151,143,108,40,13,88,33,27,9,39,8,49,11,-4.1,-6.3,2023-02-11,23.5,2023-03-29
9091O,2023-24,FORONDA-TXOKIZA,ARABA/ALAVA,513,152,152,143,103,29,3,89,26,22,11,59,10,65,4,-1.4,-6.3,2024-01-20,25.7,2024-03-22
9091O,2024-25,FORONDA-TXOKIZA,ARABA/ALAVA,513,151,151,149,99,33,7,90,25,11,6,45,7,77,8,-2.8,-4.6,2025-01-18,20.9,2024-11-06
9091O,2025-26,FORONDA-TXOKIZA,ARABA/ALAVA,513,151,151,145,107,22,3,88,17,17,8,63,5,99,4,-1.9,-6.2,2026-01-07,22.6,2026-03-18
9091R,2017-18,VITORIA-GASTEIZ AEROPUERTO,ARABA/ALAVA,513,151,151,146,120,51,16,86,35,5,1,74,2,124,7,-4.2,-8.7,2017-12-03,20.1,2017-11-03
9091R,2018-19,VITORIA-GASTEIZ AEROPUERTO,ARABA/ALAVA,513,150,150,147,131,55,10,90,42,20,10,42,6,93,10,-3.7,-8.7,2019-01-06,24.1,2019-03-16
9091R,2019-20,VITORIA-GASTEIZ AEROPUERTO,ARABA/ALAVA,513,152,152,147,122,48,11,89,36,15,6,48,3,67,9,-3.5,-4.8,2020-01-06,23.8,2020-03-11
9091R,2020-21,VITORIA-GASTEIZ AEROPUERTO,ARABA/ALAVA,513,151,151,145,109,36,7,88,24,14,6,49,4,92,14,-2.7,-7.5,2021-01-08,24.1,2021-03-31
9091R,2021-22,VITORIA-GASTEIZ AEROPUERTO,ARABA/ALAVA,513,151,151,148,124,53,19,88,45,8,0,45,2,60,20,-5.9,-7.4,2022-01-27,19.3,2022-02-28
9091R,2022-23,VITORIA-GASTEIZ AEROPUERTO,ARABA/ALAVA,513,151,151,143,108,45,19,88,36,28,12,39,4,46,11,-5.3,-8.0,2023-02-11,23.7,2023-03-29
9091R,2023-24,VITORIA-GASTEIZ AEROPUERTO,ARABA/ALAVA,513,152,152,140,100,36,3,88,32,22,13,56,10,65,4,-2.0,-7.1,2024-01-20,25.9,2024-03-22
9091R,2024-25,VITORIA-GASTEIZ AEROPUERTO,ARABA/ALAVA,513,151,151,147,101,36,10,88,26,12,6,48,7,77,8,-3.5,-5.8,2025-01-19,22.5,2024-11-06
9091R,2025-26,VITORIA-GASTEIZ AEROPUERTO,ARABA/ALAVA,513,151,151,144,112,26,4,88,20,20,12,59,6,87,4,-2.3,-7.8,2026-01-07,23.3,2026-03-18
9111,2017-18,BELORADO,BURGOS,820,151,151,148,128,48,11,89,36,1,0,47,1,130,9,-3.6,-8.9,2018-02-27,18.3,2017-11-21
9111,2018-19,BELORADO,BURGOS,820,151,151,149,126,41,6,90,31,6,3,24,2,118,7,-2.5,-4.0,2019-01-06,22.2,2019-03-16
9111,2021-22,BELORADO,BURGOS,820,151,151,150,126,36,15,89,35,1,0,39,1,90,18,-3.7,-5.0,2022-01-25,18.9,2021-12-31
9111,2022-23,BELORADO,BURGOS,820,149,149,136,98,38,6,84,34,18,5,33,6,63,8,-2.5,-4.9,2023-02-11,24.5,2023-03-29
9111,2023-24,BELORADO,BURGOS,820,147,146,136,95,20,3,87,17,12,6,29,4,61,4,-1.2,-6.8,2024-01-20,22.4,2024-03-22
9111,2024-25,BELORADO,BURGOS,820,150,149,148,109,31,9,88,27,6,0,39,2,63,8,-3.2,-5.6,2025-01-14,19.4,2024-11-24
9111,2025-26,BELORADO,BURGOS,820,149,149,145,111,15,2,87,13,6,3,45,2,92,4,-0.9,-4.1,2026-01-04,22.2,2025-11-12
9115X,2017-18,VALDEZCARAY,LA RIOJA,1630,151,151,151,144,112,65,90,71,0,0,67,0,151,20,-8.2,-12.0,2018-02-27,15.3,2017-11-21
9115X,2018-19,VALDEZCARAY,LA RIOJA,1630,151,151,151,140,68,32,90,39,0,0,56,0,151,15,-4.7,-8.5,2019-01-10,15.1,2019-03-16
9115X,2019-20,VALDEZCARAY,LA RIOJA,1630,152,152,152,134,62,25,91,29,0,0,56,0,152,8,-5.6,-8.5,2020-01-20,17.5,2020-03-11
9115X,2020-21,VALDEZCARAY,LA RIOJA,1630,151,151,149,131,75,39,90,53,0,0,61,0,151,26,-7.3,-12.0,2021-01-08,16.2,2020-11-17
9115X,2021-22,VALDEZCARAY,LA RIOJA,1630,151,151,151,140,78,34,90,44,0,0,62,0,151,18,-5.3,-9.5,2022-01-06,15.2,2021-12-30
9115X,2022-23,VALDEZCARAY,LA RIOJA,1630,151,151,149,126,68,39,90,52,0,0,58,0,151,19,-8.1,-9.8,2023-01-25,17.1,2023-03-29
9115X,2023-24,VALDEZCARAY,LA RIOJA,1630,152,152,152,123,68,26,91,42,0,0,59,0,152,20,-5.0,-9.8,2024-01-19,17.8,2024-03-22
9115X,2024-25,VALDEZCARAY,LA RIOJA,1630,145,145,145,123,71,26,90,53,0,0,63,0,131,13,-4.9,-7.4,2025-02-08,14.5,2025-03-31
9115X,2025-26,VALDEZCARAY,LA RIOJA,1630,151,151,151,137,83,34,90,54,0,0,73,0,151,20,-5.3,-10.4,2026-01-04,15.4,2025-11-04
9121X,2017-18,HARO,LA RIOJA,465,151,151,146,109,25,3,85,19,6,1,50,2,125,6,-2.0,-4.9,2018-02-27,20.6,2018-03-28
9121X,2018-19,HARO,LA RIOJA,465,151,151,149,110,17,1,90,14,20,12,34,6,98,4,-1.1,-4.0,2019-01-06,25.7,2019-02-27
9121X,2019-20,HARO,LA RIOJA,465,151,151,142,91,20,1,84,19,23,10,39,4,46,5,-1.6,-3.2,2020-01-01,26.1,2020-03-11
9121X,2020-21,HARO,LA RIOJA,465,151,151,140,81,16,2,86,11,14,7,33,5,70,7,-1.1,-4.6,2021-01-07,22.9,2021-03-31
9121X,2021-22,HARO,LA RIOJA,465,151,151,147,102,32,8,88,30,5,0,41,2,108,9,-3.1,-4.9,2022-01-15,19.1,2022-02-28
9121X,2022-23,HARO,LA RIOJA,465,151,151,137,89,24,4,87,22,31,17,36,8,93,5,-1.9,-4.2,2023-02-12,23.6,2023-03-29
9121X,2023-24,HARO,LA RIOJA,465,152,152,136,87,16,3,86,15,26,14,39,10,65,3,-1.3,-4.2,2024-01-21,26.4,2024-03-22
9121X,2024-25,HARO,LA RIOJA,465,151,151,142,76,19,1,88,18,10,5,41,7,120,8,-1.5,-3.3,2025-01-19,22.4,2025-03-31
9121X,2025-26,HARO,LA RIOJA,465,151,151,145,89,8,0,89,7,19,8,56,6,87,4,-0.1,-2.6,2026-01-05,23.3,2026-02-23
9122I,2017-18,LABASTIDA,ARABA/ALAVA,612,138,138,135,107,27,2,87,24,4,1,64,1,115,7,-2.1,-6.4,2018-02-27,21.0,2017-11-16
9122I,2018-19,LABASTIDA,ARABA/ALAVA,612,151,151,150,112,18,1,90,16,15,5,40,3,113,6,-0.6,-3.1,2019-01-06,22.9,2019-03-16
9122I,2019-20,LABASTIDA,ARABA/ALAVA,612,152,152,143,99,22,2,85,20,13,6,42,3,91,8,-1.6,-4.5,2020-01-01,22.9,2020-03-11
9122I,2020-21,LABASTIDA,ARABA/ALAVA,612,151,151,142,90,22,3,86,17,12,7,42,4,93,14,-1.8,-6.2,2021-01-07,21.8,2021-03-31
9122I,2021-22,LABASTIDA,ARABA/ALAVA,612,151,151,148,109,34,6,89,32,2,0,42,2,119,9,-3.0,-4.1,2022-01-23,18.4,2022-03-01
9122I,2022-23,LABASTIDA,ARABA/ALAVA,612,151,151,138,94,28,3,88,26,29,11,44,7,93,5,-1.8,-4.3,2023-02-11,24.0,2023-03-29
9122I,2023-24,LABASTIDA,ARABA/ALAVA,612,152,152,138,88,15,2,86,13,19,10,56,9,65,3,-1.2,-4.8,2024-01-20,24.0,2024-03-22
9122I,2024-25,LABASTIDA,ARABA/ALAVA,612,150,150,140,83,19,3,88,18,9,1,57,6,77,8,-1.5,-5.2,2025-01-14,20.9,2024-11-06
9122I,2025-26,LABASTIDA,ARABA/ALAVA,612,149,149,139,96,12,0,84,10,19,15,58,6,37,4,-0.5,-2.7,2026-01-04,25.0,2026-02-23
9136X,2017-18,"ANGUIANO, VALVANERA",LA RIOJA,1006,151,151,151,139,72,20,90,52,1,0,71,1,147,15,-4.5,-7.6,2018-02-27,18.2,2018-03-28
9136X,2018-19,"ANGUIANO, VALVANERA",LA RIOJA,1006,151,151,151,144,61,9,90,46,5,1,43,2,117,11,-3.1,-5.7,2019-02-04,22.2,2019-03-16
9136X,2019-20,"ANGUIANO, VALVANERA",LA RIOJA,1006,151,151,149,123,46,1,90,33,8,2,50,2,58,8,-2.2,-4.1,2020-01-12,23.9,2020-03-11
9136X,2020-21,"ANGUIANO, VALVANERA",LA RIOJA,1006,151,151,149,123,45,15,90,37,5,3,52,4,146,22,-5.0,-8.0,2021-01-08,21.9,2021-03-31
9136X,2021-22,"ANGUIANO, VALVANERA",LA RIOJA,1006,151,151,151,135,50,16,90,40,0,0,55,0,151,20,-3.8,-6.5,2022-01-22,17.8,2022-02-18
9136X,2022-23,"ANGUIANO, VALVANERA",LA RIOJA,1006,151,150,147,111,58,17,90,51,11,4,52,3,104,18,-3.9,-5.4,2023-02-10,22.0,2023-03-16
9136X,2023-24,"ANGUIANO, VALVANERA",LA RIOJA,1006,152,152,149,119,35,5,91,26,11,3,59,7,68,6,-2.5,-7.4,2024-01-20,23.2,2024-03-19
9136X,2024-25,"ANGUIANO, VALVANERA",LA RIOJA,1006,151,151,151,118,41,11,90,34,2,1,59,1,144,9,-3.5,-6.9,2025-01-14,20.0,2025-03-31
9136X,2025-26,"ANGUIANO, VALVANERA",LA RIOJA,1006,151,151,150,131,38,6,90,26,10,3,74,5,102,6,-2.2,-5.6,2026-01-07,21.2,2026-02-26
9141V,2017-18,NÁJERA,LA RIOJA,500,150,150,149,114,29,6,89,25,9,2,51,2,63,6,-2.5,-4.6,2018-01-09,22.0,2018-03-28
9141V,2018-19,NÁJERA,LA RIOJA,500,151,151,150,124,24,0,90,20,23,8,31,6,98,6,-1.8,-2.6,2019-01-16,23.8,2019-02-27
9141V,2019-20,NÁJERA,LA RIOJA,500,152,152,148,102,24,1,90,22,20,10,43,4,46,8,-2.1,-4.9,2020-01-01,24.2,2020-03-11
9141V,2020-21,NÁJERA,LA RIOJA,500,151,151,148,97,22,1,90,17,22,9,35,4,69,9,-1.8,-5.0,2021-01-07,23.1,2021-03-31
9141V,2021-22,NÁJERA,LA RIOJA,500,151,151,149,112,35,10,89,32,9,0,35,2,55,9,-3.6,-5.3,2022-01-15,19.4,2022-03-01
9141V,2022-23,NÁJERA,LA RIOJA,500,150,150,145,99,28,5,90,26,31,19,25,8,48,10,-2.0,-5.2,2023-02-11,25.2,2023-03-30
9141V,2023-24,NÁJERA,LA RIOJA,500,152,152,147,102,20,4,91,17,34,19,38,10,43,4,-2.1,-4.6,2024-01-21,26.3,2024-03-22
9141V,2024-25,NÁJERA,LA RIOJA,500,151,151,146,94,23,5,90,21,12,5,43,5,56,8,-1.8,-4.1,2025-01-19,23.6,2025-03-31
9141V,2025-26,NÁJERA,LA RIOJA,500,151,151,147,104,15,2,89,13,24,8,44,6,65,4,-1.1,-3.4,2026-01-07,25.3,2025-11-12
9145X,2017-18,LEZA,ARABA/ALAVA,575,150,150,145,117,37,7,86,27,4,1,75,1,126,6,-2.8,-6.4,2018-02-27,20.2,2018-03-28
9145X,2018-19,LEZA,ARABA/ALAVA,575,151,151,145,110,23,5,89,18,13,4,42,3,113,11,-1.9,-5.4,2019-01-04,22.4,2019-03-24
9145X,2019-20,LEZA,ARABA/ALAVA,575,152,152,146,99,26,1,87,23,10,6,50,3,92,8,-2.0,-3.1,2020-01-06,22.5,2020-03-11
9145X,2020-21,LEZA,ARABA/ALAVA,575,151,151,141,92,20,3,88,13,10,3,48,4,93,9,-1.5,-6.7,2021-01-07,21.9,2021-03-31
9145X,2021-22,LEZA,ARABA/ALAVA,575,151,151,149,111,36,14,89,33,2,0,47,1,109,9,-3.5,-4.7,2022-01-15,18.8,2022-02-18
9145X,2022-23,LEZA,ARABA/ALAVA,575,151,151,140,90,28,7,89,25,25,10,44,7,55,5,-2.5,-4.6,2023-02-10,23.1,2023-03-30
9145X,2023-24,LEZA,ARABA/ALAVA,575,152,152,140,88,21,4,88,19,19,7,52,9,65,5,-2.0,-4.7,2024-01-20,24.1,2024-03-22
9145X,2024-25,LEZA,ARABA/ALAVA,575,151,151,141,86,18,4,88,17,7,2,51,3,120,3,-1.8,-6.1,2025-01-14,22.6,2025-03-31
9145X,2025-26,LEZA,ARABA/ALAVA,575,150,150,144,93,10,0,89,10,11,1,62,2,99,4,-0.5,-2.2,2026-01-01,21.1,2026-02-23
9145Y,2017-18,CENICERO,LA RIOJA,429,150,150,147,105,21,2,87,17,5,1,49,2,82,6,-2.0,-4.0,2018-02-27,21.7,2018-03-28
9145Y,2018-19,CENICERO,LA RIOJA,429,151,151,146,108,12,0,90,10,18,7,33,5,113,4,-0.8,-2.8,2019-01-16,23.7,2019-03-24
9145Y,2019-20,CENICERO,LA RIOJA,429,152,152,145,90,15,0,89,15,19,10,45,4,88,7,-1.3,-2.6,2020-01-01,24.0,2020-03-11
9145Y,2020-21,CENICERO,LA RIOJA,429,151,151,146,83,12,1,89,9,16,8,38,4,70,6,-1.1,-4.3,2021-01-07,22.6,2021-03-31
9145Y,2021-22,CENICERO,LA RIOJA,429,151,151,146,102,27,7,88,26,5,0,34,2,108,9,-2.7,-4.6,2022-01-15,19.6,2022-03-01
9145Y,2022-23,CENICERO,LA RIOJA,429,151,151,142,87,13,2,89,12,27,15,34,7,48,4,-1.1,-3.7,2023-02-12,25.2,2023-03-30
9145Y,2023-24,CENICERO,LA RIOJA,429,151,151,137,76,15,2,88,14,26,12,36,9,65,4,-1.1,-3.7,2024-01-21,24.4,2024-03-22
9145Y,2024-25,CENICERO,LA RIOJA,429,148,150,134,70,12,0,86,11,6,2,41,2,102,3,-1.1,-2.8,2025-01-17,24.6,2025-03-31
9145Y,2025-26,CENICERO,LA RIOJA,429,143,146,138,78,8,0,85,8,18,5,40,3,60,4,-0.1,-2.4,2026-01-01,23.0,2026-02-23
9170,2017-18,"LOGROÑO, AEROPUERTO",LA RIOJA,353,151,151,150,105,22,5,89,17,11,4,40,3,43,3,-2.2,-4.2,2017-12-06,22.4,2018-03-28
9170,2018-19,"LOGROÑO, AEROPUERTO",LA RIOJA,353,151,151,147,112,19,0,90,15,26,11,26,6,79,4,-0.9,-2.5,2019-01-16,24.0,2019-03-24
9170,2019-20,"LOGROÑO, AEROPUERTO",LA RIOJA,353,151,151,147,91,14,0,89,13,23,11,42,4,62,4,-1.0,-2.4,2020-01-14,24.0,2020-03-11
9170,2020-21,"LOGROÑO, AEROPUERTO",LA RIOJA,353,151,151,147,88,14,1,89,8,19,10,32,4,77,4,-0.7,-3.4,2021-01-07,23.3,2020-11-01
9170,2021-22,"LOGROÑO, AEROPUERTO",LA RIOJA,353,151,151,147,95,21,7,88,20,7,1,31,2,57,7,-2.9,-5.8,2022-01-23,20.1,2022-02-18
9170,2022-23,"LOGROÑO, AEROPUERTO",LA RIOJA,353,151,151,149,104,24,7,90,21,36,17,31,7,45,5,-2.3,-6.5,2023-02-11,23.9,2023-03-13
9170,2023-24,"LOGROÑO, AEROPUERTO",LA RIOJA,353,152,152,151,101,33,13,91,28,31,14,30,13,65,7,-4.4,-6.8,2024-01-21,25.6,2024-03-22
9170,2024-25,"LOGROÑO, AEROPUERTO",LA RIOJA,353,151,151,141,92,17,2,89,15,18,3,38,7,75,4,-1.6,-4.4,2025-01-19,24.3,2025-03-31
9170,2025-26,"LOGROÑO, AEROPUERTO",LA RIOJA,353,150,150,144,94,15,1,89,14,21,7,43,5,83,3,-1.9,-3.2,2026-01-01,21.8,2026-02-23
9171K,2017-18,LOS ARCOS,NAVARRA,470,150,150,145,109,24,5,88,22,13,4,51,3,42,6,-2.5,-6.6,2018-02-27,22.0,2017-11-16
9171K,2018-19,LOS ARCOS,NAVARRA,470,150,150,144,115,13,0,89,10,26,10,32,6,40,3,-0.5,-1.4,2019-01-03,23.4,2019-03-24
9171K,2019-20,LOS ARCOS,NAVARRA,470,152,152,147,97,18,1,89,17,25,11,44,5,87,6,-1.3,-3.1,2020-01-14,22.8,2020-03-11
9171K,2020-21,LOS ARCOS,NAVARRA,470,151,151,149,90,17,3,90,13,17,10,38,4,69,9,-1.1,-5.4,2021-01-07,23.3,2020-11-01
9171K,2021-22,LOS ARCOS,NAVARRA,470,151,151,148,104,22,5,89,22,10,2,33,2,45,8,-2.5,-4.8,2022-01-15,20.7,2022-02-02
9171K,2022-23,LOS ARCOS,NAVARRA,470,151,151,145,87,23,1,90,20,35,18,32,12,40,4,-1.5,-3.4,2023-02-10,25.1,2023-03-13
9171K,2023-24,LOS ARCOS,NAVARRA,470,152,152,144,88,18,2,89,16,34,17,32,11,42,5,-1.7,-4.1,2024-01-21,24.5,2024-03-22
9171K,2024-25,LOS ARCOS,NAVARRA,470,151,151,141,84,18,1,89,16,16,3,39,3,75,4,-1.5,-4.3,2025-01-14,24.3,2025-03-31
9171K,2025-26,LOS ARCOS,NAVARRA,470,147,149,143,91,11,0,88,11,27,9,43,7,98,4,-1.4,-3.0,2026-01-06,22.9,2026-02-23
9178X,2017-18,CAMPEZO/KANPEZU,ARABA/ALAVA,570,133,133,130,108,38,12,70,28,2,2,59,1,97,7,-3.5,-7.4,2018-02-27,20.5,2017-11-16
9178X,2018-19,CAMPEZO/KANPEZU,ARABA/ALAVA,570,151,151,147,125,34,3,90,23,8,5,39,2,113,4,-2.3,-5.0,2019-01-16,21.9,2019-02-22
9178X,2019-20,CAMPEZO/KANPEZU,ARABA/ALAVA,570,152,152,148,112,40,6,89,31,13,5,51,5,92,8,-2.6,-6.2,2020-01-01,22.8,2020-03-11
9178X,2020-21,CAMPEZO/KANPEZU,ARABA/ALAVA,570,140,140,138,97,24,4,80,17,10,4,58,4,82,11,-2.1,-7.9,2021-01-07,22.2,2020-11-01
9178X,2021-22,CAMPEZO/KANPEZU,ARABA/ALAVA,570,151,151,149,116,46,12,89,41,4,0,44,2,93,9,-4.2,-6.6,2022-01-15,19.2,2022-02-02
9178X,2022-23,CAMPEZO/KANPEZU,ARABA/ALAVA,570,149,149,146,102,40,7,88,33,17,6,47,4,73,7,-2.7,-5.2,2023-02-11,22.7,2023-03-13
9178X,2023-24,CAMPEZO/KANPEZU,ARABA/ALAVA,570,152,152,149,98,30,9,90,24,18,7,55,9,65,4,-3.3,-5.4,2024-01-21,24.1,2024-03-22
9178X,2024-25,CAMPEZO/KANPEZU,ARABA/ALAVA,570,151,151,145,104,30,4,88,23,7,1,52,2,77,8,-2.0,-4.9,2025-01-19,24.0,2025-03-31
9178X,2025-26,CAMPEZO/KANPEZU,ARABA/ALAVA,570,151,151,146,109,22,5,90,18,9,1,66,3,112,4,-2.2,-4.1,2026-01-01,21.3,2026-02-23
9188,2017-18,ENCISO,LA RIOJA,855,150,150,146,133,58,16,88,46,6,1,41,2,74,8,-4.9,-8.1,2018-02-27,20.2,2018-03-28
9188,2018-19,ENCISO,LA RIOJA,855,151,151,150,139,43,4,90,35,10,5,29,2,113,7,-2.5,-4.7,2019-02-04,24.6,2019-03-16
9188,2019-20,ENCISO,LA RIOJA,855,149,149,147,121,49,4,91,40,15,6,28,3,48,10,-3.0,-3.7,2020-01-12,22.8,2019-11-01
9188,2020-21,ENCISO,LA RIOJA,855,150,150,149,125,40,15,89,28,11,5,35,4,41,14,-4.0,-9.4,2021-01-08,21.4,2020-11-01
9188,2021-22,ENCISO,LA RIOJA,855,151,151,151,131,52,21,90,44,4,1,28,2,58,19,-4.5,-7.2,2022-01-22,20.3,2022-02-02
9188,2022-23,ENCISO,LA RIOJA,855,149,149,148,116,57,17,88,51,22,8,29,6,94,22,-5.0,-6.7,2023-01-25,25.2,2023-03-29
9188,2023-24,ENCISO,LA RIOJA,855,150,149,148,112,32,6,90,26,24,11,30,7,41,6,-2.9,-6.9,2024-01-20,23.8,2024-03-22
9188,2024-25,ENCISO,LA RIOJA,855,151,151,149,122,40,15,90,33,9,1,38,2,76,10,-4.0,-7.4,2025-01-14,22.7,2025-03-31
9188,2025-26,ENCISO,LA RIOJA,855,141,143,135,116,31,8,87,24,15,10,32,6,52,5,-3.1,-5.1,2026-01-07,22.2,2026-02-24
9195C,2021-22,ASTÚN- LA RACA,HUESCA,2276,151,151,151,149,128,89,90,72,0,0,40,0,151,24,-9.6,-13.3,2022-01-06,13.9,2021-12-14
9195C,2022-23,ASTÚN- LA RACA,HUESCA,2276,151,151,151,151,119,73,90,78,0,0,35,0,151,27,-12.8,-17.2,2023-02-27,9.9,2023-02-19
9195C,2023-24,ASTÚN- LA RACA,HUESCA,2276,152,152,152,145,106,79,91,65,0,0,64,0,152,21,-9.5,-12.6,2024-01-08,14.0,2024-01-26
9195C,2024-25,ASTÚN- LA RACA,HUESCA,2276,151,151,151,151,118,84,90,76,0,0,53,0,151,40,-9.3,-12.4,2025-03-15,13.6,2025-03-31
9195C,2025-26,ASTÚN- LA RACA,HUESCA,2276,151,151,151,151,130,97,90,79,0,0,58,0,151,70,-10.8,-15.6,2026-01-06,11.8,2026-03-18
9198X,2017-18,CANFRANC,HUESCA,1197,147,147,147,138,84,31,90,62,0,0,83,0,144,16,-5.7,-8.8,2018-02-09,16.9,2018-03-28
9198X,2018-19,CANFRANC,HUESCA,1197,150,150,150,142,64,10,89,46,3,1,28,2,96,21,-3.3,-5.5,2019-01-24,21.7,2019-03-16
9198X,2019-20,CANFRANC,HUESCA,1197,151,151,151,147,57,7,90,31,5,2,66,3,102,8,-2.8,-4.9,2019-11-20,21.3,2020-03-11
9198X,2020-21,CANFRANC,HUESCA,1197,151,151,151,146,60,17,90,46,6,3,61,4,141,19,-5.3,-10.0,2021-01-06,21.4,2021-03-31
9198X,2021-22,CANFRANC,HUESCA,1197,151,151,150,147,68,14,90,45,0,0,53,0,151,14,-4.0,-5.5,2022-01-15,17.8,2022-02-02
9198X,2022-23,CANFRANC,HUESCA,1197,150,150,150,135,66,37,90,55,6,3,57,3,133,21,-6.8,-8.2,2023-02-27,22.1,2023-03-29
9198X,2023-24,CANFRANC,HUESCA,1197,152,152,152,134,48,9,91,33,6,3,72,6,137,10,-3.5,-6.9,2024-01-09,22.6,2024-03-22
9198X,2024-25,CANFRANC,HUESCA,1197,151,151,151,138,57,11,90,44,1,1,67,1,150,8,-3.5,-5.0,2025-03-17,20.3,2025-03-31
9198X,2025-26,CANFRANC,HUESCA,1197,151,151,150,145,61,9,90,39,6,2,81,2,102,6,-3.2,-5.8,2026-01-06,21.4,2026-03-17
9201K,2017-18,JACA,HUESCA,823,150,150,150,137,85,30,89,61,5,0,48,1,62,14,-5.3,-10.6,2018-02-27,19.4,2017-11-01
9201K,2018-19,JACA,HUESCA,823,150,150,149,142,76,14,89,57,13,5,27,3,40,16,-4.0,-7.2,2019-02-04,23.3,2019-03-16
9201K,2019-20,JACA,HUESCA,823,148,148,148,133,62,9,91,39,11,3,49,3,89,12,-3.3,-4.6,2019-11-19,24.8,2020-03-12
9201K,2020-21,JACA,HUESCA,823,150,150,149,130,53,19,89,39,9,5,40,4,91,21,-5.9,-11.8,2021-01-08,22.9,2021-03-31
9201K,2021-22,JACA,HUESCA,823,151,151,150,141,73,17,90,53,4,1,32,2,60,23,-4.5,-6.4,2022-01-06,20.0,2021-12-31
9201K,2022-23,JACA,HUESCA,823,133,133,133,105,62,31,90,53,7,3,38,2,96,36,-7.7,-10.7,2023-01-21,21.5,2023-03-13
9201X,2023-24,JACA,HUESCA,832,152,152,151,120,27,4,91,19,18,6,49,8,65,8,-1.9,-4.9,2024-01-09,24.0,2024-03-22
9201X,2024-25,JACA,HUESCA,832,151,151,151,121,44,6,90,37,7,1,40,3,143,8,-2.4,-5.6,2025-01-14,23.9,2025-03-31
9201X,2025-26,JACA,HUESCA,832,151,151,148,122,38,5,90,23,11,8,60,5,101,7,-2.6,-8.2,2026-01-06,21.9,2026-03-17
9207,2017-18,"VALLE DE HECHO, HECHO",HUESCA,860,150,150,150,135,76,26,89,52,2,0,62,1,81,15,-5.2,-10.9,2018-02-27,18.6,2017-11-17
9207,2018-19,"VALLE DE HECHO, HECHO",HUESCA,860,149,149,148,143,84,23,88,61,12,6,32,3,52,22,-4.2,-5.9,2019-02-04,23.0,2019-02-27
9207,2019-20,"VALLE DE HECHO, HECHO",HUESCA,860,151,151,150,132,69,23,91,50,10,6,54,3,93,15,-4.2,-6.0,2020-01-12,23.7,2020-03-12
9207,2020-21,"VALLE DE HECHO, HECHO",HUESCA,860,151,151,150,134,55,19,90,41,13,6,50,4,93,14,-6.0,-14.0,2021-01-08,22.3,2021-03-31
9207,2021-22,"VALLE DE HECHO, HECHO",HUESCA,860,150,150,149,133,74,29,89,53,8,2,33,2,38,11,-6.2,-8.0,2022-01-16,20.7,2022-02-02
9207,2022-23,"VALLE DE HECHO, HECHO",HUESCA,860,151,151,151,124,71,37,90,57,20,7,48,4,96,30,-7.0,-10.9,2023-01-24,23.5,2023-03-29
9207,2023-24,"VALLE DE HECHO, HECHO",HUESCA,860,152,152,151,131,47,19,91,35,27,11,63,12,60,6,-3.8,-6.9,2024-01-12,25.3,2024-03-22
9207,2024-25,"VALLE DE HECHO, HECHO",HUESCA,860,151,151,150,126,58,20,90,44,8,2,50,3,121,10,-4.2,-7.8,2025-01-14,25.6,2025-03-31
9207,2025-26,"VALLE DE HECHO, HECHO",HUESCA,860,149,151,146,131,54,10,88,35,12,9,70,6,100,6,-3.3,-8.2,2026-01-06,22.4,2026-03-18
9208E,2017-18,ARAGÜÉS DEL PUERTO,HUESCA,1025,150,150,149,131,64,13,89,48,2,0,61,1,109,12,-4.7,-9.4,2018-02-27,19.2,2017-11-17
9208E,2018-19,ARAGÜÉS DEL PUERTO,HUESCA,1025,151,151,150,128,26,2,90,23,14,7,31,4,52,8,-2.5,-5.2,2019-01-11,22.3,2019-02-27
9208E,2019-20,ARAGÜÉS DEL PUERTO,HUESCA,1025,142,142,142,112,29,3,91,14,9,4,46,3,84,7,-2.5,-4.0,2019-11-16,23.6,2020-03-12
9208E,2020-21,ARAGÜÉS DEL PUERTO,HUESCA,1025,149,149,146,111,40,14,89,35,12,5,53,4,70,21,-4.7,-9.2,2021-01-06,21.9,2021-03-31
9208E,2021-22,ARAGÜÉS DEL PUERTO,HUESCA,1025,151,151,150,126,34,5,90,26,10,2,38,4,47,13,-2.1,-5.5,2022-01-06,20.9,2021-12-31
9208E,2022-23,ARAGÜÉS DEL PUERTO,HUESCA,1025,151,151,148,102,47,21,90,41,15,7,49,4,96,19,-6.2,-9.3,2023-01-24,23.0,2023-03-29
9208E,2023-24,ARAGÜÉS DEL PUERTO,HUESCA,1025,152,152,150,108,23,7,91,17,25,13,62,9,60,7,-1.9,-4.9,2024-01-08,24.7,2024-03-22
9208E,2024-25,ARAGÜÉS DEL PUERTO,HUESCA,1025,151,150,150,117,43,5,90,31,5,1,48,2,121,7,-2.8,-4.5,2025-01-14,24.3,2025-03-31
9208E,2025-26,ARAGÜÉS DEL PUERTO,HUESCA,1025,151,151,148,125,40,7,90,26,12,5,69,5,101,6,-2.8,-7.7,2026-01-07,21.1,2026-03-18
9211F,2017-18,"BAILO, PUYALTO",HUESCA,722,151,151,148,127,54,13,89,38,3,0,51,1,144,8,-3.8,-8.6,2018-02-27,18.4,2018-03-28
9211F,2018-19,"BAILO, PUYALTO",HUESCA,722,151,151,150,127,39,7,90,34,15,7,29,4,113,5,-2.5,-4.4,2019-01-03,23.6,2019-03-16
9211F,2019-20,"BAILO, PUYALTO",HUESCA,722,151,151,150,110,37,3,91,27,8,3,50,3,82,8,-2.2,-5.8,2020-01-01,23.8,2020-03-12
9211F,2020-21,"BAILO, PUYALTO",HUESCA,722,151,151,145,102,29,8,88,22,13,4,43,4,93,14,-3.6,-9.4,2021-01-08,22.0,2020-11-02
9211F,2021-22,"BAILO, PUYALTO",HUESCA,722,151,151,150,122,43,16,90,35,2,0,30,1,109,11,-4.0,-6.2,2022-01-22,19.7,2022-02-18
9211F,2022-23,"BAILO, PUYALTO",HUESCA,722,151,151,146,97,53,22,90,46,19,9,38,4,96,28,-5.2,-8.0,2023-01-24,23.0,2023-03-29
9211F,2023-24,"BAILO, PUYALTO",HUESCA,722,152,152,149,107,26,5,91,22,20,8,50,12,65,6,-1.9,-4.9,2024-01-12,24.8,2024-03-22
9211F,2024-25,"BAILO, PUYALTO",HUESCA,722,151,151,147,106,31,9,90,28,6,1,37,2,101,8,-3.3,-6.6,2025-01-14,25.3,2025-03-31
9211F,2025-26,"BAILO, PUYALTO",HUESCA,722,151,151,147,112,19,5,90,14,15,7,55,6,99,4,-2.4,-6.6,2026-01-06,22.6,2026-03-18
9218A,2017-18,ISABA/IZABA,NAVARRA,838,150,150,150,141,81,25,89,57,6,0,87,2,69,10,-5.8,-9.5,2018-02-27,19.8,2017-11-17
9218A,2018-19,ISABA/IZABA,NAVARRA,838,150,150,149,146,82,17,89,60,13,5,44,4,84,13,-3.8,-7.7,2019-02-04,23.2,2019-02-27
9218A,2019-20,ISABA/IZABA,NAVARRA,838,152,152,151,136,74,17,91,51,12,6,60,4,93,9,-3.7,-5.6,2020-01-13,23.0,2020-03-12
9218A,2020-21,ISABA/IZABA,NAVARRA,838,151,151,148,136,60,17,88,41,11,6,61,4,93,19,-5.0,-12.6,2021-01-08,22.3,2021-03-29
9218A,2021-22,ISABA/IZABA,NAVARRA,838,149,149,148,138,79,27,88,59,7,2,55,2,74,11,-6.1,-7.9,2022-01-15,20.8,2022-03-15
9218A,2022-23,ISABA/IZABA,NAVARRA,838,148,148,145,119,77,39,89,59,20,9,60,4,96,40,-6.7,-10.9,2023-01-25,23.4,2023-03-29
9218A,2023-24,ISABA/IZABA,NAVARRA,838,152,152,152,135,57,15,91,45,29,12,68,11,64,8,-4.4,-8.8,2024-01-12,25.4,2024-03-22
9218A,2024-25,ISABA/IZABA,NAVARRA,838,150,150,148,130,58,18,89,43,10,6,60,3,90,10,-4.6,-6.8,2025-01-14,24.2,2025-03-31
9218A,2025-26,ISABA/IZABA,NAVARRA,838,151,151,147,134,56,9,90,35,15,9,82,6,99,10,-3.2,-7.5,2026-01-07,24.9,2026-03-18
9228J,2017-18,OROZ-BETELU/OROTZ-BETELU,NAVARRA,635,151,151,150,131,53,17,90,38,2,0,89,2,149,8,-4.5,-6.9,2018-02-09,18.7,2017-11-01
9228J,2018-19,OROZ-BETELU/OROTZ-BETELU,NAVARRA,635,151,151,150,132,54,5,90,40,11,5,49,3,113,12,-2.5,-4.1,2019-02-15,23.3,2019-03-16
9228J,2019-20,OROZ-BETELU/OROTZ-BETELU,NAVARRA,635,152,152,151,125,40,9,91,30,12,3,63,4,56,6,-3.1,-4.2,2020-01-01,22.7,2020-03-11
9228J,2020-21,OROZ-BETELU/OROTZ-BETELU,NAVARRA,635,151,151,147,117,31,5,88,22,14,6,58,4,93,11,-2.8,-8.1,2021-01-07,22.9,2021-03-30
9228J,2021-22,OROZ-BETELU/OROTZ-BETELU,NAVARRA,635,151,151,151,125,50,15,90,41,5,1,50,1,93,10,-5.0,-7.0,2022-01-15,20.6,2022-03-15
9228J,2022-23,OROZ-BETELU/OROTZ-BETELU,NAVARRA,635,150,150,148,114,59,20,89,49,22,12,52,4,79,14,-4.6,-6.6,2023-01-30,24.4,2023-03-29
9228J,2023-24,OROZ-BETELU/OROTZ-BETELU,NAVARRA,635,152,152,151,114,39,7,90,32,21,7,70,10,65,6,-3.0,-5.0,2024-01-12,25.3,2024-03-22
9228J,2024-25,OROZ-BETELU/OROTZ-BETELU,NAVARRA,635,147,147,145,115,45,10,86,36,7,1,58,3,110,10,-3.8,-7.7,2025-01-14,20.3,2024-11-05
9228J,2025-26,OROZ-BETELU/OROTZ-BETELU,NAVARRA,635,146,148,141,124,37,5,84,27,16,10,74,6,56,6,-2.2,-8.1,2026-01-07,22.7,2025-11-12
9228T,2017-18,RONCESVALLES/ORREAGA,NAVARRA,947,150,150,150,135,73,22,90,55,0,0,99,0,148,19,-5.9,-10.4,2018-02-27,17.9,2017-11-20
9228T,2018-19,RONCESVALLES/ORREAGA,NAVARRA,947,151,151,151,132,43,7,90,35,2,2,63,1,118,12,-2.8,-7.0,2019-02-04,21.0,2019-02-27
9228T,2019-20,RONCESVALLES/ORREAGA,NAVARRA,947,152,152,152,132,47,6,91,26,4,1,73,2,94,7,-2.3,-4.9,2020-01-20,20.4,2020-03-11
9228T,2020-21,RONCESVALLES/ORREAGA,NAVARRA,947,151,151,148,123,44,13,89,33,4,0,74,3,147,19,-4.8,-8.3,2021-01-07,19.6,2021-03-31
9228T,2021-22,RONCESVALLES/ORREAGA,NAVARRA,947,150,150,150,136,50,9,89,37,1,0,71,1,60,18,-3.2,-4.8,2022-01-22,19.0,2021-12-31
9228T,2022-23,RONCESVALLES/ORREAGA,NAVARRA,947,151,151,150,110,56,24,90,47,5,1,65,2,132,17,-5.2,-7.6,2023-02-27,20.6,2023-03-29
9228T,2023-24,RONCESVALLES/ORREAGA,NAVARRA,947,147,147,146,120,31,8,86,20,8,3,74,4,43,8,-3.2,-7.9,2024-01-12,22.8,2024-03-22
9228T,2024-25,RONCESVALLES/ORREAGA,NAVARRA,947,151,151,150,119,41,9,90,34,2,0,69,1,145,8,-3.4,-7.7,2025-01-14,18.6,2024-11-06
9228T,2025-26,RONCESVALLES/ORREAGA,NAVARRA,947,149,150,146,117,37,5,88,23,8,1,86,4,53,6,-2.7,-8.5,2026-01-05,20.1,2026-03-18
9238X,2017-18,NAVASCUÉS/NABASKOZE,NAVARRA,612,150,150,149,135,76,42,89,51,5,0,62,3,75,14,-7.3,-11.8,2018-02-27,19.4,2017-11-01
9238X,2018-19,NAVASCUÉS/NABASKOZE,NAVARRA,612,151,151,149,144,92,43,90,64,21,9,35,8,105,20,-6.5,-10.0,2019-01-04,25.4,2019-03-16
9238X,2019-20,NAVASCUÉS/NABASKOZE,NAVARRA,612,151,151,150,131,73,26,90,53,14,8,50,3,58,12,-4.7,-7.6,2020-01-12,24.1,2020-03-11
9238X,2020-21,NAVASCUÉS/NABASKOZE,NAVARRA,612,151,151,146,125,58,22,86,40,15,8,39,9,105,14,-5.2,-12.5,2021-01-08,24.6,2021-03-31
9238X,2021-22,NAVASCUÉS/NABASKOZE,NAVARRA,612,151,151,150,137,80,44,90,63,5,1,34,1,93,21,-8.1,-10.1,2022-01-28,20.5,2022-03-15
9238X,2022-23,NAVASCUÉS/NABASKOZE,NAVARRA,612,151,151,147,125,75,43,88,57,24,12,30,4,92,34,-8.0,-11.7,2023-01-25,24.9,2023-03-29
9238X,2023-24,NAVASCUÉS/NABASKOZE,NAVARRA,612,152,152,150,124,65,22,90,51,19,10,58,11,70,7,-5.2,-7.7,2024-01-20,26.2,2024-03-22
9238X,2024-25,NAVASCUÉS/NABASKOZE,NAVARRA,612,151,151,149,124,65,26,90,49,9,1,50,3,100,10,-6.7,-9.8,2025-01-14,25.4,2025-03-31
9238X,2025-26,NAVASCUÉS/NABASKOZE,NAVARRA,612,151,151,146,129,57,13,89,36,18,10,73,6,99,8,-4.0,-10.1,2026-01-07,23.3,2026-03-17
9244X,2017-18,SOS DEL REY CATÓLICO,ZARAGOZA,626,147,147,137,106,25,8,83,21,7,3,46,3,42,7,-2.9,-5.4,2018-02-27,20.4,2017-11-03
9244X,2018-19,SOS DEL REY CATÓLICO,ZARAGOZA,626,146,146,143,119,23,1,85,20,9,6,29,2,64,5,-1.1,-3.2,2019-01-03,23.7,2019-03-16
9244X,2019-20,SOS DEL REY CATÓLICO,ZARAGOZA,626,152,152,149,96,18,1,90,16,9,1,51,3,92,4,-0.8,-3.8,2020-01-02,21.6,2020-03-11
9244X,2020-21,SOS DEL REY CATÓLICO,ZARAGOZA,626,151,151,144,96,24,6,87,17,10,6,38,4,109,11,-2.6,-8.8,2021-01-08,22.6,2021-03-31
9244X,2021-22,SOS DEL REY CATÓLICO,ZARAGOZA,626,151,151,150,114,39,17,90,35,3,0,29,1,93,10,-3.8,-5.9,2022-01-22,19.4,2022-02-02
9244X,2022-23,SOS DEL REY CATÓLICO,ZARAGOZA,626,151,151,144,98,45,11,89,41,23,13,36,6,94,13,-3.7,-5.2,2023-01-25,25.1,2023-03-29
9244X,2023-24,SOS DEL REY CATÓLICO,ZARAGOZA,626,152,152,146,102,24,4,89,19,16,8,44,10,72,6,-2.0,-5.2,2024-01-20,24.3,2024-03-22
9244X,2024-25,SOS DEL REY CATÓLICO,ZARAGOZA,626,151,151,145,97,25,9,90,22,6,1,41,3,143,7,-3.6,-6.6,2025-01-14,24.0,2025-03-31
9244X,2025-26,SOS DEL REY CATÓLICO,ZARAGOZA,626,120,119,115,84,17,3,63,14,8,5,44,2,80,4,-2.0,-5.9,2026-01-07,22.2,2026-03-17
9245X,2017-18,CÁSEDA,NAVARRA,440,151,151,148,121,38,9,89,27,5,1,50,3,124,6,-3.5,-5.8,2018-02-24,20.2,2017-11-03
9245X,2018-19,CÁSEDA,NAVARRA,440,151,151,149,118,29,4,90,25,22,8,29,7,93,6,-2.1,-5.6,2019-01-04,24.3,2019-03-16
9245X,2019-20,CÁSEDA,NAVARRA,440,152,152,150,102,24,3,91,22,17,7,48,3,89,6,-1.4,-3.5,2020-01-13,23.5,2020-03-11
9245X,2020-21,CÁSEDA,NAVARRA,440,151,151,147,85,26,3,89,18,20,10,36,9,85,11,-1.9,-7.2,2021-01-08,25.1,2021-03-31
9245X,2021-22,CÁSEDA,NAVARRA,440,148,148,146,108,35,16,89,31,7,1,24,3,64,10,-4.0,-5.6,2022-01-22,21.2,2022-02-02
9245X,2022-23,CÁSEDA,NAVARRA,440,150,150,144,96,35,14,90,32,32,19,35,6,86,7,-3.8,-5.6,2023-01-25,26.3,2023-03-29
9245X,2023-24,CÁSEDA,NAVARRA,440,151,151,145,90,22,6,89,19,17,10,41,10,90,5,-2.5,-4.3,2024-01-20,27.1,2024-03-22
9245X,2024-25,CÁSEDA,NAVARRA,440,151,151,143,100,26,5,90,23,19,4,37,7,79,7,-2.1,-5.6,2025-01-14,26.9,2025-03-31
9245X,2025-26,CÁSEDA,NAVARRA,440,147,148,145,107,18,2,90,15,27,14,54,7,96,4,-1.4,-5.1,2026-01-07,24.2,2025-11-12
9252X,2017-18,OLITE/ERRIBERRI,NAVARRA,390,151,151,150,115,34,7,90,25,7,1,53,3,82,6,-2.7,-4.9,2018-02-24,20.2,2018-03-28
9252X,2018-19,OLITE/ERRIBERRI,NAVARRA,390,150,150,148,113,21,3,90,16,14,7,31,3,91,6,-1.4,-5.7,2019-01-04,23.2,2019-03-16
9252X,2019-20,OLITE/ERRIBERRI,NAVARRA,390,151,151,148,103,21,1,89,19,18,4,44,3,56,4,-1.4,-3.1,2020-01-13,22.9,2020-03-11
9252X,2020-21,OLITE/ERRIBERRI,NAVARRA,390,151,151,147,85,22,3,89,17,12,7,35,4,109,9,-1.5,-6.2,2021-01-07,22.6,2021-03-31
9252X,2021-22,OLITE/ERRIBERRI,NAVARRA,390,148,148,147,104,28,13,90,27,2,0,28,1,93,10,-3.7,-5.3,2022-01-23,18.9,2022-02-02
9252X,2022-23,OLITE/ERRIBERRI,NAVARRA,390,151,151,144,96,30,4,89,27,31,15,31,7,93,5,-2.5,-3.9,2023-02-11,25.6,2023-03-13
9252X,2023-24,OLITE/ERRIBERRI,NAVARRA,390,152,152,145,91,20,6,90,17,18,12,38,10,67,4,-2.6,-3.9,2023-12-27,25.0,2024-03-22
9252X,2024-25,OLITE/ERRIBERRI,NAVARRA,390,151,151,143,88,18,4,90,17,7,2,43,3,143,3,-1.4,-4.5,2025-01-15,23.2,2025-03-31
9252X,2025-26,OLITE/ERRIBERRI,NAVARRA,390,151,151,145,88,13,0,89,12,16,7,53,5,100,4,-0.6,-3.0,2026-01-07,21.8,2026-02-23
9257X,2017-18,"ESTERIBAR, EMBALSE DE EUGI",NAVARRA,615,150,150,150,131,50,13,89,36,0,0,91,0,115,7,-4.0,-7.9,2018-02-27,17.8,2017-11-03
9257X,2018-19,"ESTERIBAR, EMBALSE DE EUGI",NAVARRA,615,151,151,150,132,42,1,90,34,11,5,54,6,113,10,-2.0,-3.7,2019-02-04,23.0,2019-02-27
9257X,2019-20,"ESTERIBAR, EMBALSE DE EUGI",NAVARRA,615,151,151,150,123,43,1,90,31,9,2,64,3,59,4,-2.0,-4.2,2020-01-12,22.1,2020-03-11
9257X,2020-21,"ESTERIBAR, EMBALSE DE EUGI",NAVARRA,615,151,151,148,119,32,6,89,25,9,5,63,4,109,12,-2.5,-8.0,2021-01-07,22.7,2021-03-31
9257X,2021-22,"ESTERIBAR, EMBALSE DE EUGI",NAVARRA,615,151,151,151,131,47,11,90,39,1,0,55,1,134,9,-3.4,-5.8,2022-01-16,18.3,2022-03-15
9257X,2022-23,"ESTERIBAR, EMBALSE DE EUGI",NAVARRA,615,151,151,149,109,54,16,89,45,16,7,54,3,96,13,-4.3,-5.9,2023-01-30,23.3,2023-03-29
9257X,2023-24,"ESTERIBAR, EMBALSE DE EUGI",NAVARRA,615,152,152,152,115,29,3,91,24,12,6,68,7,92,6,-2.4,-4.5,2024-01-20,25.7,2024-03-22
9257X,2024-25,"ESTERIBAR, EMBALSE DE EUGI",NAVARRA,615,146,146,145,105,29,6,85,25,5,0,59,2,92,8,-3.0,-6.5,2025-01-14,19.9,2025-03-31
9257X,2025-26,"ESTERIBAR, EMBALSE DE EUGI",NAVARRA,615,151,151,146,119,26,6,90,18,14,8,82,6,99,4,-1.9,-7.1,2026-01-07,23.0,2026-03-18
9262,2017-18,PAMPLONA,NAVARRA,450,151,151,144,103,19,0,88,16,6,1,76,3,91,4,-1.6,-2.8,2018-02-09,20.3,2017-11-03
9262,2018-19,PAMPLONA,NAVARRA,450,148,147,142,90,4,0,87,4,14,7,40,6,60,1,0.7,-1.4,2019-02-04,23.1,2019-02-27
9262,2019-20,PAMPLONA,NAVARRA,450,129,128,120,71,9,0,81,8,14,5,49,4,32,3,-0.5,-2.2,2020-01-12,22.7,2020-03-11
9262,2020-21,PAMPLONA,NAVARRA,450,123,123,116,61,10,3,62,9,14,8,54,4,71,6,-0.7,-5.2,2021-01-08,24.4,2021-03-31
9262,2021-22,PAMPLONA,NAVARRA,450,150,150,146,91,20,3,88,20,4,0,42,1,73,6,-1.5,-3.7,2022-01-16,19.3,2022-02-02
9262,2022-23,PAMPLONA,NAVARRA,450,151,151,133,82,26,0,86,23,29,16,40,4,48,7,-1.8,-2.7,2023-02-10,25.0,2023-03-29
9262,2023-24,PAMPLONA,NAVARRA,450,152,152,134,70,10,0,90,10,21,13,53,10,67,3,-0.7,-2.3,2024-01-21,26.7,2024-03-22
9262,2024-25,PAMPLONA,NAVARRA,450,151,151,136,69,12,3,88,9,9,4,48,7,126,3,-0.9,-4.1,2025-01-14,22.8,2025-03-31
9262,2025-26,PAMPLONA,NAVARRA,450,151,151,142,72,7,2,89,6,19,11,68,6,99,3,0.2,-5.3,2026-01-07,23.4,2025-11-12
9262P,2017-18,MONREAL/ELO,NAVARRA,585,149,149,146,121,43,11,89,33,2,0,69,2,66,7,-3.4,-6.7,2018-02-27,18.3,2017-11-03
9262P,2018-19,MONREAL/ELO,NAVARRA,585,151,151,148,124,25,0,90,22,8,4,37,3,113,5,-1.1,-2.5,2019-01-11,20.8,2019-02-27
9262P,2019-20,MONREAL/ELO,NAVARRA,585,152,152,150,107,24,0,91,17,9,1,51,3,91,6,-1.3,-2.6,2020-01-02,21.4,2020-03-11
9262P,2020-21,MONREAL/ELO,NAVARRA,585,150,150,146,97,21,4,89,16,10,6,50,4,86,11,-1.6,-5.8,2021-01-07,22.7,2021-03-31
9262P,2021-22,MONREAL/ELO,NAVARRA,585,135,135,134,100,35,9,76,32,1,0,26,1,76,10,-3.2,-5.0,2022-01-16,18.3,2022-03-01
9262P,2022-23,MONREAL/ELO,NAVARRA,585,151,150,146,97,44,7,90,39,21,9,35,4,68,10,-3.0,-4.6,2023-02-10,24.3,2023-03-13
9262P,2023-24,MONREAL/ELO,NAVARRA,585,152,152,147,98,21,2,91,18,16,10,55,10,72,5,-1.7,-3.8,2024-01-20,23.3,2024-03-22
9262P,2024-25,MONREAL/ELO,NAVARRA,585,151,151,144,96,25,5,90,20,6,2,47,2,143,5,-2.5,-5.1,2025-01-14,21.8,2025-03-31
9262P,2025-26,MONREAL/ELO,NAVARRA,585,149,151,144,101,14,4,88,10,12,7,69,5,101,4,-1.2,-5.9,2026-01-07,22.5,2026-03-17
9263D,2017-18,"PAMPLONA, AEROPUERTO",NAVARRA,459,151,151,150,120,47,10,90,33,6,2,72,3,124,8,-3.2,-6.3,2018-02-27,20.7,2017-11-03
9263D,2018-19,"PAMPLONA, AEROPUERTO",NAVARRA,459,150,150,149,126,40,1,90,33,18,7,39,6,47,5,-2.2,-3.1,2019-01-04,22.7,2019-03-23
9263D,2019-20,"PAMPLONA, AEROPUERTO",NAVARRA,459,151,151,148,111,34,2,90,26,21,5,56,4,87,4,-1.9,-4.2,2020-01-12,23.1,2020-03-11
9263D,2020-21,"PAMPLONA, AEROPUERTO",NAVARRA,459,151,151,148,105,26,4,88,19,17,8,49,9,87,11,-2.0,-6.6,2021-01-08,24.9,2021-03-31
9263D,2021-22,"PAMPLONA, AEROPUERTO",NAVARRA,459,150,150,149,119,44,17,90,36,7,0,38,2,78,10,-4.7,-6.0,2022-01-16,19.7,2022-03-15
9263D,2022-23,"PAMPLONA, AEROPUERTO",NAVARRA,459,149,149,145,102,46,13,87,41,30,19,39,4,35,8,-4.0,-5.9,2023-02-11,26.1,2023-03-29
9263D,2023-24,"PAMPLONA, AEROPUERTO",NAVARRA,459,150,151,143,101,24,7,89,20,22,13,51,10,41,4,-2.7,-4.5,2024-01-20,26.3,2024-03-22
9263D,2024-25,"PAMPLONA, AEROPUERTO",NAVARRA,459,151,151,143,100,25,5,90,22,8,3,46,5,133,8,-1.8,-5.5,2025-01-19,22.4,2025-03-31
9263D,2025-26,"PAMPLONA, AEROPUERTO",NAVARRA,459,151,151,145,103,20,4,89,16,20,9,68,6,99,4,-1.9,-7.0,2026-01-07,23.1,2025-11-12
9263X,2017-18,"ARANGUREN, ILUNDAIN",NAVARRA,572,144,144,140,111,41,8,88,33,3,0,77,3,96,11,-3.1,-6.7,2018-01-09,18.9,2017-11-03
9263X,2018-19,"ARANGUREN, ILUNDAIN",NAVARRA,572,137,137,133,104,11,1,81,11,7,3,31,3,48,3,-0.6,-5.1,2019-02-04,21.5,2019-03-23
9263X,2019-20,"ARANGUREN, ILUNDAIN",NAVARRA,572,152,152,149,98,15,0,90,12,11,1,45,3,91,3,-0.7,-2.0,2020-01-12,22.3,2020-03-11
9263X,2020-21,"ARANGUREN, ILUNDAIN",NAVARRA,572,151,151,140,93,17,6,85,13,11,6,54,4,105,7,-1.7,-5.6,2021-01-08,22.8,2021-03-31
9263X,2021-22,"ARANGUREN, ILUNDAIN",NAVARRA,572,148,148,146,115,40,8,89,36,2,0,44,1,64,10,-3.3,-4.7,2022-01-16,18.8,2022-02-02
9263X,2022-23,"ARANGUREN, ILUNDAIN",NAVARRA,572,142,142,136,87,41,12,79,36,21,12,38,4,76,15,-3.5,-6.0,2023-01-25,24.5,2023-03-29
9263X,2023-24,"ARANGUREN, ILUNDAIN",NAVARRA,572,152,152,144,98,21,1,90,18,20,9,52,10,66,7,-1.9,-4.8,2024-01-20,24.7,2024-03-22
9263X,2024-25,"ARANGUREN, ILUNDAIN",NAVARRA,572,151,151,143,97,26,5,90,21,9,3,46,5,77,8,-2.2,-4.5,2025-01-13,23.2,2025-03-31
9263X,2025-26,"ARANGUREN, ILUNDAIN",NAVARRA,572,151,151,144,102,16,4,89,10,17,8,61,5,100,5,-1.5,-6.0,2026-01-07,22.2,2025-11-12
9274X,2017-18,IRURTZUN,NAVARRA,432,151,151,147,114,32,4,89,23,6,0,96,3,91,5,-2.4,-4.9,2018-02-27,19.5,2017-11-03
9274X,2018-19,IRURTZUN,NAVARRA,432,150,150,145,119,14,2,89,10,14,7,54,6,89,5,-0.7,-4.2,2019-01-04,24.1,2019-03-23
9274X,2019-20,IRURTZUN,NAVARRA,432,151,151,147,90,20,0,89,18,18,6,64,4,73,4,-1.1,-2.3,2020-01-13,23.5,2020-03-11
9274X,2020-21,IRURTZUN,NAVARRA,432,151,151,139,76,11,2,83,6,18,9,67,9,71,5,-0.6,-6.6,2021-01-07,24.3,2021-03-31
9274X,2021-22,IRURTZUN,NAVARRA,432,151,151,148,101,26,7,89,24,6,0,59,2,109,9,-2.6,-6.1,2022-01-16,19.7,2022-02-18
9274X,2022-23,IRURTZUN,NAVARRA,432,151,151,140,92,33,5,84,29,29,16,41,4,47,8,-2.8,-4.5,2023-02-10,25.2,2023-03-29
9274X,2023-24,IRURTZUN,NAVARRA,432,152,152,140,88,19,0,89,16,24,14,67,10,64,4,-1.1,-2.8,2024-01-20,27.0,2024-03-22
9274X,2024-25,IRURTZUN,NAVARRA,432,151,151,140,79,17,2,89,14,11,4,58,8,106,7,-1.1,-5.1,2025-01-19,22.0,2024-11-05
9274X,2025-26,IRURTZUN,NAVARRA,432,151,151,142,89,13,2,89,11,22,10,81,7,98,4,-0.7,-6.1,2026-01-07,23.9,2026-03-18
9280B,2017-18,LARRAGA,NAVARRA,375,151,151,150,116,30,5,90,22,6,2,44,3,130,7,-2.5,-4.9,2018-02-27,20.4,2017-11-03
9280B,2018-19,LARRAGA,NAVARRA,375,146,146,143,117,27,1,87,22,16,6,26,4,78,4,-1.9,-3.9,2019-01-05,22.5,2019-03-23
9280B,2019-20,LARRAGA,NAVARRA,375,147,147,144,98,20,1,90,18,17,4,34,4,76,5,-1.4,-3.5,2020-01-13,21.9,2020-03-11
9280B,2020-21,LARRAGA,NAVARRA,375,151,151,149,93,20,5,90,15,13,6,33,4,87,11,-2.3,-5.5,2021-01-07,23.2,2020-11-01
9280B,2021-22,LARRAGA,NAVARRA,375,150,150,149,106,27,11,90,24,5,1,28,1,46,10,-3.8,-5.5,2022-01-15,21.0,2022-02-02
9280B,2022-23,LARRAGA,NAVARRA,375,148,148,144,99,38,6,88,33,31,19,30,7,60,8,-2.8,-5.7,2023-02-12,26.7,2023-03-13
9280B,2023-24,LARRAGA,NAVARRA,375,147,147,142,99,28,9,87,24,24,10,36,7,58,5,-3.2,-4.9,2024-01-21,24.8,2024-03-22
9280B,2024-25,LARRAGA,NAVARRA,375,151,151,144,100,22,4,90,19,10,2,40,3,98,7,-1.6,-4.4,2025-01-19,23.5,2025-03-31
9280B,2025-26,LARRAGA,NAVARRA,375,146,146,140,100,20,2,84,17,17,5,42,5,60,4,-1.4,-4.4,2026-01-07,21.7,2026-02-23
9287A,2017-18,SAN PEDRO MANRIQUE,SORIA,1096,151,151,151,141,83,40,90,58,0,0,30,0,151,15,-7.3,-13.0,2018-01-09,17.9,2017-11-20
9287A,2018-19,SAN PEDRO MANRIQUE,SORIA,1096,144,144,144,137,86,47,90,67,7,1,23,2,78,18,-5.4,-8.0,2019-01-04,21.6,2019-03-16
9287A,2019-20,SAN PEDRO MANRIQUE,SORIA,1096,152,152,152,136,75,28,91,54,7,3,13,3,93,14,-4.9,-7.9,2020-01-12,22.7,2020-03-11
9287A,2020-21,SAN PEDRO MANRIQUE,SORIA,1096,149,149,149,133,66,28,90,44,8,3,32,2,70,21,-7.5,-14.0,2021-01-08,22.2,2020-11-01
9287A,2021-22,SAN PEDRO MANRIQUE,SORIA,1096,147,147,147,142,82,43,86,57,12,2,28,2,41,20,-8.5,-9.7,2022-01-16,20.8,2021-12-30
9287A,2022-23,SAN PEDRO MANRIQUE,SORIA,1096,151,151,151,126,85,44,90,61,12,4,32,3,124,35,-8.6,-14.2,2023-02-25,22.9,2023-03-29
9287A,2023-24,SAN PEDRO MANRIQUE,SORIA,1096,152,152,152,128,64,26,91,49,14,5,34,7,65,6,-5.1,-11.0,2024-01-20,23.8,2024-03-22
9287A,2024-25,SAN PEDRO MANRIQUE,SORIA,1096,151,151,151,136,62,21,90,47,3,1,37,1,133,10,-6.3,-9.9,2025-01-14,22.4,2025-03-31
9287A,2025-26,SAN PEDRO MANRIQUE,SORIA,1096,151,151,150,136,62,17,90,36,10,1,43,5,101,7,-4.0,-6.8,2026-01-07,20.8,2026-03-17
9293X,2021-22,"ALFARO, LA PLANA",LA RIOJA,371,149,149,148,89,15,2,88,15,4,0,21,2,64,6,-1.6,-3.5,2022-01-23,19.2,2022-02-02
9293X,2022-23,"ALFARO, LA PLANA",LA RIOJA,371,151,151,140,84,16,0,90,13,35,24,28,7,49,4,-0.6,-2.3,2023-02-27,26.7,2023-03-13
9293X,2023-24,"ALFARO, LA PLANA",LA RIOJA,371,152,152,139,71,12,2,89,12,27,11,29,10,48,3,-1.4,-3.6,2023-12-27,24.9,2024-03-22
9293X,2024-25,"ALFARO, LA PLANA",LA RIOJA,371,151,151,140,76,11,0,89,10,6,2,30,2,81,3,-0.3,-2.5,2025-01-14,23.9,2025-03-31
9293X,2025-26,"ALFARO, LA PLANA",LA RIOJA,371,151,151,144,73,4,0,89,4,20,8,38,6,87,3,0.4,-1.8,2026-01-07,22.0,2025-11-01
9294E,2017-18,"BARDENAS REALES, BASE AÉREA",NAVARRA,295,149,149,145,109,31,11,87,23,11,4,33,4,48,5,-3.6,-5.9,2017-12-06,21.3,2017-11-03
9294E,2018-19,"BARDENAS REALES, BASE AÉREA",NAVARRA,295,147,147,142,102,22,5,87,19,24,12,23,7,100,3,-1.7,-6.3,2019-01-04,25.2,2019-03-16
9294E,2019-20,"BARDENAS REALES, BASE AÉREA",NAVARRA,295,152,152,149,89,19,2,91,18,27,14,33,5,46,5,-0.7,-3.8,2020-01-12,25.1,2020-03-11
9294E,2020-21,"BARDENAS REALES, BASE AÉREA",NAVARRA,295,151,151,147,80,21,6,89,16,27,11,24,9,68,9,-2.0,-5.6,2021-01-08,24.4,2020-11-01
9294E,2021-22,"BARDENAS REALES, BASE AÉREA",NAVARRA,295,151,151,149,95,23,12,89,21,10,1,25,2,46,9,-3.5,-4.8,2022-01-15,20.4,2022-02-02
9294E,2022-23,"BARDENAS REALES, BASE AÉREA",NAVARRA,295,144,144,137,92,32,7,83,29,36,26,27,12,50,8,-2.8,-4.6,2023-03-05,27.6,2023-03-13
9294E,2023-24,"BARDENAS REALES, BASE AÉREA",NAVARRA,295,152,152,146,86,23,5,90,20,27,13,31,10,48,5,-2.2,-4.1,2023-12-28,26.0,2024-03-22
9294E,2024-25,"BARDENAS REALES, BASE AÉREA",NAVARRA,295,150,150,141,86,18,6,90,17,12,3,29,4,51,7,-2.2,-5.3,2025-01-15,24.2,2025-03-31
9294E,2025-26,"BARDENAS REALES, BASE AÉREA",NAVARRA,295,151,151,146,90,12,1,90,9,24,11,47,6,65,3,-0.8,-4.1,2026-01-07,21.6,2026-02-23
9299X,2017-18,TARAZONA,ZARAGOZA,475,151,151,146,107,25,1,88,21,10,2,31,4,81,6,-1.9,-3.9,2018-02-27,21.2,2017-11-23
9299X,2018-19,TARAZONA,ZARAGOZA,475,151,151,147,104,16,0,90,16,22,8,20,5,101,4,-1.1,-2.9,2019-01-05,24.4,2019-03-16
9299X,2019-20,TARAZONA,ZARAGOZA,475,152,152,142,92,17,5,86,16,25,11,27,4,40,7,-2.4,-4.8,2020-01-14,22.2,2020-03-11
9299X,2020-21,TARAZONA,ZARAGOZA,475,151,151,146,81,15,4,87,12,20,10,28,4,68,9,-1.6,-4.8,2021-01-08,22.2,2021-03-31
9299X,2021-22,TARAZONA,ZARAGOZA,475,151,151,147,98,27,4,88,27,5,1,24,1,64,8,-2.2,-4.1,2022-01-15,22.1,2022-02-02
9299X,2022-23,TARAZONA,ZARAGOZA,475,151,151,137,85,24,1,88,21,37,19,23,7,35,6,-1.8,-3.1,2023-01-30,26.8,2023-03-13
9299X,2023-24,TARAZONA,ZARAGOZA,475,152,152,134,68,15,3,88,14,34,15,23,11,43,4,-1.6,-4.8,2024-01-20,25.3,2024-03-22
9299X,2024-25,TARAZONA,ZARAGOZA,475,151,151,140,84,18,2,89,17,10,1,27,2,34,7,-1.6,-4.3,2025-01-15,22.9,2025-03-31
9299X,2025-26,TARAZONA,ZARAGOZA,475,151,151,142,80,8,0,87,8,17,10,36,5,64,3,0.0,-2.7,2026-01-01,20.7,2025-11-01
9301X,2017-18,MONTEAGUDO,NAVARRA,410,149,149,145,105,30,2,86,21,10,2,27,4,81,3,-2.4,-3.9,2017-12-06,21.2,2017-11-23
9301X,2018-19,MONTEAGUDO,NAVARRA,410,151,151,148,104,22,3,90,21,25,8,20,5,101,5,-1.6,-5.0,2019-01-04,24.4,2019-03-16
9301X,2019-20,MONTEAGUDO,NAVARRA,410,151,151,145,90,20,4,88,18,24,11,27,4,38,5,-2.2,-4.3,2020-01-14,23.5,2020-03-11
9301X,2020-21,MONTEAGUDO,NAVARRA,410,151,151,147,84,16,3,89,12,17,10,26,4,72,9,-1.5,-5.4,2021-01-08,23.0,2021-03-31
9301X,2021-22,MONTEAGUDO,NAVARRA,410,151,151,145,95,25,10,87,25,4,1,21,1,64,10,-3.2,-4.4,2022-01-15,20.7,2022-02-02
9301X,2022-23,MONTEAGUDO,NAVARRA,410,151,151,135,93,29,4,88,27,40,23,20,7,49,7,-2.5,-3.7,2023-02-11,27.3,2023-03-13
9301X,2023-24,MONTEAGUDO,NAVARRA,410,152,152,135,72,17,4,88,15,36,17,20,10,36,5,-2.2,-6.9,2024-01-20,25.6,2024-03-22
9301X,2024-25,MONTEAGUDO,NAVARRA,410,150,150,141,86,22,3,88,21,12,2,27,3,62,7,-1.3,-5.0,2025-01-14,23.5,2025-03-31
9301X,2025-26,MONTEAGUDO,NAVARRA,410,151,151,141,83,8,1,87,8,22,8,37,6,64,2,-0.0,-3.6,2026-01-07,21.6,2026-03-13
9302Y,2017-18,TUDELA,NAVARRA,297,146,146,140,92,18,1,89,14,9,0,21,4,71,3,-2.0,-3.6,2017-12-06,19.9,2017-11-03
9302Y,2018-19,TUDELA,NAVARRA,297,149,149,140,86,13,3,88,13,28,10,19,9,69,3,-0.7,-5.8,2019-01-05,23.8,2019-03-24
9302Y,2019-20,TUDELA,NAVARRA,297,150,150,144,78,13,0,89,13,26,12,25,4,45,4,-1.0,-2.9,2020-01-13,24.0,2020-03-11
9302Y,2020-21,TUDELA,NAVARRA,297,151,151,149,68,17,2,90,13,22,9,28,9,68,9,-0.9,-3.9,2021-01-08,23.3,2021-03-31
9302Y,2021-22,TUDELA,NAVARRA,297,150,150,145,81,16,6,88,16,5,1,21,1,64,6,-2.7,-3.9,2022-01-23,20.5,2022-02-02
9302Y,2022-23,TUDELA,NAVARRA,297,151,151,135,80,17,2,89,16,37,23,25,19,50,4,-1.4,-3.2,2023-02-11,28.0,2023-03-13
9302Y,2023-24,TUDELA,NAVARRA,297,152,152,136,71,14,2,90,14,33,15,26,11,36,4,-1.7,-4.2,2023-12-28,26.0,2024-03-22
9302Y,2024-25,TUDELA,NAVARRA,297,151,151,139,70,11,0,89,10,12,2,24,5,51,3,-0.3,-2.9,2025-01-14,23.7,2025-03-31
9302Y,2025-26,TUDELA,NAVARRA,297,151,151,144,72,4,0,90,4,21,9,40,6,85,2,0.5,-2.6,2026-01-07,22.5,2026-03-13
9321X,2017-18,EJEA DE LOS CABALLEROS,ZARAGOZA,321,149,149,145,111,38,9,90,28,9,4,29,4,57,8,-3.6,-5.7,2018-02-24,21.0,2018-03-28
9321X,2018-19,EJEA DE LOS CABALLEROS,ZARAGOZA,321,150,150,147,105,16,5,90,15,29,13,23,13,97,7,-1.8,-6.0,2019-01-04,25.7,2019-03-16
9321X,2019-20,EJEA DE LOS CABALLEROS,ZARAGOZA,321,152,152,148,94,13,3,90,13,30,13,32,5,87,4,-0.6,-4.4,2020-01-13,24.8,2020-03-11
9321X,2020-21,EJEA DE LOS CABALLEROS,ZARAGOZA,321,151,151,146,82,19,3,89,13,27,10,27,10,68,8,-1.6,-6.5,2021-01-08,24.3,2021-03-31
9321X,2021-22,EJEA DE LOS CABALLEROS,ZARAGOZA,321,151,151,149,100,29,15,89,24,12,1,23,3,46,10,-4.8,-5.8,2022-01-22,21.0,2022-02-02
9321X,2022-23,EJEA DE LOS CABALLEROS,ZARAGOZA,321,151,151,142,87,33,10,90,29,38,26,27,12,92,5,-3.4,-4.6,2023-02-02,27.4,2023-03-23
9321X,2023-24,EJEA DE LOS CABALLEROS,ZARAGOZA,321,152,152,145,89,21,5,90,18,27,14,32,12,58,6,-2.6,-4.6,2024-01-12,26.6,2024-03-22
9336D,2017-18,CASTEJON DE VALDEJASA,ZARAGOZA,543,148,148,143,117,34,7,90,29,5,2,29,3,124,7,-2.0,-6.7,2018-02-27,20.4,2017-11-03
9336D,2018-19,CASTEJON DE VALDEJASA,ZARAGOZA,543,149,149,142,102,13,1,90,11,15,6,22,2,101,3,-0.7,-3.6,2019-01-11,25.3,2019-03-16
9336D,2019-20,CASTEJON DE VALDEJASA,ZARAGOZA,543,149,149,147,86,15,2,89,14,12,4,29,3,41,4,-1.4,-5.6,2020-01-14,23.6,2020-03-11
9336D,2020-21,CASTEJON DE VALDEJASA,ZARAGOZA,543,151,151,144,88,15,5,89,13,15,8,29,4,74,11,-2.0,-6.0,2021-01-11,23.7,2020-11-02
9336D,2021-22,CASTEJON DE VALDEJASA,ZARAGOZA,543,150,150,149,102,25,2,90,25,3,0,24,1,67,7,-1.8,-3.5,2021-12-17,18.9,2022-02-18
9336D,2022-23,CASTEJON DE VALDEJASA,ZARAGOZA,543,151,150,139,81,29,6,89,25,32,17,26,7,53,6,-2.8,-4.1,2023-01-24,25.7,2023-03-23
9336D,2023-24,CASTEJON DE VALDEJASA,ZARAGOZA,543,152,152,140,82,12,3,90,12,18,10,32,10,86,4,-0.5,-4.5,2024-01-20,24.8,2024-03-19
9336D,2024-25,CASTEJON DE VALDEJASA,ZARAGOZA,543,151,151,142,89,21,3,90,19,7,3,32,5,143,8,-1.6,-5.5,2025-01-14,21.7,2025-03-31
9336D,2025-26,CASTEJON DE VALDEJASA,ZARAGOZA,543,149,149,143,80,10,3,87,8,17,9,41,5,46,4,-0.2,-3.9,2026-01-07,22.9,2026-02-24
9344C,2017-18,ARCOS DE JALÓN,SORIA,863,151,151,151,134,70,28,90,54,8,1,39,3,125,12,-6.3,-9.1,2018-02-08,20.7,2018-03-28
9344C,2018-19,ARCOS DE JALÓN,SORIA,863,146,146,146,128,58,16,90,46,20,8,14,7,78,21,-3.9,-5.1,2019-01-13,24.5,2019-03-16
9344C,2019-20,ARCOS DE JALÓN,SORIA,863,152,152,150,105,42,4,91,34,12,8,29,3,92,11,-2.6,-6.0,2020-01-12,26.2,2020-03-12
9344C,2020-21,ARCOS DE JALÓN,SORIA,863,150,150,149,118,43,21,90,31,15,10,29,4,92,22,-6.9,-13.6,2021-01-12,23.7,2021-03-31
9344C,2021-22,ARCOS DE JALÓN,SORIA,863,150,150,150,128,57,26,89,45,7,2,25,2,58,20,-5.3,-7.8,2022-01-22,21.6,2022-02-02
9344C,2022-23,ARCOS DE JALÓN,SORIA,863,148,148,146,106,50,31,88,43,23,13,26,4,35,18,-6.5,-9.2,2023-03-02,25.7,2023-03-29
9344C,2023-24,ARCOS DE JALÓN,SORIA,863,152,152,149,109,31,10,91,26,22,9,36,11,66,6,-3.4,-7.1,2023-12-25,24.0,2024-03-19
9344C,2024-25,ARCOS DE JALÓN,SORIA,863,151,151,148,114,43,20,90,38,10,1,35,2,77,9,-3.8,-7.7,2025-01-14,24.4,2025-03-31
9344C,2025-26,ARCOS DE JALÓN,SORIA,863,150,150,148,123,35,5,88,23,16,9,41,7,67,6,-2.4,-6.7,2026-01-06,23.7,2026-03-17
9352A,2017-18,ALMAZUL,SORIA,1000,147,147,147,132,77,35,86,55,8,0,34,4,113,15,-6.0,-7.8,2017-12-06,19.0,2017-11-21
9352A,2018-19,ALMAZUL,SORIA,1000,151,151,151,141,75,14,90,59,14,6,21,6,59,13,-3.8,-5.0,2019-01-08,22.2,2019-03-16
9352A,2019-20,ALMAZUL,SORIA,1000,152,152,150,124,53,10,91,40,11,6,34,5,57,16,-3.2,-6.9,2020-01-12,23.7,2020-03-12
9352A,2020-21,ALMAZUL,SORIA,1000,151,151,151,128,51,22,90,37,10,5,37,4,125,23,-7.9,-12.1,2021-01-12,22.0,2021-03-31
9352A,2021-22,ALMAZUL,SORIA,1000,151,151,151,140,74,27,90,55,7,2,24,3,49,20,-6.1,-8.5,2022-01-16,20.4,2021-12-14
9352A,2022-23,ALMAZUL,SORIA,1000,151,151,151,120,59,26,90,49,20,6,29,4,81,29,-5.7,-8.3,2023-01-30,23.6,2023-03-29
9352A,2023-24,ALMAZUL,SORIA,1000,152,152,149,115,37,13,91,30,18,10,30,8,65,6,-3.5,-10.5,2024-01-21,25.9,2024-03-22
9352A,2024-25,ALMAZUL,SORIA,1000,151,151,151,123,47,22,90,39,6,3,35,2,95,9,-4.5,-8.0,2025-01-14,26.4,2025-03-31
9352A,2025-26,ALMAZUL,SORIA,1000,150,150,149,131,45,10,89,33,15,7,46,7,97,4,-3.2,-6.3,2026-01-07,22.9,2026-03-17
9354X,2017-18,ALHAMA DE ARAGON,ZARAGOZA,703,151,151,150,130,71,39,89,52,16,10,34,9,123,12,-6.0,-10.0,2017-12-06,23.2,2018-03-28
9354X,2018-19,ALHAMA DE ARAGON,ZARAGOZA,703,150,150,149,130,81,34,89,60,31,18,20,11,61,26,-6.0,-8.4,2019-01-04,26.4,2019-03-16
9354X,2019-20,ALHAMA DE ARAGON,ZARAGOZA,703,151,151,147,112,47,23,89,39,21,12,29,6,46,10,-4.5,-6.8,2020-01-12,27.8,2020-03-12
9354X,2020-21,ALHAMA DE ARAGON,ZARAGOZA,703,151,151,150,122,50,21,90,37,29,15,31,5,66,22,-7.2,-18.2,2021-01-12,24.6,2021-03-31
9354X,2021-22,ALHAMA DE ARAGON,ZARAGOZA,703,151,151,151,129,71,40,90,55,15,5,22,3,51,20,-7.7,-9.0,2022-01-29,22.3,2022-02-02
9354X,2022-23,ALHAMA DE ARAGON,ZARAGOZA,703,151,151,146,118,60,35,90,49,37,21,25,13,49,11,-7.5,-8.7,2023-02-11,28.0,2023-03-29
9354X,2023-24,ALHAMA DE ARAGON,ZARAGOZA,703,152,152,149,112,43,14,91,35,34,18,29,12,54,7,-4.0,-6.9,2023-12-27,26.9,2024-03-22
9354X,2024-25,ALHAMA DE ARAGON,ZARAGOZA,703,151,151,147,118,51,24,90,46,26,5,31,5,75,11,-6.3,-8.9,2025-01-14,25.4,2025-03-31
9354X,2025-26,ALHAMA DE ARAGON,ZARAGOZA,703,149,150,146,118,40,3,87,28,21,17,38,7,53,6,-2.6,-4.8,2026-01-21,25.7,2025-11-12
9374X,2017-18,SANTA EULALIA DEL CAMPO,TERUEL,1000,151,151,151,142,91,51,90,64,9,2,23,3,62,16,-7.1,-14.0,2018-02-08,21.2,2018-03-28
9374X,2018-19,SANTA EULALIA DEL CAMPO,TERUEL,1000,151,151,151,142,103,49,90,75,18,8,17,8,78,28,-7.4,-9.8,2019-01-11,24.6,2019-03-16
9374X,2019-20,SANTA EULALIA DEL CAMPO,TERUEL,1000,151,151,151,138,71,31,90,55,18,6,23,6,48,29,-5.7,-9.0,2020-01-12,25.9,2020-03-12
9374X,2020-21,SANTA EULALIA DEL CAMPO,TERUEL,1000,151,151,151,143,68,38,90,46,19,11,26,4,70,22,-9.4,-23.1,2021-01-12,24.4,2020-11-02
9374X,2021-22,SANTA EULALIA DEL CAMPO,TERUEL,1000,151,151,151,142,80,45,90,61,9,4,26,3,59,24,-8.7,-9.7,2022-01-16,21.9,2022-02-18
9374X,2022-23,SANTA EULALIA DEL CAMPO,TERUEL,1000,151,151,150,127,75,40,90,62,31,16,20,7,49,34,-7.7,-11.9,2023-02-28,26.1,2023-03-29
9374X,2023-24,SANTA EULALIA DEL CAMPO,TERUEL,1000,152,152,151,124,62,24,91,46,33,18,22,12,42,8,-6.0,-8.2,2023-12-26,26.1,2024-03-22
9374X,2024-25,SANTA EULALIA DEL CAMPO,TERUEL,1000,150,150,150,131,67,31,90,55,13,1,25,3,75,12,-6.1,-9.2,2025-01-14,24.0,2025-03-31
9374X,2025-26,SANTA EULALIA DEL CAMPO,TERUEL,1000,151,151,151,137,67,16,90,44,18,8,27,7,73,9,-4.0,-9.2,2026-01-06,21.9,2026-03-17
9377Y,2017-18,EL PEDREGAL,GUADALAJARA,1185,150,150,150,141,89,37,90,64,9,1,39,3,63,19,-6.2,-9.4,2018-02-08,20.2,2017-11-01
9377Y,2018-19,EL PEDREGAL,GUADALAJARA,1185,136,136,136,130,67,25,80,51,15,3,18,3,18,15,-4.8,-7.7,2019-01-11,23.4,2019-03-16
9377Y,2019-20,EL PEDREGAL,GUADALAJARA,1185,148,148,147,125,49,10,87,33,17,7,35,6,34,7,-3.4,-4.9,2020-01-13,25.2,2020-03-12
9377Y,2020-21,EL PEDREGAL,GUADALAJARA,1185,142,142,142,129,61,20,84,39,13,6,32,4,39,13,-5.7,-14.0,2021-01-12,22.4,2020-11-02
9377Y,2021-22,EL PEDREGAL,GUADALAJARA,1185,148,148,148,140,72,31,90,54,9,5,29,3,43,19,-5.8,-8.1,2022-01-22,23.2,2021-12-31
9377Y,2022-23,EL PEDREGAL,GUADALAJARA,1185,144,144,143,115,64,38,83,57,21,12,26,4,60,40,-7.4,-9.4,2023-01-30,24.5,2023-03-29
9377Y,2023-24,EL PEDREGAL,GUADALAJARA,1185,152,152,152,122,50,10,91,39,29,15,32,8,36,10,-3.2,-7.8,2024-01-12,25.2,2024-03-22
9377Y,2024-25,EL PEDREGAL,GUADALAJARA,1185,151,151,151,127,56,17,90,45,11,1,29,3,75,12,-3.9,-8.6,2025-01-14,24.3,2025-03-31
9377Y,2025-26,EL PEDREGAL,GUADALAJARA,1185,150,150,150,140,58,13,90,38,15,12,41,7,99,5,-3.3,-9.6,2026-01-06,22.9,2025-11-12
9381I,2017-18,CALAMOCHA,TERUEL,884,151,151,151,134,81,52,90,57,11,4,29,4,61,14,-7.0,-9.1,2017-12-03,21.6,2018-03-28
9381I,2018-19,CALAMOCHA,TERUEL,884,151,151,151,138,86,38,90,63,24,10,19,10,78,26,-7.0,-8.1,2019-01-05,26.0,2019-03-16
9381I,2019-20,CALAMOCHA,TERUEL,884,152,152,150,121,61,27,91,48,15,9,29,4,92,16,-5.2,-8.3,2020-01-12,26.8,2020-03-12
9381I,2020-21,CALAMOCHA,TERUEL,884,151,151,151,136,62,32,90,41,20,11,24,4,70,23,-10.7,-21.3,2021-01-12,24.4,2021-03-31
9381I,2021-22,CALAMOCHA,TERUEL,884,151,151,151,137,79,45,90,61,9,1,26,2,60,31,-8.1,-8.9,2022-01-28,21.5,2022-02-18
9381I,2022-23,CALAMOCHA,TERUEL,884,151,151,148,119,69,40,89,56,31,18,26,7,48,32,-7.7,-11.8,2023-02-28,27.1,2023-03-29
9381I,2023-24,CALAMOCHA,TERUEL,884,152,152,151,122,54,17,91,41,30,15,27,12,65,8,-4.9,-6.8,2023-12-27,26.9,2024-03-22
9381I,2024-25,CALAMOCHA,TERUEL,884,151,151,151,129,58,27,90,49,18,1,23,5,76,11,-6.0,-9.1,2025-01-14,25.2,2025-03-31
9381I,2025-26,CALAMOCHA,TERUEL,884,151,151,149,131,53,12,89,35,16,12,33,7,99,6,-3.3,-9.7,2026-01-06,23.4,2026-03-17
9390,2017-18,DAROCA,ZARAGOZA,774,151,151,150,127,81,45,89,56,10,4,28,3,123,12,-6.6,-9.8,2017-12-03,21.8,2018-03-28
9390,2018-19,DAROCA,ZARAGOZA,774,151,151,151,130,80,29,90,58,29,11,22,11,72,26,-6.3,-7.4,2019-01-04,25.2,2019-03-16
9390,2019-20,DAROCA,ZARAGOZA,774,152,152,148,116,53,19,90,44,18,11,29,5,52,16,-5.1,-7.9,2020-01-12,27.2,2020-03-12
9390,2020-21,DAROCA,ZARAGOZA,774,151,151,151,126,49,23,90,33,27,14,27,5,69,22,-8.0,-18.5,2021-01-12,24.3,2021-03-30
9390,2021-22,DAROCA,ZARAGOZA,774,151,151,150,127,69,39,89,54,9,1,25,2,61,23,-7.0,-8.1,2022-01-16,20.8,2022-02-18
9390,2022-23,DAROCA,ZARAGOZA,774,151,151,143,118,63,34,89,50,34,20,21,12,55,19,-7.0,-10.7,2023-02-28,27.3,2023-03-29
9390,2023-24,DAROCA,ZARAGOZA,774,152,152,146,112,47,15,90,37,32,18,26,11,54,8,-3.8,-6.4,2023-12-26,26.8,2024-03-22
9390,2024-25,DAROCA,ZARAGOZA,774,151,151,147,116,56,26,90,47,21,5,27,6,75,11,-5.6,-8.6,2025-01-13,25.3,2025-03-31
9390,2025-26,DAROCA,ZARAGOZA,774,151,151,145,124,43,9,88,29,21,13,31,7,99,6,-3.2,-7.9,2026-01-06,24.3,2026-03-17
9394X,2017-18,CALATAYUD,ZARAGOZA,582,146,146,143,117,67,35,87,51,11,6,22,3,96,12,-5.0,-8.1,2017-12-06,23.4,2018-03-28
9394X,2018-19,CALATAYUD,ZARAGOZA,582,147,147,147,117,62,20,88,49,35,17,17,14,61,26,-5.7,-6.9,2019-01-11,24.7,2019-02-27
9394X,2019-20,CALATAYUD,ZARAGOZA,582,151,151,142,102,34,14,86,30,29,15,22,5,22,13,-3.6,-5.3,2020-01-12,27.7,2020-03-11
9394X,2020-21,CALATAYUD,ZARAGOZA,582,151,151,149,110,33,16,88,23,31,16,32,9,68,19,-5.6,-15.4,2021-01-12,24.6,2020-11-01
9394X,2021-22,CALATAYUD,ZARAGOZA,582,151,151,150,119,63,28,90,50,8,3,21,2,83,20,-6.2,-7.0,2022-01-16,22.7,2022-02-18
9394X,2022-23,CALATAYUD,ZARAGOZA,582,149,149,138,107,51,28,87,45,40,26,20,13,31,18,-5.8,-7.9,2023-01-30,29.0,2023-03-29
9394X,2023-24,CALATAYUD,ZARAGOZA,582,152,151,142,103,31,9,90,25,32,19,24,12,55,7,-3.2,-5.9,2023-12-27,26.5,2024-03-19
9394X,2024-25,CALATAYUD,ZARAGOZA,582,151,151,145,112,42,16,90,36,22,4,25,5,69,8,-4.5,-8.2,2025-01-15,25.3,2025-03-31
9394X,2025-26,CALATAYUD,ZARAGOZA,582,151,151,145,114,31,4,86,23,23,13,40,7,87,4,-2.1,-6.8,2026-01-06,24.2,2026-02-24
9427X,2017-18,LA ALMUNIA DE DOÑA GODINA,ZARAGOZA,370,149,149,139,90,28,4,81,20,28,9,26,4,34,6,-2.3,-5.8,2017-12-07,25.7,2018-03-28
9427X,2018-19,LA ALMUNIA DE DOÑA GODINA,ZARAGOZA,370,151,151,147,90,23,5,89,23,43,27,20,10,44,10,-2.9,-5.1,2019-01-05,29.4,2019-03-16
9427X,2019-20,LA ALMUNIA DE DOÑA GODINA,ZARAGOZA,370,152,152,130,80,16,3,78,15,41,23,32,5,35,4,-0.9,-4.2,2020-01-12,26.9,2020-03-11
9427X,2020-21,LA ALMUNIA DE DOÑA GODINA,ZARAGOZA,370,151,151,137,79,19,6,83,13,37,20,21,9,34,10,-1.8,-9.0,2021-01-12,26.4,2020-11-01
9427X,2021-22,LA ALMUNIA DE DOÑA GODINA,ZARAGOZA,370,151,151,145,92,24,8,86,24,18,5,20,3,45,10,-2.9,-4.9,2022-01-23,22.7,2022-02-02
9427X,2022-23,LA ALMUNIA DE DOÑA GODINA,ZARAGOZA,370,151,151,123,82,26,5,82,22,55,34,19,25,24,6,-2.6,-4.3,2023-01-30,29.1,2023-03-29
9427X,2023-24,LA ALMUNIA DE DOÑA GODINA,ZARAGOZA,370,152,152,122,63,14,4,81,13,53,29,21,13,35,5,-1.5,-5.0,2024-01-20,26.8,2024-03-22
9427X,2024-25,LA ALMUNIA DE DOÑA GODINA,ZARAGOZA,370,151,151,136,83,16,4,85,15,27,9,25,6,23,4,-1.2,-5.4,2025-01-15,23.5,2025-03-31
9427X,2025-26,LA ALMUNIA DE DOÑA GODINA,ZARAGOZA,370,151,151,134,74,7,1,82,5,34,18,34,9,34,2,0.1,-3.3,2026-01-01,23.5,2026-02-27
9434,2017-18,"ZARAGOZA, AEROPUERTO",ZARAGOZA,249,151,151,144,91,17,2,88,14,15,5,23,4,46,4,-0.9,-4.1,2017-12-07,22.7,2018-03-28
9434,2018-19,"ZARAGOZA, AEROPUERTO",ZARAGOZA,249,151,151,142,80,8,2,90,8,32,21,16,10,67,3,-0.1,-4.9,2019-01-05,25.5,2019-02-27
9434,2019-20,"ZARAGOZA, AEROPUERTO",ZARAGOZA,249,152,152,138,67,6,0,85,6,33,16,30,5,39,4,0.3,-2.8,2020-01-14,25.3,2020-03-11
9434,2020-21,"ZARAGOZA, AEROPUERTO",ZARAGOZA,249,151,151,144,55,10,1,89,8,30,10,23,9,68,6,-0.4,-3.1,2021-01-07,24.8,2020-11-02
9434,2021-22,"ZARAGOZA, AEROPUERTO",ZARAGOZA,249,151,151,141,64,16,2,86,16,12,2,19,2,54,9,-2.2,-3.2,2022-01-23,20.5,2022-02-02
9434,2022-23,"ZARAGOZA, AEROPUERTO",ZARAGOZA,249,151,151,131,73,11,0,88,10,45,26,16,20,50,4,-0.3,-2.4,2023-01-30,28.7,2023-03-13
9434,2023-24,"ZARAGOZA, AEROPUERTO",ZARAGOZA,249,152,152,129,60,12,1,87,12,44,24,27,12,36,4,-1.2,-3.1,2023-12-26,27.8,2024-03-22
9434,2024-25,"ZARAGOZA, AEROPUERTO",ZARAGOZA,249,151,151,135,57,7,2,89,6,25,5,22,5,31,3,0.1,-3.9,2025-01-15,23.8,2025-03-31
9434,2025-26,"ZARAGOZA, AEROPUERTO",ZARAGOZA,249,151,151,138,57,2,0,88,2,31,15,35,6,64,1,1.2,-0.4,2025-12-03,22.4,2026-02-23
9434P,2017-18,"ZARAGOZA, VALDESPARTERA",ZARAGOZA,258,150,150,142,84,14,2,85,12,14,7,21,4,55,3,-1.4,-3.9,2017-12-06,23.3,2018-03-28
9434P,2018-19,"ZARAGOZA, VALDESPARTERA",ZARAGOZA,258,150,150,140,70,9,2,90,9,35,23,15,14,67,7,-0.3,-4.4,2019-01-05,26.3,2019-03-16
9434P,2019-20,"ZARAGOZA, VALDESPARTERA",ZARAGOZA,258,152,152,138,64,9,2,85,9,43,16,29,6,37,5,-0.5,-3.6,2020-01-14,26.6,2020-03-11
9434P,2020-21,"ZARAGOZA, VALDESPARTERA",ZARAGOZA,258,151,151,141,52,8,1,86,6,34,15,23,9,68,4,-0.2,-3.1,2021-01-07,25.6,2021-03-31
9434P,2021-22,"ZARAGOZA, VALDESPARTERA",ZARAGOZA,258,151,151,145,62,16,2,87,16,18,3,22,3,44,9,-2.0,-3.6,2022-01-15,21.3,2022-02-18
9434P,2022-23,"ZARAGOZA, VALDESPARTERA",ZARAGOZA,258,151,151,128,71,7,0,86,7,49,30,16,25,49,4,0.0,-2.7,2023-01-30,29.0,2023-03-13
9434P,2023-24,"ZARAGOZA, VALDESPARTERA",ZARAGOZA,258,152,152,128,51,11,2,86,11,44,26,27,12,35,4,-1.1,-3.6,2023-12-26,27.3,2024-03-22
9434P,2024-25,"ZARAGOZA, VALDESPARTERA",ZARAGOZA,258,151,151,132,56,7,1,88,6,25,6,25,5,25,3,0.1,-3.5,2025-01-15,23.9,2025-03-31
9434P,2025-26,"ZARAGOZA, VALDESPARTERA",ZARAGOZA,258,151,151,134,51,2,0,87,2,31,16,38,6,64,1,1.9,-0.4,2026-01-01,22.7,2026-03-13
9436X,2017-18,FONFRÍA,TERUEL,1255,151,151,151,138,80,28,90,58,2,0,38,1,145,13,-5.4,-8.5,2018-02-09,19.0,2018-03-28
9436X,2018-19,FONFRÍA,TERUEL,1255,151,151,151,136,43,8,90,34,5,2,27,2,118,11,-3.0,-6.1,2019-01-11,22.2,2019-03-16
9436X,2019-20,FONFRÍA,TERUEL,1255,152,152,149,124,39,7,91,19,5,2,41,2,94,7,-2.9,-5.9,2020-01-20,23.9,2020-03-12
9436X,2020-21,FONFRÍA,TERUEL,1255,151,151,151,127,47,23,90,35,5,2,36,2,143,27,-5.9,-9.9,2021-01-12,20.5,2020-11-02
9436X,2021-22,FONFRÍA,TERUEL,1255,151,151,151,135,55,10,90,41,3,1,35,2,60,10,-3.2,-7.0,2022-01-06,20.5,2021-12-31
9436X,2022-23,FONFRÍA,TERUEL,1255,151,151,150,106,50,25,90,44,12,5,27,4,124,19,-5.6,-8.0,2023-02-27,23.5,2023-03-29
9436X,2023-24,FONFRÍA,TERUEL,1255,152,152,150,104,34,6,91,24,15,6,40,7,66,9,-2.4,-7.8,2024-01-12,23.0,2024-03-22
9436X,2024-25,FONFRÍA,TERUEL,1255,151,151,151,120,46,7,90,34,1,1,34,1,150,9,-2.8,-5.7,2025-01-14,21.5,2025-03-31
9436X,2025-26,FONFRÍA,TERUEL,1255,148,149,147,130,46,8,87,28,9,0,41,2,71,8,-3.2,-8.4,2026-01-07,19.9,2025-11-12
9445L,2021-22,"FORMIGAL, SARRIOS",HUESCA,1800,139,139,139,133,88,39,87,52,0,0,42,0,108,19,-6.3,-9.5,2022-01-06,12.3,2021-12-30
9445L,2022-23,"FORMIGAL, SARRIOS",HUESCA,1800,148,149,148,143,77,42,88,54,0,0,60,0,89,16,-9.8,-13.5,2023-02-27,16.2,2023-03-29
9445L,2023-24,"FORMIGAL, SARRIOS",HUESCA,1800,145,145,145,131,67,35,89,42,0,0,63,0,94,10,-5.9,-9.5,2024-01-11,16.0,2024-01-25
9445L,2024-25,"FORMIGAL, SARRIOS",HUESCA,1800,139,140,139,127,75,34,80,48,0,0,52,0,77,12,-6.0,-8.6,2025-03-15,15.6,2025-03-31
9445L,2025-26,"FORMIGAL, SARRIOS",HUESCA,1800,151,151,151,144,95,50,90,64,0,0,63,0,151,27,-6.8,-11.2,2026-01-06,14.0,2025-11-12
9451F,2019-20,"PANTICOSA, PETROSOS",HUESCA,1850,125,125,125,107,56,17,91,37,0,0,35,0,125,12,-6.1,-7.6,2020-01-19,16.8,2020-03-11
9451F,2020-21,"PANTICOSA, PETROSOS",HUESCA,1850,151,151,151,139,84,43,90,64,0,0,49,0,151,34,-8.0,-10.7,2021-01-02,15.8,2020-11-01
9451F,2021-22,"PANTICOSA, PETROSOS",HUESCA,1850,151,151,150,141,87,29,89,49,2,0,34,1,99,21,-6.3,-8.9,2022-01-06,19.0,2022-02-08
9451F,2022-23,"PANTICOSA, PETROSOS",HUESCA,1850,150,150,150,137,69,39,90,46,0,0,35,0,132,16,-9.3,-13.4,2023-02-27,14.2,2023-03-16
9451F,2023-24,"PANTICOSA, PETROSOS",HUESCA,1850,152,152,147,126,71,36,88,42,0,0,51,0,152,20,-5.5,-8.7,2024-01-11,16.4,2023-11-18
9451F,2024-25,"PANTICOSA, PETROSOS",HUESCA,1850,151,151,151,131,84,33,90,53,0,0,46,0,151,12,-6.3,-8.2,2025-03-15,15.3,2025-03-31
9451F,2025-26,"PANTICOSA, PETROSOS",HUESCA,1850,151,151,151,139,96,42,90,66,0,0,58,0,151,27,-6.5,-10.7,2026-01-06,14.9,2026-02-22
9453X,2017-18,"BIESCAS, EMBALSE DE BÚBAL",HUESCA,1100,151,151,151,145,98,42,90,69,1,0,53,1,134,15,-6.2,-10.1,2018-02-27,18.3,2017-11-17
9453X,2018-19,"BIESCAS, EMBALSE DE BÚBAL",HUESCA,1100,151,151,151,148,97,19,90,66,8,2,28,2,114,22,-4.0,-6.6,2019-02-04,21.1,2019-02-27
9453X,2019-20,"BIESCAS, EMBALSE DE BÚBAL",HUESCA,1100,152,152,152,149,72,13,91,49,5,2,52,3,107,13,-3.7,-5.8,2019-11-16,21.8,2020-03-12
9453X,2020-21,"BIESCAS, EMBALSE DE BÚBAL",HUESCA,1100,151,151,151,145,71,22,90,53,4,2,49,3,146,21,-7.5,-12.1,2021-01-08,20.4,2020-11-02
9453X,2021-22,"BIESCAS, EMBALSE DE BÚBAL",HUESCA,1100,151,151,151,145,89,25,90,62,2,0,35,1,93,21,-5.1,-6.2,2022-01-15,19.0,2022-02-02
9453X,2022-23,"BIESCAS, EMBALSE DE BÚBAL",HUESCA,1100,150,150,150,139,78,42,89,62,6,2,40,2,84,26,-6.6,-8.7,2023-01-30,21.2,2023-03-29
9453X,2023-24,"BIESCAS, EMBALSE DE BÚBAL",HUESCA,1100,152,152,152,143,51,11,91,39,9,3,61,7,85,8,-4.0,-6.5,2024-01-09,22.8,2024-03-22
9453X,2024-25,"BIESCAS, EMBALSE DE BÚBAL",HUESCA,1100,151,151,151,139,66,18,90,51,1,1,46,1,150,10,-4.2,-5.4,2025-02-02,24.2,2025-03-31
9453X,2025-26,"BIESCAS, EMBALSE DE BÚBAL",HUESCA,1100,149,150,148,141,66,12,89,42,7,2,63,3,62,10,-3.4,-8.1,2026-01-06,20.5,2026-03-18
9460X,2017-18,SABIÑÁNIGO,HUESCA,775,151,151,151,140,92,47,90,63,8,0,45,3,125,15,-7.6,-10.2,2018-02-27,19.6,2017-11-03
9460X,2018-19,SABIÑÁNIGO,HUESCA,775,151,151,151,144,99,38,90,75,28,8,23,8,91,32,-6.0,-8.7,2019-01-11,24.3,2019-03-16
9460X,2019-20,SABIÑÁNIGO,HUESCA,775,152,152,151,136,65,23,91,53,13,9,50,3,93,25,-4.7,-7.0,2020-01-12,25.1,2020-03-12
9460X,2020-21,SABIÑÁNIGO,HUESCA,775,151,151,150,134,64,28,90,45,24,8,39,4,69,20,-8.2,-15.0,2021-01-12,24.1,2021-03-31
9460X,2021-22,SABIÑÁNIGO,HUESCA,775,151,151,151,137,90,47,90,66,13,2,28,2,60,33,-7.2,-8.6,2022-01-16,21.1,2022-02-18
9460X,2022-23,SABIÑÁNIGO,HUESCA,775,151,150,151,124,76,43,90,62,27,13,37,6,40,43,-9.7,-14.5,2023-01-21,25.4,2023-03-16
9460X,2023-24,SABIÑÁNIGO,HUESCA,775,152,152,152,134,66,17,91,51,29,16,48,12,65,9,-4.4,-6.5,2024-01-09,25.9,2024-03-21
9460X,2024-25,SABIÑÁNIGO,HUESCA,775,151,151,151,133,66,23,90,50,14,4,42,4,98,12,-5.6,-8.2,2025-01-14,25.7,2025-03-31
9460X,2025-26,SABIÑÁNIGO,HUESCA,775,149,150,147,133,57,10,90,34,19,10,56,6,100,9,-3.4,-9.9,2026-01-06,24.0,2026-03-17
9491X,2017-18,ALMUDÉVAR,HUESCA,390,147,147,143,120,50,14,89,38,9,2,26,4,52,8,-4.3,-6.3,2018-02-24,20.7,2018-03-28
9491X,2018-19,ALMUDÉVAR,HUESCA,390,151,151,148,119,35,5,90,27,30,10,18,9,79,8,-2.4,-5.9,2019-01-03,24.6,2019-03-16
9491X,2019-20,ALMUDÉVAR,HUESCA,390,152,152,150,106,27,3,91,24,19,7,33,3,88,6,-2.1,-5.4,2020-01-14,24.3,2020-03-11
9491X,2020-21,ALMUDÉVAR,HUESCA,390,150,150,148,100,25,8,90,19,22,10,28,10,69,13,-3.3,-11.4,2021-01-12,24.7,2020-11-02
9491X,2021-22,ALMUDÉVAR,HUESCA,390,150,150,149,110,34,17,89,29,7,3,19,2,60,17,-4.5,-6.0,2022-01-22,20.6,2022-02-18
9491X,2022-23,ALMUDÉVAR,HUESCA,390,151,151,147,97,37,13,90,33,35,20,26,12,92,9,-3.7,-6.0,2023-01-29,25.7,2023-03-13
9491X,2023-24,ALMUDÉVAR,HUESCA,390,152,152,147,103,25,8,91,23,27,14,32,12,58,7,-2.7,-4.9,2023-12-27,25.5,2024-03-22
9491X,2024-25,ALMUDÉVAR,HUESCA,390,151,151,144,97,23,9,89,21,19,5,26,11,69,7,-3.2,-6.8,2025-01-15,22.7,2025-03-31
9491X,2025-26,ALMUDÉVAR,HUESCA,390,150,150,148,106,16,4,89,12,27,8,36,6,39,6,-1.8,-7.1,2026-01-06,21.8,2026-02-24
9495Y,2017-18,LECIÑENA,ZARAGOZA,405,151,151,146,121,63,18,89,46,16,5,21,4,41,12,-4.2,-8.1,2018-02-27,22.5,2018-03-28
9495Y,2018-19,LECIÑENA,ZARAGOZA,405,150,150,148,122,45,16,89,34,33,16,16,13,67,11,-4.5,-8.5,2019-01-04,26.8,2019-03-16
9495Y,2019-20,LECIÑENA,ZARAGOZA,405,152,152,150,104,31,7,91,28,27,11,34,5,65,8,-2.7,-5.5,2020-01-13,25.4,2020-03-11
9495Y,2020-21,LECIÑENA,ZARAGOZA,405,151,151,147,108,36,10,90,26,22,12,22,9,69,11,-3.5,-12.2,2021-01-11,24.4,2021-03-30
9495Y,2021-22,LECIÑENA,ZARAGOZA,405,151,151,150,117,50,21,90,41,12,2,18,2,45,21,-4.5,-6.4,2022-01-23,21.1,2022-02-18
9495Y,2022-23,LECIÑENA,ZARAGOZA,405,151,151,147,109,54,23,90,47,47,28,24,12,48,18,-4.9,-7.1,2023-01-24,27.7,2023-03-13
9495Y,2023-24,LECIÑENA,ZARAGOZA,405,146,146,140,101,33,10,90,27,37,17,22,8,37,7,-3.4,-7.3,2023-12-27,27.7,2024-03-22
9495Y,2024-25,LECIÑENA,ZARAGOZA,405,151,151,143,109,39,8,89,35,23,4,20,6,33,11,-3.3,-7.5,2025-01-13,24.0,2025-03-31
9495Y,2025-26,LECIÑENA,ZARAGOZA,405,148,149,142,111,22,3,89,14,26,13,42,6,62,5,-1.9,-7.8,2026-01-06,23.7,2026-02-24
9501X,2017-18,VALMADRID,ZARAGOZA,535,150,150,142,95,20,5,84,18,11,3,26,4,71,7,-2.1,-5.1,2018-02-24,23.3,2018-03-28
9501X,2018-19,VALMADRID,ZARAGOZA,535,148,148,143,81,12,0,87,12,26,9,19,5,40,3,-0.6,-1.7,2018-12-26,23.6,2019-03-03
9501X,2019-20,VALMADRID,ZARAGOZA,535,152,152,136,82,19,4,81,16,20,11,39,3,41,7,-2.1,-4.9,2020-01-02,26.9,2020-03-11
9501X,2020-21,VALMADRID,ZARAGOZA,535,149,149,144,84,15,1,88,14,16,12,26,4,70,11,-0.8,-3.2,2021-01-07,25.2,2020-11-02
9501X,2021-22,VALMADRID,ZARAGOZA,535,145,145,142,88,29,8,81,28,9,3,23,2,33,10,-3.2,-4.8,2022-01-23,22.4,2022-02-18
9501X,2022-23,VALMADRID,ZARAGOZA,535,151,151,135,82,28,3,86,24,36,21,20,7,54,9,-2.1,-4.0,2023-02-12,27.1,2023-03-23
9501X,2023-24,VALMADRID,ZARAGOZA,535,152,152,130,65,12,0,84,12,36,20,28,11,43,4,-1.0,-2.0,2024-01-21,27.0,2024-03-22
9501X,2024-25,VALMADRID,ZARAGOZA,535,151,151,139,76,16,2,88,15,13,4,25,2,36,6,-1.1,-5.0,2025-01-02,24.1,2025-03-31
9501X,2025-26,VALMADRID,ZARAGOZA,535,151,151,142,83,7,0,87,7,19,8,40,7,87,4,0.2,-2.0,2026-01-01,22.7,2026-02-23
9510X,2017-18,QUINTO,ZARAGOZA,205,149,149,143,100,36,16,89,26,22,10,16,4,46,6,-3.9,-6.7,2017-12-07,24.2,2018-03-28
9510X,2018-19,QUINTO,ZARAGOZA,205,150,150,147,95,31,4,90,27,36,23,13,14,67,8,-2.1,-4.8,2019-01-03,25.6,2019-03-16
9510X,2019-20,QUINTO,ZARAGOZA,205,152,152,143,84,17,2,89,16,53,22,27,8,36,6,-1.5,-4.4,2020-01-12,26.7,2020-03-12
9510X,2020-21,QUINTO,ZARAGOZA,205,151,151,146,79,18,8,90,13,34,15,22,9,68,6,-2.9,-7.5,2021-01-12,25.8,2020-11-02
9510X,2021-22,QUINTO,ZARAGOZA,205,151,151,144,86,26,16,87,22,22,5,14,4,43,9,-5.7,-6.6,2022-01-16,22.1,2022-02-18
9510X,2022-23,QUINTO,ZARAGOZA,205,151,151,139,91,25,8,90,20,48,29,19,25,50,9,-3.0,-5.7,2023-01-30,29.4,2023-03-13
9510X,2023-24,QUINTO,ZARAGOZA,205,146,146,133,74,19,3,84,18,49,23,20,13,35,7,-1.5,-4.1,2024-01-13,28.3,2024-03-22
9510X,2024-25,QUINTO,ZARAGOZA,205,151,151,140,76,24,6,90,23,28,9,20,5,24,7,-2.6,-7.1,2025-01-15,23.3,2025-03-31
9510X,2025-26,QUINTO,ZARAGOZA,205,143,143,135,76,12,1,83,10,39,18,32,10,36,3,-1.0,-3.7,2026-01-06,23.6,2025-11-01
9513X,2017-18,MUNIESA,TERUEL,800,150,150,145,117,46,8,88,36,10,3,10,4,83,8,-3.1,-5.1,2018-02-24,22.2,2018-03-28
9513X,2018-19,MUNIESA,TERUEL,800,151,151,151,114,25,2,90,24,15,7,17,3,78,4,-1.7,-3.3,2019-01-03,25.5,2019-03-16
9513X,2019-20,MUNIESA,TERUEL,800,150,150,147,100,22,2,88,18,19,9,27,3,27,6,-1.8,-4.3,2019-12-31,24.9,2020-03-11
9513X,2020-21,MUNIESA,TERUEL,800,150,150,147,102,23,9,87,18,20,10,22,4,34,7,-3.3,-7.1,2021-01-12,24.5,2020-11-02
9513X,2021-22,MUNIESA,TERUEL,800,151,151,150,117,28,11,89,28,11,7,25,6,59,9,-3.5,-6.4,2022-01-22,22.3,2022-02-18
9513X,2022-23,MUNIESA,TERUEL,800,151,151,141,87,41,13,87,36,33,17,19,7,50,10,-3.4,-5.8,2023-01-30,26.2,2023-03-13
9513X,2023-24,MUNIESA,TERUEL,800,152,152,142,86,14,1,88,14,35,16,20,11,44,3,-0.9,-3.9,2024-01-12,25.3,2024-03-22
9513X,2024-25,MUNIESA,TERUEL,800,151,151,148,99,24,3,90,21,14,3,23,3,59,7,-1.6,-6.0,2025-01-14,22.5,2025-03-31
9513X,2025-26,MUNIESA,TERUEL,800,145,145,141,102,13,1,82,10,14,9,31,6,54,4,-0.9,-4.0,2026-01-05,24.2,2025-11-12
9531Y,2017-18,MONTALBÁN,TERUEL,895,150,150,150,126,69,29,89,51,12,5,22,4,61,9,-5.9,-8.1,2017-12-03,22.1,2018-03-28
9531Y,2018-19,MONTALBÁN,TERUEL,895,151,151,150,126,62,21,90,47,19,8,22,7,78,13,-4.8,-7.8,2019-01-11,25.4,2019-03-16
9531Y,2019-20,MONTALBÁN,TERUEL,895,151,151,150,111,40,6,90,31,22,10,27,3,30,8,-2.7,-4.1,2019-12-28,26.8,2020-03-12
9531Y,2020-21,MONTALBÁN,TERUEL,895,151,151,151,115,47,15,90,31,23,12,28,5,36,16,-4.2,-14.6,2021-01-12,24.9,2020-11-02
9531Y,2021-22,MONTALBÁN,TERUEL,895,151,151,151,128,60,24,90,48,12,6,28,4,59,23,-6.8,-8.4,2022-01-22,23.2,2022-02-18
9531Y,2022-23,MONTALBÁN,TERUEL,895,151,151,145,108,54,25,88,47,35,20,18,7,50,29,-5.7,-8.7,2023-02-28,27.0,2023-03-29
9531Y,2023-24,MONTALBÁN,TERUEL,895,152,152,145,104,33,9,89,26,40,22,24,12,27,6,-3.4,-5.0,2023-12-27,27.7,2024-03-22
9531Y,2024-25,MONTALBÁN,TERUEL,895,151,151,151,114,44,20,90,38,18,3,27,3,58,10,-4.6,-9.3,2025-01-14,24.8,2025-03-31
9531Y,2025-26,MONTALBÁN,TERUEL,895,151,151,146,123,30,5,87,19,19,13,39,7,73,4,-2.7,-7.7,2026-01-06,23.5,2025-11-12
9546B,2017-18,HIJAR,TERUEL,305,151,151,142,85,17,1,85,15,32,14,17,5,41,4,-1.4,-3.7,2017-12-07,27.9,2018-03-28
9546B,2018-19,HIJAR,TERUEL,305,150,150,143,69,12,5,90,12,43,28,13,19,54,7,-1.5,-5.0,2019-01-04,25.3,2019-03-24
9546B,2019-20,HIJAR,TERUEL,305,152,152,133,71,17,4,80,17,54,33,25,8,34,5,-0.8,-6.0,2020-01-14,26.8,2020-03-11
9546B,2020-21,HIJAR,TERUEL,305,151,151,144,70,11,0,86,10,38,24,26,10,44,4,-0.5,-2.9,2021-01-07,26.5,2020-11-02
9546B,2021-22,HIJAR,TERUEL,305,151,151,144,69,20,2,87,20,27,9,14,4,35,9,-1.9,-3.7,2022-01-23,23.0,2022-02-17
9546B,2022-23,HIJAR,TERUEL,305,150,150,131,74,19,0,86,16,52,40,19,26,21,5,-0.7,-2.1,2023-02-11,29.3,2023-03-13
9546B,2023-24,HIJAR,TERUEL,305,152,152,126,45,12,4,85,12,61,46,20,13,21,5,-1.1,-5.6,2023-12-28,27.6,2024-03-22
9546B,2024-25,HIJAR,TERUEL,305,151,151,134,60,9,0,86,9,29,13,16,5,17,3,-0.3,-2.4,2025-01-14,25.2,2024-11-25
9546B,2025-26,HIJAR,TERUEL,305,150,150,138,52,2,0,87,2,43,19,29,7,57,1,1.6,-0.9,2026-01-01,24.7,2025-11-01
9550C,2017-18,"ANDORRA, HORCALLANA",TERUEL,762,150,150,144,112,31,5,88,26,5,2,20,2,83,8,-2.5,-4.2,2018-02-09,23.6,2018-03-28
9550C,2018-19,"ANDORRA, HORCALLANA",TERUEL,762,151,151,147,94,14,1,90,14,11,4,16,2,102,3,-0.8,-3.1,2019-01-11,21.2,2019-02-27
9550C,2019-20,"ANDORRA, HORCALLANA",TERUEL,762,152,152,146,83,10,1,88,8,17,6,26,3,41,6,-0.8,-4.0,2020-01-01,22.8,2020-03-11
9550C,2020-21,"ANDORRA, HORCALLANA",TERUEL,762,150,150,144,81,18,4,89,16,10,7,21,3,73,14,-2.4,-5.9,2021-01-12,22.8,2020-11-02
9550C,2021-22,"ANDORRA, HORCALLANA",TERUEL,762,151,151,148,97,15,1,87,15,8,1,26,3,58,4,-1.1,-4.1,2022-01-22,20.1,2022-01-02
9550C,2022-23,"ANDORRA, HORCALLANA",TERUEL,762,151,151,136,79,32,8,86,27,28,15,20,6,50,10,-3.2,-4.6,2023-01-30,26.3,2023-03-13
9550C,2023-24,"ANDORRA, HORCALLANA",TERUEL,762,152,152,135,79,4,1,87,4,36,19,23,10,43,2,1.0,-3.2,2024-01-12,24.0,2023-11-14
9550C,2024-25,"ANDORRA, HORCALLANA",TERUEL,762,151,151,143,82,14,3,90,11,12,3,20,4,75,4,-0.8,-5.2,2024-12-31,21.2,2024-11-25
9550C,2025-26,"ANDORRA, HORCALLANA",TERUEL,762,148,148,142,88,9,3,84,6,15,6,37,3,55,4,-0.3,-4.0,2026-01-05,22.4,2026-02-24
9561X,2017-18,CASTELLOTE,TERUEL,755,151,151,144,105,24,2,86,19,18,7,19,5,39,5,-1.4,-3.4,2018-02-24,24.4,2018-03-28
9561X,2018-19,CASTELLOTE,TERUEL,755,151,151,145,94,10,0,90,10,30,11,18,8,60,2,-0.5,-2.2,2019-01-08,24.2,2019-03-03
9561X,2019-20,CASTELLOTE,TERUEL,755,152,152,141,80,8,1,86,5,28,17,28,3,37,3,-0.0,-4.0,2019-12-31,27.3,2020-03-12
9561X,2020-21,CASTELLOTE,TERUEL,755,151,151,143,74,13,2,88,12,31,11,28,5,35,8,-1.4,-6.2,2021-01-12,25.0,2020-11-02
9561X,2021-22,CASTELLOTE,TERUEL,755,146,146,143,81,20,2,87,20,14,9,27,7,49,9,-1.4,-4.3,2022-01-22,22.5,2021-12-31
9561X,2022-23,CASTELLOTE,TERUEL,755,151,151,126,76,28,3,85,24,50,29,16,7,36,7,-2.5,-4.5,2023-01-30,27.3,2023-03-13
9561X,2023-24,CASTELLOTE,TERUEL,755,152,152,125,62,1,1,84,1,51,31,26,12,22,1,0.6,-3.4,2024-01-12,27.3,2024-03-22
9561X,2024-25,CASTELLOTE,TERUEL,755,151,151,141,72,9,3,88,8,24,5,24,6,39,3,-0.3,-4.6,2025-01-14,22.8,2024-11-25
9561X,2025-26,CASTELLOTE,TERUEL,755,151,151,141,84,6,0,87,5,24,13,38,6,64,4,0.3,-2.7,2026-01-05,23.5,2025-11-12
9562X,2017-18,MORELLA,CASTELLON,990,149,149,148,114,40,11,88,33,3,1,21,1,63,8,-3.5,-4.9,2018-02-09,21.8,2018-03-28
9562X,2018-19,MORELLA,CASTELLON,990,151,151,150,106,15,2,90,15,10,6,17,2,79,3,-1.2,-4.1,2019-01-11,23.6,2019-03-16
9562X,2019-20,MORELLA,CASTELLON,990,152,152,147,98,9,1,90,5,13,4,31,3,46,4,-0.1,-4.0,2020-01-20,24.6,2020-03-12
9562X,2020-21,MORELLA,CASTELLON,990,151,151,146,96,22,8,88,18,11,4,29,2,70,13,-3.0,-4.8,2021-01-09,24.6,2020-11-02
9562X,2021-22,MORELLA,CASTELLON,990,151,151,149,114,16,2,88,13,5,4,33,3,60,5,-0.8,-5.4,2022-01-22,22.8,2022-02-18
9562X,2022-23,MORELLA,CASTELLON,990,150,150,139,82,32,9,86,28,23,7,16,5,64,14,-3.4,-5.4,2023-02-28,25.4,2023-03-13
9562X,2023-24,MORELLA,CASTELLON,990,152,152,135,82,8,1,85,7,27,15,26,10,65,3,-0.1,-3.9,2024-01-12,23.6,2024-03-19
9562X,2024-25,MORELLA,CASTELLON,990,151,151,143,91,15,1,88,10,4,1,35,1,81,4,-0.3,-4.4,2025-01-14,22.9,2025-03-31
9562X,2025-26,MORELLA,CASTELLON,990,149,149,146,100,12,3,88,8,8,2,37,3,108,4,-0.8,-5.1,2026-01-05,21.3,2026-02-24
9563X,2017-18,CASTELLFORT,CASTELLON,1220,149,149,147,120,48,14,89,37,1,0,14,1,95,13,-4.3,-5.3,2018-02-09,19.7,2018-03-28
9563X,2018-19,CASTELLFORT,CASTELLON,1220,150,150,149,107,18,2,88,16,7,2,3,2,59,7,-1.6,-5.4,2019-01-11,21.8,2019-03-16
9563X,2019-20,CASTELLFORT,CASTELLON,1220,150,150,145,101,19,1,88,6,4,2,21,2,80,3,-0.7,-3.2,2020-01-19,22.2,2020-03-12
9563X,2020-21,CASTELLFORT,CASTELLON,1220,149,149,146,110,32,12,88,26,2,2,16,2,68,12,-4.1,-6.8,2021-01-11,21.5,2020-11-02
9563X,2021-22,CASTELLFORT,CASTELLON,1220,149,149,147,123,23,3,87,17,5,3,15,3,50,4,-1.4,-4.7,2022-01-06,20.5,2022-01-01
9563X,2022-23,CASTELLFORT,CASTELLON,1220,149,149,141,91,37,17,88,33,12,4,10,4,46,9,-5.2,-8.6,2023-02-27,22.4,2023-03-13
9563X,2023-24,CASTELLFORT,CASTELLON,1220,152,152,138,89,17,2,87,14,14,8,10,6,43,6,-0.8,-4.3,2024-01-12,22.2,2024-03-22
9563X,2024-25,CASTELLFORT,CASTELLON,1220,151,151,147,107,28,2,88,19,1,0,27,1,150,6,-1.7,-5.2,2025-01-14,19.3,2025-03-31
9569A,2017-18,CALANDA,TERUEL,466,151,151,145,87,15,3,87,14,17,7,17,4,41,6,-1.1,-6.1,2017-12-25,24.4,2018-03-28
9569A,2018-19,CALANDA,TERUEL,466,151,151,144,73,12,2,90,12,32,18,17,9,57,4,-0.3,-5.1,2019-01-05,24.6,2019-03-16
9569A,2019-20,CALANDA,TERUEL,466,145,145,135,58,13,1,80,13,44,19,22,4,17,7,-1.9,-3.5,2020-01-02,24.5,2019-11-02
9569A,2020-21,CALANDA,TERUEL,466,151,151,144,69,11,3,88,11,29,12,28,4,68,9,-1.0,-4.0,2021-01-11,25.3,2020-11-01
9569A,2021-22,CALANDA,TERUEL,466,149,149,146,75,18,0,87,18,17,4,25,5,40,4,-1.7,-3.0,2021-12-20,21.9,2022-02-18
9569A,2022-23,CALANDA,TERUEL,466,151,151,133,74,19,2,90,17,43,29,17,7,51,4,-1.6,-3.2,2023-01-07,29.9,2023-03-13
9569A,2023-24,CALANDA,TERUEL,466,152,152,131,53,5,1,87,5,53,28,23,12,22,4,0.6,-3.8,2023-12-27,27.0,2024-03-22
9569A,2024-25,CALANDA,TERUEL,466,150,150,138,66,9,2,88,9,20,6,15,5,42,5,-1.1,-3.4,2025-01-13,25.3,2024-11-25
9569A,2025-26,CALANDA,TERUEL,466,151,151,142,63,5,0,87,5,29,14,34,6,56,3,0.9,-1.7,2026-01-01,23.6,2025-11-12
9573X,2017-18,ALCAÑIZ,TERUEL,334,151,151,149,116,33,7,89,24,17,8,13,4,41,6,-2.6,-6.4,2017-12-07,25.0,2018-03-28
9573X,2018-19,ALCAÑIZ,TERUEL,334,151,151,150,122,30,9,90,29,30,15,13,9,87,10,-3.2,-5.9,2019-01-05,23.9,2019-03-16
9573X,2019-20,ALCAÑIZ,TERUEL,334,152,152,146,95,26,4,89,22,34,14,25,6,39,6,-1.7,-5.6,2020-01-13,24.6,2019-11-02
9573X,2020-21,ALCAÑIZ,TERUEL,334,151,151,150,100,25,5,90,19,38,16,26,9,68,7,-2.7,-6.7,2021-01-12,26.6,2020-11-02
9573X,2021-22,ALCAÑIZ,TERUEL,334,151,151,150,111,34,11,89,33,17,4,23,4,53,11,-3.9,-6.3,2022-01-23,22.6,2022-02-18
9573X,2022-23,ALCAÑIZ,TERUEL,334,151,151,144,104,34,5,90,28,49,30,16,25,50,9,-2.8,-3.7,2023-01-30,27.4,2023-03-13
9573X,2023-24,ALCAÑIZ,TERUEL,334,152,152,145,87,18,7,91,18,56,32,21,13,21,7,-2.9,-6.6,2023-12-28,27.4,2024-03-22
9573X,2024-25,ALCAÑIZ,TERUEL,334,151,151,145,98,24,5,90,22,33,9,22,8,23,7,-1.7,-5.3,2025-01-14,26.2,2024-11-25
9573X,2025-26,ALCAÑIZ,TERUEL,334,151,151,147,96,11,3,89,8,35,16,36,7,56,3,-0.6,-3.3,2026-01-01,24.0,2025-11-01
9574B,2018-19,"CASPE, PLANA DEL PILÓN",ZARAGOZA,215,151,151,142,82,11,0,90,11,35,20,16,13,83,6,-0.5,-2.8,2019-01-02,25.8,2019-03-16
9574B,2019-20,"CASPE, PLANA DEL PILÓN",ZARAGOZA,215,152,152,134,64,7,1,84,7,40,18,16,8,37,5,0.0,-3.3,2020-01-12,26.2,2020-03-11
9574B,2020-21,"CASPE, PLANA DEL PILÓN",ZARAGOZA,215,151,151,143,66,13,0,87,10,25,14,22,9,68,9,-0.7,-2.7,2021-01-07,26.0,2020-11-02
9574B,2021-22,"CASPE, PLANA DEL PILÓN",ZARAGOZA,215,149,149,141,60,17,9,85,17,16,4,17,4,43,9,-3.4,-4.7,2022-01-19,22.3,2022-02-18
9574B,2022-23,"CASPE, PLANA DEL PILÓN",ZARAGOZA,215,151,151,134,77,14,0,90,13,43,31,17,25,58,4,-0.9,-2.7,2023-02-12,28.4,2023-03-13
9574B,2023-24,"CASPE, PLANA DEL PILÓN",ZARAGOZA,215,152,152,130,52,11,2,87,11,47,25,22,13,35,5,-0.8,-3.3,2024-01-13,26.9,2024-03-22
9574B,2024-25,"CASPE, PLANA DEL PILÓN",ZARAGOZA,215,151,151,136,60,15,2,88,14,25,5,20,4,25,4,-1.2,-4.4,2025-01-15,25.2,2024-11-25
9574B,2025-26,"CASPE, PLANA DEL PILÓN",ZARAGOZA,215,151,151,138,60,6,0,88,6,38,15,37,7,64,3,0.5,-1.8,2026-01-06,22.7,2025-11-01
9576C,2017-18,BUJARALOZ,ZARAGOZA,357,151,151,147,125,44,10,90,35,14,3,18,4,41,12,-3.2,-6.0,2018-02-27,24.0,2018-03-28
9585,2017-18,LA MOLINA,GIRONA,1699,150,150,150,150,120,87,90,78,0,0,36,0,129,26,-10.6,-15.6,2018-02-13,14.3,2017-11-03
9585,2018-19,LA MOLINA,GIRONA,1699,143,143,143,143,94,36,90,60,1,0,14,1,113,33,-7.8,-10.2,2019-01-11,19.5,2019-03-16
9585,2019-20,LA MOLINA,GIRONA,1699,152,152,152,148,84,34,91,47,2,0,37,2,131,22,-6.3,-8.4,2019-11-16,18.8,2020-03-11
9585,2020-21,LA MOLINA,GIRONA,1699,151,151,151,146,89,52,90,66,2,0,27,2,149,34,-8.6,-10.8,2021-01-05,19.4,2020-11-01
9585,2021-22,LA MOLINA,GIRONA,1699,151,151,151,150,107,42,90,64,0,0,23,0,151,24,-6.2,-9.8,2022-01-06,16.3,2022-02-18
9585,2022-23,LA MOLINA,GIRONA,1699,151,151,151,147,85,49,90,61,0,0,19,0,151,35,-9.4,-13.2,2023-02-27,17.9,2023-03-30
9585,2023-24,LA MOLINA,GIRONA,1699,152,152,152,141,74,32,91,45,3,0,27,2,127,21,-5.6,-8.6,2024-01-08,18.9,2024-03-22
9585,2024-25,LA MOLINA,GIRONA,1699,149,149,149,144,87,39,90,61,0,0,34,0,132,13,-5.3,-7.8,2025-03-16,16.7,2025-03-31
9585,2025-26,LA MOLINA,GIRONA,1699,150,150,150,147,101,49,89,64,0,0,47,0,111,23,-6.4,-11.1,2026-01-07,16.7,2025-11-12
9590,2017-18,MARTINET  ,LLEIDA,1038,147,147,147,146,130,92,88,84,10,2,30,2,42,39,-9.7,-16.7,2018-02-09,21.8,2018-03-28
9590,2018-19,MARTINET  ,LLEIDA,1038,151,151,151,150,129,74,90,88,26,16,15,11,73,49,-8.1,-11.2,2019-01-22,24.7,2019-03-15
9590,2019-20,MARTINET  ,LLEIDA,1038,152,152,152,144,103,50,91,72,19,7,31,5,93,29,-6.2,-8.6,2020-01-12,25.1,2020-03-11
9590,2020-21,MARTINET  ,LLEIDA,1038,151,151,151,147,112,56,90,75,18,10,27,4,75,31,-9.6,-13.7,2021-01-06,23.3,2021-03-31
9590,2021-22,MARTINET  ,LLEIDA,1038,150,150,150,149,116,76,89,85,12,3,20,3,43,33,-9.4,-11.5,2022-01-16,22.9,2022-02-02
9590,2022-23,MARTINET  ,LLEIDA,1038,151,151,151,148,109,69,90,79,33,16,27,12,81,44,-8.5,-11.9,2023-01-21,24.6,2023-03-29
9590,2023-24,MARTINET  ,LLEIDA,1038,152,152,152,147,107,54,91,79,33,20,30,12,60,34,-7.2,-11.4,2024-01-09,25.5,2024-03-21
9590,2024-25,MARTINET  ,LLEIDA,1038,151,151,151,144,103,48,90,78,8,1,27,3,138,17,-7.3,-11.1,2025-01-14,24.2,2025-03-31
9590,2025-26,MARTINET  ,LLEIDA,1038,150,150,150,145,108,43,89,71,20,11,38,7,83,20,-5.8,-12.6,2026-01-07,22.8,2026-03-18
9590D,2020-21,CAP DE REC,LLEIDA,1940,148,148,148,147,110,62,90,72,0,0,0,0,118,34,-10.4,-12.5,2021-01-05,16.1,2020-11-01
9590D,2022-23,CAP DE REC,LLEIDA,1940,149,149,149,147,105,54,90,71,0,0,0,0,134,42,-10.3,-15.2,2023-02-27,14.5,2023-03-16
9590D,2023-24,CAP DE REC,LLEIDA,1940,152,152,152,148,94,45,91,57,0,0,0,0,152,21,-7.1,-10.1,2024-01-08,16.6,2024-03-22
9590D,2024-25,CAP DE REC,LLEIDA,1940,151,151,151,151,117,64,90,79,0,0,0,0,151,18,-7.3,-10.1,2025-03-15,14.2,2025-03-31
9590D,2025-26,CAP DE REC,LLEIDA,1940,151,151,151,149,120,66,90,75,0,0,0,0,151,28,-7.8,-13.9,2026-01-06,13.7,2025-11-13
9619,2017-18,LA SEU D'URGELL,LLEIDA,677,150,150,150,146,113,59,90,78,12,3,28,2,60,39,-7.5,-9.3,2017-12-03,21.8,2018-03-28
9619,2018-19,LA SEU D'URGELL,LLEIDA,677,151,151,151,146,112,48,90,85,36,17,13,12,39,48,-6.8,-8.0,2019-01-22,24.6,2019-03-16
9619,2019-20,LA SEU D'URGELL,LLEIDA,677,150,150,150,139,85,29,89,62,34,17,19,6,42,28,-5.2,-7.2,2020-01-12,26.5,2020-03-12
9619,2020-21,LA SEU D'URGELL,LLEIDA,677,150,150,150,143,81,39,89,62,35,15,0,6,57,17,-6.8,-10.4,2021-01-08,24.5,2021-03-31
9619,2021-22,LA SEU D'URGELL,LLEIDA,677,150,150,150,145,100,58,90,80,28,7,18,6,74,21,-8.0,-9.8,2022-01-16,24.5,2022-02-02
9619,2022-23,LA SEU D'URGELL,LLEIDA,677,136,136,136,129,90,48,90,74,33,24,19,15,74,44,-6.5,-8.3,2023-01-27,26.2,2023-03-29
9619,2023-24,LA SEU D'URGELL,LLEIDA,677,150,150,150,139,91,30,91,72,42,20,23,10,60,22,-6.0,-8.1,2024-01-09,26.8,2024-03-22
9632X,2017-18,TUIXENT,LLEIDA,1196,146,146,146,145,110,54,88,74,2,0,30,1,40,26,-8.2,-11.6,2018-02-13,18.7,2018-01-22
9632X,2018-19,TUIXENT,LLEIDA,1196,148,148,148,147,84,20,89,60,11,5,13,4,89,38,-5.2,-8.9,2019-01-22,22.2,2019-02-27
9632X,2019-20,TUIXENT,LLEIDA,1196,151,151,151,142,73,15,90,43,10,4,35,3,80,16,-4.2,-6.1,2020-03-27,22.8,2020-03-11
9632X,2020-21,TUIXENT,LLEIDA,1196,147,147,147,141,78,32,87,57,7,2,29,3,55,21,-7.4,-9.9,2021-01-06,22.1,2020-11-01
9632X,2021-22,TUIXENT,LLEIDA,1196,147,147,147,145,86,26,87,57,7,4,23,2,41,16,-4.7,-8.2,2022-01-06,20.5,2022-02-18
9632X,2022-23,TUIXENT,LLEIDA,1196,146,146,145,136,76,39,86,58,13,5,15,3,50,35,-6.8,-11.0,2023-01-21,21.5,2023-03-29
9632X,2023-24,TUIXENT,LLEIDA,1196,150,150,150,132,62,10,89,37,20,10,28,7,49,16,-3.2,-6.1,2024-01-08,23.1,2024-03-21
9632X,2024-25,TUIXENT,LLEIDA,1196,149,149,149,142,76,16,88,54,2,1,35,1,60,11,-3.8,-5.7,2025-01-14,23.1,2025-03-31
9632X,2025-26,TUIXENT,LLEIDA,1196,151,151,151,145,80,17,90,52,12,1,46,7,99,9,-3.8,-10.0,2026-01-07,20.0,2026-02-22
9638D,2017-18,COLL DE NARGÓ,LLEIDA,609,151,151,151,144,103,32,90,78,11,4,27,3,58,39,-5.5,-8.1,2018-02-09,21.8,2017-11-03
9638D,2018-19,COLL DE NARGÓ,LLEIDA,609,150,150,150,138,79,23,89,66,26,12,16,5,70,16,-4.7,-5.5,2019-01-19,24.0,2019-03-24
9638D,2019-20,COLL DE NARGÓ,LLEIDA,609,149,149,149,130,54,16,90,42,25,8,27,5,48,23,-3.7,-5.7,2020-01-12,26.5,2020-03-12
9638D,2020-21,COLL DE NARGÓ,LLEIDA,609,151,151,151,137,64,27,90,52,39,20,24,8,37,23,-5.5,-9.3,2021-01-06,26.2,2020-11-02
9638D,2021-22,COLL DE NARGÓ,LLEIDA,609,149,149,149,138,84,31,88,65,20,7,15,4,27,21,-6.5,-7.8,2022-01-16,23.0,2022-02-18
9638D,2023-24,COLL DE NARGÓ,LLEIDA,609,152,152,152,125,62,11,91,48,33,18,28,11,26,11,-3.4,-4.6,2024-01-09,25.5,2024-03-19
9638D,2024-25,COLL DE NARGÓ,LLEIDA,609,151,151,151,126,55,17,90,51,18,7,29,3,78,13,-4.2,-8.3,2025-01-15,22.9,2024-11-06
9638D,2025-26,COLL DE NARGÓ,LLEIDA,609,151,151,150,136,49,11,90,36,30,15,45,6,64,12,-3.4,-7.8,2026-01-07,23.2,2025-11-01
9647X,2017-18,TORÀ,LLEIDA,435,151,151,151,144,97,50,90,62,10,3,20,4,57,14,-6.8,-8.9,2017-12-03,21.8,2017-11-03
9647X,2018-19,TORÀ,LLEIDA,435,151,151,150,140,89,21,90,65,22,9,17,4,90,31,-4.6,-8.3,2019-01-11,22.1,2019-03-24
9647X,2019-20,TORÀ,LLEIDA,435,151,151,150,128,50,10,90,34,7,3,14,2,91,10,-3.5,-6.4,2020-01-13,25.5,2020-03-12
9647X,2020-21,TORÀ,LLEIDA,435,151,151,148,127,62,18,90,42,16,7,21,4,72,20,-5.3,-7.2,2021-01-06,24.1,2020-11-02
9647X,2021-22,TORÀ,LLEIDA,435,149,149,147,135,85,36,89,65,5,1,18,2,108,25,-7.7,-9.2,2022-01-16,21.4,2022-02-18
9647X,2022-23,TORÀ,LLEIDA,435,151,151,151,137,75,36,90,57,39,25,15,13,47,20,-7.2,-9.4,2023-01-30,26.5,2023-03-29
9647X,2023-24,TORÀ,LLEIDA,435,151,151,151,125,69,22,90,53,23,16,20,11,52,12,-5.0,-8.0,2023-12-26,25.4,2024-03-22
9647X,2024-25,TORÀ,LLEIDA,435,151,151,146,118,59,18,90,52,8,4,23,5,142,12,-4.6,-8.7,2025-01-14,21.6,2024-11-05
9647X,2025-26,TORÀ,LLEIDA,435,151,151,149,129,58,14,90,36,19,7,34,5,100,15,-4.2,-6.6,2026-01-07,22.0,2025-11-04
9650X,2017-18,ARTESA DE SEGRE,LLEIDA,400,151,151,150,143,89,38,90,61,12,4,24,3,46,14,-6.8,-8.6,2017-12-04,21.3,2017-11-03
9650X,2018-19,ARTESA DE SEGRE,LLEIDA,400,151,151,149,135,70,21,90,57,29,9,13,6,90,16,-4.8,-6.8,2019-01-11,23.0,2019-03-24
9650X,2019-20,ARTESA DE SEGRE,LLEIDA,400,145,145,144,118,38,6,90,25,11,4,21,2,81,8,-2.6,-6.0,2020-01-15,26.0,2020-03-12
9650X,2020-21,ARTESA DE SEGRE,LLEIDA,400,151,151,148,123,57,17,90,41,26,8,21,9,75,28,-4.2,-7.3,2021-01-05,24.6,2020-11-02
9650X,2021-22,ARTESA DE SEGRE,LLEIDA,400,151,151,151,129,73,36,90,61,8,1,12,2,100,24,-6.8,-8.3,2022-01-16,22.5,2022-02-18
9650X,2022-23,ARTESA DE SEGRE,LLEIDA,400,151,151,148,122,56,32,90,46,41,25,14,24,47,20,-6.2,-7.6,2023-01-21,25.7,2023-03-13
9650X,2023-24,ARTESA DE SEGRE,LLEIDA,400,152,152,152,120,54,12,91,43,22,16,24,11,67,19,-4.1,-7.9,2023-12-27,25.6,2024-03-22
9650X,2024-25,ARTESA DE SEGRE,LLEIDA,400,150,150,144,111,45,12,90,42,10,4,20,6,63,11,-4.3,-7.3,2025-01-13,22.1,2024-11-05
9650X,2025-26,ARTESA DE SEGRE,LLEIDA,400,151,151,149,119,43,5,90,25,24,11,37,5,94,5,-2.6,-6.1,2026-01-07,23.3,2026-02-25
9657X,2017-18,ESTERRI D'ÀNEU,LLEIDA,952,121,121,121,115,79,36,90,64,2,1,12,1,64,15,-7.8,-13.5,2018-02-09,20.5,2018-03-28
9657X,2018-19,ESTERRI D'ÀNEU,LLEIDA,952,151,151,151,144,102,39,90,72,15,7,10,6,100,20,-5.6,-7.2,2019-02-04,24.4,2019-03-16
9657X,2019-20,ESTERRI D'ÀNEU,LLEIDA,952,150,150,150,143,84,33,89,63,14,5,0,4,57,13,-5.7,-7.2,2019-11-16,25.3,2020-03-11
9657X,2020-21,ESTERRI D'ÀNEU,LLEIDA,952,150,150,150,141,81,35,90,60,12,7,33,4,98,21,-7.3,-12.3,2021-01-08,22.5,2021-03-31
9657X,2021-22,ESTERRI D'ÀNEU,LLEIDA,952,150,150,150,141,93,43,89,66,5,1,16,2,62,13,-7.2,-8.8,2022-01-16,20.6,2022-02-18
9657X,2022-23,ESTERRI D'ÀNEU,LLEIDA,952,151,151,150,142,95,53,90,75,22,12,14,6,49,26,-6.6,-9.1,2023-01-24,23.4,2023-03-29
9657X,2023-24,ESTERRI D'ÀNEU,LLEIDA,952,121,121,120,105,70,24,78,58,19,6,35,7,38,13,-5.3,-9.9,2024-01-09,25.0,2024-03-22
9657X,2024-25,ESTERRI D'ÀNEU,LLEIDA,952,151,151,151,142,84,35,90,63,4,2,39,1,133,11,-6.1,-8.2,2025-01-14,21.6,2025-03-31
9657X,2025-26,ESTERRI D'ÀNEU,LLEIDA,952,150,150,150,146,92,30,90,64,17,9,46,7,98,13,-5.2,-10.1,2026-01-07,23.2,2026-03-17
9660,2017-18,SANT MAURICI (LLAC),LLEIDA,1907,150,151,150,148,104,60,89,69,0,0,52,0,151,20,-8.8,-12.2,2018-02-27,14.1,2018-03-28
9660,2018-19,SANT MAURICI (LLAC),LLEIDA,1907,150,150,150,150,115,69,89,67,0,0,0,0,90,21,-8.6,-11.4,2019-02-03,17.8,2019-03-16
9660,2019-20,SANT MAURICI (LLAC),LLEIDA,1907,152,152,152,152,125,53,91,73,1,0,36,1,131,43,-7.9,-10.3,2019-11-15,18.3,2020-03-11
9660,2020-21,SANT MAURICI (LLAC),LLEIDA,1907,151,151,151,151,118,68,90,80,1,0,51,1,150,60,-10.6,-13.7,2021-01-07,18.0,2020-11-01
9660,2021-22,SANT MAURICI (LLAC),LLEIDA,1907,151,151,151,151,132,76,90,80,0,0,0,0,151,44,-7.9,-10.9,2022-01-06,14.6,2022-02-18
9660,2022-23,SANT MAURICI (LLAC),LLEIDA,1907,151,151,151,150,114,60,90,78,0,0,40,0,151,49,-10.6,-13.9,2023-02-27,17.1,2023-03-30
9660,2023-24,SANT MAURICI (LLAC),LLEIDA,1907,152,152,152,150,105,46,91,73,0,0,54,0,152,24,-7.4,-12.2,2024-01-09,17.5,2024-03-22
9660,2024-25,SANT MAURICI (LLAC),LLEIDA,1907,150,150,150,149,119,70,90,80,0,0,7,0,121,22,-7.6,-10.7,2025-03-16,15.4,2025-03-31
9660,2025-26,SANT MAURICI (LLAC),LLEIDA,1907,151,151,151,151,129,74,90,84,0,0,49,0,151,61,-8.2,-11.5,2026-01-06,15.7,2026-03-17
9677,2020-21,PORT AINÉ,LLEIDA,2410,140,140,140,137,119,87,85,81,0,0,0,0,113,36,-12.2,-15.8,2021-01-03,12.0,2020-11-01
9677,2021-22,PORT AINÉ,LLEIDA,2410,150,150,150,148,133,97,90,74,0,0,0,0,122,51,-10.7,-14.4,2022-01-06,10.8,2021-12-30
9677,2022-23,PORT AINÉ,LLEIDA,2410,141,141,141,141,116,72,80,72,0,0,0,0,58,18,-12.9,-18.6,2023-02-27,10.7,2023-02-19
9677,2023-24,PORT AINÉ,LLEIDA,2410,152,152,152,146,107,77,91,63,0,0,0,0,152,24,-10.1,-13.0,2024-01-08,12.0,2024-01-27
9677,2024-25,PORT AINÉ,LLEIDA,2410,149,149,149,149,124,89,88,80,0,0,0,0,98,48,-9.7,-12.1,2025-03-15,9.7,2025-02-15
9677,2025-26,PORT AINÉ,LLEIDA,2410,151,151,151,151,134,104,90,81,0,0,0,0,151,74,-11.4,-16.5,2026-01-06,10.9,2026-02-22
9689X,2017-18,TORRE DE CABDELLA ,LLEIDA,1273,151,151,151,148,98,38,90,66,0,0,35,0,151,26,-5.6,-9.2,2018-02-13,17.4,2017-11-20
9689X,2018-19,TORRE DE CABDELLA ,LLEIDA,1273,151,151,151,149,56,13,90,42,9,2,20,2,113,10,-4.2,-6.0,2019-01-24,21.0,2019-02-27
9689X,2019-20,TORRE DE CABDELLA ,LLEIDA,1273,152,152,152,145,47,8,91,27,7,4,39,3,93,8,-2.8,-6.5,2019-11-16,21.6,2020-03-12
9689X,2020-21,TORRE DE CABDELLA ,LLEIDA,1273,151,151,151,143,70,24,90,54,6,2,39,3,130,23,-5.8,-8.1,2021-01-05,20.2,2020-11-02
9689X,2021-22,TORRE DE CABDELLA ,LLEIDA,1273,144,144,144,138,54,10,90,37,7,1,28,4,42,8,-3.2,-5.1,2022-01-06,21.8,2021-12-31
9689X,2022-23,TORRE DE CABDELLA ,LLEIDA,1273,149,149,149,136,61,29,90,50,9,1,28,3,72,19,-5.2,-8.3,2023-01-21,20.7,2023-03-29
9689X,2023-24,TORRE DE CABDELLA ,LLEIDA,1273,150,150,150,127,44,8,90,27,19,6,36,7,39,8,-3.3,-5.7,2024-01-09,22.3,2024-03-21
9689X,2024-25,TORRE DE CABDELLA ,LLEIDA,1273,151,151,151,140,55,6,90,44,2,1,43,1,121,9,-2.8,-4.7,2025-02-09,22.1,2025-03-31
9689X,2025-26,TORRE DE CABDELLA ,LLEIDA,1273,150,150,150,142,64,11,90,41,9,0,50,6,100,7,-3.4,-7.9,2026-01-07,19.8,2026-03-18
9698U,2017-18,TALARN,LLEIDA,807,146,146,146,135,72,15,90,57,3,1,28,2,118,14,-3.8,-6.4,2018-02-08,20.7,2018-03-28
9698U,2018-19,TALARN,LLEIDA,807,151,151,150,128,40,9,90,39,25,12,17,10,52,9,-3.1,-4.6,2019-01-19,24.4,2019-03-16
9698U,2019-20,TALARN,LLEIDA,807,152,152,151,119,33,4,91,20,11,2,30,2,94,8,-2.7,-4.1,2020-01-04,24.4,2020-03-12
9698U,2020-21,TALARN,LLEIDA,807,151,151,151,119,41,19,90,38,16,8,29,4,87,27,-4.1,-6.8,2021-01-06,22.4,2021-03-31
9698U,2021-22,TALARN,LLEIDA,807,125,125,125,113,28,6,66,22,5,1,18,2,33,6,-2.6,-4.4,2022-01-16,20.1,2022-02-02
9698U,2022-23,TALARN,LLEIDA,807,151,151,150,116,55,15,90,47,24,12,25,12,83,19,-4.0,-6.0,2023-03-01,24.6,2023-03-29
9698U,2023-24,TALARN,LLEIDA,807,152,152,152,116,27,2,91,22,22,13,28,11,33,7,-1.6,-4.1,2024-01-09,25.5,2024-03-22
9707,2017-18,LLIMIANA,LLEIDA,515,147,147,147,139,95,34,89,69,14,4,24,3,56,20,-6.2,-7.4,2018-02-09,22.6,2018-03-28
9707,2019-20,LLIMIANA,LLEIDA,515,151,151,149,123,42,8,90,29,30,13,27,4,33,9,-3.0,-5.8,2020-01-13,26.6,2020-03-12
9707,2020-21,LLIMIANA,LLEIDA,515,151,151,148,124,54,24,90,44,35,16,23,11,69,22,-6.6,-8.4,2021-01-06,25.1,2020-11-02
9707,2021-22,LLIMIANA,LLEIDA,515,151,151,151,136,80,34,90,63,22,9,16,4,77,24,-6.8,-8.7,2022-01-16,24.0,2022-02-18
9707,2022-23,LLIMIANA,LLEIDA,515,144,144,142,119,61,25,83,50,44,27,22,24,43,20,-5.1,-6.4,2023-01-30,26.6,2023-03-13
9707,2023-24,LLIMIANA,LLEIDA,515,146,146,146,111,49,13,86,39,36,21,30,11,32,17,-4.2,-6.7,2024-01-08,26.9,2024-03-22
9707,2024-25,LLIMIANA,LLEIDA,515,147,147,144,118,49,21,86,47,20,4,25,6,57,10,-5.3,-8.2,2025-01-14,25.2,2025-03-31
9707,2025-26,LLIMIANA,LLEIDA,515,151,151,150,125,45,5,90,33,33,20,41,9,94,12,-2.7,-7.6,2026-01-07,24.2,2026-02-25
9718X,2017-18,TORDERA - GRANYANELLA,LLEIDA,463,150,150,148,118,39,9,89,31,9,4,22,4,59,9,-3.4,-4.1,2017-12-03,21.5,2017-11-03
9718X,2018-19,TORDERA - GRANYANELLA,LLEIDA,463,148,148,145,110,21,3,87,21,19,6,14,4,71,9,-1.9,-4.6,2019-01-11,22.0,2019-03-24
9718X,2019-20,TORDERA - GRANYANELLA,LLEIDA,463,148,148,146,82,16,4,89,13,4,3,19,2,43,6,-0.9,-6.1,2020-01-13,25.6,2020-03-12
9718X,2020-21,TORDERA - GRANYANELLA,LLEIDA,463,151,151,147,85,20,6,90,17,13,8,17,4,96,12,-1.9,-6.2,2021-01-12,23.5,2020-11-02
9718X,2021-22,TORDERA - GRANYANELLA,LLEIDA,463,149,149,148,106,26,3,89,26,5,1,12,2,50,17,-2.2,-3.7,2022-01-16,21.1,2022-02-18
9718X,2022-23,TORDERA - GRANYANELLA,LLEIDA,463,142,142,132,72,27,3,83,25,37,22,15,12,49,12,-2.4,-4.2,2023-01-21,25.6,2023-03-13
9718X,2023-24,TORDERA - GRANYANELLA,LLEIDA,463,142,142,131,86,15,2,81,15,22,16,17,11,69,4,-1.4,-4.3,2023-12-27,25.6,2024-03-22
9718X,2024-25,TORDERA - GRANYANELLA,LLEIDA,463,148,148,140,86,15,3,90,14,7,3,22,4,121,5,-1.5,-4.6,2025-01-14,21.3,2024-11-05
9718X,2025-26,TORDERA - GRANYANELLA,LLEIDA,463,132,132,127,90,9,2,82,6,18,7,23,5,30,3,-0.5,-4.7,2026-01-07,22.0,2026-02-25
9720X,2017-18,TÀRREGA,LLEIDA,388,147,147,146,119,37,6,87,31,10,4,18,3,33,12,-2.7,-4.1,2017-12-03,22.7,2018-03-10
9720X,2018-19,TÀRREGA,LLEIDA,388,149,149,147,124,26,5,89,25,26,7,15,6,56,9,-2.7,-5.8,2019-01-11,22.5,2019-03-16
9724X,2017-18,OS DE BALAGUER,LLEIDA,520,140,140,138,129,73,24,87,54,15,4,21,3,38,14,-5.5,-7.6,2017-12-03,21.3,2017-11-03
9724X,2018-19,OS DE BALAGUER,LLEIDA,520,150,150,147,127,43,12,89,37,23,10,12,5,82,18,-4.0,-7.5,2019-01-11,23.1,2019-03-10
9724X,2019-20,OS DE BALAGUER,LLEIDA,520,152,152,150,115,28,3,90,19,11,3,23,2,89,7,-1.4,-5.5,2020-01-14,24.5,2020-03-12
9724X,2020-21,OS DE BALAGUER,LLEIDA,520,133,133,130,91,39,19,85,31,16,8,18,4,37,20,-4.7,-6.5,2021-01-06,24.5,2020-11-02
9724X,2021-22,OS DE BALAGUER,LLEIDA,520,151,151,151,126,50,20,90,41,8,1,10,3,99,22,-4.0,-5.9,2022-01-22,20.9,2022-02-18
9724X,2022-23,OS DE BALAGUER,LLEIDA,520,146,146,139,94,45,19,88,39,36,21,14,12,30,13,-5.6,-7.3,2023-03-01,25.7,2023-03-13
9724X,2023-24,OS DE BALAGUER,LLEIDA,520,146,146,143,100,30,6,88,25,26,14,26,11,23,7,-2.3,-5.0,2023-12-26,24.7,2024-03-22
9724X,2024-25,OS DE BALAGUER,LLEIDA,520,148,148,142,111,39,10,90,34,8,3,23,4,77,8,-3.3,-6.9,2025-01-14,20.2,2024-11-01
9724X,2025-26,OS DE BALAGUER,LLEIDA,520,133,133,130,94,24,2,80,11,20,9,30,5,50,5,-2.0,-4.9,2025-11-22,21.6,2026-02-25
9726E,2017-18,LLORAC,TARRAGONA,657,151,151,151,141,96,55,90,60,5,0,23,2,106,14,-7.7,-11.7,2018-02-13,19.7,2018-03-10
9726E,2018-19,LLORAC,TARRAGONA,657,151,151,151,144,96,34,90,67,10,3,18,3,106,30,-5.1,-7.1,2019-01-04,21.6,2019-03-16
9726E,2019-20,LLORAC,TARRAGONA,657,152,152,151,132,58,17,91,44,4,1,25,2,127,10,-4.5,-6.8,2020-01-13,24.7,2020-03-12
9726E,2020-21,LLORAC,TARRAGONA,657,151,151,150,136,60,22,90,42,11,4,20,4,118,13,-5.2,-10.1,2021-01-06,22.7,2020-11-02
9726E,2021-22,LLORAC,TARRAGONA,657,151,151,151,134,86,46,90,63,1,0,19,1,109,21,-8.0,-10.2,2022-01-16,19.9,2022-02-18
9726E,2022-23,LLORAC,TARRAGONA,657,150,150,149,128,78,44,89,61,22,12,13,4,49,21,-7.6,-9.5,2023-01-23,24.5,2023-03-13
9726E,2023-24,LLORAC,TARRAGONA,657,152,152,150,125,68,22,91,48,18,6,22,10,68,11,-5.2,-7.1,2023-12-18,24.0,2024-03-22
9726E,2024-25,LLORAC,TARRAGONA,657,151,151,149,124,60,28,90,50,5,0,27,2,142,12,-6.5,-9.8,2025-01-13,19.8,2024-11-05
9726E,2025-26,LLORAC,TARRAGONA,657,136,136,135,117,64,17,75,34,7,1,37,2,92,10,-4.0,-7.6,2026-01-07,20.4,2026-03-17
9729X,2017-18,MOLLERUSSA,LLEIDA,252,149,149,146,120,55,14,86,40,16,8,22,5,36,13,-3.9,-6.1,2017-12-04,23.2,2018-03-10
9729X,2018-19,MOLLERUSSA,LLEIDA,252,147,147,144,119,34,9,88,32,32,17,15,9,36,10,-3.1,-5.2,2019-01-06,23.5,2019-03-10
9729X,2019-20,MOLLERUSSA,LLEIDA,252,135,135,132,85,11,1,89,9,18,7,16,3,63,6,-1.1,-3.2,2020-01-12,26.0,2020-03-12
9729X,2020-21,MOLLERUSSA,LLEIDA,252,148,148,144,90,29,6,87,22,30,10,24,11,34,8,-2.6,-7.4,2021-01-12,24.7,2020-11-02
9729X,2021-22,MOLLERUSSA,LLEIDA,252,138,138,136,97,32,14,80,28,12,4,12,3,30,15,-4.2,-5.8,2022-01-17,21.8,2022-02-18
9729X,2022-23,MOLLERUSSA,LLEIDA,252,140,140,132,88,34,12,79,28,45,31,14,25,39,7,-3.7,-4.9,2023-01-21,26.7,2023-03-13
9729X,2023-24,MOLLERUSSA,LLEIDA,252,151,151,143,95,22,5,90,20,36,19,19,12,36,5,-2.0,-4.3,2023-12-28,26.3,2024-03-22
9729X,2024-25,MOLLERUSSA,LLEIDA,252,150,150,139,95,22,5,89,22,15,7,21,3,51,6,-2.4,-5.8,2025-01-15,22.9,2025-03-31
9729X,2025-26,MOLLERUSSA,LLEIDA,252,142,142,135,90,12,2,81,8,30,12,35,5,46,4,-0.4,-4.7,2026-01-06,22.7,2026-03-31
9744B,2017-18,VALL DE BOÍ,LLEIDA,1089,150,150,150,146,118,66,90,79,3,0,40,1,118,22,-7.5,-13.6,2018-02-09,19.7,2018-03-28
9744B,2018-19,VALL DE BOÍ,LLEIDA,1089,151,151,151,150,112,46,90,77,16,10,20,5,113,20,-5.5,-7.0,2019-01-19,23.9,2019-02-27
9744B,2019-20,VALL DE BOÍ,LLEIDA,1089,152,152,152,150,101,41,91,75,13,8,40,3,93,23,-5.7,-7.7,2019-11-16,24.3,2020-03-11
9744B,2020-21,VALL DE BOÍ,LLEIDA,1089,148,148,148,144,112,49,88,82,14,5,35,4,88,47,-8.1,-12.6,2021-01-08,22.1,2020-11-02
9744B,2021-22,VALL DE BOÍ,LLEIDA,1089,151,151,151,147,113,56,90,78,6,3,27,2,60,18,-7.7,-8.9,2022-01-16,20.7,2022-02-17
9744B,2022-23,VALL DE BOÍ,LLEIDA,1089,151,151,151,148,111,58,90,77,20,6,30,4,97,17,-6.9,-9.7,2023-01-21,23.0,2023-03-29
9744B,2023-24,VALL DE BOÍ,LLEIDA,1089,145,145,145,139,93,32,84,65,28,12,36,12,46,13,-4.9,-8.6,2024-01-09,24.1,2024-03-21
9744B,2024-25,VALL DE BOÍ,LLEIDA,1089,143,144,143,139,87,34,82,63,3,1,41,1,84,14,-5.7,-8.0,2025-01-18,22.6,2025-03-31
9744B,2025-26,VALL DE BOÍ,LLEIDA,1089,127,127,127,123,90,35,71,56,6,4,40,3,88,23,-5.3,-9.6,2026-01-07,21.6,2026-03-18
9751,2017-18,SOPEIRA,HUESCA,760,151,151,151,140,72,17,90,58,4,1,30,2,129,13,-4.1,-7.4,2018-02-09,20.4,2018-03-28
9751,2018-19,SOPEIRA,HUESCA,760,151,151,151,137,36,5,90,34,25,13,18,7,93,9,-2.5,-4.6,2019-01-22,23.9,2019-02-27
9751,2019-20,SOPEIRA,HUESCA,760,152,152,150,127,24,1,91,17,14,5,29,3,93,6,-1.5,-3.2,2019-12-30,24.4,2020-03-12
9751,2020-21,SOPEIRA,HUESCA,760,148,148,146,115,37,13,87,33,19,7,28,4,50,14,-4.2,-7.8,2021-01-08,23.0,2020-11-02
9751,2021-22,SOPEIRA,HUESCA,760,151,151,151,133,38,11,90,35,10,3,24,2,81,17,-3.5,-5.2,2022-01-16,22.0,2022-02-02
9751,2022-23,SOPEIRA,HUESCA,760,151,151,150,123,51,13,90,44,31,12,28,12,82,18,-3.8,-4.8,2023-01-21,24.7,2023-03-29
9751,2023-24,SOPEIRA,HUESCA,760,152,152,152,120,19,2,91,17,29,15,32,11,60,6,-0.9,-3.9,2024-01-09,25.2,2024-03-22
9751,2024-25,SOPEIRA,HUESCA,760,151,151,147,117,34,3,90,33,12,3,34,2,50,9,-1.9,-4.4,2025-01-13,26.5,2025-03-31
9751,2025-26,SOPEIRA,HUESCA,760,148,149,146,123,22,4,90,19,21,11,43,7,89,7,-2.0,-6.3,2026-01-07,22.7,2026-03-18
9756X,2017-18,BENABARRE,HUESCA,765,150,150,150,139,78,23,89,57,5,1,28,3,75,14,-4.6,-6.6,2018-02-08,20.8,2017-11-03
9756X,2018-19,BENABARRE,HUESCA,765,151,151,151,137,47,11,90,40,12,3,16,3,102,11,-3.5,-5.4,2019-02-04,21.3,2019-03-16
9756X,2019-20,BENABARRE,HUESCA,765,152,152,151,129,35,2,91,23,3,2,29,2,94,9,-2.3,-3.7,2020-01-12,23.6,2020-03-12
9756X,2020-21,BENABARRE,HUESCA,765,151,151,150,120,48,16,90,39,7,4,28,4,143,28,-5.1,-7.8,2021-01-08,21.8,2021-03-30
9756X,2021-22,BENABARRE,HUESCA,765,151,151,151,138,53,13,90,41,2,0,21,2,108,19,-3.9,-5.3,2022-01-22,19.3,2022-02-17
9756X,2022-23,BENABARRE,HUESCA,765,151,151,150,117,53,18,90,45,16,7,23,3,98,17,-4.7,-7.0,2023-02-27,23.2,2023-03-29
9756X,2023-24,BENABARRE,HUESCA,765,152,152,152,117,26,2,91,20,19,8,34,10,66,7,-1.3,-4.6,2024-01-08,23.3,2024-03-22
9756X,2024-25,BENABARRE,HUESCA,765,151,151,147,123,42,3,90,39,5,1,31,2,144,10,-2.2,-5.5,2025-01-13,21.2,2025-03-31
9756X,2025-26,BENABARRE,HUESCA,765,149,150,147,125,32,7,88,19,15,5,42,5,72,5,-2.6,-7.3,2026-01-07,21.0,2026-02-25
9771C,2017-18,LLEIDA,LLEIDA,186,151,151,146,123,59,17,88,42,22,11,20,5,47,8,-4.2,-6.3,2017-12-06,23.9,2018-03-28
9771C,2018-19,LLEIDA,LLEIDA,186,151,151,147,119,26,6,90,25,42,26,14,12,69,10,-2.7,-4.8,2019-01-11,24.3,2019-03-10
9771C,2019-20,LLEIDA,LLEIDA,186,152,152,146,82,9,1,88,7,39,13,23,6,45,6,-0.3,-3.4,2020-01-12,26.3,2020-03-12
9771C,2020-21,LLEIDA,LLEIDA,186,151,151,146,81,27,8,90,22,36,16,24,11,71,8,-3.0,-5.9,2021-01-12,25.0,2020-11-02
9771C,2021-22,LLEIDA,LLEIDA,186,151,151,150,103,31,18,90,28,21,5,11,3,42,20,-4.2,-5.4,2022-01-23,22.3,2022-02-18
9771C,2022-23,LLEIDA,LLEIDA,186,151,151,139,88,35,10,90,29,49,36,17,25,56,17,-3.3,-4.0,2023-01-30,27.7,2023-03-13
9771C,2023-24,LLEIDA,LLEIDA,186,152,152,143,87,19,0,91,19,43,22,24,13,26,5,-1.6,-3.0,2023-12-18,27.6,2024-03-22
9771C,2024-25,LLEIDA,LLEIDA,186,151,151,138,81,21,6,89,21,28,9,18,3,28,7,-2.7,-5.6,2025-01-14,24.4,2025-03-31
9771C,2025-26,LLEIDA,LLEIDA,186,151,151,142,89,14,3,88,9,41,16,36,9,64,4,-0.8,-5.1,2026-01-07,23.2,2025-11-05
9772X,2017-18,LA POBLA DE CÉRVOLES,LLEIDA,673,151,151,145,120,33,5,88,25,9,2,25,3,104,8,-2.5,-4.3,2018-02-09,20.4,2017-11-03
9772X,2018-19,LA POBLA DE CÉRVOLES,LLEIDA,673,151,151,149,110,21,1,90,20,18,9,19,4,79,3,-2.0,-3.9,2019-01-11,23.9,2019-03-16
9772X,2019-20,LA POBLA DE CÉRVOLES,LLEIDA,673,151,151,145,86,16,0,89,15,10,3,28,2,90,5,-1.1,-2.4,2020-01-02,26.4,2020-03-12
9772X,2020-21,LA POBLA DE CÉRVOLES,LLEIDA,673,151,151,146,90,19,6,88,16,17,8,26,4,91,11,-2.1,-4.5,2021-01-11,24.4,2020-11-02
9772X,2021-22,LA POBLA DE CÉRVOLES,LLEIDA,673,151,151,151,102,29,6,90,26,8,1,21,3,59,17,-2.7,-4.6,2022-01-23,22.1,2022-02-18
9772X,2022-23,LA POBLA DE CÉRVOLES,LLEIDA,673,151,151,136,83,35,6,90,29,40,20,18,10,47,17,-3.0,-5.5,2023-01-21,25.8,2023-03-13
9772X,2023-24,LA POBLA DE CÉRVOLES,LLEIDA,673,152,152,138,80,15,0,88,15,27,16,22,11,65,4,-1.3,-2.8,2023-12-18,26.3,2024-03-22
9772X,2024-25,LA POBLA DE CÉRVOLES,LLEIDA,673,151,151,147,84,18,8,90,17,3,1,28,2,144,7,-2.5,-6.2,2024-12-31,22.5,2025-03-31
9772X,2025-26,LA POBLA DE CÉRVOLES,LLEIDA,673,149,149,145,98,8,3,87,6,17,6,38,6,63,4,-0.2,-6.0,2026-01-06,21.7,2026-02-25
9775X,2017-18,EL SOLERÀS,LLEIDA,392,151,151,144,113,40,7,87,34,14,6,20,4,46,9,-2.8,-4.4,2018-02-09,22.5,2018-03-28
9775X,2018-19,EL SOLERÀS,LLEIDA,392,151,151,148,106,25,4,90,25,29,12,16,10,101,10,-1.8,-3.8,2019-01-03,25.2,2019-03-16
9775X,2019-20,EL SOLERÀS,LLEIDA,392,152,152,146,86,14,4,89,13,17,5,26,4,88,5,-0.5,-5.2,2020-01-13,25.3,2020-03-12
9775X,2020-21,EL SOLERÀS,LLEIDA,392,150,150,146,95,17,5,87,16,18,9,22,4,72,11,-1.4,-4.5,2021-01-06,24.4,2020-11-02
9775X,2021-22,EL SOLERÀS,LLEIDA,392,150,150,148,99,28,7,88,28,10,3,20,2,49,9,-2.8,-4.7,2022-01-16,20.9,2022-02-18
9775X,2022-23,EL SOLERÀS,LLEIDA,392,150,150,140,98,42,9,90,36,43,26,19,16,49,18,-3.2,-5.5,2023-01-23,27.2,2023-03-13
9775X,2023-24,EL SOLERÀS,LLEIDA,392,152,152,144,89,23,5,91,22,36,18,23,12,25,7,-1.9,-5.0,2023-12-28,27.0,2024-03-22
9775X,2024-25,EL SOLERÀS,LLEIDA,392,151,151,145,100,22,3,90,21,19,4,23,2,46,7,-1.6,-5.5,2025-01-14,22.9,2025-03-31
9775X,2025-26,EL SOLERÀS,LLEIDA,392,151,151,147,108,9,3,89,6,31,13,37,5,64,3,-0.3,-7.0,2026-01-06,24.6,2025-11-13
9776D,2017-18,ELS TORMS,LLEIDA,488,142,142,135,110,29,4,83,24,9,5,19,4,25,5,-2.1,-4.0,2017-12-25,22.2,2017-11-03
9776D,2018-19,ELS TORMS,LLEIDA,488,143,143,140,83,13,3,84,13,22,9,14,4,20,7,-1.9,-6.2,2019-01-05,25.0,2019-03-16
9776D,2019-20,ELS TORMS,LLEIDA,488,148,148,135,74,13,0,81,12,10,5,20,2,26,7,-0.8,-2.9,2020-01-13,26.3,2020-03-12
9776D,2021-22,ELS TORMS,LLEIDA,488,147,147,145,86,20,1,87,20,5,1,14,2,50,8,-1.7,-3.1,2021-12-20,21.3,2022-02-18
9776D,2022-23,ELS TORMS,LLEIDA,488,147,147,129,72,29,4,88,25,39,21,15,10,49,12,-2.7,-4.3,2023-01-23,26.5,2023-03-13
9776D,2023-24,ELS TORMS,LLEIDA,488,151,151,131,71,10,1,86,10,25,18,16,11,31,3,-0.3,-3.6,2023-12-26,26.1,2024-03-22
9776D,2024-25,ELS TORMS,LLEIDA,488,147,147,134,74,10,1,88,9,10,4,22,6,31,6,-2.2,-3.3,2025-01-14,22.7,2025-03-31
9784P,2017-18,BIELSA,HUESCA,992,151,151,151,144,100,24,90,66,4,0,46,1,128,19,-4.8,-8.9,2018-02-27,19.9,2018-03-28
9784P,2018-19,BIELSA,HUESCA,992,150,150,150,147,76,10,89,53,18,12,25,3,74,11,-3.1,-5.0,2019-01-19,24.0,2019-03-16
9784P,2019-20,BIELSA,HUESCA,992,152,152,152,146,62,10,91,45,10,5,44,3,93,9,-3.2,-5.2,2019-11-16,24.2,2020-03-12
9784P,2020-21,BIELSA,HUESCA,992,149,149,149,141,68,18,88,53,11,7,39,4,49,14,-5.4,-10.0,2021-01-06,22.2,2020-11-02
9784P,2021-22,BIELSA,HUESCA,992,151,151,151,142,75,21,90,51,5,2,36,2,93,11,-4.8,-5.9,2022-01-15,20.7,2022-02-02
9784P,2022-23,BIELSA,HUESCA,992,151,151,151,144,72,33,90,59,19,6,38,6,108,25,-5.2,-7.9,2023-01-24,23.9,2023-03-29
9784P,2023-24,BIELSA,HUESCA,992,152,152,151,139,57,9,91,41,21,10,44,12,66,8,-3.1,-5.5,2024-01-09,24.7,2024-03-22
9784P,2024-25,BIELSA,HUESCA,992,151,150,151,136,62,13,90,49,2,1,45,1,95,12,-3.8,-4.9,2025-01-14,23.6,2025-03-31
9784P,2025-26,BIELSA,HUESCA,992,150,151,150,145,65,7,89,49,11,2,54,6,100,8,-2.9,-5.2,2026-01-01,20.9,2026-03-17
9808X,2017-18,"AÍNSA-SOBRARBE, LA SERRETA",HUESCA,610,148,148,148,135,78,19,90,58,8,4,35,3,58,10,-4.5,-6.1,2018-02-09,21.7,2018-03-27
9808X,2018-19,"AÍNSA-SOBRARBE, LA SERRETA",HUESCA,610,151,151,150,133,58,13,90,54,27,15,22,8,93,15,-3.8,-6.1,2019-01-19,23.3,2019-03-16
9808X,2019-20,"AÍNSA-SOBRARBE, LA SERRETA",HUESCA,610,152,152,151,127,41,6,91,34,16,4,46,4,92,14,-3.0,-4.7,2020-01-13,22.7,2020-03-12
9808X,2020-21,"AÍNSA-SOBRARBE, LA SERRETA",HUESCA,610,151,151,148,114,50,14,90,40,21,7,34,4,71,27,-4.5,-8.4,2021-01-08,23.1,2020-11-02
9808X,2021-22,"AÍNSA-SOBRARBE, LA SERRETA",HUESCA,610,151,151,151,133,59,19,90,50,9,4,31,2,79,20,-4.6,-6.4,2022-01-16,21.6,2022-02-18
9808X,2022-23,"AÍNSA-SOBRARBE, LA SERRETA",HUESCA,610,151,151,151,122,58,18,90,52,32,16,31,13,48,17,-4.2,-6.0,2023-01-21,24.7,2023-03-29
9808X,2023-24,"AÍNSA-SOBRARBE, LA SERRETA",HUESCA,610,152,152,152,125,34,4,91,29,28,16,35,11,32,6,-2.0,-4.2,2024-01-09,24.9,2024-03-22
9808X,2024-25,"AÍNSA-SOBRARBE, LA SERRETA",HUESCA,610,151,151,148,120,42,11,90,39,16,2,36,3,72,10,-3.4,-6.2,2025-01-14,23.6,2025-03-31
9808X,2025-26,"AÍNSA-SOBRARBE, LA SERRETA",HUESCA,610,151,151,149,132,36,4,90,26,22,10,49,6,95,4,-2.5,-6.8,2026-01-07,22.5,2026-02-25
9812M,2023-24,"PARADOR DE ORDESA, PARQUE NACIONAL ORDESA Y MONTEPERDIDO",HUESCA,1206,150,150,150,120,43,8,89,26,15,6,0,8,60,9,-3.0,-4.2,2024-01-09,23.5,2024-03-22
9812M,2024-25,"PARADOR DE ORDESA, PARQUE NACIONAL ORDESA Y MONTEPERDIDO",HUESCA,1206,145,145,145,126,45,5,84,33,1,1,0,1,59,6,-2.8,-3.9,2025-02-09,22.7,2025-03-31
9812M,2025-26,"PARADOR DE ORDESA, PARQUE NACIONAL ORDESA Y MONTEPERDIDO",HUESCA,1206,141,141,141,134,52,5,80,36,8,2,0,6,49,6,-2.5,-7.7,2026-01-07,21.8,2026-03-17
9814I,2019-20,"TORLA-ORDESA, EL CEBOLLAR",HUESCA,1905,140,140,140,131,74,28,91,40,0,0,40,0,140,15,-6.7,-8.4,2019-11-16,17.0,2020-02-23
9814I,2020-21,"TORLA-ORDESA, EL CEBOLLAR",HUESCA,1905,151,151,151,144,88,50,90,65,0,0,54,0,151,20,-9.3,-10.8,2021-01-02,15.3,2020-11-18
9814I,2021-22,"TORLA-ORDESA, EL CEBOLLAR",HUESCA,1905,151,151,151,145,89,38,90,49,0,0,40,0,151,21,-6.6,-8.4,2021-11-28,17.6,2021-12-31
9814I,2022-23,"TORLA-ORDESA, EL CEBOLLAR",HUESCA,1905,151,151,151,146,78,41,90,54,0,0,32,0,151,16,-9.3,-13.8,2023-02-27,14.1,2023-03-29
9814I,2023-24,"TORLA-ORDESA, EL CEBOLLAR",HUESCA,1905,151,151,151,129,74,47,90,44,0,0,41,0,101,20,-6.1,-8.2,2024-01-08,17.6,2024-01-25
9814I,2024-25,"TORLA-ORDESA, EL CEBOLLAR",HUESCA,1905,151,151,151,141,92,44,90,57,0,0,46,0,151,23,-6.0,-9.1,2025-03-15,16.0,2024-11-29
9814I,2025-26,"TORLA-ORDESA, EL CEBOLLAR",HUESCA,1905,151,151,151,145,109,51,90,69,0,0,66,0,151,33,-7.2,-10.4,2026-01-06,15.2,2026-03-18
9814X,2018-19,TORLA - ORDESA,HUESCA,1076,150,150,150,136,39,4,89,31,43,23,19,10,34,9,-2.1,-4.1,2019-01-11,26.7,2019-02-27
9814X,2019-20,TORLA - ORDESA,HUESCA,1076,152,152,152,141,45,4,91,24,29,21,53,6,91,7,-2.3,-5.5,2019-11-16,28.1,2020-03-11
9814X,2020-21,TORLA - ORDESA,HUESCA,1076,151,151,151,137,54,14,90,44,33,16,38,9,70,21,-5.2,-8.6,2021-01-06,25.9,2021-03-31
9814X,2021-22,TORLA - ORDESA,HUESCA,1076,151,151,151,141,49,5,90,31,31,15,38,4,24,8,-2.6,-4.7,2022-01-22,24.1,2022-02-18
9814X,2022-23,TORLA - ORDESA,HUESCA,1076,146,146,146,128,51,22,87,43,35,23,44,7,57,17,-5.1,-7.5,2023-01-21,28.2,2023-03-29
9814X,2023-24,TORLA - ORDESA,HUESCA,1076,152,152,152,120,35,6,91,23,42,28,53,13,59,6,-2.7,-4.4,2024-01-11,29.2,2024-03-22
9814X,2024-25,TORLA - ORDESA,HUESCA,1076,151,151,151,132,51,4,90,41,26,11,51,6,29,9,-2.5,-3.4,2025-03-17,26.4,2025-03-31
9814X,2025-26,TORLA - ORDESA,HUESCA,1076,150,150,150,142,51,4,89,36,26,19,64,7,96,6,-2.5,-7.8,2026-01-07,27.3,2026-03-17
9838B,2017-18,BENASQUE,HUESCA,1120,151,151,151,148,120,68,90,79,2,0,49,1,127,21,-7.8,-13.5,2018-02-09,19.7,2018-03-28
9838B,2018-19,BENASQUE,HUESCA,1120,151,151,150,149,117,49,89,77,14,9,22,5,113,27,-6.0,-8.0,2019-01-19,23.2,2019-02-27
9838B,2019-20,BENASQUE,HUESCA,1120,152,152,152,150,106,45,91,76,11,6,40,3,93,18,-6.2,-9.5,2019-11-16,23.8,2020-03-11
9838B,2020-21,BENASQUE,HUESCA,1120,151,151,151,147,113,51,90,81,12,4,37,4,89,47,-9.5,-13.8,2021-01-08,22.1,2020-11-02
9838B,2021-22,BENASQUE,HUESCA,1120,151,151,151,148,114,60,90,79,7,1,36,2,60,18,-7.5,-8.6,2022-01-15,20.2,2022-02-18
9838B,2022-23,BENASQUE,HUESCA,1120,148,148,148,147,106,64,87,75,13,5,31,4,103,18,-7.4,-10.9,2023-01-24,21.8,2023-03-29
9838B,2023-24,BENASQUE,HUESCA,1120,152,152,151,146,99,41,91,71,24,12,38,11,64,20,-5.9,-9.9,2024-01-09,23.9,2024-03-22
9838B,2024-25,BENASQUE,HUESCA,1120,151,151,151,148,101,43,90,74,2,1,42,1,133,16,-6.4,-7.7,2025-01-14,22.9,2025-03-31
9838B,2025-26,BENASQUE,HUESCA,1120,151,151,151,148,101,37,90,66,12,3,53,7,99,15,-5.3,-10.3,2026-01-07,21.6,2026-03-18
9839V,2019-20,"CERLER, COGULLA",HUESCA,2374,139,139,139,136,99,66,91,59,0,0,32,0,139,18,-9.3,-12.2,2020-01-19,14.6,2020-03-11
9839V,2020-21,"CERLER, COGULLA",HUESCA,2374,151,151,151,148,122,86,90,81,0,0,33,0,151,35,-11.9,-13.7,2020-12-26,13.4,2020-11-01
9839V,2021-22,"CERLER, COGULLA",HUESCA,2374,151,151,151,147,123,79,90,68,0,0,18,0,151,23,-10.1,-12.3,2022-01-06,13.2,2021-12-13
9839V,2022-23,"CERLER, COGULLA",HUESCA,2374,151,151,151,151,116,65,90,76,0,0,27,0,151,34,-11.3,-17.7,2023-02-27,12.0,2023-02-19
9839V,2023-24,"CERLER, COGULLA",HUESCA,2374,152,152,152,143,92,67,91,55,0,0,37,0,152,20,-9.2,-11.6,2024-01-07,14.1,2024-01-25
9839V,2024-25,"CERLER, COGULLA",HUESCA,2374,151,151,151,151,118,84,90,79,0,0,40,0,151,42,-9.3,-12.3,2025-03-15,11.3,2025-03-31
9839V,2025-26,"CERLER, COGULLA",HUESCA,2374,151,151,151,151,129,95,90,79,0,0,40,0,151,70,-10.6,-14.0,2025-11-21,11.9,2026-02-21
9843A,2017-18,SEIRA,HUESCA,825,150,150,150,146,106,39,90,73,9,1,37,3,64,23,-5.1,-8.6,2018-02-09,20.4,2018-03-28
9843A,2018-19,SEIRA,HUESCA,825,151,151,151,147,82,19,90,67,20,11,22,6,100,18,-3.6,-5.5,2019-01-19,24.1,2019-03-16
9843A,2019-20,SEIRA,HUESCA,825,152,152,152,143,64,11,91,46,17,6,39,4,93,13,-3.4,-4.2,2019-11-16,24.3,2020-03-11
9843A,2020-21,SEIRA,HUESCA,825,151,151,151,140,70,26,90,54,16,6,36,4,68,22,-5.3,-9.3,2021-01-08,23.1,2020-11-02
9843A,2021-22,SEIRA,HUESCA,825,151,151,151,143,76,22,90,58,10,4,29,3,81,20,-4.5,-5.9,2022-01-22,23.2,2022-02-02
9843A,2022-23,SEIRA,HUESCA,825,151,151,151,138,77,29,90,62,23,10,26,12,82,41,-5.3,-7.3,2023-01-21,23.8,2023-03-29
9843A,2023-24,SEIRA,HUESCA,825,152,152,152,136,56,8,91,41,27,14,36,12,60,7,-3.1,-5.5,2024-01-09,25.1,2024-03-22
9843A,2024-25,SEIRA,HUESCA,825,151,151,151,136,57,11,90,51,11,2,39,2,50,13,-3.6,-6.1,2025-01-15,26.5,2025-03-31
9843A,2025-26,SEIRA,HUESCA,825,151,151,151,138,57,11,90,39,16,11,44,7,99,10,-3.8,-8.6,2026-01-07,22.3,2026-03-18
9855E,2017-18,"CAPELLA, LAGUARRES",HUESCA,600,147,147,147,140,100,48,88,69,3,0,25,1,68,14,-6.8,-8.7,2017-12-03,19.4,2017-11-03
9855E,2018-19,"CAPELLA, LAGUARRES",HUESCA,600,151,151,151,138,85,27,90,69,21,9,18,5,93,35,-5.5,-7.5,2019-01-11,22.4,2019-03-10
9855E,2019-20,"CAPELLA, LAGUARRES",HUESCA,600,152,152,151,133,57,15,91,41,15,3,29,4,88,23,-4.4,-6.3,2020-01-13,22.8,2020-03-12
9855E,2020-21,"CAPELLA, LAGUARRES",HUESCA,600,151,151,150,133,61,29,90,46,17,6,28,4,85,28,-6.8,-10.3,2021-01-14,23.3,2020-11-02
9855E,2021-22,"CAPELLA, LAGUARRES",HUESCA,600,151,151,151,138,84,40,90,64,7,1,19,2,53,24,-6.3,-7.7,2022-01-16,20.0,2022-02-18
9855E,2022-23,"CAPELLA, LAGUARRES",HUESCA,600,151,151,151,128,68,33,90,56,26,12,25,5,96,33,-6.0,-7.3,2023-01-21,23.5,2023-03-16
9855E,2023-24,"CAPELLA, LAGUARRES",HUESCA,600,152,152,152,125,57,10,91,43,25,12,30,11,32,8,-3.1,-5.7,2024-01-08,23.7,2024-03-20
9855E,2024-25,"CAPELLA, LAGUARRES",HUESCA,600,151,151,148,122,56,18,90,52,7,1,30,4,143,12,-4.9,-8.1,2025-01-14,22.3,2025-03-31
9855E,2025-26,"CAPELLA, LAGUARRES",HUESCA,600,145,147,144,130,52,12,87,34,18,8,37,5,68,11,-3.9,-8.6,2026-01-07,22.6,2026-02-25
9866C,2017-18,BARBASTRO,HUESCA,305,151,151,150,136,86,34,89,57,24,9,28,5,34,14,-5.9,-8.8,2017-12-03,23.4,2018-03-28
9866C,2018-19,BARBASTRO,HUESCA,305,151,151,148,132,64,15,90,54,48,24,16,23,46,16,-4.3,-7.5,2019-01-11,25.1,2019-02-27
9866C,2019-20,BARBASTRO,HUESCA,305,142,142,141,111,30,5,90,20,28,13,30,4,31,12,-2.9,-4.8,2020-01-15,25.0,2020-03-12
9866C,2020-21,BARBASTRO,HUESCA,305,151,151,149,117,44,19,90,34,34,18,23,11,71,12,-5.2,-7.8,2021-01-06,25.3,2020-11-02
9866C,2021-22,BARBASTRO,HUESCA,305,151,151,151,126,69,25,90,54,18,5,14,3,43,24,-6.0,-7.5,2022-01-16,22.5,2022-02-18
9866C,2022-23,BARBASTRO,HUESCA,305,150,150,145,118,50,26,90,44,48,30,16,25,48,31,-5.7,-6.9,2023-01-30,26.3,2023-03-13
9866C,2023-24,BARBASTRO,HUESCA,305,148,151,148,113,45,8,87,36,34,20,31,12,36,8,-3.2,-5.6,2023-12-28,26.0,2024-03-22
9866C,2024-25,BARBASTRO,HUESCA,305,151,151,143,110,46,10,90,42,29,10,27,6,33,9,-3.5,-7.2,2025-01-13,24.2,2025-03-31
9866C,2025-26,BARBASTRO,HUESCA,305,151,151,150,117,35,6,90,20,38,19,40,9,70,8,-2.7,-8.1,2026-01-07,23.9,2026-03-31
9894Y,2017-18,SARIÑENA,HUESCA,300,149,149,145,118,47,14,86,34,14,1,21,4,24,8,-3.8,-5.8,2017-12-04,22.9,2018-03-28
9894Y,2018-19,SARIÑENA,HUESCA,300,151,151,147,117,30,6,90,29,31,18,16,9,99,9,-2.8,-5.3,2019-01-11,24.7,2019-03-24
9894Y,2019-20,SARIÑENA,HUESCA,300,152,152,148,94,14,4,90,11,25,11,27,4,87,6,-1.2,-4.0,2020-01-15,25.0,2020-03-12
9894Y,2020-21,SARIÑENA,HUESCA,300,150,150,147,97,25,9,90,19,22,12,26,10,72,12,-3.2,-8.1,2021-01-11,24.9,2020-11-02
9894Y,2021-22,SARIÑENA,HUESCA,300,149,149,147,104,35,18,89,31,11,3,15,2,44,20,-4.4,-5.9,2022-01-22,21.6,2022-02-18
9894Y,2022-23,SARIÑENA,HUESCA,300,151,151,143,94,37,13,90,32,38,23,23,17,94,18,-4.0,-5.4,2023-03-01,25.3,2023-03-13
9894Y,2023-24,SARIÑENA,HUESCA,300,152,152,148,95,28,7,91,24,27,17,28,12,63,7,-2.4,-4.5,2023-12-28,26.0,2024-03-22
9894Y,2024-25,SARIÑENA,HUESCA,300,151,151,144,96,27,8,90,26,23,8,20,9,34,8,-3.0,-6.9,2025-01-14,24.0,2025-03-31
9894Y,2025-26,SARIÑENA,HUESCA,300,148,149,145,98,17,3,87,12,32,12,35,6,64,3,-1.8,-6.9,2026-01-06,22.1,2026-02-24
9898,2017-18,"HUESCA, AEROPUERTO",HUESCA,546,151,151,149,125,36,7,90,30,4,1,28,3,144,10,-2.5,-5.3,2018-02-27,20.4,2018-03-28
9898,2018-19,"HUESCA, AEROPUERTO",HUESCA,546,151,151,147,109,23,8,90,23,19,6,18,6,101,10,-3.1,-5.8,2019-01-03,23.2,2019-03-16
9898,2019-20,"HUESCA, AEROPUERTO",HUESCA,546,152,152,149,87,19,0,91,16,10,3,30,3,88,5,-1.7,-2.9,2020-01-13,22.3,2020-03-12
9898,2020-21,"HUESCA, AEROPUERTO",HUESCA,546,151,151,148,90,23,8,90,20,16,8,31,4,70,15,-3.2,-7.4,2021-01-12,22.9,2020-11-02
9898,2021-22,"HUESCA, AEROPUERTO",HUESCA,546,151,151,151,106,32,3,90,31,6,1,19,2,100,12,-2.2,-5.0,2022-01-22,21.4,2022-02-17
9898,2022-23,"HUESCA, AEROPUERTO",HUESCA,546,151,151,146,86,41,12,90,36,29,12,24,7,94,17,-3.7,-6.2,2023-03-01,24.3,2023-03-13
9898,2023-24,"HUESCA, AEROPUERTO",HUESCA,546,152,152,145,96,12,1,91,12,18,10,32,10,91,4,-1.3,-3.5,2024-01-20,24.0,2024-03-22
9898,2024-25,"HUESCA, AEROPUERTO",HUESCA,546,151,151,144,92,19,4,90,17,9,2,27,6,141,8,-2.1,-5.2,2025-01-13,22.0,2025-03-31
9898,2025-26,"HUESCA, AEROPUERTO",HUESCA,546,151,151,147,102,14,3,90,10,21,5,40,5,101,4,-1.4,-5.8,2026-01-06,20.9,2026-02-25
9901X,2017-18,HUESCA,HUESCA,463,151,151,144,115,37,9,88,28,9,1,30,3,51,6,-3.5,-5.8,2017-12-03,21.8,2018-03-28
9901X,2018-19,HUESCA,HUESCA,463,150,150,146,110,24,7,89,24,22,15,24,7,79,10,-2.9,-5.4,2019-01-04,23.6,2019-03-24
9901X,2019-20,HUESCA,HUESCA,463,151,151,149,87,23,2,90,19,20,7,33,3,55,6,-1.8,-4.3,2020-01-14,22.9,2020-03-11
9901X,2020-21,HUESCA,HUESCA,463,151,151,148,93,26,8,90,22,22,10,31,5,68,13,-3.2,-7.6,2021-01-12,23.5,2020-11-02
9901X,2021-22,HUESCA,HUESCA,463,151,151,150,103,38,7,89,36,6,2,17,2,50,20,-3.0,-5.0,2022-01-22,22.4,2022-02-17
9901X,2022-23,HUESCA,HUESCA,463,151,151,142,83,37,11,90,33,34,16,20,14,93,20,-3.6,-4.8,2023-01-21,24.6,2023-03-30
9901X,2023-24,HUESCA,HUESCA,463,152,152,145,94,18,1,91,18,23,14,34,12,66,5,-1.5,-3.4,2023-12-27,25.0,2024-03-22
9901X,2024-25,HUESCA,HUESCA,463,151,151,141,85,24,5,90,22,13,4,30,4,69,8,-2.5,-4.7,2025-01-14,22.7,2025-03-31
9901X,2025-26,HUESCA,HUESCA,463,149,151,142,92,9,3,90,7,25,9,36,6,99,3,-0.7,-6.0,2026-01-06,21.2,2025-11-13
9908X,2017-18,LANAJA,HUESCA,380,151,151,145,107,28,5,88,28,7,1,18,3,61,7,-2.5,-5.1,2018-02-27,22.0,2018-03-28
9908X,2018-19,LANAJA,HUESCA,380,149,149,143,94,18,6,88,18,23,10,20,7,66,10,-2.2,-5.4,2019-01-05,23.6,2019-03-24
9908X,2019-20,LANAJA,HUESCA,380,152,152,143,77,15,4,87,14,17,7,27,3,88,4,-1.1,-5.3,2020-01-13,24.3,2020-03-11
9908X,2020-21,LANAJA,HUESCA,380,151,151,145,74,14,6,87,14,19,10,24,4,69,12,-2.5,-7.3,2021-01-12,24.2,2020-11-02
9908X,2021-22,LANAJA,HUESCA,380,151,151,147,93,21,1,88,21,5,1,15,2,85,13,-1.4,-3.7,2022-01-22,20.7,2022-02-18
9908X,2022-23,LANAJA,HUESCA,380,150,150,136,77,26,3,88,22,33,19,22,12,81,7,-1.9,-3.9,2023-01-24,25.2,2023-03-13
9908X,2023-24,LANAJA,HUESCA,380,152,152,139,78,19,3,89,19,28,14,26,12,63,5,-1.9,-5.5,2023-12-27,25.7,2024-03-22
9908X,2024-25,LANAJA,HUESCA,380,151,151,137,78,15,2,89,14,15,3,21,5,69,7,-0.9,-4.3,2025-01-14,22.3,2025-03-31
9908X,2025-26,LANAJA,HUESCA,380,149,149,144,74,7,1,89,7,23,6,33,6,65,4,0.4,-5.0,2026-01-06,21.7,2025-11-01
9911X,2017-18,BALLOBAR,HUESCA,178,151,151,144,112,45,11,86,32,19,8,16,4,47,8,-3.5,-6.2,2017-12-04,24.5,2018-03-28
9911X,2018-19,BALLOBAR,HUESCA,178,148,148,144,109,27,4,87,27,36,21,13,12,41,9,-2.5,-3.9,2019-01-07,24.6,2019-03-24
9911X,2019-20,BALLOBAR,HUESCA,178,152,152,141,82,11,0,87,8,36,15,28,6,46,6,-1.1,-2.6,2020-01-12,24.1,2020-03-12
9911X,2020-21,BALLOBAR,HUESCA,178,151,151,144,88,28,8,87,21,28,16,19,10,71,7,-3.1,-6.8,2021-01-12,24.7,2020-11-02
9911X,2021-22,BALLOBAR,HUESCA,178,151,151,150,96,37,19,90,33,22,4,13,3,41,20,-4.8,-6.1,2022-01-16,22.7,2022-02-17
9911X,2022-23,BALLOBAR,HUESCA,178,151,151,139,91,34,12,90,28,49,31,19,25,56,15,-3.3,-5.4,2023-01-29,28.4,2023-03-13
9911X,2023-24,BALLOBAR,HUESCA,178,152,152,143,87,19,1,89,18,44,19,26,13,26,5,-1.9,-4.4,2023-12-28,25.8,2024-03-18
9911X,2024-25,BALLOBAR,HUESCA,178,149,149,135,87,19,7,87,19,30,8,19,8,19,9,-2.2,-6.3,2025-01-13,23.4,2025-03-31
9911X,2025-26,BALLOBAR,HUESCA,178,148,149,139,85,14,3,89,10,42,17,35,8,64,3,-1.2,-5.0,2026-01-06,22.7,2025-11-01
9918Y,2017-18,"TAMARITE DE LITERA, LA MELUSA",HUESCA,218,151,151,149,135,79,34,89,52,20,9,22,5,34,14,-6.0,-8.2,2017-12-03,23.2,2018-03-28
9918Y,2018-19,"TAMARITE DE LITERA, LA MELUSA",HUESCA,218,151,151,148,131,66,17,90,55,37,19,15,10,69,13,-4.2,-7.0,2019-01-11,24.2,2019-03-24
9918Y,2019-20,"TAMARITE DE LITERA, LA MELUSA",HUESCA,218,152,152,148,117,26,2,89,18,28,9,27,4,63,6,-1.6,-3.9,2019-11-19,24.9,2020-03-12
9918Y,2020-21,"TAMARITE DE LITERA, LA MELUSA",HUESCA,218,151,151,148,109,46,16,90,32,27,11,24,10,71,10,-4.0,-6.8,2021-01-06,25.0,2020-11-02
9918Y,2021-22,"TAMARITE DE LITERA, LA MELUSA",HUESCA,218,151,151,150,119,58,28,90,43,18,5,15,3,42,24,-6.3,-7.3,2022-01-15,22.1,2022-02-18
9918Y,2022-23,"TAMARITE DE LITERA, LA MELUSA",HUESCA,218,151,151,146,110,44,27,90,36,46,35,17,25,56,19,-5.1,-6.5,2023-01-30,27.6,2023-03-13
9918Y,2023-24,"TAMARITE DE LITERA, LA MELUSA",HUESCA,218,151,152,147,115,38,7,91,30,37,21,24,13,26,7,-2.5,-4.4,2023-12-17,25.5,2024-03-22
9918Y,2024-25,"TAMARITE DE LITERA, LA MELUSA",HUESCA,218,151,151,142,103,40,9,89,38,26,8,23,7,33,10,-3.8,-7.7,2025-01-14,24.5,2025-03-31
9918Y,2025-26,"TAMARITE DE LITERA, LA MELUSA",HUESCA,218,144,144,142,106,34,5,83,19,39,22,36,9,28,9,-2.8,-6.5,2026-01-07,23.7,2026-03-31
9924X,2017-18,FRAGA,HUESCA,170,151,151,141,99,33,6,85,23,25,14,17,4,47,6,-2.8,-5.3,2017-12-04,25.2,2018-03-28
9924X,2018-19,FRAGA,HUESCA,170,151,151,144,94,16,1,90,16,43,26,15,12,46,6,-1.2,-3.8,2019-01-07,25.0,2019-02-27
9924X,2019-20,FRAGA,HUESCA,170,152,152,134,68,9,0,83,7,42,19,26,7,46,6,-0.2,-2.4,2020-01-12,26.8,2020-03-12
9924X,2020-21,FRAGA,HUESCA,170,148,148,139,68,16,4,86,13,30,17,23,11,71,5,-2.6,-5.7,2021-01-12,26.0,2020-11-02
9924X,2021-22,FRAGA,HUESCA,170,151,151,146,77,26,14,87,25,24,6,15,3,41,20,-4.0,-5.6,2022-01-15,23.0,2022-02-18
9924X,2022-23,FRAGA,HUESCA,170,151,151,133,81,27,4,90,23,50,35,19,25,56,5,-2.1,-3.7,2023-01-29,28.0,2023-03-30
9924X,2023-24,FRAGA,HUESCA,170,152,152,131,62,14,0,88,14,46,25,22,13,26,4,-0.7,-2.6,2024-01-12,27.8,2024-03-22
9924X,2024-25,FRAGA,HUESCA,170,151,151,132,64,15,5,88,15,33,9,21,4,20,6,-1.2,-5.5,2025-01-15,25.0,2025-03-31
9924X,2025-26,FRAGA,HUESCA,170,143,145,130,64,8,1,83,6,45,21,32,9,52,3,-0.2,-3.6,2026-01-06,23.1,2025-11-01
9935X,2017-18,VALDERROBRES,TERUEL,483,151,151,146,125,59,26,87,44,13,7,16,4,41,10,-5.2,-6.9,2017-12-06,22.9,2018-03-28
9935X,2018-19,VALDERROBRES,TERUEL,483,150,150,148,133,71,17,90,51,22,9,17,4,79,18,-4.6,-6.3,2019-01-04,24.5,2019-03-16
9935X,2019-20,VALDERROBRES,TERUEL,483,151,151,146,118,40,13,87,37,26,11,27,4,31,8,-4.0,-5.9,2020-01-13,25.3,2020-03-12
9935X,2020-21,VALDERROBRES,TERUEL,483,151,151,149,122,39,6,89,29,21,11,28,4,69,10,-2.8,-9.7,2021-01-12,24.6,2020-11-02
9935X,2021-22,VALDERROBRES,TERUEL,483,150,150,149,116,59,28,88,51,7,1,25,2,42,11,-6.3,-7.5,2022-01-14,20.5,2022-02-18
9935X,2022-23,VALDERROBRES,TERUEL,483,151,151,148,119,56,20,90,47,37,22,20,7,49,12,-5.0,-6.8,2023-01-30,28.2,2023-03-13
9935X,2023-24,VALDERROBRES,TERUEL,483,152,152,152,106,46,9,91,36,45,22,25,12,22,11,-4.3,-6.8,2023-12-27,27.0,2024-03-22
9935X,2024-25,VALDERROBRES,TERUEL,483,151,151,146,109,44,13,90,40,16,3,28,5,48,11,-3.9,-7.9,2025-01-14,23.7,2025-03-31
9935X,2025-26,VALDERROBRES,TERUEL,483,151,151,147,116,35,3,89,24,20,13,40,6,60,5,-2.0,-4.9,2026-01-06,23.6,2025-11-12
9946X,2017-18,HORTA DE SANT JOAN,TARRAGONA,495,151,151,144,98,21,5,86,20,14,4,15,4,41,4,-1.9,-4.0,2017-12-25,23.6,2018-03-28
9946X,2018-19,HORTA DE SANT JOAN,TARRAGONA,495,151,151,144,83,8,0,90,8,24,13,18,7,102,3,-0.1,-2.6,2019-01-05,24.2,2019-03-16
9946X,2019-20,HORTA DE SANT JOAN,TARRAGONA,495,152,152,139,72,16,0,86,16,21,12,28,3,41,6,-1.0,-2.6,2020-01-02,25.2,2020-03-11
9946X,2021-22,HORTA DE SANT JOAN,TARRAGONA,495,150,150,149,86,25,2,89,25,11,3,20,2,57,9,-1.7,-3.2,2022-01-22,21.4,2022-02-18
9946X,2022-23,HORTA DE SANT JOAN,TARRAGONA,495,147,147,133,79,22,0,87,18,37,24,8,8,40,6,-1.8,-3.0,2023-02-12,25.3,2023-03-30
9946X,2023-24,HORTA DE SANT JOAN,TARRAGONA,495,152,152,131,60,6,0,86,6,44,22,26,12,22,3,0.4,-2.7,2023-12-27,26.5,2024-03-22
9946X,2024-25,HORTA DE SANT JOAN,TARRAGONA,495,151,151,136,66,13,1,89,12,14,3,23,4,59,6,-0.9,-3.9,2025-01-14,23.8,2025-03-31
9946X,2025-26,HORTA DE SANT JOAN,TARRAGONA,495,141,141,134,70,5,0,84,5,25,8,36,4,49,3,1.1,-1.7,2026-01-06,22.8,2026-02-24
9947X,2017-18,LA POBLA DE MASSALUCA,TARRAGONA,370,150,150,140,91,17,0,83,15,14,7,20,4,35,4,-0.9,-2.8,2017-12-24,24.0,2018-03-28
9947X,2018-19,LA POBLA DE MASSALUCA,TARRAGONA,370,151,151,143,56,8,2,90,8,25,12,15,7,102,6,0.0,-3.6,2019-01-05,25.3,2019-03-16
9947X,2019-20,LA POBLA DE MASSALUCA,TARRAGONA,370,152,152,128,62,8,3,80,8,24,9,27,4,41,4,-0.1,-4.6,2020-01-13,25.3,2020-03-12
9947X,2020-21,LA POBLA DE MASSALUCA,TARRAGONA,370,151,151,140,56,8,1,86,8,20,12,10,4,69,8,-0.2,-3.6,2021-01-07,26.0,2020-11-02
9947X,2021-22,LA POBLA DE MASSALUCA,TARRAGONA,370,151,151,147,65,12,0,88,12,7,1,20,2,92,4,-0.6,-2.8,2022-01-23,22.1,2022-02-18
9947X,2022-23,LA POBLA DE MASSALUCA,TARRAGONA,370,150,150,128,67,13,0,87,11,40,25,16,14,92,5,-1.0,-2.0,2023-02-27,26.5,2023-03-30
9947X,2023-24,LA POBLA DE MASSALUCA,TARRAGONA,370,150,150,123,47,7,2,84,7,38,20,22,12,24,4,0.1,-4.9,2023-12-28,27.8,2024-03-22
9947X,2024-25,LA POBLA DE MASSALUCA,TARRAGONA,370,151,151,134,55,7,0,89,7,13,2,22,5,51,3,0.2,-2.1,2025-01-15,23.2,2025-03-31
9947X,2025-26,LA POBLA DE MASSALUCA,TARRAGONA,370,146,146,133,55,5,0,86,5,25,6,32,4,59,3,1.7,-2.0,2026-01-01,22.1,2026-03-17
9961X,2017-18,CABACÉS,TARRAGONA,363,146,146,138,101,25,1,87,22,24,10,22,4,35,4,-1.6,-3.2,2018-02-13,24.7,2018-03-28
9961X,2018-19,CABACÉS,TARRAGONA,363,151,151,144,80,8,2,90,8,39,25,19,13,65,3,-0.1,-4.1,2019-01-05,26.9,2019-03-16
9961X,2019-20,CABACÉS,TARRAGONA,363,152,152,137,64,6,2,83,6,40,16,23,5,36,4,0.3,-3.4,2020-01-13,27.0,2020-03-12
9961X,2020-21,CABACÉS,TARRAGONA,363,151,151,143,68,12,1,86,12,31,18,28,5,69,10,-0.9,-3.3,2021-01-11,26.7,2020-11-02
9961X,2021-22,CABACÉS,TARRAGONA,363,151,151,147,79,19,0,88,19,21,4,20,5,48,8,-0.9,-3.0,2022-01-15,24.5,2022-02-18
9961X,2022-23,CABACÉS,TARRAGONA,363,151,151,127,70,22,3,86,20,58,41,19,14,46,5,-1.1,-3.8,2023-01-23,27.6,2023-03-30
9961X,2023-24,CABACÉS,TARRAGONA,363,152,152,129,55,8,1,85,8,54,36,23,13,22,4,0.1,-4.0,2023-12-27,28.3,2024-03-22
9961X,2024-25,CABACÉS,TARRAGONA,363,151,151,130,63,9,1,86,9,29,8,28,5,33,4,-0.6,-3.2,2025-01-14,25.1,2025-03-31
9961X,2025-26,CABACÉS,TARRAGONA,363,150,150,138,63,5,1,85,4,44,19,35,7,61,3,1.2,-3.3,2026-01-06,24.3,2026-02-24
9975X,2017-18,RASQUERA,TARRAGONA,112,151,151,133,85,24,1,82,19,34,16,17,4,33,4,-1.6,-3.3,2017-12-06,26.7,2018-03-28
9975X,2018-19,RASQUERA,TARRAGONA,112,151,151,142,90,12,1,89,12,47,25,16,9,57,3,-0.3,-3.9,2019-02-17,25.7,2019-03-16
9975X,2019-20,RASQUERA,TARRAGONA,112,152,152,131,67,9,0,79,8,52,30,21,8,36,6,-0.9,-2.3,2020-01-12,26.2,2019-11-02
9975X,2020-21,RASQUERA,TARRAGONA,112,151,151,133,65,13,0,83,11,44,22,22,10,44,4,-0.8,-2.1,2021-01-06,27.1,2020-11-01
9975X,2021-22,RASQUERA,TARRAGONA,112,151,151,139,68,15,7,84,15,24,8,21,4,42,8,-2.8,-5.3,2022-01-14,24.3,2022-02-18
9975X,2022-23,RASQUERA,TARRAGONA,112,150,150,130,80,13,3,87,10,59,43,12,17,19,4,-2.2,-4.5,2023-02-11,28.7,2023-03-30
9975X,2023-24,RASQUERA,TARRAGONA,112,129,129,111,49,9,0,71,9,60,33,22,20,12,3,-0.8,-2.5,2023-12-27,27.9,2024-03-22
9975X,2024-25,RASQUERA,TARRAGONA,112,150,150,125,61,10,3,83,10,35,11,28,5,17,4,-0.1,-5.7,2025-01-15,24.9,2025-03-31
9975X,2025-26,RASQUERA,TARRAGONA,112,151,151,137,64,5,0,87,5,41,23,31,6,58,2,0.5,-2.2,2026-01-06,24.0,2026-02-24
9981A,2017-18,ESTACIÓN DE TORTOSA (ROQUETES),TARRAGONA,50,151,151,117,38,0,0,75,0,76,45,15,14,14,0,1.9,0.0,2018-02-09,29.2,2018-03-28
9981A,2018-19,ESTACIÓN DE TORTOSA (ROQUETES),TARRAGONA,50,151,151,124,35,1,0,82,1,81,50,14,24,31,1,2.4,-0.1,2019-02-17,28.6,2019-03-10
9981A,2019-20,ESTACIÓN DE TORTOSA (ROQUETES),TARRAGONA,50,152,152,104,32,2,0,67,2,79,54,21,12,20,1,2.3,-0.9,2020-01-13,28.3,2019-11-02
9981A,2020-21,ESTACIÓN DE TORTOSA (ROQUETES),TARRAGONA,50,151,151,118,24,0,0,78,0,74,43,21,16,25,0,2.7,0.6,2021-01-09,28.1,2021-01-28
9981A,2021-22,ESTACIÓN DE TORTOSA (ROQUETES),TARRAGONA,50,151,151,115,40,2,0,78,2,62,27,21,9,17,1,1.0,-0.2,2022-01-16,25.3,2022-02-02
9981A,2022-23,ESTACIÓN DE TORTOSA (ROQUETES),TARRAGONA,50,151,151,107,38,1,0,83,1,84,60,17,17,16,1,2.3,-0.6,2023-02-12,30.9,2023-03-31
9981A,2023-24,ESTACIÓN DE TORTOSA (ROQUETES),TARRAGONA,50,152,152,102,24,0,0,70,0,100,73,16,26,9,0,2.7,0.3,2023-12-28,29.8,2024-03-22
9981A,2024-25,ESTACIÓN DE TORTOSA (ROQUETES),TARRAGONA,50,151,151,104,29,1,0,75,1,72,43,28,12,11,1,2.3,-1.7,2025-01-15,28.9,2025-03-31
9981A,2025-26,ESTACIÓN DE TORTOSA (ROQUETES),TARRAGONA,50,151,151,122,15,0,0,78,0,70,44,31,17,28,0,3.8,1.4,2026-01-01,24.8,2025-11-01
9987P,2017-18,SANT JAUME D'ENVEJA,TARRAGONA,1,134,134,110,23,0,0,67,0,33,16,16,6,24,0,3.0,1.5,2018-02-24,22.4,2018-01-04
9987P,2018-19,SANT JAUME D'ENVEJA,TARRAGONA,1,146,146,111,16,0,0,79,0,38,11,10,7,35,0,3.7,2.1,2019-01-12,23.3,2019-03-17
9988B,2021-22,CAP DE VAQUÈIRA,LLEIDA,2467,150,150,150,148,131,100,90,73,0,0,0,0,122,19,-11.4,-15.2,2022-01-06,15.6,2021-12-30
9988B,2022-23,CAP DE VAQUÈIRA,LLEIDA,2467,151,151,151,150,119,84,90,77,0,0,0,0,151,34,-14.3,-18.7,2023-02-27,10.0,2022-11-06
9988B,2023-24,CAP DE VAQUÈIRA,LLEIDA,2467,152,152,152,146,113,80,91,68,0,0,0,0,152,24,-10.6,-13.7,2024-01-08,12.4,2023-11-14
9988B,2024-25,CAP DE VAQUÈIRA,LLEIDA,2467,151,151,151,150,127,90,90,81,0,0,0,0,151,66,-10.9,-14.0,2025-01-12,9.7,2025-03-31
9988B,2025-26,CAP DE VAQUÈIRA,LLEIDA,2467,151,151,151,150,133,105,90,82,0,0,0,0,151,74,-12.6,-17.4,2026-01-07,11.0,2025-11-05
9990X,2017-18,"NAUT ARAN, ARTIES ",LLEIDA,1161,151,151,151,147,106,50,90,71,4,1,75,3,125,20,-8.7,-13.5,2017-12-03,21.2,2017-11-03
9990X,2018-19,"NAUT ARAN, ARTIES ",LLEIDA,1161,150,150,150,147,81,28,89,56,14,5,28,3,62,17,-6.4,-12.1,2019-02-04,25.1,2019-03-16
9990X,2019-20,"NAUT ARAN, ARTIES ",LLEIDA,1161,152,152,152,142,70,13,91,41,16,6,48,4,93,10,-3.7,-7.0,2019-11-19,23.3,2020-02-16
9990X,2020-21,"NAUT ARAN, ARTIES ",LLEIDA,1161,151,151,151,136,72,32,90,54,13,7,45,4,89,27,-10.2,-12.7,2021-01-08,22.8,2021-03-31
9990X,2021-22,"NAUT ARAN, ARTIES ",LLEIDA,1161,151,151,151,149,104,41,90,76,3,1,34,1,109,38,-6.2,-8.0,2022-01-06,20.4,2022-02-18
9990X,2022-23,"NAUT ARAN, ARTIES ",LLEIDA,1161,151,151,151,134,79,51,90,63,19,8,39,3,49,43,-8.9,-13.4,2023-01-24,23.6,2023-03-16
9990X,2023-24,"NAUT ARAN, ARTIES ",LLEIDA,1161,134,134,134,124,69,16,91,51,10,5,45,5,74,11,-5.3,-9.9,2024-01-09,21.8,2024-03-17
9990X,2024-25,"NAUT ARAN, ARTIES ",LLEIDA,1161,148,148,148,136,71,26,88,54,4,2,49,1,100,10,-5.4,-8.7,2025-01-13,20.6,2025-03-31
9990X,2025-26,"NAUT ARAN, ARTIES ",LLEIDA,1161,129,129,129,128,78,24,88,54,5,3,50,3,99,16,-6.1,-12.1,2026-01-07,22.0,2026-03-17
9994X,2017-18,BOSSÒST,LLEIDA,722,148,148,148,140,87,23,89,56,10,5,70,3,54,9,-5.4,-9.8,2017-12-03,24.6,2017-11-03
9994X,2018-19,BOSSÒST,LLEIDA,722,151,151,151,140,65,16,90,50,32,16,34,7,57,20,-5.1,-7.5,2019-01-03,26.1,2019-03-03
9994X,2019-20,BOSSÒST,LLEIDA,722,152,152,151,131,57,6,90,42,23,13,0,4,42,9,-2.8,-4.0,2019-11-20,25.7,2020-02-16
9994X,2020-21,BOSSÒST,LLEIDA,722,151,151,148,131,55,15,89,41,35,15,42,7,48,23,-6.8,-10.5,2021-01-06,25.6,2021-03-30
9994X,2021-22,BOSSÒST,LLEIDA,722,151,151,150,139,63,21,90,48,10,2,53,2,64,25,-4.3,-5.3,2022-01-16,22.9,2022-03-15
9994X,2022-23,BOSSÒST,LLEIDA,722,151,151,149,125,66,29,90,57,34,25,40,3,43,32,-5.7,-9.6,2023-01-24,26.9,2023-03-29
9994X,2023-24,BOSSÒST,LLEIDA,722,152,152,149,126,44,7,88,35,34,17,49,10,37,7,-2.8,-5.9,2024-01-10,25.4,2024-01-28
9994X,2024-25,BOSSÒST,LLEIDA,722,149,150,146,118,49,13,88,40,26,9,48,5,28,10,-3.9,-6.2,2025-01-14,22.3,2025-03-20
9995Y,2017-18,VALCARLOS/LUZAIDE,NAVARRA,334,150,150,135,90,20,3,83,17,13,7,93,4,39,7,-1.3,-7.3,2018-02-27,21.6,2017-11-02
9995Y,2018-19,VALCARLOS/LUZAIDE,NAVARRA,334,151,151,137,73,10,1,83,10,41,19,51,8,48,4,-1.6,-3.1,2019-01-04,26.5,2019-03-16
9995Y,2019-20,VALCARLOS/LUZAIDE,NAVARRA,334,151,151,133,67,3,0,77,3,26,13,72,4,24,2,0.6,-1.4,2020-01-20,25.1,2020-02-03
9995Y,2020-21,VALCARLOS/LUZAIDE,NAVARRA,334,151,151,124,59,11,2,74,10,36,19,61,5,41,7,-1.2,-4.9,2021-01-08,26.6,2021-03-31
9995Y,2021-22,VALCARLOS/LUZAIDE,NAVARRA,334,150,150,134,79,14,1,81,14,23,9,59,7,29,3,-0.7,-3.1,2022-01-22,25.4,2022-03-15
9995Y,2022-23,VALCARLOS/LUZAIDE,NAVARRA,334,149,149,122,67,22,2,74,19,43,25,48,6,24,5,-1.6,-3.5,2023-01-21,27.1,2023-03-29
9995Y,2023-24,VALCARLOS/LUZAIDE,NAVARRA,334,152,152,126,54,6,1,80,6,34,19,75,10,26,3,0.4,-3.5,2024-01-20,24.8,2024-02-15
9995Y,2024-25,VALCARLOS/LUZAIDE,NAVARRA,334,150,150,121,58,9,0,78,7,33,18,56,8,18,4,-0.4,-3.0,2025-01-14,23.2,2024-11-05
9995Y,2025-26,VALCARLOS/LUZAIDE,NAVARRA,334,151,151,129,71,8,3,81,7,31,16,80,5,68,4,-0.1,-5.9,2026-01-05,26.8,2026-03-17
9998X,2017-18,BELLO,TERUEL,1006,151,151,151,139,92,61,90,65,4,0,29,3,144,18,-9.0,-11.7,2017-12-06,19.2,2018-03-28
9998X,2018-19,BELLO,TERUEL,1006,151,151,151,143,96,56,90,68,10,3,18,2,79,27,-7.2,-8.8,2019-01-04,23.2,2019-03-16
9998X,2019-20,BELLO,TERUEL,1006,148,148,147,123,58,27,90,45,9,5,28,3,68,15,-6.0,-8.8,2020-01-12,24.6,2020-03-12
9998X,2020-21,BELLO,TERUEL,1006,147,147,147,134,66,39,87,40,14,7,26,4,85,23,-11.3,-25.4,2021-01-12,22.3,2020-11-01
9998X,2021-22,BELLO,TERUEL,1006,150,150,150,144,88,53,89,62,5,1,25,2,60,32,-8.5,-9.2,2022-01-16,20.4,2022-02-18
9998X,2022-23,BELLO,TERUEL,1006,149,149,147,124,78,49,89,60,24,11,23,7,97,40,-8.4,-13.6,2023-02-28,24.9,2023-03-16
9998X,2023-24,BELLO,TERUEL,1006,151,151,151,125,65,23,91,51,20,10,27,5,65,11,-5.8,-8.1,2023-12-27,24.3,2024-03-22
9998X,2024-25,BELLO,TERUEL,1006,150,151,150,130,63,30,90,52,11,1,22,3,77,12,-6.9,-9.1,2025-01-14,24.1,2025-03-31
9998X,2025-26,BELLO,TERUEL,1006,151,151,151,138,78,30,90,43,15,11,32,7,99,11,-4.8,-12.6,2026-01-05,23.5,2025-11-12
B013X,2017-18,"ESCORCA, LLUC",ILLES BALEARS,490,150,150,145,111,23,0,86,23,13,4,54,4,55,5,-1.7,-3.0,2018-02-11,21.3,2018-03-10
B013X,2018-19,"ESCORCA, LLUC",ILLES BALEARS,490,151,151,146,116,32,3,90,30,23,11,26,6,65,5,-2.2,-4.4,2019-01-25,24.2,2019-03-17
B013X,2019-20,"ESCORCA, LLUC",ILLES BALEARS,490,146,146,135,86,11,0,84,10,26,11,32,4,23,3,-0.4,-2.4,2020-01-13,24.7,2020-03-12
B013X,2020-21,"ESCORCA, LLUC",ILLES BALEARS,490,151,151,138,78,11,0,89,8,38,18,34,14,36,4,-0.2,-1.2,2021-01-19,23.2,2021-02-03
B013X,2021-22,"ESCORCA, LLUC",ILLES BALEARS,490,149,149,136,80,21,4,88,19,17,6,44,5,29,8,-2.2,-4.0,2022-01-18,22.5,2022-02-03
B013X,2022-23,"ESCORCA, LLUC",ILLES BALEARS,490,146,146,126,78,20,1,81,17,67,34,31,12,36,6,-1.6,-3.2,2023-03-05,25.8,2023-03-13
B013X,2023-24,"ESCORCA, LLUC",ILLES BALEARS,490,152,152,138,77,13,0,87,13,50,29,24,10,20,4,-0.6,-2.1,2024-01-22,25.2,2023-11-14
B013X,2024-25,"ESCORCA, LLUC",ILLES BALEARS,490,150,150,126,79,9,0,87,9,27,13,45,9,31,5,-0.3,-1.9,2024-12-30,22.2,2025-01-27
B013X,2025-26,"ESCORCA, LLUC",ILLES BALEARS,490,149,149,134,67,6,0,82,4,30,12,55,7,45,2,0.4,-2.4,2026-01-07,24.6,2025-11-13
B051A,2020-21,"SÓLLER, PUERTO",BALEARES,5,151,151,66,2,0,0,47,0,59,31,21,19,29,0,6.1,4.5,2021-01-06,24.8,2020-11-06
B051A,2021-22,"SÓLLER, PUERTO",BALEARES,5,151,151,84,6,0,0,73,0,23,7,25,4,28,0,5.1,4.2,2022-01-18,24.8,2021-11-01
B051A,2022-23,"SÓLLER, PUERTO",BALEARES,5,151,151,68,6,0,0,53,0,69,43,28,18,50,0,5.1,3.5,2023-02-27,25.1,2023-03-13
B051A,2023-24,"SÓLLER, PUERTO",BALEARES,5,152,152,62,0,0,0,51,0,68,33,23,20,17,0,7.1,5.9,2024-01-21,25.8,2023-11-02
B051A,2024-25,"SÓLLER, PUERTO",BALEARES,5,151,151,65,0,0,0,56,0,60,31,30,21,33,0,6.9,5.3,2025-02-07,25.7,2024-11-04
B051A,2025-26,"SÓLLER, PUERTO",BALEARES,5,151,151,61,0,0,0,38,0,39,18,35,17,26,0,7.2,5.5,2026-01-01,26.9,2025-11-13
B087X,2017-18,BANYALBUFAR,ILLES BALEARS,60,149,149,69,10,0,0,52,0,38,12,37,10,36,0,4.8,3.7,2018-02-13,24.7,2018-03-10
B087X,2018-19,BANYALBUFAR,ILLES BALEARS,60,151,151,70,0,0,0,61,0,38,12,18,8,52,0,6.2,5.2,2019-01-12,23.5,2019-03-17
B087X,2019-20,BANYALBUFAR,ILLES BALEARS,60,151,151,56,0,0,0,42,0,49,20,30,5,35,0,8.0,6.9,2020-01-13,24.1,2019-11-01
B087X,2020-21,BANYALBUFAR,ILLES BALEARS,60,151,151,55,4,0,0,40,0,54,26,24,19,29,0,6.8,3.9,2021-01-02,24.2,2021-02-06
B087X,2021-22,BANYALBUFAR,ILLES BALEARS,60,151,151,68,0,0,0,55,0,22,8,31,4,33,0,6.7,6.2,2022-01-26,24.7,2021-11-01
B087X,2022-23,BANYALBUFAR,ILLES BALEARS,60,151,151,49,4,0,0,44,0,70,45,26,18,40,0,5.8,3.9,2023-01-21,26.0,2023-03-13
B087X,2023-24,BANYALBUFAR,ILLES BALEARS,60,146,146,41,0,0,0,33,0,65,31,22,20,19,0,8.5,7.1,2024-01-12,24.8,2023-11-02
B087X,2024-25,BANYALBUFAR,ILLES BALEARS,60,151,151,44,0,0,0,40,0,55,27,34,17,23,0,8.1,6.5,2025-02-07,24.5,2024-11-25
B087X,2025-26,BANYALBUFAR,ILLES BALEARS,60,151,151,42,0,0,0,28,0,39,19,38,9,28,0,7.9,7.0,2026-01-01,26.4,2025-11-13
B103B,2018-19,ANDRATX - SANT ELM,BALEARES,52,151,151,124,29,0,0,84,0,43,15,18,8,47,0,2.7,1.1,2019-01-12,22.1,2018-11-15
B103B,2019-20,ANDRATX - SANT ELM,BALEARES,52,146,146,106,16,0,0,72,0,50,11,22,9,33,0,4.1,2.0,2020-01-13,24.4,2020-02-03
B103B,2020-21,ANDRATX - SANT ELM,BALEARES,52,148,148,116,24,0,0,75,0,44,25,22,15,39,0,3.6,0.1,2021-01-06,24.4,2020-11-06
B103B,2021-22,ANDRATX - SANT ELM,BALEARES,52,147,147,108,31,0,0,77,0,23,6,30,4,28,0,3.0,1.3,2022-01-28,23.1,2021-11-01
B103B,2022-23,ANDRATX - SANT ELM,BALEARES,52,147,147,97,31,0,0,73,0,68,37,23,18,41,0,2.7,1.1,2023-01-24,26.0,2022-11-02
B103B,2023-24,ANDRATX - SANT ELM,BALEARES,52,135,135,98,11,0,0,71,0,44,22,20,11,21,0,4.7,2.9,2024-01-21,23.7,2024-03-20
B103B,2024-25,ANDRATX - SANT ELM,BALEARES,52,151,151,88,14,0,0,65,0,60,23,25,21,20,0,4.3,2.6,2025-02-07,25.0,2024-11-04
B103B,2025-26,ANDRATX - SANT ELM,BALEARES,52,139,145,84,6,0,0,50,0,50,21,34,9,26,0,5.1,3.4,2025-11-28,25.9,2025-11-13
B158X,2017-18,"CALVIÀ, ES CAPDELLÀ",BALEARES,50,149,149,121,42,1,0,76,1,37,21,41,10,23,1,1.6,-0.3,2018-02-11,24.6,2017-11-03
B158X,2018-19,"CALVIÀ, ES CAPDELLÀ",BALEARES,50,151,151,134,64,2,0,88,2,82,34,24,11,18,2,1.1,-0.9,2019-02-16,25.2,2018-12-04
B158X,2019-20,"CALVIÀ, ES CAPDELLÀ",BALEARES,50,149,149,118,26,0,0,77,0,84,33,26,14,15,0,3.2,2.0,2020-01-13,25.3,2020-02-03
B158X,2020-21,"CALVIÀ, ES CAPDELLÀ",BALEARES,50,151,151,112,38,1,0,76,1,78,48,22,20,33,1,2.8,-0.5,2021-01-06,25.9,2020-11-06
B158X,2021-22,"CALVIÀ, ES CAPDELLÀ",BALEARES,50,126,126,86,32,0,0,52,0,39,16,34,5,21,0,2.8,1.7,2022-01-07,24.7,2021-11-01
B158X,2022-23,"CALVIÀ, ES CAPDELLÀ",BALEARES,50,148,148,114,41,0,0,81,0,85,47,29,22,17,0,1.4,0.2,2023-02-11,27.2,2022-11-02
B158X,2023-24,"CALVIÀ, ES CAPDELLÀ",BALEARES,50,152,152,104,23,0,0,74,0,73,37,23,25,14,0,3.8,2.6,2023-12-19,25.6,2024-03-21
B158X,2024-25,"CALVIÀ, ES CAPDELLÀ",BALEARES,50,151,151,107,31,0,0,77,0,66,31,27,21,16,0,2.7,0.9,2024-12-26,24.9,2024-11-04
B158X,2025-26,"CALVIÀ, ES CAPDELLÀ",BALEARES,50,151,151,103,24,0,0,64,0,53,24,38,10,22,0,3.2,1.1,2026-01-07,24.7,2025-11-13
B228,2017-18,"PALMA, PUERTO",BALEARES,3,151,151,90,10,0,0,65,0,56,23,39,11,17,0,4.7,2.7,2018-02-11,24.3,2017-11-04
B228,2018-19,"PALMA, PUERTO",BALEARES,3,150,151,96,3,0,0,70,0,76,29,23,17,19,0,6.0,4.3,2019-01-12,24.5,2018-11-13
B228,2019-20,"PALMA, PUERTO",BALEARES,3,151,152,58,0,0,0,41,0,73,32,30,12,12,0,7.4,5.2,2020-01-13,25.6,2019-11-02
B228,2020-21,"PALMA, PUERTO",BALEARES,3,151,151,61,5,0,0,44,0,77,44,27,20,23,0,5.7,3.1,2021-01-06,25.1,2020-11-06
B228,2021-22,"PALMA, PUERTO",BALEARES,3,151,151,70,3,0,0,58,0,45,13,32,6,31,0,5.3,4.5,2022-01-17,25.1,2021-11-01
B228,2022-23,"PALMA, PUERTO",BALEARES,3,151,151,54,4,0,0,46,0,96,59,27,22,17,0,5.3,3.5,2023-02-27,27.6,2022-11-02
B228,2023-24,"PALMA, PUERTO",BALEARES,3,151,152,36,0,0,0,30,0,107,51,21,24,9,0,8.2,6.3,2024-01-21,26.0,2023-11-12
B228,2024-25,"PALMA, PUERTO",BALEARES,3,151,151,43,0,0,0,40,0,85,44,31,21,13,0,7.2,5.5,2025-01-15,26.4,2024-11-04
B228,2025-26,"PALMA, PUERTO",BALEARES,3,151,151,47,0,0,0,31,0,78,30,40,16,11,0,7.3,5.2,2026-01-07,26.4,2025-11-13
B236C,2017-18,"PALMA, UNIVERSITAT",ILLES BALEARS,95,150,150,141,86,9,0,86,9,53,26,47,11,16,3,-0.2,-2.5,2018-02-11,24.5,2018-03-28
B236C,2018-19,"PALMA, UNIVERSITAT",ILLES BALEARS,95,144,144,138,90,7,0,89,7,68,25,26,8,24,4,0.0,-2.5,2019-02-13,24.0,2018-11-13
B236C,2019-20,"PALMA, UNIVERSITAT",ILLES BALEARS,95,141,141,124,49,1,0,73,1,72,36,32,8,17,1,1.6,-0.4,2020-01-13,26.7,2020-02-03
B236C,2020-21,"PALMA, UNIVERSITAT",ILLES BALEARS,95,151,151,136,66,4,0,86,4,77,39,27,19,25,2,1.0,-2.2,2021-01-06,24.0,2021-01-29
B236C,2021-22,"PALMA, UNIVERSITAT",ILLES BALEARS,95,151,151,123,75,15,0,85,15,42,13,35,6,23,5,-0.6,-1.7,2022-01-18,24.3,2021-11-01
B236C,2022-23,"PALMA, UNIVERSITAT",ILLES BALEARS,95,151,151,126,70,12,0,85,11,84,56,32,25,17,4,-0.5,-2.0,2023-02-11,27.1,2022-11-01
B236C,2023-24,"PALMA, UNIVERSITAT",ILLES BALEARS,95,152,152,132,63,0,0,82,0,78,45,26,20,13,0,1.3,0.1,2023-12-19,25.7,2023-12-12
B236C,2024-25,"PALMA, UNIVERSITAT",ILLES BALEARS,95,150,150,124,68,2,0,86,2,66,37,31,20,16,1,1.1,-0.3,2024-12-26,25.3,2024-11-05
B236C,2025-26,"PALMA, UNIVERSITAT",ILLES BALEARS,95,151,150,131,48,0,0,80,0,57,24,47,8,21,0,1.5,0.1,2026-01-01,25.6,2025-11-13
B248,2017-18,"SIERRA DE ALFABIA, BUNYOLA",ILLES BALEARS,1030,151,151,150,112,26,4,90,21,1,0,54,1,147,8,-2.2,-3.9,2018-02-27,18.7,2017-11-04
B248,2018-19,"SIERRA DE ALFABIA, BUNYOLA",ILLES BALEARS,1030,151,151,147,94,11,0,88,10,2,0,30,2,135,3,-0.5,-1.9,2019-01-11,19.6,2019-03-17
B248,2019-20,"SIERRA DE ALFABIA, BUNYOLA",ILLES BALEARS,1030,152,152,141,64,0,0,85,0,3,2,33,1,92,0,2.5,0.6,2020-03-26,20.1,2020-02-03
B248,2020-21,"SIERRA DE ALFABIA, BUNYOLA",ILLES BALEARS,1030,150,150,136,75,12,0,84,11,3,1,33,3,93,8,-0.6,-1.9,2021-01-03,20.1,2020-11-02
B248,2021-22,"SIERRA DE ALFABIA, BUNYOLA",ILLES BALEARS,1030,149,149,142,84,0,0,82,0,3,1,47,2,56,0,1.2,0.5,2022-01-22,21.6,2022-01-02
B248,2022-23,"SIERRA DE ALFABIA, BUNYOLA",ILLES BALEARS,1030,144,144,115,54,11,0,76,11,9,3,37,3,62,4,-0.3,-2.4,2023-01-21,21.6,2023-03-30
B248,2023-24,"SIERRA DE ALFABIA, BUNYOLA",ILLES BALEARS,1030,144,144,116,46,0,0,72,0,13,5,29,3,42,0,2.0,1.1,2024-03-03,21.3,2024-03-22
B248,2024-25,"SIERRA DE ALFABIA, BUNYOLA",ILLES BALEARS,1030,137,137,130,49,0,0,87,0,1,0,42,1,96,0,2.4,0.9,2025-01-12,18.0,2025-02-19
B248,2025-26,"SIERRA DE ALFABIA, BUNYOLA",ILLES BALEARS,1030,136,136,118,47,1,0,67,1,4,1,53,2,84,1,1.5,-0.1,2026-01-05,20.1,2025-11-13
B275E,2021-22,"SON BONET, AEROPUERTO",BALEARES,47,146,146,102,28,0,0,76,0,31,10,28,5,17,0,2.4,0.9,2022-01-18,24.5,2021-11-01
B275E,2022-23,"SON BONET, AEROPUERTO",BALEARES,47,149,149,98,29,0,0,71,0,84,45,31,18,17,0,2.7,1.6,2023-02-11,27.7,2023-03-31
B275E,2023-24,"SON BONET, AEROPUERTO",BALEARES,47,152,152,88,10,0,0,70,0,75,43,23,21,10,0,4.9,3.3,2024-01-13,25.0,2023-11-12
B275E,2024-25,"SON BONET, AEROPUERTO",BALEARES,47,149,149,92,14,0,0,74,0,62,32,28,11,17,0,4.5,2.0,2025-01-15,25.0,2024-11-03
B275E,2025-26,"SON BONET, AEROPUERTO",BALEARES,47,149,149,95,13,0,0,61,0,47,22,39,8,26,0,4.5,2.8,2026-01-06,26.2,2025-11-13
B278,2017-18,"PALMA DE MALLORCA, AEROPUERTO",BALEARES,5,151,151,132,63,9,0,82,9,45,22,39,10,30,3,-0.1,-2.3,2018-02-11,23.8,2017-11-01
B278,2018-19,"PALMA DE MALLORCA, AEROPUERTO",BALEARES,5,151,151,139,72,8,0,89,8,65,23,19,11,24,3,0.0,-1.8,2019-01-12,24.1,2019-03-15
B278,2019-20,"PALMA DE MALLORCA, AEROPUERTO",BALEARES,5,152,152,121,44,2,0,76,2,62,18,30,13,31,2,2.2,-0.9,2020-01-13,24.4,2019-11-02
B278,2020-21,"PALMA DE MALLORCA, AEROPUERTO",BALEARES,5,151,151,124,51,6,0,79,6,66,33,28,20,39,3,0.9,-2.4,2021-01-06,24.5,2020-11-06
B278,2021-22,"PALMA DE MALLORCA, AEROPUERTO",BALEARES,5,151,151,107,62,11,0,76,11,35,11,32,5,28,5,-0.2,-2.2,2022-01-18,24.8,2021-11-01
B278,2022-23,"PALMA DE MALLORCA, AEROPUERTO",BALEARES,5,151,151,117,51,7,0,82,7,86,43,25,22,17,5,0.1,-1.4,2023-02-04,26.9,2022-11-02
B278,2023-24,"PALMA DE MALLORCA, AEROPUERTO",BALEARES,5,152,152,118,40,0,0,81,0,80,42,19,21,10,0,1.7,0.5,2023-12-19,25.3,2023-11-12
B278,2024-25,"PALMA DE MALLORCA, AEROPUERTO",BALEARES,5,151,151,106,56,2,0,80,2,64,33,32,21,17,1,1.3,-1.6,2025-01-15,25.4,2024-11-05
B278,2025-26,"PALMA DE MALLORCA, AEROPUERTO",BALEARES,5,151,151,114,38,1,0,69,0,53,21,40,8,24,1,1.9,-0.1,2025-11-28,26.3,2025-11-13
B301,2017-18,"LLUCMAJOR, CAP BLANC",BALEARES,113,151,151,91,15,0,0,65,0,38,20,36,11,18,0,3.2,1.6,2017-12-02,23.9,2017-11-03
B301,2018-19,"LLUCMAJOR, CAP BLANC",BALEARES,113,149,149,87,5,0,0,63,0,53,17,17,6,25,0,5.3,3.4,2019-01-11,22.9,2019-03-25
B301,2019-20,"LLUCMAJOR, CAP BLANC",BALEARES,113,144,144,59,0,0,0,38,0,51,13,19,7,21,0,7.1,5.1,2020-03-27,24.0,2019-11-01
B301,2020-21,"LLUCMAJOR, CAP BLANC",BALEARES,113,151,151,77,10,0,0,51,0,71,30,25,20,33,0,4.7,2.1,2021-01-03,23.4,2020-11-06
B301,2021-22,"LLUCMAJOR, CAP BLANC",BALEARES,113,151,151,85,4,0,0,65,0,25,6,31,4,31,0,5.4,4.1,2021-12-03,23.4,2021-11-01
B301,2022-23,"LLUCMAJOR, CAP BLANC",BALEARES,113,151,151,70,14,0,0,51,0,86,33,21,25,33,0,4.3,2.8,2023-01-23,25.8,2022-11-01
B301,2023-24,"LLUCMAJOR, CAP BLANC",BALEARES,113,152,152,50,0,0,0,40,0,78,31,22,21,12,0,7.3,6.3,2023-12-27,25.7,2024-03-22
B301,2024-25,"LLUCMAJOR, CAP BLANC",BALEARES,113,151,151,62,0,0,0,51,0,66,31,23,21,15,0,6.5,5.6,2025-01-15,24.8,2024-11-05
B301,2025-26,"LLUCMAJOR, CAP BLANC",BALEARES,113,150,151,63,0,0,0,34,0,46,18,41,11,26,0,6.5,5.0,2026-01-05,24.2,2025-11-02
B334X,2017-18,LLUCMAJOR,ILLES BALEARS,140,150,150,124,38,0,0,81,0,31,16,27,10,34,0,2.0,0.1,2018-02-11,24.3,2017-11-03
B334X,2018-19,LLUCMAJOR,ILLES BALEARS,140,151,151,132,29,0,0,88,0,52,26,21,8,31,0,2.9,0.8,2019-01-25,24.2,2019-03-15
B334X,2019-20,LLUCMAJOR,ILLES BALEARS,140,152,152,106,12,0,0,68,0,53,19,25,7,33,0,4.5,3.8,2020-02-20,24.8,2020-02-03
B334X,2020-21,LLUCMAJOR,ILLES BALEARS,140,151,151,112,26,1,0,80,1,64,30,25,19,39,1,2.6,-0.2,2021-01-06,23.8,2020-11-03
B334X,2021-22,LLUCMAJOR,ILLES BALEARS,140,151,151,109,32,0,0,79,0,26,4,29,5,23,0,2.8,0.9,2022-01-17,22.7,2021-11-01
B334X,2022-23,LLUCMAJOR,ILLES BALEARS,140,151,151,105,31,0,0,75,0,80,46,26,15,17,0,2.3,0.4,2023-02-27,27.2,2022-11-01
B334X,2023-24,LLUCMAJOR,ILLES BALEARS,140,152,152,106,14,0,0,75,0,81,41,20,21,11,0,4.4,1.9,2024-01-09,26.2,2024-03-22
B334X,2024-25,LLUCMAJOR,ILLES BALEARS,140,151,151,101,18,0,0,78,0,64,24,31,11,15,0,4.0,2.2,2025-01-15,25.2,2024-11-05
B334X,2025-26,LLUCMAJOR,ILLES BALEARS,140,148,148,104,18,0,0,68,0,59,20,41,8,26,0,4.3,0.6,2026-01-07,25.0,2025-11-13
B341X,2022-23,PORRERES,ILLES BALEARS,149,150,150,98,25,0,0,68,0,76,40,25,13,17,0,3.1,0.5,2023-02-27,28.1,2023-03-31
B341X,2023-24,PORRERES,ILLES BALEARS,149,152,152,92,4,0,0,73,0,79,38,21,18,11,0,5.4,4.0,2024-01-09,25.5,2024-03-18
B341X,2024-25,PORRERES,ILLES BALEARS,149,151,151,88,7,0,0,71,0,59,21,33,11,17,0,5.1,4.2,2024-12-09,24.6,2024-11-05
B341X,2025-26,PORRERES,ILLES BALEARS,149,151,151,100,6,0,0,62,0,53,25,44,8,26,0,5.0,2.2,2026-01-07,25.9,2025-11-02
B346X,2018-19,PORRERES,ILLES BALEARS,120,150,150,126,45,0,0,83,0,62,29,21,8,22,0,2.4,0.8,2019-01-25,24.6,2019-03-17
B346X,2019-20,PORRERES,ILLES BALEARS,120,146,146,109,33,0,0,68,0,67,27,24,11,17,0,3.6,1.1,2020-01-13,24.6,2020-03-12
B346X,2020-21,PORRERES,ILLES BALEARS,120,122,122,100,29,2,0,74,2,54,19,26,9,29,1,1.4,-1.1,2021-01-06,24.9,2021-01-29
B346X,2021-22,PORRERES,ILLES BALEARS,120,142,142,103,37,0,0,80,0,46,12,26,7,22,0,1.8,0.3,2022-01-18,24.0,2021-11-01
B362X,2017-18,"CAMPOS, CAN SION",ILLES BALEARS,40,151,151,140,84,16,1,86,16,48,28,41,11,18,4,-1.4,-3.2,2018-02-11,24.8,2017-11-03
B362X,2018-19,"CAMPOS, CAN SION",ILLES BALEARS,40,151,151,140,99,21,0,87,18,78,28,19,9,12,3,-0.7,-3.0,2019-01-25,23.3,2019-03-23
B362X,2019-20,"CAMPOS, CAN SION",ILLES BALEARS,40,152,152,133,71,2,0,80,2,80,24,26,20,17,1,0.9,-1.2,2020-01-13,24.8,2019-11-02
B362X,2020-21,"CAMPOS, CAN SION",ILLES BALEARS,40,151,151,134,72,13,1,85,13,78,39,25,20,31,5,-1.4,-3.7,2021-01-06,24.0,2020-11-09
B362X,2021-22,"CAMPOS, CAN SION",ILLES BALEARS,40,148,148,118,90,23,1,83,22,25,6,29,5,36,9,-2.1,-3.8,2022-01-17,23.3,2021-11-01
B362X,2022-23,"CAMPOS, CAN SION",ILLES BALEARS,40,151,151,130,75,22,2,84,20,92,51,24,25,17,6,-1.8,-3.2,2023-02-02,26.6,2022-11-01
B362X,2023-24,"CAMPOS, CAN SION",ILLES BALEARS,40,152,152,138,75,10,0,86,10,88,42,19,21,10,2,-0.5,-1.6,2024-01-09,27.1,2024-03-22
B362X,2024-25,"CAMPOS, CAN SION",ILLES BALEARS,40,151,151,119,69,5,0,85,5,74,41,28,33,13,2,0.2,-1.0,2025-01-15,25.4,2024-11-05
B362X,2025-26,"CAMPOS, CAN SION",ILLES BALEARS,40,151,150,130,67,5,0,81,2,65,26,41,14,13,2,0.2,-2.3,2026-01-07,25.8,2025-11-02
B373X,2017-18,"CAMPOS, SALINES LLEVANT",ILLES BALEARS,3,151,151,128,76,16,0,78,16,36,18,35,11,36,4,-1.0,-2.8,2018-02-11,24.2,2017-11-03
B373X,2018-19,"CAMPOS, SALINES LLEVANT",ILLES BALEARS,3,150,150,131,82,13,0,85,13,48,15,14,9,39,4,-0.5,-2.9,2019-01-25,22.4,2018-11-13
B373X,2019-20,"CAMPOS, SALINES LLEVANT",ILLES BALEARS,3,151,151,119,57,1,0,75,1,57,10,26,13,35,1,1.3,-1.3,2020-01-13,23.8,2019-11-02
B373X,2020-21,"CAMPOS, SALINES LLEVANT",ILLES BALEARS,3,151,151,122,59,10,2,75,10,70,31,23,20,33,4,-0.9,-3.9,2021-01-06,23.4,2020-11-03
B373X,2021-22,"CAMPOS, SALINES LLEVANT",ILLES BALEARS,3,151,151,106,73,17,2,78,17,26,6,26,5,31,7,-1.6,-3.7,2022-01-17,23.7,2021-11-01
B373X,2022-23,"CAMPOS, SALINES LLEVANT",ILLES BALEARS,3,151,151,120,64,19,0,81,17,70,34,22,18,33,5,-1.4,-3.0,2023-02-11,24.9,2022-11-02
B373X,2023-24,"CAMPOS, SALINES LLEVANT",ILLES BALEARS,3,152,152,115,50,4,0,81,4,66,28,19,21,15,2,0.3,-0.6,2024-01-09,26.0,2024-03-22
B373X,2024-25,"CAMPOS, SALINES LLEVANT",ILLES BALEARS,3,151,151,109,62,2,0,81,2,58,31,26,21,20,1,0.8,-1.0,2025-01-15,24.2,2024-11-05
B373X,2025-26,"CAMPOS, SALINES LLEVANT",ILLES BALEARS,3,151,151,114,42,2,0,70,2,48,17,38,11,26,2,0.9,-1.8,2026-01-07,24.9,2025-11-02
B398A,2020-21,"CABRERA, PARQUE NACIONAL DE CABRERA",BALEARES,165,148,148,35,1,0,0,30,0,33,15,17,14,22,0,6.2,4.9,2021-01-03,22.8,2020-11-09
B398A,2023-24,"CABRERA, PARQUE NACIONAL DE CABRERA",BALEARES,165,152,152,18,0,0,0,15,0,37,15,19,14,45,0,8.5,7.1,2024-01-05,22.4,2024-03-18
B398A,2025-26,"CABRERA, PARQUE NACIONAL DE CABRERA",BALEARES,165,150,151,31,0,0,0,18,0,33,15,37,19,59,0,7.9,5.2,2026-01-05,23.5,2025-11-02
B410B,2017-18,SANTANYÍ,BALEARES,45,151,151,114,23,0,0,77,0,36,19,42,11,22,0,2.9,0.8,2017-12-02,23.8,2017-11-04
B410B,2018-19,SANTANYÍ,BALEARES,45,151,151,116,19,0,0,81,0,50,15,20,8,26,0,3.5,1.2,2019-01-11,22.1,2019-02-23
B410B,2019-20,SANTANYÍ,BALEARES,45,146,146,91,4,0,0,60,0,51,9,24,7,17,0,6.0,3.8,2020-01-13,24.2,2020-02-04
B410B,2020-21,SANTANYÍ,BALEARES,45,144,144,89,14,0,0,64,0,54,16,23,11,31,0,3.1,1.7,2021-01-13,22.6,2020-11-01
B410B,2021-22,SANTANYÍ,BALEARES,45,148,148,100,17,0,0,76,0,23,7,30,5,28,0,3.8,2.3,2022-01-17,23.5,2021-11-01
B410B,2022-23,SANTANYÍ,BALEARES,45,150,150,89,26,0,0,63,0,69,33,21,18,40,0,3.3,0.1,2023-02-27,25.1,2022-11-01
B410B,2023-24,SANTANYÍ,BALEARES,45,152,152,81,6,0,0,65,0,79,36,21,20,9,0,5.4,3.9,2024-01-09,25.3,2023-11-12
B410B,2024-25,SANTANYÍ,BALEARES,45,146,146,81,4,0,0,68,0,68,32,22,33,16,0,5.6,3.7,2025-01-15,23.8,2024-11-03
B410B,2025-26,SANTANYÍ,BALEARES,45,150,150,91,7,0,0,57,0,55,18,39,8,24,0,5.0,1.0,2026-01-07,25.1,2025-11-02
B434X,2017-18,PORTOCOLOM  ,ILLES BALEARS,17,151,151,91,12,0,0,64,0,43,21,36,11,22,0,4.2,2.9,2018-02-24,24.4,2017-11-04
B434X,2018-19,PORTOCOLOM  ,ILLES BALEARS,17,144,144,89,4,0,0,66,0,52,18,16,15,20,0,5.7,4.0,2019-02-05,21.8,2019-03-04
B434X,2019-20,PORTOCOLOM  ,ILLES BALEARS,17,152,152,63,0,0,0,45,0,61,21,28,9,31,0,7.3,5.9,2020-01-13,25.0,2019-11-02
B434X,2021-22,PORTOCOLOM  ,ILLES BALEARS,17,151,151,81,3,0,0,65,0,29,8,31,7,30,0,5.3,4.1,2022-01-17,24.2,2021-11-01
B434X,2022-23,PORTOCOLOM  ,ILLES BALEARS,17,151,151,78,9,0,0,59,0,72,38,27,18,30,0,4.8,1.2,2023-02-27,29.4,2023-03-31
B434X,2023-24,PORTOCOLOM  ,ILLES BALEARS,17,152,152,57,0,0,0,48,0,75,38,23,20,10,0,7.4,5.6,2024-01-08,26.0,2023-11-12
B434X,2024-25,PORTOCOLOM  ,ILLES BALEARS,17,135,135,60,0,0,0,53,0,57,32,24,21,16,0,7.1,5.3,2025-02-09,23.7,2024-11-03
B434X,2025-26,PORTOCOLOM  ,ILLES BALEARS,17,151,151,66,1,0,0,42,0,40,20,45,11,52,0,6.6,2.6,2026-01-07,25.8,2025-11-02
B496X,2017-18,SON SERVERA,ILLES BALEARS,25,148,148,122,30,0,0,83,0,61,28,44,11,21,0,2.9,1.7,2018-02-24,25.9,2017-11-04
B496X,2018-19,SON SERVERA,ILLES BALEARS,25,150,150,127,24,0,0,86,0,70,35,20,14,11,0,3.7,2.3,2019-02-13,24.6,2019-03-17
B496X,2019-20,SON SERVERA,ILLES BALEARS,25,151,151,103,11,0,0,67,0,94,48,15,14,8,0,4.8,2.3,2020-01-13,26.1,2019-11-02
B496X,2020-21,SON SERVERA,ILLES BALEARS,25,151,151,109,25,1,0,77,1,72,41,28,20,23,1,2.4,-0.1,2021-01-05,26.8,2021-01-29
B496X,2021-22,SON SERVERA,ILLES BALEARS,25,151,151,109,38,0,0,81,0,44,20,29,6,32,0,2.8,1.1,2022-01-18,25.9,2021-11-01
B496X,2022-23,SON SERVERA,ILLES BALEARS,25,148,148,107,25,0,0,77,0,91,60,29,35,17,0,2.7,1.3,2023-01-20,30.0,2023-03-31
B496X,2023-24,SON SERVERA,ILLES BALEARS,25,152,152,106,13,0,0,75,0,80,48,22,20,12,0,4.0,3.1,2024-01-13,26.0,2023-11-12
B496X,2024-25,SON SERVERA,ILLES BALEARS,25,151,151,94,13,0,0,76,0,68,36,36,21,14,0,4.7,3.2,2025-02-09,24.0,2024-11-03
B496X,2025-26,SON SERVERA,ILLES BALEARS,25,151,150,108,16,0,0,67,0,58,27,37,9,20,0,4.2,0.6,2026-01-07,25.7,2025-11-02
B526X,2017-18,ARTÀ,ILLES BALEARS,110,150,150,129,49,1,0,85,1,36,21,52,7,34,1,1.9,-0.2,2018-02-24,24.3,2017-11-04
B526X,2018-19,ARTÀ,ILLES BALEARS,110,151,151,127,42,0,0,85,0,60,26,23,13,19,0,3.0,0.5,2019-02-13,26.5,2019-03-17
B526X,2019-20,ARTÀ,ILLES BALEARS,110,152,152,117,27,0,0,73,0,57,30,26,8,20,0,3.5,1.6,2020-01-13,25.3,2019-11-02
B526X,2020-21,ARTÀ,ILLES BALEARS,110,151,151,117,33,2,0,79,2,56,29,26,15,24,2,1.6,-1.4,2021-01-06,24.2,2020-11-01
B526X,2021-22,ARTÀ,ILLES BALEARS,110,151,151,112,47,1,0,83,1,33,12,38,6,23,1,1.1,-0.2,2022-01-17,23.0,2021-11-01
B526X,2022-23,ARTÀ,ILLES BALEARS,110,149,149,109,32,1,0,77,1,81,48,21,15,17,1,1.6,-0.1,2023-02-11,26.3,2023-03-31
B526X,2023-24,ARTÀ,ILLES BALEARS,110,152,151,110,30,0,0,74,0,94,63,21,21,10,0,3.2,1.4,2024-01-09,26.8,2023-11-14
B526X,2024-25,ARTÀ,ILLES BALEARS,110,151,151,107,30,0,0,80,0,80,40,38,11,11,0,3.2,2.3,2025-02-09,23.9,2024-11-02
B526X,2025-26,ARTÀ,ILLES BALEARS,110,150,150,118,23,1,0,73,1,68,35,48,8,20,1,3.3,-0.4,2026-01-07,25.4,2025-11-01
B569X,2017-18,CAPDEPERA,BALEARES,57,148,148,68,10,0,0,49,0,45,23,45,5,13,0,4.4,2.2,2018-02-27,24.9,2018-01-04
B569X,2019-20,CAPDEPERA,BALEARES,57,134,134,6,0,0,0,3,0,77,34,15,10,7,0,10.1,7.0,2020-03-26,25.8,2019-11-01
B569X,2020-21,CAPDEPERA,BALEARES,57,147,147,36,1,0,0,33,0,77,38,26,20,18,0,7.1,4.8,2021-01-03,25.9,2021-01-29
B569X,2021-22,CAPDEPERA,BALEARES,57,146,146,20,0,0,0,17,0,47,16,31,7,13,0,9.1,7.4,2021-12-03,24.5,2021-11-01
B569X,2022-23,CAPDEPERA,BALEARES,57,148,148,34,0,0,0,29,0,94,54,31,22,17,0,6.8,5.9,2023-01-21,28.4,2022-11-09
B569X,2023-24,CAPDEPERA,BALEARES,57,143,143,11,0,0,0,10,0,94,50,18,21,9,0,9.5,8.2,2024-01-20,26.9,2023-11-14
B569X,2024-25,CAPDEPERA,BALEARES,57,144,145,12,0,0,0,11,0,82,43,33,21,12,0,9.6,8.1,2025-01-14,24.8,2024-11-02
B569X,2025-26,CAPDEPERA,BALEARES,57,138,138,17,0,0,0,10,0,59,27,37,10,14,0,8.6,6.6,2025-11-21,25.8,2025-11-02
B603X,2017-18,ARTÀ-COLÒNIA DE SANT PERE,ILLES BALEARS,99,149,149,94,11,0,0,66,0,35,14,36,7,21,0,4.1,3.0,2017-12-02,24.5,2017-11-04
B603X,2018-19,ARTÀ-COLÒNIA DE SANT PERE,ILLES BALEARS,99,151,151,88,3,0,0,63,0,43,17,28,7,37,0,5.7,4.3,2019-02-16,26.1,2019-03-17
B603X,2019-20,ARTÀ-COLÒNIA DE SANT PERE,ILLES BALEARS,99,152,152,64,0,0,0,43,0,51,24,26,8,33,0,7.6,6.5,2020-03-27,25.9,2019-11-02
B603X,2020-21,ARTÀ-COLÒNIA DE SANT PERE,ILLES BALEARS,99,150,150,72,8,0,0,51,0,52,24,25,19,24,0,4.9,3.1,2021-01-06,24.2,2021-02-05
B603X,2021-22,ARTÀ-COLÒNIA DE SANT PERE,ILLES BALEARS,99,120,120,70,0,0,0,58,0,23,7,11,5,13,0,6.4,5.4,2022-01-17,22.6,2022-02-17
B603X,2022-23,ARTÀ-COLÒNIA DE SANT PERE,ILLES BALEARS,99,150,150,60,7,0,0,49,0,71,45,30,18,17,0,5.2,3.3,2023-01-21,26.4,2023-03-11
B603X,2023-24,ARTÀ-COLÒNIA DE SANT PERE,ILLES BALEARS,99,152,152,52,0,0,0,42,0,74,47,20,20,19,0,8.0,5.5,2024-01-08,26.2,2023-11-14
B603X,2024-25,ARTÀ-COLÒNIA DE SANT PERE,ILLES BALEARS,99,151,151,62,0,0,0,54,0,60,27,35,11,15,0,7.4,5.9,2025-02-08,23.6,2024-11-03
B603X,2025-26,ARTÀ-COLÒNIA DE SANT PERE,ILLES BALEARS,99,151,151,60,2,0,0,38,0,50,30,42,8,27,0,6.5,4.3,2025-11-21,25.1,2025-11-01
B605X,2017-18,"MURO, S'ALBUFERA",ILLES BALEARS,2,151,151,129,46,0,0,84,0,56,29,48,9,20,0,1.9,0.0,2018-02-24,25.6,2017-11-04
B605X,2018-19,"MURO, S'ALBUFERA",ILLES BALEARS,2,143,143,131,61,1,0,89,1,55,24,20,6,16,1,1.5,-0.1,2019-02-13,26.3,2019-03-17
B605X,2019-20,"MURO, S'ALBUFERA",ILLES BALEARS,2,151,151,117,36,0,0,77,0,66,35,26,13,19,0,3.0,0.0,2020-01-13,27.6,2020-03-12
B605X,2020-21,"MURO, S'ALBUFERA",ILLES BALEARS,2,151,151,124,42,1,0,83,1,69,33,28,20,24,1,1.4,-0.7,2021-01-06,25.1,2020-11-02
B605X,2021-22,"MURO, S'ALBUFERA",ILLES BALEARS,2,150,150,107,56,4,0,79,4,38,12,35,7,23,2,0.6,-1.3,2022-01-18,24.2,2021-11-01
B605X,2022-23,"MURO, S'ALBUFERA",ILLES BALEARS,2,151,151,110,37,1,0,80,1,86,54,32,22,17,1,1.6,-0.3,2023-01-31,28.4,2023-03-31
B605X,2023-24,"MURO, S'ALBUFERA",ILLES BALEARS,2,152,152,110,33,0,0,74,0,89,54,21,21,9,0,2.3,0.5,2024-01-13,26.0,2024-03-29
B605X,2024-25,"MURO, S'ALBUFERA",ILLES BALEARS,2,151,151,99,30,0,0,73,0,80,38,33,21,14,0,2.6,1.5,2024-12-26,24.0,2024-11-03
B605X,2025-26,"MURO, S'ALBUFERA",ILLES BALEARS,2,151,149,113,30,1,0,70,1,63,31,46,8,16,1,3.1,-0.4,2026-01-07,26.5,2025-11-13
B614E,2017-18,MANACOR,ILLES BALEARS,100,148,148,121,53,2,0,78,2,38,21,46,10,20,1,0.9,-0.8,2018-02-24,23.7,2017-11-04
B614E,2018-19,MANACOR,ILLES BALEARS,100,151,151,127,57,1,0,86,1,52,22,21,8,16,1,1.6,-0.2,2019-01-25,22.9,2019-03-17
B614E,2019-20,MANACOR,ILLES BALEARS,100,150,150,109,34,0,0,66,0,58,25,21,10,33,0,2.9,1.1,2020-01-13,24.4,2019-11-02
B614E,2020-21,MANACOR,ILLES BALEARS,100,148,148,121,36,4,0,78,4,57,28,17,12,24,2,0.6,-2.2,2021-01-06,24.6,2021-01-29
B614E,2021-22,MANACOR,ILLES BALEARS,100,151,151,107,46,4,0,78,4,22,7,34,6,34,3,0.8,-0.9,2022-01-17,23.4,2021-11-01
B614E,2022-23,MANACOR,ILLES BALEARS,100,151,151,112,41,1,0,78,1,84,47,30,22,17,1,1.3,-0.8,2023-02-11,28.4,2023-03-31
B614E,2023-24,MANACOR,ILLES BALEARS,100,152,152,113,39,0,0,78,0,80,43,23,20,11,0,2.1,0.1,2024-01-08,25.2,2024-03-22
B614E,2024-25,MANACOR,ILLES BALEARS,100,151,151,103,40,0,0,78,0,64,28,33,21,14,0,2.5,1.2,2025-02-09,24.0,2024-11-05
B614E,2025-26,MANACOR,ILLES BALEARS,100,151,151,116,31,1,0,68,1,54,25,41,8,26,1,3.2,-1.2,2026-01-07,25.2,2025-11-13
B640X,2022-23,PETRA,BALEARES,95,149,149,117,42,2,0,78,2,82,48,32,18,17,1,1.1,-1.3,2023-02-27,28.4,2023-03-31
B640X,2023-24,PETRA,BALEARES,95,152,152,123,39,0,0,81,0,79,55,20,20,11,0,2.0,0.3,2023-12-19,25.4,2024-03-18
B640X,2024-25,PETRA,BALEARES,95,150,150,115,41,0,0,82,0,70,32,33,21,13,0,2.3,0.7,2024-12-30,24.9,2024-11-05
B640X,2025-26,PETRA,BALEARES,95,144,142,117,35,1,0,69,1,51,26,43,8,16,1,2.7,-1.1,2026-01-07,25.5,2025-11-02
B644B,2017-18,SINEU,ILLES BALEARS,120,144,144,120,55,1,0,77,1,32,20,40,9,23,1,1.3,-0.8,2018-02-24,23.8,2017-11-03
B644B,2018-19,SINEU,ILLES BALEARS,120,151,151,136,64,2,0,86,2,48,24,24,8,16,1,0.9,-0.2,2019-01-25,24.0,2019-03-17
B644B,2019-20,SINEU,ILLES BALEARS,120,151,151,114,35,0,0,72,0,55,24,29,8,19,0,2.6,0.3,2020-01-13,24.9,2020-02-03
B644B,2020-21,SINEU,ILLES BALEARS,120,146,146,118,42,4,0,75,4,56,28,26,19,29,2,1.2,-1.8,2021-01-06,23.7,2021-01-29
B644B,2021-22,SINEU,ILLES BALEARS,120,151,151,115,53,4,0,80,4,24,11,35,7,23,1,0.2,-1.3,2022-01-17,23.1,2021-11-01
B644B,2022-23,SINEU,ILLES BALEARS,120,151,151,111,45,4,0,78,4,84,52,28,21,17,2,0.3,-1.7,2023-02-11,28.0,2023-03-31
B644B,2023-24,SINEU,ILLES BALEARS,120,152,152,112,36,0,0,78,0,81,45,21,21,11,0,2.0,0.2,2023-12-19,25.1,2024-01-26
B644B,2024-25,SINEU,ILLES BALEARS,120,151,151,110,46,0,0,81,0,63,33,31,11,16,0,1.6,0.7,2024-12-29,24.7,2024-11-05
B644B,2025-26,SINEU,ILLES BALEARS,120,136,133,103,24,1,0,68,1,54,27,40,8,14,1,2.6,-1.3,2026-01-07,25.3,2025-11-13
B656A,2017-18,SANTA MARÍA DEL CAMÍ,BALEARES,121,151,151,136,73,10,0,85,10,48,25,43,11,18,3,-0.3,-2.6,2018-02-24,24.2,2017-11-04
B656A,2018-19,SANTA MARÍA DEL CAMÍ,BALEARES,121,151,151,141,80,8,0,88,8,64,31,24,11,16,2,-0.1,-1.4,2019-02-16,23.8,2019-03-15
B656A,2019-20,SANTA MARÍA DEL CAMÍ,BALEARES,121,131,131,105,42,1,0,69,1,60,28,23,8,11,1,1.9,-1.1,2020-01-13,25.4,2019-11-02
B656A,2020-21,SANTA MARÍA DEL CAMÍ,BALEARES,121,151,151,125,41,5,0,79,5,61,33,27,19,38,2,1.1,-2.3,2021-01-06,23.8,2020-11-09
B656A,2021-22,SANTA MARÍA DEL CAMÍ,BALEARES,121,147,147,112,61,5,0,78,5,26,7,35,4,28,3,0.4,-1.6,2022-01-17,23.5,2021-11-01
B656A,2022-23,SANTA MARÍA DEL CAMÍ,BALEARES,121,150,150,114,47,4,0,79,3,84,47,32,25,15,1,0.7,-0.8,2023-02-11,27.9,2023-03-31
B656A,2023-24,SANTA MARÍA DEL CAMÍ,BALEARES,121,152,152,116,39,0,0,77,0,71,44,23,21,12,0,2.3,1.1,2024-01-21,25.1,2024-03-18
B656A,2024-25,SANTA MARÍA DEL CAMÍ,BALEARES,121,151,151,108,44,0,0,78,0,60,29,31,11,16,0,1.9,0.2,2024-12-26,25.1,2024-11-05
B656A,2025-26,SANTA MARÍA DEL CAMÍ,BALEARES,121,142,144,107,35,0,0,63,0,42,25,40,8,26,0,2.6,0.4,2026-01-01,26.4,2025-11-13
B662X,2017-18,BINISSALEM,ILLES BALEARS,105,151,151,133,70,7,0,84,7,37,20,47,11,26,3,0.1,-1.9,2018-02-24,23.9,2017-11-03
B662X,2018-19,BINISSALEM,ILLES BALEARS,105,138,138,127,74,8,0,88,8,54,25,21,8,16,4,-0.1,-2.2,2019-02-13,23.3,2019-03-15
B662X,2019-20,BINISSALEM,ILLES BALEARS,105,152,152,119,51,3,0,74,3,66,33,21,8,17,2,1.1,-1.5,2020-01-13,26.3,2020-02-03
B662X,2020-21,BINISSALEM,ILLES BALEARS,105,137,137,119,53,5,0,74,5,59,34,30,9,20,2,0.2,-1.9,2020-12-27,24.3,2020-11-09
B662X,2021-22,BINISSALEM,ILLES BALEARS,105,151,151,114,67,15,0,80,14,32,10,22,6,23,5,-1.3,-2.9,2022-01-17,23.5,2021-11-01
B662X,2022-23,BINISSALEM,ILLES BALEARS,105,144,144,113,58,10,0,79,7,77,47,28,13,15,2,-0.4,-2.3,2023-02-11,27.9,2022-11-01
B662X,2023-24,BINISSALEM,ILLES BALEARS,105,152,152,122,47,3,0,79,3,82,46,24,13,11,1,0.9,-0.6,2023-12-19,25.9,2024-03-18
B662X,2024-25,BINISSALEM,ILLES BALEARS,105,148,148,107,53,1,0,80,1,61,35,25,11,16,1,0.8,-0.4,2024-12-26,25.9,2024-11-05
B662X,2025-26,BINISSALEM,ILLES BALEARS,105,142,141,113,39,2,0,73,2,44,22,44,8,53,1,1.4,-1.0,2026-01-07,26.4,2025-11-13
B684A,2017-18,"ESCORCA, SON TORRELLA",ILLES BALEARS,842,148,148,146,118,39,5,87,28,6,0,33,2,55,6,-2.4,-5.3,2018-02-11,19.4,2018-03-10
B684A,2018-19,"ESCORCA, SON TORRELLA",ILLES BALEARS,842,148,148,148,114,36,10,90,30,4,2,21,3,105,12,-3.1,-4.7,2019-02-13,20.2,2019-03-16
B684A,2019-20,"ESCORCA, SON TORRELLA",ILLES BALEARS,842,150,150,148,107,23,0,88,19,4,1,39,2,58,5,-1.4,-2.5,2020-01-12,22.9,2020-03-12
B684A,2020-21,"ESCORCA, SON TORRELLA",ILLES BALEARS,842,151,151,148,110,27,1,89,19,3,0,38,2,146,6,-1.9,-3.7,2021-01-06,19.9,2020-11-02
B684A,2021-22,"ESCORCA, SON TORRELLA",ILLES BALEARS,842,141,141,138,103,42,8,82,36,4,0,34,2,57,8,-3.5,-5.3,2022-01-19,19.7,2022-03-16
B684A,2022-23,"ESCORCA, SON TORRELLA",ILLES BALEARS,842,151,151,140,109,36,8,87,27,13,5,41,3,120,8,-3.0,-4.3,2023-02-11,23.6,2023-03-30
B684A,2023-24,"ESCORCA, SON TORRELLA",ILLES BALEARS,842,151,151,143,87,20,1,89,17,14,5,34,5,67,3,-1.6,-3.2,2023-12-19,22.2,2024-03-22
B684A,2024-25,"ESCORCA, SON TORRELLA",ILLES BALEARS,842,151,151,145,99,21,0,89,20,3,0,46,1,105,8,-1.5,-2.9,2024-12-30,19.1,2024-11-05
B684A,2025-26,"ESCORCA, SON TORRELLA",ILLES BALEARS,842,147,147,142,101,13,1,85,8,8,0,56,4,57,4,-0.3,-3.7,2026-01-07,19.8,2025-11-13
B691Y,2017-18,SA POBLA,BALEARES,32,150,150,128,52,1,0,83,1,60,33,46,11,14,1,1.4,-0.3,2018-02-24,25.4,2018-03-28
B691Y,2018-19,SA POBLA,BALEARES,32,151,151,137,66,1,0,88,1,83,37,24,17,11,1,1.2,-0.7,2019-02-13,25.3,2019-03-17
B691Y,2019-20,SA POBLA,BALEARES,32,150,150,113,39,1,0,72,1,79,38,24,14,10,1,2.6,-0.8,2020-01-13,26.6,2019-11-02
B691Y,2020-21,SA POBLA,BALEARES,32,151,151,124,47,2,0,83,2,72,34,30,20,24,1,0.8,-0.9,2021-01-06,24.8,2021-01-29
B691Y,2021-22,SA POBLA,BALEARES,32,149,149,112,63,4,0,79,4,40,12,38,7,22,2,0.4,-1.5,2022-01-30,24.4,2021-11-01
B691Y,2022-23,SA POBLA,BALEARES,32,128,128,95,37,4,0,70,3,75,49,27,22,17,1,0.9,-0.2,2023-01-31,28.6,2023-03-31
B691Y,2023-24,SA POBLA,BALEARES,32,152,152,116,38,0,0,79,0,93,58,26,20,11,0,1.9,0.7,2024-01-13,25.5,2023-11-12
B691Y,2024-25,SA POBLA,BALEARES,32,151,151,106,41,0,0,74,0,76,38,32,21,13,0,2.3,0.8,2025-01-15,24.7,2024-11-03
B691Y,2025-26,SA POBLA,BALEARES,32,142,143,112,32,1,0,67,1,59,29,38,8,15,1,2.5,-0.6,2026-01-07,26.2,2025-11-13
B760X,2017-18,POLLENÇA,ILLES BALEARS,45,151,151,128,43,0,0,84,0,77,43,42,11,11,0,2.5,0.4,2018-02-11,26.7,2017-11-04
B760X,2018-19,POLLENÇA,ILLES BALEARS,45,139,139,123,41,1,0,87,1,84,47,24,16,8,1,2.3,-0.6,2019-02-13,27.2,2019-03-17
B760X,2019-20,POLLENÇA,ILLES BALEARS,45,151,151,119,21,0,0,79,0,73,47,34,10,12,0,3.7,0.9,2020-01-13,27.8,2019-11-02
B760X,2020-21,POLLENÇA,ILLES BALEARS,45,151,151,115,26,0,0,76,0,83,42,28,16,23,0,2.9,1.0,2021-01-06,26.2,2021-02-05
B760X,2021-22,POLLENÇA,ILLES BALEARS,45,150,150,111,40,1,0,82,1,48,20,43,8,22,1,2.0,-0.4,2022-01-18,25.0,2022-02-18
B760X,2022-23,POLLENÇA,ILLES BALEARS,45,145,145,103,37,0,0,77,0,90,58,34,26,17,0,2.5,0.9,2023-02-04,28.8,2023-03-31
B760X,2023-24,POLLENÇA,ILLES BALEARS,45,152,152,106,23,0,0,77,0,99,62,26,20,9,0,3.7,1.4,2024-01-13,27.2,2023-11-13
B760X,2024-25,POLLENÇA,ILLES BALEARS,45,151,151,99,15,0,0,76,0,83,46,40,21,12,0,4.3,3.0,2025-03-16,25.6,2025-01-27
B760X,2025-26,POLLENÇA,ILLES BALEARS,45,151,151,110,21,0,0,70,0,72,35,49,8,17,0,4.1,1.6,2026-01-07,26.3,2025-11-01
B780X,2017-18,PORT DE POLLENÇA,ILLES BALEARS,2,150,150,121,27,0,0,79,0,75,39,49,11,9,0,3.5,0.7,2018-02-24,26.5,2017-11-02
B780X,2018-19,PORT DE POLLENÇA,ILLES BALEARS,2,147,147,121,26,0,0,82,0,77,47,24,13,11,0,3.8,1.1,2019-02-13,26.5,2019-03-17
B780X,2019-20,PORT DE POLLENÇA,ILLES BALEARS,2,150,150,100,13,0,0,67,0,95,53,32,14,9,0,4.6,2.1,2020-01-13,27.5,2019-11-02
B780X,2020-21,PORT DE POLLENÇA,ILLES BALEARS,2,151,151,106,19,0,0,73,0,86,48,28,20,23,0,3.5,1.2,2021-01-06,25.8,2020-11-02
B780X,2021-22,PORT DE POLLENÇA,ILLES BALEARS,2,151,151,103,34,0,0,80,0,58,21,40,7,11,0,2.2,0.1,2022-01-18,24.1,2021-11-01
B780X,2022-23,PORT DE POLLENÇA,ILLES BALEARS,2,120,120,81,21,0,0,74,0,74,42,30,22,17,0,3.0,1.1,2023-02-11,27.4,2022-11-09
B780X,2023-24,PORT DE POLLENÇA,ILLES BALEARS,2,152,152,95,15,0,0,73,0,105,56,23,21,9,0,4.4,2.1,2024-01-13,27.3,2023-11-14
B780X,2024-25,PORT DE POLLENÇA,ILLES BALEARS,2,151,151,94,10,0,0,76,0,88,51,39,21,10,0,4.6,3.2,2025-03-16,25.7,2024-11-05
B780X,2025-26,PORT DE POLLENÇA,ILLES BALEARS,2,140,140,91,6,0,0,56,0,70,37,39,17,12,0,5.1,4.4,2026-03-15,25.2,2025-11-13
B800X,2017-18,"LA MOLA, MAÓ",ILLES BALEARS,78,144,144,65,5,0,0,50,0,29,10,46,7,18,0,5.9,1.9,2018-03-20,22.3,2017-11-02
B800X,2018-19,"LA MOLA, MAÓ",ILLES BALEARS,78,132,132,49,1,0,0,40,0,34,11,20,7,27,0,7.7,4.8,2019-01-10,22.2,2018-11-13
B800X,2019-20,"LA MOLA, MAÓ",ILLES BALEARS,78,144,144,35,0,0,0,24,0,43,14,26,7,17,0,8.6,7.0,2020-03-26,24.8,2019-11-02
B800X,2020-21,"LA MOLA, MAÓ",ILLES BALEARS,78,140,140,51,2,0,0,41,0,45,17,27,8,27,0,6.8,4.5,2021-01-06,22.7,2020-11-14
B800X,2021-22,"LA MOLA, MAÓ",ILLES BALEARS,78,125,125,54,0,0,0,46,0,13,6,26,5,22,0,6.8,5.4,2022-01-17,22.4,2021-11-01
B800X,2023-24,"LA MOLA, MAÓ",ILLES BALEARS,78,136,136,46,0,0,0,38,0,61,32,22,11,9,0,7.4,5.8,2024-01-08,25.0,2023-11-12
B800X,2024-25,"LA MOLA, MAÓ",ILLES BALEARS,78,144,144,54,0,0,0,47,0,60,25,24,11,15,0,7.3,6.1,2025-02-02,24.7,2024-11-02
B800X,2025-26,"LA MOLA, MAÓ",ILLES BALEARS,78,146,147,64,0,0,0,42,0,47,20,38,9,48,0,7.2,5.6,2025-11-21,24.5,2025-11-02
B825B,2017-18,ES MERCADAL,ILLES BALEARS,80,147,147,95,11,0,0,69,0,23,8,49,7,34,0,4.2,1.5,2018-03-20,24.8,2017-11-04
B825B,2018-19,ES MERCADAL,ILLES BALEARS,80,141,141,85,2,0,0,59,0,28,5,29,7,53,0,5.8,4.6,2019-01-24,22.4,2018-11-13
B825B,2019-20,ES MERCADAL,ILLES BALEARS,80,152,152,68,2,0,0,45,0,33,9,28,5,37,0,7.1,3.9,2020-03-25,24.0,2019-11-02
B825B,2020-21,ES MERCADAL,ILLES BALEARS,80,151,151,88,8,0,0,63,0,36,18,32,16,40,0,5.0,2.7,2021-01-05,23.9,2020-11-08
B825B,2021-22,ES MERCADAL,ILLES BALEARS,80,151,151,95,2,0,0,72,0,11,3,40,3,47,0,5.9,4.8,2021-11-28,22.0,2021-11-01
B825B,2022-23,ES MERCADAL,ILLES BALEARS,80,151,151,69,5,0,0,52,0,60,26,31,13,39,0,5.5,3.7,2023-03-02,26.1,2022-11-01
B825B,2023-24,ES MERCADAL,ILLES BALEARS,80,152,152,61,2,0,0,48,0,55,21,31,11,20,0,7.3,4.4,2024-01-08,24.0,2023-11-13
B825B,2024-25,ES MERCADAL,ILLES BALEARS,80,151,151,63,0,0,0,56,0,40,14,30,11,25,0,6.9,5.2,2024-12-09,24.4,2024-11-05
B825B,2025-26,ES MERCADAL,ILLES BALEARS,80,151,151,75,0,0,0,47,0,33,13,45,9,55,0,6.7,5.0,2026-03-15,22.8,2025-11-01
B860X,2017-18,CIUTADELLA,ILLES BALEARS,20,133,133,94,14,0,0,60,0,26,8,45,4,26,0,3.9,2.4,2018-02-24,24.2,2017-11-04
B860X,2018-19,CIUTADELLA,ILLES BALEARS,20,150,150,105,8,0,0,73,0,50,14,21,14,25,0,4.9,3.2,2019-02-14,23.8,2018-11-13
B860X,2019-20,CIUTADELLA,ILLES BALEARS,20,152,152,82,8,0,0,56,0,49,13,26,7,33,0,5.1,3.7,2020-03-27,24.5,2019-11-02
B860X,2020-21,CIUTADELLA,ILLES BALEARS,20,151,151,92,8,0,0,60,0,47,24,29,19,40,0,5.0,1.7,2021-01-06,24.4,2021-03-29
B860X,2021-22,CIUTADELLA,ILLES BALEARS,20,151,151,96,26,0,0,74,0,20,3,35,3,43,0,3.8,2.3,2022-01-17,22.5,2021-11-01
B860X,2022-23,CIUTADELLA,ILLES BALEARS,20,146,146,81,13,0,0,59,0,71,30,31,18,20,0,4.5,0.8,2023-02-11,25.1,2022-11-01
B860X,2023-24,CIUTADELLA,ILLES BALEARS,20,152,152,73,6,0,0,59,0,67,33,25,20,19,0,5.3,4.1,2024-01-13,25.1,2023-11-02
B860X,2024-25,CIUTADELLA,ILLES BALEARS,20,151,151,71,4,0,0,59,0,62,24,29,20,20,0,5.9,4.5,2024-12-29,25.1,2024-11-05
B860X,2025-26,CIUTADELLA,ILLES BALEARS,20,150,150,70,3,0,0,41,0,51,17,47,9,26,0,6.1,4.4,2026-01-01,24.6,2025-11-01
B870C,2017-18,"CIUTADELLA, CALA GALDANA",BALEARES,43,149,149,126,48,1,0,81,1,33,11,51,7,21,1,1.9,-0.2,2018-02-24,23.7,2017-11-04
B870C,2018-19,"CIUTADELLA, CALA GALDANA",BALEARES,43,145,145,119,51,0,0,81,0,42,11,29,13,47,0,2.1,0.3,2019-02-13,22.6,2018-11-13
B870C,2019-20,"CIUTADELLA, CALA GALDANA",BALEARES,43,151,151,115,40,0,0,72,0,47,11,30,7,33,0,2.6,0.8,2020-03-26,25.2,2019-11-02
B870C,2020-21,"CIUTADELLA, CALA GALDANA",BALEARES,43,151,151,117,40,1,0,78,1,53,24,31,19,40,1,2.3,-1.5,2021-01-06,23.0,2020-11-09
B870C,2021-22,"CIUTADELLA, CALA GALDANA",BALEARES,43,144,144,105,56,1,0,79,1,24,7,37,4,43,1,1.2,-0.6,2022-01-17,22.5,2021-11-01
B870C,2022-23,"CIUTADELLA, CALA GALDANA",BALEARES,43,146,146,102,30,2,0,74,2,72,32,31,18,25,2,1.9,-1.0,2023-02-11,26.0,2022-11-01
B870C,2023-24,"CIUTADELLA, CALA GALDANA",BALEARES,43,148,149,101,30,0,0,71,0,58,30,24,20,16,0,3.2,0.9,2024-01-08,23.5,2023-11-02
B870C,2024-25,"CIUTADELLA, CALA GALDANA",BALEARES,43,151,151,98,28,0,0,74,0,52,18,30,20,20,0,3.0,2.3,2024-12-29,23.8,2024-11-05
B870C,2025-26,"CIUTADELLA, CALA GALDANA",BALEARES,43,138,143,88,21,0,0,53,0,48,16,39,9,21,0,3.8,2.1,2026-03-22,24.1,2025-11-01
B893,2017-18,"MENORCA, AEROPUERTO",BALEARES,91,151,151,112,25,0,0,76,0,37,13,47,7,22,0,3.0,2.0,2017-12-02,24.5,2017-11-04
B893,2018-19,"MENORCA, AEROPUERTO",BALEARES,91,151,151,115,15,0,0,83,0,48,13,26,14,37,0,3.8,1.6,2019-02-15,22.5,2018-11-13
B893,2019-20,"MENORCA, AEROPUERTO",BALEARES,91,152,152,99,15,0,0,64,0,50,10,31,7,32,0,4.1,2.5,2020-03-26,24.0,2019-11-02
B893,2020-21,"MENORCA, AEROPUERTO",BALEARES,91,151,151,98,16,1,0,69,1,44,21,32,19,33,1,4.2,-0.6,2021-01-06,23.2,2020-11-08
B893,2021-22,"MENORCA, AEROPUERTO",BALEARES,91,151,151,100,39,0,0,75,0,16,3,40,4,48,0,1.8,1.2,2022-01-27,22.2,2021-11-01
B893,2022-23,"MENORCA, AEROPUERTO",BALEARES,91,151,151,102,22,0,0,74,0,42,19,33,18,50,0,2.5,0.4,2023-02-11,24.4,2023-03-31
B893,2023-24,"MENORCA, AEROPUERTO",BALEARES,91,152,152,92,21,0,0,70,0,44,11,17,11,49,0,3.5,2.0,2024-01-22,22.2,2023-11-02
B893,2024-25,"MENORCA, AEROPUERTO",BALEARES,91,151,151,91,15,0,0,72,0,37,13,32,11,35,0,4.4,2.5,2024-12-30,22.5,2024-11-03
B893,2025-26,"MENORCA, AEROPUERTO",BALEARES,91,150,150,100,16,0,0,61,0,21,10,49,9,64,0,4.3,2.9,2026-03-22,23.4,2025-11-02
B908X,2017-18,SANT JOAN DE LABRITJA,ILLES BALEARS,110,151,151,132,72,11,0,82,11,48,25,41,11,22,3,-0.6,-1.8,2017-12-04,24.8,2017-11-25
B908X,2018-19,SANT JOAN DE LABRITJA,ILLES BALEARS,110,131,131,116,77,8,0,86,8,46,17,16,8,19,2,-0.1,-2.2,2019-01-12,22.7,2019-02-23
B908X,2019-20,SANT JOAN DE LABRITJA,ILLES BALEARS,110,152,152,123,63,2,0,83,2,67,35,19,13,19,1,1.1,-0.9,2020-01-13,25.5,2019-11-01
B908X,2020-21,SANT JOAN DE LABRITJA,ILLES BALEARS,110,150,150,115,53,8,1,72,8,67,33,24,19,24,3,-0.2,-3.5,2021-01-06,24.8,2021-01-29
B908X,2021-22,SANT JOAN DE LABRITJA,ILLES BALEARS,110,149,149,115,66,11,0,81,11,30,16,33,5,22,5,-0.7,-2.0,2022-01-07,24.3,2021-11-01
B908X,2022-23,SANT JOAN DE LABRITJA,ILLES BALEARS,110,150,150,117,68,14,0,81,13,89,53,31,22,17,6,-0.4,-1.8,2023-01-22,29.4,2023-03-30
B908X,2023-24,SANT JOAN DE LABRITJA,ILLES BALEARS,110,152,152,120,55,1,0,78,1,108,65,19,14,9,1,1.1,-0.5,2024-01-08,26.8,2023-12-12
B908X,2024-25,SANT JOAN DE LABRITJA,ILLES BALEARS,110,151,151,115,62,0,0,84,0,77,47,31,21,14,0,1.2,0.4,2025-01-15,25.8,2025-03-31
B908X,2025-26,SANT JOAN DE LABRITJA,ILLES BALEARS,110,151,151,116,47,0,0,71,0,66,35,41,9,26,0,1.3,0.4,2026-01-07,25.0,2025-11-01
B925,2018-19,SANT ANTONI DE PORTMANY,BALEARES,32,151,151,115,53,2,0,81,2,64,26,20,9,24,2,2.4,-0.3,2019-01-12,24.3,2019-03-17
B925,2019-20,SANT ANTONI DE PORTMANY,BALEARES,32,152,152,112,34,0,0,80,0,77,33,22,16,32,0,3.4,1.4,2020-01-13,25.8,2020-03-12
B925,2020-21,SANT ANTONI DE PORTMANY,BALEARES,32,151,151,101,23,2,0,66,2,80,39,21,21,28,2,2.3,-1.3,2021-01-06,24.9,2021-01-29
B925,2021-22,SANT ANTONI DE PORTMANY,BALEARES,32,144,144,103,35,1,0,71,1,37,7,31,6,16,1,1.5,-0.2,2022-01-07,25.1,2021-11-01
B925,2022-23,SANT ANTONI DE PORTMANY,BALEARES,32,151,151,104,40,1,0,75,1,88,49,26,25,17,1,1.1,-0.1,2023-01-22,28.5,2023-03-31
B925,2023-24,SANT ANTONI DE PORTMANY,BALEARES,32,143,143,87,25,0,0,64,0,81,49,12,13,10,0,3.8,1.8,2024-01-08,25.4,2024-03-23
B925,2024-25,SANT ANTONI DE PORTMANY,BALEARES,32,141,150,97,36,0,0,75,0,72,38,24,22,14,0,3.0,1.3,2025-01-15,25.8,2024-11-04
B925,2025-26,SANT ANTONI DE PORTMANY,BALEARES,32,148,150,93,19,0,0,54,0,61,22,32,19,25,0,3.6,2.5,2025-11-28,26.5,2025-11-13
B954,2017-18,"IBIZA, AEROPUERTO",ILLES BALEARS,6,150,150,99,28,0,0,69,0,44,18,30,11,24,0,2.5,1.4,2017-12-04,23.1,2017-11-04
B954,2018-19,"IBIZA, AEROPUERTO",ILLES BALEARS,6,151,151,111,31,0,0,78,0,53,9,18,9,20,0,3.0,0.4,2019-01-12,21.7,2018-11-12
B954,2019-20,"IBIZA, AEROPUERTO",ILLES BALEARS,6,152,152,100,22,0,0,72,0,48,13,17,10,35,0,3.7,1.7,2020-01-13,24.4,2019-11-02
B954,2020-21,"IBIZA, AEROPUERTO",ILLES BALEARS,6,151,151,76,16,0,0,51,0,63,31,23,27,28,0,2.6,0.0,2021-01-06,25.0,2020-11-16
B954,2021-22,"IBIZA, AEROPUERTO",ILLES BALEARS,6,151,151,87,22,0,0,69,0,24,5,31,5,25,0,2.2,1.2,2022-01-07,24.5,2021-11-01
B954,2022-23,"IBIZA, AEROPUERTO",ILLES BALEARS,6,150,150,92,22,0,0,71,0,82,34,25,18,21,0,2.4,1.1,2023-01-22,27.1,2023-03-31
B954,2023-24,"IBIZA, AEROPUERTO",ILLES BALEARS,6,152,152,71,11,0,0,58,0,84,38,11,23,10,0,4.7,2.8,2024-01-12,24.6,2023-11-12
B954,2024-25,"IBIZA, AEROPUERTO",ILLES BALEARS,6,151,151,88,20,0,0,71,0,58,29,22,33,20,0,3.5,2.4,2025-02-05,24.5,2024-11-17
B954,2025-26,"IBIZA, AEROPUERTO",ILLES BALEARS,6,149,149,83,14,0,0,53,0,33,16,34,19,45,0,4.3,1.8,2026-01-07,25.0,2025-11-13
B957,2017-18,EIVISSA,BALEARES,3,151,151,116,39,0,0,78,0,56,25,35,11,22,0,1.4,0.7,2018-02-10,24.2,2017-11-25
B957,2018-19,EIVISSA,BALEARES,3,151,151,124,47,1,0,82,1,92,36,18,24,15,1,2.3,-0.1,2019-01-12,26.2,2019-03-17
B957,2019-20,EIVISSA,BALEARES,3,146,146,107,26,0,0,75,0,77,39,13,12,12,0,3.9,1.4,2020-01-13,26.9,2019-11-01
B957,2020-21,EIVISSA,BALEARES,3,143,143,91,20,1,0,62,1,80,27,11,12,23,1,1.6,-0.6,2021-01-06,26.1,2021-01-29
B957,2021-22,EIVISSA,BALEARES,3,150,150,101,32,0,0,74,0,47,8,30,6,16,0,1.7,0.4,2022-01-07,25.3,2021-11-01
B957,2022-23,EIVISSA,BALEARES,3,150,150,102,31,0,0,75,0,106,59,19,22,17,0,2.0,0.9,2023-01-22,30.1,2023-03-31
B957,2023-24,EIVISSA,BALEARES,3,152,151,91,19,0,0,70,0,110,60,12,33,9,0,3.7,2.5,2024-01-12,26.0,2023-11-11
B957,2024-25,EIVISSA,BALEARES,3,151,151,96,30,0,0,74,0,102,47,28,33,9,0,3.4,2.6,2025-02-07,25.5,2024-11-03
B957,2025-26,EIVISSA,BALEARES,3,140,148,84,15,0,0,49,0,78,28,32,19,17,0,4.2,0.9,2026-01-07,25.2,2025-11-03
B986,2017-18,FORMENTERA,BALEARES,24,151,151,87,19,0,0,62,0,57,25,35,11,22,0,3.3,2.1,2018-02-10,24.8,2017-11-03
B986,2018-19,FORMENTERA,BALEARES,24,151,151,97,17,0,0,69,0,74,25,17,20,12,0,4.0,0.5,2019-01-12,24.3,2019-03-17
B986,2019-20,FORMENTERA,BALEARES,24,135,135,68,6,0,0,56,0,67,25,14,24,32,0,5.2,3.5,2020-01-12,25.9,2019-11-01
B986,2020-21,FORMENTERA,BALEARES,24,151,151,64,9,0,0,47,0,96,51,20,31,27,0,4.7,1.7,2021-01-06,26.9,2020-11-06
B986,2021-22,FORMENTERA,BALEARES,24,151,151,59,16,0,0,49,0,78,24,26,9,17,0,3.0,1.3,2022-01-07,24.3,2021-11-01
B986,2022-23,FORMENTERA,BALEARES,24,150,150,71,13,0,0,55,0,108,69,23,30,13,0,3.7,1.6,2023-03-04,29.0,2022-11-01
B986,2023-24,FORMENTERA,BALEARES,24,152,152,55,1,0,0,47,0,96,42,13,32,10,0,5.9,4.5,2024-01-08,24.2,2023-11-14
B986,2024-25,FORMENTERA,BALEARES,24,151,151,58,7,0,0,52,0,78,40,26,33,20,0,5.4,3.8,2025-02-05,25.0,2024-11-04
B986,2025-26,FORMENTERA,BALEARES,24,131,137,55,1,0,0,29,0,52,18,34,20,30,0,6.0,3.4,2025-11-28,25.5,2025-11-02
C018J,2017-18,TÍAS,LAS PALMAS,376,148,148,7,0,0,0,7,0,84,49,26,24,20,0,10.0,6.8,2018-02-08,27.0,2018-03-28
C018J,2018-19,TÍAS,LAS PALMAS,376,151,151,1,0,0,0,1,0,110,54,18,23,16,0,10.9,9.9,2019-02-08,25.6,2019-03-15
C018J,2019-20,TÍAS,LAS PALMAS,376,151,151,2,0,0,0,1,0,131,75,12,53,3,0,10.9,9.7,2020-03-23,28.4,2019-11-02
C018J,2020-21,TÍAS,LAS PALMAS,376,151,151,6,0,0,0,6,0,121,62,26,25,9,0,10.2,7.4,2021-02-06,30.9,2020-11-18
C018J,2021-22,TÍAS,LAS PALMAS,376,151,151,3,0,0,0,0,0,122,71,16,25,5,0,10.8,8.1,2022-03-14,27.6,2022-02-02
C018J,2022-23,TÍAS,LAS PALMAS,376,150,150,6,0,0,0,6,0,121,94,18,77,10,0,10.3,8.8,2023-02-16,35.1,2023-03-30
C018J,2023-24,TÍAS,LAS PALMAS,376,151,151,0,0,0,0,0,0,147,118,14,91,1,0,11.9,10.8,2024-03-22,31.4,2024-03-17
C018J,2024-25,TÍAS,LAS PALMAS,376,150,150,2,0,0,0,2,0,141,77,20,31,2,0,11.2,9.5,2025-02-10,31.8,2024-11-10
C018J,2025-26,TÍAS,LAS PALMAS,376,146,146,3,0,0,0,1,0,97,53,41,15,10,0,10.7,9.6,2025-12-13,30.1,2025-11-04
C019V,2017-18,YAIZA PLAYA BLANCA,LAS PALMAS,6,151,151,0,0,0,0,0,0,143,102,7,88,4,0,11.4,10.0,2018-01-30,28.7,2017-11-08
C019V,2018-19,YAIZA PLAYA BLANCA,LAS PALMAS,6,151,151,0,0,0,0,0,0,151,124,7,151,0,0,12.4,11.7,2019-01-05,24.7,2018-12-06
C019V,2019-20,YAIZA PLAYA BLANCA,LAS PALMAS,6,151,151,0,0,0,0,0,0,150,132,0,70,1,0,13.4,11.5,2020-01-18,27.1,2019-11-01
C019V,2020-21,YAIZA PLAYA BLANCA,LAS PALMAS,6,148,148,0,0,0,0,0,0,146,125,12,75,2,0,12.9,11.5,2021-02-19,29.3,2020-11-17
C019V,2021-22,YAIZA PLAYA BLANCA,LAS PALMAS,6,151,151,0,0,0,0,0,0,150,130,8,133,1,0,13.0,12.0,2022-03-14,28.8,2022-02-02
C019V,2022-23,YAIZA PLAYA BLANCA,LAS PALMAS,6,151,151,0,0,0,0,0,0,151,131,9,151,0,0,13.2,11.5,2023-02-04,33.7,2023-03-30
C019V,2023-24,YAIZA PLAYA BLANCA,LAS PALMAS,6,151,151,0,0,0,0,0,0,151,149,4,134,0,0,13.8,12.3,2024-01-07,30.2,2023-11-15
C019V,2024-25,YAIZA PLAYA BLANCA,LAS PALMAS,6,151,151,0,0,0,0,0,0,151,148,7,151,0,0,12.9,11.9,2025-02-10,30.5,2024-11-09
C019V,2025-26,YAIZA PLAYA BLANCA,LAS PALMAS,6,151,151,0,0,0,0,0,0,150,120,23,108,1,0,12.7,10.5,2026-01-09,27.6,2025-11-02
C029O,2017-18,LANZAROTE AEROPUERTO,LAS PALMAS,14,151,151,4,0,0,0,4,0,147,129,19,89,2,0,11.2,7.6,2018-02-07,28.3,2018-03-28
C029O,2018-19,LANZAROTE AEROPUERTO,LAS PALMAS,14,151,151,0,0,0,0,0,0,151,142,8,151,0,0,11.8,10.8,2019-02-09,26.3,2019-03-10
C029O,2019-20,LANZAROTE AEROPUERTO,LAS PALMAS,14,152,152,0,0,0,0,0,0,152,149,7,152,0,0,12.1,10.3,2020-01-22,32.3,2019-11-02
C029O,2020-21,LANZAROTE AEROPUERTO,LAS PALMAS,14,149,149,0,0,0,0,0,0,147,137,20,53,1,0,11.7,10.4,2021-01-20,30.7,2020-11-17
C029O,2021-22,LANZAROTE AEROPUERTO,LAS PALMAS,14,150,150,1,0,0,0,0,0,149,143,12,125,1,0,11.9,9.5,2022-03-14,29.3,2022-02-02
C029O,2022-23,LANZAROTE AEROPUERTO,LAS PALMAS,14,150,150,0,0,0,0,0,0,150,145,7,117,0,0,11.7,10.4,2023-02-16,34.4,2023-03-30
C029O,2023-24,LANZAROTE AEROPUERTO,LAS PALMAS,14,152,152,0,0,0,0,0,0,152,152,9,152,0,0,13.2,11.9,2024-03-24,31.9,2023-11-13
C029O,2024-25,LANZAROTE AEROPUERTO,LAS PALMAS,14,151,151,0,0,0,0,0,0,151,151,6,151,0,0,12.6,11.2,2025-01-05,32.2,2024-11-10
C029O,2025-26,LANZAROTE AEROPUERTO,LAS PALMAS,14,151,151,0,0,0,0,0,0,150,145,25,108,1,0,12.1,10.4,2026-02-17,30.6,2025-11-05
C038N,2017-18,HARÍA,LAS PALMAS,277,150,150,11,0,0,0,11,0,94,47,17,23,19,0,9.5,8.3,2018-02-08,28.5,2017-11-28
C038N,2018-19,HARÍA,LAS PALMAS,277,151,151,7,0,0,0,7,0,122,50,12,30,6,0,10.2,8.7,2019-01-10,25.0,2019-02-23
C038N,2019-20,HARÍA,LAS PALMAS,277,150,150,1,0,0,0,1,0,129,61,10,26,5,0,10.7,8.7,2020-01-15,26.9,2019-11-02
C038N,2020-21,HARÍA,LAS PALMAS,277,151,151,6,0,0,0,6,0,114,53,34,25,11,0,10.1,8.9,2021-01-19,30.7,2020-11-18
C038N,2021-22,HARÍA,LAS PALMAS,277,150,150,5,0,0,0,2,0,124,61,14,25,5,0,10.4,8.7,2022-03-14,27.2,2022-02-02
C038N,2022-23,HARÍA,LAS PALMAS,277,151,151,6,0,0,0,6,0,122,90,23,77,10,0,10.4,7.9,2023-02-16,29.4,2023-03-30
C038N,2023-24,HARÍA,LAS PALMAS,277,151,151,0,0,0,0,0,0,148,104,13,90,1,0,11.5,10.7,2024-03-24,31.4,2024-03-16
C038N,2024-25,HARÍA,LAS PALMAS,277,150,150,5,0,0,0,5,0,139,69,12,28,3,0,10.7,8.8,2025-02-09,30.5,2024-11-08
C038N,2025-26,HARÍA,LAS PALMAS,277,151,151,3,0,0,0,3,0,92,49,39,41,22,0,10.4,8.8,2026-02-17,29.7,2025-11-04
C048W,2017-18,TINAJO,LAS PALMAS,275,151,151,12,0,0,0,12,0,92,51,21,36,20,0,9.4,7.6,2018-02-08,28.8,2018-03-28
C048W,2018-19,TINAJO,LAS PALMAS,275,150,150,2,0,0,0,2,0,116,53,13,36,16,0,10.4,8.9,2019-02-09,26.5,2019-02-13
C048W,2019-20,TINAJO,LAS PALMAS,275,144,144,2,0,0,0,2,0,119,54,11,23,3,0,10.7,9.8,2020-01-17,28.3,2020-03-11
C048W,2020-21,TINAJO,LAS PALMAS,275,151,151,7,0,0,0,7,0,108,54,26,25,7,0,10.2,8.8,2021-01-18,31.3,2020-11-17
C048W,2021-22,TINAJO,LAS PALMAS,275,143,143,3,0,0,0,2,0,110,50,9,19,5,0,10.6,9.2,2022-03-14,27.9,2022-02-02
C048W,2022-23,TINAJO,LAS PALMAS,275,149,149,6,0,0,0,6,0,114,86,9,37,11,0,10.7,9.2,2023-02-16,33.6,2023-03-30
C048W,2023-24,TINAJO,LAS PALMAS,275,151,151,0,0,0,0,0,0,146,104,11,74,2,0,12.1,10.7,2024-03-24,32.5,2024-03-16
C048W,2024-25,TINAJO,LAS PALMAS,275,148,148,4,0,0,0,4,0,130,73,13,26,7,0,10.6,8.3,2025-02-09,31.8,2024-11-09
C048W,2025-26,TINAJO,LAS PALMAS,275,151,151,3,0,0,0,2,0,94,51,37,41,12,0,10.7,8.9,2026-01-09,32.8,2025-11-04
C101A,2019-20,ROQUE DE LOS MUCHACHOS,SANTA CRUZ DE TENERIFE,2223,141,141,138,55,20,1,91,10,3,0,12,2,97,7,-1.4,-3.5,2020-01-23,19.7,2020-03-02
C101A,2020-21,ROQUE DE LOS MUCHACHOS,SANTA CRUZ DE TENERIFE,2223,150,150,146,95,22,5,88,14,2,0,38,1,70,7,-2.7,-4.1,2021-01-11,18.6,2020-11-10
C101A,2021-22,ROQUE DE LOS MUCHACHOS,SANTA CRUZ DE TENERIFE,2223,151,151,147,104,26,1,90,16,1,0,30,1,148,5,-1.9,-3.1,2022-03-15,19.4,2021-11-03
C101A,2022-23,ROQUE DE LOS MUCHACHOS,SANTA CRUZ DE TENERIFE,2223,150,150,134,73,24,1,89,24,7,2,28,3,114,11,-2.3,-3.3,2023-01-31,21.4,2023-03-30
C101A,2023-24,ROQUE DE LOS MUCHACHOS,SANTA CRUZ DE TENERIFE,2223,152,152,132,50,11,0,84,0,14,3,23,5,43,4,-0.8,-2.4,2024-03-03,20.5,2024-02-17
C101A,2024-25,ROQUE DE LOS MUCHACHOS,SANTA CRUZ DE TENERIFE,2223,151,151,144,84,16,0,87,4,0,0,32,0,151,8,-0.8,-2.7,2025-03-04,17.5,2025-02-23
C101A,2025-26,ROQUE DE LOS MUCHACHOS,SANTA CRUZ DE TENERIFE,2223,151,151,147,96,22,3,89,13,3,0,35,2,99,5,-1.6,-3.9,2026-03-03,19.3,2025-11-02
C117A,2017-18,PUNTAGORDA,STA. CRUZ DE TENERIFE,684,151,151,63,0,0,0,49,0,59,32,32,20,21,0,8.1,7.8,2018-03-17,28.9,2017-11-12
C117A,2018-19,PUNTAGORDA,STA. CRUZ DE TENERIFE,684,151,151,61,0,0,0,39,0,76,44,23,16,21,0,8.5,7.4,2019-01-23,26.0,2019-03-11
C117A,2019-20,PUNTAGORDA,STA. CRUZ DE TENERIFE,684,152,152,36,0,0,0,26,0,86,56,18,21,12,0,9.0,7.5,2020-01-22,28.6,2019-11-02
C117A,2020-21,PUNTAGORDA,STA. CRUZ DE TENERIFE,684,151,151,54,0,0,0,35,0,48,25,37,19,23,0,8.2,5.5,2021-02-05,28.7,2020-11-01
C117A,2021-22,PUNTAGORDA,STA. CRUZ DE TENERIFE,684,150,150,40,0,0,0,19,0,69,28,29,15,20,0,8.7,6.7,2022-03-15,24.5,2022-02-07
C117A,2022-23,PUNTAGORDA,STA. CRUZ DE TENERIFE,684,151,151,31,0,0,0,29,0,81,53,24,29,35,0,8.7,7.8,2023-02-11,34.1,2023-03-31
C117A,2023-24,PUNTAGORDA,STA. CRUZ DE TENERIFE,684,152,152,4,0,0,0,1,0,124,71,18,35,7,0,10.1,8.3,2024-03-23,29.3,2023-11-14
C117A,2024-25,PUNTAGORDA,STA. CRUZ DE TENERIFE,684,151,151,48,0,0,0,27,0,64,32,38,38,34,0,8.9,6.4,2024-12-24,28.9,2024-11-11
C117A,2025-26,PUNTAGORDA,STA. CRUZ DE TENERIFE,684,147,148,64,0,0,0,37,0,51,25,42,11,55,0,8.0,6.7,2026-03-19,30.5,2025-11-03
C117Z,2017-18,TIJARAFE,STA. CRUZ DE TENERIFE,733,151,151,44,0,0,0,35,0,62,26,22,19,21,0,8.6,8.2,2018-01-29,28.3,2017-11-12
C117Z,2018-19,TIJARAFE,STA. CRUZ DE TENERIFE,733,151,151,36,0,0,0,28,0,84,36,13,15,22,0,9.2,8.4,2019-02-19,26.0,2019-03-11
C117Z,2019-20,TIJARAFE,STA. CRUZ DE TENERIFE,733,152,152,19,0,0,0,12,0,88,52,6,23,10,0,9.5,7.7,2020-03-23,28.1,2019-11-02
C117Z,2020-21,TIJARAFE,STA. CRUZ DE TENERIFE,733,151,151,37,0,0,0,24,0,56,29,25,16,25,0,8.8,5.5,2021-02-05,28.8,2020-11-01
C117Z,2021-22,TIJARAFE,STA. CRUZ DE TENERIFE,733,151,151,19,0,0,0,6,0,72,25,17,13,9,0,9.4,7.3,2022-03-15,24.4,2022-02-07
C117Z,2022-23,TIJARAFE,STA. CRUZ DE TENERIFE,733,151,151,23,0,0,0,23,0,79,49,17,23,47,0,9.3,8.0,2023-02-16,33.5,2023-03-31
C117Z,2023-24,TIJARAFE,STA. CRUZ DE TENERIFE,733,152,152,2,0,0,0,0,0,121,69,19,28,5,0,10.5,9.2,2024-03-29,28.5,2023-11-14
C117Z,2024-25,TIJARAFE,STA. CRUZ DE TENERIFE,733,151,151,18,0,0,0,2,0,67,35,24,16,23,0,9.4,8.6,2025-03-09,28.7,2024-11-10
C117Z,2025-26,TIJARAFE,STA. CRUZ DE TENERIFE,733,151,151,38,0,0,0,20,0,66,31,24,11,35,0,8.6,6.5,2026-03-19,32.0,2025-11-03
C126A,2017-18,EL PASO,STA. CRUZ DE TENERIFE,844,151,151,89,10,0,0,64,0,50,22,36,9,21,0,4.8,3.5,2017-12-25,27.3,2017-11-12
C126A,2018-19,EL PASO,STA. CRUZ DE TENERIFE,844,151,151,111,6,0,0,68,0,71,39,14,17,20,0,5.2,2.9,2019-01-10,25.7,2019-02-13
C126A,2019-20,EL PASO,STA. CRUZ DE TENERIFE,844,152,152,75,6,0,0,47,0,71,49,16,13,17,0,5.0,3.9,2020-01-16,27.8,2019-11-03
C126A,2020-21,EL PASO,STA. CRUZ DE TENERIFE,844,151,151,107,10,0,0,69,0,39,26,36,11,56,0,4.7,2.8,2021-01-18,26.2,2020-11-17
C126A,2021-22,EL PASO,STA. CRUZ DE TENERIFE,844,151,151,89,5,0,0,55,0,27,12,29,7,36,0,5.6,4.2,2022-03-25,23.4,2022-01-01
C126A,2022-23,EL PASO,STA. CRUZ DE TENERIFE,844,151,151,88,13,0,0,65,0,82,62,29,18,29,0,4.7,3.6,2023-02-07,29.7,2023-03-31
C126A,2023-24,EL PASO,STA. CRUZ DE TENERIFE,844,152,152,78,0,0,0,46,0,110,82,26,23,9,0,6.4,5.1,2024-03-27,30.7,2023-11-15
C126A,2024-25,EL PASO,STA. CRUZ DE TENERIFE,844,146,146,100,14,0,0,62,0,74,44,29,11,16,0,4.6,3.5,2025-01-09,29.6,2024-11-09
C126A,2025-26,EL PASO,STA. CRUZ DE TENERIFE,844,151,151,115,10,0,0,80,0,48,31,35,11,18,0,4.7,2.2,2026-01-26,33.1,2025-11-03
C129V,2017-18,FUENCALIENTE,STA. CRUZ DE TENERIFE,19,151,151,0,0,0,0,0,0,150,138,20,114,1,0,14.4,13.8,2018-02-09,26.2,2017-11-01
C129V,2018-19,FUENCALIENTE,STA. CRUZ DE TENERIFE,19,150,150,0,0,0,0,0,0,150,147,15,145,0,0,15.0,14.0,2018-11-23,27.9,2019-02-13
C129V,2019-20,FUENCALIENTE,STA. CRUZ DE TENERIFE,19,152,152,0,0,0,0,0,0,152,151,10,152,0,0,14.8,12.7,2020-01-22,31.9,2020-02-24
C129V,2020-21,FUENCALIENTE,STA. CRUZ DE TENERIFE,19,151,151,0,0,0,0,0,0,151,147,29,151,0,0,14.4,11.8,2021-02-05,33.1,2020-11-17
C129V,2021-22,FUENCALIENTE,STA. CRUZ DE TENERIFE,19,150,150,0,0,0,0,0,0,150,149,24,127,0,0,15.0,13.0,2022-03-15,26.9,2022-02-10
C129V,2022-23,FUENCALIENTE,STA. CRUZ DE TENERIFE,19,150,150,0,0,0,0,0,0,150,148,18,128,0,0,14.5,13.4,2023-02-16,30.0,2023-03-29
C129V,2023-24,FUENCALIENTE,STA. CRUZ DE TENERIFE,19,152,152,0,0,0,0,0,0,152,152,18,152,0,0,16.2,14.9,2024-03-27,30.2,2023-11-16
C129V,2024-25,FUENCALIENTE,STA. CRUZ DE TENERIFE,19,151,151,0,0,0,0,0,0,151,151,22,151,0,0,15.4,14.2,2025-03-05,31.0,2024-11-09
C129V,2025-26,FUENCALIENTE,STA. CRUZ DE TENERIFE,19,147,147,0,0,0,0,0,0,147,139,21,100,0,0,14.7,13.3,2026-03-19,29.8,2025-11-04
C129Z,2017-18,TAZACORTE,SANTA CRUZ DE TENERIFE,62,140,140,0,0,0,0,0,0,140,136,6,86,0,0,13.9,13.4,2018-02-08,25.2,2017-11-08
C129Z,2018-19,TAZACORTE,SANTA CRUZ DE TENERIFE,62,150,150,0,0,0,0,0,0,150,147,7,147,0,0,14.4,13.8,2019-01-24,30.1,2019-02-11
C129Z,2019-20,TAZACORTE,SANTA CRUZ DE TENERIFE,62,150,150,0,0,0,0,0,0,150,149,3,126,0,0,14.6,13.5,2020-03-23,31.1,2020-02-24
C129Z,2020-21,TAZACORTE,SANTA CRUZ DE TENERIFE,62,151,151,0,0,0,0,0,0,150,141,18,96,1,0,13.9,11.2,2021-02-05,31.9,2020-11-01
C129Z,2021-22,TAZACORTE,SANTA CRUZ DE TENERIFE,62,133,133,0,0,0,0,0,0,133,130,13,88,0,0,14.6,13.5,2022-03-15,28.6,2022-02-10
C129Z,2022-23,TAZACORTE,SANTA CRUZ DE TENERIFE,62,151,151,0,0,0,0,0,0,150,150,10,95,1,0,14.3,13.5,2023-02-11,32.9,2023-03-31
C129Z,2023-24,TAZACORTE,SANTA CRUZ DE TENERIFE,62,151,151,0,0,0,0,0,0,151,151,1,95,0,0,15.6,14.6,2024-03-24,30.5,2023-11-21
C129Z,2024-25,TAZACORTE,SANTA CRUZ DE TENERIFE,62,149,149,0,0,0,0,0,0,149,149,19,97,0,0,15.1,14.2,2025-03-05,31.1,2024-12-15
C139E,2017-18,LA PALMA AEROPUERTO,SANTA CRUZ DE TENERIFE,33,147,148,0,0,0,0,0,0,147,118,35,90,1,0,13.9,12.8,2018-02-24,30.2,2018-03-01
C139E,2018-19,LA PALMA AEROPUERTO,SANTA CRUZ DE TENERIFE,33,151,151,0,0,0,0,0,0,150,134,18,109,1,0,14.2,13.5,2019-03-30,28.3,2019-02-23
C139E,2019-20,LA PALMA AEROPUERTO,SANTA CRUZ DE TENERIFE,33,152,151,0,0,0,0,0,0,151,147,20,144,0,0,14.3,13.3,2020-03-28,30.4,2020-02-03
C139E,2020-21,LA PALMA AEROPUERTO,SANTA CRUZ DE TENERIFE,33,150,150,0,0,0,0,0,0,148,129,35,54,1,0,14.0,11.0,2021-02-05,30.3,2020-11-01
C139E,2021-22,LA PALMA AEROPUERTO,SANTA CRUZ DE TENERIFE,33,151,151,0,0,0,0,0,0,151,137,36,151,0,0,14.2,13.7,2022-03-15,28.8,2021-12-31
C139E,2022-23,LA PALMA AEROPUERTO,SANTA CRUZ DE TENERIFE,33,151,151,0,0,0,0,0,0,151,138,30,151,0,0,13.9,12.4,2023-02-16,29.1,2023-03-31
C139E,2023-24,LA PALMA AEROPUERTO,SANTA CRUZ DE TENERIFE,33,152,152,0,0,0,0,0,0,152,149,15,152,0,0,15.7,14.9,2024-03-03,30.2,2023-11-21
C139E,2024-25,LA PALMA AEROPUERTO,SANTA CRUZ DE TENERIFE,33,150,150,0,0,0,0,0,0,150,132,23,101,0,0,14.5,13.7,2025-03-03,30.0,2024-11-20
C139E,2025-26,LA PALMA AEROPUERTO,SANTA CRUZ DE TENERIFE,33,151,151,0,0,0,0,0,0,150,107,32,128,1,0,14.3,11.4,2026-03-19,29.8,2025-11-04
C148F,2017-18,SAN ANDRÉS Y SAUCES,STA. CRUZ DE TENERIFE,362,151,151,0,0,0,0,0,0,92,46,51,32,23,0,11.1,10.4,2018-02-06,25.5,2017-11-24
C148F,2019-20,SAN ANDRÉS Y SAUCES,STA. CRUZ DE TENERIFE,362,152,152,0,0,0,0,0,0,117,61,45,21,8,0,11.7,10.2,2020-01-22,28.5,2020-02-24
C148F,2020-21,SAN ANDRÉS Y SAUCES,STA. CRUZ DE TENERIFE,362,151,151,2,0,0,0,2,0,97,40,55,25,12,0,11.2,8.2,2021-02-05,27.6,2020-11-01
C148F,2021-22,SAN ANDRÉS Y SAUCES,STA. CRUZ DE TENERIFE,362,151,151,1,0,0,0,0,0,96,47,56,15,9,0,11.5,9.8,2022-03-14,26.5,2021-12-31
C148F,2022-23,SAN ANDRÉS Y SAUCES,STA. CRUZ DE TENERIFE,362,151,151,0,0,0,0,0,0,111,80,45,32,11,0,10.9,10.1,2023-02-15,29.2,2023-03-29
C148F,2023-24,SAN ANDRÉS Y SAUCES,STA. CRUZ DE TENERIFE,362,152,152,0,0,0,0,0,0,138,107,35,35,2,0,12.5,12.2,2024-03-29,28.5,2023-11-21
C148F,2024-25,SAN ANDRÉS Y SAUCES,STA. CRUZ DE TENERIFE,362,151,151,0,0,0,0,0,0,121,68,51,38,5,0,11.7,11.0,2025-03-03,29.3,2024-12-16
C148F,2025-26,SAN ANDRÉS Y SAUCES,STA. CRUZ DE TENERIFE,362,151,151,2,0,0,0,1,0,87,38,54,21,13,0,11.2,9.4,2026-03-19,27.7,2025-11-04
C229J,2017-18,PÁJARA,LAS PALMAS,15,150,150,0,0,0,0,0,0,145,123,16,58,2,0,13.1,10.2,2018-02-08,33.1,2017-11-11
C229J,2018-19,PÁJARA,LAS PALMAS,15,149,149,0,0,0,0,0,0,149,146,5,120,0,0,14.3,13.5,2019-03-25,27.9,2018-12-06
C229J,2019-20,PÁJARA,LAS PALMAS,15,152,152,0,0,0,0,0,0,152,141,10,152,0,0,14.7,11.9,2020-03-12,33.5,2019-11-02
C229J,2020-21,PÁJARA,LAS PALMAS,15,151,151,0,0,0,0,0,0,150,132,7,96,1,0,14.6,12.0,2021-02-06,32.1,2020-11-17
C229J,2021-22,PÁJARA,LAS PALMAS,15,147,147,0,0,0,0,0,0,147,138,7,93,0,0,14.6,11.6,2022-01-18,29.1,2022-02-02
C229J,2022-23,PÁJARA,LAS PALMAS,15,144,144,0,0,0,0,0,0,144,135,8,41,0,0,14.8,12.6,2023-02-10,36.9,2023-03-30
C229J,2023-24,PÁJARA,LAS PALMAS,15,150,150,0,0,0,0,0,0,150,150,4,71,0,0,16.9,13.8,2024-03-22,31.6,2023-11-14
C229J,2024-25,PÁJARA,LAS PALMAS,15,135,135,0,0,0,0,0,0,135,135,6,83,0,0,16.7,15.7,2025-03-05,32.4,2024-11-09
C229J,2025-26,PÁJARA,LAS PALMAS,15,151,151,0,0,0,0,0,0,149,127,18,79,1,0,15.1,13.6,2026-03-03,29.0,2026-02-22
C239N,2017-18,"TUINEJE,PUERTO GRAN TARAJAL",LAS PALMAS,1,150,150,2,0,0,0,2,0,145,123,6,87,2,0,11.5,9.0,2018-01-31,28.4,2018-03-28
C239N,2018-19,"TUINEJE,PUERTO GRAN TARAJAL",LAS PALMAS,1,151,151,0,0,0,0,0,0,151,129,6,151,0,0,12.1,10.7,2019-01-10,26.7,2018-12-06
C239N,2019-20,"TUINEJE,PUERTO GRAN TARAJAL",LAS PALMAS,1,150,150,4,0,0,0,4,0,150,140,5,92,0,0,11.6,9.0,2020-01-22,31.0,2019-11-02
C239N,2020-21,"TUINEJE,PUERTO GRAN TARAJAL",LAS PALMAS,1,151,151,1,0,0,0,1,0,151,132,6,151,0,0,12.4,9.3,2021-01-20,30.4,2020-11-17
C239N,2021-22,"TUINEJE,PUERTO GRAN TARAJAL",LAS PALMAS,1,151,151,0,0,0,0,0,0,150,138,6,87,1,0,11.6,10.0,2022-02-21,27.9,2022-02-02
C239N,2022-23,"TUINEJE,PUERTO GRAN TARAJAL",LAS PALMAS,1,151,151,2,0,0,0,2,0,151,138,6,151,0,0,11.4,9.9,2023-02-09,34.4,2023-03-30
C239N,2023-24,"TUINEJE,PUERTO GRAN TARAJAL",LAS PALMAS,1,152,152,0,0,0,0,0,0,152,151,7,152,0,0,13.0,11.8,2024-01-07,31.0,2023-11-14
C239N,2024-25,"TUINEJE,PUERTO GRAN TARAJAL",LAS PALMAS,1,151,151,1,0,0,0,1,0,151,150,6,151,0,0,11.5,9.2,2025-01-05,32.5,2024-11-10
C239N,2025-26,"TUINEJE,PUERTO GRAN TARAJAL",LAS PALMAS,1,151,151,0,0,0,0,0,0,150,137,20,108,1,0,11.1,10.5,2026-01-26,28.8,2026-02-22
C248E,2017-18,ANTIGUA,LAS PALMAS,252,121,121,14,0,0,0,13,0,99,66,17,36,5,0,8.6,7.3,2018-01-29,29.4,2018-03-28
C248E,2018-19,ANTIGUA,LAS PALMAS,252,150,150,10,0,0,0,9,0,146,101,11,78,2,0,9.7,8.4,2019-01-16,27.4,2019-02-24
C248E,2019-20,ANTIGUA,LAS PALMAS,252,149,149,5,0,0,0,5,0,140,98,13,46,2,0,10.4,8.0,2020-01-15,29.5,2019-11-02
C248E,2020-21,ANTIGUA,LAS PALMAS,252,137,137,3,0,0,0,3,0,121,85,11,33,4,0,10.2,9.1,2021-01-18,31.5,2020-11-18
C248E,2021-22,ANTIGUA,LAS PALMAS,252,151,151,6,0,0,0,2,0,142,89,11,52,3,0,10.1,8.3,2022-02-21,27.4,2022-02-02
C248E,2022-23,ANTIGUA,LAS PALMAS,252,151,151,9,0,0,0,9,0,141,114,6,78,3,0,9.6,8.1,2023-02-09,33.0,2023-03-12
C248E,2023-24,ANTIGUA,LAS PALMAS,252,152,152,1,0,0,0,0,0,152,137,9,152,0,0,11.4,9.7,2024-03-27,32.4,2024-03-16
C248E,2024-25,ANTIGUA,LAS PALMAS,252,150,150,3,0,0,0,3,0,149,113,16,94,1,0,10.3,9.3,2025-01-05,32.1,2024-11-09
C248E,2025-26,ANTIGUA,LAS PALMAS,252,149,149,9,0,0,0,8,0,130,69,35,32,4,0,9.8,8.7,2026-02-18,32.3,2025-11-04
C249I,2017-18,FUERTEVENTURA AEROPUERTO,LAS PALMAS,25,148,147,1,0,0,0,1,0,145,113,9,89,1,0,12.6,9.5,2018-02-08,29.1,2017-11-21
C249I,2018-19,FUERTEVENTURA AEROPUERTO,LAS PALMAS,25,151,151,0,0,0,0,0,0,151,138,5,151,0,0,13.4,12.2,2019-02-05,27.0,2019-02-26
C249I,2019-20,FUERTEVENTURA AEROPUERTO,LAS PALMAS,25,152,152,0,0,0,0,0,0,152,144,7,152,0,0,12.7,10.5,2020-01-15,28.6,2020-02-05
C249I,2020-21,FUERTEVENTURA AEROPUERTO,LAS PALMAS,25,150,150,0,0,0,0,0,0,150,138,11,145,0,0,12.9,10.9,2021-01-20,31.0,2020-11-16
C249I,2021-22,FUERTEVENTURA AEROPUERTO,LAS PALMAS,25,150,150,0,0,0,0,0,0,149,140,7,63,1,0,13.0,10.2,2022-03-14,26.9,2021-12-30
C249I,2022-23,FUERTEVENTURA AEROPUERTO,LAS PALMAS,25,151,151,0,0,0,0,0,0,151,135,9,151,0,0,13.1,11.6,2023-02-09,30.8,2022-11-13
C249I,2023-24,FUERTEVENTURA AEROPUERTO,LAS PALMAS,25,146,146,0,0,0,0,0,0,146,145,3,79,0,0,13.6,12.5,2024-03-24,29.9,2024-01-16
C249I,2024-25,FUERTEVENTURA AEROPUERTO,LAS PALMAS,25,151,151,0,0,0,0,0,0,151,147,7,151,0,0,12.6,11.0,2025-01-05,29.4,2024-11-23
C249I,2025-26,FUERTEVENTURA AEROPUERTO,LAS PALMAS,25,150,150,0,0,0,0,0,0,149,137,17,69,1,0,12.5,11.8,2025-12-13,26.3,2025-11-05
C258K,2017-18,LA OLIVA,LAS PALMAS,217,151,151,12,0,0,0,12,0,118,71,21,36,15,0,9.2,7.9,2018-01-31,29.3,2017-11-28
C258K,2018-19,LA OLIVA,LAS PALMAS,217,151,151,4,0,0,0,3,0,141,86,16,78,2,0,10.5,8.6,2019-01-10,27.0,2019-02-23
C258K,2019-20,LA OLIVA,LAS PALMAS,217,151,151,8,0,0,0,8,0,145,102,10,61,2,0,10.1,7.6,2020-01-22,29.1,2020-02-05
C258K,2020-21,LA OLIVA,LAS PALMAS,217,151,151,4,0,0,0,4,0,140,96,7,62,4,0,10.4,8.8,2021-01-20,31.8,2020-11-18
C258K,2021-22,LA OLIVA,LAS PALMAS,217,149,149,3,0,0,0,2,0,141,85,10,30,2,0,10.3,7.7,2022-02-21,26.7,2022-02-10
C258K,2022-23,LA OLIVA,LAS PALMAS,217,150,150,8,0,0,0,8,0,140,112,12,58,3,0,9.9,7.8,2023-01-30,31.7,2023-03-12
C258K,2023-24,LA OLIVA,LAS PALMAS,217,152,152,1,0,0,0,0,0,152,136,6,152,0,0,12.1,9.6,2024-03-24,33.6,2024-03-16
C258K,2024-25,LA OLIVA,LAS PALMAS,217,151,151,4,0,0,0,3,0,150,123,13,127,1,0,10.6,9.1,2025-03-02,33.3,2024-11-08
C258K,2025-26,LA OLIVA,LAS PALMAS,217,151,151,9,0,0,0,7,0,134,74,32,42,3,0,9.8,8.9,2026-01-25,31.7,2025-11-04
C314Z,2017-18,"VALLEHERMOSO, ALTO IGUALERO  ",STA. CRUZ DE TENERIFE,1474,138,138,110,49,0,0,72,0,16,7,35,3,62,0,2.5,1.3,2018-02-08,23.9,2017-11-12
C314Z,2018-19,"VALLEHERMOSO, ALTO IGUALERO  ",STA. CRUZ DE TENERIFE,1474,151,151,124,46,0,0,72,0,10,0,35,3,64,0,3.7,2.7,2019-02-19,19.9,2019-03-13
C314Z,2019-20,"VALLEHERMOSO, ALTO IGUALERO  ",STA. CRUZ DE TENERIFE,1474,152,152,105,39,0,0,59,0,19,8,36,4,38,0,3.6,1.9,2020-01-22,24.3,2020-03-04
C314Z,2021-22,"VALLEHERMOSO, ALTO IGUALERO  ",STA. CRUZ DE TENERIFE,1474,151,151,131,45,0,0,75,0,11,4,53,3,51,0,3.5,1.4,2022-03-14,22.9,2021-11-02
C314Z,2022-23,"VALLEHERMOSO, ALTO IGUALERO  ",STA. CRUZ DE TENERIFE,1474,151,151,105,33,0,0,83,0,46,30,29,10,76,0,3.3,2.5,2023-02-05,26.3,2023-03-12
C314Z,2023-24,"VALLEHERMOSO, ALTO IGUALERO  ",STA. CRUZ DE TENERIFE,1474,133,133,87,15,0,0,46,0,38,21,31,14,17,0,4.6,3.2,2024-03-27,24.7,2023-11-12
C314Z,2024-25,"VALLEHERMOSO, ALTO IGUALERO  ",STA. CRUZ DE TENERIFE,1474,151,151,116,39,0,0,73,0,30,13,50,8,35,0,4.0,2.7,2025-03-05,25.9,2024-11-09
C314Z,2025-26,"VALLEHERMOSO, ALTO IGUALERO  ",STA. CRUZ DE TENERIFE,1474,126,126,113,44,0,0,57,0,19,15,63,8,33,0,2.6,0.9,2026-03-03,28.5,2025-11-02
C316I,2018-19,ARURE,STA. CRUZ DE TENERIFE,916,151,151,76,0,0,0,46,0,56,31,35,9,20,0,7.4,5.8,2019-02-21,23.7,2019-02-12
C316I,2019-20,ARURE,STA. CRUZ DE TENERIFE,916,152,152,70,0,0,0,48,0,64,50,32,13,17,0,7.3,5.4,2020-01-22,27.2,2020-03-04
C316I,2020-21,ARURE,STA. CRUZ DE TENERIFE,916,151,151,82,1,0,0,49,0,42,29,46,19,56,0,7.2,4.7,2021-02-05,28.0,2020-11-01
C316I,2021-22,ARURE,STA. CRUZ DE TENERIFE,916,151,151,77,0,0,0,42,0,37,18,43,12,42,0,7.5,5.7,2022-03-15,26.6,2021-11-01
C316I,2022-23,ARURE,STA. CRUZ DE TENERIFE,916,151,151,60,0,0,0,50,0,64,42,41,17,47,0,7.4,6.5,2023-02-02,30.9,2023-03-30
C316I,2023-24,ARURE,STA. CRUZ DE TENERIFE,916,152,152,34,0,0,0,15,0,88,65,22,17,20,0,8.8,7.7,2024-03-27,29.3,2023-11-15
C316I,2024-25,ARURE,STA. CRUZ DE TENERIFE,916,151,151,82,0,0,0,54,0,50,35,43,10,33,0,8.1,7.2,2025-03-03,28.4,2024-11-09
C316I,2025-26,ARURE,STA. CRUZ DE TENERIFE,916,151,151,92,0,0,0,60,0,38,24,53,9,50,0,7.2,6.1,2026-03-19,31.6,2025-11-03
C317B,2017-18,AGULO,STA. CRUZ DE TENERIFE,765,151,151,53,0,0,0,43,0,58,31,34,13,21,0,8.4,7.3,2018-02-08,30.5,2017-11-12
C317B,2018-19,AGULO,STA. CRUZ DE TENERIFE,765,151,151,39,0,0,0,29,0,64,38,30,14,20,0,9.0,7.3,2019-02-21,26.4,2019-02-12
C317B,2019-20,AGULO,STA. CRUZ DE TENERIFE,765,151,151,27,0,0,0,18,0,72,49,29,11,17,0,8.8,7.0,2020-01-22,29.0,2020-02-25
C317B,2020-21,AGULO,STA. CRUZ DE TENERIFE,765,149,149,48,0,0,0,33,0,63,38,44,8,14,0,8.3,6.2,2021-02-05,30.4,2020-11-01
C317B,2021-22,AGULO,STA. CRUZ DE TENERIFE,765,151,151,44,0,0,0,23,0,70,37,29,19,15,0,8.5,6.5,2022-01-28,26.7,2022-01-01
C317B,2022-23,AGULO,STA. CRUZ DE TENERIFE,765,151,151,29,0,0,0,29,0,93,66,32,19,18,0,8.5,6.7,2023-02-02,32.0,2023-03-31
C317B,2023-24,AGULO,STA. CRUZ DE TENERIFE,765,152,152,7,0,0,0,1,0,115,87,18,25,10,0,10.1,9.1,2024-03-27,29.7,2023-11-15
C317B,2024-25,AGULO,STA. CRUZ DE TENERIFE,765,151,151,31,0,0,0,16,0,94,62,41,38,8,0,9.1,8.0,2025-03-05,30.9,2024-11-09
C317B,2025-26,AGULO,STA. CRUZ DE TENERIFE,765,146,146,58,0,0,0,36,0,44,29,40,12,34,0,8.5,7.2,2026-03-19,34.0,2025-11-03
C319W,2017-18,"VALLEHERMOSO, DAMA",STA. CRUZ DE TENERIFE,190,151,151,2,0,0,0,2,0,148,141,14,99,1,0,11.6,9.6,2018-02-14,28.8,2017-11-12
C319W,2018-19,"VALLEHERMOSO, DAMA",STA. CRUZ DE TENERIFE,190,151,151,1,0,0,0,1,0,150,149,11,144,1,0,11.1,9.8,2019-01-15,28.6,2019-02-13
C319W,2019-20,"VALLEHERMOSO, DAMA",STA. CRUZ DE TENERIFE,190,152,152,0,0,0,0,0,0,152,150,5,152,0,0,11.1,10.5,2020-01-17,30.0,2019-11-02
C319W,2020-21,"VALLEHERMOSO, DAMA",STA. CRUZ DE TENERIFE,190,150,150,0,0,0,0,0,0,149,144,17,55,1,0,11.9,10.2,2021-01-18,33.2,2020-11-18
C319W,2021-22,"VALLEHERMOSO, DAMA",STA. CRUZ DE TENERIFE,190,151,151,0,0,0,0,0,0,151,146,18,151,0,0,11.9,11.0,2022-02-22,28.0,2021-11-01
C319W,2022-23,"VALLEHERMOSO, DAMA",STA. CRUZ DE TENERIFE,190,151,151,0,0,0,0,0,0,150,149,8,101,1,0,12.2,10.7,2023-02-08,33.5,2023-03-29
C319W,2023-24,"VALLEHERMOSO, DAMA",STA. CRUZ DE TENERIFE,190,152,152,0,0,0,0,0,0,152,152,7,152,0,0,13.3,11.8,2023-12-25,33.1,2023-11-15
C319W,2024-25,"VALLEHERMOSO, DAMA",STA. CRUZ DE TENERIFE,190,151,151,0,0,0,0,0,0,151,151,16,151,0,0,12.1,10.7,2025-03-03,31.4,2024-11-10
C319W,2025-26,"VALLEHERMOSO, DAMA",STA. CRUZ DE TENERIFE,190,151,151,0,0,0,0,0,0,151,144,18,151,0,0,12.3,10.8,2026-02-18,30.3,2025-11-04
C328W,2017-18,HERMIGUA,STA. CRUZ DE TENERIFE,252,151,151,5,0,0,0,5,0,105,62,23,41,19,0,10.2,8.6,2017-12-25,29.7,2017-11-27
C328W,2018-19,HERMIGUA,STA. CRUZ DE TENERIFE,252,151,151,14,0,0,0,13,0,124,69,18,70,8,0,9.3,8.2,2019-02-09,28.4,2019-02-13
C328W,2019-20,HERMIGUA,STA. CRUZ DE TENERIFE,252,152,152,6,0,0,0,6,0,138,76,18,34,3,0,10.4,9.3,2020-01-04,29.5,2020-02-24
C328W,2020-21,HERMIGUA,STA. CRUZ DE TENERIFE,252,151,151,5,0,0,0,5,0,123,53,38,34,8,0,11.0,8.7,2021-02-20,30.0,2020-11-17
C328W,2021-22,HERMIGUA,STA. CRUZ DE TENERIFE,252,151,151,3,0,0,0,2,0,136,71,25,39,4,0,10.8,9.5,2022-03-11,28.4,2021-12-30
C328W,2022-23,HERMIGUA,STA. CRUZ DE TENERIFE,252,151,151,0,0,0,0,0,0,140,100,25,79,3,0,11.2,10.3,2023-02-06,28.5,2023-03-29
C328W,2023-24,HERMIGUA,STA. CRUZ DE TENERIFE,252,152,152,0,0,0,0,0,0,151,129,14,121,1,0,11.8,10.3,2023-12-27,31.0,2023-11-15
C328W,2024-25,HERMIGUA,STA. CRUZ DE TENERIFE,252,151,151,0,0,0,0,0,0,144,94,23,51,1,0,10.7,10.0,2025-01-20,32.3,2024-11-10
C328W,2025-26,HERMIGUA,STA. CRUZ DE TENERIFE,252,151,151,4,0,0,0,3,0,120,47,39,42,10,0,10.7,9.2,2026-02-18,31.8,2025-11-04
C329B,2017-18,"LA GOMERA, AEROPUERTO",STA. CRUZ DE TENERIFE,219,150,151,0,0,0,0,0,0,148,127,14,99,1,0,13.4,12.6,2018-02-06,28.9,2017-11-11
C329B,2018-19,"LA GOMERA, AEROPUERTO",STA. CRUZ DE TENERIFE,219,151,151,0,0,0,0,0,0,150,136,9,144,1,0,13.6,13.0,2019-02-09,29.1,2019-02-12
C329B,2019-20,"LA GOMERA, AEROPUERTO",STA. CRUZ DE TENERIFE,219,146,146,0,0,0,0,0,0,146,137,4,146,0,0,14.0,12.5,2020-01-22,29.3,2020-03-08
C329B,2020-21,"LA GOMERA, AEROPUERTO",STA. CRUZ DE TENERIFE,219,151,151,0,0,0,0,0,0,149,131,14,69,1,0,13.4,10.8,2021-02-05,30.7,2020-11-01
C329B,2021-22,"LA GOMERA, AEROPUERTO",STA. CRUZ DE TENERIFE,219,151,151,0,0,0,0,0,0,151,141,17,151,0,0,13.7,11.8,2022-03-15,27.5,2022-02-07
C329B,2022-23,"LA GOMERA, AEROPUERTO",STA. CRUZ DE TENERIFE,219,151,151,0,0,0,0,0,0,150,138,7,101,1,0,13.8,12.2,2023-02-10,35.9,2023-03-30
C329B,2023-24,"LA GOMERA, AEROPUERTO",STA. CRUZ DE TENERIFE,219,152,152,0,0,0,0,0,0,152,152,9,152,0,0,15.4,14.1,2024-03-23,32.6,2023-11-15
C329B,2024-25,"LA GOMERA, AEROPUERTO",STA. CRUZ DE TENERIFE,219,151,151,0,0,0,0,0,0,151,146,12,151,0,0,14.0,13.1,2025-03-03,32.3,2024-11-10
C329B,2025-26,"LA GOMERA, AEROPUERTO",STA. CRUZ DE TENERIFE,219,151,151,0,0,0,0,0,0,148,127,18,74,1,0,13.4,11.4,2026-03-19,31.2,2025-11-03
C329Z,2017-18,SAN SEBASTIÁN DE LA GOMERA,STA. CRUZ DE TENERIFE,15,150,150,0,0,0,0,0,0,148,127,14,96,1,0,14.2,12.7,2018-02-24,28.2,2017-11-12
C329Z,2018-19,SAN SEBASTIÁN DE LA GOMERA,STA. CRUZ DE TENERIFE,15,151,151,0,0,0,0,0,0,151,145,8,151,0,0,14.2,12.6,2019-02-09,29.0,2018-12-07
C329Z,2019-20,SAN SEBASTIÁN DE LA GOMERA,STA. CRUZ DE TENERIFE,15,152,152,0,0,0,0,0,0,152,150,6,152,0,0,14.7,13.3,2020-01-22,30.0,2019-11-02
C329Z,2020-21,SAN SEBASTIÁN DE LA GOMERA,STA. CRUZ DE TENERIFE,15,150,150,0,0,0,0,0,0,149,143,20,54,1,0,14.2,12.1,2021-02-05,30.2,2020-11-17
C329Z,2021-22,SAN SEBASTIÁN DE LA GOMERA,STA. CRUZ DE TENERIFE,15,151,151,0,0,0,0,0,0,151,147,15,151,0,0,14.4,13.3,2022-02-22,27.1,2022-02-07
C329Z,2022-23,SAN SEBASTIÁN DE LA GOMERA,STA. CRUZ DE TENERIFE,15,151,150,0,0,0,0,0,0,150,146,9,112,0,0,14.3,13.1,2023-02-11,34.9,2023-03-30
C329Z,2024-25,SAN SEBASTIÁN DE LA GOMERA,STA. CRUZ DE TENERIFE,15,151,151,0,0,0,0,0,0,151,149,16,151,0,0,15.0,13.6,2025-03-03,32.4,2024-11-10
C329Z,2025-26,SAN SEBASTIÁN DE LA GOMERA,STA. CRUZ DE TENERIFE,15,150,150,0,0,0,0,0,0,150,136,19,142,0,0,14.4,13.6,2026-02-21,30.1,2026-02-22
C406G,2017-18,"LA OROTAVA, CAÑADAS TEIDE",STA. CRUZ DE TENERIFE,2150,147,147,147,115,33,12,90,32,19,4,12,5,58,10,-3.7,-5.9,2018-02-22,21.3,2017-11-01
C406G,2018-19,"LA OROTAVA, CAÑADAS TEIDE",STA. CRUZ DE TENERIFE,2150,151,151,151,140,55,7,90,38,29,5,5,5,37,10,-2.9,-4.9,2019-01-17,21.7,2018-11-04
C406G,2019-20,"LA OROTAVA, CAÑADAS TEIDE",STA. CRUZ DE TENERIFE,2150,152,152,148,111,28,8,91,15,29,9,3,7,24,7,-3.1,-8.5,2020-01-22,23.5,2020-03-02
C406G,2020-21,"LA OROTAVA, CAÑADAS TEIDE",STA. CRUZ DE TENERIFE,2150,133,133,128,109,36,3,74,24,19,2,15,6,41,7,-2.6,-4.7,2021-01-12,20.5,2020-11-10
C406G,2021-22,"LA OROTAVA, CAÑADAS TEIDE",STA. CRUZ DE TENERIFE,2150,151,151,151,135,47,13,90,32,11,3,14,6,117,7,-4.0,-4.7,2022-01-28,22.2,2021-11-03
C406G,2022-23,"LA OROTAVA, CAÑADAS TEIDE",STA. CRUZ DE TENERIFE,2150,139,139,137,109,43,13,80,42,26,8,5,11,71,25,-3.8,-6.8,2023-02-09,21.5,2023-03-31
C406G,2023-24,"LA OROTAVA, CAÑADAS TEIDE",STA. CRUZ DE TENERIFE,2150,152,152,145,90,16,3,87,9,54,19,6,12,21,6,-1.2,-3.8,2023-12-23,24.3,2024-03-14
C406G,2024-25,"LA OROTAVA, CAÑADAS TEIDE",STA. CRUZ DE TENERIFE,2150,133,133,130,92,24,3,72,14,27,3,11,9,27,8,-2.2,-5.7,2025-03-05,20.2,2024-11-01
C406G,2025-26,"LA OROTAVA, CAÑADAS TEIDE",STA. CRUZ DE TENERIFE,2150,142,142,139,116,28,0,81,17,24,5,10,9,44,4,-1.5,-2.8,2026-03-19,22.4,2025-11-03
C419L,2018-19,LOMO DEL BALO,SANTA CRUZ DE TENERIFE,403,151,151,0,0,0,0,0,0,147,108,6,83,2,0,11.4,10.1,2019-02-09,28.1,2019-02-11
C419L,2019-20,LOMO DEL BALO,SANTA CRUZ DE TENERIFE,403,135,135,0,0,0,0,0,0,133,109,6,65,1,0,11.7,10.9,2020-01-22,29.1,2020-02-24
C419L,2020-21,LOMO DEL BALO,SANTA CRUZ DE TENERIFE,403,151,151,1,0,0,0,1,0,146,101,16,69,1,0,11.3,9.9,2021-02-05,30.6,2020-11-01
C419L,2021-22,LOMO DEL BALO,SANTA CRUZ DE TENERIFE,403,143,143,2,0,0,0,0,0,138,109,17,48,1,0,11.4,9.2,2022-03-15,27.5,2021-12-30
C419L,2022-23,LOMO DEL BALO,SANTA CRUZ DE TENERIFE,403,150,150,0,0,0,0,0,0,143,113,9,49,2,0,11.1,10.3,2023-02-16,32.3,2023-03-30
C419L,2023-24,LOMO DEL BALO,SANTA CRUZ DE TENERIFE,403,152,152,0,0,0,0,0,0,152,141,7,152,0,0,12.8,11.9,2024-03-24,31.0,2023-11-15
C419L,2024-25,LOMO DEL BALO,SANTA CRUZ DE TENERIFE,403,150,151,0,0,0,0,0,0,148,112,12,121,2,0,12.1,11.0,2025-03-05,30.6,2024-11-20
C419L,2025-26,LOMO DEL BALO,SANTA CRUZ DE TENERIFE,403,150,150,0,0,0,0,0,0,134,80,17,42,4,0,11.1,10.4,2025-12-13,33.7,2025-11-04
C419X,2017-18,ADEJE,STA. CRUZ DE TENERIFE,130,151,151,0,0,0,0,0,0,150,143,5,114,1,0,12.1,10.6,2018-02-14,30.0,2017-11-27
C419X,2018-19,ADEJE,STA. CRUZ DE TENERIFE,130,151,151,0,0,0,0,0,0,151,149,7,151,0,0,12.1,10.9,2019-01-15,29.9,2018-12-06
C419X,2019-20,ADEJE,STA. CRUZ DE TENERIFE,130,150,150,0,0,0,0,0,0,150,148,2,78,0,0,13.0,11.4,2020-01-19,31.5,2020-02-24
C419X,2020-21,ADEJE,STA. CRUZ DE TENERIFE,130,151,151,0,0,0,0,0,0,151,147,13,151,0,0,12.9,11.9,2021-03-23,33.1,2020-11-17
C419X,2021-22,ADEJE,STA. CRUZ DE TENERIFE,130,151,151,0,0,0,0,0,0,151,150,15,151,0,0,13.2,12.2,2022-02-23,29.3,2021-12-30
C419X,2022-23,ADEJE,STA. CRUZ DE TENERIFE,130,151,151,0,0,0,0,0,0,151,151,9,151,0,0,12.8,11.8,2023-02-08,32.3,2022-11-14
C419X,2023-24,ADEJE,STA. CRUZ DE TENERIFE,130,152,152,0,0,0,0,0,0,152,152,5,152,0,0,13.8,12.9,2023-12-27,34.2,2023-11-15
C419X,2024-25,ADEJE,STA. CRUZ DE TENERIFE,130,150,151,0,0,0,0,0,0,151,151,9,151,0,0,13.2,11.9,2025-02-10,34.6,2024-11-10
C419X,2025-26,ADEJE,STA. CRUZ DE TENERIFE,130,150,151,1,0,0,0,1,0,151,145,9,151,0,0,12.9,8.6,2025-12-13,32.9,2025-11-04
C428T,2017-18,ARICO,STA. CRUZ DE TENERIFE,418,151,151,6,0,0,0,5,0,125,75,3,32,3,0,10.0,9.3,2018-02-08,29.1,2018-03-09
C428T,2018-19,ARICO,STA. CRUZ DE TENERIFE,418,151,151,2,0,0,0,2,0,134,81,10,57,5,0,10.6,9.6,2019-02-19,28.5,2019-02-11
C428T,2019-20,ARICO,STA. CRUZ DE TENERIFE,418,152,152,1,0,0,0,1,0,144,98,9,50,2,0,11.2,9.6,2020-01-22,28.2,2020-02-25
C428T,2020-21,ARICO,STA. CRUZ DE TENERIFE,418,151,151,0,0,0,0,0,0,132,71,16,42,5,0,10.6,10.1,2021-02-05,31.8,2020-11-17
C428T,2021-22,ARICO,STA. CRUZ DE TENERIFE,418,150,150,0,0,0,0,0,0,143,81,19,35,2,0,10.8,10.2,2022-03-15,28.5,2022-01-01
C428T,2022-23,ARICO,STA. CRUZ DE TENERIFE,418,151,151,0,0,0,0,0,0,139,101,16,55,4,0,10.4,10.0,2022-12-26,33.4,2023-03-30
C428T,2023-24,ARICO,STA. CRUZ DE TENERIFE,418,152,152,0,0,0,0,0,0,150,132,9,100,1,0,12.3,10.7,2024-03-23,33.0,2023-11-15
C428T,2024-25,ARICO,STA. CRUZ DE TENERIFE,418,151,151,0,0,0,0,0,0,144,96,11,94,3,0,11.2,10.7,2025-03-03,34.5,2024-11-09
C428T,2025-26,ARICO,STA. CRUZ DE TENERIFE,418,151,151,1,0,0,0,1,0,134,88,16,42,5,0,10.6,9.5,2025-12-13,32.9,2025-11-04
C429I,2017-18,TENERIFE SUR AEROPUERTO,SANTA CRUZ DE TENERIFE,64,150,149,0,0,0,0,0,0,148,148,3,75,1,0,12.4,10.8,2018-01-30,30.6,2018-03-28
C429I,2018-19,TENERIFE SUR AEROPUERTO,SANTA CRUZ DE TENERIFE,64,151,151,0,0,0,0,0,0,151,149,4,151,0,0,13.0,12.0,2019-02-10,29.8,2018-12-06
C429I,2019-20,TENERIFE SUR AEROPUERTO,SANTA CRUZ DE TENERIFE,64,151,151,0,0,0,0,0,0,151,151,1,119,0,0,12.7,10.7,2020-01-22,31.9,2020-02-24
C429I,2020-21,TENERIFE SUR AEROPUERTO,SANTA CRUZ DE TENERIFE,64,150,151,0,0,0,0,0,0,151,146,12,151,0,0,12.7,11.4,2021-02-06,33.1,2020-11-01
C429I,2021-22,TENERIFE SUR AEROPUERTO,SANTA CRUZ DE TENERIFE,64,151,151,0,0,0,0,0,0,151,151,12,151,0,0,12.9,10.8,2021-12-18,29.1,2022-01-01
C429I,2022-23,TENERIFE SUR AEROPUERTO,SANTA CRUZ DE TENERIFE,64,151,151,0,0,0,0,0,0,151,149,10,151,0,0,12.9,11.1,2023-02-01,37.7,2023-03-30
C429I,2023-24,TENERIFE SUR AEROPUERTO,SANTA CRUZ DE TENERIFE,64,152,152,0,0,0,0,0,0,152,152,6,152,0,0,14.4,13.0,2023-12-27,33.7,2023-11-15
C429I,2024-25,TENERIFE SUR AEROPUERTO,SANTA CRUZ DE TENERIFE,64,150,150,0,0,0,0,0,0,150,149,7,104,0,0,12.4,10.3,2025-02-10,33.6,2024-11-10
C429I,2025-26,TENERIFE SUR AEROPUERTO,SANTA CRUZ DE TENERIFE,64,151,151,0,0,0,0,0,0,151,151,11,151,0,0,13.8,12.2,2026-02-08,31.7,2025-11-03
C430E,2017-18,IZAÑA,SANTA CRUZ DE TENERIFE,2369,151,151,151,115,44,16,90,41,0,0,24,0,151,17,-3.8,-6.3,2018-01-30,17.0,2017-11-01
C430E,2018-19,IZAÑA,SANTA CRUZ DE TENERIFE,2369,151,151,151,121,31,1,90,11,0,0,17,0,151,8,-1.8,-3.5,2018-11-23,16.3,2018-11-07
C430E,2019-20,IZAÑA,SANTA CRUZ DE TENERIFE,2369,152,152,150,107,30,5,91,15,2,0,11,1,122,11,-2.6,-5.2,2020-01-22,18.2,2020-03-02
C430E,2020-21,IZAÑA,SANTA CRUZ DE TENERIFE,2369,151,151,150,111,38,12,90,26,1,0,20,1,141,8,-4.2,-6.2,2021-01-13,19.0,2020-11-10
C430E,2021-22,IZAÑA,SANTA CRUZ DE TENERIFE,2369,151,151,150,129,44,8,90,27,0,0,20,0,151,7,-3.0,-5.1,2022-03-16,17.5,2021-11-01
C430E,2022-23,IZAÑA,SANTA CRUZ DE TENERIFE,2369,151,151,149,82,40,12,90,40,2,0,13,1,134,19,-3.6,-4.8,2023-02-17,18.9,2023-03-15
C430E,2023-24,IZAÑA,SANTA CRUZ DE TENERIFE,2369,152,152,147,70,24,1,89,9,4,1,16,1,69,7,-1.7,-3.7,2024-03-03,20.2,2024-03-14
C430E,2024-25,IZAÑA,SANTA CRUZ DE TENERIFE,2369,151,151,146,104,29,2,89,18,1,0,15,1,104,7,-1.6,-3.8,2025-03-05,18.1,2024-12-17
C430E,2025-26,IZAÑA,SANTA CRUZ DE TENERIFE,2369,149,149,145,111,46,6,90,29,3,1,30,3,141,7,-2.9,-5.6,2026-03-03,20.7,2025-11-02
C438N,2017-18,CANDELARIA,STA. CRUZ DE TENERIFE,463,151,151,26,0,0,0,20,0,96,58,17,32,12,0,9.2,8.0,2018-03-23,25.7,2018-03-28
C438N,2018-19,CANDELARIA,STA. CRUZ DE TENERIFE,463,151,151,20,0,0,0,16,0,112,58,12,36,7,0,9.3,8.5,2019-01-10,26.3,2019-02-13
C438N,2019-20,CANDELARIA,STA. CRUZ DE TENERIFE,463,152,152,9,0,0,0,8,0,127,70,10,54,7,0,9.9,8.6,2020-01-22,27.4,2019-11-02
C438N,2020-21,CANDELARIA,STA. CRUZ DE TENERIFE,463,151,151,17,0,0,0,11,0,113,58,17,25,13,0,9.1,8.1,2021-02-05,30.2,2020-11-17
C438N,2021-22,CANDELARIA,STA. CRUZ DE TENERIFE,463,151,151,10,0,0,0,3,0,121,52,23,17,3,0,9.8,8.6,2022-03-15,25.8,2022-01-02
C438N,2022-23,CANDELARIA,STA. CRUZ DE TENERIFE,463,151,151,7,0,0,0,7,0,122,80,16,46,10,0,10.0,8.7,2023-02-10,31.2,2023-03-30
C438N,2023-24,CANDELARIA,STA. CRUZ DE TENERIFE,463,152,152,0,0,0,0,0,0,147,103,16,79,1,0,11.4,10.1,2024-03-12,30.1,2023-11-15
C438N,2024-25,CANDELARIA,STA. CRUZ DE TENERIFE,463,151,150,5,0,0,0,3,0,127,60,11,46,4,0,10.1,9.4,2025-03-05,32.5,2024-11-09
C438N,2025-26,CANDELARIA,STA. CRUZ DE TENERIFE,463,151,151,18,0,0,0,12,0,107,54,28,21,7,0,9.6,8.4,2026-02-21,31.2,2025-11-04
C439J,2017-18,GÜÍMAR,SANTA CRUZ DE TENERIFE,115,151,151,1,0,0,0,1,0,148,117,11,89,1,0,11.2,9.7,2018-01-30,26.4,2017-11-08
C439J,2018-19,GÜÍMAR,SANTA CRUZ DE TENERIFE,115,151,151,0,0,0,0,0,0,150,125,9,144,1,0,11.5,10.0,2019-01-13,28.6,2019-02-13
C439J,2019-20,GÜÍMAR,SANTA CRUZ DE TENERIFE,115,152,152,0,0,0,0,0,0,152,138,6,152,0,0,11.6,10.5,2020-01-22,28.3,2020-02-23
C439J,2020-21,GÜÍMAR,SANTA CRUZ DE TENERIFE,115,151,151,0,0,0,0,0,0,148,130,13,69,1,0,11.4,10.8,2021-01-10,32.5,2020-11-17
C439J,2021-22,GÜÍMAR,SANTA CRUZ DE TENERIFE,115,151,151,0,0,0,0,0,0,151,142,12,151,0,0,11.5,10.9,2021-12-18,26.8,2021-12-30
C439J,2022-23,GÜÍMAR,SANTA CRUZ DE TENERIFE,115,151,151,0,0,0,0,0,0,150,133,13,100,1,0,11.4,10.3,2023-02-08,31.9,2023-03-29
C439J,2023-24,GÜÍMAR,SANTA CRUZ DE TENERIFE,115,152,152,0,0,0,0,0,0,152,150,12,152,0,0,13.1,12.0,2024-03-27,30.6,2023-11-15
C439J,2024-25,GÜÍMAR,SANTA CRUZ DE TENERIFE,115,151,151,0,0,0,0,0,0,151,146,9,151,0,0,12.1,10.5,2025-02-10,32.9,2024-11-09
C439J,2025-26,GÜÍMAR,SANTA CRUZ DE TENERIFE,115,147,147,0,0,0,0,0,0,147,123,15,105,0,0,11.7,11.2,2026-01-13,29.7,2025-11-04
C446G,2017-18,"SAN CRISTÓBAL DE LA LAGUNA,LLANO DE LOS LOROS",STA. CRUZ DE TENERIFE,868,151,151,90,0,0,0,70,0,57,40,53,24,21,0,6.5,5.2,2018-02-08,28.7,2017-11-12
C446G,2018-19,"SAN CRISTÓBAL DE LA LAGUNA,LLANO DE LOS LOROS",STA. CRUZ DE TENERIFE,868,151,151,97,1,0,0,63,0,67,42,47,9,20,0,7.2,4.8,2019-02-09,26.4,2019-03-16
C446G,2019-20,"SAN CRISTÓBAL DE LA LAGUNA,LLANO DE LOS LOROS",STA. CRUZ DE TENERIFE,868,152,152,71,0,0,0,50,0,77,53,54,15,15,0,7.1,5.8,2020-01-22,29.8,2020-03-12
C446G,2020-21,"SAN CRISTÓBAL DE LA LAGUNA,LLANO DE LOS LOROS",STA. CRUZ DE TENERIFE,868,151,151,93,1,0,0,61,0,64,38,56,15,16,0,6.3,4.0,2021-02-05,29.0,2020-11-17
C446G,2021-22,"SAN CRISTÓBAL DE LA LAGUNA,LLANO DE LOS LOROS",STA. CRUZ DE TENERIFE,868,151,151,96,0,0,0,59,0,54,30,60,13,37,0,7.1,5.0,2022-02-22,25.4,2022-01-01
C446G,2022-23,"SAN CRISTÓBAL DE LA LAGUNA,LLANO DE LOS LOROS",STA. CRUZ DE TENERIFE,868,150,150,65,0,0,0,54,0,82,61,46,17,17,0,7.2,5.4,2023-02-16,31.6,2023-03-12
C446G,2023-24,"SAN CRISTÓBAL DE LA LAGUNA,LLANO DE LOS LOROS",STA. CRUZ DE TENERIFE,868,152,152,46,0,0,0,22,0,98,79,37,18,17,0,8.3,7.1,2023-12-25,31.5,2023-11-15
C446G,2024-25,"SAN CRISTÓBAL DE LA LAGUNA,LLANO DE LOS LOROS",STA. CRUZ DE TENERIFE,868,150,150,93,0,0,0,63,0,87,65,48,22,8,0,7.4,6.4,2025-02-14,33.1,2024-11-09
C446G,2025-26,"SAN CRISTÓBAL DE LA LAGUNA,LLANO DE LOS LOROS",STA. CRUZ DE TENERIFE,868,150,150,85,0,0,0,55,0,44,33,78,9,20,0,6.8,5.7,2026-03-03,35.0,2025-11-04
C447A,2017-18,TENERIFE NORTE AEROPUERTO,SANTA CRUZ DE TENERIFE,632,151,151,43,0,0,0,33,0,62,37,36,32,24,0,8.0,6.3,2018-02-24,27.3,2017-11-12
C447A,2018-19,TENERIFE NORTE AEROPUERTO,SANTA CRUZ DE TENERIFE,632,149,150,38,0,0,0,28,0,65,24,32,7,17,0,8.6,7.4,2019-03-26,24.6,2019-02-13
C447A,2019-20,TENERIFE NORTE AEROPUERTO,SANTA CRUZ DE TENERIFE,632,152,152,27,0,0,0,19,0,85,44,33,13,14,0,9.1,6.4,2020-01-24,29.0,2019-11-02
C447A,2020-21,TENERIFE NORTE AEROPUERTO,SANTA CRUZ DE TENERIFE,632,151,151,35,1,0,0,28,0,64,32,37,20,21,0,8.2,4.6,2021-02-05,28.9,2020-11-17
C447A,2021-22,TENERIFE NORTE AEROPUERTO,SANTA CRUZ DE TENERIFE,632,151,151,28,1,0,0,18,0,55,23,43,10,38,0,8.3,4.6,2022-02-23,24.8,2022-01-01
C447A,2022-23,TENERIFE NORTE AEROPUERTO,SANTA CRUZ DE TENERIFE,632,151,151,25,0,0,0,24,0,90,54,41,18,27,0,8.2,5.3,2023-02-25,29.7,2023-03-29
C447A,2023-24,TENERIFE NORTE AEROPUERTO,SANTA CRUZ DE TENERIFE,632,151,151,3,0,0,0,1,0,110,71,26,29,7,0,10.6,9.4,2024-03-24,29.8,2023-11-15
C447A,2024-25,TENERIFE NORTE AEROPUERTO,SANTA CRUZ DE TENERIFE,632,150,151,30,0,0,0,20,0,74,36,35,38,9,0,8.7,6.8,2025-03-05,30.8,2024-11-09
C447A,2025-26,TENERIFE NORTE AEROPUERTO,SANTA CRUZ DE TENERIFE,632,150,150,44,1,0,0,27,0,52,28,52,19,24,0,8.0,4.5,2026-02-21,33.0,2025-11-04
C449C,2017-18,STA.CRUZ DE TENERIFE,SANTA CRUZ DE TENERIFE,36,151,151,0,0,0,0,0,0,149,132,26,89,1,0,13.7,12.8,2018-01-30,27.1,2017-11-08
C449C,2018-19,STA.CRUZ DE TENERIFE,SANTA CRUZ DE TENERIFE,36,151,151,0,0,0,0,0,0,151,148,15,151,0,0,14.5,13.7,2019-02-10,27.6,2019-02-13
C449C,2019-20,STA.CRUZ DE TENERIFE,SANTA CRUZ DE TENERIFE,36,152,152,0,0,0,0,0,0,152,149,13,152,0,0,14.7,13.4,2020-01-22,30.4,2019-11-02
C449C,2020-21,STA.CRUZ DE TENERIFE,SANTA CRUZ DE TENERIFE,36,151,151,0,0,0,0,0,0,150,139,26,96,1,0,14.2,11.8,2021-02-05,32.5,2020-11-17
C449C,2021-22,STA.CRUZ DE TENERIFE,SANTA CRUZ DE TENERIFE,36,151,151,0,0,0,0,0,0,151,149,29,151,0,0,14.6,13.3,2022-03-14,27.0,2021-11-04
C449C,2022-23,STA.CRUZ DE TENERIFE,SANTA CRUZ DE TENERIFE,36,151,151,0,0,0,0,0,0,150,147,22,100,1,0,14.1,13.2,2023-02-05,32.4,2023-03-29
C449C,2023-24,STA.CRUZ DE TENERIFE,SANTA CRUZ DE TENERIFE,36,152,152,0,0,0,0,0,0,152,152,11,152,0,0,16.3,14.5,2024-03-23,31.0,2023-11-15
C449C,2024-25,STA.CRUZ DE TENERIFE,SANTA CRUZ DE TENERIFE,36,151,151,0,0,0,0,0,0,151,150,21,151,0,0,15.2,14.2,2025-02-10,33.2,2024-11-09
C449C,2025-26,STA.CRUZ DE TENERIFE,SANTA CRUZ DE TENERIFE,36,151,151,0,0,0,0,0,0,151,139,37,151,0,0,14.4,13.6,2026-02-21,30.2,2026-02-23
C449F,2017-18,ANAGA ,STA. CRUZ DE TENERIFE,19,149,149,0,0,0,0,0,0,144,115,27,49,2,0,12.7,11.7,2018-01-30,27.4,2017-11-08
C449F,2018-19,ANAGA ,STA. CRUZ DE TENERIFE,19,151,151,0,0,0,0,0,0,151,140,23,151,0,0,12.9,12.0,2019-02-10,27.9,2019-02-13
C449F,2019-20,ANAGA ,STA. CRUZ DE TENERIFE,19,152,152,0,0,0,0,0,0,152,149,13,152,0,0,13.0,11.2,2020-01-22,31.4,2019-11-02
C449F,2020-21,ANAGA ,STA. CRUZ DE TENERIFE,19,151,151,0,0,0,0,0,0,150,132,32,96,1,0,12.9,11.4,2021-02-05,31.5,2020-11-17
C449F,2021-22,ANAGA ,STA. CRUZ DE TENERIFE,19,151,151,0,0,0,0,0,0,150,144,33,133,1,0,13.2,12.3,2022-02-22,27.4,2021-11-01
C449F,2022-23,ANAGA ,STA. CRUZ DE TENERIFE,19,151,151,0,0,0,0,0,0,150,140,31,100,1,0,13.2,11.3,2023-02-16,34.4,2023-03-30
C449F,2023-24,ANAGA ,STA. CRUZ DE TENERIFE,19,152,152,0,0,0,0,0,0,152,152,20,152,0,0,14.7,14.0,2023-12-23,32.6,2023-11-15
C449F,2024-25,ANAGA ,STA. CRUZ DE TENERIFE,19,151,151,0,0,0,0,0,0,151,148,25,151,0,0,13.8,12.1,2025-02-10,33.3,2024-11-09
C449F,2025-26,ANAGA ,STA. CRUZ DE TENERIFE,19,151,151,0,0,0,0,0,0,151,134,45,151,0,0,13.0,11.6,2026-02-21,30.4,2026-02-23
C457I,2017-18,LA VICTORIA DE ACENTEJO,STA. CRUZ DE TENERIFE,567,151,151,65,0,0,0,52,0,92,52,41,41,20,0,7.7,6.2,2018-03-23,30.1,2017-11-12
C457I,2018-19,LA VICTORIA DE ACENTEJO,STA. CRUZ DE TENERIFE,567,151,151,70,0,0,0,50,0,91,57,21,36,16,0,7.5,6.3,2019-01-10,27.5,2019-02-13
C457I,2019-20,LA VICTORIA DE ACENTEJO,STA. CRUZ DE TENERIFE,567,152,152,49,0,0,0,39,0,101,57,35,21,17,0,7.8,6.9,2020-01-22,28.0,2020-02-24
C457I,2020-21,LA VICTORIA DE ACENTEJO,STA. CRUZ DE TENERIFE,567,151,151,58,0,0,0,44,0,66,34,37,20,15,0,7.9,6.3,2021-01-18,28.9,2020-11-17
C457I,2021-22,LA VICTORIA DE ACENTEJO,STA. CRUZ DE TENERIFE,567,151,151,43,0,0,0,25,0,72,31,43,25,21,0,8.0,7.1,2022-03-08,25.5,2021-12-31
C457I,2022-23,LA VICTORIA DE ACENTEJO,STA. CRUZ DE TENERIFE,567,151,151,38,0,0,0,34,0,96,60,37,18,26,0,8.6,7.4,2023-02-02,32.4,2023-03-31
C457I,2023-24,LA VICTORIA DE ACENTEJO,STA. CRUZ DE TENERIFE,567,152,152,13,0,0,0,8,0,119,71,29,50,12,0,9.7,8.6,2024-03-20,29.7,2023-11-15
C457I,2024-25,LA VICTORIA DE ACENTEJO,STA. CRUZ DE TENERIFE,567,151,151,45,0,0,0,37,0,75,38,36,38,14,0,8.3,7.5,2025-03-05,30.4,2024-11-09
C457I,2025-26,LA VICTORIA DE ACENTEJO,STA. CRUZ DE TENERIFE,567,147,148,53,0,0,0,36,0,50,26,58,18,24,0,7.8,7.1,2026-01-26,32.9,2025-11-04
C458A,2017-18,TACORONTE,STA. CRUZ DE TENERIFE,310,144,144,3,0,0,0,3,0,113,82,22,41,6,0,10.4,9.2,2018-01-25,30.5,2017-11-11
C458A,2018-19,TACORONTE,STA. CRUZ DE TENERIFE,310,151,151,1,0,0,0,1,0,137,84,32,55,3,0,11.0,9.8,2019-02-08,27.7,2018-12-07
C458A,2019-20,TACORONTE,STA. CRUZ DE TENERIFE,310,147,147,1,0,0,0,1,0,140,95,33,34,3,0,11.4,9.6,2020-01-22,28.5,2020-02-25
C458A,2020-21,TACORONTE,STA. CRUZ DE TENERIFE,310,151,151,5,0,0,0,5,0,131,89,32,25,6,0,10.6,8.6,2021-02-04,32.1,2020-11-17
C458A,2021-22,TACORONTE,STA. CRUZ DE TENERIFE,310,151,151,1,0,0,0,1,0,137,97,36,28,3,0,11.1,9.7,2022-02-22,28.9,2021-12-31
C458A,2022-23,TACORONTE,STA. CRUZ DE TENERIFE,310,151,151,1,0,0,0,1,0,136,101,30,77,5,0,11.1,9.3,2023-02-16,33.9,2023-03-31
C458A,2023-24,TACORONTE,STA. CRUZ DE TENERIFE,310,152,152,0,0,0,0,0,0,148,127,27,118,1,0,12.9,11.7,2023-12-23,31.9,2023-11-15
C458A,2024-25,TACORONTE,STA. CRUZ DE TENERIFE,310,143,143,0,0,0,0,0,0,130,67,32,31,3,0,10.9,10.2,2025-03-05,32.7,2024-11-10
C458A,2025-26,TACORONTE,STA. CRUZ DE TENERIFE,310,144,144,3,0,0,0,3,0,108,45,46,41,10,0,10.7,8.9,2026-02-19,33.0,2025-11-04
C459Z,2017-18,PUERTO DE LA CRUZ,STA. CRUZ DE TENERIFE,25,150,150,0,0,0,0,0,0,149,128,25,61,1,0,13.5,11.7,2018-01-30,27.3,2017-11-27
C459Z,2018-19,PUERTO DE LA CRUZ,STA. CRUZ DE TENERIFE,25,151,151,0,0,0,0,0,0,151,136,23,151,0,0,13.9,12.1,2019-02-09,26.9,2019-02-14
C459Z,2019-20,PUERTO DE LA CRUZ,STA. CRUZ DE TENERIFE,25,152,152,0,0,0,0,0,0,152,148,19,152,0,0,14.4,13.3,2020-01-22,31.5,2020-02-23
C459Z,2020-21,PUERTO DE LA CRUZ,STA. CRUZ DE TENERIFE,25,151,151,0,0,0,0,0,0,149,139,28,69,1,0,13.7,11.9,2021-02-05,32.5,2020-11-01
C459Z,2021-22,PUERTO DE LA CRUZ,STA. CRUZ DE TENERIFE,25,146,146,0,0,0,0,0,0,146,139,26,107,0,0,14.0,13.0,2022-02-22,28.0,2022-02-03
C459Z,2022-23,PUERTO DE LA CRUZ,STA. CRUZ DE TENERIFE,25,151,151,0,0,0,0,0,0,151,148,28,151,0,0,14.1,12.4,2023-02-16,28.0,2023-03-31
C459Z,2023-24,PUERTO DE LA CRUZ,STA. CRUZ DE TENERIFE,25,152,152,0,0,0,0,0,0,152,151,20,152,0,0,15.4,14.6,2023-12-23,31.1,2023-11-21
C459Z,2024-25,PUERTO DE LA CRUZ,STA. CRUZ DE TENERIFE,25,151,151,0,0,0,0,0,0,151,147,22,151,0,0,14.4,13.0,2025-03-05,32.0,2024-11-20
C459Z,2025-26,PUERTO DE LA CRUZ,STA. CRUZ DE TENERIFE,25,151,151,0,0,0,0,0,0,150,135,41,122,1,0,13.8,13.0,2026-02-18,29.1,2025-11-05
C468X,2019-20,SAN JUAN DE LA RAMBLA,STA. CRUZ DE TENERIFE,667,142,142,58,0,0,0,39,0,66,39,29,13,19,0,7.9,6.7,2020-02-22,28.5,2019-11-30
C468X,2020-21,SAN JUAN DE LA RAMBLA,STA. CRUZ DE TENERIFE,667,151,151,81,0,0,0,54,0,57,30,34,16,18,0,7.2,5.8,2021-02-05,28.0,2020-11-17
C468X,2021-22,SAN JUAN DE LA RAMBLA,STA. CRUZ DE TENERIFE,667,151,151,64,0,0,0,35,0,54,28,40,11,37,0,7.8,6.3,2022-03-15,25.6,2021-12-31
C468X,2022-23,SAN JUAN DE LA RAMBLA,STA. CRUZ DE TENERIFE,667,151,151,46,0,0,0,39,0,81,53,30,18,28,0,8.0,6.5,2023-02-16,31.8,2023-03-31
C468X,2023-24,SAN JUAN DE LA RAMBLA,STA. CRUZ DE TENERIFE,667,152,152,20,0,0,0,6,0,109,71,30,39,13,0,9.3,7.9,2024-03-27,30.1,2023-11-15
C468X,2024-25,SAN JUAN DE LA RAMBLA,STA. CRUZ DE TENERIFE,667,149,149,61,0,0,0,41,0,62,28,32,37,17,0,8.2,7.0,2025-03-05,28.7,2024-11-09
C468X,2025-26,SAN JUAN DE LA RAMBLA,STA. CRUZ DE TENERIFE,667,151,151,79,0,0,0,55,0,44,22,54,9,24,0,7.7,6.4,2026-01-26,32.3,2025-11-04
C611E,2017-18,VEGA DE SAN MATEO,LAS PALMAS,1702,151,151,126,80,5,0,90,5,20,9,44,8,60,2,0.3,-1.2,2018-02-08,23.2,2017-11-11
C611E,2018-19,VEGA DE SAN MATEO,LAS PALMAS,1702,139,139,134,59,0,0,76,0,15,1,23,4,23,0,1.4,0.1,2019-02-19,20.1,2018-12-02
C611E,2019-20,VEGA DE SAN MATEO,LAS PALMAS,1702,147,147,125,55,2,0,76,2,23,6,36,4,22,2,1.2,-1.8,2020-01-22,22.2,2020-03-04
C611E,2020-21,VEGA DE SAN MATEO,LAS PALMAS,1702,145,145,126,70,2,0,83,2,21,9,41,10,43,1,0.7,-0.1,2021-02-05,23.1,2020-11-12
C611E,2021-22,VEGA DE SAN MATEO,LAS PALMAS,1702,151,151,144,87,4,0,83,2,10,4,45,3,49,2,1.0,-0.4,2022-02-21,22.1,2021-11-02
C611E,2022-23,VEGA DE SAN MATEO,LAS PALMAS,1702,150,150,126,58,2,0,86,2,45,19,35,11,78,1,0.5,-1.7,2023-02-06,24.4,2023-03-30
C611E,2023-24,VEGA DE SAN MATEO,LAS PALMAS,1702,150,150,124,48,0,0,77,0,40,18,15,10,18,0,2.1,0.9,2024-03-23,24.2,2024-03-15
C611E,2024-25,VEGA DE SAN MATEO,LAS PALMAS,1702,150,150,124,79,1,0,82,0,27,7,39,10,63,1,1.8,-0.2,2025-03-05,22.7,2024-11-07
C611E,2025-26,VEGA DE SAN MATEO,LAS PALMAS,1702,148,148,138,85,1,0,83,0,19,9,61,9,42,1,1.2,-0.4,2026-03-03,26.8,2025-11-02
C612F,2017-18,"TEJEDA, CRUZ DE TEJEDA",LAS PALMAS,1514,150,150,118,70,0,0,86,0,27,12,55,9,44,0,1.5,0.1,2018-02-08,24.6,2017-11-11
C612F,2018-19,"TEJEDA, CRUZ DE TEJEDA",LAS PALMAS,1514,149,149,121,51,0,0,69,0,22,6,32,3,31,0,3.2,1.7,2019-02-19,20.6,2018-12-02
C612F,2019-20,"TEJEDA, CRUZ DE TEJEDA",LAS PALMAS,1514,150,150,105,47,0,0,62,0,26,11,3,4,28,0,3.0,1.4,2020-01-22,23.5,2020-03-04
C612F,2020-21,"TEJEDA, CRUZ DE TEJEDA",LAS PALMAS,1514,149,149,113,44,0,0,75,0,21,12,45,11,63,0,2.5,0.6,2021-02-05,23.2,2020-11-12
C612F,2021-22,"TEJEDA, CRUZ DE TEJEDA",LAS PALMAS,1514,147,147,124,53,0,0,68,0,13,5,20,5,48,0,2.7,0.8,2022-03-15,22.4,2021-11-01
C612F,2022-23,"TEJEDA, CRUZ DE TEJEDA",LAS PALMAS,1514,150,150,111,38,0,0,85,0,51,34,42,12,37,0,2.5,1.4,2023-02-16,25.2,2022-11-01
C612F,2023-24,"TEJEDA, CRUZ DE TEJEDA",LAS PALMAS,1514,152,152,95,27,0,0,56,0,50,21,20,13,19,0,4.1,2.7,2024-03-23,25.3,2024-03-15
C612F,2024-25,"TEJEDA, CRUZ DE TEJEDA",LAS PALMAS,1514,149,149,118,47,0,0,78,0,24,12,30,9,29,0,3.5,2.3,2025-03-05,24.4,2024-11-07
C612F,2025-26,"TEJEDA, CRUZ DE TEJEDA",LAS PALMAS,1514,149,149,123,57,0,0,69,0,19,12,37,5,37,0,2.7,1.3,2026-03-03,27.7,2025-11-03
C614H,2017-18,TEJEDA,LAS PALMAS,1060,151,151,78,1,0,0,66,0,64,46,35,25,38,0,6.2,3.9,2018-02-08,28.8,2017-11-11
C614H,2018-19,TEJEDA,LAS PALMAS,1060,151,151,64,0,0,0,35,0,92,50,20,29,13,0,7.2,5.6,2019-01-12,24.6,2019-03-11
C614H,2019-20,TEJEDA,LAS PALMAS,1060,148,148,59,0,0,0,38,0,83,63,24,14,16,0,7.6,6.3,2020-01-22,27.0,2019-11-03
C614H,2020-21,TEJEDA,LAS PALMAS,1060,150,150,64,0,0,0,42,0,77,48,32,19,15,0,6.5,5.0,2021-02-05,27.0,2020-11-18
C614H,2021-22,TEJEDA,LAS PALMAS,1060,139,139,67,0,0,0,40,0,76,36,25,18,11,0,7.2,6.2,2022-03-08,25.8,2021-11-01
C614H,2022-23,TEJEDA,LAS PALMAS,1060,151,151,48,0,0,0,45,0,103,79,28,34,26,0,7.0,5.3,2023-02-16,31.3,2023-03-11
C614H,2023-24,TEJEDA,LAS PALMAS,1060,141,141,29,0,0,0,16,0,119,109,13,33,7,0,8.7,8.3,2024-01-21,30.6,2024-03-16
C614H,2024-25,TEJEDA,LAS PALMAS,1060,151,151,66,0,0,0,41,0,114,76,24,38,7,0,7.7,6.5,2025-01-18,29.9,2024-11-09
C614H,2025-26,TEJEDA,LAS PALMAS,1060,151,151,88,1,0,0,61,0,77,56,46,18,17,0,6.7,4.5,2026-03-03,33.1,2025-11-03
C619X,2017-18,AGAETE,LAS PALMAS,5,151,151,0,0,0,0,0,0,142,108,31,76,4,0,14.0,12.3,2018-02-08,28.7,2018-03-29
C619X,2018-19,AGAETE,LAS PALMAS,5,150,150,0,0,0,0,0,0,150,129,7,97,0,0,14.9,14.2,2019-01-11,28.1,2019-02-14
C619X,2019-20,AGAETE,LAS PALMAS,5,151,151,0,0,0,0,0,0,151,145,13,92,0,0,15.3,13.9,2020-01-22,31.6,2020-02-23
C619X,2020-21,AGAETE,LAS PALMAS,5,150,150,0,0,0,0,0,0,149,131,24,92,1,0,14.6,13.0,2021-02-05,31.5,2020-11-01
C619X,2021-22,AGAETE,LAS PALMAS,5,151,151,0,0,0,0,0,0,151,132,15,151,0,0,14.9,13.8,2022-02-22,29.4,2022-02-03
C619X,2022-23,AGAETE,LAS PALMAS,5,151,151,0,0,0,0,0,0,151,132,20,151,0,0,15.0,13.4,2023-02-16,36.8,2023-03-30
C619X,2023-24,AGAETE,LAS PALMAS,5,152,152,0,0,0,0,0,0,152,152,14,152,0,0,16.2,13.1,2024-03-23,31.6,2023-11-16
C619X,2024-25,AGAETE,LAS PALMAS,5,149,149,0,0,0,0,0,0,149,144,19,129,0,0,15.4,14.3,2025-03-05,30.5,2024-11-27
C619X,2025-26,AGAETE,LAS PALMAS,5,151,151,0,0,0,0,0,0,150,112,34,122,1,0,14.6,13.3,2025-12-13,28.1,2025-11-05
C619Y,2017-18,LA ALDEA DE SAN NICOLÁS,LAS PALMAS,13,151,151,20,0,0,0,20,0,150,140,22,99,1,0,8.6,7.6,2018-01-05,33.6,2017-11-27
C619Y,2018-19,LA ALDEA DE SAN NICOLÁS,LAS PALMAS,13,151,151,34,0,0,0,32,0,151,150,10,151,0,0,8.2,6.2,2019-02-07,31.9,2019-02-22
C619Y,2019-20,LA ALDEA DE SAN NICOLÁS,LAS PALMAS,13,151,151,19,0,0,0,19,0,151,150,10,101,0,0,8.6,7.6,2019-12-31,33.2,2020-02-23
C619Y,2020-21,LA ALDEA DE SAN NICOLÁS,LAS PALMAS,13,150,150,7,0,0,0,7,0,150,145,19,121,0,0,10.0,7.0,2021-01-18,34.2,2021-03-25
C619Y,2021-22,LA ALDEA DE SAN NICOLÁS,LAS PALMAS,13,148,148,9,0,0,0,9,0,148,148,15,70,0,0,9.9,8.5,2021-12-18,33.2,2022-02-09
C619Y,2022-23,LA ALDEA DE SAN NICOLÁS,LAS PALMAS,13,150,150,9,0,0,0,9,0,150,149,13,121,0,0,9.7,8.4,2023-02-04,36.5,2023-03-30
C619Y,2023-24,LA ALDEA DE SAN NICOLÁS,LAS PALMAS,13,151,151,2,0,0,0,2,0,151,151,9,119,0,0,10.6,9.3,2023-12-27,33.4,2023-11-13
C619Y,2024-25,LA ALDEA DE SAN NICOLÁS,LAS PALMAS,13,151,151,11,0,0,0,11,0,151,151,14,151,0,0,9.8,8.0,2025-02-10,37.1,2024-11-08
C619Y,2025-26,LA ALDEA DE SAN NICOLÁS,LAS PALMAS,13,151,151,15,0,0,0,15,0,151,146,28,151,0,0,9.1,6.4,2026-01-09,30.1,2025-11-02
C623I,2017-18,"SAN BARTOLOME TIRAJANA, CUEVAS DEL PINAR",LAS PALMAS,1220,150,150,90,10,0,0,74,0,42,24,27,9,41,0,4.8,3.1,2018-02-08,24.7,2017-11-12
C623I,2018-19,"SAN BARTOLOME TIRAJANA, CUEVAS DEL PINAR",LAS PALMAS,1220,151,151,88,5,0,0,50,0,43,12,9,10,31,0,5.5,3.9,2019-02-19,21.8,2019-03-11
C623I,2019-20,"SAN BARTOLOME TIRAJANA, CUEVAS DEL PINAR",LAS PALMAS,1220,151,151,68,2,0,0,41,0,70,39,9,24,19,0,6.0,4.5,2020-01-22,25.6,2019-11-01
C623I,2020-21,"SAN BARTOLOME TIRAJANA, CUEVAS DEL PINAR",LAS PALMAS,1220,146,146,90,4,0,0,60,0,40,23,23,14,27,0,5.1,4.0,2021-02-05,24.1,2020-11-12
C623I,2021-22,"SAN BARTOLOME TIRAJANA, CUEVAS DEL PINAR",LAS PALMAS,1220,151,151,97,3,0,0,55,0,36,7,16,11,29,0,5.5,3.7,2022-03-15,23.6,2021-11-01
C623I,2022-23,"SAN BARTOLOME TIRAJANA, CUEVAS DEL PINAR",LAS PALMAS,1220,149,149,69,4,0,0,64,0,63,48,12,29,71,0,5.2,4.4,2023-01-27,28.8,2023-03-30
C623I,2023-24,"SAN BARTOLOME TIRAJANA, CUEVAS DEL PINAR",LAS PALMAS,1220,151,151,50,0,0,0,24,0,85,51,10,17,13,0,6.9,5.3,2024-03-23,26.1,2024-02-17
C623I,2024-25,"SAN BARTOLOME TIRAJANA, CUEVAS DEL PINAR",LAS PALMAS,1220,150,150,93,0,0,0,58,0,51,27,18,16,21,0,6.3,5.2,2025-01-18,26.2,2024-11-09
C623I,2025-26,"SAN BARTOLOME TIRAJANA, CUEVAS DEL PINAR",LAS PALMAS,1220,151,151,97,8,0,0,60,0,44,23,27,11,47,0,5.0,4.0,2026-03-08,29.2,2025-11-03
C625O,2017-18,"SAN BARTOLOME TIRAJANA, LOMO PEDRO ALFONSO",LAS PALMAS,806,151,151,48,0,0,0,41,0,97,66,16,31,16,0,7.8,6.6,2018-02-08,28.2,2017-11-11
C625O,2018-19,"SAN BARTOLOME TIRAJANA, LOMO PEDRO ALFONSO",LAS PALMAS,806,151,151,42,0,0,0,29,0,115,74,7,32,8,0,8.6,7.6,2019-02-19,27.5,2019-03-16
C625O,2019-20,"SAN BARTOLOME TIRAJANA, LOMO PEDRO ALFONSO",LAS PALMAS,806,150,150,26,0,0,0,16,0,119,90,8,48,8,0,9.0,7.8,2020-01-22,29.3,2019-11-02
C625O,2020-21,"SAN BARTOLOME TIRAJANA, LOMO PEDRO ALFONSO",LAS PALMAS,806,151,151,36,0,0,0,25,0,92,62,14,25,19,0,8.2,6.7,2021-02-05,29.8,2020-11-01
C625O,2021-22,"SAN BARTOLOME TIRAJANA, LOMO PEDRO ALFONSO",LAS PALMAS,806,150,150,33,0,0,0,11,0,110,58,14,21,7,0,8.9,6.9,2022-03-15,25.1,2022-02-07
C625O,2022-23,"SAN BARTOLOME TIRAJANA, LOMO PEDRO ALFONSO",LAS PALMAS,806,151,151,28,0,0,0,28,0,125,94,8,36,4,0,8.4,7.9,2023-02-16,34.3,2023-03-30
C625O,2023-24,"SAN BARTOLOME TIRAJANA, LOMO PEDRO ALFONSO",LAS PALMAS,806,152,152,5,0,0,0,1,0,141,123,6,55,2,0,10.2,7.7,2024-03-23,30.5,2023-11-13
C625O,2024-25,"SAN BARTOLOME TIRAJANA, LOMO PEDRO ALFONSO",LAS PALMAS,806,150,150,20,0,0,0,9,0,116,80,20,38,7,0,9.5,8.6,2025-02-17,30.9,2024-11-09
C625O,2025-26,"SAN BARTOLOME TIRAJANA, LOMO PEDRO ALFONSO",LAS PALMAS,806,150,150,44,0,0,0,29,0,92,62,20,20,11,0,8.3,7.3,2025-12-13,34.2,2025-11-04
C628B,2017-18,"LA ALDEA DE SAN NICOLÁS, TASARTE",LAS PALMAS,318,151,151,0,0,0,0,0,0,128,105,17,41,8,0,11.3,10.7,2018-02-07,31.2,2018-03-28
C628B,2018-19,"LA ALDEA DE SAN NICOLÁS, TASARTE",LAS PALMAS,318,151,151,0,0,0,0,0,0,147,134,7,54,2,0,11.5,10.2,2019-02-08,29.9,2019-02-13
C628B,2019-20,"LA ALDEA DE SAN NICOLÁS, TASARTE",LAS PALMAS,318,151,151,0,0,0,0,0,0,148,137,10,61,1,0,12.1,10.6,2020-01-05,32.0,2019-11-02
C628B,2020-21,"LA ALDEA DE SAN NICOLÁS, TASARTE",LAS PALMAS,318,150,150,0,0,0,0,0,0,139,119,12,25,5,0,11.3,10.4,2021-01-19,34.2,2020-11-16
C628B,2021-22,"LA ALDEA DE SAN NICOLÁS, TASARTE",LAS PALMAS,318,148,148,0,0,0,0,0,0,143,123,9,59,3,0,11.8,11.0,2022-03-14,29.8,2022-02-09
C628B,2022-23,"LA ALDEA DE SAN NICOLÁS, TASARTE",LAS PALMAS,318,149,149,0,0,0,0,0,0,145,133,10,88,2,0,12.0,10.8,2023-02-10,38.2,2023-03-30
C628B,2023-24,"LA ALDEA DE SAN NICOLÁS, TASARTE",LAS PALMAS,318,152,152,0,0,0,0,0,0,152,146,5,152,0,0,13.3,12.4,2024-03-23,34.4,2023-11-15
C628B,2024-25,"LA ALDEA DE SAN NICOLÁS, TASARTE",LAS PALMAS,318,150,150,0,0,0,0,0,0,150,136,14,133,0,0,12.6,11.7,2025-02-08,35.7,2024-11-09
C628B,2025-26,"LA ALDEA DE SAN NICOLÁS, TASARTE",LAS PALMAS,318,150,150,0,0,0,0,0,0,138,106,20,42,3,0,11.6,10.1,2026-01-09,34.9,2025-11-04
C629Q,2017-18,"MOGÁN, PUERTO RICO",LAS PALMAS,10,150,150,0,0,0,0,0,0,147,129,6,89,2,0,14.4,13.6,2018-01-31,29.6,2018-03-28
C629Q,2018-19,"MOGÁN, PUERTO RICO",LAS PALMAS,10,151,151,0,0,0,0,0,0,151,145,5,151,0,0,14.9,14.2,2019-01-05,27.6,2018-12-07
C629Q,2019-20,"MOGÁN, PUERTO RICO",LAS PALMAS,10,151,151,0,0,0,0,0,0,151,143,2,92,0,0,15.4,14.5,2020-01-17,30.7,2019-11-02
C629Q,2020-21,"MOGÁN, PUERTO RICO",LAS PALMAS,10,151,151,0,0,0,0,0,0,151,143,6,151,0,0,15.1,13.2,2021-02-05,30.5,2020-11-16
C629Q,2021-22,"MOGÁN, PUERTO RICO",LAS PALMAS,10,151,151,0,0,0,0,0,0,151,146,3,151,0,0,15.4,14.1,2022-03-15,28.5,2022-02-10
C629Q,2022-23,"MOGÁN, PUERTO RICO",LAS PALMAS,10,151,151,0,0,0,0,0,0,151,143,3,151,0,0,15.1,14.4,2023-02-10,37.1,2023-03-30
C629Q,2023-24,"MOGÁN, PUERTO RICO",LAS PALMAS,10,152,152,0,0,0,0,0,0,152,151,5,152,0,0,16.6,14.3,2024-03-23,32.6,2023-11-15
C629Q,2024-25,"MOGÁN, PUERTO RICO",LAS PALMAS,10,151,151,0,0,0,0,0,0,151,146,10,151,0,0,15.6,14.8,2025-02-10,32.9,2024-11-10
C629Q,2025-26,"MOGÁN, PUERTO RICO",LAS PALMAS,10,151,151,0,0,0,0,0,0,151,107,0,151,0,0,15.3,14.2,2025-12-13,28.4,2026-02-23
C629X,2017-18,"MOGÁN, PUERTO",LAS PALMAS,10,151,151,0,0,0,0,0,0,151,149,7,151,0,0,13.2,12.1,2018-01-25,29.6,2018-03-28
C629X,2018-19,"MOGÁN, PUERTO",LAS PALMAS,10,149,149,0,0,0,0,0,0,149,149,4,97,0,0,13.7,12.3,2019-02-09,29.0,2019-02-13
C629X,2019-20,"MOGÁN, PUERTO",LAS PALMAS,10,148,148,0,0,0,0,0,0,148,148,3,81,0,0,14.0,12.9,2020-01-05,31.1,2019-11-02
C629X,2020-21,"MOGÁN, PUERTO",LAS PALMAS,10,149,149,0,0,0,0,0,0,149,145,4,100,0,0,13.7,11.9,2021-01-18,30.7,2021-03-25
C629X,2021-22,"MOGÁN, PUERTO",LAS PALMAS,10,148,148,0,0,0,0,0,0,148,148,5,74,0,0,13.9,12.9,2022-02-22,28.7,2022-02-10
C629X,2022-23,"MOGÁN, PUERTO",LAS PALMAS,10,149,149,0,0,0,0,0,0,149,148,6,129,0,0,13.3,12.6,2023-02-03,33.0,2023-03-29
C629X,2023-24,"MOGÁN, PUERTO",LAS PALMAS,10,152,152,0,0,0,0,0,0,152,152,3,152,0,0,14.8,13.6,2024-03-23,33.2,2023-11-15
C629X,2024-25,"MOGÁN, PUERTO",LAS PALMAS,10,151,151,0,0,0,0,0,0,151,151,5,151,0,0,14.1,13.0,2025-02-10,33.6,2024-11-10
C629X,2025-26,"MOGÁN, PUERTO",LAS PALMAS,10,151,151,0,0,0,0,0,0,150,145,11,138,1,0,13.3,12.1,2026-01-09,28.8,2026-02-23
C635B,2017-18,"SAN BARTOLOME TIRAJANA, LAS TIRAJANAS",LAS PALMAS,960,151,151,84,0,0,0,69,0,88,65,24,31,19,0,6.0,5.3,2018-02-08,27.5,2017-11-11
C635B,2018-19,"SAN BARTOLOME TIRAJANA, LAS TIRAJANAS",LAS PALMAS,960,151,151,79,1,0,0,49,0,102,69,10,32,14,0,6.2,4.9,2019-01-11,26.8,2019-03-11
C635B,2019-20,"SAN BARTOLOME TIRAJANA, LAS TIRAJANAS",LAS PALMAS,960,151,151,63,0,0,0,41,0,111,87,8,47,8,0,6.9,5.6,2020-01-22,28.9,2020-03-04
C635B,2020-21,"SAN BARTOLOME TIRAJANA, LAS TIRAJANAS",LAS PALMAS,960,151,151,77,0,0,0,53,0,89,61,22,19,14,0,6.3,5.4,2021-01-15,27.9,2020-11-16
C635B,2021-22,"SAN BARTOLOME TIRAJANA, LAS TIRAJANAS",LAS PALMAS,960,151,151,78,0,0,0,42,0,115,65,13,25,5,0,6.5,5.6,2022-03-14,25.8,2021-11-01
C635B,2022-23,"SAN BARTOLOME TIRAJANA, LAS TIRAJANAS",LAS PALMAS,960,150,150,58,0,0,0,52,0,108,74,11,34,18,0,6.4,5.3,2023-02-05,33.4,2023-03-31
C635B,2023-24,"SAN BARTOLOME TIRAJANA, LAS TIRAJANAS",LAS PALMAS,960,152,152,36,0,0,0,15,0,133,111,9,67,8,0,7.8,6.6,2024-03-23,30.5,2024-03-16
C635B,2024-25,"SAN BARTOLOME TIRAJANA, LAS TIRAJANAS",LAS PALMAS,960,150,150,76,0,0,0,51,0,106,64,17,22,7,0,7.1,6.0,2025-02-17,30.1,2024-11-09
C635B,2025-26,"SAN BARTOLOME TIRAJANA, LAS TIRAJANAS",LAS PALMAS,960,150,150,84,0,0,0,60,0,78,49,24,17,21,0,6.0,5.0,2026-01-27,32.0,2025-11-04
C639M,2017-18,"MASPALOMAS, C. INSULAR TURISMO ",LAS PALMAS,45,150,150,0,0,0,0,0,0,148,130,7,90,1,0,13.5,12.0,2018-01-31,28.8,2017-11-10
C639M,2018-19,"MASPALOMAS, C. INSULAR TURISMO ",LAS PALMAS,45,151,151,0,0,0,0,0,0,151,140,4,151,0,0,14.1,13.2,2019-01-10,26.7,2019-03-10
C639M,2019-20,"MASPALOMAS, C. INSULAR TURISMO ",LAS PALMAS,45,148,148,0,0,0,0,0,0,148,141,2,59,0,0,14.2,13.5,2020-01-28,32.8,2019-11-02
C639M,2020-21,"MASPALOMAS, C. INSULAR TURISMO ",LAS PALMAS,45,151,151,0,0,0,0,0,0,150,137,9,76,1,0,14.1,12.0,2021-01-18,31.7,2020-11-01
C639M,2021-22,"MASPALOMAS, C. INSULAR TURISMO ",LAS PALMAS,45,151,151,0,0,0,0,0,0,151,144,6,151,0,0,14.4,12.8,2022-03-15,27.8,2022-02-02
C639M,2022-23,"MASPALOMAS, C. INSULAR TURISMO ",LAS PALMAS,45,149,149,0,0,0,0,0,0,149,142,8,121,0,0,13.8,13.1,2023-02-06,37.2,2023-03-30
C639M,2023-24,"MASPALOMAS, C. INSULAR TURISMO ",LAS PALMAS,45,151,151,0,0,0,0,0,0,151,151,7,84,0,0,15.3,13.6,2024-03-23,31.8,2023-11-16
C639M,2024-25,"MASPALOMAS, C. INSULAR TURISMO ",LAS PALMAS,45,150,150,0,0,0,0,0,0,150,149,6,102,0,0,14.2,13.1,2025-02-10,31.9,2024-11-21
C639M,2025-26,"MASPALOMAS, C. INSULAR TURISMO ",LAS PALMAS,45,150,150,0,0,0,0,0,0,150,147,10,95,0,0,13.7,12.2,2026-01-09,29.3,2025-11-02
C639U,2017-18,"SAN BARTOLOME TIRAJANA, EL MATORRAL",LAS PALMAS,41,151,151,1,0,0,0,1,0,147,134,9,88,1,0,12.2,9.4,2018-01-31,28.3,2018-03-28
C639U,2018-19,"SAN BARTOLOME TIRAJANA, EL MATORRAL",LAS PALMAS,41,151,151,0,0,0,0,0,0,151,148,5,151,0,0,12.5,11.8,2019-02-26,28.1,2019-02-23
C639U,2019-20,"SAN BARTOLOME TIRAJANA, EL MATORRAL",LAS PALMAS,41,151,151,0,0,0,0,0,0,151,148,2,92,0,0,12.4,10.5,2020-01-23,31.1,2019-11-02
C639U,2020-21,"SAN BARTOLOME TIRAJANA, EL MATORRAL",LAS PALMAS,41,151,151,0,0,0,0,0,0,151,145,10,151,0,0,12.4,10.3,2021-02-06,31.8,2020-11-16
C639U,2021-22,"SAN BARTOLOME TIRAJANA, EL MATORRAL",LAS PALMAS,41,151,151,0,0,0,0,0,0,151,149,7,151,0,0,12.2,10.2,2022-03-15,28.7,2021-12-30
C639U,2022-23,"SAN BARTOLOME TIRAJANA, EL MATORRAL",LAS PALMAS,41,149,149,0,0,0,0,0,0,149,144,8,118,0,0,12.7,11.4,2023-02-17,34.0,2023-03-29
C639U,2023-24,"SAN BARTOLOME TIRAJANA, EL MATORRAL",LAS PALMAS,41,152,152,0,0,0,0,0,0,152,152,11,152,0,0,13.6,12.2,2024-03-07,32.7,2023-11-15
C639U,2024-25,"SAN BARTOLOME TIRAJANA, EL MATORRAL",LAS PALMAS,41,150,150,0,0,0,0,0,0,150,149,7,124,0,0,12.7,11.2,2025-01-05,33.0,2024-11-08
C639U,2025-26,"SAN BARTOLOME TIRAJANA, EL MATORRAL",LAS PALMAS,41,151,151,0,0,0,0,0,0,151,143,14,151,0,0,12.4,11.5,2026-01-13,31.5,2025-11-04
C648C,2017-18,AGÜIMES,LAS PALMAS,306,151,151,2,0,0,0,2,0,124,86,28,32,5,0,10.9,8.9,2018-02-08,28.5,2017-11-27
C648C,2018-19,AGÜIMES,LAS PALMAS,306,149,149,0,0,0,0,0,0,147,117,17,69,1,0,11.5,10.3,2019-01-10,29.1,2019-03-16
C648C,2019-20,AGÜIMES,LAS PALMAS,306,147,147,0,0,0,0,0,0,145,118,11,44,1,0,11.9,10.2,2020-01-22,30.4,2019-11-02
C648C,2020-21,AGÜIMES,LAS PALMAS,306,151,151,0,0,0,0,0,0,139,115,23,35,4,0,11.4,10.3,2021-02-06,31.4,2020-11-14
C648C,2021-22,AGÜIMES,LAS PALMAS,306,151,151,0,0,0,0,0,0,145,113,24,67,2,0,11.7,10.0,2022-03-14,27.6,2021-12-30
C648C,2022-23,AGÜIMES,LAS PALMAS,306,151,151,0,0,0,0,0,0,146,115,17,79,2,0,11.6,10.5,2023-02-16,35.1,2023-03-30
C648C,2023-24,AGÜIMES,LAS PALMAS,306,151,151,0,0,0,0,0,0,150,141,16,128,1,0,13.1,11.1,2024-03-23,31.9,2023-11-13
C648C,2024-25,AGÜIMES,LAS PALMAS,306,151,151,0,0,0,0,0,0,149,126,21,88,1,0,12.1,10.7,2025-02-10,31.9,2024-11-10
C648C,2025-26,AGÜIMES,LAS PALMAS,306,151,151,1,0,0,0,1,0,141,103,30,42,2,0,11.4,9.4,2025-12-13,31.2,2025-11-02
C648N,2017-18,"TELDE, CENTRO FORESTAL DORAMAS",LAS PALMAS,344,151,151,6,0,0,0,6,0,102,60,34,31,19,0,10.1,9.1,2018-02-08,30.0,2017-11-27
C648N,2018-19,"TELDE, CENTRO FORESTAL DORAMAS",LAS PALMAS,344,151,151,4,0,0,0,4,0,121,77,22,36,6,0,10.4,8.8,2019-01-10,27.0,2019-02-13
C648N,2019-20,"TELDE, CENTRO FORESTAL DORAMAS",LAS PALMAS,344,151,151,4,0,0,0,4,0,123,73,27,38,4,0,10.6,9.6,2020-01-22,29.0,2019-11-02
C648N,2020-21,"TELDE, CENTRO FORESTAL DORAMAS",LAS PALMAS,344,147,147,4,0,0,0,4,0,117,69,29,25,11,0,10.4,9.5,2021-01-19,31.2,2020-11-14
C648N,2021-22,"TELDE, CENTRO FORESTAL DORAMAS",LAS PALMAS,344,147,147,5,0,0,0,3,0,121,59,32,26,4,0,10.5,9.3,2022-02-21,27.6,2021-12-30
C648N,2022-23,"TELDE, CENTRO FORESTAL DORAMAS",LAS PALMAS,344,149,149,3,0,0,0,3,0,129,95,27,47,6,0,10.4,9.6,2023-02-16,33.3,2023-03-30
C648N,2023-24,"TELDE, CENTRO FORESTAL DORAMAS",LAS PALMAS,344,150,150,0,0,0,0,0,0,145,120,20,45,2,0,11.8,10.4,2024-03-24,31.4,2023-11-14
C648N,2024-25,"TELDE, CENTRO FORESTAL DORAMAS",LAS PALMAS,344,150,150,2,0,0,0,1,0,139,87,25,50,2,0,10.8,9.7,2025-02-10,32.3,2024-11-09
C648N,2025-26,"TELDE, CENTRO FORESTAL DORAMAS",LAS PALMAS,344,150,150,6,0,0,0,6,0,116,74,48,32,7,0,10.1,8.8,2026-02-18,32.9,2025-11-04
C649I,2017-18,GRAN CANARIA AEROPUERTO,LAS PALMAS,24,143,143,0,0,0,0,0,0,140,115,21,90,1,0,13.1,10.6,2018-02-08,29.0,2017-11-27
C649I,2018-19,GRAN CANARIA AEROPUERTO,LAS PALMAS,24,150,150,0,0,0,0,0,0,150,134,13,111,0,0,13.7,13.0,2018-11-23,27.2,2019-02-23
C649I,2019-20,GRAN CANARIA AEROPUERTO,LAS PALMAS,24,150,150,0,0,0,0,0,0,150,144,10,108,0,0,13.4,10.8,2020-01-30,29.8,2019-11-02
C649I,2020-21,GRAN CANARIA AEROPUERTO,LAS PALMAS,24,142,142,0,0,0,0,0,0,142,126,16,79,0,0,13.5,11.6,2021-02-06,30.1,2020-11-01
C649I,2021-22,GRAN CANARIA AEROPUERTO,LAS PALMAS,24,149,149,0,0,0,0,0,0,148,138,12,69,1,0,13.5,11.9,2022-03-15,28.0,2021-12-30
C649I,2022-23,GRAN CANARIA AEROPUERTO,LAS PALMAS,24,146,146,0,0,0,0,0,0,146,138,15,68,0,0,13.6,12.1,2023-02-16,31.8,2023-03-30
C649I,2023-24,GRAN CANARIA AEROPUERTO,LAS PALMAS,24,145,145,0,0,0,0,0,0,145,145,11,54,0,0,15.0,13.1,2024-03-24,31.6,2023-11-15
C649I,2024-25,GRAN CANARIA AEROPUERTO,LAS PALMAS,24,147,147,0,0,0,0,0,0,147,147,10,108,0,0,14.5,13.7,2025-02-15,31.9,2024-11-10
C649I,2025-26,GRAN CANARIA AEROPUERTO,LAS PALMAS,24,150,150,0,0,0,0,0,0,149,138,26,59,1,0,13.7,11.0,2025-12-13,30.2,2025-11-04
C649R,2017-18,"TELDE, MELENARA",LAS PALMAS,9,149,149,0,0,0,0,0,0,145,116,12,90,1,0,11.9,10.3,2018-01-30,28.3,2017-11-27
C649R,2018-19,"TELDE, MELENARA",LAS PALMAS,9,143,143,0,0,0,0,0,0,143,126,9,125,0,0,11.6,10.3,2019-01-13,25.9,2019-02-14
C649R,2019-20,"TELDE, MELENARA",LAS PALMAS,9,148,148,2,0,0,0,2,0,148,139,11,62,0,0,11.8,9.8,2020-01-16,27.8,2019-11-02
C649R,2020-21,"TELDE, MELENARA",LAS PALMAS,9,149,149,0,0,0,0,0,0,147,129,21,82,2,0,12.7,11.4,2021-01-20,27.6,2020-11-01
C649R,2021-22,"TELDE, MELENARA",LAS PALMAS,9,151,151,0,0,0,0,0,0,151,143,14,151,0,0,12.2,11.7,2022-01-23,26.2,2022-02-02
C649R,2022-23,"TELDE, MELENARA",LAS PALMAS,9,151,151,0,0,0,0,0,0,151,145,20,151,0,0,12.6,11.6,2023-02-26,30.4,2023-03-30
C649R,2023-24,"TELDE, MELENARA",LAS PALMAS,9,152,152,0,0,0,0,0,0,152,152,12,152,0,0,12.9,11.6,2024-01-28,30.8,2023-11-15
C649R,2024-25,"TELDE, MELENARA",LAS PALMAS,9,151,151,0,0,0,0,0,0,151,150,9,151,0,0,12.4,11.5,2025-01-03,31.0,2024-11-10
C649R,2025-26,"TELDE, MELENARA",LAS PALMAS,9,151,151,0,0,0,0,0,0,151,138,29,151,0,0,12.4,10.7,2026-01-13,28.6,2025-11-04
C656V,2017-18,TEROR,LAS PALMAS,683,150,150,88,1,0,0,63,0,70,49,40,25,18,0,6.2,4.3,2018-02-14,29.4,2017-11-26
C656V,2018-19,TEROR,LAS PALMAS,683,151,151,106,2,0,0,72,0,96,58,35,20,19,0,6.1,3.4,2019-01-10,27.2,2019-02-14
C656V,2019-20,TEROR,LAS PALMAS,683,150,150,70,1,0,0,48,0,79,48,40,12,13,0,6.5,4.7,2020-01-22,28.2,2020-03-11
C656V,2020-21,TEROR,LAS PALMAS,683,149,149,78,0,0,0,59,0,78,48,45,21,10,0,6.4,5.4,2021-01-18,30.2,2020-11-16
C656V,2021-22,TEROR,LAS PALMAS,683,151,151,74,2,0,0,48,0,82,45,45,19,14,0,6.3,3.6,2022-02-22,27.6,2022-01-01
C656V,2022-23,TEROR,LAS PALMAS,683,151,151,59,0,0,0,48,0,97,78,40,18,26,0,6.8,5.1,2023-02-03,31.0,2023-03-31
C656V,2023-24,TEROR,LAS PALMAS,683,152,152,50,0,0,0,31,0,111,79,31,31,13,0,7.8,6.4,2023-12-24,30.2,2023-11-14
C656V,2024-25,TEROR,LAS PALMAS,683,151,151,74,4,0,0,51,0,92,48,42,38,10,0,6.2,4.2,2025-02-09,31.4,2024-11-09
C656V,2025-26,TEROR,LAS PALMAS,683,148,148,77,3,0,0,54,0,61,30,59,8,23,0,6.5,4.5,2026-02-18,33.0,2025-11-04
C658L,2017-18,LAS PALMAS DE G.C. (TAFIRA CMT),LAS PALMAS,269,151,150,0,0,0,0,0,0,95,58,33,35,21,0,11.1,10.0,2018-02-08,28.9,2017-11-27
C658L,2018-19,LAS PALMAS DE G.C. (TAFIRA CMT),LAS PALMAS,269,151,150,0,0,0,0,0,0,117,60,18,36,8,0,11.6,10.4,2019-01-13,26.4,2019-02-23
C658L,2019-20,LAS PALMAS DE G.C. (TAFIRA CMT),LAS PALMAS,269,151,149,0,0,0,0,0,0,132,69,25,34,3,0,11.9,10.0,2020-01-22,27.6,2020-02-24
C658L,2020-21,LAS PALMAS DE G.C. (TAFIRA CMT),LAS PALMAS,269,151,151,0,0,0,0,0,0,116,53,38,25,10,0,11.7,10.0,2021-02-05,29.2,2020-11-17
C658L,2021-22,LAS PALMAS DE G.C. (TAFIRA CMT),LAS PALMAS,269,151,151,0,0,0,0,0,0,128,64,20,39,4,0,11.9,10.3,2022-02-22,28.0,2021-12-30
C658L,2022-23,LAS PALMAS DE G.C. (TAFIRA CMT),LAS PALMAS,269,151,151,0,0,0,0,0,0,127,93,26,39,8,0,11.7,10.7,2023-01-30,30.5,2023-03-30
C658L,2023-24,LAS PALMAS DE G.C. (TAFIRA CMT),LAS PALMAS,269,152,152,0,0,0,0,0,0,151,121,21,118,1,0,13.1,11.5,2024-03-23,30.9,2023-11-15
C658L,2024-25,LAS PALMAS DE G.C. (TAFIRA CMT),LAS PALMAS,269,151,151,0,0,0,0,0,0,144,95,25,50,2,0,12.0,11.2,2025-02-09,32.3,2024-11-08
C658L,2025-26,LAS PALMAS DE G.C. (TAFIRA CMT),LAS PALMAS,269,151,151,2,0,0,0,2,0,116,60,48,42,8,0,11.6,9.4,2025-12-13,32.0,2025-11-04
C658X,2017-18,"LAS PALMAS DE GRAN CANARIA, TAFIRA",LAS PALMAS,269,149,149,1,0,0,0,1,0,85,54,28,31,14,0,10.8,9.6,2018-02-08,28.5,2017-11-27
C658X,2018-19,"LAS PALMAS DE GRAN CANARIA, TAFIRA",LAS PALMAS,269,149,149,0,0,0,0,0,0,109,49,25,36,11,0,11.5,10.3,2019-01-13,26.4,2019-02-23
C658X,2019-20,"LAS PALMAS DE GRAN CANARIA, TAFIRA",LAS PALMAS,269,150,150,1,0,0,0,1,0,123,58,25,34,4,0,11.6,9.7,2020-01-22,27.1,2020-02-24
C658X,2020-21,"LAS PALMAS DE GRAN CANARIA, TAFIRA",LAS PALMAS,269,147,147,1,0,0,0,1,0,101,48,37,25,11,0,11.5,9.9,2021-02-05,29.0,2020-11-18
C658X,2021-22,"LAS PALMAS DE GRAN CANARIA, TAFIRA",LAS PALMAS,269,151,151,0,0,0,0,0,0,123,53,20,25,4,0,11.6,10.2,2022-02-22,27.8,2021-12-30
C658X,2022-23,"LAS PALMAS DE GRAN CANARIA, TAFIRA",LAS PALMAS,269,151,151,0,0,0,0,0,0,121,88,26,39,13,0,11.5,10.7,2023-01-30,30.6,2023-03-30
C658X,2023-24,"LAS PALMAS DE GRAN CANARIA, TAFIRA",LAS PALMAS,269,149,149,0,0,0,0,0,0,147,115,20,62,1,0,12.9,11.4,2024-03-23,30.7,2023-11-15
C658X,2024-25,"LAS PALMAS DE GRAN CANARIA, TAFIRA",LAS PALMAS,269,151,151,0,0,0,0,0,0,141,79,24,50,2,0,11.8,10.8,2025-02-09,32.1,2024-11-08
C658X,2025-26,"LAS PALMAS DE GRAN CANARIA, TAFIRA",LAS PALMAS,269,151,151,0,0,0,0,0,0,107,52,47,32,10,0,11.7,10.5,2025-12-13,32.0,2025-11-04
C659H,2017-18,"LAS PALMAS DE GRAN CANARIA, SAN CRISTOBAL",LAS PALMAS,55,149,149,0,0,0,0,0,0,143,105,21,65,3,0,12.9,10.5,2018-02-08,29.6,2017-11-27
C659H,2018-19,"LAS PALMAS DE GRAN CANARIA, SAN CRISTOBAL",LAS PALMAS,55,144,144,0,0,0,0,0,0,144,125,18,50,0,0,14.5,12.8,2018-11-23,28.2,2018-12-06
C659H,2019-20,"LAS PALMAS DE GRAN CANARIA, SAN CRISTOBAL",LAS PALMAS,55,147,147,0,0,0,0,0,0,147,137,13,77,0,0,14.5,12.4,2020-03-23,29.8,2020-02-25
C659H,2020-21,"LAS PALMAS DE GRAN CANARIA, SAN CRISTOBAL",LAS PALMAS,55,145,145,0,0,0,0,0,0,142,129,22,51,2,0,13.7,11.0,2021-02-05,30.3,2020-11-16
C659H,2021-22,"LAS PALMAS DE GRAN CANARIA, SAN CRISTOBAL",LAS PALMAS,55,138,138,0,0,0,0,0,0,138,116,17,40,0,0,14.4,12.2,2022-03-15,29.0,2022-02-02
C659H,2024-25,"LAS PALMAS DE GRAN CANARIA, SAN CRISTOBAL",LAS PALMAS,55,149,149,0,0,0,0,0,0,149,136,14,145,0,0,15.3,12.6,2025-03-04,31.8,2024-11-10
C659H,2025-26,"LAS PALMAS DE GRAN CANARIA, SAN CRISTOBAL",LAS PALMAS,55,149,149,0,0,0,0,0,0,147,109,33,89,1,0,14.1,12.4,2026-03-03,30.0,2025-11-13
C659M,2017-18,"LAS PALMAS DE GRAN CANARIA, PL. DE LA FERIA",LAS PALMAS,15,151,151,0,0,0,0,0,0,143,103,20,88,3,0,14.1,12.1,2018-02-08,28.8,2017-11-27
C659M,2018-19,"LAS PALMAS DE GRAN CANARIA, PL. DE LA FERIA",LAS PALMAS,15,149,149,0,0,0,0,0,0,149,127,18,117,0,0,15.1,12.8,2018-11-23,26.9,2019-02-14
C659M,2019-20,"LAS PALMAS DE GRAN CANARIA, PL. DE LA FERIA",LAS PALMAS,15,142,142,0,0,0,0,0,0,142,135,14,91,0,0,14.8,14.5,2020-01-16,27.7,2020-02-24
C659M,2020-21,"LAS PALMAS DE GRAN CANARIA, PL. DE LA FERIA",LAS PALMAS,15,149,149,0,0,0,0,0,0,148,133,25,54,1,0,14.7,12.1,2021-02-05,28.7,2020-11-18
C659M,2021-22,"LAS PALMAS DE GRAN CANARIA, PL. DE LA FERIA",LAS PALMAS,15,151,151,0,0,0,0,0,0,151,138,18,151,0,0,15.3,13.3,2022-03-15,26.2,2021-12-31
C659M,2022-23,"LAS PALMAS DE GRAN CANARIA, PL. DE LA FERIA",LAS PALMAS,15,149,149,0,0,0,0,0,0,149,138,17,149,0,0,15.1,13.4,2023-02-10,28.8,2022-11-16
C659M,2023-24,"LAS PALMAS DE GRAN CANARIA, PL. DE LA FERIA",LAS PALMAS,15,152,152,0,0,0,0,0,0,152,151,13,152,0,0,16.6,14.7,2024-03-23,31.4,2023-11-15
C659M,2024-25,"LAS PALMAS DE GRAN CANARIA, PL. DE LA FERIA",LAS PALMAS,15,128,128,0,0,0,0,0,0,128,126,12,59,0,0,15.6,13.4,2025-03-04,30.9,2024-11-10
C659M,2025-26,"LAS PALMAS DE GRAN CANARIA, PL. DE LA FERIA",LAS PALMAS,15,151,151,0,0,0,0,0,0,151,124,32,151,0,0,15.1,13.1,2026-01-26,29.6,2025-11-04
C665T,2017-18,VALLESECO,LAS PALMAS,900,150,150,98,1,0,0,76,0,62,38,50,24,22,0,6.6,4.9,2018-02-08,28.8,2017-11-12
C665T,2018-19,VALLESECO,LAS PALMAS,900,151,151,108,2,0,0,64,0,66,43,31,10,20,0,6.4,4.4,2019-02-08,26.4,2019-02-13
C665T,2019-20,VALLESECO,LAS PALMAS,900,151,151,83,0,0,0,54,0,62,46,48,9,18,0,7.2,6.2,2020-01-22,25.8,2020-03-12
C665T,2020-21,VALLESECO,LAS PALMAS,900,150,150,89,0,0,0,58,0,51,35,47,8,19,0,6.6,5.0,2021-01-18,29.3,2020-11-14
C665T,2021-22,VALLESECO,LAS PALMAS,900,149,149,93,0,0,0,52,0,51,25,44,9,18,0,6.9,5.2,2022-03-14,24.5,2021-12-31
C665T,2022-23,VALLESECO,LAS PALMAS,900,151,151,60,0,0,0,51,0,85,56,42,18,28,0,6.9,5.9,2023-02-16,29.4,2023-03-31
C665T,2023-24,VALLESECO,LAS PALMAS,900,151,151,45,0,0,0,20,0,94,61,36,29,15,0,8.0,6.3,2024-03-23,28.9,2023-11-14
C665T,2024-25,VALLESECO,LAS PALMAS,900,150,150,84,0,0,0,58,0,68,38,45,20,14,0,7.4,6.6,2025-03-05,29.7,2024-11-09
C665T,2025-26,VALLESECO,LAS PALMAS,900,150,150,85,0,0,0,56,0,41,24,64,7,26,0,6.9,5.5,2026-03-03,31.8,2025-11-04
C668V,2017-18,AGAETE - SUERTE ALTA,LAS PALMAS,352,150,150,2,0,0,0,2,0,90,58,36,41,20,0,10.8,8.8,2018-02-08,28.2,2017-11-25
C668V,2018-19,AGAETE - SUERTE ALTA,LAS PALMAS,352,151,151,0,0,0,0,0,0,117,68,22,41,10,0,11.6,11.0,2019-01-11,26.5,2019-02-14
C668V,2019-20,AGAETE - SUERTE ALTA,LAS PALMAS,352,146,146,0,0,0,0,0,0,118,64,28,25,6,0,12.1,10.7,2020-01-22,29.6,2020-02-23
C668V,2020-21,AGAETE - SUERTE ALTA,LAS PALMAS,352,150,150,1,0,0,0,1,0,106,68,35,21,8,0,11.3,9.6,2021-02-05,29.0,2020-11-18
C668V,2021-22,AGAETE - SUERTE ALTA,LAS PALMAS,352,150,150,0,0,0,0,0,0,113,64,29,26,6,0,12.0,10.3,2022-03-14,27.2,2022-01-01
C668V,2022-23,AGAETE - SUERTE ALTA,LAS PALMAS,352,151,151,1,0,0,0,1,0,119,93,27,39,16,0,11.7,9.7,2023-02-16,35.0,2023-03-31
C668V,2023-24,AGAETE - SUERTE ALTA,LAS PALMAS,352,152,152,1,0,0,0,0,0,142,121,15,50,5,0,13.0,9.4,2024-03-23,31.1,2023-11-15
C668V,2024-25,AGAETE - SUERTE ALTA,LAS PALMAS,352,150,150,0,0,0,0,0,0,127,94,28,39,7,0,12.5,11.5,2025-02-17,32.7,2024-11-10
C668V,2025-26,AGAETE - SUERTE ALTA,LAS PALMAS,352,151,151,2,0,0,0,1,0,100,51,53,21,10,0,11.4,9.5,2025-12-13,32.1,2025-11-04
C669B,2017-18,ARUCAS,LAS PALMAS,86,150,150,0,0,0,0,0,0,133,84,30,75,8,0,12.5,11.6,2018-02-08,28.1,2017-11-25
C669B,2018-19,ARUCAS,LAS PALMAS,86,151,151,0,0,0,0,0,0,150,114,20,109,1,0,12.6,10.4,2019-02-26,28.4,2019-02-22
C669B,2019-20,ARUCAS,LAS PALMAS,86,151,151,0,0,0,0,0,0,151,132,17,92,0,0,13.3,10.9,2020-01-23,29.9,2020-02-24
C669B,2020-21,ARUCAS,LAS PALMAS,86,146,146,0,0,0,0,0,0,139,107,25,35,2,0,13.2,10.9,2021-02-05,31.6,2021-03-25
C669B,2021-22,ARUCAS,LAS PALMAS,86,150,150,0,0,0,0,0,0,150,121,16,122,0,0,12.5,11.2,2021-12-18,28.5,2022-02-08
C669B,2022-23,ARUCAS,LAS PALMAS,86,151,151,0,0,0,0,0,0,151,129,20,151,0,0,12.6,11.0,2023-01-30,30.6,2022-11-14
C669B,2023-24,ARUCAS,LAS PALMAS,86,152,152,0,0,0,0,0,0,152,148,15,152,0,0,13.3,12.9,2023-12-29,33.3,2023-11-15
C669B,2024-25,ARUCAS,LAS PALMAS,86,151,151,0,0,0,0,0,0,151,146,18,151,0,0,13.4,11.2,2025-01-16,34.8,2024-11-09
C669B,2025-26,ARUCAS,LAS PALMAS,86,147,147,0,0,0,0,0,0,146,119,41,59,1,0,12.8,12.1,2026-02-07,30.1,2025-11-02
C689E,2017-18,MASPALOMAS,LAS PALMAS,6,150,150,0,0,0,0,0,0,149,142,7,90,1,0,12.9,11.4,2018-01-31,28.7,2017-11-27
C689E,2019-20,MASPALOMAS,LAS PALMAS,6,142,142,0,0,0,0,0,0,142,139,2,103,0,0,12.7,11.4,2020-01-28,29.8,2020-02-24
C689E,2025-26,MASPALOMAS,LAS PALMAS,6,151,151,0,0,0,0,0,0,151,142,8,151,0,0,13.2,12.0,2026-01-09,29.9,2025-11-02
C839X,2017-18,LA GRACIOSA,LAS PALMAS,19,122,122,2,0,0,0,2,0,118,90,13,51,2,0,11.4,9.5,2018-02-08,30.2,2017-11-27
C839X,2018-19,LA GRACIOSA,LAS PALMAS,19,151,151,0,0,0,0,0,0,151,141,13,151,0,0,13.2,12.4,2019-01-04,28.8,2019-02-13
C839X,2019-20,LA GRACIOSA,LAS PALMAS,19,152,152,0,0,0,0,0,0,152,146,9,152,0,0,13.1,11.7,2020-03-23,29.0,2020-02-05
C839X,2020-21,LA GRACIOSA,LAS PALMAS,19,151,151,0,0,0,0,0,0,149,132,19,95,2,0,13.1,10.4,2021-02-06,33.7,2020-11-17
C839X,2021-22,LA GRACIOSA,LAS PALMAS,19,142,142,1,0,0,0,0,0,140,133,13,73,1,0,13.5,9.9,2022-03-14,28.2,2022-02-10
C839X,2022-23,LA GRACIOSA,LAS PALMAS,19,139,139,0,0,0,0,0,0,139,127,6,127,0,0,13.1,11.8,2023-02-16,31.2,2022-11-14
C839X,2023-24,LA GRACIOSA,LAS PALMAS,19,152,152,0,0,0,0,0,0,152,152,7,152,0,0,14.5,13.3,2024-03-07,32.1,2023-11-14
C839X,2024-25,LA GRACIOSA,LAS PALMAS,19,142,142,0,0,0,0,0,0,142,139,12,52,0,0,14.0,12.8,2025-02-11,33.4,2024-11-09
C839X,2025-26,LA GRACIOSA,LAS PALMAS,19,151,151,0,0,0,0,0,0,150,124,29,108,1,0,13.1,12.3,2025-12-13,30.7,2026-02-22
C916Q,2017-18,"EL PINAR, DEPÓSITO",STA. CRUZ DE TENERIFE,948,151,151,101,6,0,0,76,0,40,19,39,8,39,0,5.5,3.7,2018-01-12,25.7,2017-11-12
C916Q,2018-19,"EL PINAR, DEPÓSITO",STA. CRUZ DE TENERIFE,948,151,151,114,8,0,0,72,0,47,20,34,10,43,0,4.9,3.9,2019-03-29,22.7,2019-02-13
C916Q,2019-20,"EL PINAR, DEPÓSITO",STA. CRUZ DE TENERIFE,948,152,152,82,6,0,0,52,0,63,44,18,15,28,0,5.3,3.4,2020-01-15,26.9,2019-11-02
C916Q,2020-21,"EL PINAR, DEPÓSITO",STA. CRUZ DE TENERIFE,948,151,151,101,6,0,0,66,0,38,24,51,13,56,0,5.3,3.4,2021-01-18,25.1,2020-11-17
C916Q,2021-22,"EL PINAR, DEPÓSITO",STA. CRUZ DE TENERIFE,948,150,150,109,5,0,0,63,0,23,14,42,7,33,0,5.2,3.7,2022-01-31,24.6,2021-11-01
C916Q,2022-23,"EL PINAR, DEPÓSITO",STA. CRUZ DE TENERIFE,948,150,150,87,5,0,0,65,0,61,44,28,10,60,0,5.7,3.1,2023-02-02,30.0,2023-03-30
C916Q,2023-24,"EL PINAR, DEPÓSITO",STA. CRUZ DE TENERIFE,948,152,152,66,0,0,0,41,0,82,59,27,18,16,0,7.5,5.2,2023-12-25,26.5,2023-11-14
C916Q,2024-25,"EL PINAR, DEPÓSITO",STA. CRUZ DE TENERIFE,948,151,151,103,2,0,0,68,0,49,27,38,13,22,0,5.5,4.9,2025-01-09,26.9,2024-11-09
C916Q,2025-26,"EL PINAR, DEPÓSITO",STA. CRUZ DE TENERIFE,948,151,151,100,2,0,0,64,0,44,26,42,11,47,0,6.2,4.0,2026-01-26,30.0,2025-11-04
C917E,2017-18,"EL PINAR, LA DEHESA",STA. CRUZ DE TENERIFE,713,151,151,37,0,0,0,30,0,72,39,41,40,19,0,9.0,7.5,2017-12-25,29.3,2017-11-12
C917E,2018-19,"EL PINAR, LA DEHESA",STA. CRUZ DE TENERIFE,713,149,149,24,0,0,0,16,0,83,55,27,32,20,0,9.3,7.4,2019-02-21,26.6,2019-03-11
C917E,2019-20,"EL PINAR, LA DEHESA",STA. CRUZ DE TENERIFE,713,152,152,23,0,0,0,16,0,87,59,26,19,16,0,9.2,7.7,2020-01-28,31.0,2019-11-02
C917E,2020-21,"EL PINAR, LA DEHESA",STA. CRUZ DE TENERIFE,713,139,139,33,0,0,0,25,0,53,27,49,13,19,0,8.6,7.0,2021-02-05,28.4,2020-11-17
C917E,2021-22,"EL PINAR, LA DEHESA",STA. CRUZ DE TENERIFE,713,151,151,28,0,0,0,14,0,59,29,37,14,21,0,8.9,7.5,2022-03-15,25.3,2022-01-01
C917E,2022-23,"EL PINAR, LA DEHESA",STA. CRUZ DE TENERIFE,713,151,151,20,0,0,0,17,0,80,53,43,18,43,0,9.1,8.2,2023-02-02,33.4,2023-03-31
C917E,2023-24,"EL PINAR, LA DEHESA",STA. CRUZ DE TENERIFE,713,152,152,1,0,0,0,0,0,98,65,8,33,18,0,10.8,9.3,2024-03-23,30.1,2023-11-15
C917E,2024-25,"EL PINAR, LA DEHESA",STA. CRUZ DE TENERIFE,713,151,151,16,0,0,0,8,0,58,38,39,22,34,0,9.4,8.3,2025-03-03,29.3,2024-11-09
C917E,2025-26,"EL PINAR, LA DEHESA",STA. CRUZ DE TENERIFE,713,149,149,33,0,0,0,15,0,43,28,45,11,48,0,8.8,7.4,2026-01-26,32.7,2025-11-02
C919K,2017-18,TACORON-LAPILLAS-TORTUGA,STA. CRUZ DE TENERIFE,98,151,151,0,0,0,0,0,0,150,148,10,114,1,0,14.2,12.2,2018-02-23,34.3,2017-11-12
C919K,2018-19,TACORON-LAPILLAS-TORTUGA,STA. CRUZ DE TENERIFE,98,151,151,0,0,0,0,0,0,151,150,6,151,0,0,14.7,13.3,2019-02-09,29.9,2019-02-12
C919K,2019-20,TACORON-LAPILLAS-TORTUGA,STA. CRUZ DE TENERIFE,98,142,142,0,0,0,0,0,0,142,141,4,90,0,0,15.1,14.3,2020-01-22,31.0,2019-11-30
C919K,2020-21,TACORON-LAPILLAS-TORTUGA,STA. CRUZ DE TENERIFE,98,139,139,0,0,0,0,0,0,138,135,20,84,1,0,14.8,12.4,2021-02-05,32.2,2020-11-18
C919K,2021-22,TACORON-LAPILLAS-TORTUGA,STA. CRUZ DE TENERIFE,98,149,149,0,0,0,0,0,0,149,148,16,81,0,0,14.9,13.0,2022-03-15,29.1,2021-12-30
C919K,2022-23,TACORON-LAPILLAS-TORTUGA,STA. CRUZ DE TENERIFE,98,151,151,0,0,0,0,0,0,151,148,10,151,0,0,14.9,13.1,2023-02-10,36.9,2023-03-30
C919K,2023-24,TACORON-LAPILLAS-TORTUGA,STA. CRUZ DE TENERIFE,98,152,152,0,0,0,0,0,0,152,152,9,152,0,0,16.6,15.3,2024-03-27,33.6,2023-11-15
C919K,2024-25,TACORON-LAPILLAS-TORTUGA,STA. CRUZ DE TENERIFE,98,127,127,0,0,0,0,0,0,127,126,9,107,0,0,15.4,14.3,2025-03-02,32.5,2024-11-10
C919K,2025-26,TACORON-LAPILLAS-TORTUGA,STA. CRUZ DE TENERIFE,98,123,123,0,0,0,0,0,0,123,121,10,118,0,0,15.1,14.7,2026-01-26,34.5,2025-11-03
C925F,2017-18,"SAN ANDRÉS, VALVERDE",STA. CRUZ DE TENERIFE,1070,151,151,112,13,0,0,83,0,32,17,47,7,39,0,4.4,2.7,2018-03-23,24.6,2017-11-13
C925F,2018-19,"SAN ANDRÉS, VALVERDE",STA. CRUZ DE TENERIFE,1070,151,151,128,21,0,0,78,0,28,7,39,5,42,0,3.9,2.0,2019-01-10,21.5,2018-11-29
C925F,2020-21,"SAN ANDRÉS, VALVERDE",STA. CRUZ DE TENERIFE,1070,140,140,117,11,0,0,79,0,27,16,54,10,57,0,4.5,2.9,2021-01-19,23.4,2020-11-12
C925F,2021-22,"SAN ANDRÉS, VALVERDE",STA. CRUZ DE TENERIFE,1070,151,151,132,9,0,0,83,0,16,6,45,5,48,0,4.7,3.4,2021-12-18,23.6,2021-11-02
C925F,2022-23,"SAN ANDRÉS, VALVERDE",STA. CRUZ DE TENERIFE,1070,151,151,110,11,0,0,74,0,47,38,40,10,60,0,4.5,2.2,2023-02-04,26.7,2023-03-30
C925F,2023-24,"SAN ANDRÉS, VALVERDE",STA. CRUZ DE TENERIFE,1070,152,152,98,1,0,0,64,0,54,30,28,14,21,0,6.4,4.9,2024-03-12,25.1,2024-03-17
C925F,2024-25,"SAN ANDRÉS, VALVERDE",STA. CRUZ DE TENERIFE,1070,151,151,115,12,0,0,75,0,35,20,49,10,22,0,4.2,3.5,2025-02-17,26.1,2024-11-09
C925F,2025-26,"SAN ANDRÉS, VALVERDE",STA. CRUZ DE TENERIFE,1070,151,151,125,13,0,0,86,0,23,14,55,8,49,0,4.3,1.6,2026-01-26,28.6,2025-11-04
C928I,2020-21,VALVERDE,STA. CRUZ DE TENERIFE,670,151,151,13,0,0,0,13,0,33,18,43,10,31,0,9.6,7.2,2021-02-05,26.1,2020-11-17
C928I,2021-22,VALVERDE,STA. CRUZ DE TENERIFE,670,151,151,7,0,0,0,3,0,33,14,29,7,48,0,10.0,8.4,2022-03-14,22.9,2021-12-30
C928I,2022-23,VALVERDE,STA. CRUZ DE TENERIFE,670,151,151,8,0,0,0,8,0,54,28,26,9,61,0,9.9,9.1,2023-02-02,28.6,2023-03-31
C928I,2023-24,VALVERDE,STA. CRUZ DE TENERIFE,670,152,152,1,0,0,0,0,0,82,45,16,22,19,0,11.0,9.9,2024-03-23,27.1,2023-11-15
C928I,2024-25,VALVERDE,STA. CRUZ DE TENERIFE,670,151,151,8,0,0,0,1,0,39,19,37,11,59,0,10.1,9.1,2025-03-02,27.8,2024-11-09
C928I,2025-26,VALVERDE,STA. CRUZ DE TENERIFE,670,151,151,11,0,0,0,4,0,32,15,43,12,52,0,9.6,8.4,2026-03-19,30.9,2025-11-04
C929I,2017-18,HIERRO AEROPUERTO,SANTA CRUZ DE TENERIFE,32,151,151,0,0,0,0,0,0,149,115,17,99,1,0,15.4,13.5,2018-02-07,26.4,2017-11-27
C929I,2018-19,HIERRO AEROPUERTO,SANTA CRUZ DE TENERIFE,32,151,151,0,0,0,0,0,0,151,124,19,151,0,0,15.4,14.3,2019-03-25,26.6,2019-02-12
C929I,2019-20,HIERRO AEROPUERTO,SANTA CRUZ DE TENERIFE,32,150,150,0,0,0,0,0,0,150,144,5,107,0,0,15.6,14.1,2020-03-23,27.1,2020-02-14
C929I,2020-21,HIERRO AEROPUERTO,SANTA CRUZ DE TENERIFE,32,151,151,0,0,0,0,0,0,150,132,22,96,1,0,15.1,12.5,2021-02-05,29.3,2020-11-17
C929I,2021-22,HIERRO AEROPUERTO,SANTA CRUZ DE TENERIFE,32,151,151,0,0,0,0,0,0,151,138,16,151,0,0,15.5,14.6,2022-03-14,27.4,2021-12-31
C929I,2022-23,HIERRO AEROPUERTO,SANTA CRUZ DE TENERIFE,32,151,151,0,0,0,0,0,0,151,143,12,151,0,0,15.6,14.0,2022-12-26,29.1,2023-03-26
C929I,2023-24,HIERRO AEROPUERTO,SANTA CRUZ DE TENERIFE,32,152,152,0,0,0,0,0,0,152,152,10,152,0,0,16.4,15.3,2024-02-07,32.4,2023-11-15
C929I,2024-25,HIERRO AEROPUERTO,SANTA CRUZ DE TENERIFE,32,151,151,0,0,0,0,0,0,151,143,17,151,0,0,15.6,14.2,2025-03-02,32.6,2024-11-10
C929I,2025-26,HIERRO AEROPUERTO,SANTA CRUZ DE TENERIFE,32,151,151,0,0,0,0,0,0,151,119,24,151,0,0,14.9,13.6,2026-03-19,32.0,2025-11-04
C939T,2017-18,"FRONTERA, SABINOSA",STA. CRUZ DE TENERIFE,20,151,151,0,0,0,0,0,0,148,111,17,99,2,0,14.4,12.9,2018-02-24,28.4,2017-11-21
C939T,2018-19,"FRONTERA, SABINOSA",STA. CRUZ DE TENERIFE,20,151,151,0,0,0,0,0,0,151,128,3,151,0,0,14.2,13.3,2019-01-13,31.7,2019-02-13
C939T,2019-20,"FRONTERA, SABINOSA",STA. CRUZ DE TENERIFE,20,152,152,0,0,0,0,0,0,152,141,2,152,0,0,14.7,13.7,2020-01-17,30.9,2020-02-23
C939T,2020-21,"FRONTERA, SABINOSA",STA. CRUZ DE TENERIFE,20,151,151,0,0,0,0,0,0,149,131,21,69,1,0,14.4,12.4,2021-02-05,31.0,2020-11-22
C939T,2021-22,"FRONTERA, SABINOSA",STA. CRUZ DE TENERIFE,20,151,151,0,0,0,0,0,0,151,121,20,151,0,0,14.9,13.4,2022-01-28,29.5,2021-12-30
C939T,2022-23,"FRONTERA, SABINOSA",STA. CRUZ DE TENERIFE,20,150,150,0,0,0,0,0,0,150,131,21,144,0,0,14.8,14.0,2022-12-26,30.7,2023-03-30
C939T,2023-24,"FRONTERA, SABINOSA",STA. CRUZ DE TENERIFE,20,152,152,0,0,0,0,0,0,152,149,2,152,0,0,16.2,14.9,2024-03-23,32.0,2023-11-21
C939T,2024-25,"FRONTERA, SABINOSA",STA. CRUZ DE TENERIFE,20,151,151,0,0,0,0,0,0,151,136,29,151,0,0,14.8,13.7,2025-03-03,30.9,2024-12-16
C939T,2025-26,"FRONTERA, SABINOSA",STA. CRUZ DE TENERIFE,20,151,151,0,0,0,0,0,0,151,97,26,151,0,0,15.1,13.3,2026-03-18,27.4,2025-11-03
