indicativo,nombre,provincia,altitud,temporadas,calefaccion_mediana,calefaccion_peor,calefaccion_peor_temporada,calefaccion_mejor,calefaccion_ultima,terraza_mediana,terraza_peor,terraza_mejor,racha_sin_terraza_max,racha_terraza_max,heladas_mediana,heladas_peor,temporadas_sin_helada,racha_heladas_max,lluvia_mediana,tmin_p05_peor,tmin_min,tmin_min_fecha,calefaccion_fuera_nucleo,calefaccion_total
0009X,ALFORJA,TARRAGONA,406,9,134.0,147,2021-22,122,134,30.0,18,52,78,14,5.0,14,1,8,23.0,-1.0,-2.8,2022-01-23,467,1213
0016A,REUS AEROPUERTO,TARRAGONA,71,9,132.0,142,2018-19,118,125,59.0,47,75,47,17,7.0,22,0,11,17.0,-2.0,-5.1,2021-01-06,420,1180
0016B,REUS (CENTRE LECTURA),TARRAGONA,118,9,85.0,114,2017-18,65,85,55.0,41,89,47,22,0.0,0,9,0,16.0,3.1,0.9,2026-01-05,212,771
0034X,VALLS,TARRAGONA,233,9,138.0,143,2018-19,129,137,46.0,30,63,57,25,7.0,12,0,6,21.0,-1.2,-3.5,2025-01-15,452,1223
0042Y,TARRAGONA ,TARRAGONA,55,9,113.0,129,2017-18,98,115,58.0,49,82,29,19,1.0,2,4,2,22.0,1.2,-1.4,2026-01-07,326,1021
0061X,PONTONS,BARCELONA,632,9,144.0,149,2025-26,138,149,15.0,10,34,111,11,16.0,29,0,11,21.0,-2.6,-4.4,2021-01-06,505,1297
0066X,VILAFRANCA DEL PENEDÈS,BARCELONA,177,9,139.0,144,2017-18,130,138,46.0,33,77,57,21,16.0,23,0,16,16.0,-1.8,-4.6,2023-01-23,459,1237
0073X,SITGES,BARCELONA,58,9,112.0,134,2018-19,105,119,33.0,18,53,59,18,0.0,1,7,1,19.0,2.2,-1.8,2023-01-22,336,1046
0076,BARCELONA AEROPUERTO,BARCELONA,4,9,108.0,127,2017-18,98,108,37.0,27,44,59,18,0.0,1,7,1,19.0,1.9,-0.8,2023-01-22,290,994
0092X,BERGA,BARCELONA,682,9,149.0,152,2019-20,146,150,9.0,4,35,141,12,31.0,54,0,18,24.0,-3.5,-6.6,2026-01-07,534,1341
0106X,BALSARENY,BARCELONA,361,9,149.0,151,2018-19,142,142,23.0,14,52,98,24,60.0,94,0,25,19.0,-6.7,-9.5,2021-01-06,521,1331
0114X,PRATS DE LLUÇANÈS,BARCELONA,700,9,150.0,152,2023-24,148,150,11.0,4,34,120,12,57.0,97,0,24,22.0,-6.3,-10.1,2018-02-27,538,1348
0120X,MOIÀ,BARCELONA,742,9,144.0,151,2019-20,134,134,9.0,3,26,121,7,21.0,43,0,16,23.0,-3.1,-5.9,2026-01-07,506,1298
0149D,MANRESA (LA CULLA),BARCELONA,291,7,145.0,148,2017-18,108,108,38.0,17,53,93,17,26.0,57,0,15,19.0,-3.6,-6.0,2023-01-21,381,976
0149X,MANRESA,BARCELONA,291,9,146.0,148,2017-18,137,146,33.0,15,52,93,17,29.0,64,0,20,19.0,-4.2,-6.2,2022-01-16,500,1299
0158O,MONTSERRAT,BARCELONA,738,9,141.0,146,2017-18,117,143,2.0,1,11,150,3,9.0,24,0,17,21.0,-2.7,-6.7,2026-01-07,463,1238
0158X,MONISTROL DE MONTSERRAT,BARCELONA,738,9,140.0,146,2017-18,122,140,3.0,1,12,150,3,6.0,26,0,14,22.0,-2.5,-6.1,2026-01-07,459,1241
0171X,IGUALADA,BARCELONA,313,8,143.0,146,2018-19,136,143,33.0,14,56,70,17,14.0,31,0,18,18.0,-2.5,-4.4,2022-01-23,434,1142
0194D,"CORBERA, PUIG D'AGULLES",BARCELONA,647,9,138.0,146,2021-22,120,142,14.0,2,32,109,9,5.0,20,1,12,23.0,-1.7,-4.5,2018-02-27,466,1224
0200E,"BARCELONA, FABRA",BARCELONA,408,9,117.0,131,2017-18,100,117,27.0,14,61,63,17,1.0,5,4,3,22.0,0.7,-2.4,2018-02-27,354,1049
0201D,"BARCELONA, PORT OLÍMPIC",BARCELONA,26,8,87.5,106,2017-18,69,77,31.5,16,41,46,17,0.0,0,8,0,19.5,3.9,0.1,2018-02-28,197,706
0201X,"BARCELONA, DRASSANES",BARCELONA,11,8,59.5,98,2017-18,49,62,37.5,26,62,57,18,0.0,0,8,0,20.0,3.5,1.3,2018-02-28,109,525
0222X,CALDES DE MONTBUI,BARCELONA,175,9,142.0,147,2017-18,135,141,39.0,27,69,52,15,23.0,41,0,17,19.0,-3.3,-6.6,2023-01-22,484,1280
0244X,VILASSAR DE DALT,BARCELONA,56,8,99.5,129,2017-18,89,97,47.0,23,62,49,17,0.0,0,8,0,21.0,2.5,0.0,2018-02-27,232,819
0252D,ARENYS DE MAR,BARCELONA,74,7,119.0,133,2017-18,111,112,52.0,29,66,41,21,0.0,3,5,2,17.0,1.3,-1.3,2018-02-27,267,839
0260X,FOGARS DE MONTCLÚS,BARCELONA,936,9,145.0,147,2017-18,135,147,9.0,3,32,106,5,13.0,31,0,12,30.0,-3.3,-5.4,2018-02-13,504,1283
0281Y,BLANES,GIRONA,45,9,92.0,119,2017-18,83,89,32.0,20,51,60,24,0.0,0,9,0,22.0,2.3,0.0,2023-01-23,259,873
0284X,CASTELL D'ARO,GIRONA,14,9,133.0,143,2017-18,127,129,30.0,19,48,60,12,7.0,19,0,7,20.0,-1.2,-3.4,2026-01-07,421,1198
0294B,LA BISBAL (D'EMPORDA 3),GIRONA,51,9,136.0,142,2017-18,104,104,46.0,30,70,51,13,11.0,23,0,7,23.0,-2.0,-3.8,2026-01-07,435,1191
0312X,SANT PAU DE SEGÚRIES,GIRONA,851,9,150.0,152,2023-24,129,129,6.0,1,23,113,4,82.0,113,0,36,26.0,-7.2,-10.8,2021-01-06,536,1327
0320I,PLANOLES,GIRONA,1151,9,150.0,152,2019-20,127,127,11.0,5,24,93,7,51.0,90,0,19,25.0,-5.5,-9.5,2018-02-08,536,1322
0321,CAMPDEVANOL,GIRONA,731,8,151.0,152,2019-20,151,151,12.5,8,34,120,11,65.5,112,0,37,29.0,-6.3,-9.2,2018-02-09,488,1210
0324A,RIPOLL,GIRONA,675,8,145.0,150,2023-24,136,150,11.0,5,26,143,11,67.0,98,0,24,22.5,-6.1,-8.7,2021-01-06,463,1159
0341,TONA (ESCOLA),BARCELONA,607,9,149.0,152,2023-24,117,117,8.0,5,39,144,7,42.0,81,0,24,23.0,-4.9,-7.7,2021-01-06,500,1310
0341X,TONA,BARCELONA,607,7,147.0,149,2017-18,136,143,12.0,6,38,82,7,43.0,77,0,24,19.0,-4.6,-7.5,2021-01-06,400,1012
0349,SANT JULIÀ  DE VILATORTA,BARCELONA,578,8,138.5,151,2018-19,120,135,14.0,6,34,95,11,48.5,70,0,20,20.0,-5.7,-8.7,2023-01-22,448,1115
0360X,LES PLANES D'HOSTOLES,GIRONA,337,9,148.0,150,2021-22,128,137,34.0,23,58,43,13,67.0,102,0,30,25.0,-6.5,-9.4,2023-01-21,523,1299
0363X,SANT HILARI,GIRONA,810,9,148.0,151,2018-19,141,148,8.0,4,28,101,5,39.0,64,0,19,25.0,-5.5,-8.0,2023-01-22,530,1334
0367,GIRONA AEROPUERTO,GIRONA,143,9,139.0,147,2017-18,111,137,45.0,29,71,43,17,31.0,53,0,21,22.0,-4.7,-6.7,2023-01-23,465,1232
0370E,GIRONA,GIRONA,76,9,136.0,144,2017-18,124,130,55.0,36,83,35,16,14.0,29,0,10,21.0,-2.4,-4.2,2026-01-07,430,1208
0372C,PORQUERES,GIRONA,157,9,144.0,149,2017-18,136,139,42.0,24,72,44,13,24.0,42,0,18,21.0,-3.2,-6.1,2026-01-07,483,1282
0385X,L'ESTARTIT,GIRONA,1,9,109.0,137,2017-18,101,109,27.0,15,43,90,12,1.0,4,3,3,23.0,0.6,-2.1,2021-01-04,314,1019
0394X,LA VALL DE BIANYA,GIRONA,350,8,149.0,152,2019-20,144,144,33.0,18,54,68,11,58.5,95,0,27,22.5,-6.5,-7.6,2018-02-13,472,1190
0411X,CASTELLÓ D'EMPÚRIES,GIRONA,2,8,134.5,143,2017-18,121,131,34.5,29,67,38,15,12.0,20,0,5,21.0,-1.9,-4.6,2025-01-15,383,1072
0413A,MAÇANET DE CABRENYS,GIRONA,355,9,144.0,149,2022-23,138,143,27.0,22,51,43,15,10.0,28,0,15,27.0,-2.9,-7.3,2018-02-27,496,1297
0421E,ESPOLLA 'LES ALBERES',GIRONA,100,8,128.5,147,2017-18,103,124,37.5,25,69,35,17,2.0,6,1,3,21.5,0.3,-3.4,2018-02-13,345,1005
0421X,ESPOLLA,GIRONA,100,9,133.0,145,2017-18,122,129,37.0,24,69,35,17,3.0,9,1,6,23.0,-0.9,-3.2,2018-02-13,411,1185
0429X,FIGUERES,GIRONA,45,9,123.0,143,2017-18,116,125,40.0,25,76,42,14,2.0,6,3,4,23.0,0.6,-2.3,2018-02-13,361,1125
0433D,CABO DE CREUS,GIRONA,75,6,44.0,54,2022-23,29,35,28.0,8,39,34,12,0.0,0,6,0,14.0,3.9,1.3,2023-02-27,45,254
1002Y,"BAZTAN, IRURITA",NAVARRA,183,9,140.0,147,2018-19,137,138,38.0,14,54,41,10,24.0,37,0,10,61.0,-4.8,-8.9,2026-01-07,497,1272
1010X,BERA,NAVARRA,54,9,128.0,145,2018-19,124,124,42.0,18,59,44,13,11.0,26,0,8,64.0,-2.4,-6.9,2026-01-05,449,1189
1012P,IRUN,GIPUZKOA,120,9,104.0,124,2017-18,91,102,38.0,17,59,53,13,1.0,4,3,4,67.0,0.9,-5.1,2018-02-27,333,951
1014,"HONDARRIBIA, MALKARROA",GIPUZKOA,4,9,118.0,132,2018-19,107,111,43.0,26,60,53,10,4.0,6,0,4,68.0,0.2,-3.7,2018-02-27,378,1055
1014A,DONOSTIA / SAN SEBASTIÁN AEROPUERTO,GIPUZKOA,4,9,115.0,123,2017-18,99,110,44.0,27,70,41,17,3.0,5,2,4,62.0,0.7,-3.1,2026-01-05,373,1019
1021X,"ERRENTERIA, AÑARBE",GIPUZKOA,165,9,123.0,135,2018-19,116,123,41.0,22,58,41,13,6.0,16,0,6,66.0,-1.1,-6.1,2018-02-27,420,1128
1021Y,ARTICUTZA (AUTOMATICA),NAVARRA,305,9,141.0,146,2017-18,137,141,16.0,4,22,113,10,15.0,29,0,7,64.0,-2.2,-6.4,2018-02-27,502,1277
1024E,"DONOSTIA / SAN SEBASTIÁN, IGELDO",GIPUZKOA,250,9,109.0,127,2017-18,101,109,26.0,11,40,62,8,0.0,6,5,3,69.0,0.3,-5.1,2018-02-27,369,1017
1025A,SEGURA,GIPUZKOA,255,9,131.0,145,2018-19,126,130,36.0,11,51,63,10,12.0,27,0,7,64.0,-2.0,-6.7,2018-02-27,453,1215
1025X,"BEASAIN, ARRIARAN",GIPUZKOA,255,9,132.0,145,2018-19,124,132,33.0,13,50,63,10,9.0,24,0,6,65.0,-1.8,-6.2,2018-02-27,452,1213
1026X,ORDIZIA,GIPUZKOA,290,9,126.0,138,2018-19,118,126,26.0,9,44,86,10,7.0,23,0,6,64.0,-1.2,-5.9,2018-02-27,431,1157
1033X,ARESO,NAVARRA,520,9,138.0,145,2019-20,134,137,15.0,2,28,130,10,11.0,31,0,11,73.0,-2.5,-8.7,2018-02-27,474,1254
1037X,LEGAZPI,GIPUZKOA,460,9,137.0,147,2021-22,126,137,14.0,5,25,128,10,13.0,30,0,10,68.0,-2.1,-7.1,2018-02-27,472,1236
1037Y,ZUMARRAGA,GIPUZKOA,431,9,142.0,147,2021-22,112,112,12.0,0,29,129,10,14.0,40,0,12,67.0,-2.7,-7.1,2018-02-27,457,1217
1038X,AZPEITIA,GIPUZKOA,180,9,123.0,137,2018-19,111,123,35.0,15,49,62,13,4.0,10,0,5,67.0,-0.4,-5.2,2018-02-27,422,1130
1041A,ZUMAIA,GIPUZKOA,28,9,96.0,116,2017-18,75,84,47.0,27,61,41,13,0.0,2,5,2,64.0,1.9,-2.5,2018-02-27,302,879
1044X,"ARAMAIO, ETXAGUEN",ARABA/ALAVA,617,9,141.0,147,2018-19,133,141,10.0,0,17,151,10,7.0,21,0,11,67.0,-2.0,-6.6,2018-02-27,488,1273
1048X,ARETXABALETA,GIPUZKOA,308,9,134.0,145,2018-19,130,132,26.0,9,38,83,10,13.0,29,0,7,64.0,-2.3,-6.8,2018-02-27,468,1226
1049N,ELGETA,GIPUZKOA,470,9,133.0,145,2018-19,127,136,17.0,6,27,99,10,6.0,18,0,11,66.0,-1.4,-5.8,2018-02-27,460,1218
1050J,ELGOIBAR,GIPUZKOA,119,7,133.0,139,2018-19,106,112,30.0,12,56,49,10,4.0,11,0,5,62.0,-0.6,-4.9,2018-02-27,326,889
1052A,MUTRIKU,GIPUZKOA,150,9,99.0,122,2017-18,83,99,31.0,12,45,62,11,0.0,2,8,2,65.0,1.9,-2.6,2018-02-28,316,895
1056K,FORUA,BIZKAIA,45,9,123.0,139,2018-19,115,123,41.0,24,57,44,13,4.0,9,0,3,68.0,-0.2,-3.2,2018-02-27,435,1133
1057B,MATXITXAKO,BIZKAIA,93,7,89.0,104,2021-22,75,89,30.0,23,48,53,9,0.0,0,7,0,65.0,4.4,2.3,2024-01-20,198,610
1059X,PUNTA GALEA,BIZKAIA,81,5,116.0,124,2018-19,72,72,28.0,13,65,53,11,0.0,2,3,2,66.0,0.9,-2.6,2018-02-28,175,518
1060X,AMURRIO,ARABA/ALAVA,240,9,133.0,145,2018-19,125,133,29.0,15,48,77,12,14.0,24,0,8,62.0,-2.5,-6.3,2019-01-06,454,1201
1064L,"OROZKO, IBARRA",BIZKAIA,270,9,135.0,143,2021-22,125,132,39.0,15,53,62,12,7.0,21,0,7,66.0,-1.3,-4.3,2018-02-27,460,1207
1069Y,"ABADIÑO, URKIOLA",BIZKAIA,747,9,148.0,149,2017-18,136,149,7.0,0,13,113,7,17.0,37,0,12,72.0,-2.2,-7.2,2018-02-27,520,1312
1074C,AMOREBIETA-ETXANO,BIZKAIA,100,9,129.0,143,2018-19,123,123,43.0,18,59,44,13,7.0,16,0,7,66.0,-0.9,-4.7,2018-02-27,444,1180
1078C,BALMASEDA,BIZKAIA,210,9,133.0,144,2018-19,130,131,35.0,13,48,62,10,14.0,26,0,9,62.0,-2.2,-5.8,2019-01-05,475,1225
1078I,GÜEÑES,BIZKAIA,208,5,140.0,141,2021-22,124,124,29.0,14,47,71,11,7.0,14,0,5,54.0,-1.1,-4.2,2019-01-05,255,670
1082,BILBAO AEROPUERTO,BIZKAIA,42,9,121.0,131,2018-19,107,121,48.0,28,61,41,13,3.0,9,2,4,61.0,-0.2,-3.5,2018-02-27,400,1084
1083B,SOPUERTA,BIZKAIA,177,9,128.0,137,2017-18,118,128,45.0,21,59,48,13,4.0,9,1,4,62.0,-0.2,-3.4,2018-02-28,430,1147
1083L,CASTRO URDIALES,CANTABRIA,45,9,94.0,117,2018-19,72,94,35.0,21,51,54,12,0.0,2,8,2,59.0,2.8,-1.7,2018-02-28,280,832
1089U,RAMALES DE LA VICTORIA,CANTABRIA,80,9,134.0,144,2018-19,124,134,44.0,22,56,36,12,12.0,23,0,8,69.0,-1.9,-5.3,2019-01-06,459,1197
1096X,"BARCENA DE CICERO, TRETO",CANTABRIA,10,9,129.0,139,2018-19,119,134,42.0,22,52,42,10,2.0,4,2,3,64.0,0.4,-2.3,2023-02-11,430,1162
1109,SANTANDER AEROPUERTO,CANTABRIA,3,7,112.0,125,2017-18,101,101,37.0,25,50,53,12,1.0,3,2,3,63.0,0.7,-1.4,2019-01-04,270,782
1109X,SANTANDER AEROPUERTO,CANTABRIA,3,9,120.0,132,2018-19,112,120,43.0,29,53,53,13,5.0,13,0,6,61.0,-1.4,-3.6,2019-01-04,398,1087
1111,SANTANDER,CANTABRIA,52,7,92.0,112,2017-18,75,75,25.0,18,41,66,12,0.0,1,6,1,57.0,3.8,-0.8,2018-02-28,209,637
1111X,SANTANDER,CANTABRIA,51,9,87.0,112,2017-18,73,86,28.0,16,42,73,12,0.0,2,8,2,56.0,3.5,-0.9,2018-02-28,256,804
1124E,VILLACARRIEDO,CANTABRIA,196,9,129.0,142,2017-18,116,116,30.0,12,45,53,9,15.0,25,0,8,61.0,-2.5,-5.3,2019-01-04,452,1179
1135C,"LOS TOJOS, BÁRCENA MAYOR",CANTABRIA,460,9,148.0,151,2018-19,134,146,27.0,6,38,104,8,35.0,54,0,14,57.0,-3.5,-5.9,2024-01-20,526,1321
1152C,SAN FELICES DE BUELNA,CANTABRIA,105,9,137.0,143,2017-18,125,138,43.0,23,57,48,10,13.0,19,0,7,58.0,-2.1,-5.1,2019-01-06,455,1217
1154H,"TORRELAVEGA, SIERRAPANDO",CANTABRIA,110,9,117.0,131,2017-18,106,117,39.0,21,50,36,13,1.0,3,3,3,59.0,1.4,-2.4,2018-02-28,378,1062
1159,SAN VICENTE DE LA BARQUERA,CANTABRIA,38,9,122.0,144,2018-19,110,125,35.0,15,47,56,14,0.0,5,6,3,54.0,1.0,-1.8,2018-02-28,399,1108
1167B,"CAMALEÑO, FUENTE DE",CANTABRIA,1100,9,147.0,151,2023-24,145,145,10.0,2,19,103,6,41.0,69,0,24,61.0,-5.1,-8.6,2021-01-08,530,1324
1174I,"CILLORIGO DE LIÉBANA, TAMA",CANTABRIA,250,9,145.0,148,2017-18,134,140,42.0,19,56,40,10,32.0,47,0,20,44.0,-4.6,-7.3,2019-01-06,500,1281
1176A,TRESVISO,CANTABRIA,940,9,141.0,145,2017-18,138,142,10.0,4,15,129,4,12.0,32,0,18,61.0,-2.5,-7.0,2018-02-28,496,1270
1178Y,"POSADA DE VALDEÓN, SOTO ",LEON,953,9,151.0,152,2023-24,149,149,5.0,0,9,151,4,48.0,78,0,28,61.0,-6.3,-10.1,2021-01-08,547,1358
1179B,CABRALES,ASTURIAS,458,9,133.0,144,2018-19,121,135,33.0,19,45,54,12,2.0,15,0,7,56.0,-0.6,-4.2,2018-02-28,447,1201
1183X,LLANES,ASTURIAS,10,9,108.0,122,2017-18,94,114,23.0,10,40,74,13,0.0,1,8,1,63.0,3.5,-0.4,2018-02-28,330,971
1186P,"AMIEVA, PANIZALES",ASTURIAS,370,9,130.0,141,2017-18,118,132,40.0,17,58,52,13,6.0,21,0,11,60.0,-1.1,-3.9,2021-01-08,460,1176
1199X,"PILOÑA, BARGAÉU",ASTURIAS,280,9,139.0,146,2021-22,129,139,39.0,20,55,45,10,15.0,25,0,7,62.0,-2.2,-4.9,2021-01-07,488,1252
1203D,COLUNGA,ASTURIAS,30,9,130.0,141,2018-19,117,132,27.0,16,40,42,9,1.0,3,4,2,65.0,2.0,-1.5,2018-02-23,426,1162
1207U,"GIJÓN, CAMPUS",ASTURIAS,26,7,133.0,145,2018-19,107,107,33.0,22,50,54,8,8.0,12,0,6,52.0,-1.0,-3.4,2019-01-05,348,910
1208H,"GIJÓN, PUERTO",ASTURIAS,5,9,95.0,120,2017-18,83,107,37.0,23,49,46,13,0.0,0,9,0,65.0,3.7,0.0,2018-02-28,289,880
1210X,CABO PEÑAS,ASTURIAS,100,6,89.5,118,2017-18,64,97,22.0,10,34,74,7,0.0,1,5,1,56.5,3.3,-1.3,2018-02-28,163,538
1212E,ASTURIAS AEROPUERTO,ASTURIAS,127,9,124.0,137,2018-19,105,127,29.0,18,38,41,8,1.0,3,4,2,66.0,1.6,-2.2,2018-02-28,402,1101
1221D,PAJARES-VALGRANDE,ASTURIAS,1480,9,150.0,151,2020-21,139,141,0.0,0,1,151,1,69.0,91,0,25,68.0,-6.9,-10.6,2021-01-07,532,1319
1223P,"LENA, RONZÓN",ASTURIAS,370,9,140.0,147,2018-19,130,135,31.0,13,44,64,8,21.0,31,0,19,52.0,-2.5,-5.0,2019-01-07,489,1244
1226X,"ALLER, FELECHOSA",ASTURIAS,750,9,145.0,149,2017-18,131,145,15.0,2,19,129,6,22.0,39,0,17,63.0,-3.8,-7.2,2021-01-08,500,1294
1234P,"MIERES, BAIÑA",ASTURIAS,170,9,137.0,146,2018-19,125,137,51.0,31,63,32,13,9.0,16,0,9,55.0,-1.0,-4.3,2019-01-06,478,1234
1249I,OVIEDO,ASTURIAS,336,5,137.0,141,2018-19,125,136,22.0,18,31,53,7,5.0,8,1,3,60.0,0.0,-3.5,2018-02-28,269,679
1249X,OVIEDO,ASTURIAS,334,9,131.0,141,2018-19,122,131,30.0,18,32,53,8,3.0,6,0,3,60.0,0.3,-3.4,2018-02-28,448,1182
1272B,"TINEO, SOUTU",ASTURIAS,280,9,139.0,145,2021-22,130,141,31.0,12,40,57,11,16.0,25,0,8,61.0,-2.1,-5.4,2019-01-06,500,1250
1276F,POLA DE SOMIEDO,ASTURIAS,670,9,145.0,147,2017-18,134,141,21.0,6,34,123,10,32.0,48,0,22,58.0,-4.7,-8.3,2021-01-08,515,1288
1279X,"SALAS, CAMUÑO",ASTURIAS,240,9,131.0,141,2021-22,116,130,37.0,20,46,45,10,5.0,11,0,5,62.0,-0.5,-3.2,2021-01-08,458,1177
1283U,CABO BUSTO,ASTURIAS,60,8,102.5,116,2025-26,70,116,29.0,14,47,41,12,0.0,0,8,0,49.5,3.1,0.3,2025-01-15,285,786
1297E,CERVANTES,LUGO,1020,9,145.0,151,2017-18,137,149,6.0,2,11,142,4,23.0,57,0,16,72.0,-3.3,-6.6,2021-01-06,527,1309
1302F,DEGAÑA,ASTURIAS,1310,9,150.0,151,2018-19,132,151,2.0,0,6,147,3,63.0,86,0,28,52.0,-6.6,-10.5,2021-01-08,534,1316
1309C,"IBIAS, SAN ANTOLIN",ASTURIAS,780,9,137.0,144,2021-22,125,125,12.0,4,23,129,8,14.0,29,0,10,64.0,-1.8,-6.2,2021-01-07,480,1227
1327A,"VILLAYÓN, ONETA",ASTURIAS,410,9,126.0,133,2017-18,118,126,15.0,6,20,75,8,0.0,5,5,2,63.0,0.3,-3.3,2018-02-28,431,1134
1331A,CASTROPOL,ASTURIAS,40,9,116.0,132,2018-19,101,116,29.0,14,46,48,13,1.0,4,3,3,66.0,0.4,-1.8,2021-01-09,390,1028
1341B,"TARAMUNDI, OURIA",ASTURIAS,340,8,125.0,135,2018-19,115,115,17.5,5,25,88,8,1.0,7,3,2,65.5,0.1,-2.3,2018-02-28,387,997
1342X,RIBADEO,LUGO,43,9,109.0,121,2018-19,91,114,30.0,14,55,42,13,0.0,1,7,1,60.0,1.7,-0.6,2018-02-23,357,970
1344X,MONDOÑEDO,LUGO,125,9,120.0,136,2018-19,111,127,26.0,11,41,74,11,8.0,15,0,5,75.0,-0.8,-3.8,2021-01-08,438,1108
1347T,BURELA,LUGO,80,9,101.0,114,2017-18,78,97,21.0,11,33,61,8,0.0,0,9,0,59.0,4.2,2.0,2018-02-28,294,876
1351,ESTACA DE BARES,A CORUÑA,90,9,75.0,100,2017-18,56,82,14.0,4,20,104,6,0.0,0,9,0,65.0,5.2,2.2,2018-02-28,201,665
1354C,FERROL,A CORUÑA,4,8,93.0,121,2017-18,86,89,29.5,7,43,68,10,0.0,0,8,0,71.0,1.8,0.0,2024-01-20,292,789
1363X,AS PONTES,A CORUÑA,343,9,135.0,144,2018-19,109,134,14.0,4,24,106,7,14.0,26,0,9,70.0,-1.5,-3.6,2021-01-09,486,1205
1387,A CORUÑA,A CORUÑA,57,9,81.0,110,2017-18,67,81,23.0,10,36,79,9,0.0,0,9,0,71.0,4.2,1.9,2018-02-28,246,732
1387D,A CORUÑA BENS,A CORUÑA,132,9,87.0,111,2017-18,45,104,22.0,6,31,92,10,0.0,0,9,0,67.0,3.1,0.9,2024-01-20,257,760
1387E,A CORUÑA AEROPUERTO,A CORUÑA,98,9,116.0,126,2018-19,100,117,24.0,11,33,75,9,9.0,19,0,8,66.0,-1.1,-3.3,2019-01-06,402,1034
1390X,"CARBALLO, DEPURADORA",A CORUÑA,98,9,123.0,135,2018-19,105,123,23.0,10,34,93,9,18.0,35,0,14,72.0,-2.5,-5.7,2019-01-06,444,1096
1393,CABO VILÁN,A CORUÑA,50,9,78.0,95,2025-26,60,95,6.0,3,13,90,6,0.0,0,9,0,74.0,4.3,1.3,2018-02-28,241,689
1399,VIMIANZO,A CORUÑA,287,9,125.0,130,2018-19,113,125,10.0,2,20,114,10,3.0,6,0,2,83.0,0.5,-1.5,2023-02-24,441,1106
1400,FISTERRA,A CORUÑA,230,8,89.5,101,2017-18,70,99,8.5,2,17,99,7,0.0,0,8,0,72.0,4.0,1.1,2018-02-28,253,713
1406X,MAZARICOS,A CORUÑA,340,9,126.0,135,2018-19,114,126,7.0,0,13,132,9,5.0,10,0,4,86.0,-0.4,-3.1,2023-02-24,450,1132
1410X,SOBRADO,A CORUÑA,500,8,141.0,148,2018-19,135,141,22.0,12,29,110,12,34.5,49,0,10,70.5,-3.9,-6.6,2021-01-16,455,1135
1428,SANTIAGO DE COMPOSTELA AEROPUERTO,A CORUÑA,370,9,138.0,145,2018-19,127,140,16.0,3,22,129,11,7.0,14,0,4,78.0,-1.0,-4.2,2021-01-16,478,1212
1435C,NOIA,A CORUÑA,128,8,111.5,124,2017-18,99,116,22.0,4,45,98,12,0.0,0,8,0,69.0,1.9,0.1,2021-01-05,346,892
1442U,BOIRO,A CORUÑA,10,9,108.0,123,2018-19,98,112,22.0,9,33,115,12,3.0,7,1,5,66.0,0.1,-1.9,2021-01-16,384,994
1446X,MONTERROSO,LUGO,680,9,143.0,149,2018-19,130,144,9.0,1,19,136,5,7.0,18,0,6,60.0,-0.8,-2.8,2021-01-08,492,1276
1455I,RODEIRO-VILAMAIOR,PONTEVEDRA,645,9,143.0,148,2018-19,118,118,9.0,3,21,121,5,29.0,56,0,14,61.0,-3.5,-5.6,2018-02-24,520,1269
1465U,LALIN-CRISTIMIL,PONTEVEDRA,463,9,131.0,142,2018-19,106,106,18.0,6,30,99,12,23.0,40,0,13,49.0,-2.8,-5.6,2021-01-08,465,1165
1466A,SILLEDA,PONTEVEDRA,435,9,128.0,142,2018-19,116,135,27.0,9,36,82,12,3.0,11,0,6,70.0,-0.8,-3.1,2021-01-08,465,1182
1468X,A ESTRADA,PONTEVEDRA,269,9,126.0,139,2018-19,114,132,20.0,7,29,129,11,10.0,20,0,7,75.0,-1.0,-3.4,2023-12-18,455,1144
1473A,PADRÓN,A CORUÑA,100,9,127.0,137,2018-19,102,127,23.0,12,34,107,16,9.0,19,0,10,75.0,-1.6,-3.3,2019-01-06,444,1104
1475X,SANTIAGO DE COMPOSTELA,A CORUÑA,240,9,121.0,136,2018-19,102,124,27.0,7,32,98,12,0.0,5,5,2,77.0,0.6,-1.8,2021-01-16,413,1061
1476R,"ROIS, CASAS DO PORTO",A CORUÑA,210,8,117.0,127,2018-19,103,122,19.5,14,26,106,12,0.5,6,4,2,76.0,0.3,-1.8,2021-01-05,362,942
1477U,VILAGARCIA DE AROUSA,PONTEVEDRA,36,6,105.5,120,2017-18,95,96,27.5,16,35,76,13,0.0,3,5,1,69.5,1.4,-1.0,2021-01-05,244,638
1477V,VILAGARCÍA DE AROUSA,PONTEVEDRA,32,9,103.0,121,2017-18,91,110,28.0,12,34,76,13,0.0,3,8,1,72.0,1.0,-0.9,2021-01-05,356,950
1484C,PONTEVEDRA,PONTEVEDRA,113,9,114.0,128,2017-18,97,116,28.0,7,38,99,12,0.0,4,7,4,70.0,0.9,-1.2,2021-01-08,380,1013
1489A,A LAMA,PONTEVEDRA,395,9,135.0,144,2018-19,126,137,21.0,9,28,110,12,13.0,33,0,8,72.0,-1.8,-4.3,2021-01-16,472,1210
1495,VIGO AEROPUERTO,PONTEVEDRA,255,9,125.0,134,2017-18,111,130,23.0,10,30,110,11,1.0,5,4,5,73.0,0.3,-3.1,2021-01-05,420,1112
1496X,VIGO ,PONTEVEDRA,120,9,97.0,121,2017-18,81,97,30.0,15,41,74,13,0.0,0,9,0,71.0,2.8,0.3,2021-01-08,315,862
1505,LUGO AEROPUERTO,LUGO,442,9,140.0,148,2021-22,134,140,19.0,4,27,128,7,30.0,42,0,15,65.0,-3.6,-7.2,2019-01-06,508,1264
1518A,LUGO,LUGO,442,9,138.0,147,2018-19,132,142,17.0,4,28,114,9,20.0,33,0,14,62.0,-2.5,-5.7,2019-01-06,502,1257
1521I,O PÁRAMO,LUGO,403,9,138.0,145,2018-19,128,128,24.0,4,34,123,11,30.0,45,0,20,63.0,-3.7,-7.7,2019-01-05,495,1234
1521X,BECERREÁ,LUGO,1080,9,146.0,151,2018-19,141,146,2.0,0,4,151,2,24.0,65,0,16,61.0,-3.2,-5.9,2021-01-07,525,1318
1541B,VILLABLINO,LEON,958,8,149.5,151,2018-19,140,148,18.5,8,33,125,10,68.5,93,0,31,61.5,-7.2,-9.9,2018-03-22,482,1188
1542,PUERTO DE LEITARIEGOS,ASTURIAS,1530,7,151.0,151,2018-19,129,151,1.0,0,2,151,2,73.0,76,0,29,38.0,-7.3,-12.6,2021-01-07,399,1024
1549,PONFERRADA,LEON,532,9,144.0,149,2018-19,139,146,26.0,8,35,101,13,32.0,52,0,21,58.0,-5.1,-8.4,2021-01-09,502,1296
1561I,VEGA DE ESPINAREDA  ,LEON,770,9,150.0,151,2018-19,147,150,20.0,9,31,109,12,49.0,79,0,24,60.0,-5.7,-8.8,2021-01-08,537,1347
1583X,O BARCO DE VALDEORRAS,OURENSE,315,8,130.5,146,2018-19,114,131,23.0,16,30,102,16,18.0,34,0,21,42.5,-3.9,-6.5,2021-01-09,398,1050
1631E,A POBRA DE TRIVES,OURENSE,840,9,149.0,151,2018-19,145,147,7.0,1,15,142,9,33.0,55,0,20,63.0,-4.2,-7.8,2021-01-08,532,1337
1639X,CHANDREXA DE QUEIXA,OURENSE,990,9,148.0,151,2018-19,143,148,7.0,1,16,142,4,43.0,71,0,21,65.0,-5.3,-9.2,2021-01-08,530,1328
1658,FOLGOSO DO COUREL,LUGO,612,9,135.0,142,2019-20,119,140,16.0,4,29,83,10,24.0,35,0,14,57.0,-3.8,-8.4,2021-01-08,477,1207
1679A,MONFORTE DE LEMOS,LUGO,291,9,136.0,150,2021-22,129,138,34.0,12,45,76,13,33.0,47,0,22,45.0,-4.7,-7.5,2021-01-09,493,1235
1690A,OURENSE,OURENSE,146,9,129.0,140,2018-19,105,129,43.0,19,52,65,17,17.0,27,0,16,52.0,-2.8,-5.6,2021-01-09,434,1142
1696O,BEARIZ,OURENSE,610,9,144.0,150,2021-22,136,136,22.0,6,37,98,13,55.0,73,0,22,73.0,-5.6,-8.1,2023-03-02,533,1300
1700X,O CARBALLIÑO,OURENSE,400,9,137.0,144,2021-22,128,142,24.0,15,35,108,10,28.0,44,0,16,64.0,-3.0,-5.7,2023-03-02,495,1239
1701X,RIBADAVIA,OURENSE,112,9,127.0,141,2018-19,117,129,37.0,16,43,76,17,15.0,25,0,11,58.0,-2.5,-4.4,2018-02-24,450,1149
1706A,ALLARIZ,OURENSE,492,9,138.0,140,2025-26,122,140,24.0,10,36,109,12,31.0,46,0,20,58.0,-4.8,-8.4,2021-01-09,495,1225
1719,A CAÑIZA,PONTEVEDRA,560,9,140.0,147,2018-19,127,140,20.0,7,28,108,12,4.0,17,0,9,63.0,-1.1,-4.5,2021-01-09,481,1243
1723X,"PONTEAREAS, CANEDO   ",PONTEVEDRA,90,9,125.0,138,2021-22,99,126,43.0,22,58,67,17,17.0,26,0,12,62.0,-2.0,-4.8,2021-01-08,444,1118
1730E,O ROSAL,PONTEVEDRA,55,9,103.0,117,2021-22,84,108,35.0,22,46,75,14,3.0,10,1,3,65.0,-0.3,-2.3,2019-01-05,353,916
1735X,XINZO DE LIMIA,OURENSE,616,8,147.5,151,2021-22,143,148,12.5,5,20,113,10,55.0,83,0,35,60.0,-8.3,-11.5,2022-01-29,468,1182
1738U,MUIÑOS,OURENSE,730,9,145.0,149,2017-18,141,146,17.0,3,35,132,12,24.0,36,0,18,57.0,-4.3,-6.4,2021-01-08,518,1310
1740,"SANTILLANA DEL MAR, ALTAMIRA",CANTABRIA,150,9,119.0,137,2018-19,114,114,28.0,18,43,53,8,2.0,5,3,3,63.0,1.0,-2.6,2018-02-28,407,1101
2005Y,"VINUESA, QUINTANAREJO",SORIA,1197,9,151.0,151,2017-18,123,150,7.0,1,12,130,7,77.0,106,0,39,50.0,-6.2,-11.3,2021-01-08,537,1309
2017Y,"LA PÓVEDA DE SORIA, BARRIOMARTÍN",SORIA,1260,9,151.0,152,2019-20,148,150,5.0,0,9,151,6,79.0,102,0,25,42.0,-6.8,-11.7,2021-01-04,544,1356
2030,SORIA,SORIA,1081,9,151.0,151,2017-18,147,149,13.0,7,22,125,10,52.0,76,0,23,40.0,-7.2,-11.1,2021-01-08,539,1351
2044B,LUBIA,SORIA,1100,9,149.0,151,2018-19,122,122,12.0,5,20,124,8,65.0,98,0,29,40.0,-7.6,-14.3,2021-01-11,518,1306
2048A,MORÓN DE ALMAZÁN,SORIA,978,9,151.0,152,2023-24,148,149,13.0,8,22,125,9,76.0,106,0,35,35.0,-11.1,-19.2,2021-01-11,546,1354
2059B,LA RIBA DE ESCALOTE,SORIA,1042,9,151.0,152,2023-24,143,143,10.0,1,13,147,8,56.0,89,0,29,32.0,-8.4,-16.7,2018-01-09,541,1347
2084Y,UCERO,SORIA,960,9,151.0,151,2017-18,150,150,10.0,2,18,132,9,84.0,109,0,36,46.0,-10.1,-16.1,2021-01-11,544,1356
2092,BURGO DE OSMA,SORIA,932,9,150.0,151,2017-18,143,148,13.0,6,22,125,9,74.0,95,0,34,45.0,-8.9,-17.9,2021-01-11,538,1344
2096B,LICERAS,SORIA,1150,9,151.0,151,2018-19,147,147,7.0,0,16,125,7,50.0,81,0,26,43.0,-6.1,-10.6,2021-01-08,540,1350
2106B,CORUÑA DEL CONDE,BURGOS,955,9,150.0,151,2017-18,148,149,9.0,2,13,143,8,50.0,84,0,23,41.0,-6.2,-11.0,2021-01-12,541,1350
2117D,ARANDA DE DUERO,BURGOS,790,9,150.0,151,2018-19,123,132,10.0,1,18,145,9,61.0,92,0,31,29.0,-8.1,-14.7,2021-01-12,525,1302
2135A,FRESNO DE CANTESPINO,SEGOVIA,993,9,150.0,151,2017-18,128,149,11.0,2,15,129,9,70.0,92,0,29,38.0,-8.8,-15.3,2018-01-09,515,1314
2140A,ALDEANUEVA DE SERREZUELA,SEGOVIA,1135,9,149.0,151,2018-19,136,136,5.0,1,8,144,6,37.0,69,0,23,45.0,-4.8,-7.9,2021-01-08,522,1321
2150H,"LA PINILLA, ESTACIÓN DE ESQUÍ",SEGOVIA,1798,7,150.0,151,2017-18,137,150,0.0,0,1,151,1,75.0,115,0,21,51.0,-8.8,-11.6,2018-02-23,408,1029
2166Y,PEÑAFIEL,VALLADOLID,756,9,148.0,151,2018-19,144,147,13.0,1,21,129,9,53.0,79,0,30,33.0,-7.2,-12.7,2021-01-13,528,1333
2172Y,SARDÓN DE DUERO,VALLADOLID,725,9,148.0,151,2017-18,134,148,26.0,10,38,123,11,70.0,100,0,35,35.0,-7.9,-11.8,2019-01-06,515,1320
2182C,PEDRAZA,SEGOVIA,1107,9,149.0,151,2018-19,146,149,8.0,2,17,131,8,46.0,73,0,21,46.0,-6.3,-10.3,2021-01-11,529,1340
2192C,CUÉLLAR,SEGOVIA,795,9,150.0,151,2017-18,149,149,23.0,10,38,124,11,89.0,116,0,37,42.0,-9.4,-16.2,2021-01-12,544,1352
2235U,CERVERA DE PISUERGA,PALENCIA,1140,8,151.0,152,2023-24,126,151,8.0,3,12,133,5,65.0,101,0,27,46.5,-5.7,-9.2,2023-01-31,469,1184
2243A,AGUILAR DE CAMPOO,PALENCIA,910,9,151.0,151,2018-19,145,150,8.0,1,15,143,5,69.0,100,0,36,38.0,-7.3,-11.0,2021-01-07,543,1349
2276B,VILLAELES DE VALDAVIA,PALENCIA,908,9,151.0,151,2017-18,122,150,5.0,1,9,142,5,72.0,111,0,36,39.0,-6.6,-9.4,2018-02-24,528,1325
2285B,VILLADIEGO,BURGOS,869,8,150.5,151,2018-19,127,150,9.0,4,16,133,7,40.5,58,0,27,31.0,-4.8,-8.2,2021-01-14,469,1176
2290Y,PEDROSA DEL PRÍNCIPE,BURGOS,771,9,149.0,151,2018-19,144,149,9.0,2,16,142,8,58.0,89,0,31,34.0,-7.4,-9.6,2018-02-24,532,1336
2296A,ÓLVEGA,SORIA,1039,9,151.0,151,2017-18,137,146,14.0,4,20,126,7,45.0,74,0,33,37.0,-6.1,-9.9,2023-02-24,540,1337
2298,PALACIOS DE LA SIERRA,BURGOS,1080,9,148.0,151,2017-18,122,122,8.0,2,18,134,8,76.0,102,0,29,48.0,-8.3,-14.9,2021-01-08,502,1278
2302N,MONTERRUBIO DE LA DEMANDA,BURGOS,1197,9,151.0,151,2017-18,122,146,4.0,0,6,151,5,75.0,103,0,41,52.0,-7.4,-11.3,2021-01-06,515,1322
2311Y,VILLAMAYOR DE LOS MONTES,BURGOS,884,9,148.0,151,2018-19,120,129,7.0,2,12,149,7,41.0,79,0,26,37.0,-5.4,-7.1,2017-12-06,481,1292
2331,BURGOS AEROPUERTO,BURGOS,891,9,150.0,151,2018-19,147,150,8.0,2,12,143,6,54.0,81,0,23,42.0,-6.5,-9.5,2019-02-04,539,1349
2362C,"VELILLA DEL RÍO CARRIÓN, CAMPORREDONDO DE ALBA",PALENCIA,1575,8,151.0,152,2019-20,151,151,2.0,0,8,151,3,73.5,106,0,24,51.5,-7.1,-9.9,2018-02-27,488,1209
2374X,CARRIÓN DE LOS CONDES,PALENCIA,830,8,150.0,151,2017-18,123,123,7.5,1,13,142,7,60.5,97,0,31,34.5,-6.0,-9.0,2018-02-24,457,1166
2400E,AUTILLA DEL PINO,PALENCIA,874,9,151.0,151,2017-18,145,151,6.0,0,10,151,7,57.0,91,0,33,25.0,-6.6,-10.0,2023-02-24,537,1349
2401X,PALENCIA,PALENCIA,736,9,149.0,151,2018-19,146,149,11.0,1,18,140,7,47.0,83,0,31,35.0,-6.2,-8.3,2021-01-13,534,1341
2422,VALLADOLID,VALLADOLID,734,9,147.0,151,2018-19,144,147,13.0,1,21,134,8,33.0,63,0,22,36.0,-4.8,-6.7,2021-01-12,528,1334
2430Y,MUÑOTELLO,AVILA,1178,8,150.5,151,2018-19,146,149,7.0,3,9,129,4,46.5,68,0,27,43.5,-5.6,-8.9,2021-01-12,478,1198
2444,ÁVILA,AVILA,1130,9,150.0,151,2018-19,148,150,8.0,2,18,126,8,49.0,79,0,22,30.0,-6.8,-11.4,2018-01-09,539,1350
2453E,GOTARRENDURA,AVILA,920,9,149.0,151,2018-19,138,147,11.0,3,22,128,9,51.0,77,0,22,24.0,-8.6,-12.5,2021-01-10,518,1327
2456B,AREVALO,AVILA,820,9,148.0,151,2018-19,133,146,12.0,5,19,127,9,55.0,82,0,31,32.0,-7.7,-14.3,2021-01-12,512,1319
2462,PUERTO DE NAVACERRADA,MADRID,1892,9,151.0,152,2019-20,150,151,0.0,0,5,151,3,83.0,111,0,28,59.0,-9.1,-11.6,2023-02-28,548,1359
2465,SEGOVIA,SEGOVIA,1008,9,149.0,150,2018-19,144,149,11.0,2,18,129,9,34.0,60,0,18,40.0,-4.5,-8.0,2021-01-11,523,1331
2471Y,SAN RAFAEL,SEGOVIA,1237,9,151.0,151,2017-18,149,149,4.0,0,14,151,8,59.0,92,0,27,47.0,-7.5,-12.6,2021-01-12,543,1354
2482B,MIGUELAÑEZ,SEGOVIA,870,9,148.0,151,2018-19,133,147,14.0,3,18,128,9,42.0,70,0,25,31.0,-6.4,-13.5,2021-01-11,528,1317
2491C,"LA COVATILLA, ESTACIÓN DE ESQUÍ",SALAMANCA,1960,7,151.0,152,2019-20,148,148,0.0,0,0,152,0,85.0,107,0,27,53.0,-8.9,-11.3,2023-03-01,424,1054
2503B,"OLMEDO, DEPÓSITO DE AGUA",VALLADOLID,786,9,149.0,151,2018-19,143,143,11.0,4,26,124,8,46.0,77,0,27,36.0,-6.0,-12.9,2021-01-12,527,1337
2507Y,RUEDA,VALLADOLID,724,9,148.0,151,2017-18,143,149,13.0,1,20,134,10,46.0,76,0,23,34.0,-5.5,-9.1,2021-01-14,529,1333
2512Y,RIVILLA DE BARAJAS,AVILA,925,9,149.0,151,2018-19,125,147,8.0,1,10,129,7,39.0,62,0,19,34.0,-5.3,-9.7,2021-01-16,529,1318
2517A,FUENTE EL SOL,VALLADOLID,755,9,148.0,151,2018-19,142,146,19.0,10,34,100,10,54.0,79,0,24,29.0,-8.5,-14.3,2021-01-13,523,1329
2536D,MORALES DEL TORO,ZAMORA,710,9,149.0,151,2018-19,146,149,18.0,10,34,123,9,51.0,81,0,24,33.0,-5.7,-8.8,2021-01-14,533,1340
2539,VALLADOLID AEROPUERTO,VALLADOLID,846,9,150.0,151,2017-18,147,150,8.0,1,10,144,8,51.0,88,0,29,35.0,-6.1,-9.0,2021-01-12,536,1346
2555B,FUENTESAUCO,ZAMORA,811,9,149.0,151,2018-19,145,150,11.0,0,18,151,9,43.0,63,0,22,31.0,-6.2,-10.6,2021-01-17,534,1339
2565,CORESES,ZAMORA,702,5,148.0,151,2021-22,140,148,15.0,1,16,125,9,33.0,55,0,23,35.0,-4.5,-5.9,2025-01-15,288,733
2568D,"SANTERVÁS DE LA VEGA, VILLAPÚN ",PALENCIA,985,9,151.0,151,2017-18,149,151,2.0,0,5,151,5,64.0,98,0,27,42.0,-6.5,-9.1,2026-01-05,544,1356
2593D,VILLALÓN DE CAMPOS,VALLADOLID,782,9,149.0,151,2017-18,145,148,12.0,3,18,129,8,54.0,91,0,31,29.0,-6.5,-9.9,2018-02-24,535,1340
2604B,MEDINA DE RIOSECO,VALLADOLID,731,9,149.0,151,2017-18,143,149,10.0,0,15,132,8,58.0,89,0,31,34.0,-7.0,-9.4,2018-02-23,534,1335
2611D,VILLAFÁFILA,ZAMORA,690,9,149.0,151,2018-19,143,146,10.0,3,17,136,8,58.0,86,0,31,28.0,-6.2,-8.9,2018-02-24,530,1335
2614,ZAMORA,ZAMORA,656,9,144.0,151,2021-22,137,144,15.0,3,25,134,10,31.0,59,0,22,35.0,-5.0,-6.8,2021-01-12,510,1296
2624C,RIAÑO,LEON,1090,9,150.0,151,2017-18,139,150,4.0,0,7,151,5,71.0,107,0,30,59.0,-7.5,-12.2,2017-12-06,544,1342
2626Y,CUBILLAS DE RUEDA,LEON,916,9,150.0,151,2017-18,143,150,5.0,1,9,142,7,78.0,111,0,33,38.0,-8.3,-11.0,2021-01-08,535,1337
2630X,PUERTO DE SAN ISIDRO,LEON,1510,6,151.0,152,2023-24,137,151,0.0,0,5,151,2,95.5,107,0,29,57.5,-7.2,-13.7,2021-01-07,348,888
2661,"LEÓN, VIRGEN DEL CAMINO",LEON,916,9,151.0,151,2018-19,148,151,7.0,3,12,132,7,48.0,82,0,22,40.0,-6.3,-8.1,2021-01-08,542,1351
2664B,VALENCIA DE DON JUAN,LEON,788,9,145.0,151,2021-22,134,134,7.0,0,16,151,8,51.0,74,0,31,28.0,-5.8,-9.1,2026-01-01,513,1306
2701D,"BARRIOS DE LUNA, MIÑERA",LEON,1120,9,150.0,151,2017-18,137,151,7.0,6,23,113,7,66.0,98,0,27,63.0,-6.0,-12.6,2021-01-07,533,1340
2728B,"QUINTANA DEL CASTILLO, VILLAMECA",LEON,995,9,150.0,151,2018-19,144,151,4.0,1,8,142,3,45.0,80,0,19,51.0,-4.4,-8.6,2021-01-08,535,1333
2734D,ASTORGA,LEON,919,7,150.0,151,2023-24,137,143,11.0,8,23,128,8,52.0,82,0,20,40.0,-6.2,-8.5,2021-01-08,424,1029
2737E,LAGUNAS DE SOMOZA,LEON,1020,8,151.0,151,2017-18,136,136,4.5,0,14,151,3,74.0,118,0,31,33.0,-7.5,-11.7,2021-01-08,471,1192
2742R,BUSTILLO DEL PÁRAMO,LEON,850,9,150.0,151,2018-19,149,149,7.0,1,14,143,8,57.0,84,0,31,40.0,-6.5,-8.7,2021-01-15,543,1350
2755X,BENAVENTE,ZAMORA,715,9,148.0,151,2021-22,137,137,13.0,2,17,145,10,43.0,63,0,30,27.0,-5.3,-7.1,2021-01-12,524,1316
2766E,"SANABRIA, ROBLEDA-CERVANTES",ZAMORA,933,9,149.0,151,2020-21,144,151,9.0,1,18,129,7,80.0,116,0,36,47.0,-10.8,-12.9,2021-01-08,534,1339
2775X,VILLARDECIERVOS,ZAMORA,850,9,150.0,151,2018-19,120,120,10.0,5,19,129,7,61.0,92,0,30,43.0,-8.9,-10.7,2021-01-07,513,1300
2777K,SANTIBAÑEZ DE VIDRIALES,ZAMORA,737,9,149.0,151,2018-19,145,147,10.0,1,17,143,7,62.0,93,0,25,35.0,-6.7,-9.8,2018-02-24,528,1334
2789H,POZUELO DE TABARA,ZAMORA,711,7,148.0,151,2018-19,139,147,8.0,0,15,151,4,49.0,72,0,24,35.0,-6.8,-9.7,2021-01-12,418,1031
2804F,VILLADEPERA,ZAMORA,790,9,149.0,151,2018-19,140,150,8.0,0,13,151,5,31.0,59,0,19,35.0,-4.9,-7.7,2021-01-14,530,1327
2828Y,BARCO DE AVILA,AVILA,1012,9,150.0,151,2018-19,149,149,11.0,4,30,131,9,64.0,98,0,33,38.0,-7.7,-13.1,2018-01-09,540,1351
2847X,PEDROSILLO DE LOS AIRES   ,SALAMANCA,865,8,149.5,151,2017-18,147,148,9.5,3,17,130,7,60.5,91,0,31,28.0,-6.8,-10.5,2025-01-15,479,1194
2863C,PEDRAZA DE ALBA  ,SALAMANCA,897,8,150.0,151,2021-22,147,148,10.0,3,13,131,7,61.0,85,0,30,37.0,-6.5,-11.2,2018-01-08,478,1196
2867,SALAMANCA AEROPUERTO,SALAMANCA,790,9,150.0,151,2018-19,148,149,18.0,7,29,123,9,59.0,92,0,22,35.0,-7.8,-11.9,2021-01-12,539,1348
2870,SALAMANCA,SALAMANCA,775,9,148.0,151,2018-19,141,148,21.0,8,36,124,10,31.0,60,0,20,33.0,-4.3,-8.0,2021-01-12,521,1323
2873X,BARBADILLO,SALAMANCA,817,9,148.0,151,2017-18,137,148,12.0,4,18,129,8,57.0,86,0,22,35.0,-7.2,-11.9,2021-01-12,522,1320
2882D,PEÑAUSENDE,ZAMORA,1003,8,140.0,143,2024-25,118,143,7.0,1,19,132,5,24.0,36,0,13,34.0,-3.2,-5.9,2022-01-22,423,1082
2885K,FRESNO DE SAYAGO,ZAMORA,804,8,150.0,151,2018-19,147,150,13.0,5,22,124,5,53.0,91,0,30,37.5,-7.8,-10.9,2021-01-11,481,1198
2891A,VILLARINO DE LOS AIRES,SALAMANCA,690,9,146.0,151,2021-22,136,147,20.0,12,33,124,11,27.0,58,0,19,39.0,-5.6,-7.0,2021-01-17,515,1311
2914C,BOADILLA FUENTE SAN ESTEBAN,SALAMANCA,785,9,148.0,151,2018-19,118,118,11.0,4,13,130,7,39.0,68,0,23,36.0,-5.4,-8.0,2025-01-15,512,1302
2916A,VITIGUDINO,SALAMANCA,769,9,148.0,151,2018-19,129,129,18.0,8,33,119,10,40.0,61,0,20,40.0,-5.4,-6.6,2021-01-12,510,1301
2918Y,EL MAÍLLO,SALAMANCA,1027,9,147.0,151,2018-19,134,147,8.0,1,16,131,8,28.0,59,0,18,42.0,-3.8,-6.1,2021-01-05,518,1313
2926B,BAÑOBÁREZ,SALAMANCA,748,8,146.5,151,2018-19,135,141,10.0,3,23,116,9,40.0,55,0,22,38.5,-4.4,-7.4,2025-01-15,467,1162
2930Y,NAVASFRÍAS,SALAMANCA,880,9,148.0,151,2021-22,122,149,7.0,1,21,132,6,64.0,101,0,37,43.0,-7.6,-10.1,2018-02-08,524,1309
2945A,EL BODÓN BASE AÉREA,SALAMANCA,805,8,146.5,151,2018-19,135,146,9.5,1,12,132,8,38.5,73,0,21,36.5,-5.2,-7.5,2018-02-24,452,1169
2946X,SAELICES EL CHICO,SALAMANCA,680,9,147.0,151,2018-19,141,146,17.0,10,36,124,10,36.0,67,0,19,33.0,-5.3,-8.0,2018-02-24,521,1321
2966D,ALCAÑICES  ,ZAMORA,840,9,149.0,151,2018-19,141,151,13.0,7,17,127,7,41.0,69,0,20,45.0,-5.7,-8.7,2021-01-17,531,1334
2969U,A GUDIÑA,OURENSE,910,9,146.0,151,2018-19,137,137,7.0,0,15,131,8,22.0,52,0,16,69.0,-3.4,-6.1,2021-01-07,517,1318
2978X,VERÍN,OURENSE,380,9,142.0,149,2021-22,127,143,28.0,14,43,93,13,46.0,75,0,23,49.0,-7.2,-9.5,2021-01-08,488,1270
3013,MOLINA DE ARAGÓN,GUADALAJARA,1062,9,151.0,151,2017-18,150,150,16.0,1,26,150,12,89.0,107,0,32,31.0,-12.9,-25.2,2021-01-12,545,1356
3021Y,ZAOREJAS,GUADALAJARA,1250,7,149.0,152,2023-24,145,149,7.0,2,15,128,9,64.0,84,0,28,40.0,-6.2,-11.0,2026-01-07,416,1039
3044X,CAÑIZARES,CUENCA,928,5,148.0,150,2019-20,120,120,24.0,17,38,56,11,66.0,94,0,20,38.0,-5.8,-11.6,2021-01-12,280,688
3085Y,PASTRANA,GUADALAJARA,920,6,149.5,151,2018-19,133,149,17.0,8,26,100,10,30.5,59,0,14,37.5,-4.4,-6.5,2026-01-06,341,868
3094B,TARANCÓN,CUENCA,819,7,139.0,149,2018-19,121,136,24.0,15,41,75,11,11.0,32,0,20,25.0,-3.8,-8.5,2021-01-12,355,974
3099Y,OCAÑA,TOLEDO,733,9,145.0,150,2021-22,129,134,18.0,5,28,97,12,30.0,40,0,21,30.0,-6.3,-14.5,2021-01-12,508,1286
3100B,ARANJUEZ,MADRID,540,9,141.0,149,2021-22,115,115,30.0,15,41,100,13,46.0,70,0,26,30.0,-6.2,-11.2,2021-01-14,471,1249
3103,PANTANO EL VADO,GUADALAJARA,910,9,150.0,151,2020-21,149,150,14.0,6,26,125,10,42.0,54,0,22,40.0,-4.4,-8.8,2021-01-11,542,1349
3104Y,RASCAFRÍA,MADRID,1159,9,151.0,151,2017-18,145,151,16.0,9,32,100,10,81.0,109,0,34,56.0,-8.6,-12.9,2021-01-11,540,1350
3110C,BUITRAGO DEL LOZOYA,MADRID,1030,6,149.5,151,2020-21,121,150,10.0,5,20,114,8,45.5,62,0,22,38.0,-5.6,-11.3,2021-01-12,324,855
3111D,SOMOSIERRA,MADRID,1450,6,148.5,151,2022-23,136,149,1.0,0,7,148,4,64.5,79,0,20,56.0,-6.3,-9.0,2026-01-05,354,875
3125Y,SAN SEBASTIÁN DE LOS REYES,MADRID,672,7,141.0,147,2020-21,117,146,25.0,20,37,96,13,15.0,29,0,19,33.0,-4.2,-9.6,2021-01-12,383,971
3126Y,"MADRID, EL GOLOSO",MADRID,740,9,147.0,149,2021-22,123,149,12.0,2,21,114,12,34.0,56,0,24,29.0,-5.6,-12.9,2021-01-12,522,1291
3129,MADRID AEROPUERTO,MADRID,609,9,146.0,149,2020-21,136,146,24.0,12,36,125,13,35.0,56,0,21,31.0,-7.7,-13.4,2021-01-12,507,1303
3130C,SIGÜENZA,GUADALAJARA,1005,9,150.0,150,2019-20,130,130,12.0,6,22,98,9,83.0,101,0,44,34.0,-10.2,-16.8,2021-01-12,525,1322
3140Y,MANDAYONA,GUADALAJARA,990,8,149.5,151,2021-22,123,150,13.0,7,27,100,10,41.0,54,0,25,31.5,-5.8,-10.3,2021-01-12,438,1156
3168D,GUADALAJARA,GUADALAJARA,727,9,146.0,149,2018-19,139,145,23.0,13,32,100,13,27.0,40,0,22,31.0,-4.3,-10.6,2021-01-12,512,1309
3170Y,ALCALA DE HENARES,MADRID,605,9,148.0,150,2024-25,137,145,27.0,17,39,96,13,46.0,74,0,28,29.0,-8.2,-14.3,2021-01-12,516,1309
3175,TORREJÓN DE ARDOZ,MADRID,607,9,148.0,149,2017-18,144,145,24.0,11,35,127,13,44.0,63,0,24,30.0,-7.1,-13.7,2021-01-12,519,1322
3182Y,ARGANDA DEL REY,MADRID,533,9,142.0,149,2024-25,122,144,30.0,18,43,100,14,36.0,61,0,24,25.0,-7.9,-15.8,2021-01-12,498,1263
3191E,COLMENAR VIEJO,MADRID,1004,9,146.0,151,2021-22,137,149,6.0,2,9,146,7,11.0,33,0,15,36.0,-2.2,-7.0,2025-01-19,508,1313
3194Y,POZUELO DE ALARCÓN,MADRID,665,9,147.0,151,2017-18,143,147,26.0,18,37,100,13,48.0,74,0,30,35.0,-6.6,-12.6,2021-01-12,522,1321
3195,"MADRID, RETIRO",MADRID,667,8,140.0,146,2017-18,125,138,16.0,3,27,143,13,6.5,20,0,15,31.0,-2.0,-7.4,2021-01-12,402,1106
3196,"MADRID, CUATRO VIENTOS",MADRID,690,9,142.0,149,2021-22,137,144,20.0,15,32,100,13,11.0,23,0,18,28.0,-3.3,-13.0,2021-01-12,485,1285
3200,GETAFE,MADRID,620,9,141.0,149,2021-22,136,144,21.0,15,38,110,13,20.0,28,0,19,29.0,-5.3,-12.0,2021-01-12,485,1281
3209Y,BRIHUEGA,GUADALAJARA,835,9,150.0,151,2021-22,127,150,13.0,6,24,124,10,55.0,75,0,24,37.0,-6.6,-11.5,2021-01-12,540,1325
3229Y,TIELMES,MADRID,594,8,146.5,149,2018-19,136,145,22.5,8,32,100,13,43.0,71,0,24,30.0,-5.8,-7.7,2019-01-11,452,1153
3245Y,TEMBLEQUE,TOLEDO,635,9,146.0,150,2017-18,142,146,27.0,11,43,122,13,56.0,84,0,27,27.0,-9.5,-13.6,2021-01-12,517,1317
3254Y,MORA,TOLEDO,717,9,143.0,150,2021-22,120,147,29.0,14,44,100,13,26.0,36,0,19,24.0,-5.5,-11.0,2021-01-12,474,1264
3260B,TOLEDO,TOLEDO,513,9,137.0,148,2017-18,130,144,34.0,19,48,98,24,22.0,32,0,24,31.0,-6.7,-13.4,2021-01-12,469,1239
3266A,PUERTO ALTO DEL LEÓN,MADRID,1532,8,149.0,151,2024-25,132,150,0.0,0,3,151,2,69.0,108,0,37,43.5,-7.4,-9.9,2018-02-08,480,1173
3268C,ALPEDRETE,MADRID,924,9,147.0,150,2021-22,133,147,22.0,12,38,100,9,23.0,38,0,11,37.0,-2.8,-7.8,2021-01-12,508,1300
3305Y,NAVAHERMOSA,TOLEDO,750,9,143.0,149,2021-22,116,144,27.0,19,37,100,11,21.0,33,0,15,29.0,-4.3,-8.7,2021-01-12,492,1235
3319D,PUERTO DEL PICO,AVILA,1285,9,151.0,152,2023-24,135,151,3.0,2,13,132,5,98.0,121,0,35,41.0,-10.4,-16.5,2021-01-12,535,1339
3330Y,ROZAS DE PUERTO REAL,MADRID,890,8,147.0,151,2017-18,141,149,7.0,2,14,129,8,14.5,29,0,12,39.5,-2.8,-5.0,2021-01-12,462,1174
3337U,CEBREROS,AVILA,850,9,143.0,151,2021-22,118,131,17.0,10,32,95,12,13.0,27,0,11,35.0,-2.3,-5.8,2021-01-06,477,1267
3338,ROBLEDO DE CHAVELA,MADRID,770,6,145.0,150,2017-18,126,137,15.5,7,19,128,10,22.0,36,0,18,21.5,-4.2,-8.7,2021-01-12,321,851
3343Y,VALDEMORILLO,MADRID,884,7,146.0,151,2021-22,142,149,14.0,6,22,129,10,9.0,18,0,6,34.0,-2.0,-4.6,2023-03-01,394,1022
3362Y,CASTILLO DE BAYUELA,TOLEDO,560,9,138.0,146,2017-18,113,144,21.0,16,35,100,11,6.0,23,0,10,40.0,-2.3,-6.0,2021-01-13,464,1234
3365A,TALAVERA DE LA REINA,TOLEDO,372,7,134.0,141,2018-19,127,128,31.0,27,42,67,12,24.0,30,0,20,28.0,-4.6,-7.4,2021-01-13,351,935
3386A,NAVALVILLAR DE IBOR,CACERES,923,9,145.0,151,2021-22,135,148,13.0,2,23,123,9,6.0,20,0,14,47.0,-2.1,-3.7,2021-01-12,495,1296
3391,SOTILLO DE LA ADRADA,AVILA,630,7,125.0,138,2020-21,114,125,32.0,13,39,87,11,13.0,25,0,10,30.0,-3.6,-6.3,2021-01-12,329,889
3422D,CANDELEDA,AVILA,350,9,137.0,145,2017-18,130,139,50.0,29,57,78,24,16.0,30,0,22,40.0,-3.8,-5.8,2021-01-14,455,1233
3423I,MADRIGAL DE LA VERA,CACERES,464,9,136.0,147,2017-18,123,140,34.0,22,40,99,13,3.0,19,1,7,42.0,-1.7,-4.0,2021-01-13,441,1209
3427Y,OROPESA,TOLEDO,345,8,140.5,145,2017-18,132,142,34.5,29,41,100,14,40.0,75,0,16,34.0,-7.0,-8.8,2021-01-12,429,1118
3434X,NAVALMORAL DE LA MATA,CACERES,269,9,133.0,145,2017-18,122,136,39.0,32,46,98,24,27.0,49,0,17,39.0,-5.2,-7.1,2021-01-14,437,1189
3436D,GARGANTA LA OLLA,CACERES,690,9,134.0,147,2021-22,129,144,18.0,5,26,127,10,1.0,10,3,7,48.0,-0.3,-2.9,2023-03-01,452,1230
3448X,SERRADILLA,CACERES,406,8,131.5,141,2017-18,120,132,21.5,13,29,122,13,2.5,5,3,3,40.0,0.3,-3.0,2025-01-15,373,1049
3455X,JARAICEJO,CACERES,559,9,132.0,142,2018-19,117,141,25.0,15,31,122,11,2.0,13,0,5,41.0,-0.8,-2.7,2018-02-08,440,1192
3463Y,TRUJILLO,CACERES,523,7,123.0,142,2021-22,114,133,29.0,23,32,84,13,1.0,14,3,8,39.0,-0.9,-2.9,2023-03-01,321,875
3469A,CÁCERES,CACERES,394,9,124.0,139,2021-22,118,132,33.0,22,42,99,13,5.0,15,0,10,36.0,-1.9,-4.6,2021-01-12,422,1152
3475X,CAÑAVERAL,CACERES,373,9,123.0,135,2017-18,105,123,30.0,21,40,75,13,1.0,9,1,6,41.0,-1.2,-4.8,2025-01-15,378,1106
3494U,NUÑOMORAL,CACERES,470,9,146.0,150,2018-19,140,147,30.0,16,43,92,13,38.0,64,0,22,47.0,-4.5,-7.3,2018-02-24,515,1304
3503,GUIJO DE GRANADILLA,CACERES,393,9,136.0,144,2018-19,127,136,36.0,23,43,99,11,6.0,20,0,7,45.0,-2.2,-5.0,2021-01-12,451,1223
3504X,HERVÁS,CACERES,724,9,143.0,149,2018-19,133,143,14.0,7,24,116,7,10.0,21,0,12,51.0,-1.9,-4.2,2023-02-28,491,1277
3512X,MONTEHERMOSO,CACERES,351,9,134.0,146,2017-18,126,134,34.0,28,47,90,18,12.0,18,0,9,44.0,-3.1,-4.9,2021-01-06,443,1213
3514B,TORNAVACAS,CACERES,991,9,147.0,151,2021-22,139,147,10.0,5,22,113,8,7.0,25,0,11,50.0,-2.0,-4.5,2021-01-10,510,1314
3516X,PIORNAL,CACERES,1260,9,149.0,151,2017-18,120,149,6.0,3,15,131,4,27.0,61,0,16,55.0,-3.9,-7.2,2021-01-11,485,1289
3519X,PLASENCIA,CACERES,415,9,121.0,137,2017-18,105,121,33.0,24,45,100,18,1.0,13,3,8,42.0,-1.1,-3.4,2021-01-12,386,1108
3526X,CORIA,CACERES,313,9,124.0,137,2017-18,116,129,38.0,34,46,100,14,7.0,14,0,7,37.0,-1.8,-4.1,2021-01-06,399,1140
3531X,TORRECILLA DE LOS ANGELES,CACERES,459,9,143.0,149,2018-19,135,144,37.0,28,50,93,14,19.0,32,0,10,45.0,-2.8,-4.7,2021-01-06,492,1273
3536X,HOYOS,CACERES,560,9,138.0,147,2021-22,126,145,24.0,14,39,108,10,3.0,10,2,4,49.0,-1.4,-3.2,2021-01-06,463,1243
3540X,ZARZA LA MAYOR,CACERES,336,9,125.0,140,2017-18,117,130,37.0,28,45,99,14,2.0,13,0,6,41.0,-1.5,-4.2,2021-01-12,414,1153
3547X,VALVERDE DEL FRESNO,CACERES,450,9,135.0,142,2017-18,128,140,29.0,23,41,103,13,6.0,14,0,5,49.0,-1.5,-4.4,2021-01-12,447,1216
3562X,ALISEDA,CACERES,321,9,126.0,140,2018-19,116,127,36.0,26,46,99,13,19.0,23,0,10,33.0,-4.0,-6.4,2021-01-12,428,1147
3565X,BROZAS,CACERES,425,9,135.0,145,2021-22,119,140,26.0,15,38,115,13,3.0,12,2,3,36.0,-0.2,-1.9,2021-01-12,434,1194
3576X,VALENCIA DE ALCÁNTARA,CACERES,444,9,128.0,143,2018-19,118,134,24.0,16,33,115,10,6.0,20,0,9,39.0,-1.5,-4.5,2018-02-08,431,1166
4007Y,OSSA DE MONTIEL,ALBACETE,905,9,148.0,150,2017-18,141,148,34.0,17,41,61,12,40.0,77,0,23,34.0,-5.9,-10.6,2018-02-09,525,1329
4051Y,ALCÁZAR DEL REY,CUENCA,875,9,148.0,151,2018-19,137,149,15.0,5,25,127,9,43.0,64,0,23,36.0,-6.4,-13.9,2021-01-13,516,1320
4064Y,ALCAZAR DE SAN JUAN,CIUDAD REAL,640,9,141.0,148,2017-18,132,143,23.0,7,39,122,13,20.0,40,0,21,27.0,-3.9,-6.8,2021-01-12,473,1268
4067,MADRIDEJOS,TOLEDO,690,9,140.0,148,2017-18,135,135,23.0,8,35,72,12,38.0,79,0,27,23.0,-8.8,-13.5,2021-01-12,499,1258
4070Y,ABIA DE OBISPALIA,CUENCA,1020,9,149.0,151,2018-19,135,150,16.0,10,28,100,10,51.0,82,0,24,38.0,-6.1,-15.0,2021-01-12,524,1330
4075Y,VILLARES DEL SAZ,CUENCA,870,9,146.0,151,2018-19,135,148,19.0,6,28,125,13,37.0,56,0,23,26.0,-6.4,-15.5,2021-01-12,501,1289
4089A,ALBERCA DE ZANCARA,CUENCA,858,9,148.0,151,2023-24,144,148,20.0,5,34,143,13,32.0,54,0,19,29.0,-5.3,-15.9,2021-01-12,526,1333
4090Y,SAN CLEMENTE,CUENCA,728,9,144.0,148,2018-19,129,144,22.0,10,35,100,13,39.0,63,0,24,28.0,-6.8,-16.0,2021-01-12,509,1278
4091Y,VILLARROBLEDO,ALBACETE,718,9,147.0,150,2017-18,139,146,31.0,17,54,100,24,32.0,58,0,24,28.0,-5.9,-11.1,2021-01-12,514,1313
4093Y,OSA DE LA VEGA,CUENCA,763,9,147.0,150,2018-19,144,147,19.0,4,30,123,13,39.0,68,0,17,33.0,-6.0,-12.0,2021-01-12,523,1325
4095Y,BELMONTE,CUENCA,745,7,140.0,147,2018-19,130,146,24.0,5,37,122,13,24.0,47,0,14,32.0,-3.9,-7.0,2018-02-09,347,972
4096Y,MUNERA,ALBACETE,918,8,149.0,150,2017-18,142,149,18.5,10,28,100,12,62.0,89,0,31,33.5,-7.7,-13.0,2021-01-12,477,1182
4103X,TOMELLOSO,CIUDAD REAL,662,9,138.0,150,2018-19,116,130,26.0,13,46,80,13,32.0,63,0,27,28.0,-5.6,-8.0,2018-02-24,485,1231
4116I,ALMAGRO / FAMET,CIUDAD REAL,626,9,146.0,151,2018-19,138,141,31.0,15,46,122,13,45.0,61,0,26,31.0,-5.9,-7.7,2021-01-06,517,1303
4121,CIUDAD REAL,CIUDAD REAL,626,9,143.0,149,2018-19,129,146,29.0,15,46,100,13,24.0,33,0,17,33.0,-3.7,-6.3,2021-01-12,487,1271
4138Y,VILLANUEVA DE LOS INFANTES,CIUDAD REAL,900,9,141.0,149,2021-22,121,147,24.0,12,32,99,12,20.0,38,0,19,32.0,-3.9,-6.8,2023-02-28,488,1267
4147X,VALDEPEÑAS,CIUDAD REAL,700,9,144.0,148,2018-19,134,134,37.0,12,43,92,13,31.0,56,0,17,30.0,-4.6,-7.1,2021-01-12,499,1278
4148,VISO DEL MARQUÉS,CIUDAD REAL,804,9,150.0,151,2018-19,117,117,30.0,12,44,94,12,34.0,52,0,18,32.0,-4.3,-7.0,2025-01-14,497,1294
4193Y,EL ROBLEDO,CIUDAD REAL,587,8,140.0,148,2018-19,132,142,32.0,22,52,100,15,28.5,48,0,22,35.5,-4.2,-7.2,2021-01-06,434,1123
4210Y,ABENÓJAR,CIUDAD REAL,718,7,142.0,148,2021-22,137,145,31.0,15,42,99,13,18.0,27,0,22,37.0,-3.2,-6.0,2021-01-12,381,996
4220X,PUEBLA DE DON RODRIGO,CIUDAD REAL,533,8,141.0,146,2021-22,126,126,42.5,25,56,55,24,28.5,67,0,20,31.5,-5.2,-7.9,2018-02-24,425,1120
4236Y,PUERTO REY,CACERES,689,9,141.0,149,2021-22,131,139,28.0,17,34,93,13,15.0,24,1,10,38.0,-3.0,-5.5,2021-01-12,475,1267
4244X,HERRERA DEL DUQUE,BADAJOZ,447,9,131.0,142,2018-19,115,139,43.0,27,57,99,24,20.0,28,0,16,42.0,-3.4,-6.1,2021-01-12,444,1182
4245X,GUADALUPE,CACERES,660,9,142.0,149,2018-19,130,146,31.0,17,44,122,11,4.0,18,2,13,46.0,-1.6,-4.7,2021-01-05,483,1275
4260,PERALEDA DEL ZAUCEJO,BADAJOZ,542,9,142.0,148,2018-19,135,143,33.0,20,46,100,13,27.0,46,0,17,35.0,-4.5,-6.5,2018-02-24,500,1279
4263X,VALSEQUILLO,CORDOBA,575,9,142.0,147,2018-19,136,142,34.0,20,48,100,13,28.0,47,0,20,36.0,-4.6,-7.0,2023-02-28,494,1274
4267X,HINOJOSA DEL DUQUE,CORDOBA,551,9,137.0,145,2017-18,130,143,36.0,16,50,121,13,20.0,35,0,15,30.0,-3.6,-5.6,2021-01-06,476,1247
4300Y,ALMADÉN,CIUDAD REAL,535,9,130.0,142,2021-22,121,141,45.0,28,59,73,15,4.0,14,2,5,30.0,-1.5,-3.7,2021-01-03,431,1185
4325Y,CASTUERA,BADAJOZ,459,5,124.0,138,2021-22,109,134,33.0,19,50,99,15,2.0,9,0,4,35.0,-0.6,-1.8,2023-01-30,218,624
4339X,CAÑAMERO,CACERES,590,9,136.0,145,2021-22,125,136,28.0,17,30,107,10,3.0,14,0,5,44.0,-1.4,-3.7,2021-01-03,435,1207
4340,NAVALVILLAR DE PELA,BADAJOZ,313,9,126.0,139,2018-19,120,133,47.0,29,57,69,24,13.0,23,0,15,36.0,-2.8,-4.3,2021-01-12,414,1158
4347X,ZORITA,CACERES,413,9,122.0,138,2017-18,112,122,33.0,24,44,100,13,2.0,11,3,7,39.0,-0.6,-2.5,2021-01-06,391,1110
4358X,DON BENITO,BADAJOZ,274,9,119.0,135,2018-19,110,117,59.0,39,71,56,25,6.0,17,0,12,32.0,-1.9,-4.7,2021-01-06,381,1087
4386B,LLERENA,BADAJOZ,655,9,134.0,143,2018-19,114,135,31.0,20,41,73,13,2.0,13,2,6,36.0,-0.5,-2.8,2021-01-11,433,1178
4395X,VILLAFRANCA DE LOS BARROS,BADAJOZ,430,9,134.0,145,2018-19,125,133,44.0,23,62,100,25,19.0,34,0,18,32.0,-4.4,-6.8,2021-01-06,462,1216
4410X,MÉRIDA,BADAJOZ,228,9,128.0,141,2018-19,120,128,65.0,47,75,69,25,11.0,22,0,14,34.0,-3.1,-5.0,2021-01-13,428,1161
4411C,ALCUESCAR,CACERES,467,9,132.0,142,2017-18,118,142,32.0,21,43,100,13,8.0,18,0,10,40.0,-1.8,-4.4,2021-01-06,432,1193
4427X,ZAFRA,BADAJOZ,433,9,132.0,144,2021-22,126,131,48.0,27,63,69,18,15.0,30,0,15,35.0,-3.6,-5.5,2021-01-12,459,1205
4436Y,ALMENDRALEJO,BADAJOZ,371,9,126.0,141,2018-19,117,121,39.0,25,59,100,25,7.0,15,0,9,35.0,-1.4,-5.3,2021-01-06,416,1153
4452,BADAJOZ AEROPUERTO,BADAJOZ,186,9,123.0,142,2018-19,107,121,58.0,43,67,44,25,14.0,19,0,16,35.0,-2.3,-4.5,2021-01-13,403,1119
4464X,ALBURQUERQUE,BADAJOZ,283,9,130.0,140,2017-18,122,125,46.0,36,54,77,16,16.0,25,0,10,38.0,-3.8,-5.9,2021-01-12,436,1174
4468X,PUEBLA DE OBANDO,BADAJOZ,392,9,133.0,144,2018-19,124,139,34.0,27,45,100,13,7.0,16,0,9,40.0,-1.6,-4.0,2021-01-12,443,1201
4478X,BADAJOZ,BADAJOZ,174,9,123.0,137,2017-18,115,118,67.0,44,76,61,25,14.0,23,0,15,35.0,-3.1,-5.2,2021-01-13,404,1120
4486X,OLIVENZA,BADAJOZ,275,9,120.0,140,2018-19,106,120,46.0,31,61,83,25,5.0,12,0,8,35.0,-1.6,-3.4,2021-01-12,403,1101
4489X,ALCONCHEL,BADAJOZ,170,9,115.0,135,2018-19,109,113,49.0,32,64,82,25,3.0,12,1,7,33.0,-1.1,-3.3,2021-01-12,377,1069
4492F,BARCARROTA,BADAJOZ,377,9,125.0,142,2018-19,116,123,48.0,25,58,80,20,12.0,30,0,11,45.0,-3.6,-5.6,2023-03-02,426,1145
4497X,VILLANUEVA DEL FRESNO,BADAJOZ,247,9,109.0,132,2018-19,96,109,50.0,36,67,63,25,2.0,10,3,5,39.0,-0.7,-2.7,2021-01-15,348,1030
4499X,MONESTERIO,BADAJOZ,771,9,141.0,147,2021-22,126,144,17.0,13,29,122,9,1.0,14,2,6,37.0,-0.7,-4.2,2021-01-12,456,1231
4501X,FUENTE DE CANTOS,BADAJOZ,602,9,135.0,142,2018-19,116,135,29.0,18,40,119,13,3.0,11,0,7,33.0,-0.4,-2.9,2018-02-08,431,1183
4511C,JEREZ DE LOS CABALLEROS,BADAJOZ,381,9,126.0,139,2018-19,112,128,50.0,33,60,99,23,9.0,17,0,9,43.0,-1.8,-4.4,2023-03-02,403,1113
4520X,FREGENAL DE LA SIERRA,BADAJOZ,586,9,141.0,148,2018-19,137,141,33.0,21,43,80,13,18.0,27,0,15,42.0,-3.5,-5.0,2021-01-12,495,1268
4527X,AROCHE,HUELVA,267,9,133.0,139,2018-19,123,126,64.0,44,74,48,23,25.0,44,0,16,40.0,-4.5,-6.3,2023-01-26,469,1186
4541X,EL GRANADO,HUELVA,60,9,106.0,127,2018-19,93,106,91.0,71,99,42,44,2.0,10,4,6,29.0,-0.3,-2.4,2021-01-13,320,967
4549Y,AYAMONTE,HUELVA,3,9,78.0,112,2018-19,70,88,102.0,72,120,22,45,0.0,0,9,0,24.0,3.5,0.2,2019-01-12,205,758
4554X,CARTAYA,HUELVA,15,9,109.0,127,2018-19,99,108,79.0,60,100,31,29,1.0,8,4,6,29.0,-0.1,-2.2,2025-01-16,339,1028
4560Y,ALAJAR,HUELVA,572,9,121.0,128,2017-18,104,125,44.0,36,60,64,17,0.0,2,7,1,41.0,1.4,-0.6,2021-01-03,358,1056
4575X,VALVERDE DEL CAMINO,HUELVA,280,9,110.0,136,2018-19,88,94,66.0,52,77,58,24,0.0,6,5,4,35.0,0.4,-1.5,2021-01-03,335,1001
4584X,EL CERRO DE ANDÉVALO,HUELVA,270,9,95.0,114,2017-18,84,95,71.0,57,82,37,28,0.0,0,9,0,37.0,1.8,0.2,2021-01-03,270,873
4589X,"ALOSNO, THARSIS",HUELVA,276,9,97.0,118,2017-18,87,98,54.0,39,65,53,23,0.0,2,7,1,31.0,1.4,-0.4,2021-01-14,285,905
4608X,EL CAMPILLO,HUELVA,415,9,106.0,119,2017-18,92,106,50.0,41,64,77,22,0.0,1,8,1,37.0,1.8,-1.0,2026-01-06,310,961
4622X,VILLARRASA,HUELVA,145,9,115.0,138,2018-19,101,115,80.0,62,98,52,27,2.0,12,2,5,29.0,-0.4,-3.0,2021-01-03,356,1047
4642E,"HUELVA, RONDA ESTE",HUELVA,18,9,100.0,118,2018-19,87,100,103.0,78,113,25,47,0.0,2,6,1,27.0,1.2,-1.7,2018-02-07,280,920
5000C,CEUTA,CEUTA,87,9,9.0,33,2017-18,3,30,70.0,44,92,37,31,0.0,0,9,0,43.0,7.8,5.3,2021-01-10,27,129
5038Y,CAZORLA,JAEN,799,9,130.0,141,2017-18,90,130,43.0,22,46,57,13,2.0,11,3,4,41.0,-0.5,-3.0,2026-01-06,407,1137
5047E,BAZA,GRANADA,785,8,146.5,151,2017-18,132,147,42.0,25,57,86,15,41.5,72,0,20,19.5,-6.1,-8.8,2025-01-15,453,1158
5060X,VÉLEZ BLANCO - TOPARES,ALMERIA,1190,9,150.0,151,2017-18,145,150,20.0,12,33,65,12,26.0,54,0,26,23.0,-4.1,-7.5,2018-02-06,536,1344
5107D,DÓLAR,GRANADA,1197,9,147.0,151,2018-19,115,147,22.0,11,46,73,12,25.0,43,0,14,25.0,-3.7,-5.8,2023-01-24,517,1290
5164B,BAEZA,JAEN,771,9,139.0,146,2017-18,126,141,53.0,34,70,35,14,6.0,16,0,8,37.0,-1.2,-4.4,2026-01-07,458,1244
5165X,TORRES,JAEN,910,9,135.0,148,2017-18,111,133,27.0,9,32,99,12,6.0,26,1,9,35.0,-1.6,-3.6,2021-01-03,443,1206
5181D,ARROYO DEL OJANCO,JAEN,580,9,131.0,142,2017-18,107,133,57.0,30,65,34,22,14.0,24,0,14,35.0,-2.4,-4.6,2019-01-11,425,1163
5210X,VILLANUEVA DEL ARZOBISPO,JAEN,680,9,144.0,148,2017-18,110,145,48.0,21,59,63,13,19.0,30,0,15,37.0,-2.9,-4.9,2019-01-11,484,1247
5246,SANTA ELENA,JAEN,770,7,118.0,147,2021-22,108,118,26.0,12,30,122,13,5.0,17,0,4,27.0,-1.1,-2.7,2023-02-28,316,875
5270B,JAÉN,JAEN,580,9,115.0,138,2017-18,100,118,44.0,19,49,82,13,1.0,6,3,2,35.0,0.6,-2.0,2021-01-12,352,1062
5279X,LINARES,JAEN,515,9,121.0,140,2017-18,99,129,44.0,21,53,99,13,2.0,7,3,3,35.0,0.1,-2.2,2021-01-03,366,1106
5281X,BAILÉN,JAEN,345,8,120.0,139,2017-18,101,123,66.0,45,74,64,23,6.0,10,0,4,37.5,-0.5,-2.8,2021-01-03,317,970
5298X,ANDÚJAR,JAEN,202,9,127.0,142,2018-19,119,135,76.0,50,81,52,25,24.0,40,0,16,33.0,-4.1,-5.6,2021-01-03,419,1162
5304Y,PUERTOLLANO,CIUDAD REAL,665,9,140.0,148,2018-19,132,142,41.0,18,55,73,13,28.0,36,0,20,28.0,-3.5,-6.1,2021-01-12,489,1266
5341C,FUENCALIENTE,CIUDAD REAL,710,9,143.0,150,2018-19,137,142,42.0,24,59,76,13,17.0,30,0,8,47.0,-2.7,-5.3,2018-02-09,505,1291
5346X,CARDEÑA,CORDOBA,720,9,133.0,145,2017-18,125,141,44.0,25,50,56,13,3.0,14,1,7,43.0,-1.2,-4.0,2026-01-06,440,1214
5361X,MONTORO,CORDOBA,155,9,126.0,138,2018-19,113,131,79.0,54,88,28,25,24.0,37,0,16,34.0,-3.4,-4.8,2019-01-12,400,1131
5390Y,VILLANUEVA DE CÓRDOBA,CORDOBA,750,9,139.0,144,2021-22,128,140,31.0,17,41,61,12,4.0,16,0,8,38.0,-1.6,-3.3,2018-02-08,457,1233
5394X,"CÓRDOBA, EMBALSE DE GUADANUÑO",CORDOBA,525,9,140.0,147,2018-19,130,140,45.0,26,61,72,17,5.0,21,0,7,40.0,-1.6,-3.2,2018-02-09,466,1253
5402,CÓRDOBA AEROPUERTO,CORDOBA,90,9,128.0,134,2018-19,118,131,78.0,52,88,52,25,12.0,23,0,16,33.0,-2.4,-4.3,2026-01-07,404,1140
5406X,ALCALÁ LA REAL,JAEN,908,9,144.0,150,2018-19,113,145,36.0,17,44,61,13,9.0,30,0,10,39.0,-2.3,-4.8,2026-01-07,495,1264
5412X,PRIEGO DE CÓRDOBA,CORDOBA,550,9,139.0,147,2018-19,126,126,49.0,28,62,35,14,18.0,33,0,16,33.0,-3.0,-4.7,2018-02-09,469,1241
5427X,DOÑA MENCÍA,CORDOBA,650,8,99.0,129,2017-18,84,95,46.0,16,60,57,14,0.0,4,7,2,36.0,0.6,-1.2,2018-02-08,259,814
5429X,"CÓRDOBA, PRÁGDENA",CORDOBA,275,9,129.0,135,2017-18,110,130,66.0,35,75,64,24,8.0,13,0,6,34.0,-0.8,-2.9,2021-01-03,401,1142
5459X,ESPIEL,CORDOBA,465,9,140.0,144,2018-19,124,140,52.0,31,62,64,13,29.0,40,0,16,32.0,-5.0,-6.0,2023-02-01,473,1238
5470,FUENTE PALMERA,CORDOBA,120,9,113.0,132,2017-18,106,111,70.0,46,84,52,25,2.0,14,3,5,32.0,-0.6,-3.0,2021-01-03,333,1033
5473X,AZUAGA,BADAJOZ,581,9,134.0,147,2018-19,126,134,33.0,19,47,70,13,4.0,17,0,10,31.0,-1.8,-3.7,2021-01-12,453,1221
5514,GRANADA BASE AÉREA,GRANADA,687,9,146.0,150,2018-19,141,146,58.0,31,61,51,22,28.0,45,0,20,29.0,-3.8,-6.2,2021-01-04,518,1316
5515D,VÍZNAR,GRANADA,1258,8,125.0,138,2017-18,117,135,13.5,1,30,42,10,17.5,32,0,10,30.5,-3.5,-5.3,2021-01-03,385,1013
5515X,GRANADA-CARTUJA,GRANADA,775,9,141.0,150,2018-19,134,143,69.0,39,84,51,25,6.0,20,0,9,28.0,-1.3,-3.5,2026-01-07,480,1273
5516D,SIERRA NEVADA 'RADIOTELESCOPIO',GRANADA,2856,5,146.0,151,2022-23,139,139,0.0,0,0,151,0,111.0,129,0,61,0.0,-12.9,-16.0,2026-01-06,292,731
5530E,GRANADA AEROPUERTO,GRANADA,560,9,146.0,151,2018-19,142,143,63.0,43,68,50,22,36.0,66,0,21,29.0,-5.5,-6.9,2019-01-12,520,1315
5582A,LOJA,GRANADA,760,6,131.5,144,2017-18,118,134,56.5,37,63,50,13,7.5,18,1,7,27.0,-1.6,-3.4,2018-02-09,276,787
5598X,BENAMEJÍ,CORDOBA,465,9,127.0,140,2018-19,109,127,52.0,28,66,55,15,1.0,7,4,3,35.0,0.1,-1.7,2026-01-07,390,1135
5612B,LA RODA DE ANDALUCÍA,SEVILLA,410,9,133.0,140,2018-19,108,108,57.0,34,86,35,24,14.0,28,0,11,34.0,-3.0,-4.6,2023-01-29,419,1158
5612X,LORA DE ESTEPA,SEVILLA,450,9,115.0,132,2018-19,101,115,47.0,27,62,58,15,2.0,9,4,5,40.0,-0.3,-2.4,2021-01-03,357,1046
5624X,AGUILAR DE LA FRONTERA,CORDOBA,309,9,130.0,137,2018-19,115,130,64.0,33,74,64,22,4.0,15,0,6,34.0,-1.1,-3.5,2021-01-03,401,1142
5625X,LA RAMBLA,CORDOBA,200,9,130.0,140,2018-19,122,130,69.0,39,83,32,25,10.0,21,0,14,31.0,-2.1,-4.8,2021-01-03,416,1168
5641X,ÉCIJA,SEVILLA,130,9,113.0,133,2018-19,90,117,81.0,45,102,33,37,5.0,15,0,10,30.0,-1.2,-3.5,2018-02-09,328,1017
5654X,LA PUEBLA DE LOS INFANTES,SEVILLA,200,9,138.0,142,2018-19,126,138,67.0,50,73,52,25,27.0,56,0,19,29.0,-4.7,-6.0,2018-02-09,478,1232
5656,FUENTES DE ANDALUCÍA,SEVILLA,165,9,104.0,128,2017-18,95,112,70.0,44,82,64,25,0.0,2,6,2,31.0,0.7,-0.8,2023-01-29,311,991
5702X,CARMONA,SEVILLA,50,9,105.0,127,2018-19,100,110,85.0,64,101,43,27,2.0,11,3,4,30.0,-0.5,-2.3,2021-01-03,321,988
5704B,CAZALLA DE LA SIERRA,SEVILLA,550,9,142.0,145,2025-26,133,145,46.0,32,56,96,13,15.0,25,0,10,33.0,-3.0,-4.8,2021-01-03,486,1259
5726X,GUADALCANAL,SEVILLA,720,9,136.0,145,2017-18,106,139,32.0,15,37,100,13,1.0,11,4,5,34.0,-0.6,-2.4,2023-02-28,449,1192
5733X,ALMADÉN DE LA PLATA,SEVILLA,450,9,120.0,134,2021-22,113,133,52.0,40,60,90,17,0.0,4,5,2,30.0,0.7,-1.7,2021-01-12,389,1116
5769X,CALA,HUELVA,618,9,143.0,147,2018-19,127,143,34.0,18,46,100,13,4.0,17,2,7,40.0,-0.8,-4.6,2021-01-12,467,1245
5783,SEVILLA AEROPUERTO,SEVILLA,34,9,99.0,121,2017-18,87,99,89.0,70,99,32,55,0.0,4,6,2,26.0,0.4,-1.5,2021-01-03,279,932
5788X,"TOMARES, ZAUDÍN",SEVILLA,84,7,91.0,110,2021-22,88,96,88.0,67,89,52,28,0.0,1,6,1,30.0,2.0,-0.1,2021-01-04,184,661
5790Y,"SEVILLA, TABLADA",SEVILLA,9,9,98.0,117,2017-18,87,97,110.0,74,116,22,55,0.0,4,5,2,27.0,0.8,-1.6,2021-01-03,253,902
5796,MORÓN DE LA FRONTERA,SEVILLA,87,9,112.0,128,2018-19,96,112,89.0,47,112,59,28,1.0,8,2,3,32.0,-0.1,-2.9,2018-02-09,315,1005
5835X,CARRIÓN DE LOS CÉSPEDES,SEVILLA,76,9,112.0,130,2018-19,102,112,89.0,71,104,52,33,1.0,11,4,5,30.0,-0.6,-2.7,2018-02-07,334,1022
5858X,ALMONTE,HUELVA,5,9,117.0,129,2018-19,95,105,96.0,75,118,27,48,4.0,16,1,5,30.0,-1.1,-4.4,2025-01-16,344,1042
5860E,"MOGUER, EL ARENOSILLO",HUELVA,41,9,93.0,110,2018-19,78,97,81.0,56,101,25,31,0.0,1,7,1,24.0,2.2,-0.9,2025-01-16,234,826
5891X,LAS CABEZAS DE SAN JUAN,SEVILLA,105,9,105.0,124,2018-19,87,109,86.0,48,98,34,31,1.0,4,4,2,31.0,0.8,-1.9,2018-02-09,298,951
5906X,CHIPIONA,CADIZ,10,9,77.0,96,2021-22,67,78,82.0,48,99,28,29,0.0,1,8,1,28.0,2.5,-0.2,2023-01-26,180,722
5910,"ROTA, BASE NAVAL",CADIZ,21,9,86.0,104,2017-18,69,86,96.0,65,113,28,31,0.0,3,6,2,31.0,1.8,-0.6,2021-01-16,210,785
5911A,GRAZALEMA,CADIZ,913,9,142.0,144,2018-19,121,136,23.0,20,41,70,13,5.0,29,1,10,44.0,-1.4,-3.0,2018-02-03,473,1234
5919X,OLVERA,CADIZ,530,9,114.0,131,2017-18,90,114,53.0,32,67,35,15,0.0,2,6,1,36.0,1.0,-1.0,2021-01-03,339,994
5941X,EL BOSQUE,CADIZ,295,9,107.0,128,2018-19,96,105,66.0,45,81,51,28,0.0,6,5,3,40.0,0.1,-2.2,2021-01-03,337,1012
5950X,SAN JOSÉ DEL VALLE,CADIZ,105,9,88.0,104,2017-18,65,88,91.0,60,105,30,31,0.0,0,9,0,36.0,2.9,0.9,2018-02-09,234,791
5960,JEREZ DE LA FRONTERA AEROPUERTO,CADIZ,27,9,116.0,131,2018-19,101,107,105.0,67,118,28,55,2.0,14,0,7,31.0,-1.2,-3.1,2021-01-03,341,1031
5972X,SAN FERNANDO,CADIZ,28,9,41.0,63,2017-18,34,50,77.0,47,102,64,29,0.0,0,9,0,32.0,4.8,2.4,2021-01-13,77,394
5973,CÁDIZ,CADIZ,2,9,25.0,58,2017-18,14,32,83.0,48,99,64,37,0.0,0,9,0,34.0,5.9,3.6,2021-01-15,30,260
5983X,MEDINA SIDONIA,CADIZ,70,9,90.0,105,2017-18,76,97,67.0,46,91,35,29,1.0,5,3,3,30.0,0.9,-2.0,2023-03-03,255,819
5995B,VEJER DE LA FRONTERA,CADIZ,186,9,42.0,78,2017-18,24,51,61.0,36,83,69,22,0.0,0,9,0,39.0,5.0,2.4,2026-01-06,103,406
5996B,BARBATE,CADIZ,4,9,69.0,88,2017-18,57,74,90.0,64,103,27,29,0.0,0,9,0,34.0,2.9,0.7,2021-01-04,173,613
5998X,OSUNA,SEVILLA,255,9,73.0,102,2017-18,57,78,63.0,38,78,44,25,0.0,0,9,0,36.0,2.8,0.3,2018-02-08,194,676
6000A,MELILLA,MELILLA,52,9,29.0,44,2017-18,18,29,87.0,63,124,24,44,0.0,0,9,0,23.0,7.2,5.6,2023-01-23,42,262
6001,TARIFA,CADIZ,32,9,48.0,58,2025-26,26,58,33.0,14,74,65,33,0.0,0,9,0,38.0,4.8,2.2,2023-01-26,117,406
6032X,RONDA INSTITUTO,MALAGA,760,7,131.0,142,2017-18,100,131,34.0,29,53,49,14,0.0,8,4,4,39.0,0.0,-1.3,2026-01-07,327,883
6040X,CORTES DE LA FRONTERA,MALAGA,315,9,116.0,129,2018-19,101,116,56.0,41,74,38,25,1.0,2,4,1,38.0,1.0,-1.1,2018-02-09,339,1030
6042I,JIMENA DE LA FRONTERA,CADIZ,42,9,112.0,125,2019-20,105,113,89.0,68,109,28,31,2.0,10,1,4,34.0,-0.6,-2.5,2023-01-26,343,1004
6045X,ALPANDEIRE,MALAGA,676,9,121.0,132,2017-18,88,123,58.0,38,72,35,16,0.0,1,8,1,38.0,1.4,-0.2,2021-01-03,355,1044
6050X,GAUCÍN,MALAGA,594,7,114.0,131,2017-18,102,126,32.0,24,42,69,11,0.0,4,4,2,43.0,0.7,-1.5,2018-02-05,260,810
6056X,SAN ROQUE  ,CADIZ,1,9,71.0,94,2017-18,60,81,82.0,73,113,38,31,0.0,0,9,0,33.0,3.9,1.8,2021-01-03,201,656
6057X,MANILVA,MALAGA,140,8,42.0,66,2025-26,33,66,74.0,54,91,31,26,0.0,0,8,0,30.0,5.9,3.2,2026-01-07,98,343
6058I,ESTEPONA,MALAGA,19,9,24.0,50,2017-18,16,40,89.0,72,105,29,32,0.0,0,9,0,31.0,6.0,4.5,2026-01-07,47,265
6069X,BENAHAVÍS,MALAGA,392,9,87.0,105,2018-19,70,101,71.0,46,85,53,22,0.0,0,9,0,29.0,3.6,1.9,2021-01-03,237,794
6076X,"MARBELLA, PUERTO",MALAGA,2,9,24.0,49,2017-18,12,27,76.0,64,105,19,32,0.0,0,9,0,24.0,6.5,2.7,2025-03-13,35,246
6083X,MARBELLA,MALAGA,2,9,11.0,28,2017-18,3,12,90.0,65,115,24,47,0.0,0,9,0,20.0,7.2,3.4,2018-03-21,14,108
6088X,TORREMOLINOS,MALAGA,85,9,29.0,62,2017-18,26,41,90.0,77,104,20,29,0.0,0,9,0,25.0,6.8,3.8,2018-02-05,68,316
6100B,ANTEQUERA AYUNTAMIENTO (AUTOMÁTICA THIES),MALAGA,515,7,130.0,137,2017-18,97,125,50.0,35,68,32,15,1.0,3,3,2,30.0,0.7,-1.2,2023-01-27,303,856
6106X,ANTEQUERA,MALAGA,408,7,116.0,136,2018-19,111,120,38.0,23,50,45,12,12.0,17,0,9,34.0,-2.3,-3.9,2021-01-03,300,841
6127X,ÁLORA,MALAGA,172,9,82.0,98,2017-18,63,97,94.0,71,113,20,31,0.0,0,9,0,27.0,3.3,1.6,2023-01-29,219,757
6143X,COÍN,MALAGA,230,9,86.0,101,2017-18,64,98,102.0,90,121,18,31,0.0,0,9,0,22.0,3.8,1.4,2021-01-03,214,767
6155A,MÁLAGA AEROPUERTO,MALAGA,7,9,70.0,95,2017-18,63,89,101.0,86,109,17,31,0.0,0,9,0,23.0,3.8,1.1,2023-01-29,173,679
6156X,"MÁLAGA, CENTRO METEOROLÓGICO",MALAGA,54,9,62.0,80,2017-18,52,73,110.0,80,120,18,32,0.0,0,9,0,25.0,4.6,1.7,2023-03-03,132,565
6172X,MÁLAGA,MALAGA,25,9,24.0,48,2017-18,15,24,85.0,70,111,24,38,0.0,0,9,0,20.0,7.0,5.4,2018-02-05,27,229
6175X,RINCÓN DE LA VICTORIA,MALAGA,7,9,26.0,37,2017-18,18,26,128.0,105,141,13,57,0.0,0,9,0,20.0,6.8,5.5,2018-01-09,31,225
6201X,ALGARROBO,MALAGA,35,9,78.0,104,2018-19,61,78,100.0,85,116,26,32,0.0,0,9,0,23.0,4.5,2.0,2021-01-03,179,721
6213X,NERJA,MALAGA,169,9,35.0,58,2017-18,21,37,88.0,73,110,28,29,0.0,0,9,0,23.0,6.8,4.5,2021-01-10,50,325
6258X,LANJARÓN,GRANADA,708,9,139.0,150,2018-19,111,139,45.0,32,69,46,17,4.0,17,1,10,29.0,-0.8,-3.0,2026-01-07,480,1223
6267X,SALOBREÑA,GRANADA,20,8,98.5,114,2021-22,87,93,106.0,84,130,16,40,0.0,0,8,0,22.5,4.5,1.8,2025-01-16,234,799
6268Y,"MOTRIL, PUERTO",GRANADA,3,6,47.5,58,2021-22,43,43,102.5,88,118,23,40,0.0,0,6,0,18.5,6.2,4.4,2023-01-23,46,290
6272X,CASTELL DE FERRO,GRANADA,235,8,42.0,67,2017-18,27,48,65.5,46,85,29,21,0.0,0,8,0,24.0,6.8,4.4,2021-01-10,55,344
6277B,ADRA,ALMERIA,8,6,14.0,32,2017-18,5,6,86.5,78,103,19,26,0.0,0,6,0,13.5,8.2,6.8,2021-01-10,2,95
6281X,VÁLOR,GRANADA,1020,8,126.5,138,2017-18,111,123,50.0,29,67,47,13,1.5,7,2,3,26.0,0.4,-1.6,2018-02-05,381,1015
6291B,EL EJIDO,ALMERIA,98,9,44.0,78,2017-18,33,47,122.0,98,138,14,46,0.0,0,9,0,13.0,6.5,5.0,2021-01-03,60,432
6293X,ROQUETAS DE MAR,ALMERIA,3,6,95.0,102,2018-19,67,95,91.5,75,101,24,39,0.0,0,6,0,6.0,3.1,2.0,2023-01-23,159,545
6302A,ABLA,ALMERIA,869,8,132.0,145,2017-18,111,138,62.0,46,80,33,26,3.5,10,2,4,17.5,-0.3,-3.4,2023-01-24,380,1038
6307X,LÁUJAR DE ANDARAX,ALMERIA,1510,6,140.5,143,2018-19,126,140,22.0,13,46,89,12,18.5,29,0,10,22.0,-2.3,-4.6,2021-01-10,330,822
6325O,ALMERÍA AEROPUERTO,ALMERIA,21,9,62.0,91,2017-18,50,54,103.0,76,119,20,39,0.0,0,9,0,15.0,5.8,3.8,2021-01-04,112,598
6329X,CABO DE GATA,ALMERIA,42,9,4.0,16,2017-18,0,4,75.0,63,89,26,40,0.0,0,9,0,8.0,8.9,6.2,2023-01-24,3,56
6340X,GARRUCHA,ALMERIA,28,9,63.0,97,2025-26,48,97,81.0,50,95,35,26,0.0,0,9,0,14.0,4.4,2.8,2019-01-12,135,607
6364X,ALBOX,ALMERIA,508,9,117.0,132,2018-19,95,121,79.0,62,113,23,31,0.0,2,6,2,13.0,1.2,-0.5,2019-01-11,331,1033
6367B,HUÉRCAL-OVERA,ALMERIA,300,9,122.0,135,2018-19,108,126,91.0,62,119,20,32,1.0,5,3,3,13.0,0.1,-2.5,2020-12-27,345,1077
6375X,FUENTE DE PIEDRA,MALAGA,420,9,126.0,139,2018-19,108,121,51.0,29,68,57,17,16.0,29,0,10,34.0,-3.0,-4.9,2025-01-16,422,1145
7002Y,ÁGUILAS,MURCIA,32,9,67.0,86,2018-19,58,67,101.0,92,124,28,39,0.0,0,9,0,12.0,4.8,2.0,2020-12-27,123,618
7007Y,MAZARRÓN,MURCIA,66,9,69.0,83,2018-19,57,73,107.0,91,131,17,42,0.0,0,9,0,14.0,5.0,2.0,2026-01-07,134,626
7012C,CARTAGENA,MURCIA,17,9,64.0,85,2017-18,52,62,64.0,56,102,36,38,0.0,0,9,0,13.0,4.2,1.9,2020-12-27,120,597
7012D,CARTAGENA,MURCIA,56,9,103.0,128,2018-19,88,103,83.0,63,109,29,32,0.0,2,7,2,16.0,0.8,-0.9,2020-12-27,290,971
7020C,MURCIA AEROPUERTO,MURCIA,205,7,104.0,110,2025-26,87,110,76.0,64,102,29,31,0.0,0,7,0,12.0,2.8,0.1,2020-12-27,193,699
7023X,FUENTE ÁLAMO DE MURCIA,MURCIA,140,9,107.0,128,2018-19,92,115,96.0,74,118,20,32,0.0,1,5,1,14.0,1.8,-1.1,2025-01-15,283,968
7026X,TORRE-PACHECO,MURCIA,50,9,111.0,129,2018-19,95,111,96.0,77,123,18,33,0.0,1,6,1,14.0,1.9,-0.7,2017-12-04,306,995
7031,SAN JAVIER AEROPUERTO,MURCIA,4,9,105.0,120,2018-19,93,105,82.0,62,103,21,38,1.0,2,4,2,16.0,1.1,-2.0,2021-01-04,279,943
7031X,SAN JAVIER AEROPUERTO,MURCIA,4,9,102.0,123,2018-19,87,107,92.0,69,109,20,38,0.0,2,6,2,15.0,1.4,-1.2,2021-01-04,273,929
7066Y,"YESTE, EMBALSE FUENSANTA",ALBACETE,680,9,135.0,147,2021-22,129,138,47.0,37,69,50,24,23.0,37,0,17,29.0,-3.2,-6.1,2019-01-11,457,1230
7067Y,NERPIO,ALBACETE,1485,8,149.0,151,2017-18,144,149,9.0,1,21,150,6,80.5,104,0,36,28.5,-10.1,-14.8,2018-02-06,483,1193
7072Y,YESTE,ALBACETE,960,9,141.0,149,2017-18,130,146,34.0,20,53,69,12,12.0,35,0,9,29.0,-2.5,-5.0,2019-01-11,488,1261
7080X,MORATALLA,MURCIA,955,9,141.0,148,2025-26,127,148,22.0,14,48,76,12,7.0,27,0,8,26.0,-1.8,-4.5,2019-01-11,483,1255
7096B,HELLÍN,ALBACETE,605,9,137.0,147,2021-22,120,124,41.0,24,59,56,13,4.0,12,1,9,22.0,-0.6,-2.6,2021-01-12,433,1204
7103Y,TOBARRA,ALBACETE,615,9,133.0,145,2021-22,125,142,50.0,34,68,50,25,9.0,17,0,7,18.0,-1.3,-3.9,2022-01-19,439,1217
7119B,CARAVACA DE LA CRUZ,MURCIA,643,9,142.0,149,2017-18,137,146,47.0,41,81,47,13,15.0,26,0,9,21.0,-2.2,-6.0,2019-01-11,493,1278
7121A,CALASPARRA,MURCIA,350,9,134.0,141,2018-19,120,134,66.0,52,92,46,25,8.0,11,1,6,19.0,-0.5,-3.6,2017-12-05,412,1181
7127X,BULLAS,MURCIA,690,9,130.0,142,2018-19,117,139,47.0,31,68,42,13,1.0,8,4,3,15.0,-0.1,-2.3,2021-01-12,421,1177
7138B,JUMILLA,MURCIA,485,9,144.0,148,2017-18,134,144,56.0,37,87,49,25,27.0,36,0,16,18.0,-4.2,-6.7,2025-01-15,493,1287
7145D,CIEZA,MURCIA,265,9,128.0,141,2018-19,117,132,83.0,68,114,26,31,7.0,12,1,6,15.0,-0.5,-3.7,2017-12-05,393,1150
7158X,ARCHENA,MURCIA,150,9,94.0,110,2017-18,81,104,99.0,81,120,26,31,0.0,0,9,0,14.0,3.0,0.3,2021-01-04,247,865
7172X,MULA,MURCIA,255,8,117.5,133,2018-19,104,104,84.0,63,107,23,31,0.5,2,4,1,12.0,1.1,-1.1,2017-12-05,309,942
7178I,MURCIA,MURCIA,62,9,105.0,125,2018-19,88,115,104.0,83,126,20,33,1.0,3,3,2,16.0,1.3,-1.4,2019-01-12,277,956
7195X,"CARAVACA DE LA CRUZ, LOS ROYOS",MURCIA,985,9,149.0,151,2017-18,143,148,28.0,16,50,63,12,31.0,43,0,16,18.0,-4.5,-7.2,2022-01-19,528,1333
7203A,"LORCA, ZARCILLA DE RAMOS",MURCIA,646,9,140.0,147,2018-19,124,144,64.0,46,88,47,15,12.0,22,0,7,16.0,-1.3,-4.8,2017-12-05,449,1230
7209,LORCA,MURCIA,312,9,124.0,141,2018-19,106,124,86.0,62,116,29,32,5.0,7,1,5,13.0,0.0,-3.4,2019-01-11,363,1103
7211B,PUERTO LUMBRERAS,MURCIA,445,9,113.0,122,2017-18,91,121,78.0,58,106,29,24,0.0,1,8,1,12.0,2.4,-0.2,2020-12-27,298,982
7218Y,TOTANA,MURCIA,281,7,92.0,108,2025-26,83,108,98.0,82,123,19,32,0.0,0,7,0,14.0,2.5,0.5,2020-12-27,181,655
7227X,ALHAMA DE MURCIA,MURCIA,157,9,125.0,137,2018-19,113,125,94.0,76,119,20,31,6.0,9,1,6,15.0,-0.2,-4.0,2025-01-15,374,1123
7228,"ALCANTARILLA, BASE AÉREA",MURCIA,75,9,119.0,134,2018-19,105,118,100.0,84,125,26,32,7.0,10,1,6,15.0,-0.4,-3.8,2017-12-05,358,1082
7237E,MOLINA DE SEGURA,MURCIA,170,9,113.0,130,2018-19,98,119,85.0,75,109,26,31,0.0,2,7,1,15.0,1.7,-0.3,2017-12-05,334,1016
7244X,ORIHUELA,ALICANTE,26,9,108.0,127,2018-19,93,110,87.0,77,112,26,31,1.0,5,3,2,14.0,0.7,-2.4,2019-01-12,310,975
7247X,EL PINÓS/PINOSO,ALICANTE,577,8,138.0,151,2017-18,130,139,57.5,19,86,59,25,22.5,66,0,16,20.0,-5.2,-8.6,2019-01-11,420,1109
7250C,ABANILLA,MURCIA,174,9,118.0,137,2018-19,106,123,99.0,75,118,20,37,4.0,9,1,6,16.0,-0.5,-2.7,2025-01-15,369,1070
7261X,ROJALES,ALICANTE,31,9,88.0,105,2017-18,74,94,82.0,68,114,21,37,0.0,1,8,1,17.0,2.3,-0.5,2025-01-15,208,800
7275C,YECLA,MURCIA,640,9,140.0,148,2017-18,134,140,41.0,32,67,58,24,23.0,42,0,11,19.0,-3.8,-7.9,2019-01-11,481,1266
8005X,FONTANARS DELS ALFORINS,VALENCIA,622,9,141.0,150,2017-18,131,146,39.0,27,59,57,12,33.0,56,0,18,17.0,-5.5,-8.5,2019-01-11,489,1274
8008Y,VILLENA,ALICANTE,486,9,145.0,148,2017-18,129,145,60.0,34,73,36,25,45.0,66,0,17,16.0,-6.0,-9.6,2025-01-15,490,1282
8013X,NOVELDA,ALICANTE,233,9,106.0,117,2017-18,82,111,86.0,71,115,23,31,0.0,0,9,0,16.0,2.3,0.5,2017-12-05,280,915
8018X,ELX/ELCHE,ALICANTE,110,9,109.0,123,2025-26,93,123,108.0,73,122,21,38,0.0,1,6,1,13.0,1.3,-0.4,2025-01-15,310,994
8019,ALICANTE-ELCHE AEROPUERTO,ALICANTE,43,9,100.0,122,2017-18,85,98,88.0,60,108,23,37,0.0,0,9,0,17.0,2.6,0.2,2020-12-27,280,921
8025,ALACANT/ALICANTE,ALICANTE,81,9,94.0,123,2018-19,77,93,92.0,73,116,23,33,0.0,0,9,0,17.0,2.2,0.0,2019-01-12,250,868
8036Y,BENIDORM,ALICANTE,36,8,98.5,127,2018-19,91,99,84.5,66,109,27,33,0.0,1,7,1,16.0,2.4,-0.1,2023-02-28,238,801
8050X,JÁVEA/ XÀBIA,ALICANTE,15,9,99.0,125,2017-18,88,111,85.0,69,114,21,32,1.0,4,4,2,22.0,0.6,-1.6,2021-01-06,278,936
8057C,PEGO,ALICANTE,60,9,71.0,88,2018-19,56,71,84.0,70,113,28,33,0.0,0,9,0,26.0,4.5,2.0,2021-01-13,160,652
8058Y,MIRAMAR,VALENCIA,12,9,70.0,91,2017-18,58,66,77.0,55,99,28,20,0.0,0,9,0,19.0,4.2,1.8,2021-01-06,155,646
8059C,ALCOI/ALCOY,ALICANTE,530,9,126.0,133,2018-19,104,133,51.0,35,77,34,13,2.0,9,3,4,25.0,-0.3,-2.6,2021-01-06,398,1102
8072Y,BARX,VALENCIA,340,9,117.0,135,2018-19,107,123,53.0,30,84,33,25,3.0,9,1,4,22.0,-0.4,-3.5,2019-01-11,370,1061
8096,CUENCA,CUENCA,949,9,148.0,151,2018-19,143,149,25.0,20,37,100,13,40.0,59,0,23,37.0,-4.5,-10.9,2021-01-12,524,1333
8155Y,MOTILLA DEL PALANCAR,CUENCA,830,9,148.0,151,2018-19,132,148,18.0,13,35,100,12,44.0,66,0,24,35.0,-6.7,-15.5,2021-01-12,524,1310
8175,ALBACETE BASE AÉREA,ALBACETE,702,9,148.0,149,2018-19,140,145,27.0,19,46,99,13,41.0,65,0,24,25.0,-6.3,-14.1,2021-01-12,516,1316
8177A,CHINCHILLA,ALBACETE,880,6,142.0,151,2020-21,123,136,12.0,6,25,89,12,35.0,46,0,25,28.0,-5.2,-8.0,2021-01-12,334,844
8178D,ALBACETE,ALBACETE,674,9,145.0,149,2018-19,134,145,35.0,22,46,99,13,25.0,42,0,16,25.0,-4.6,-11.3,2021-01-12,497,1296
8193E,JALANCE,VALENCIA,372,9,134.0,146,2017-18,125,134,46.0,39,71,74,24,27.0,59,0,21,27.0,-5.8,-8.2,2022-01-19,461,1225
8198Y,ALMANSA,ALBACETE,710,9,145.0,148,2018-19,122,147,33.0,15,56,69,24,38.0,64,0,27,23.0,-5.2,-8.7,2019-01-11,496,1283
8203O,ZARRA,VALENCIA,856,9,126.0,137,2021-22,112,112,16.0,10,32,55,8,5.0,16,1,9,22.0,-1.6,-4.5,2021-01-12,426,1128
8210Y,SALVACAÑETE,CUENCA,1160,7,151.0,152,2023-24,145,151,12.0,6,30,100,11,88.0,113,0,25,40.0,-10.6,-16.3,2021-01-12,420,1051
8245Y,MIRA,CUENCA,815,8,149.0,151,2017-18,145,149,28.5,18,44,99,13,80.0,106,0,24,33.0,-8.3,-11.9,2021-01-13,477,1189
8270X,BICORP,VALENCIA,305,9,124.0,140,2018-19,107,128,64.0,52,101,32,25,4.0,11,0,5,25.0,-1.2,-3.0,2021-01-12,396,1111
8283X,ONTINYENT,VALENCIA,350,9,132.0,138,2017-18,114,135,64.0,47,93,32,28,6.0,16,1,9,21.0,-1.9,-4.3,2021-01-06,409,1151
8293X,XÀTIVA,VALENCIA,88,9,113.0,133,2018-19,97,120,87.0,79,116,28,35,3.0,8,0,4,18.0,-0.1,-2.9,2023-01-23,331,1028
8300X,CARCAIXENT,VALENCIA,25,9,115.0,137,2018-19,110,123,93.0,79,122,28,33,3.0,12,1,6,22.0,-0.7,-4.0,2023-01-22,373,1081
8309X,UTIEL,VALENCIA,758,9,145.0,151,2017-18,138,145,30.0,20,44,75,11,30.0,66,0,19,26.0,-4.6,-11.5,2021-01-12,517,1311
8325X,POLINYÀ DE XÚQUER,VALENCIA,11,8,98.5,120,2018-19,82,97,61.5,45,86,29,20,0.0,2,7,1,19.0,2.0,-0.6,2023-01-23,256,809
8337X,TURÍS,VALENCIA,186,9,121.0,133,2018-19,115,126,73.0,61,102,32,27,4.0,23,0,14,11.0,-1.4,-5.1,2023-01-23,396,1100
8354X,ALBARRACÍN,TERUEL,1130,9,150.0,151,2021-22,142,150,13.0,5,32,99,9,66.0,92,0,32,26.0,-7.2,-17.2,2021-01-12,530,1339
8368U,TERUEL,TERUEL,902,9,151.0,151,2017-18,149,151,27.0,16,44,74,12,67.0,96,0,29,21.0,-8.1,-21.0,2021-01-12,543,1354
8376,JABALOYAS,TERUEL,1430,9,149.0,151,2024-25,147,151,3.0,0,13,150,7,46.0,75,0,21,29.0,-6.4,-9.7,2023-03-01,540,1343
8381X,ADEMUZ,VALENCIA,705,9,150.0,151,2018-19,145,150,36.0,24,53,69,13,67.0,90,0,24,28.0,-8.4,-15.5,2021-01-12,535,1342
8395X,CHELVA,VALENCIA,515,9,130.0,144,2018-19,117,128,55.0,41,84,32,25,11.0,18,0,9,19.0,-1.1,-4.5,2021-01-12,423,1175
8409X,LLÍRIA,VALENCIA,198,9,128.0,138,2017-18,119,134,83.0,69,111,29,32,4.0,14,1,9,23.0,-1.1,-4.1,2026-01-07,407,1156
8414A,VALENCIA AEROPUERTO,VALENCIA,56,9,112.0,132,2017-18,100,109,87.0,64,113,24,32,3.0,13,0,5,20.0,-0.6,-2.3,2021-01-06,334,1022
8416,VALÈNCIA,VALENCIA,13,9,84.0,109,2018-19,62,77,91.0,72,117,22,37,0.0,0,9,0,21.0,3.2,0.8,2021-01-12,193,746
8416X,"VALENCIA, UPV",VALENCIA,6,8,79.0,108,2018-19,58,58,63.5,51,81,22,18,0.0,0,8,0,14.5,4.0,1.2,2018-02-09,163,654
8416Y,"VALÈNCIA, VIVEROS",VALENCIA,13,9,82.0,112,2018-19,65,84,86.0,65,114,22,33,0.0,0,9,0,19.0,3.6,1.1,2021-01-12,207,764
8439X,SEGORBE,CASTELLON,400,9,141.0,145,2020-21,126,137,50.0,32,79,58,14,8.0,16,0,6,21.0,-1.2,-4.0,2021-01-12,468,1241
8446Y,SAGUNT/SAGUNTO,VALENCIA,24,9,112.0,130,2018-19,100,114,82.0,68,115,20,37,3.0,6,1,3,20.0,0.7,-2.6,2021-01-12,322,1011
8458X,CEDRILLAS,TERUEL,1380,9,151.0,152,2023-24,149,151,6.0,0,17,150,7,82.0,101,0,39,29.0,-7.6,-15.1,2021-01-12,545,1356
8472A,MONTANEJOS,CASTELLON,601,9,138.0,146,2018-19,128,137,37.0,26,68,62,13,7.0,20,0,5,23.0,-1.0,-3.8,2021-01-06,477,1246
8486X,MOSQUERUELA,TERUEL,1515,9,151.0,151,2017-18,146,146,7.0,0,16,151,4,59.0,94,0,20,28.0,-7.9,-10.7,2023-02-27,544,1351
8489X,VILLAFRANCA DEL CID/VILAFRANCA,CASTELLON,1130,9,150.0,151,2017-18,129,150,10.0,5,34,108,10,59.0,77,0,32,27.0,-6.2,-10.0,2021-01-12,542,1331
8492X,ATZENETA DEL MAESTRAT,CASTELLON,420,9,145.0,147,2017-18,138,145,58.0,52,95,28,25,22.0,34,0,10,22.0,-3.3,-5.6,2021-01-12,501,1293
8500A,CASTELLÓ - ALMASSORA,CASTELLON,43,9,93.0,124,2017-18,82,92,72.0,55,102,27,32,0.0,0,9,0,17.0,2.8,0.8,2021-01-05,242,871
8503Y,TORREBLANCA,CASTELLON,35,9,96.0,114,2017-18,82,100,63.0,53,95,27,18,0.0,0,9,0,17.0,3.2,0.7,2026-01-05,254,859
8520X,LA POBLA DE BENIFASSÀ-FREDES,CASTELLON,1165,7,150.0,151,2017-18,143,151,4.0,1,12,150,3,36.0,62,0,23,38.0,-5.2,-8.4,2023-02-27,415,1042
9001D,REINOSA,CANTABRIA,870,9,146.0,151,2018-19,137,149,6.0,1,9,121,5,76.0,87,0,30,41.0,-7.0,-17.5,2021-01-07,522,1311
9001S,ALTO CAMPOO,CANTABRIA,1650,9,147.0,151,2017-18,135,135,0.0,0,3,151,2,73.0,111,0,27,65.0,-7.4,-13.1,2018-02-27,527,1307
9012E,SANTA GADEA DE ALFOZ,BURGOS,915,9,150.0,151,2018-19,143,148,4.0,0,7,151,5,32.0,57,0,17,52.0,-4.2,-9.0,2021-01-07,541,1342
9016X,"VALDERREDIBLE, CUBILLO DE EBRO",CANTABRIA,770,9,147.0,151,2018-19,143,143,14.0,4,21,130,5,63.0,88,0,25,44.0,-8.6,-11.3,2019-01-06,526,1325
9019B,"VALDERREDIBLE, POLIENTES   ",CANTABRIA,720,9,146.0,151,2018-19,135,140,15.0,5,21,126,7,54.0,81,0,25,42.0,-7.7,-10.9,2019-01-06,522,1303
9027X,SARGENTES DE LA LORA,BURGOS,1017,5,143.0,151,2019-20,133,143,6.0,2,11,135,4,62.0,94,0,19,46.0,-6.6,-10.6,2021-01-07,284,713
9031C,BRIVIESCA,BURGOS,730,9,147.0,151,2021-22,143,148,8.0,0,18,151,6,36.0,55,0,27,38.0,-4.9,-7.6,2018-02-27,525,1325
9051,MEDINA DE POMAR,BURGOS,580,8,144.0,148,2024-25,139,140,16.5,9,22,123,10,39.5,57,0,19,43.5,-6.0,-8.6,2019-01-04,452,1150
9060X,LALASTRA,ARABA/ALAVA,910,9,148.0,151,2018-19,134,148,5.0,0,11,151,5,51.0,69,0,24,56.0,-5.1,-10.7,2021-01-07,523,1324
9069C,MIRANDA DE EBRO,BURGOS,460,9,142.0,147,2018-19,131,141,28.0,11,45,75,13,33.0,51,0,17,35.0,-4.9,-8.1,2019-01-06,503,1267
9073X,"AGURAIN/SALVATIERRA, OPAKUA",ARABA/ALAVA,660,9,145.0,149,2019-20,134,145,9.0,1,18,130,10,24.0,40,0,12,58.0,-3.3,-11.0,2021-01-07,499,1296
9091O,FORONDA-TXOKIZA,ARABA/ALAVA,513,9,146.0,149,2021-22,143,145,13.0,4,27,124,10,38.0,47,0,17,49.0,-4.4,-7.7,2019-01-06,518,1315
9091R,VITORIA-GASTEIZ AEROPUERTO,ARABA/ALAVA,513,9,146.0,148,2021-22,140,144,15.0,5,28,124,10,45.0,55,0,20,48.0,-5.9,-8.7,2017-12-03,514,1307
9111,BELORADO,BURGOS,820,7,148.0,150,2021-22,136,145,6.0,1,18,130,6,36.0,48,0,18,39.0,-3.7,-8.9,2018-02-27,398,1012
9115X,VALDEZCARAY,LA RIOJA,1630,9,151.0,152,2019-20,145,151,0.0,0,0,152,0,71.0,112,0,26,61.0,-8.2,-12.0,2018-02-27,539,1351
9121X,HARO,LA RIOJA,465,9,142.0,149,2018-19,136,145,19.0,5,31,125,10,19.0,32,0,9,39.0,-3.1,-4.9,2018-02-27,501,1284
9122I,LABASTIDA,ARABA/ALAVA,612,9,140.0,150,2018-19,135,139,13.0,2,29,119,9,22.0,34,0,14,44.0,-3.0,-6.4,2018-02-27,490,1273
9136X,"ANGUIANO, VALVANERA",LA RIOJA,1006,9,150.0,151,2017-18,147,150,5.0,0,11,151,7,46.0,72,0,22,55.0,-5.0,-8.0,2021-01-08,537,1348
9141V,NÁJERA,LA RIOJA,500,9,148.0,150,2018-19,145,147,22.0,9,34,98,10,24.0,35,0,10,38.0,-3.6,-5.3,2022-01-15,521,1329
9145X,LEZA,ARABA/ALAVA,575,9,144.0,149,2021-22,140,144,10.0,2,25,126,9,23.0,37,0,11,50.0,-3.5,-6.7,2021-01-07,498,1291
9145Y,CENICERO,LA RIOJA,429,9,145.0,147,2017-18,134,138,18.0,5,27,113,9,13.0,27,0,9,38.0,-2.7,-4.6,2022-01-15,490,1281
9170,"LOGROÑO, AEROPUERTO",LA RIOJA,353,9,147.0,151,2023-24,141,144,21.0,7,36,83,13,19.0,33,0,7,32.0,-4.4,-6.8,2024-01-21,519,1323
9171K,LOS ARCOS,NAVARRA,470,9,145.0,149,2020-21,141,143,25.0,10,35,98,12,18.0,24,0,9,38.0,-2.5,-6.6,2018-02-27,505,1306
9178X,CAMPEZO/KANPEZU,ARABA/ALAVA,570,9,146.0,149,2021-22,130,146,9.0,2,18,113,9,34.0,46,0,11,52.0,-4.2,-7.9,2021-01-07,524,1298
9188,ENCISO,LA RIOJA,855,9,148.0,151,2021-22,135,135,11.0,4,24,113,7,43.0,58,0,22,30.0,-5.0,-9.4,2021-01-08,520,1323
9195C,ASTÚN- LA RACA,HUESCA,2276,5,151.0,152,2023-24,151,151,0.0,0,0,152,0,119.0,130,0,70,53.0,-12.8,-17.2,2023-02-27,305,756
9198X,CANFRANC,HUESCA,1197,9,150.0,152,2023-24,147,150,5.0,0,6,151,6,61.0,84,0,21,66.0,-6.8,-10.0,2021-01-06,542,1352
9201K,JACA,HUESCA,823,6,149.0,150,2017-18,133,133,8.0,4,13,96,4,67.5,85,0,36,39.0,-7.7,-11.8,2021-01-08,341,879
9207,"VALLE DE HECHO, HECHO",HUESCA,860,9,150.0,151,2022-23,146,146,12.0,2,27,121,12,69.0,84,0,30,50.0,-7.0,-14.0,2021-01-08,539,1345
9208E,ARAGÜÉS DEL PUERTO,HUESCA,1025,9,149.0,150,2018-19,142,148,12.0,2,25,121,9,40.0,64,0,21,49.0,-6.2,-9.4,2018-02-27,523,1333
9211F,"BAILO, PUYALTO",HUESCA,722,9,148.0,150,2018-19,145,147,13.0,2,20,144,12,37.0,54,0,28,43.0,-5.2,-9.4,2021-01-08,523,1332
9218A,ISABA/IZABA,NAVARRA,838,9,148.0,152,2023-24,145,147,12.0,6,29,99,11,74.0,82,0,40,60.0,-6.7,-12.6,2021-01-08,534,1338
9228J,OROZ-BETELU/OROTZ-BETELU,NAVARRA,635,9,150.0,151,2019-20,141,141,12.0,2,22,149,10,45.0,59,0,14,58.0,-5.0,-8.1,2021-01-07,536,1334
9228T,RONCESVALLES/ORREAGA,NAVARRA,947,9,150.0,152,2019-20,146,146,4.0,0,8,148,4,44.0,73,0,19,73.0,-5.9,-10.4,2018-02-27,540,1343
9238X,NAVASCUÉS/NABASKOZE,NAVARRA,612,9,149.0,150,2019-20,146,146,15.0,5,24,105,11,73.0,92,0,34,50.0,-8.1,-12.5,2021-01-08,534,1336
9244X,SOS DEL REY CATÓLICO,ZARAGOZA,626,9,144.0,150,2021-22,115,115,9.0,3,23,143,10,24.0,45,0,13,41.0,-3.8,-8.8,2021-01-08,507,1273
9245X,CÁSEDA,NAVARRA,440,9,146.0,150,2019-20,143,145,19.0,5,32,124,10,26.0,38,0,11,37.0,-4.0,-7.2,2021-01-08,510,1317
9252X,OLITE/ERRIBERRI,NAVARRA,390,9,147.0,150,2017-18,143,145,14.0,2,31,143,10,21.0,34,0,10,38.0,-3.7,-6.2,2021-01-07,511,1317
9257X,"ESTERIBAR, EMBALSE DE EUGI",NAVARRA,615,9,150.0,152,2023-24,145,146,9.0,0,16,134,7,42.0,54,0,13,63.0,-4.3,-8.0,2021-01-07,538,1341
9262,PAMPLONA,NAVARRA,450,9,136.0,146,2021-22,116,142,14.0,4,29,126,10,10.0,26,0,7,49.0,-1.8,-5.3,2026-01-07,454,1213
9262P,MONREAL/ELO,NAVARRA,585,9,146.0,150,2019-20,134,144,9.0,1,21,143,10,25.0,44,0,11,50.0,-3.4,-6.7,2018-02-27,511,1305
9263D,"PAMPLONA, AEROPUERTO",NAVARRA,459,9,148.0,150,2017-18,143,145,18.0,6,30,133,10,34.0,47,0,11,49.0,-4.7,-7.0,2026-01-07,517,1320
9263X,"ARANGUREN, ILUNDAIN",NAVARRA,572,9,143.0,149,2019-20,133,144,11.0,2,21,105,10,21.0,41,0,15,46.0,-3.5,-6.7,2018-01-09,494,1275
9274X,IRURTZUN,NAVARRA,432,9,142.0,148,2021-22,139,142,18.0,6,29,109,10,19.0,33,0,9,64.0,-2.8,-6.6,2021-01-07,498,1288
9280B,LARRAGA,NAVARRA,375,9,144.0,150,2017-18,140,140,16.0,5,31,130,7,27.0,38,0,11,34.0,-3.8,-5.7,2023-02-12,509,1305
9287A,SAN PEDRO MANRIQUE,SORIA,1096,9,151.0,152,2019-20,144,150,8.0,0,14,151,7,75.0,86,0,35,32.0,-8.6,-14.2,2023-02-25,539,1347
9293X,"ALFARO, LA PLANA",LA RIOJA,371,5,140.0,148,2021-22,139,144,20.0,4,35,87,10,12.0,16,0,6,29.0,-1.6,-3.6,2023-12-27,266,711
9294E,"BARDENAS REALES, BASE AÉREA",NAVARRA,295,9,146.0,149,2019-20,137,146,24.0,10,36,100,12,22.0,32,0,9,29.0,-3.6,-6.3,2019-01-04,506,1302
9299X,TARAZONA,ZARAGOZA,475,9,142.0,147,2018-19,134,142,20.0,5,37,101,11,17.0,27,0,9,27.0,-2.4,-4.8,2020-01-14,490,1281
9301X,MONTEAGUDO,NAVARRA,410,9,145.0,148,2018-19,135,141,22.0,4,40,101,10,22.0,30,0,10,26.0,-3.2,-6.9,2024-01-20,491,1282
9302Y,TUDELA,NAVARRA,297,9,140.0,149,2020-21,135,144,22.0,5,37,85,19,14.0,18,0,9,25.0,-2.7,-5.8,2019-01-05,470,1272
9321X,EJEA DE LOS CABALLEROS,ZARAGOZA,321,7,146.0,149,2021-22,142,145,27.0,9,38,97,13,21.0,38,0,10,27.0,-4.8,-6.5,2021-01-08,394,1022
9336D,CASTEJON DE VALDEJASA,ZARAGOZA,543,9,143.0,149,2021-22,139,143,15.0,3,32,143,10,15.0,34,0,11,29.0,-2.8,-6.7,2018-02-27,485,1289
9344C,ARCOS DE JALÓN,SORIA,863,9,149.0,151,2017-18,146,148,15.0,7,23,125,11,43.0,70,0,22,29.0,-6.9,-13.6,2021-01-12,530,1337
9352A,ALMAZUL,SORIA,1000,9,151.0,151,2018-19,147,149,11.0,6,20,125,8,53.0,77,0,29,34.0,-7.9,-12.1,2021-01-12,543,1350
9354X,ALHAMA DE ARAGON,ZARAGOZA,703,9,149.0,151,2021-22,146,146,26.0,15,37,123,13,51.0,81,0,26,29.0,-7.7,-18.2,2021-01-12,530,1335
9374X,SANTA EULALIA DEL CAMPO,TERUEL,1000,9,151.0,151,2017-18,150,151,18.0,9,33,78,12,71.0,103,0,34,23.0,-9.4,-23.1,2021-01-12,546,1357
9377Y,EL PEDREGAL,GUADALAJARA,1185,9,148.0,152,2023-24,136,150,15.0,9,29,99,8,61.0,89,0,40,32.0,-7.4,-14.0,2021-01-12,534,1319
9381I,CALAMOCHA,TERUEL,884,9,151.0,151,2017-18,148,149,18.0,9,31,99,12,62.0,86,0,32,26.0,-10.7,-21.3,2021-01-12,543,1353
9390,DAROCA,ZARAGOZA,774,9,148.0,151,2018-19,143,145,21.0,9,34,123,12,56.0,81,0,26,27.0,-8.0,-18.5,2021-01-12,526,1331
9394X,CALATAYUD,ZARAGOZA,582,9,145.0,150,2021-22,138,145,29.0,8,40,96,14,42.0,67,0,26,22.0,-6.2,-15.4,2021-01-12,509,1301
9427X,LA ALMUNIA DE DOÑA GODINA,ZARAGOZA,370,9,136.0,147,2018-19,122,134,37.0,18,55,45,25,19.0,28,0,10,21.0,-2.9,-9.0,2021-01-12,466,1213
9434,"ZARAGOZA, AEROPUERTO",ZARAGOZA,249,9,138.0,144,2017-18,129,138,31.0,12,45,68,20,10.0,17,0,9,23.0,-2.2,-4.9,2019-01-05,452,1242
9434P,"ZARAGOZA, VALDESPARTERA",ZARAGOZA,258,9,138.0,145,2021-22,128,134,34.0,14,49,68,25,9.0,16,0,9,23.0,-2.0,-4.4,2019-01-05,448,1228
9436X,FONFRÍA,TERUEL,1255,9,151.0,151,2017-18,147,147,5.0,1,15,150,7,46.0,80,0,27,36.0,-5.9,-9.9,2021-01-12,542,1351
9445L,"FORMIGAL, SARRIOS",HUESCA,1800,5,145.0,151,2025-26,139,151,0.0,0,0,151,0,77.0,95,0,27,60.0,-9.8,-13.5,2023-02-27,288,722
9451F,"PANTICOSA, PETROSOS",HUESCA,1850,7,150.0,151,2020-21,125,151,0.0,0,2,152,1,84.0,96,0,34,46.0,-9.3,-13.4,2023-02-27,397,1025
9453X,"BIESCAS, EMBALSE DE BÚBAL",HUESCA,1100,9,151.0,152,2019-20,148,148,5.0,1,9,150,7,72.0,98,0,26,49.0,-7.5,-12.1,2021-01-08,547,1357
9460X,SABIÑÁNIGO,HUESCA,775,9,151.0,152,2023-24,147,147,19.0,8,29,125,12,66.0,99,0,43,42.0,-9.7,-15.0,2021-01-12,543,1355
9491X,ALMUDÉVAR,HUESCA,390,9,148.0,150,2019-20,143,148,22.0,7,35,92,12,27.0,50,0,17,26.0,-4.5,-11.4,2021-01-12,516,1324
9495Y,LECIÑENA,ZARAGOZA,405,9,147.0,150,2019-20,140,142,26.0,12,47,69,13,39.0,63,0,21,22.0,-4.9,-12.2,2021-01-11,506,1313
9501X,VALMADRID,ZARAGOZA,535,9,142.0,144,2020-21,130,142,19.0,9,36,87,11,16.0,29,0,11,26.0,-3.2,-5.1,2018-02-24,487,1253
9510X,QUINTO,ZARAGOZA,205,9,143.0,147,2018-19,133,135,36.0,22,53,68,25,24.0,36,0,9,20.0,-5.7,-7.5,2021-01-12,478,1270
9513X,MUNIESA,TERUEL,800,9,147.0,151,2018-19,141,141,15.0,10,35,83,11,24.0,46,0,10,22.0,-3.5,-7.1,2021-01-12,523,1312
9531Y,MONTALBÁN,TERUEL,895,9,150.0,151,2020-21,145,146,19.0,12,40,78,12,47.0,69,0,29,27.0,-6.8,-14.6,2021-01-12,536,1339
9546B,HIJAR,TERUEL,305,9,138.0,144,2020-21,126,138,43.0,27,61,57,26,12.0,20,0,9,19.0,-1.9,-6.0,2020-01-14,463,1235
9550C,"ANDORRA, HORCALLANA",TERUEL,762,9,144.0,148,2021-22,135,142,12.0,5,36,102,10,14.0,32,0,14,21.0,-3.2,-5.9,2021-01-12,496,1285
9561X,CASTELLOTE,TERUEL,755,9,141.0,145,2018-19,125,141,28.0,14,51,64,12,10.0,28,0,9,26.0,-2.5,-6.2,2021-01-12,468,1249
9562X,MORELLA,CASTELLON,990,9,146.0,150,2018-19,135,146,10.0,3,27,108,10,15.0,40,0,14,29.0,-3.5,-5.4,2022-01-22,512,1303
9563X,CASTELLFORT,CASTELLON,1220,8,146.5,149,2018-19,138,147,4.5,1,14,150,6,25.5,48,0,13,14.5,-5.2,-8.6,2023-02-27,457,1160
9569A,CALANDA,TERUEL,466,9,142.0,146,2021-22,131,142,29.0,17,53,68,12,12.0,19,0,9,22.0,-1.9,-6.1,2017-12-25,474,1258
9573X,ALCAÑIZ,TERUEL,334,9,147.0,150,2018-19,144,147,34.0,17,56,87,25,26.0,34,0,11,22.0,-3.9,-6.7,2021-01-12,519,1326
9574B,"CASPE, PLANA DEL PILÓN",ZARAGOZA,215,8,137.0,143,2020-21,130,138,36.5,16,47,83,25,12.0,17,0,9,18.5,-3.4,-4.7,2022-01-19,399,1098
9585,LA MOLINA,GIRONA,1699,9,151.0,152,2019-20,143,150,0.0,0,3,151,2,89.0,120,0,35,27.0,-10.6,-15.6,2018-02-13,538,1349
9590,MARTINET  ,LLEIDA,1038,9,151.0,152,2019-20,147,150,19.0,8,33,138,12,109.0,130,0,49,27.0,-9.7,-16.7,2018-02-09,547,1355
9590D,CAP DE REC,LLEIDA,1940,5,151.0,152,2023-24,148,151,0.0,0,0,152,0,110.0,120,0,42,0.0,-10.4,-15.2,2023-02-27,300,751
9619,LA SEU D'URGELL,LLEIDA,677,7,150.0,151,2018-19,136,150,34.0,12,42,74,15,91.0,113,0,48,19.0,-8.0,-10.4,2021-01-08,408,1037
9632X,TUIXENT,LLEIDA,1196,9,148.0,151,2019-20,145,151,10.0,2,20,99,7,78.0,110,0,38,29.0,-8.2,-11.6,2018-02-13,540,1334
9638D,COLL DE NARGÓ,LLEIDA,609,8,150.5,152,2023-24,149,150,25.5,11,39,78,11,63.0,103,0,39,27.0,-6.5,-9.3,2021-01-06,485,1203
9647X,TORÀ,LLEIDA,435,9,150.0,151,2017-18,146,149,16.0,5,39,142,13,69.0,97,0,31,20.0,-7.7,-9.4,2023-01-30,534,1343
9650X,ARTESA DE SEGRE,LLEIDA,400,9,149.0,152,2023-24,144,149,22.0,8,41,100,24,56.0,89,0,28,21.0,-6.8,-8.6,2017-12-04,524,1335
9657X,ESTERRI D'ÀNEU,LLEIDA,952,9,150.0,151,2018-19,120,150,14.0,2,22,133,7,84.0,102,0,26,16.0,-7.8,-13.5,2018-02-09,497,1293
9660,SANT MAURICI (LLAC),LLEIDA,1907,9,151.0,152,2019-20,150,151,0.0,0,1,152,1,118.0,132,0,61,40.0,-10.6,-13.9,2023-02-27,548,1358
9677,PORT AINÉ,LLEIDA,2410,6,149.5,152,2023-24,140,151,0.0,0,0,152,0,121.5,134,0,74,0.0,-12.9,-18.6,2023-02-27,359,883
9689X,TORRE DE CABDELLA ,LLEIDA,1273,9,151.0,152,2019-20,144,150,7.0,0,19,151,7,56.0,98,0,26,36.0,-5.8,-9.2,2018-02-13,538,1349
9698U,TALARN,LLEIDA,807,7,150.0,152,2023-24,125,152,16.0,3,25,118,12,40.0,72,0,27,28.0,-4.1,-6.8,2021-01-06,417,1025
9707,LLIMIANA,LLEIDA,515,8,147.5,151,2021-22,142,150,31.5,14,44,94,24,51.5,95,0,24,24.5,-6.8,-8.7,2022-01-16,473,1177
9718X,TORDERA - GRANYANELLA,LLEIDA,463,9,145.0,148,2017-18,127,127,13.0,4,37,121,12,20.0,39,0,17,17.0,-3.4,-6.2,2021-01-12,484,1264
9724X,OS DE BALAGUER,LLEIDA,520,9,142.0,151,2021-22,130,130,16.0,8,36,99,12,39.0,73,0,22,21.0,-5.6,-7.6,2017-12-03,483,1270
9726E,LLORAC,TARRAGONA,657,9,150.0,151,2017-18,135,135,7.0,1,22,142,10,68.0,96,0,30,22.0,-8.0,-11.7,2018-02-13,541,1337
9729X,MOLLERUSSA,LLEIDA,252,9,139.0,146,2017-18,132,135,30.0,12,45,63,25,29.0,55,0,15,19.0,-4.2,-7.4,2021-01-12,482,1251
9744B,VALL DE BOÍ,LLEIDA,1089,9,150.0,152,2019-20,127,127,13.0,3,28,118,12,111.0,118,0,47,36.0,-8.1,-13.6,2018-02-09,542,1318
9751,SOPEIRA,HUESCA,760,9,150.0,152,2023-24,146,146,19.0,4,31,129,12,36.0,72,0,18,29.0,-4.2,-7.8,2021-01-08,535,1344
9756X,BENABARRE,HUESCA,765,9,150.0,152,2023-24,147,147,7.0,2,19,144,10,47.0,78,0,28,28.0,-5.1,-7.8,2021-01-08,540,1349
9771C,LLEIDA,LLEIDA,186,9,146.0,150,2021-22,138,142,39.0,21,49,71,25,26.0,59,0,20,20.0,-4.2,-6.3,2017-12-06,493,1297
9772X,LA POBLA DE CÉRVOLES,LLEIDA,673,9,145.0,151,2021-22,136,145,17.0,3,40,144,11,19.0,35,0,17,25.0,-3.0,-6.2,2024-12-31,502,1302
9775X,EL SOLERÀS,LLEIDA,392,9,146.0,148,2018-19,140,147,19.0,10,43,101,16,23.0,42,0,18,22.0,-3.2,-7.0,2026-01-06,507,1308
9776D,ELS TORMS,LLEIDA,488,7,135.0,145,2021-22,129,134,10.0,5,39,50,11,13.0,29,0,12,16.0,-2.7,-6.2,2019-01-05,352,949
9784P,BIELSA,HUESCA,992,9,151.0,152,2019-20,149,150,11.0,2,21,128,12,68.0,100,0,25,44.0,-5.4,-10.0,2021-01-06,548,1356
9808X,"AÍNSA-SOBRARBE, LA SERRETA",HUESCA,610,9,150.0,152,2023-24,148,149,21.0,8,32,95,13,50.0,78,0,27,35.0,-4.6,-8.4,2021-01-08,536,1348
9814I,"TORLA-ORDESA, EL CEBOLLAR",HUESCA,1905,7,151.0,151,2020-21,140,151,0.0,0,0,151,0,88.0,109,0,33,41.0,-9.3,-13.8,2023-02-27,415,1046
9814X,TORLA - ORDESA,HUESCA,1076,8,151.0,152,2019-20,146,150,32.0,26,43,96,13,50.0,54,0,21,47.5,-5.2,-8.6,2021-01-06,486,1203
9838B,BENASQUE,HUESCA,1120,9,151.0,152,2019-20,148,151,12.0,2,24,133,11,106.0,120,0,47,38.0,-9.5,-13.8,2021-01-08,548,1356
9839V,"CERLER, COGULLA",HUESCA,2374,7,151.0,152,2023-24,139,151,0.0,0,0,152,0,118.0,129,0,70,33.0,-11.9,-17.7,2023-02-27,414,1046
9843A,SEIRA,HUESCA,825,9,151.0,152,2019-20,150,151,16.0,9,27,100,12,70.0,106,0,41,36.0,-5.3,-9.3,2021-01-08,548,1360
9855E,"CAPELLA, LAGUARRES",HUESCA,600,9,151.0,152,2023-24,144,144,17.0,3,26,143,11,61.0,100,0,35,28.0,-6.8,-10.3,2021-01-14,538,1345
9866C,BARBASTRO,HUESCA,305,9,148.0,151,2021-22,141,150,34.0,18,48,71,25,46.0,86,0,31,27.0,-6.0,-8.8,2017-12-03,519,1325
9894Y,SARIÑENA,HUESCA,300,9,147.0,148,2019-20,143,145,25.0,11,38,99,17,28.0,47,0,20,23.0,-4.4,-8.1,2021-01-11,511,1314
9898,"HUESCA, AEROPUERTO",HUESCA,546,9,147.0,151,2021-22,144,147,16.0,4,29,144,10,23.0,41,0,17,28.0,-3.7,-7.4,2021-01-12,514,1326
9901X,HUESCA,HUESCA,463,9,145.0,150,2021-22,141,142,22.0,6,34,99,14,24.0,38,0,20,30.0,-3.6,-7.6,2021-01-12,500,1307
9908X,LANAJA,HUESCA,380,9,143.0,147,2021-22,136,144,19.0,5,33,88,12,18.0,28,0,13,22.0,-2.5,-7.3,2021-01-12,486,1279
9911X,BALLOBAR,HUESCA,178,9,143.0,150,2021-22,135,139,36.0,19,49,71,25,27.0,45,0,20,19.0,-4.8,-6.8,2021-01-12,487,1279
9918Y,"TAMARITE DE LITERA, LA MELUSA",HUESCA,218,9,148.0,150,2021-22,142,142,28.0,18,46,71,25,44.0,79,0,24,23.0,-6.3,-8.2,2017-12-03,519,1320
9924X,FRAGA,HUESCA,170,9,134.0,146,2021-22,130,130,42.0,24,50,71,25,16.0,33,0,20,21.0,-4.0,-5.7,2021-01-12,450,1230
9935X,VALDERROBRES,TERUEL,483,9,148.0,152,2023-24,146,147,21.0,7,45,79,12,46.0,71,0,18,25.0,-6.3,-9.7,2021-01-12,530,1331
9946X,HORTA DE SANT JOAN,TARRAGONA,495,8,137.5,149,2021-22,131,134,22.5,11,44,102,12,14.5,25,0,9,21.5,-1.9,-4.0,2017-12-25,413,1110
9947X,LA POBLA DE MASSALUCA,TARRAGONA,370,9,134.0,147,2021-22,123,133,24.0,7,40,102,14,8.0,17,0,8,20.0,-1.0,-4.9,2023-12-28,443,1216
9961X,CABACÉS,TARRAGONA,363,9,138.0,147,2021-22,127,138,39.0,21,58,69,14,9.0,25,0,10,23.0,-1.6,-4.1,2019-01-05,457,1233
9975X,RASQUERA,TARRAGONA,112,9,133.0,142,2018-19,111,137,44.0,24,60,58,20,12.0,24,0,8,21.0,-2.8,-5.7,2025-01-15,436,1181
9981A,ESTACIÓN DE TORTOSA (ROQUETES),TARRAGONA,50,9,115.0,124,2018-19,102,122,76.0,62,100,31,26,1.0,2,4,1,21.0,1.0,-1.7,2025-01-15,327,1013
9988B,CAP DE VAQUÈIRA,LLEIDA,2467,5,151.0,152,2023-24,150,151,0.0,0,0,152,0,127.0,133,0,74,0.0,-14.3,-18.7,2023-02-27,304,755
9990X,"NAUT ARAN, ARTIES ",LLEIDA,1161,9,151.0,152,2019-20,129,129,10.0,3,19,125,5,78.0,106,0,43,45.0,-10.2,-13.5,2017-12-03,510,1317
9994X,BOSSÒST,LLEIDA,722,8,149.0,151,2018-19,146,146,29.0,10,35,64,10,60.0,87,0,32,45.0,-6.8,-10.5,2021-01-06,478,1192
9995Y,VALCARLOS/LUZAIDE,NAVARRA,334,9,129.0,137,2018-19,121,129,33.0,13,43,68,10,10.0,22,0,7,61.0,-1.6,-7.3,2018-02-27,450,1161
9998X,BELLO,TERUEL,1006,9,150.0,151,2017-18,147,151,11.0,4,24,144,7,78.0,96,0,40,26.0,-11.3,-25.4,2021-01-12,539,1345
B013X,"ESCORCA, LLUC",ILLES BALEARS,490,9,136.0,146,2018-19,126,134,27.0,13,67,65,14,13.0,32,0,8,34.0,-2.2,-4.4,2019-01-25,450,1224
B051A,"SÓLLER, PUERTO",BALEARES,5,6,65.5,84,2021-22,61,61,59.5,23,69,50,21,0.0,0,6,0,26.5,5.1,3.5,2023-02-27,88,406
B087X,BANYALBUFAR,ILLES BALEARS,60,9,55.0,70,2018-19,41,42,49.0,22,70,52,20,0.0,0,9,0,30.0,4.8,3.7,2018-02-13,99,494
B103B,ANDRATX - SANT ELM,BALEARES,52,8,102.0,124,2018-19,84,84,47.0,23,68,47,21,0.0,0,8,0,22.5,2.7,0.1,2021-01-06,254,821
B158X,"CALVIÀ, ES CAPDELLÀ",BALEARES,50,9,112.0,134,2018-19,86,103,73.0,37,85,33,25,0.0,2,6,2,27.0,1.1,-0.9,2019-02-16,334,999
B228,"PALMA, PUERTO",BALEARES,3,9,58.0,96,2018-19,36,47,77.0,45,107,31,24,0.0,0,9,0,30.0,4.7,2.7,2018-02-11,130,555
B236C,"PALMA, UNIVERSITAT",ILLES BALEARS,95,9,131.0,141,2017-18,123,131,68.0,42,84,25,25,4.0,15,2,5,32.0,-0.6,-2.5,2018-02-11,423,1175
B248,"SIERRA DE ALFABIA, BUNYOLA",ILLES BALEARS,1030,9,136.0,150,2017-18,115,118,3.0,1,13,147,3,1.0,26,4,8,37.0,-2.2,-3.9,2018-02-27,464,1195
B275E,"SON BONET, AEROPUERTO",BALEARES,47,5,95.0,102,2021-22,88,95,62.0,31,84,26,21,0.0,0,5,0,28.0,2.4,0.9,2022-01-18,123,475
B278,"PALMA DE MALLORCA, AEROPUERTO",BALEARES,5,9,118.0,139,2018-19,106,114,64.0,35,86,39,22,6.0,11,1,5,30.0,-0.2,-2.4,2021-01-06,364,1078
B301,"LLUCMAJOR, CAP BLANC",BALEARES,113,9,70.0,91,2017-18,50,63,53.0,25,86,33,25,0.0,0,9,0,23.0,3.2,1.6,2017-12-02,186,644
B334X,LLUCMAJOR,ILLES BALEARS,140,9,106.0,132,2018-19,101,104,59.0,26,81,39,21,0.0,1,8,1,26.0,2.0,-0.2,2021-01-06,307,999
B362X,"CAMPOS, CAN SION",ILLES BALEARS,40,9,133.0,140,2017-18,118,130,78.0,25,92,36,33,13.0,23,0,9,26.0,-2.1,-3.8,2022-01-17,425,1182
B373X,"CAMPOS, SALINES LLEVANT",ILLES BALEARS,3,9,119.0,131,2018-19,106,114,57.0,26,70,39,21,10.0,19,0,7,26.0,-1.6,-3.9,2021-01-06,360,1064
B410B,SANTANYÍ,BALEARES,45,9,91.0,116,2018-19,81,91,54.0,23,79,40,33,0.0,0,9,0,23.0,2.9,0.1,2023-02-27,241,852
B434X,PORTOCOLOM  ,ILLES BALEARS,17,8,72.0,91,2017-18,57,66,54.5,29,75,52,21,0.0,0,8,0,27.5,4.2,1.2,2023-02-27,143,585
B496X,SON SERVERA,ILLES BALEARS,25,9,108.0,127,2018-19,94,108,70.0,44,94,32,35,0.0,1,8,1,29.0,2.4,-0.1,2021-01-05,296,985
B526X,ARTÀ,ILLES BALEARS,110,9,117.0,129,2017-18,107,118,60.0,33,94,34,21,1.0,2,4,2,26.0,1.1,-1.4,2021-01-06,337,1046
B569X,CAPDEPERA,BALEARES,57,8,18.5,68,2017-18,6,17,77.0,45,94,18,22,0.0,0,8,0,31.0,4.4,2.2,2018-02-27,42,204
B603X,ARTÀ-COLÒNIA DE SANT PERE,ILLES BALEARS,99,9,64.0,94,2017-18,52,60,51.0,23,74,37,20,0.0,0,9,0,28.0,4.1,3.0,2017-12-02,158,622
B605X,"MURO, S'ALBUFERA",ILLES BALEARS,2,9,113.0,131,2018-19,99,113,66.0,38,89,24,22,1.0,4,4,2,32.0,0.6,-1.3,2022-01-18,331,1040
B614E,MANACOR,ILLES BALEARS,100,9,113.0,127,2018-19,103,116,57.0,22,84,34,22,1.0,4,3,3,30.0,0.6,-2.2,2021-01-06,341,1029
B644B,SINEU,ILLES BALEARS,120,9,114.0,136,2018-19,103,103,55.0,24,84,29,21,1.0,4,3,2,29.0,0.2,-1.8,2021-01-06,344,1039
B656A,SANTA MARÍA DEL CAMÍ,BALEARES,121,9,114.0,141,2018-19,105,107,60.0,26,84,38,25,4.0,10,3,3,31.0,-0.3,-2.6,2018-02-24,368,1064
B662X,BINISSALEM,ILLES BALEARS,105,9,119.0,133,2017-18,107,113,59.0,32,82,53,13,5.0,15,0,5,25.0,-1.3,-2.9,2022-01-17,356,1067
B684A,"ESCORCA, SON TORRELLA",ILLES BALEARS,842,9,145.0,148,2018-19,138,142,4.0,3,14,146,5,27.0,42,0,12,38.0,-3.5,-5.3,2018-02-11,512,1298
B691Y,SA POBLA,BALEARES,32,9,113.0,137,2018-19,95,112,75.0,40,93,24,22,1.0,4,2,2,30.0,0.4,-1.5,2022-01-30,348,1043
B760X,POLLENÇA,ILLES BALEARS,45,9,111.0,128,2017-18,99,110,83.0,48,99,23,26,0.0,1,7,1,34.0,2.0,-0.6,2019-02-13,306,1014
B780X,PORT DE POLLENÇA,ILLES BALEARS,2,9,100.0,121,2017-18,81,91,77.0,58,105,23,22,0.0,0,9,0,32.0,2.2,0.1,2022-01-18,252,912
B800X,"LA MOLA, MAÓ",ILLES BALEARS,78,8,52.5,65,2017-18,35,64,44.0,13,61,48,11,0.0,0,8,0,26.0,5.9,1.9,2018-03-20,90,418
B825B,ES MERCADAL,ILLES BALEARS,80,9,75.0,95,2017-18,61,75,33.0,11,60,55,16,0.0,0,9,0,31.0,4.2,1.5,2018-03-20,188,699
B860X,CIUTADELLA,ILLES BALEARS,20,9,82.0,105,2018-19,70,70,50.0,20,71,43,20,0.0,0,9,0,29.0,3.8,0.8,2023-02-11,223,764
B870C,"CIUTADELLA, CALA GALDANA",BALEARES,43,9,105.0,126,2017-18,88,88,48.0,24,72,47,20,0.0,2,5,2,31.0,1.2,-1.5,2021-01-06,308,971
B893,"MENORCA, AEROPUERTO",BALEARES,91,9,100.0,115,2018-19,91,100,42.0,16,50,64,19,0.0,1,8,1,32.0,1.8,-0.6,2021-01-06,265,909
B908X,SANT JOAN DE LABRITJA,ILLES BALEARS,110,9,116.0,132,2017-18,115,116,67.0,30,108,26,22,8.0,14,2,6,31.0,-0.7,-3.5,2021-01-06,351,1069
B925,SANT ANTONI DE PORTMANY,BALEARES,32,8,102.0,115,2018-19,87,93,74.5,37,88,32,25,0.5,2,4,2,23.0,1.1,-1.3,2021-01-06,246,812
B954,"IBIZA, AEROPUERTO",ILLES BALEARS,6,9,88.0,111,2018-19,71,83,53.0,24,84,45,33,0.0,0,9,0,23.0,2.2,0.0,2021-01-06,215,807
B957,EIVISSA,BALEARES,3,9,101.0,124,2018-19,84,84,80.0,47,110,23,33,0.0,1,7,1,19.0,1.4,-0.6,2021-01-06,273,912
B986,FORMENTERA,BALEARES,24,9,64.0,97,2018-19,55,55,78.0,52,108,32,33,0.0,0,9,0,23.0,3.0,0.5,2019-01-12,148,614
C018J,TÍAS,LAS PALMAS,376,9,3.0,7,2017-18,0,3,121.0,84,147,20,91,0.0,0,9,0,18.0,10.0,6.8,2018-02-08,6,30
C019V,YAIZA PLAYA BLANCA,LAS PALMAS,6,9,0.0,0,2017-18,0,0,150.0,143,151,4,151,0.0,0,9,0,7.0,11.4,10.0,2018-01-30,0,0
C029O,LANZAROTE AEROPUERTO,LAS PALMAS,14,9,0.0,4,2017-18,0,0,150.0,147,152,2,152,0.0,0,9,0,9.0,11.2,7.6,2018-02-07,1,5
C038N,HARÍA,LAS PALMAS,277,9,5.0,11,2017-18,0,3,122.0,92,148,22,90,0.0,0,9,0,14.0,9.5,7.9,2023-02-16,3,44
C048W,TINAJO,LAS PALMAS,275,9,3.0,12,2017-18,0,3,114.0,92,146,20,74,0.0,0,9,0,13.0,9.4,7.6,2018-02-08,2,39
C101A,ROQUE DE LOS MUCHACHOS,SANTA CRUZ DE TENERIFE,2223,7,144.0,147,2021-22,132,147,3.0,0,14,151,5,22.0,26,0,11,30.0,-2.7,-4.1,2021-01-11,370,988
C117A,PUNTAGORDA,STA. CRUZ DE TENERIFE,684,9,48.0,64,2025-26,4,64,69.0,48,124,55,38,0.0,0,9,0,29.0,8.0,5.5,2021-02-05,139,401
C117Z,TIJARAFE,STA. CRUZ DE TENERIFE,733,9,23.0,44,2017-18,2,38,72.0,56,121,47,28,0.0,0,9,0,19.0,8.6,5.5,2021-02-05,86,236
C126A,EL PASO,STA. CRUZ DE TENERIFE,844,9,89.0,115,2025-26,75,115,71.0,27,110,56,23,0.0,0,9,0,29.0,4.6,2.2,2026-01-26,296,852
C129V,FUENCALIENTE,STA. CRUZ DE TENERIFE,19,9,0.0,0,2017-18,0,0,150.0,147,152,1,152,0.0,0,9,0,20.0,14.4,11.8,2021-02-05,0,0
C129Z,TAZACORTE,SANTA CRUZ DE TENERIFE,62,8,0.0,0,2017-18,0,0,150.0,133,151,1,147,0.0,0,8,0,8.5,13.9,11.2,2021-02-05,0,0
C139E,LA PALMA AEROPUERTO,SANTA CRUZ DE TENERIFE,33,9,0.0,0,2017-18,0,0,150.0,147,152,1,152,0.0,0,9,0,30.0,13.9,11.0,2021-02-05,0,0
C148F,SAN ANDRÉS Y SAUCES,STA. CRUZ DE TENERIFE,362,8,0.0,2,2020-21,0,2,104.0,87,138,23,38,0.0,0,8,0,51.0,10.9,8.2,2021-02-05,2,5
C229J,PÁJARA,LAS PALMAS,15,9,0.0,0,2017-18,0,0,149.0,135,152,2,152,0.0,0,9,0,7.0,13.1,10.2,2018-02-08,0,0
C239N,"TUINEJE,PUERTO GRAN TARAJAL",LAS PALMAS,1,9,1.0,4,2019-20,0,0,151.0,145,152,2,152,0.0,0,9,0,6.0,11.1,9.0,2018-01-31,0,10
C248E,ANTIGUA,LAS PALMAS,252,9,6.0,14,2017-18,1,9,141.0,99,152,5,152,0.0,0,9,0,11.0,8.6,7.3,2018-01-29,8,60
C249I,FUERTEVENTURA AEROPUERTO,LAS PALMAS,25,9,0.0,1,2017-18,0,0,150.0,145,152,1,152,0.0,0,9,0,7.0,12.5,9.5,2018-02-08,0,1
C258K,LA OLIVA,LAS PALMAS,217,9,4.0,12,2017-18,1,9,141.0,118,152,15,152,0.0,0,9,0,12.0,9.2,7.6,2020-01-22,6,53
C314Z,"VALLEHERMOSO, ALTO IGUALERO  ",STA. CRUZ DE TENERIFE,1474,8,111.5,131,2021-22,87,113,19.0,10,46,76,14,0.0,0,8,0,35.5,2.5,0.9,2026-03-03,354,891
C316I,ARURE,STA. CRUZ DE TENERIFE,916,8,76.5,92,2025-26,34,92,53.0,37,88,56,19,0.0,0,8,0,42.0,7.2,4.7,2021-02-05,209,573
C317B,AGULO,STA. CRUZ DE TENERIFE,765,9,39.0,58,2025-26,7,58,70.0,44,115,34,38,0.0,0,9,0,32.0,8.3,6.2,2021-02-05,108,336
C319W,"VALLEHERMOSO, DAMA",STA. CRUZ DE TENERIFE,190,9,0.0,2,2017-18,0,0,151.0,148,152,1,152,0.0,0,9,0,14.0,11.1,9.6,2018-02-14,0,3
C328W,HERMIGUA,STA. CRUZ DE TENERIFE,252,9,4.0,14,2018-19,0,4,136.0,105,151,19,121,0.0,0,9,0,23.0,9.3,8.2,2019-02-09,3,37
C329B,"LA GOMERA, AEROPUERTO",STA. CRUZ DE TENERIFE,219,9,0.0,0,2017-18,0,0,150.0,146,152,1,152,0.0,0,9,0,12.0,13.4,10.8,2021-02-05,0,0
C329Z,SAN SEBASTIÁN DE LA GOMERA,STA. CRUZ DE TENERIFE,15,8,0.0,0,2017-18,0,0,150.5,148,152,1,152,0.0,0,8,0,14.5,14.2,12.1,2021-02-05,0,0
C406G,"LA OROTAVA, CAÑADAS TEIDE",STA. CRUZ DE TENERIFE,2150,9,145.0,151,2018-19,128,139,26.0,11,54,117,12,33.0,55,0,25,10.0,-4.0,-8.5,2020-01-22,521,1276
C419L,LOMO DEL BALO,SANTA CRUZ DE TENERIFE,403,8,0.0,2,2021-22,0,0,144.5,133,152,4,152,0.0,0,8,0,10.5,11.1,9.2,2022-03-15,2,3
C419X,ADEJE,STA. CRUZ DE TENERIFE,130,9,0.0,1,2025-26,0,1,151.0,150,152,1,152,0.0,0,9,0,9.0,12.1,8.6,2025-12-13,0,1
C428T,ARICO,STA. CRUZ DE TENERIFE,418,9,0.0,6,2017-18,0,1,139.0,125,150,5,100,0.0,0,9,0,11.0,10.0,9.3,2018-02-08,1,10
C429I,TENERIFE SUR AEROPUERTO,SANTA CRUZ DE TENERIFE,64,9,0.0,0,2017-18,0,0,151.0,148,152,1,152,0.0,0,9,0,7.0,12.4,10.3,2025-02-10,0,0
C430E,IZAÑA,SANTA CRUZ DE TENERIFE,2369,9,150.0,151,2017-18,145,145,1.0,0,4,151,3,38.0,46,0,19,17.0,-4.2,-6.3,2018-01-30,530,1339
C438N,CANDELARIA,STA. CRUZ DE TENERIFE,463,9,10.0,26,2017-18,0,18,121.0,96,147,13,79,0.0,0,9,0,16.0,9.1,8.0,2018-03-23,32,112
C439J,GÜÍMAR,SANTA CRUZ DE TENERIFE,115,9,0.0,1,2017-18,0,0,150.0,147,152,1,152,0.0,0,9,0,12.0,11.2,9.7,2018-01-30,0,1
C446G,"SAN CRISTÓBAL DE LA LAGUNA,LLANO DE LOS LOROS",STA. CRUZ DE TENERIFE,868,9,90.0,97,2018-19,46,85,67.0,44,98,37,24,0.0,0,9,0,53.0,6.3,4.0,2021-02-05,239,736
C447A,TENERIFE NORTE AEROPUERTO,SANTA CRUZ DE TENERIFE,632,9,30.0,44,2025-26,3,44,65.0,52,110,38,38,0.0,0,9,0,36.0,8.0,4.5,2026-02-21,75,273
C449C,STA.CRUZ DE TENERIFE,SANTA CRUZ DE TENERIFE,36,9,0.0,0,2017-18,0,0,151.0,149,152,1,152,0.0,0,9,0,22.0,13.7,11.8,2021-02-05,0,0
C449F,ANAGA ,STA. CRUZ DE TENERIFE,19,9,0.0,0,2017-18,0,0,151.0,144,152,2,152,0.0,0,9,0,27.0,12.7,11.2,2020-01-22,0,0
C457I,LA VICTORIA DE ACENTEJO,STA. CRUZ DE TENERIFE,567,9,49.0,70,2018-19,13,53,91.0,50,119,26,50,0.0,0,9,0,37.0,7.5,6.2,2018-03-23,109,434
C458A,TACORONTE,STA. CRUZ DE TENERIFE,310,9,1.0,5,2020-21,0,3,136.0,108,148,10,118,0.0,0,9,0,32.0,10.4,8.6,2021-02-04,0,15
C459Z,PUERTO DE LA CRUZ,STA. CRUZ DE TENERIFE,25,9,0.0,0,2017-18,0,0,151.0,146,152,1,152,0.0,0,9,0,25.0,13.5,11.7,2018-01-30,0,0
C468X,SAN JUAN DE LA RAMBLA,STA. CRUZ DE TENERIFE,667,7,61.0,81,2020-21,20,79,62.0,44,109,37,39,0.0,0,7,0,32.0,7.2,5.8,2021-02-05,140,409
C611E,VEGA DE SAN MATEO,LAS PALMAS,1702,9,126.0,144,2021-22,124,138,21.0,10,45,78,11,2.0,5,2,2,39.0,0.3,-1.8,2020-01-22,431,1167
C612F,"TEJEDA, CRUZ DE TEJEDA",LAS PALMAS,1514,9,118.0,124,2021-22,95,123,24.0,13,51,63,13,0.0,0,9,0,32.0,1.5,0.1,2018-02-08,380,1028
C614H,TEJEDA,LAS PALMAS,1060,9,64.0,88,2025-26,29,88,83.0,64,119,38,38,0.0,0,9,0,25.0,6.2,3.9,2018-02-08,179,563
C619X,AGAETE,LAS PALMAS,5,9,0.0,0,2017-18,0,0,150.0,142,152,4,152,0.0,0,9,0,19.0,14.0,12.3,2018-02-08,0,0
C619Y,LA ALDEA DE SAN NICOLÁS,LAS PALMAS,13,9,11.0,34,2018-19,2,15,151.0,148,151,1,151,0.0,0,9,0,14.0,8.2,6.2,2019-02-07,2,126
C623I,"SAN BARTOLOME TIRAJANA, CUEVAS DEL PINAR",LAS PALMAS,1220,9,90.0,97,2021-22,50,97,44.0,36,85,71,29,0.0,0,9,0,16.0,4.8,3.1,2018-02-08,256,742
C625O,"SAN BARTOLOME TIRAJANA, LOMO PEDRO ALFONSO",LAS PALMAS,806,9,33.0,48,2017-18,5,44,115.0,92,141,19,55,0.0,0,9,0,14.0,7.8,6.6,2018-02-08,93,282
C628B,"LA ALDEA DE SAN NICOLÁS, TASARTE",LAS PALMAS,318,9,0.0,0,2017-18,0,0,145.0,128,152,8,152,0.0,0,9,0,10.0,11.3,10.1,2026-01-09,0,0
C629Q,"MOGÁN, PUERTO RICO",LAS PALMAS,10,9,0.0,0,2017-18,0,0,151.0,147,152,2,152,0.0,0,9,0,5.0,14.4,13.2,2021-02-05,0,0
C629X,"MOGÁN, PUERTO",LAS PALMAS,10,9,0.0,0,2017-18,0,0,149.0,148,152,1,152,0.0,0,9,0,5.0,13.2,11.9,2021-01-18,0,0
C635B,"SAN BARTOLOME TIRAJANA, LAS TIRAJANAS",LAS PALMAS,960,9,77.0,84,2017-18,36,84,106.0,78,133,21,67,0.0,0,9,0,13.0,6.0,4.9,2019-01-11,203,635
C639M,"MASPALOMAS, C. INSULAR TURISMO ",LAS PALMAS,45,9,0.0,0,2017-18,0,0,150.0,148,151,1,151,0.0,0,9,0,7.0,13.5,12.0,2018-01-31,0,0
C639U,"SAN BARTOLOME TIRAJANA, EL MATORRAL",LAS PALMAS,41,9,0.0,1,2017-18,0,0,151.0,147,152,1,152,0.0,0,9,0,8.0,12.2,9.4,2018-01-31,0,1
C648C,AGÜIMES,LAS PALMAS,306,9,0.0,2,2017-18,0,1,145.0,124,150,5,128,0.0,0,9,0,21.0,10.9,8.9,2018-02-08,0,3
C648N,"TELDE, CENTRO FORESTAL DORAMAS",LAS PALMAS,344,9,4.0,6,2017-18,0,6,121.0,102,145,19,50,0.0,0,9,0,27.0,10.1,8.8,2019-01-10,3,34
C649I,GRAN CANARIA AEROPUERTO,LAS PALMAS,24,9,0.0,0,2017-18,0,0,147.0,140,150,1,111,0.0,0,9,0,13.0,13.1,10.6,2018-02-08,0,0
C649R,"TELDE, MELENARA",LAS PALMAS,9,9,0.0,2,2019-20,0,0,151.0,143,152,2,152,0.0,0,9,0,12.0,11.6,9.8,2020-01-16,0,2
C656V,TEROR,LAS PALMAS,683,9,74.0,106,2018-19,50,77,82.0,61,111,26,38,0.0,0,9,0,40.0,6.1,3.4,2019-01-10,202,676
C658L,LAS PALMAS DE G.C. (TAFIRA CMT),LAS PALMAS,269,9,0.0,2,2025-26,0,2,127.0,95,151,21,118,0.0,0,9,0,25.0,11.1,9.4,2025-12-13,0,2
C658X,"LAS PALMAS DE GRAN CANARIA, TAFIRA",LAS PALMAS,269,9,0.0,1,2017-18,0,0,121.0,85,147,14,62,0.0,0,9,0,25.0,10.8,9.6,2018-02-08,0,3
C659H,"LAS PALMAS DE GRAN CANARIA, SAN CRISTOBAL",LAS PALMAS,55,7,0.0,0,2017-18,0,0,144.0,138,149,3,145,0.0,0,7,0,18.0,12.9,10.5,2018-02-08,0,0
C659M,"LAS PALMAS DE GRAN CANARIA, PL. DE LA FERIA",LAS PALMAS,15,9,0.0,0,2017-18,0,0,149.0,128,152,3,152,0.0,0,9,0,18.0,14.1,12.1,2018-02-08,0,0
C665T,VALLESECO,LAS PALMAS,900,9,85.0,108,2018-19,45,85,62.0,41,94,28,29,0.0,0,9,0,45.0,6.4,4.4,2019-02-08,256,745
C668V,AGAETE - SUERTE ALTA,LAS PALMAS,352,9,1.0,2,2017-18,0,2,117.0,90,142,20,50,0.0,0,9,0,28.0,10.8,8.8,2018-02-08,2,7
C669B,ARUCAS,LAS PALMAS,86,9,0.0,0,2017-18,0,0,150.0,133,152,8,152,0.0,0,9,0,20.0,12.5,10.4,2019-02-26,0,0
C839X,LA GRACIOSA,LAS PALMAS,19,9,0.0,2,2017-18,0,0,149.0,118,152,2,152,0.0,0,9,0,13.0,11.4,9.5,2018-02-08,1,3
C916Q,"EL PINAR, DEPÓSITO",STA. CRUZ DE TENERIFE,948,9,101.0,114,2018-19,66,100,47.0,23,82,60,18,0.0,0,9,0,38.0,4.9,3.1,2023-02-02,296,863
C917E,"EL PINAR, LA DEHESA",STA. CRUZ DE TENERIFE,713,9,24.0,37,2017-18,1,33,72.0,43,98,48,40,0.0,0,9,0,39.0,8.6,7.0,2021-02-05,74,215
C919K,TACORON-LAPILLAS-TORTUGA,STA. CRUZ DE TENERIFE,98,9,0.0,0,2017-18,0,0,149.0,123,152,1,152,0.0,0,9,0,10.0,14.2,12.2,2018-02-23,0,0
C925F,"SAN ANDRÉS, VALVERDE",STA. CRUZ DE TENERIFE,1070,8,116.0,132,2021-22,98,125,30.0,16,54,60,14,0.0,0,8,0,46.0,3.9,1.6,2026-01-26,315,937
C928I,VALVERDE,STA. CRUZ DE TENERIFE,670,6,8.0,13,2020-21,1,11,36.0,32,82,61,22,0.0,0,6,0,33.0,9.6,7.2,2021-02-05,19,48
C929I,HIERRO AEROPUERTO,SANTA CRUZ DE TENERIFE,32,9,0.0,0,2017-18,0,0,151.0,149,152,1,152,0.0,0,9,0,17.0,14.9,12.5,2021-02-05,0,0
C939T,"FRONTERA, SABINOSA",STA. CRUZ DE TENERIFE,20,9,0.0,0,2017-18,0,0,151.0,148,152,2,152,0.0,0,9,0,20.0,14.2,12.4,2021-02-05,0,0
