indicativo,nombre,provincia,altitud_m,anio,dias_con_dato,noches_trop,noches_trop_jja,noches_ecua,noches_sobre_22,racha_max,tmin_minima,tmin_minima_fecha,tmin_maxima,tmin_maxima_fecha,tmin_p95,primera_trop,ultima_trop
0002I,VANDELLÒS,TARRAGONA,32.0,2018,363,79,64,4,37,24,0.5,2018-02-28,26.1,2018-08-08,22.8,2018-06-22,2018-09-22
0002I,VANDELLÒS,TARRAGONA,32.0,2019,364,69,60,2,29,16,3.0,2019-01-11,25.5,2019-08-10,22.8,2019-06-25,2019-10-13
0009X,ALFORJA,TARRAGONA,406.0,2017,365,5,5,0,0,3,-3.8,2017-01-18,21.8,2017-07-13,18.8,2017-07-13,2017-08-07
0009X,ALFORJA,TARRAGONA,406.0,2018,362,7,6,0,3,2,-1.5,2018-02-08,22.9,2018-08-08,18.5,2018-07-29,2018-09-03
0009X,ALFORJA,TARRAGONA,406.0,2019,364,4,4,0,1,2,-1.4,2019-01-11,22.7,2019-08-10,18.1,2019-08-07,2019-08-18
0009X,ALFORJA,TARRAGONA,406.0,2020,357,4,4,0,0,1,-0.7,2020-01-02,20.5,2020-08-22,18.3,2020-08-08,2020-08-22
0009X,ALFORJA,TARRAGONA,406.0,2021,307,1,1,0,0,1,-2.3,2021-01-06,21.2,2021-08-15,18.0,2021-08-15,2021-08-15
0009X,ALFORJA,TARRAGONA,406.0,2022,360,10,8,0,0,2,-2.8,2022-01-23,21.8,2022-09-05,19.7,2022-06-20,2022-09-05
0009X,ALFORJA,TARRAGONA,406.0,2023,351,15,14,0,5,4,-1.3,2023-01-23,22.6,2023-07-15,19.8,2023-07-14,2023-09-04
0009X,ALFORJA,TARRAGONA,406.0,2024,333,3,3,0,0,1,-0.5,2024-12-31,20.5,2024-08-13,18.6,2024-07-19,2024-08-28
0009X,ALFORJA,TARRAGONA,406.0,2025,365,13,13,0,1,4,-2.7,2025-01-15,22.7,2025-08-11,19.4,2025-07-01,2025-08-18
0016A,REUS AEROPUERTO,TARRAGONA,71.0,2017,365,59,57,0,30,16,-5.3,2017-01-18,24.5,2017-08-07,22.7,2017-06-15,2017-09-06
0016A,REUS AEROPUERTO,TARRAGONA,71.0,2018,365,60,54,3,23,22,-3.4,2018-02-09,25.7,2018-08-08,22.2,2018-06-23,2018-09-15
0016A,REUS AEROPUERTO,TARRAGONA,71.0,2019,365,42,40,0,20,11,-2.7,2019-01-11,24.7,2019-08-07,22.2,2019-06-29,2019-09-02
0016A,REUS AEROPUERTO,TARRAGONA,71.0,2020,366,36,36,0,10,9,-1.7,2020-01-04,23.2,2020-08-26,21.5,2020-06-28,2020-08-27
0016A,REUS AEROPUERTO,TARRAGONA,71.0,2021,364,40,30,0,5,6,-5.1,2021-01-06,23.3,2021-08-23,21.3,2021-06-19,2021-09-25
0016A,REUS AEROPUERTO,TARRAGONA,71.0,2022,365,57,48,0,25,18,-3.4,2022-01-16,24.1,2022-07-29,22.4,2022-06-18,2022-09-13
0016A,REUS AEROPUERTO,TARRAGONA,71.0,2023,365,57,51,0,33,19,-4.0,2023-01-23,24.5,2023-07-15,23.3,2023-06-17,2023-09-17
0016A,REUS AEROPUERTO,TARRAGONA,71.0,2024,365,47,45,0,12,18,-2.4,2024-01-13,23.1,2024-08-13,21.7,2024-06-08,2024-09-08
0016A,REUS AEROPUERTO,TARRAGONA,71.0,2025,364,77,65,2,30,23,-2.9,2025-01-14,25.7,2025-07-19,22.7,2025-06-08,2025-09-28
0016B,REUS (CENTRE LECTURA),TARRAGONA,118.0,2017,365,71,67,3,53,18,0.2,2017-01-18,25.8,2017-08-03,23.3,2017-06-03,2017-09-08
0016B,REUS (CENTRE LECTURA),TARRAGONA,118.0,2018,365,92,69,7,51,32,1.2,2018-02-28,27.8,2018-08-05,23.5,2018-06-19,2018-09-30
0016B,REUS (CENTRE LECTURA),TARRAGONA,118.0,2019,365,76,63,0,45,18,2.1,2019-01-11,25.0,2019-07-23,23.5,2019-06-25,2019-10-13
0016B,REUS (CENTRE LECTURA),TARRAGONA,118.0,2020,366,77,61,4,50,23,3.7,2020-01-01,25.6,2020-08-01,24.3,2020-05-02,2020-09-24
0016B,REUS (CENTRE LECTURA),TARRAGONA,118.0,2021,352,70,52,0,44,14,1.8,2021-01-11,24.7,2021-08-14,23.2,2021-06-27,2021-09-28
0016B,REUS (CENTRE LECTURA),TARRAGONA,118.0,2022,364,113,82,20,73,42,3.0,2022-04-03,27.3,2022-08-14,25.1,2022-05-19,2022-10-23
0016B,REUS (CENTRE LECTURA),TARRAGONA,118.0,2023,365,100,70,12,61,24,2.0,2023-03-01,27.9,2023-08-22,24.6,2023-06-09,2023-10-18
0016B,REUS (CENTRE LECTURA),TARRAGONA,118.0,2024,366,72,65,8,52,22,4.6,2024-01-13,26.6,2024-08-01,24.4,2024-06-07,2024-10-16
0016B,REUS (CENTRE LECTURA),TARRAGONA,118.0,2025,334,101,81,16,63,31,3.3,2025-01-14,27.9,2025-08-11,24.8,2025-05-31,2025-10-22
0034X,VALLS,TARRAGONA,233.0,2017,365,20,19,0,2,8,-3.6,2017-01-17,22.9,2017-07-14,20.2,2017-06-25,2017-09-06
0034X,VALLS,TARRAGONA,233.0,2018,364,20,17,0,2,5,-2.6,2018-02-09,23.2,2018-08-08,20.1,2018-07-16,2018-09-03
0034X,VALLS,TARRAGONA,233.0,2019,365,20,20,0,3,5,-1.8,2019-02-17,23.2,2019-08-07,20.1,2019-07-06,2019-08-27
0034X,VALLS,TARRAGONA,233.0,2020,366,16,16,0,1,4,-1.7,2020-01-13,22.5,2020-08-22,19.9,2020-06-30,2020-08-27
0034X,VALLS,TARRAGONA,233.0,2021,365,18,12,0,0,4,-2.7,2021-01-05,21.8,2021-08-07,20.0,2021-07-03,2021-09-14
0034X,VALLS,TARRAGONA,233.0,2022,365,27,22,0,1,9,-3.3,2022-01-23,22.1,2022-07-30,20.4,2022-06-20,2022-09-13
0034X,VALLS,TARRAGONA,233.0,2023,365,34,33,0,14,7,-2.5,2023-01-23,23.7,2023-07-24,21.7,2023-06-22,2023-09-04
0034X,VALLS,TARRAGONA,233.0,2024,366,23,23,0,1,6,-0.9,2024-12-29,22.3,2024-08-18,20.3,2024-06-08,2024-08-28
0034X,VALLS,TARRAGONA,233.0,2025,364,32,27,0,4,7,-3.5,2025-01-15,23.5,2025-07-19,20.7,2025-06-29,2025-09-16
0042Y,TARRAGONA,TARRAGONA,55.0,2017,365,61,59,0,35,17,-2.8,2017-01-18,24.6,2017-08-03,22.8,2017-06-14,2017-09-06
0042Y,TARRAGONA,TARRAGONA,55.0,2018,363,74,60,2,31,21,-0.1,2018-02-13,27.2,2018-08-08,22.5,2018-06-22,2018-09-23
0042Y,TARRAGONA,TARRAGONA,55.0,2019,365,61,54,0,25,14,-1.0,2019-01-11,24.9,2019-08-07,22.6,2019-06-29,2019-10-13
0042Y,TARRAGONA,TARRAGONA,55.0,2020,366,55,54,0,25,19,1.6,2020-12-27,24.7,2020-08-14,22.3,2020-06-23,2020-09-16
0042Y,TARRAGONA,TARRAGONA,55.0,2021,365,69,56,0,25,13,-0.2,2021-01-11,24.0,2021-08-15,22.3,2021-06-12,2021-09-25
0042Y,TARRAGONA,TARRAGONA,55.0,2022,365,77,63,1,39,36,0.3,2022-01-06,25.1,2022-07-29,23.2,2022-06-08,2022-10-17
0042Y,TARRAGONA,TARRAGONA,55.0,2023,365,76,61,6,41,23,-0.6,2023-01-23,25.7,2023-07-15,24.0,2023-06-18,2023-10-06
0042Y,TARRAGONA,TARRAGONA,55.0,2024,346,55,49,0,29,22,2.3,2024-01-13,24.4,2024-07-19,22.7,2024-06-08,2024-10-15
0042Y,TARRAGONA,TARRAGONA,55.0,2025,365,76,66,3,30,18,1.5,2025-11-27,26.1,2025-07-19,22.7,2025-06-05,2025-09-20
0061X,PONTONS,BARCELONA,632.0,2017,316,1,1,0,0,1,-5.8,2017-01-17,20.3,2017-06-23,15.3,2017-06-23,2017-06-23
0061X,PONTONS,BARCELONA,632.0,2018,357,2,2,0,0,1,-4.3,2018-02-13,21.2,2018-08-08,16.9,2018-08-04,2018-08-08
0061X,PONTONS,BARCELONA,632.0,2019,325,1,1,0,0,1,-3.1,2019-01-04,20.1,2019-08-07,17.0,2019-08-07,2019-08-07
0061X,PONTONS,BARCELONA,632.0,2020,365,0,0,0,0,0,-3.1,2020-01-01,19.5,2020-08-09,16.6,,
0061X,PONTONS,BARCELONA,632.0,2021,364,0,0,0,0,0,-4.4,2021-01-06,19.2,2021-08-15,16.5,,
0061X,PONTONS,BARCELONA,632.0,2022,364,3,3,0,0,2,-3.8,2022-01-23,20.6,2022-08-12,17.8,2022-08-03,2022-08-13
0061X,PONTONS,BARCELONA,632.0,2023,365,7,6,0,0,4,-3.7,2023-02-11,21.6,2023-08-23,18.4,2023-07-21,2023-09-04
0061X,PONTONS,BARCELONA,632.0,2024,364,0,0,0,0,0,-2.5,2024-01-09,19.7,2024-07-19,16.9,,
0061X,PONTONS,BARCELONA,632.0,2025,328,3,3,0,0,1,-3.9,2025-01-13,20.5,2025-07-19,17.5,2025-07-02,2025-08-11
0066X,VILAFRANCA DEL PENEDÈS,BARCELONA,177.0,2017,365,22,22,0,5,8,-3.8,2017-01-18,23.1,2017-07-14,20.2,2017-06-16,2017-08-29
0066X,VILAFRANCA DEL PENEDÈS,BARCELONA,177.0,2018,361,26,23,0,5,8,-2.4,2018-02-09,23.1,2018-08-07,20.3,2018-07-07,2018-09-22
0066X,VILAFRANCA DEL PENEDÈS,BARCELONA,177.0,2019,364,17,16,0,3,3,-3.2,2019-01-12,23.6,2019-08-07,19.8,2019-06-26,2019-09-02
0066X,VILAFRANCA DEL PENEDÈS,BARCELONA,177.0,2020,361,20,20,0,2,5,-1.9,2020-12-27,22.6,2020-08-23,20.2,2020-06-30,2020-08-27
0066X,VILAFRANCA DEL PENEDÈS,BARCELONA,177.0,2021,364,18,12,0,1,3,-4.0,2021-01-06,22.3,2021-07-06,20.0,2021-06-30,2021-09-15
0066X,VILAFRANCA DEL PENEDÈS,BARCELONA,177.0,2022,364,31,24,0,2,8,-3.8,2022-01-15,22.6,2022-07-30,20.8,2022-06-15,2022-09-13
0066X,VILAFRANCA DEL PENEDÈS,BARCELONA,177.0,2023,365,44,40,0,20,8,-4.6,2023-01-23,24.0,2023-07-21,22.2,2023-06-21,2023-09-05
0066X,VILAFRANCA DEL PENEDÈS,BARCELONA,177.0,2024,366,28,27,0,3,8,-1.8,2024-01-13,22.5,2024-08-04,20.7,2024-06-08,2024-09-01
0066X,VILAFRANCA DEL PENEDÈS,BARCELONA,177.0,2025,364,34,31,0,7,11,-3.1,2025-01-15,24.1,2025-07-19,20.7,2025-06-13,2025-09-15
0073X,SITGES,BARCELONA,58.0,2017,365,51,50,0,15,15,-0.8,2017-01-18,23.3,2017-07-20,21.7,2017-06-16,2017-09-06
0073X,SITGES,BARCELONA,58.0,2018,363,59,49,1,12,15,-0.5,2018-02-09,25.7,2018-08-04,21.7,2018-06-22,2018-09-24
0073X,SITGES,BARCELONA,58.0,2019,365,58,51,0,14,13,1.4,2019-01-24,23.7,2019-08-07,21.7,2019-06-25,2019-10-13
0073X,SITGES,BARCELONA,58.0,2020,366,50,48,0,16,22,1.8,2020-12-27,24.3,2020-08-12,21.9,2020-06-29,2020-09-18
0073X,SITGES,BARCELONA,58.0,2021,331,45,41,0,7,11,0.4,2021-01-06,23.2,2021-08-15,21.1,2021-06-13,2021-09-07
0073X,SITGES,BARCELONA,58.0,2022,364,67,54,0,24,35,1.5,2022-01-23,24.4,2022-08-12,22.2,2022-06-12,2022-09-16
0073X,SITGES,BARCELONA,58.0,2023,356,58,53,2,28,19,-1.8,2023-01-22,26.1,2023-09-04,22.8,2023-06-21,2023-09-13
0073X,SITGES,BARCELONA,58.0,2024,360,48,44,0,15,19,1.3,2024-01-13,23.9,2024-08-22,21.8,2024-06-08,2024-09-07
0073X,SITGES,BARCELONA,58.0,2025,362,74,63,0,32,22,1.4,2025-01-15,24.1,2025-08-16,22.6,2025-06-10,2025-10-11
0076,BARCELONA AEROPUERTO,BARCELONA,4.0,2017,361,74,70,4,50,19,-0.6,2017-01-18,26.1,2017-08-05,24.0,2017-06-03,2017-09-06
0076,BARCELONA AEROPUERTO,BARCELONA,4.0,2018,364,94,73,7,55,59,0.6,2018-02-09,27.3,2018-08-05,23.4,2018-06-12,2018-09-24
0076,BARCELONA AEROPUERTO,BARCELONA,4.0,2019,365,79,67,3,49,34,1.3,2019-01-11,26.0,2019-08-07,23.4,2019-06-23,2019-10-13
0076,BARCELONA AEROPUERTO,BARCELONA,4.0,2020,366,69,62,2,40,25,2.3,2020-12-27,25.2,2020-08-02,23.3,2020-06-22,2020-09-19
0076,BARCELONA AEROPUERTO,BARCELONA,4.0,2021,359,88,71,1,39,23,-0.5,2021-01-06,25.4,2021-08-15,23.1,2021-06-04,2021-09-26
0076,BARCELONA AEROPUERTO,BARCELONA,4.0,2022,355,100,81,6,72,45,1.3,2022-01-15,26.7,2022-08-02,24.3,2022-06-05,2022-10-17
0076,BARCELONA AEROPUERTO,BARCELONA,4.0,2023,360,86,72,10,54,34,-0.8,2023-01-22,26.8,2023-08-24,24.3,2023-06-09,2023-10-05
0076,BARCELONA AEROPUERTO,BARCELONA,4.0,2024,363,76,69,0,43,61,2.5,2024-01-09,24.9,2024-08-11,23.6,2024-06-08,2024-10-15
0076,BARCELONA AEROPUERTO,BARCELONA,4.0,2025,364,92,78,12,62,32,0.6,2025-01-14,26.6,2025-08-11,24.4,2025-06-01,2025-09-20
0092X,BERGA,BARCELONA,682.0,2017,365,6,6,0,0,4,-5.8,2017-01-18,21.8,2017-08-03,19.3,2017-07-14,2017-08-06
0092X,BERGA,BARCELONA,682.0,2018,349,6,6,0,0,5,-5.7,2018-02-09,21.5,2018-08-03,18.1,2018-07-30,2018-08-05
0092X,BERGA,BARCELONA,682.0,2019,365,5,5,0,1,4,-5.5,2019-01-11,22.6,2019-06-29,18.8,2019-06-25,2019-06-30
0092X,BERGA,BARCELONA,682.0,2020,366,2,2,0,0,1,-4.2,2020-12-27,21.5,2020-08-01,18.5,2020-08-01,2020-08-08
0092X,BERGA,BARCELONA,682.0,2021,365,4,4,0,2,4,-5.6,2021-01-08,23.6,2021-08-12,18.0,2021-08-12,2021-08-15
0092X,BERGA,BARCELONA,682.0,2022,345,9,9,0,0,3,-3.3,2022-01-06,21.8,2022-07-17,19.0,2022-06-15,2022-08-13
0092X,BERGA,BARCELONA,682.0,2023,353,20,20,0,3,5,-5.3,2023-01-30,22.9,2023-08-21,20.2,2023-06-21,2023-08-24
0092X,BERGA,BARCELONA,682.0,2024,363,10,10,0,0,3,-3.7,2024-01-09,22.0,2024-08-10,19.3,2024-07-19,2024-08-11
0092X,BERGA,BARCELONA,682.0,2025,364,11,11,0,1,3,-4.4,2025-01-14,22.7,2025-08-17,19.6,2025-06-14,2025-08-17
0106X,BALSARENY,BARCELONA,361.0,2017,364,3,3,0,1,1,-10.0,2017-01-18,22.7,2017-07-14,17.7,2017-07-14,2017-08-06
0106X,BALSARENY,BARCELONA,361.0,2018,358,1,0,0,0,1,-7.2,2018-02-09,20.1,2018-09-03,17.7,2018-09-03,2018-09-03
0106X,BALSARENY,BARCELONA,361.0,2019,362,2,2,0,0,2,-7.5,2019-01-11,21.3,2019-08-08,16.9,2019-08-07,2019-08-08
0106X,BALSARENY,BARCELONA,361.0,2020,345,2,2,0,0,1,-6.4,2020-12-27,20.8,2020-08-22,17.1,2020-06-30,2020-08-22
0106X,BALSARENY,BARCELONA,361.0,2021,363,3,3,0,1,1,-9.5,2021-01-06,22.2,2021-08-12,17.1,2021-08-07,2021-08-16
0106X,BALSARENY,BARCELONA,361.0,2022,362,0,0,0,0,0,-8.5,2022-01-16,20.0,2022-07-26,18.0,,
0106X,BALSARENY,BARCELONA,361.0,2023,365,12,12,0,0,5,-8.4,2023-01-23,21.9,2023-07-16,19.4,2023-07-11,2023-08-24
0106X,BALSARENY,BARCELONA,361.0,2024,362,1,1,0,0,1,-6.9,2024-01-09,20.6,2024-07-19,18.1,2024-07-19,2024-07-19
0106X,BALSARENY,BARCELONA,361.0,2025,361,2,2,0,1,1,-8.6,2025-01-14,22.1,2025-07-19,18.2,2025-07-10,2025-07-19
0114X,PRATS DE LLUÇANÈS,BARCELONA,700.0,2017,363,1,1,0,0,1,-8.2,2017-12-03,20.9,2017-07-14,16.9,2017-07-14,2017-07-14
0114X,PRATS DE LLUÇANÈS,BARCELONA,700.0,2018,365,0,0,0,0,0,-10.1,2018-02-27,19.8,2018-08-03,16.8,,
0114X,PRATS DE LLUÇANÈS,BARCELONA,700.0,2019,364,1,1,0,0,1,-7.5,2019-01-11,20.8,2019-06-25,17.2,2019-06-25,2019-06-25
0114X,PRATS DE LLUÇANÈS,BARCELONA,700.0,2020,365,0,0,0,0,0,-5.8,2020-12-27,18.9,2020-06-30,17.0,,
0114X,PRATS DE LLUÇANÈS,BARCELONA,700.0,2021,364,2,2,0,0,1,-7.9,2021-01-06,21.1,2021-08-12,16.4,2021-08-12,2021-08-15
0114X,PRATS DE LLUÇANÈS,BARCELONA,700.0,2022,365,1,1,0,0,1,-6.1,2022-01-16,20.3,2022-08-13,17.8,2022-08-13,2022-08-13
0114X,PRATS DE LLUÇANÈS,BARCELONA,700.0,2023,364,6,6,0,0,4,-7.5,2023-01-30,20.9,2023-08-21,18.3,2023-07-11,2023-08-23
0114X,PRATS DE LLUÇANÈS,BARCELONA,700.0,2024,365,0,0,0,0,0,-6.5,2024-01-09,19.7,2024-08-10,17.4,,
0114X,PRATS DE LLUÇANÈS,BARCELONA,700.0,2025,365,2,2,0,0,2,-7.3,2025-01-14,21.6,2025-07-18,18.3,2025-07-18,2025-07-19
0120X,MOIÀ,BARCELONA,742.0,2017,357,7,7,0,2,6,-6.0,2017-01-18,22.8,2017-08-03,18.7,2017-06-16,2017-08-05
0120X,MOIÀ,BARCELONA,742.0,2018,365,5,5,0,0,5,-4.8,2018-02-08,21.9,2018-08-05,17.9,2018-08-02,2018-08-06
0120X,MOIÀ,BARCELONA,742.0,2019,364,9,9,0,1,5,-5.2,2019-01-11,23.1,2019-06-29,19.2,2019-06-26,2019-08-09
0120X,MOIÀ,BARCELONA,742.0,2020,365,5,5,0,0,2,-2.5,2020-12-27,21.2,2020-08-01,18.3,2020-07-31,2020-08-26
0120X,MOIÀ,BARCELONA,742.0,2021,360,5,5,0,3,4,-5.6,2021-01-06,23.4,2021-08-12,17.7,2021-07-23,2021-08-15
0120X,MOIÀ,BARCELONA,742.0,2022,364,18,18,0,4,6,-3.7,2022-01-22,22.5,2022-08-13,20.0,2022-06-15,2022-08-13
0120X,MOIÀ,BARCELONA,742.0,2023,365,14,13,0,4,6,-4.7,2023-01-22,24.0,2023-08-21,19.7,2023-07-11,2023-09-04
0120X,MOIÀ,BARCELONA,742.0,2024,366,12,12,0,4,4,-2.9,2024-01-13,22.7,2024-08-01,19.3,2024-07-19,2024-08-13
0120X,MOIÀ,BARCELONA,742.0,2025,365,21,21,0,2,9,-2.4,2025-01-13,22.9,2025-08-17,20.3,2025-06-14,2025-08-26
0149D,MANRESA (LA CULLA),BARCELONA,291.0,2017,365,16,16,0,4,6,-6.6,2017-01-18,23.2,2017-08-08,20.0,2017-06-16,2017-08-27
0149D,MANRESA (LA CULLA),BARCELONA,291.0,2018,365,16,14,0,0,6,-4.5,2018-02-09,21.9,2018-08-12,19.8,2018-07-24,2018-09-04
0149D,MANRESA (LA CULLA),BARCELONA,291.0,2019,355,7,7,0,2,5,-4.8,2019-01-11,22.7,2019-08-10,18.9,2019-08-07,2019-08-20
0149D,MANRESA (LA CULLA),BARCELONA,291.0,2020,366,12,12,0,1,3,-3.6,2020-12-27,23.0,2020-08-22,19.2,2020-06-30,2020-08-28
0149D,MANRESA (LA CULLA),BARCELONA,291.0,2021,355,6,6,1,1,2,-5.2,2021-01-06,26.0,2021-08-12,18.9,2021-08-07,2021-08-27
0149D,MANRESA (LA CULLA),BARCELONA,291.0,2022,334,14,13,0,1,4,-2.8,2022-12-03,22.8,2022-06-15,20.0,2022-06-15,2022-09-06
0149D,MANRESA (LA CULLA),BARCELONA,291.0,2023,354,23,23,0,8,8,-6.0,2023-01-21,24.0,2023-07-16,20.8,2023-06-22,2023-08-26
0149D,MANRESA (LA CULLA),BARCELONA,291.0,2024,366,14,14,0,0,5,-4.1,2024-01-09,21.5,2024-07-16,19.8,2024-07-11,2024-08-27
0149D,MANRESA (LA CULLA),BARCELONA,291.0,2025,334,13,12,0,1,3,-2.9,2025-11-27,23.1,2025-07-19,19.9,2025-06-29,2025-09-08
0149X,MANRESA,BARCELONA,291.0,2017,352,13,13,0,3,6,-6.9,2017-01-18,22.8,2017-07-14,19.5,2017-06-25,2017-08-27
0149X,MANRESA,BARCELONA,291.0,2018,356,10,9,0,0,6,-4.6,2018-02-09,21.3,2018-08-05,19.3,2018-07-30,2018-09-03
0149X,MANRESA,BARCELONA,291.0,2019,358,5,5,0,2,2,-5.0,2019-01-11,22.5,2019-08-10,18.9,2019-08-07,2019-08-16
0149X,MANRESA,BARCELONA,291.0,2020,355,9,9,0,1,2,-3.6,2020-12-27,22.6,2020-08-22,19.0,2020-06-30,2020-08-27
0149X,MANRESA,BARCELONA,291.0,2021,364,8,7,0,1,3,-5.3,2021-01-06,24.7,2021-08-12,19.1,2021-08-07,2021-09-07
0149X,MANRESA,BARCELONA,291.0,2022,359,14,13,0,1,3,-6.2,2022-01-16,23.1,2022-06-15,19.8,2022-06-15,2022-09-06
0149X,MANRESA,BARCELONA,291.0,2023,360,25,25,0,9,6,-6.0,2023-01-21,23.6,2023-07-16,20.9,2023-06-22,2023-08-25
0149X,MANRESA,BARCELONA,291.0,2024,365,13,13,0,0,4,-4.4,2024-01-09,21.7,2024-07-19,19.7,2024-07-11,2024-08-27
0149X,MANRESA,BARCELONA,291.0,2025,365,11,10,0,1,3,-5.8,2025-01-14,23.1,2025-07-19,19.8,2025-06-29,2025-09-08
0158O,MONTSERRAT,BARCELONA,738.0,2017,365,25,25,0,8,8,-3.0,2017-12-02,24.5,2017-08-03,21.0,2017-06-11,2017-08-28
0158O,MONTSERRAT,BARCELONA,738.0,2018,365,15,15,0,7,10,-2.0,2018-02-28,25.0,2018-08-04,20.0,2018-07-14,2018-08-22
0158O,MONTSERRAT,BARCELONA,738.0,2019,361,28,27,3,9,8,-3.0,2019-02-04,26.8,2019-06-28,20.8,2019-06-26,2019-09-17
0158O,MONTSERRAT,BARCELONA,738.0,2020,365,22,21,0,6,7,-3.0,2020-12-27,23.5,2020-07-31,20.7,2020-07-10,2020-09-17
0158O,MONTSERRAT,BARCELONA,738.0,2021,365,13,13,2,8,5,-5.2,2021-01-12,25.7,2021-08-12,18.9,2021-06-14,2021-08-15
0158O,MONTSERRAT,BARCELONA,738.0,2022,343,34,32,1,13,11,-3.1,2022-01-22,26.0,2022-06-17,21.7,2022-05-22,2022-09-07
0158O,MONTSERRAT,BARCELONA,738.0,2023,353,31,28,4,14,6,-4.2,2023-01-30,28.0,2023-08-21,21.9,2023-06-21,2023-09-30
0158O,MONTSERRAT,BARCELONA,738.0,2024,366,23,23,2,11,9,-1.8,2024-01-13,27.2,2024-07-31,21.0,2024-07-11,2024-08-23
0158O,MONTSERRAT,BARCELONA,738.0,2025,359,33,33,4,18,14,-1.4,2025-01-03,27.8,2025-08-17,21.9,2025-06-11,2025-08-26
0158X,MONISTROL DE MONTSERRAT,BARCELONA,738.0,2017,365,25,25,0,6,7,-3.0,2017-01-18,24.3,2017-08-03,20.6,2017-06-11,2017-08-28
0158X,MONISTROL DE MONTSERRAT,BARCELONA,738.0,2018,365,14,14,0,7,9,-4.4,2018-02-13,24.2,2018-08-04,19.6,2018-07-14,2018-08-22
0158X,MONISTROL DE MONTSERRAT,BARCELONA,738.0,2019,365,26,26,2,10,6,-3.2,2019-02-04,26.4,2019-06-29,20.4,2019-06-26,2019-08-31
0158X,MONISTROL DE MONTSERRAT,BARCELONA,738.0,2020,366,21,20,0,7,6,-3.2,2020-12-27,23.1,2020-07-31,20.3,2020-07-10,2020-09-17
0158X,MONISTROL DE MONTSERRAT,BARCELONA,738.0,2021,363,14,14,1,6,6,-5.0,2021-01-12,26.3,2021-08-12,18.9,2021-06-14,2021-08-15
0158X,MONISTROL DE MONTSERRAT,BARCELONA,738.0,2022,363,35,33,1,13,16,-2.9,2022-01-22,25.7,2022-06-17,21.6,2022-05-22,2022-09-07
0158X,MONISTROL DE MONTSERRAT,BARCELONA,738.0,2023,365,30,28,4,11,6,-3.9,2023-01-30,27.3,2023-08-21,21.4,2023-06-21,2023-09-05
0158X,MONISTROL DE MONTSERRAT,BARCELONA,738.0,2024,364,23,23,2,11,9,-1.5,2024-01-13,26.2,2024-07-30,20.7,2024-07-11,2024-08-23
0158X,MONISTROL DE MONTSERRAT,BARCELONA,738.0,2025,363,36,36,3,19,11,-1.2,2025-01-03,27.0,2025-08-17,22.2,2025-06-11,2025-08-26
0171X,IGUALADA,BARCELONA,313.0,2017,343,22,22,0,3,9,-4.9,2017-01-18,23.3,2017-08-06,20.4,2017-06-25,2017-08-29
0171X,IGUALADA,BARCELONA,313.0,2018,363,18,15,0,4,7,-3.1,2018-02-09,22.6,2018-08-08,20.0,2018-07-11,2018-09-04
0171X,IGUALADA,BARCELONA,313.0,2019,363,6,6,0,2,2,-2.7,2019-02-15,22.8,2019-08-07,18.8,2019-08-07,2019-08-19
0171X,IGUALADA,BARCELONA,313.0,2020,366,5,5,0,0,1,-2.1,2020-01-15,21.6,2020-08-22,18.9,2020-07-24,2020-08-27
0171X,IGUALADA,BARCELONA,313.0,2021,365,19,14,0,2,5,-3.9,2021-01-06,24.0,2021-08-12,20.1,2021-06-30,2021-09-15
0171X,IGUALADA,BARCELONA,313.0,2022,364,19,14,0,0,3,-4.4,2022-01-23,21.5,2022-07-30,20.1,2022-06-15,2022-09-13
0171X,IGUALADA,BARCELONA,313.0,2023,365,31,30,0,10,8,-3.7,2023-01-23,23.5,2023-08-22,20.9,2023-06-22,2023-09-04
0171X,IGUALADA,BARCELONA,313.0,2025,333,13,12,0,2,3,-1.1,2025-11-28,22.3,2025-07-19,19.8,2025-06-29,2025-09-08
0194D,"CORBERA, PUIG D'AGULLES",BARCELONA,647.0,2017,358,15,15,0,2,7,-4.5,2017-01-18,24.7,2017-08-03,19.7,2017-06-11,2017-08-18
0194D,"CORBERA, PUIG D'AGULLES",BARCELONA,647.0,2018,346,17,17,0,6,10,-4.5,2018-02-27,25.0,2018-08-05,19.6,2018-06-21,2018-08-23
0194D,"CORBERA, PUIG D'AGULLES",BARCELONA,647.0,2019,360,21,21,2,6,5,-3.1,2019-01-11,27.1,2019-06-28,20.1,2019-06-27,2019-08-31
0194D,"CORBERA, PUIG D'AGULLES",BARCELONA,647.0,2020,362,14,13,0,3,6,-1.0,2020-12-27,23.0,2020-08-09,19.7,2020-07-23,2020-09-17
0194D,"CORBERA, PUIG D'AGULLES",BARCELONA,647.0,2022,365,41,39,0,12,11,-1.5,2022-01-22,25.0,2022-07-16,21.6,2022-05-22,2022-09-12
0194D,"CORBERA, PUIG D'AGULLES",BARCELONA,647.0,2023,360,20,19,3,6,7,-2.9,2023-03-01,26.9,2023-08-23,20.4,2023-06-25,2023-09-30
0194D,"CORBERA, PUIG D'AGULLES",BARCELONA,647.0,2024,331,16,16,0,4,6,-0.4,2024-01-12,24.8,2024-07-30,20.0,2024-07-19,2024-08-22
0194D,"CORBERA, PUIG D'AGULLES",BARCELONA,647.0,2025,355,30,30,3,15,11,-0.2,2025-01-14,26.6,2025-08-16,21.5,2025-06-11,2025-08-18
0200E,"BARCELONA, FABRA",BARCELONA,408.0,2017,365,52,50,0,15,13,-0.8,2017-01-18,24.3,2017-08-05,21.7,2017-05-24,2017-08-29
0200E,"BARCELONA, FABRA",BARCELONA,408.0,2018,365,51,48,4,19,16,-2.4,2018-02-27,26.8,2018-08-04,22.1,2018-06-20,2018-09-23
0200E,"BARCELONA, FABRA",BARCELONA,408.0,2019,365,53,50,1,18,13,-0.7,2019-01-11,27.5,2019-06-28,21.9,2019-06-26,2019-09-16
0200E,"BARCELONA, FABRA",BARCELONA,408.0,2020,366,52,45,1,17,14,0.6,2020-12-27,26.6,2020-08-09,21.7,2020-05-21,2020-09-17
0200E,"BARCELONA, FABRA",BARCELONA,408.0,2021,365,40,32,0,13,8,-0.5,2021-01-11,24.3,2021-08-12,21.4,2021-06-11,2021-09-15
0200E,"BARCELONA, FABRA",BARCELONA,408.0,2022,365,73,62,4,38,40,0.5,2022-04-02,27.3,2022-06-17,22.9,2022-05-21,2022-09-15
0200E,"BARCELONA, FABRA",BARCELONA,408.0,2023,365,59,51,5,19,18,-1.1,2023-02-27,29.4,2023-08-23,22.1,2023-06-16,2023-09-30
0200E,"BARCELONA, FABRA",BARCELONA,408.0,2024,366,47,45,3,18,13,2.5,2024-03-03,27.1,2024-07-30,22.0,2024-06-27,2024-09-02
0200E,"BARCELONA, FABRA",BARCELONA,408.0,2025,365,62,55,9,32,20,1.5,2025-11-22,27.8,2025-08-16,23.2,2025-05-30,2025-09-20
0201D,"BARCELONA, PORT OLÍMPIC",BARCELONA,26.0,2018,360,92,71,7,52,31,0.1,2018-02-28,27.1,2018-08-04,23.6,2018-06-11,2018-09-24
0201D,"BARCELONA, PORT OLÍMPIC",BARCELONA,26.0,2019,360,75,64,2,51,29,2.9,2019-01-11,25.2,2019-08-08,23.5,2019-06-25,2019-09-30
0201D,"BARCELONA, PORT OLÍMPIC",BARCELONA,26.0,2020,366,77,65,3,54,25,4.0,2020-01-12,25.7,2020-08-12,24.0,2020-06-22,2020-09-20
0201D,"BARCELONA, PORT OLÍMPIC",BARCELONA,26.0,2021,364,92,73,0,41,39,2.0,2021-01-06,24.4,2021-07-21,23.0,2021-06-11,2021-09-26
0201D,"BARCELONA, PORT OLÍMPIC",BARCELONA,26.0,2024,366,76,68,7,51,61,3.9,2024-01-09,25.9,2024-08-10,24.4,2024-06-08,2024-10-09
0201D,"BARCELONA, PORT OLÍMPIC",BARCELONA,26.0,2025,364,97,80,17,65,34,2.6,2025-01-15,27.1,2025-08-11,24.8,2025-05-31,2025-09-20
0201X,"BARCELONA, DRASSANES",BARCELONA,11.0,2017,363,82,75,4,58,36,2.3,2017-01-18,25.8,2017-08-03,24.1,2017-06-03,2017-10-06
0201X,"BARCELONA, DRASSANES",BARCELONA,11.0,2018,300,40,21,0,13,18,1.3,2018-02-28,23.6,2018-07-03,21.8,2018-06-10,2018-10-13
0201X,"BARCELONA, DRASSANES",BARCELONA,11.0,2021,348,99,77,0,55,40,3.6,2021-01-12,24.7,2021-08-15,23.6,2021-06-10,2021-09-29
0201X,"BARCELONA, DRASSANES",BARCELONA,11.0,2022,363,110,86,14,79,46,4.9,2022-01-23,26.6,2022-08-02,24.9,2022-05-19,2022-10-21
0201X,"BARCELONA, DRASSANES",BARCELONA,11.0,2023,364,115,81,18,75,50,2.0,2023-02-27,27.7,2023-08-24,25.0,2023-06-06,2023-10-18
0201X,"BARCELONA, DRASSANES",BARCELONA,11.0,2024,365,85,75,13,62,64,4.7,2024-01-13,26.3,2024-08-01,24.6,2024-06-06,2024-10-16
0201X,"BARCELONA, DRASSANES",BARCELONA,11.0,2025,362,111,87,16,75,34,5.9,2025-01-14,26.9,2025-08-17,24.7,2025-05-30,2025-10-22
0222X,CALDES DE MONTBUI,BARCELONA,175.0,2017,365,14,14,0,2,5,-5.7,2017-01-18,22.4,2017-08-05,19.9,2017-06-16,2017-08-27
0222X,CALDES DE MONTBUI,BARCELONA,175.0,2018,365,12,11,0,4,10,-3.8,2018-02-09,22.7,2018-08-02,19.5,2018-07-30,2018-09-01
0222X,CALDES DE MONTBUI,BARCELONA,175.0,2019,363,11,11,0,1,5,-5.5,2019-01-11,23.0,2019-08-07,19.8,2019-07-07,2019-08-11
0222X,CALDES DE MONTBUI,BARCELONA,175.0,2020,353,14,14,0,1,4,-2.4,2020-01-13,22.4,2020-08-12,19.7,2020-07-24,2020-08-27
0222X,CALDES DE MONTBUI,BARCELONA,175.0,2021,359,9,6,0,0,2,-4.8,2021-01-06,21.8,2021-08-12,19.3,2021-07-06,2021-09-15
0222X,CALDES DE MONTBUI,BARCELONA,175.0,2022,362,21,20,0,2,4,-4.6,2022-01-17,23.2,2022-08-02,20.1,2022-06-15,2022-09-13
0222X,CALDES DE MONTBUI,BARCELONA,175.0,2023,365,29,28,0,9,8,-6.6,2023-01-22,24.1,2023-08-22,20.9,2023-06-27,2023-09-02
0222X,CALDES DE MONTBUI,BARCELONA,175.0,2024,365,14,14,0,1,7,-2.9,2024-01-09,23.2,2024-08-01,19.8,2024-07-19,2024-08-27
0222X,CALDES DE MONTBUI,BARCELONA,175.0,2025,361,16,15,0,2,5,-5.4,2025-01-14,22.8,2025-07-19,19.7,2025-06-29,2025-09-08
0244X,VILASSAR DE DALT,BARCELONA,56.0,2017,361,67,65,1,35,19,0.6,2017-01-17,25.2,2017-08-05,22.7,2017-06-12,2017-09-06
0244X,VILASSAR DE DALT,BARCELONA,56.0,2018,345,79,61,5,27,14,0.0,2018-02-27,27.1,2018-08-04,22.4,2018-06-22,2018-09-24
0244X,VILASSAR DE DALT,BARCELONA,56.0,2019,349,71,63,0,33,39,2.9,2019-01-10,24.3,2019-08-10,22.7,2019-06-25,2019-10-13
0244X,VILASSAR DE DALT,BARCELONA,56.0,2020,316,61,54,0,30,17,4.0,2020-01-13,24.6,2020-08-02,22.7,2020-06-26,2020-09-19
0244X,VILASSAR DE DALT,BARCELONA,56.0,2021,322,80,65,0,28,16,2.0,2021-01-12,23.9,2021-08-15,22.5,2021-06-11,2021-09-25
0244X,VILASSAR DE DALT,BARCELONA,56.0,2022,364,92,75,2,58,46,2.8,2022-04-02,26.0,2022-08-02,24.0,2022-06-08,2022-10-21
0244X,VILASSAR DE DALT,BARCELONA,56.0,2023,339,79,61,4,50,33,1.1,2023-01-22,27.1,2023-08-23,23.9,2023-06-23,2023-10-05
0244X,VILASSAR DE DALT,BARCELONA,56.0,2024,366,65,60,1,38,39,3.7,2024-01-08,25.6,2024-08-10,23.3,2024-06-08,2024-09-10
0244X,VILASSAR DE DALT,BARCELONA,56.0,2025,364,85,74,5,53,32,3.0,2025-01-14,26.7,2025-08-16,24.3,2025-06-01,2025-09-20
0252D,ARENYS DE MAR,BARCELONA,74.0,2017,362,48,47,0,9,11,-1.4,2017-01-17,24.1,2017-08-05,21.4,2017-06-15,2017-09-06
0252D,ARENYS DE MAR,BARCELONA,74.0,2019,344,47,46,0,6,10,1.1,2019-02-04,22.9,2019-08-07,21.2,2019-06-26,2019-09-14
0252D,ARENYS DE MAR,BARCELONA,74.0,2020,365,41,40,0,6,11,1.1,2020-12-27,23.4,2020-08-12,21.4,2020-06-30,2020-09-19
0252D,ARENYS DE MAR,BARCELONA,74.0,2021,365,42,35,0,7,8,1.3,2021-01-06,22.7,2021-06-13,21.1,2021-06-12,2021-09-15
0252D,ARENYS DE MAR,BARCELONA,74.0,2022,362,73,63,0,30,29,1.4,2022-01-15,24.8,2022-08-02,22.6,2022-06-14,2022-09-14
0252D,ARENYS DE MAR,BARCELONA,74.0,2023,363,59,53,2,25,20,-0.6,2023-01-22,26.2,2023-08-23,22.2,2023-06-21,2023-09-18
0252D,ARENYS DE MAR,BARCELONA,74.0,2024,347,43,41,0,15,10,1.9,2024-01-08,24.3,2024-08-10,21.7,2024-06-08,2024-09-02
0255B,SANTA SUSANNA,BARCELONA,40.0,2017,339,12,12,0,1,7,-3.1,2017-12-02,22.1,2017-08-01,19.6,2017-06-25,2017-08-27
0255B,SANTA SUSANNA,BARCELONA,40.0,2018,365,11,11,0,3,7,-2.5,2018-02-09,23.4,2018-08-08,19.1,2018-07-30,2018-08-29
0255B,SANTA SUSANNA,BARCELONA,40.0,2019,363,10,10,0,1,4,-3.5,2019-02-04,22.6,2019-08-19,19.2,2019-07-02,2019-08-19
0255B,SANTA SUSANNA,BARCELONA,40.0,2020,365,7,7,0,0,1,-3.0,2020-12-26,20.7,2020-07-28,19.2,2020-06-30,2020-08-27
0255B,SANTA SUSANNA,BARCELONA,40.0,2021,364,8,4,0,2,2,-2.5,2021-01-12,22.9,2021-09-14,19.1,2021-07-11,2021-09-15
0260X,FOGARS DE MONTCLÚS,BARCELONA,936.0,2017,365,14,14,0,4,6,-4.4,2017-01-18,23.2,2017-08-03,19.3,2017-06-15,2017-08-29
0260X,FOGARS DE MONTCLÚS,BARCELONA,936.0,2018,365,7,7,0,1,6,-5.4,2018-02-13,22.1,2018-08-05,17.8,2018-07-27,2018-08-06
0260X,FOGARS DE MONTCLÚS,BARCELONA,936.0,2019,362,16,16,0,6,7,-2.9,2019-01-11,24.2,2019-06-28,19.9,2019-06-25,2019-08-09
0260X,FOGARS DE MONTCLÚS,BARCELONA,936.0,2020,333,7,7,0,2,3,-0.9,2020-03-26,22.6,2020-08-09,18.5,2020-07-28,2020-08-10
0260X,FOGARS DE MONTCLÚS,BARCELONA,936.0,2021,365,6,6,0,3,4,-4.0,2021-01-06,23.5,2021-08-14,17.6,2021-07-22,2021-08-15
0260X,FOGARS DE MONTCLÚS,BARCELONA,936.0,2022,362,24,23,0,3,7,-3.2,2022-04-02,23.6,2022-06-17,20.7,2022-05-22,2022-08-13
0260X,FOGARS DE MONTCLÚS,BARCELONA,936.0,2023,357,14,13,2,6,6,-4.8,2023-02-27,26.2,2023-08-23,19.9,2023-07-09,2023-09-04
0260X,FOGARS DE MONTCLÚS,BARCELONA,936.0,2024,366,11,11,0,2,4,-1.2,2024-01-08,23.7,2024-07-30,19.2,2024-07-19,2024-08-12
0260X,FOGARS DE MONTCLÚS,BARCELONA,936.0,2025,350,25,25,0,10,10,-1.3,2025-11-21,24.5,2025-08-17,20.9,2025-06-11,2025-08-26
0281Y,BLANES,GIRONA,45.0,2017,365,65,64,1,33,18,-1.1,2017-01-18,25.9,2017-08-05,22.6,2017-06-12,2017-09-05
0281Y,BLANES,GIRONA,45.0,2018,364,82,63,5,27,24,0.1,2018-02-27,27.9,2018-08-04,22.7,2018-06-20,2018-10-13
0281Y,BLANES,GIRONA,45.0,2019,364,64,60,0,37,17,0.7,2019-01-11,24.8,2019-08-09,23.0,2019-06-25,2019-09-16
0281Y,BLANES,GIRONA,45.0,2020,366,68,57,0,35,29,2.6,2020-12-27,24.4,2020-08-12,22.7,2020-06-26,2020-09-19
0281Y,BLANES,GIRONA,45.0,2021,363,69,58,0,29,13,1.6,2021-01-08,23.7,2021-07-23,22.5,2021-06-10,2021-09-26
0281Y,BLANES,GIRONA,45.0,2022,364,88,72,4,64,45,2.7,2022-01-22,26.0,2022-08-02,23.9,2022-06-06,2022-10-20
0281Y,BLANES,GIRONA,45.0,2023,364,88,69,5,46,33,0.0,2023-01-23,27.1,2023-08-23,23.6,2023-06-09,2023-10-18
0281Y,BLANES,GIRONA,45.0,2024,366,62,58,3,35,23,3.5,2024-01-09,25.6,2024-08-10,23.2,2024-06-26,2024-09-07
0281Y,BLANES,GIRONA,45.0,2025,364,78,69,6,49,26,1.8,2025-01-14,27.3,2025-08-16,24.3,2025-06-10,2025-09-20
0284X,CASTELL D'ARO,GIRONA,14.0,2017,363,26,25,0,6,8,-2.0,2017-01-18,22.9,2017-07-19,20.6,2017-06-16,2017-09-06
0284X,CASTELL D'ARO,GIRONA,14.0,2018,364,22,19,0,5,11,-3.3,2018-02-09,23.7,2018-08-05,20.3,2018-07-21,2018-10-13
0284X,CASTELL D'ARO,GIRONA,14.0,2020,366,25,25,0,1,6,-1.9,2020-12-27,24.0,2020-08-22,20.5,2020-06-30,2020-08-27
0284X,CASTELL D'ARO,GIRONA,14.0,2021,364,14,9,0,4,3,-2.1,2021-01-04,23.5,2021-09-08,19.7,2021-06-14,2021-09-15
0284X,CASTELL D'ARO,GIRONA,14.0,2022,363,41,36,0,5,8,-2.3,2022-01-13,22.8,2022-08-14,20.7,2022-06-15,2022-10-20
0284X,CASTELL D'ARO,GIRONA,14.0,2023,364,36,36,0,10,10,-2.2,2023-01-19,24.1,2023-07-12,21.3,2023-06-20,2023-08-26
0284X,CASTELL D'ARO,GIRONA,14.0,2024,351,30,28,0,3,6,-1.3,2024-01-09,22.7,2024-09-07,20.8,2024-06-29,2024-10-09
0284X,CASTELL D'ARO,GIRONA,14.0,2025,365,34,33,0,4,6,-2.3,2025-01-15,22.4,2025-06-30,21.1,2025-06-21,2025-09-08
0294B,LA BISBAL (D'EMPORDA 3),GIRONA,51.0,2017,365,30,30,0,9,10,-3.9,2017-01-19,23.6,2017-07-19,20.8,2017-06-16,2017-08-30
0294B,LA BISBAL (D'EMPORDA 3),GIRONA,51.0,2018,365,20,19,0,6,10,-3.5,2018-02-09,23.6,2018-08-05,20.3,2018-06-22,2018-09-15
0294B,LA BISBAL (D'EMPORDA 3),GIRONA,51.0,2019,365,27,27,0,7,5,-1.2,2019-01-04,23.9,2019-07-08,20.5,2019-06-29,2019-08-28
0294B,LA BISBAL (D'EMPORDA 3),GIRONA,51.0,2020,366,24,23,0,3,6,-2.4,2020-12-27,22.7,2020-08-21,20.7,2020-06-30,2020-09-18
0294B,LA BISBAL (D'EMPORDA 3),GIRONA,51.0,2021,365,20,15,0,4,3,-3.4,2021-01-04,23.5,2021-09-14,20.2,2021-06-14,2021-09-15
0294B,LA BISBAL (D'EMPORDA 3),GIRONA,51.0,2022,365,46,41,0,10,10,-2.8,2022-01-17,23.0,2022-09-13,21.3,2022-06-13,2022-09-13
0294B,LA BISBAL (D'EMPORDA 3),GIRONA,51.0,2023,365,39,38,0,17,12,-3.2,2023-01-30,24.3,2023-08-23,21.9,2023-06-21,2023-09-18
0294B,LA BISBAL (D'EMPORDA 3),GIRONA,51.0,2024,366,31,30,0,6,9,-2.3,2024-01-09,23.6,2024-07-19,21.1,2024-07-09,2024-09-07
0294B,LA BISBAL (D'EMPORDA 3),GIRONA,51.0,2025,365,41,40,0,9,11,-3.5,2025-01-15,23.1,2025-08-17,20.9,2025-06-21,2025-09-08
0312X,SANT PAU DE SEGÚRIES,GIRONA,851.0,2017,360,0,0,0,0,0,-10.7,2017-01-18,17.2,2017-08-06,14.6,,
0312X,SANT PAU DE SEGÚRIES,GIRONA,851.0,2018,359,0,0,0,0,0,-10.5,2018-02-09,16.0,2018-08-07,14.1,,
0312X,SANT PAU DE SEGÚRIES,GIRONA,851.0,2019,355,0,0,0,0,0,-8.3,2019-01-11,17.0,2019-08-07,14.5,,
0312X,SANT PAU DE SEGÚRIES,GIRONA,851.0,2020,365,0,0,0,0,0,-6.7,2020-01-12,18.8,2020-08-22,14.4,,
0312X,SANT PAU DE SEGÚRIES,GIRONA,851.0,2021,365,0,0,0,0,0,-10.8,2021-01-06,17.9,2021-08-12,14.2,,
0312X,SANT PAU DE SEGÚRIES,GIRONA,851.0,2022,362,0,0,0,0,0,-8.4,2022-01-15,17.1,2022-07-23,14.4,,
0312X,SANT PAU DE SEGÚRIES,GIRONA,851.0,2023,361,0,0,0,0,0,-8.8,2023-03-05,17.7,2023-07-24,15.7,,
0312X,SANT PAU DE SEGÚRIES,GIRONA,851.0,2024,365,0,0,0,0,0,-9.1,2024-01-09,16.6,2024-08-25,14.9,,
0312X,SANT PAU DE SEGÚRIES,GIRONA,851.0,2025,353,0,0,0,0,0,-8.3,2025-01-14,18.1,2025-07-19,15.0,,
0320I,PLANOLES,GIRONA,1151.0,2017,365,0,0,0,0,0,-8.6,2017-01-18,17.8,2017-08-03,15.3,,
0320I,PLANOLES,GIRONA,1151.0,2018,363,0,0,0,0,0,-9.5,2018-02-08,16.9,2018-08-05,14.1,,
0320I,PLANOLES,GIRONA,1151.0,2019,364,0,0,0,0,0,-5.3,2019-01-24,19.5,2019-06-28,15.1,,
0320I,PLANOLES,GIRONA,1151.0,2020,366,0,0,0,0,0,-4.7,2020-12-05,18.3,2020-08-08,14.1,,
0320I,PLANOLES,GIRONA,1151.0,2021,354,1,1,0,0,1,-8.6,2021-01-06,20.3,2021-08-12,14.0,2021-08-12,2021-08-12
0320I,PLANOLES,GIRONA,1151.0,2022,365,0,0,0,0,0,-6.8,2022-04-04,18.1,2022-06-17,15.5,,
0320I,PLANOLES,GIRONA,1151.0,2023,348,0,0,0,0,0,-7.4,2023-02-10,18.7,2023-07-19,16.3,,
0320I,PLANOLES,GIRONA,1151.0,2024,366,0,0,0,0,0,-5.1,2024-01-09,18.1,2024-07-29,15.1,,
0320I,PLANOLES,GIRONA,1151.0,2025,359,0,0,0,0,0,-4.3,2025-01-13,18.6,2025-08-16,15.4,,
0321,CAMPDEVANOL,GIRONA,731.0,2017,365,0,0,0,0,0,-9.2,2017-01-18,19.3,2017-07-14,16.0,,
0321,CAMPDEVANOL,GIRONA,731.0,2018,365,0,0,0,0,0,-9.2,2018-02-09,18.0,2018-08-03,15.6,,
0321,CAMPDEVANOL,GIRONA,731.0,2020,366,0,0,0,0,0,-5.8,2020-01-12,18.9,2020-08-22,16.1,,
0321,CAMPDEVANOL,GIRONA,731.0,2021,365,0,0,0,0,0,-9.2,2021-01-06,19.6,2021-08-12,15.3,,
0321,CAMPDEVANOL,GIRONA,731.0,2022,304,0,0,0,0,0,-8.1,2022-01-16,18.0,2022-08-24,15.2,,
0321,CAMPDEVANOL,GIRONA,731.0,2023,365,0,0,0,0,0,-7.6,2023-01-30,19.8,2023-07-16,17.4,,
0321,CAMPDEVANOL,GIRONA,731.0,2024,366,0,0,0,0,0,-7.3,2024-01-09,19.2,2024-07-16,16.5,,
0321,CAMPDEVANOL,GIRONA,731.0,2025,365,0,0,0,0,0,-8.0,2025-01-14,18.4,2025-09-16,16.2,,
0324A,RIPOLL,GIRONA,675.0,2017,356,0,0,0,0,0,-8.9,2017-01-18,19.5,2017-07-14,16.2,,
0324A,RIPOLL,GIRONA,675.0,2018,355,0,0,0,0,0,-8.3,2018-02-09,17.9,2018-08-03,15.9,,
0324A,RIPOLL,GIRONA,675.0,2019,315,0,0,0,0,0,-7.9,2019-01-11,18.6,2019-08-07,16.0,,
0324A,RIPOLL,GIRONA,675.0,2021,360,0,0,0,0,0,-8.7,2021-01-06,19.3,2021-08-12,16.0,,
0324A,RIPOLL,GIRONA,675.0,2022,353,0,0,0,0,0,-7.7,2022-01-16,19.2,2022-07-24,16.4,,
0324A,RIPOLL,GIRONA,675.0,2023,331,0,0,0,0,0,-7.6,2023-01-30,20.0,2023-07-12,17.7,,
0324A,RIPOLL,GIRONA,675.0,2024,353,0,0,0,0,0,-7.5,2024-01-09,18.9,2024-07-16,16.7,,
0341,TONA (ESCOLA),BARCELONA,607.0,2017,365,0,0,0,0,0,-6.9,2017-01-18,19.7,2017-08-03,17.0,,
0341,TONA (ESCOLA),BARCELONA,607.0,2018,365,1,1,0,0,1,-6.6,2018-02-27,20.5,2018-08-03,16.7,2018-08-03,2018-08-03
0341,TONA (ESCOLA),BARCELONA,607.0,2019,365,0,0,0,0,0,-7.0,2019-01-11,19.3,2019-08-07,16.8,,
0341,TONA (ESCOLA),BARCELONA,607.0,2020,366,0,0,0,0,0,-4.8,2020-12-27,19.3,2020-08-22,16.7,,
0341,TONA (ESCOLA),BARCELONA,607.0,2021,365,1,1,0,0,1,-7.7,2021-01-06,20.5,2021-08-12,16.5,2021-08-12,2021-08-12
0341,TONA (ESCOLA),BARCELONA,607.0,2022,365,0,0,0,0,0,-6.5,2022-01-16,19.7,2022-07-27,17.6,,
0341,TONA (ESCOLA),BARCELONA,607.0,2023,334,2,2,0,0,1,-7.5,2023-01-22,20.2,2023-07-11,17.6,2023-07-11,2023-07-19
0341,TONA (ESCOLA),BARCELONA,607.0,2024,366,0,0,0,0,0,-6.0,2024-01-09,19.9,2024-08-10,17.6,,
0341,TONA (ESCOLA),BARCELONA,607.0,2025,335,2,2,0,0,1,-6.9,2025-01-14,20.5,2025-07-20,18.3,2025-07-18,2025-07-20
0341X,TONA,BARCELONA,607.0,2017,354,0,0,0,0,0,-7.5,2017-01-18,19.8,2017-08-03,17.3,,
0341X,TONA,BARCELONA,607.0,2018,365,1,1,0,0,1,-6.3,2018-02-09,20.8,2018-08-03,17.0,2018-08-03,2018-08-03
0341X,TONA,BARCELONA,607.0,2019,363,0,0,0,0,0,-6.8,2019-01-11,19.6,2019-08-07,17.2,,
0341X,TONA,BARCELONA,607.0,2020,364,0,0,0,0,0,-4.5,2020-12-27,19.6,2020-08-22,17.4,,
0341X,TONA,BARCELONA,607.0,2021,357,1,1,0,0,1,-7.5,2021-01-06,20.8,2021-08-12,16.9,2021-08-12,2021-08-12
0341X,TONA,BARCELONA,607.0,2022,361,0,0,0,0,0,-6.0,2022-01-16,19.7,2022-08-02,18.0,,
0341X,TONA,BARCELONA,607.0,2023,352,7,7,0,0,4,-7.2,2023-01-22,21.8,2023-08-23,18.7,2023-07-11,2023-08-23
0341X,TONA,BARCELONA,607.0,2024,337,1,1,0,0,1,-5.7,2024-01-09,20.1,2024-08-10,18.1,2024-08-10,2024-08-10
0349,SANT JULIÀ  DE VILATORTA,BARCELONA,578.0,2019,341,0,0,0,0,0,-7.9,2019-01-11,19.5,2019-08-07,16.6,,
0349,SANT JULIÀ  DE VILATORTA,BARCELONA,578.0,2021,344,0,0,0,0,0,-8.1,2021-01-06,19.6,2021-08-15,16.1,,
0349,SANT JULIÀ  DE VILATORTA,BARCELONA,578.0,2022,333,0,0,0,0,0,-6.6,2022-01-17,19.6,2022-08-02,17.3,,
0349,SANT JULIÀ  DE VILATORTA,BARCELONA,578.0,2023,343,2,2,0,0,1,-8.7,2023-01-22,20.1,2023-07-11,18.1,2023-07-11,2023-07-19
0349,SANT JULIÀ  DE VILATORTA,BARCELONA,578.0,2024,354,0,0,0,0,0,-6.8,2024-01-09,19.6,2024-07-19,17.1,,
0349,SANT JULIÀ  DE VILATORTA,BARCELONA,578.0,2025,339,1,1,0,0,1,-7.9,2025-01-14,20.2,2025-07-16,17.5,2025-07-16,2025-07-16
0360X,LES PLANES D'HOSTOLES,GIRONA,337.0,2017,364,0,0,0,0,0,-8.9,2017-01-18,19.1,2017-08-06,16.7,,
0360X,LES PLANES D'HOSTOLES,GIRONA,337.0,2018,364,0,0,0,0,0,-7.2,2018-02-09,18.2,2018-08-02,16.5,,
0360X,LES PLANES D'HOSTOLES,GIRONA,337.0,2019,358,0,0,0,0,0,-8.5,2019-01-11,19.7,2019-08-07,16.0,,
0360X,LES PLANES D'HOSTOLES,GIRONA,337.0,2020,347,0,0,0,0,0,-5.8,2020-12-27,19.6,2020-06-30,16.9,,
0360X,LES PLANES D'HOSTOLES,GIRONA,337.0,2021,361,0,0,0,0,0,-7.5,2021-01-06,19.9,2021-08-23,15.8,,
0360X,LES PLANES D'HOSTOLES,GIRONA,337.0,2022,361,0,0,0,0,0,-7.2,2022-01-14,18.6,2022-07-26,16.8,,
0360X,LES PLANES D'HOSTOLES,GIRONA,337.0,2023,353,0,0,0,0,0,-9.4,2023-01-21,19.3,2023-08-20,16.9,,
0360X,LES PLANES D'HOSTOLES,GIRONA,337.0,2024,366,0,0,0,0,0,-8.2,2024-01-08,19.7,2024-08-12,16.7,,
0360X,LES PLANES D'HOSTOLES,GIRONA,337.0,2025,364,0,0,0,0,0,-8.7,2025-01-14,19.2,2025-08-27,17.0,,
0363X,SANT HILARI,GIRONA,810.0,2017,362,0,0,0,0,0,-7.4,2017-01-17,18.3,2017-08-29,16.0,,
0363X,SANT HILARI,GIRONA,810.0,2018,363,0,0,0,0,0,-7.0,2018-02-27,18.0,2018-08-04,15.0,,
0363X,SANT HILARI,GIRONA,810.0,2019,363,0,0,0,0,0,-6.9,2019-01-11,19.7,2019-08-09,15.7,,
0363X,SANT HILARI,GIRONA,810.0,2020,362,0,0,0,0,0,-4.0,2020-12-05,17.6,2020-08-01,15.2,,
0363X,SANT HILARI,GIRONA,810.0,2021,358,0,0,0,0,0,-6.7,2021-01-06,19.7,2021-07-22,15.6,,
0363X,SANT HILARI,GIRONA,810.0,2022,365,2,1,0,0,1,-4.7,2022-01-07,20.9,2022-05-22,16.9,2022-05-22,2022-08-12
0363X,SANT HILARI,GIRONA,810.0,2023,364,1,1,0,0,1,-8.0,2023-01-22,20.3,2023-08-23,16.8,2023-08-23,2023-08-23
0363X,SANT HILARI,GIRONA,810.0,2024,366,1,1,0,0,1,-4.7,2024-01-09,20.3,2024-07-30,16.4,2024-07-30,2024-07-30
0363X,SANT HILARI,GIRONA,810.0,2025,365,0,0,0,0,0,-5.7,2025-01-14,19.8,2025-08-17,17.1,,
0367,GIRONA AEROPUERTO,GIRONA,143.0,2017,362,16,16,0,0,5,-6.0,2017-01-17,21.9,2017-08-01,19.8,2017-06-16,2017-08-29
0367,GIRONA AEROPUERTO,GIRONA,143.0,2018,360,9,9,0,1,7,-5.4,2018-02-09,22.3,2018-08-05,18.7,2018-07-30,2018-08-08
0367,GIRONA AEROPUERTO,GIRONA,143.0,2019,360,11,11,0,1,4,-6.2,2019-01-11,22.9,2019-08-10,19.3,2019-06-29,2019-08-19
0367,GIRONA AEROPUERTO,GIRONA,143.0,2020,354,3,3,0,0,1,-4.4,2020-12-27,20.9,2020-08-11,18.9,2020-08-09,2020-08-22
0367,GIRONA AEROPUERTO,GIRONA,143.0,2021,363,9,4,0,0,3,-4.9,2021-01-04,21.9,2021-09-14,18.7,2021-07-06,2021-09-15
0367,GIRONA AEROPUERTO,GIRONA,143.0,2022,363,21,19,0,2,2,-5.6,2022-01-18,22.4,2022-07-19,20.1,2022-06-17,2022-09-13
0367,GIRONA AEROPUERTO,GIRONA,143.0,2023,358,20,20,0,5,8,-6.7,2023-01-23,23.7,2023-08-23,20.2,2023-07-10,2023-08-26
0367,GIRONA AEROPUERTO,GIRONA,143.0,2024,361,20,19,0,2,9,-5.2,2024-01-08,22.5,2024-07-19,20.1,2024-07-11,2024-09-07
0367,GIRONA AEROPUERTO,GIRONA,143.0,2025,336,22,22,0,2,5,-5.6,2025-01-14,22.1,2025-06-26,20.4,2025-06-15,2025-08-27
0370E,GIRONA,GIRONA,76.0,2017,363,33,33,0,9,9,-4.9,2017-01-18,23.3,2017-08-27,21.4,2017-06-15,2017-08-30
0370E,GIRONA,GIRONA,76.0,2018,363,20,19,0,10,11,-3.5,2018-02-09,23.9,2018-08-07,20.2,2018-07-11,2018-09-15
0370E,GIRONA,GIRONA,76.0,2019,364,31,30,0,11,7,-3.8,2019-01-11,23.6,2019-08-09,21.0,2019-06-29,2019-09-01
0370E,GIRONA,GIRONA,76.0,2020,366,36,36,0,3,6,-2.5,2020-12-27,23.1,2020-08-11,20.9,2020-06-23,2020-08-27
0370E,GIRONA,GIRONA,76.0,2021,364,26,21,0,4,5,-2.9,2021-01-04,22.6,2021-08-16,20.5,2021-06-14,2021-09-15
0370E,GIRONA,GIRONA,76.0,2022,361,54,50,0,15,17,-3.5,2022-01-16,23.7,2022-07-19,21.6,2022-06-13,2022-10-20
0370E,GIRONA,GIRONA,76.0,2023,363,41,41,1,16,16,-3.8,2023-01-23,25.2,2023-08-23,21.9,2023-06-21,2023-08-26
0370E,GIRONA,GIRONA,76.0,2024,360,36,34,0,12,15,-2.5,2024-01-08,23.6,2024-07-19,21.4,2024-07-09,2024-09-07
0370E,GIRONA,GIRONA,76.0,2025,355,46,46,0,14,15,-3.5,2025-01-14,23.6,2025-07-03,21.8,2025-06-11,2025-08-27
0372C,PORQUERES,GIRONA,157.0,2017,357,9,9,0,0,5,-6.4,2017-01-18,21.8,2017-08-05,19.4,2017-06-15,2017-08-27
0372C,PORQUERES,GIRONA,157.0,2018,358,8,8,0,1,8,-5.2,2018-02-13,22.1,2018-08-05,18.3,2018-07-30,2018-08-06
0372C,PORQUERES,GIRONA,157.0,2020,310,10,10,0,0,2,-3.7,2020-12-27,21.5,2020-08-01,19.4,2020-06-30,2020-08-22
0372C,PORQUERES,GIRONA,157.0,2021,359,6,4,0,0,2,-4.5,2021-01-08,21.4,2021-08-23,18.6,2021-08-12,2021-09-14
0372C,PORQUERES,GIRONA,157.0,2022,360,16,15,0,0,4,-4.0,2022-01-07,21.2,2022-07-06,19.9,2022-06-15,2022-09-13
0372C,PORQUERES,GIRONA,157.0,2023,361,22,21,0,8,7,-5.1,2023-01-23,24.7,2023-08-23,20.2,2023-06-21,2023-10-19
0372C,PORQUERES,GIRONA,157.0,2024,364,18,17,0,0,6,-3.4,2024-01-09,21.9,2024-08-10,20.0,2024-07-11,2024-09-07
0372C,PORQUERES,GIRONA,157.0,2025,343,21,21,0,2,8,-4.2,2025-01-14,22.2,2025-06-30,20.6,2025-06-24,2025-08-27
0385X,L'ESTARTIT,GIRONA,1.0,2017,364,60,59,0,23,15,-1.2,2017-01-07,24.9,2017-08-05,22.4,2017-06-13,2017-09-06
0385X,L'ESTARTIT,GIRONA,1.0,2018,363,63,56,2,20,15,-1.5,2018-02-09,27.1,2018-08-05,22.2,2018-06-13,2018-09-24
0385X,L'ESTARTIT,GIRONA,1.0,2019,365,59,55,4,30,30,0.5,2019-01-22,25.5,2019-07-08,22.9,2019-06-27,2019-10-13
0385X,L'ESTARTIT,GIRONA,1.0,2020,365,66,60,0,26,21,-0.7,2020-12-27,24.4,2020-08-21,22.4,2020-06-22,2020-09-19
0385X,L'ESTARTIT,GIRONA,1.0,2022,359,86,72,1,53,46,-1.0,2022-01-16,25.5,2022-07-07,23.5,2022-06-08,2022-10-20
0385X,L'ESTARTIT,GIRONA,1.0,2023,362,75,63,3,44,20,-1.8,2023-01-30,25.8,2023-08-23,23.3,2023-06-11,2023-10-19
0385X,L'ESTARTIT,GIRONA,1.0,2024,366,57,53,0,33,26,0.0,2024-01-09,24.9,2024-07-24,22.9,2024-06-24,2024-09-07
0385X,L'ESTARTIT,GIRONA,1.0,2025,360,74,69,2,44,16,-1.7,2025-01-15,25.9,2025-06-28,23.5,2025-06-10,2025-09-20
0394X,LA VALL DE BIANYA,GIRONA,350.0,2017,353,1,1,0,0,1,-8.8,2017-01-18,20.1,2017-08-27,17.5,2017-08-27,2017-08-27
0394X,LA VALL DE BIANYA,GIRONA,350.0,2018,365,0,0,0,0,0,-7.6,2018-02-13,18.8,2018-07-30,17.0,,
0394X,LA VALL DE BIANYA,GIRONA,350.0,2019,365,1,1,0,0,1,-6.7,2019-01-11,20.3,2019-08-19,17.3,2019-08-19,2019-08-19
0394X,LA VALL DE BIANYA,GIRONA,350.0,2020,366,1,1,0,1,1,-5.5,2020-12-27,22.4,2020-08-22,17.5,2020-08-22,2020-08-22
0394X,LA VALL DE BIANYA,GIRONA,350.0,2021,365,1,1,0,0,1,-7.2,2021-01-06,20.4,2021-08-23,16.6,2021-08-23,2021-08-23
0394X,LA VALL DE BIANYA,GIRONA,350.0,2022,365,0,0,0,0,0,-7.6,2022-01-15,19.9,2022-07-27,17.6,,
0394X,LA VALL DE BIANYA,GIRONA,350.0,2023,362,6,6,0,0,2,-7.5,2023-01-30,21.4,2023-07-19,18.6,2023-07-11,2023-08-20
0394X,LA VALL DE BIANYA,GIRONA,350.0,2024,365,1,1,0,0,1,-7.5,2024-01-09,20.3,2024-08-25,17.8,2024-08-25,2024-08-25
0394X,LA VALL DE BIANYA,GIRONA,350.0,2025,360,1,1,0,0,1,-7.1,2025-01-14,20.7,2025-07-19,17.8,2025-07-19,2025-07-19
0411X,CASTELLÓ D'EMPÚRIES,GIRONA,2.0,2017,363,18,18,0,2,5,-5.1,2017-01-07,22.7,2017-06-16,19.9,2017-06-16,2017-08-30
0411X,CASTELLÓ D'EMPÚRIES,GIRONA,2.0,2018,364,19,19,0,3,8,-3.6,2018-02-27,23.5,2018-08-20,20.1,2018-06-22,2018-08-25
0411X,CASTELLÓ D'EMPÚRIES,GIRONA,2.0,2019,365,19,18,0,5,4,-2.3,2019-01-08,24.1,2019-07-15,20.1,2019-06-30,2019-09-02
0411X,CASTELLÓ D'EMPÚRIES,GIRONA,2.0,2020,364,20,20,0,3,4,-1.4,2020-12-29,23.4,2020-08-23,20.2,2020-06-22,2020-08-23
0411X,CASTELLÓ D'EMPÚRIES,GIRONA,2.0,2022,350,34,32,1,6,9,-3.2,2022-01-23,25.4,2022-07-07,20.7,2022-06-15,2022-09-13
0411X,CASTELLÓ D'EMPÚRIES,GIRONA,2.0,2023,364,32,31,0,8,8,-4.4,2023-01-30,23.3,2023-06-23,21.0,2023-06-21,2023-09-02
0411X,CASTELLÓ D'EMPÚRIES,GIRONA,2.0,2024,365,30,29,0,4,7,-3.4,2024-01-09,24.6,2024-08-03,20.6,2024-07-11,2024-09-07
0411X,CASTELLÓ D'EMPÚRIES,GIRONA,2.0,2025,362,32,32,0,5,5,-4.6,2025-01-15,22.5,2025-06-27,20.9,2025-06-16,2025-08-27
0413A,MAÇANET DE CABRENYS,GIRONA,355.0,2017,363,3,3,0,0,2,-4.4,2017-01-19,21.2,2017-08-05,18.5,2017-08-04,2017-08-26
0413A,MAÇANET DE CABRENYS,GIRONA,355.0,2018,364,10,9,1,3,6,-7.3,2018-02-27,29.8,2018-08-04,18.5,2018-06-22,2018-10-24
0413A,MAÇANET DE CABRENYS,GIRONA,355.0,2019,362,5,5,0,0,2,-3.9,2019-01-22,21.3,2019-07-15,19.0,2019-06-29,2019-08-07
0413A,MAÇANET DE CABRENYS,GIRONA,355.0,2020,364,3,1,0,0,1,-3.2,2020-12-27,21.2,2020-09-11,18.3,2020-05-19,2020-09-11
0413A,MAÇANET DE CABRENYS,GIRONA,355.0,2021,338,1,1,0,0,1,-4.4,2021-01-06,20.5,2021-08-12,17.6,2021-08-12,2021-08-12
0413A,MAÇANET DE CABRENYS,GIRONA,355.0,2022,361,12,12,0,0,2,-3.5,2022-01-13,21.7,2022-08-02,19.3,2022-06-17,2022-08-25
0413A,MAÇANET DE CABRENYS,GIRONA,355.0,2023,365,14,14,0,3,7,-3.7,2023-01-30,24.2,2023-08-23,19.0,2023-06-15,2023-08-25
0413A,MAÇANET DE CABRENYS,GIRONA,355.0,2024,366,9,9,0,0,2,-3.5,2024-01-09,21.8,2024-08-12,19.0,2024-07-26,2024-08-15
0413A,MAÇANET DE CABRENYS,GIRONA,355.0,2025,362,11,11,0,3,5,-4.1,2025-01-14,24.3,2025-08-17,19.4,2025-06-29,2025-08-18
0421E,ESPOLLA 'LES ALBERES',GIRONA,100.0,2017,365,28,28,0,8,6,-2.7,2017-01-18,24.3,2017-06-16,20.5,2017-06-15,2017-08-29
0421E,ESPOLLA 'LES ALBERES',GIRONA,100.0,2018,345,34,33,2,13,10,-3.4,2018-02-13,26.2,2018-08-20,21.7,2018-06-22,2018-10-24
0421E,ESPOLLA 'LES ALBERES',GIRONA,100.0,2019,365,32,31,0,7,8,-2.2,2019-01-22,23.5,2019-07-15,20.9,2019-06-28,2019-09-02
0421E,ESPOLLA 'LES ALBERES',GIRONA,100.0,2020,324,18,17,0,4,4,-1.4,2020-12-27,23.3,2020-07-14,20.4,2020-05-19,2020-08-09
0421E,ESPOLLA 'LES ALBERES',GIRONA,100.0,2021,334,21,17,0,7,5,1.1,2021-11-30,23.6,2021-07-18,20.5,2021-06-14,2021-09-15
0421E,ESPOLLA 'LES ALBERES',GIRONA,100.0,2023,303,19,18,0,5,7,-1.3,2023-01-27,22.7,2023-06-23,20.2,2023-06-15,2023-10-03
0421E,ESPOLLA 'LES ALBERES',GIRONA,100.0,2024,365,32,31,0,9,7,-0.5,2024-01-09,24.7,2024-07-24,21.4,2024-07-11,2024-09-07
0421X,ESPOLLA,GIRONA,100.0,2017,364,28,28,1,7,8,-2.4,2017-01-18,25.7,2017-06-16,20.5,2017-06-15,2017-08-29
0421X,ESPOLLA,GIRONA,100.0,2018,363,35,34,4,14,10,-3.2,2018-02-13,26.3,2018-08-20,21.5,2018-06-22,2018-10-24
0421X,ESPOLLA,GIRONA,100.0,2019,364,35,34,0,7,8,-2.0,2019-01-22,23.6,2019-07-15,21.0,2019-06-28,2019-09-02
0421X,ESPOLLA,GIRONA,100.0,2020,365,27,26,0,6,4,-1.1,2020-12-27,23.4,2020-07-14,20.8,2020-05-19,2020-08-27
0421X,ESPOLLA,GIRONA,100.0,2021,365,22,18,0,7,5,-2.7,2021-01-06,23.7,2021-07-18,20.5,2021-06-14,2021-09-15
0421X,ESPOLLA,GIRONA,100.0,2022,365,54,48,2,19,11,-1.7,2022-01-07,25.9,2022-08-26,22.1,2022-04-16,2022-09-13
0421X,ESPOLLA,GIRONA,100.0,2023,365,33,32,0,14,8,-1.0,2023-01-27,24.4,2023-08-23,21.3,2023-06-15,2023-10-03
0421X,ESPOLLA,GIRONA,100.0,2024,366,34,33,0,10,7,-0.3,2024-01-09,24.9,2024-07-24,21.4,2024-07-11,2024-09-07
0421X,ESPOLLA,GIRONA,100.0,2025,362,46,46,1,13,12,-3.0,2025-01-15,25.4,2025-06-28,21.5,2025-06-11,2025-08-27
0429X,FIGUERES,GIRONA,45.0,2017,363,54,53,1,23,16,-1.4,2017-01-07,26.0,2017-08-05,22.4,2017-06-11,2017-09-06
0429X,FIGUERES,GIRONA,45.0,2018,365,50,46,3,20,15,-2.3,2018-02-13,27.0,2018-08-01,22.3,2018-06-19,2018-09-22
0429X,FIGUERES,GIRONA,45.0,2019,360,53,51,1,26,14,0.0,2019-01-22,25.2,2019-08-10,22.7,2019-06-28,2019-09-02
0429X,FIGUERES,GIRONA,45.0,2020,366,51,49,0,20,17,-1.3,2020-12-27,24.5,2020-08-02,22.1,2020-06-22,2020-09-12
0429X,FIGUERES,GIRONA,45.0,2021,359,50,43,0,19,10,-1.9,2021-01-04,23.5,2021-07-25,22.1,2021-06-13,2021-09-15
0429X,FIGUERES,GIRONA,45.0,2022,361,74,65,2,43,29,-0.7,2022-01-14,25.8,2022-07-06,23.4,2022-06-07,2022-09-14
0429X,FIGUERES,GIRONA,45.0,2023,359,57,53,4,34,17,-1.1,2023-01-27,26.3,2023-08-23,23.4,2023-06-18,2023-09-19
0429X,FIGUERES,GIRONA,45.0,2024,363,46,43,3,28,25,-1.1,2024-01-09,26.5,2024-08-02,22.9,2024-06-27,2024-09-07
0429X,FIGUERES,GIRONA,45.0,2025,354,59,56,6,32,16,-2.1,2025-01-14,26.1,2025-07-04,23.0,2025-06-08,2025-09-08
0433D,CABO DE CREUS,GIRONA,75.0,2020,327,79,63,0,40,38,5.2,2020-12-27,24.5,2020-07-29,23.0,2020-05-20,2020-09-21
0433D,CABO DE CREUS,GIRONA,75.0,2021,331,80,61,0,33,14,2.3,2021-01-09,24.5,2021-07-19,22.6,2021-06-08,2021-09-28
0433D,CABO DE CREUS,GIRONA,75.0,2022,354,102,80,10,73,40,4.3,2022-04-02,26.8,2022-08-01,24.6,2022-06-06,2022-10-25
0433D,CABO DE CREUS,GIRONA,75.0,2023,342,101,62,2,41,19,1.3,2023-02-27,25.3,2023-08-23,23.1,2023-06-11,2023-10-23
0433D,CABO DE CREUS,GIRONA,75.0,2024,341,83,68,14,57,49,5.4,2024-01-09,27.5,2024-08-09,24.7,2024-05-29,2024-10-09
0433D,CABO DE CREUS,GIRONA,75.0,2025,351,106,87,27,72,74,4.6,2025-02-08,29.8,2025-08-16,25.6,2025-05-28,2025-09-20
1002Y,"BAZTAN, IRURITA",NAVARRA,183.0,2017,334,0,0,0,0,0,-8.7,2017-01-07,19.5,2017-08-03,17.1,,
1002Y,"BAZTAN, IRURITA",NAVARRA,183.0,2018,364,0,0,0,0,0,-6.7,2018-02-27,20.0,2018-07-31,17.6,,
1002Y,"BAZTAN, IRURITA",NAVARRA,183.0,2019,350,0,0,0,0,0,-4.8,2019-01-06,19.5,2019-09-21,17.4,,
1002Y,"BAZTAN, IRURITA",NAVARRA,183.0,2020,339,2,2,0,0,2,-2.4,2020-01-03,21.1,2020-08-10,16.6,2020-08-10,2020-08-11
1002Y,"BAZTAN, IRURITA",NAVARRA,183.0,2021,365,1,1,0,0,1,-4.7,2021-01-07,20.1,2021-07-22,17.2,2021-07-22,2021-07-22
1002Y,"BAZTAN, IRURITA",NAVARRA,183.0,2022,364,6,5,0,0,1,-6.2,2022-01-15,20.5,2022-07-19,18.2,2022-06-17,2022-10-27
1002Y,"BAZTAN, IRURITA",NAVARRA,183.0,2023,365,3,3,0,0,3,-6.0,2023-02-10,21.3,2023-08-22,17.9,2023-08-21,2023-08-23
1002Y,"BAZTAN, IRURITA",NAVARRA,183.0,2024,366,1,1,0,0,1,-5.7,2024-01-20,20.2,2024-07-19,17.9,2024-07-19,2024-07-19
1002Y,"BAZTAN, IRURITA",NAVARRA,183.0,2025,365,3,3,0,0,1,-5.7,2025-01-19,21.8,2025-07-01,17.6,2025-07-01,2025-08-17
1010X,BERA,NAVARRA,54.0,2017,359,0,0,0,0,0,-6.2,2017-01-08,19.5,2017-10-15,17.8,,
1010X,BERA,NAVARRA,54.0,2018,361,2,2,0,0,1,-6.3,2018-02-27,20.9,2018-08-06,18.2,2018-07-31,2018-08-06
1010X,BERA,NAVARRA,54.0,2019,363,3,2,0,0,1,-4.2,2019-01-11,21.8,2019-09-21,18.4,2019-07-20,2019-09-21
1010X,BERA,NAVARRA,54.0,2020,366,2,2,0,0,2,-2.2,2020-01-21,21.8,2020-08-10,17.8,2020-08-10,2020-08-11
1010X,BERA,NAVARRA,54.0,2021,365,3,3,0,0,2,-3.3,2021-01-08,20.7,2021-08-14,17.0,2021-07-21,2021-08-14
1010X,BERA,NAVARRA,54.0,2022,364,6,5,0,0,1,-4.5,2022-01-16,21.0,2022-08-04,18.7,2022-08-04,2022-09-13
1010X,BERA,NAVARRA,54.0,2023,365,6,5,0,0,1,-4.6,2023-02-10,21.2,2023-10-17,18.8,2023-07-09,2023-10-17
1010X,BERA,NAVARRA,54.0,2024,366,5,4,0,0,2,-4.0,2024-01-20,21.1,2024-04-05,18.8,2024-04-05,2024-08-12
1010X,BERA,NAVARRA,54.0,2025,365,4,4,0,1,2,-3.7,2025-01-19,22.1,2025-07-01,18.1,2025-07-01,2025-08-17
1012P,IRUN,GIPUZKOA,120.0,2017,365,4,3,0,1,3,-2.9,2017-01-18,22.6,2017-06-20,18.7,2017-06-19,2017-10-15
1012P,IRUN,GIPUZKOA,120.0,2018,365,12,10,0,1,2,-5.1,2018-02-27,22.1,2018-10-13,19.6,2018-04-19,2018-10-13
1012P,IRUN,GIPUZKOA,120.0,2019,365,9,7,0,1,4,0.0,2019-01-04,22.3,2019-09-21,19.0,2019-07-05,2019-10-12
1012P,IRUN,GIPUZKOA,120.0,2020,366,9,7,0,0,3,0.5,2020-03-30,21.7,2020-08-19,19.0,2020-07-31,2020-09-18
1012P,IRUN,GIPUZKOA,120.0,2021,362,5,1,0,0,2,-1.1,2021-01-07,21.2,2021-09-14,18.4,2021-08-14,2021-09-14
1012P,IRUN,GIPUZKOA,120.0,2022,363,23,15,1,5,4,-0.4,2022-01-22,26.6,2022-10-27,20.4,2022-06-17,2022-10-29
1012P,IRUN,GIPUZKOA,120.0,2023,363,18,8,0,4,7,-0.1,2023-01-22,22.6,2023-08-24,19.8,2023-06-08,2023-10-18
1012P,IRUN,GIPUZKOA,120.0,2024,366,8,7,0,1,4,-0.5,2024-01-20,22.2,2024-07-30,19.2,2024-04-05,2024-08-12
1012P,IRUN,GIPUZKOA,120.0,2025,365,10,9,0,0,5,0.3,2025-01-13,22.0,2025-06-30,19.1,2025-06-30,2025-11-13
1014,"HONDARRIBIA, MALKARROA",GIPUZKOA,4.0,2017,365,8,7,0,0,2,-3.4,2017-01-20,21.9,2017-06-20,19.4,2017-06-20,2017-10-15
1014,"HONDARRIBIA, MALKARROA",GIPUZKOA,4.0,2018,365,19,19,0,1,8,-3.7,2018-02-27,22.1,2018-07-31,20.1,2018-06-21,2018-08-06
1014,"HONDARRIBIA, MALKARROA",GIPUZKOA,4.0,2019,365,15,14,0,3,6,-2.2,2019-01-05,23.4,2019-09-21,19.7,2019-07-05,2019-09-21
1014,"HONDARRIBIA, MALKARROA",GIPUZKOA,4.0,2020,366,17,14,0,3,6,-0.4,2020-01-21,22.4,2020-09-14,19.9,2020-07-20,2020-10-20
1014,"HONDARRIBIA, MALKARROA",GIPUZKOA,4.0,2021,365,8,5,0,1,2,-2.9,2021-01-08,22.4,2021-09-07,19.0,2021-07-21,2021-09-14
1014,"HONDARRIBIA, MALKARROA",GIPUZKOA,4.0,2022,365,27,23,0,3,3,-1.4,2022-01-23,24.1,2022-09-13,20.6,2022-06-17,2022-10-21
1014,"HONDARRIBIA, MALKARROA",GIPUZKOA,4.0,2023,365,18,12,0,5,8,-1.8,2023-01-22,23.2,2023-08-24,19.9,2023-06-08,2023-10-17
1014,"HONDARRIBIA, MALKARROA",GIPUZKOA,4.0,2024,366,16,15,0,4,5,-1.9,2024-01-20,22.9,2024-07-30,19.7,2024-04-05,2024-08-12
1014,"HONDARRIBIA, MALKARROA",GIPUZKOA,4.0,2025,365,17,15,0,3,8,-0.5,2025-01-13,23.0,2025-08-16,20.0,2025-06-30,2025-11-13
1014A,DONOSTIA / SAN SEBASTIÁN AEROPUERTO,GIPUZKOA,4.0,2017,365,16,15,0,1,3,-3.1,2017-01-20,22.1,2017-06-20,19.9,2017-06-20,2017-10-15
1014A,DONOSTIA / SAN SEBASTIÁN AEROPUERTO,GIPUZKOA,4.0,2018,365,25,25,0,1,9,-2.7,2018-02-27,22.7,2018-07-31,20.5,2018-06-21,2018-08-23
1014A,DONOSTIA / SAN SEBASTIÁN AEROPUERTO,GIPUZKOA,4.0,2019,364,15,14,0,3,6,-1.1,2019-01-05,23.4,2019-09-21,19.5,2019-07-05,2019-09-21
1014A,DONOSTIA / SAN SEBASTIÁN AEROPUERTO,GIPUZKOA,4.0,2020,365,18,15,0,3,6,0.0,2020-01-21,22.3,2020-07-31,20.0,2020-07-10,2020-10-20
1014A,DONOSTIA / SAN SEBASTIÁN AEROPUERTO,GIPUZKOA,4.0,2021,365,8,5,0,1,2,-3.0,2021-01-08,22.5,2021-09-07,19.0,2021-07-21,2021-09-14
1014A,DONOSTIA / SAN SEBASTIÁN AEROPUERTO,GIPUZKOA,4.0,2022,363,42,33,1,8,8,-0.9,2022-01-23,25.1,2022-09-13,21.5,2022-06-16,2022-10-27
1014A,DONOSTIA / SAN SEBASTIÁN AEROPUERTO,GIPUZKOA,4.0,2023,364,18,12,0,4,8,-0.9,2023-01-22,23.0,2023-10-17,19.8,2023-06-08,2023-10-17
1014A,DONOSTIA / SAN SEBASTIÁN AEROPUERTO,GIPUZKOA,4.0,2024,366,30,27,0,8,10,-2.6,2024-01-20,24.3,2024-07-30,20.8,2024-04-05,2024-10-15
1014A,DONOSTIA / SAN SEBASTIÁN AEROPUERTO,GIPUZKOA,4.0,2025,365,20,17,0,3,8,0.2,2025-01-13,23.0,2025-08-16,20.1,2025-06-21,2025-11-13
1021X,"ERRENTERIA, AÑARBE",GIPUZKOA,165.0,2017,365,1,0,0,0,1,-5.1,2017-01-07,21.9,2017-10-15,17.5,2017-10-15,2017-10-15
1021X,"ERRENTERIA, AÑARBE",GIPUZKOA,165.0,2018,364,1,0,0,0,1,-6.1,2018-02-27,21.7,2018-10-13,17.7,2018-10-13,2018-10-13
1021X,"ERRENTERIA, AÑARBE",GIPUZKOA,165.0,2019,362,3,1,0,1,1,-3.5,2019-01-05,22.7,2019-10-12,18.3,2019-07-25,2019-10-12
1021X,"ERRENTERIA, AÑARBE",GIPUZKOA,165.0,2020,366,2,1,0,0,1,-1.1,2020-01-21,20.4,2020-08-10,17.3,2020-08-10,2020-09-18
1021X,"ERRENTERIA, AÑARBE",GIPUZKOA,165.0,2021,365,2,0,0,0,1,-3.4,2021-01-08,21.6,2021-09-14,17.0,2021-09-07,2021-09-14
1021X,"ERRENTERIA, AÑARBE",GIPUZKOA,165.0,2022,365,7,1,0,4,3,-2.9,2022-01-23,24.2,2022-10-27,18.8,2022-08-11,2022-10-29
1021X,"ERRENTERIA, AÑARBE",GIPUZKOA,165.0,2023,357,5,3,0,0,1,-2.8,2023-02-10,21.5,2023-08-24,18.3,2023-06-08,2023-10-17
1021X,"ERRENTERIA, AÑARBE",GIPUZKOA,165.0,2024,363,3,1,0,0,1,-3.2,2024-01-20,20.6,2024-07-30,18.2,2024-04-05,2024-10-15
1021X,"ERRENTERIA, AÑARBE",GIPUZKOA,165.0,2025,365,3,3,0,0,1,-1.7,2025-01-13,20.7,2025-07-01,18.0,2025-07-01,2025-08-17
1021Y,ARTICUTZA (AUTOMATICA),NAVARRA,305.0,2018,357,0,0,0,0,0,-6.4,2018-02-27,18.5,2018-07-31,16.4,,
1021Y,ARTICUTZA (AUTOMATICA),NAVARRA,305.0,2019,358,0,0,0,0,0,-4.3,2019-01-05,19.2,2019-07-25,16.5,,
1021Y,ARTICUTZA (AUTOMATICA),NAVARRA,305.0,2020,361,0,0,0,0,0,-1.8,2020-01-12,19.7,2020-08-10,15.6,,
1021Y,ARTICUTZA (AUTOMATICA),NAVARRA,305.0,2021,362,0,0,0,0,0,-4.3,2021-01-08,18.6,2021-09-07,15.2,,
1021Y,ARTICUTZA (AUTOMATICA),NAVARRA,305.0,2022,364,1,0,0,0,1,-3.6,2022-01-23,20.1,2022-09-13,16.8,2022-09-13,2022-09-13
1021Y,ARTICUTZA (AUTOMATICA),NAVARRA,305.0,2023,361,0,0,0,0,0,-3.6,2023-02-10,19.7,2023-08-22,16.9,,
1021Y,ARTICUTZA (AUTOMATICA),NAVARRA,305.0,2024,362,0,0,0,0,0,-4.5,2024-01-20,18.9,2024-08-12,17.0,,
1021Y,ARTICUTZA (AUTOMATICA),NAVARRA,305.0,2025,363,0,0,0,0,0,-2.6,2025-01-19,19.9,2025-07-01,16.8,,
1024E,"DONOSTIA / SAN SEBASTIÁN, IGELDO",GIPUZKOA,250.0,2017,365,4,3,0,2,3,-2.9,2017-01-18,22.5,2017-06-20,17.6,2017-06-19,2017-10-15
1024E,"DONOSTIA / SAN SEBASTIÁN, IGELDO",GIPUZKOA,250.0,2018,365,4,3,0,0,2,-5.1,2018-02-27,20.5,2018-10-13,19.0,2018-08-03,2018-10-13
1024E,"DONOSTIA / SAN SEBASTIÁN, IGELDO",GIPUZKOA,250.0,2019,365,3,2,0,0,1,0.5,2019-01-04,20.6,2019-09-21,18.5,2019-07-25,2019-09-21
1024E,"DONOSTIA / SAN SEBASTIÁN, IGELDO",GIPUZKOA,250.0,2020,366,2,2,0,0,1,0.0,2020-01-20,22.0,2020-08-19,18.5,2020-08-09,2020-08-19
1024E,"DONOSTIA / SAN SEBASTIÁN, IGELDO",GIPUZKOA,250.0,2021,365,3,0,0,0,2,0.0,2021-01-06,21.5,2021-09-06,17.4,2021-09-06,2021-09-14
1024E,"DONOSTIA / SAN SEBASTIÁN, IGELDO",GIPUZKOA,250.0,2022,365,14,7,0,3,3,0.4,2022-01-23,24.3,2022-10-27,19.5,2022-07-13,2022-10-29
1024E,"DONOSTIA / SAN SEBASTIÁN, IGELDO",GIPUZKOA,250.0,2023,365,13,4,0,2,6,-1.0,2023-02-27,23.6,2023-09-05,19.1,2023-08-19,2023-10-18
1024E,"DONOSTIA / SAN SEBASTIÁN, IGELDO",GIPUZKOA,250.0,2024,366,5,4,0,0,3,-1.3,2024-01-20,21.4,2024-07-30,18.6,2024-07-29,2024-10-15
1024E,"DONOSTIA / SAN SEBASTIÁN, IGELDO",GIPUZKOA,250.0,2025,365,6,6,0,0,2,0.5,2025-01-13,21.3,2025-08-11,18.7,2025-06-19,2025-08-16
1025A,SEGURA,GIPUZKOA,255.0,2017,365,0,0,0,0,0,-6.4,2017-01-07,19.8,2017-06-20,17.6,,
1025A,SEGURA,GIPUZKOA,255.0,2018,365,0,0,0,0,0,-6.7,2018-02-27,19.3,2018-07-26,17.4,,
1025A,SEGURA,GIPUZKOA,255.0,2019,365,2,1,0,0,1,-4.4,2019-01-05,20.7,2019-10-12,17.5,2019-07-25,2019-10-12
1025A,SEGURA,GIPUZKOA,255.0,2020,366,2,1,0,0,1,-3.1,2020-01-02,21.5,2020-09-14,16.8,2020-08-10,2020-09-14
1025A,SEGURA,GIPUZKOA,255.0,2021,365,1,0,0,0,1,-4.5,2021-01-07,21.2,2021-09-07,16.5,2021-09-07,2021-09-07
1025A,SEGURA,GIPUZKOA,255.0,2022,365,5,1,0,1,3,-4.3,2022-01-23,22.1,2022-10-28,18.4,2022-06-17,2022-10-29
1025A,SEGURA,GIPUZKOA,255.0,2023,365,3,3,0,0,2,-4.0,2023-01-21,21.5,2023-08-24,17.6,2023-07-08,2023-08-24
1025A,SEGURA,GIPUZKOA,255.0,2024,362,2,2,0,0,2,-4.4,2024-01-20,21.3,2024-07-29,17.8,2024-07-29,2024-07-30
1025A,SEGURA,GIPUZKOA,255.0,2025,365,3,2,0,0,1,-2.9,2025-01-18,21.0,2025-07-01,17.4,2025-07-01,2025-09-19
1025X,"BEASAIN, ARRIARAN",GIPUZKOA,255.0,2017,363,1,1,0,0,1,-6.1,2017-01-07,20.3,2017-06-20,17.5,2017-06-20,2017-06-20
1025X,"BEASAIN, ARRIARAN",GIPUZKOA,255.0,2018,356,0,0,0,0,0,-6.2,2018-02-27,19.3,2018-07-31,17.5,,
1025X,"BEASAIN, ARRIARAN",GIPUZKOA,255.0,2019,365,1,0,0,0,1,-4.0,2019-01-05,20.6,2019-10-12,17.4,2019-10-12,2019-10-12
1025X,"BEASAIN, ARRIARAN",GIPUZKOA,255.0,2020,366,3,2,0,1,1,-1.8,2020-01-02,22.3,2020-09-14,16.9,2020-08-07,2020-09-14
1025X,"BEASAIN, ARRIARAN",GIPUZKOA,255.0,2021,356,1,0,0,0,1,-3.1,2021-01-07,20.9,2021-09-07,16.5,2021-09-07,2021-09-07
1025X,"BEASAIN, ARRIARAN",GIPUZKOA,255.0,2022,365,5,1,0,0,2,-4.1,2022-01-23,21.9,2022-10-27,18.4,2022-06-17,2022-10-28
1025X,"BEASAIN, ARRIARAN",GIPUZKOA,255.0,2023,365,2,2,0,0,1,-2.9,2023-02-10,21.5,2023-08-24,17.6,2023-06-08,2023-08-24
1025X,"BEASAIN, ARRIARAN",GIPUZKOA,255.0,2024,366,2,2,0,0,2,-4.1,2024-01-20,21.6,2024-07-29,17.7,2024-07-29,2024-07-30
1025X,"BEASAIN, ARRIARAN",GIPUZKOA,255.0,2025,365,3,2,0,0,1,-2.6,2025-01-19,20.8,2025-07-01,17.9,2025-07-01,2025-09-19
1026X,ORDIZIA,GIPUZKOA,290.0,2017,364,2,2,0,0,2,-5.3,2017-01-07,21.0,2017-06-20,17.2,2017-06-19,2017-06-20
1026X,ORDIZIA,GIPUZKOA,290.0,2018,362,0,0,0,0,0,-5.9,2018-02-27,19.2,2018-06-30,17.9,,
1026X,ORDIZIA,GIPUZKOA,290.0,2019,365,2,0,0,0,2,-3.6,2019-01-05,21.0,2019-10-12,17.8,2019-10-12,2019-10-13
1026X,ORDIZIA,GIPUZKOA,290.0,2020,366,3,1,0,0,1,-1.4,2020-01-02,21.2,2020-09-14,17.1,2020-08-07,2020-09-18
1026X,ORDIZIA,GIPUZKOA,290.0,2021,365,1,0,0,0,1,-2.7,2021-01-07,20.4,2021-09-07,16.7,2021-09-07,2021-09-07
1026X,ORDIZIA,GIPUZKOA,290.0,2022,360,7,2,0,1,3,-3.3,2022-01-23,23.0,2022-10-27,18.5,2022-06-17,2022-10-29
1026X,ORDIZIA,GIPUZKOA,290.0,2023,365,4,3,0,1,1,-2.3,2023-02-10,22.1,2023-09-09,17.8,2023-06-08,2023-09-09
1026X,ORDIZIA,GIPUZKOA,290.0,2024,366,2,2,0,1,2,-3.3,2024-01-20,22.3,2024-07-29,17.9,2024-07-29,2024-07-30
1026X,ORDIZIA,GIPUZKOA,290.0,2025,365,4,2,0,1,1,-2.1,2025-01-18,22.5,2025-09-19,17.8,2025-07-01,2025-09-19
1033X,ARESO,NAVARRA,520.0,2017,358,1,1,0,0,1,-7.0,2017-01-18,20.8,2017-06-19,16.1,2017-06-19,2017-06-19
1033X,ARESO,NAVARRA,520.0,2018,365,0,0,0,0,0,-8.7,2018-02-27,18.4,2018-07-26,16.6,,
1033X,ARESO,NAVARRA,520.0,2019,365,0,0,0,0,0,-5.1,2019-01-04,19.8,2019-07-23,16.7,,
1033X,ARESO,NAVARRA,520.0,2020,365,1,0,0,0,1,-1.3,2020-03-27,20.8,2020-09-14,15.6,2020-09-14,2020-09-14
1033X,ARESO,NAVARRA,520.0,2021,365,0,0,0,0,0,-5.1,2021-01-07,18.6,2021-09-07,15.1,,
1033X,ARESO,NAVARRA,520.0,2022,365,4,0,0,0,2,-3.8,2022-01-22,21.0,2022-10-27,17.3,2022-09-12,2022-10-28
1033X,ARESO,NAVARRA,520.0,2023,363,1,0,0,0,1,-4.2,2023-01-21,20.2,2023-09-09,17.3,2023-09-09,2023-09-09
1033X,ARESO,NAVARRA,520.0,2024,366,3,3,0,0,2,-5.6,2024-01-20,21.6,2024-07-29,16.8,2024-07-29,2024-08-11
1033X,ARESO,NAVARRA,520.0,2025,365,1,0,0,1,1,-2.1,2025-01-13,22.8,2025-09-19,16.7,2025-09-19,2025-09-19
1037X,LEGAZPI,GIPUZKOA,460.0,2017,365,1,1,0,0,1,-5.0,2017-01-20,20.3,2017-06-19,16.4,2017-06-19,2017-06-19
1037X,LEGAZPI,GIPUZKOA,460.0,2018,365,0,0,0,0,0,-7.1,2018-02-27,18.5,2018-06-30,16.4,,
1037X,LEGAZPI,GIPUZKOA,460.0,2019,365,0,0,0,0,0,-5.2,2019-01-04,20.0,2019-07-23,16.2,,
1037X,LEGAZPI,GIPUZKOA,460.0,2020,365,1,0,0,0,1,-1.4,2020-01-02,20.5,2020-09-14,15.8,2020-09-14,2020-09-14
1037X,LEGAZPI,GIPUZKOA,460.0,2021,361,0,0,0,0,0,-5.3,2021-01-08,18.6,2021-09-07,14.9,,
1037X,LEGAZPI,GIPUZKOA,460.0,2022,348,2,0,0,0,1,-3.9,2022-01-23,21.8,2022-10-27,17.4,2022-09-13,2022-10-27
1037X,LEGAZPI,GIPUZKOA,460.0,2023,361,1,1,0,0,1,-2.9,2023-01-21,20.1,2023-08-24,17.2,2023-08-24,2023-08-24
1037X,LEGAZPI,GIPUZKOA,460.0,2024,364,2,2,0,0,2,-4.4,2024-01-20,21.8,2024-07-29,16.7,2024-07-29,2024-07-30
1037X,LEGAZPI,GIPUZKOA,460.0,2025,365,1,0,0,0,1,-2.5,2025-03-17,20.8,2025-09-19,16.8,2025-09-19,2025-09-19
1037Y,ZUMARRAGA,GIPUZKOA,431.0,2017,360,0,0,0,0,0,-6.4,2017-01-07,17.2,2017-07-07,15.7,,
1037Y,ZUMARRAGA,GIPUZKOA,431.0,2018,364,0,0,0,0,0,-7.1,2018-02-27,17.6,2018-06-30,16.3,,
1037Y,ZUMARRAGA,GIPUZKOA,431.0,2019,364,0,0,0,0,0,-4.6,2019-01-04,19.1,2019-07-23,16.0,,
1037Y,ZUMARRAGA,GIPUZKOA,431.0,2020,356,0,0,0,0,0,-1.8,2020-01-12,18.9,2020-08-08,14.9,,
1037Y,ZUMARRAGA,GIPUZKOA,431.0,2021,365,0,0,0,0,0,-5.7,2021-01-07,17.8,2021-09-07,14.6,,
1037Y,ZUMARRAGA,GIPUZKOA,431.0,2022,365,1,0,0,0,1,-3.4,2022-01-30,20.3,2022-09-13,17.0,2022-09-13,2022-09-13
1037Y,ZUMARRAGA,GIPUZKOA,431.0,2023,336,4,2,0,0,2,-3.2,2023-01-21,20.9,2023-08-24,17.8,2023-08-23,2023-09-09
1037Y,ZUMARRAGA,GIPUZKOA,431.0,2024,320,3,3,0,1,2,-3.5,2024-01-20,22.6,2024-07-29,17.4,2024-07-29,2024-08-11
1037Y,ZUMARRAGA,GIPUZKOA,431.0,2025,365,3,2,0,0,1,-1.0,2025-01-14,21.2,2025-09-19,17.5,2025-08-11,2025-09-19
1038X,AZPEITIA,GIPUZKOA,180.0,2017,365,2,1,0,0,1,-4.4,2017-01-07,20.6,2017-06-20,17.6,2017-06-20,2017-10-15
1038X,AZPEITIA,GIPUZKOA,180.0,2018,365,0,0,0,0,0,-5.2,2018-02-27,19.9,2018-07-25,18.0,,
1038X,AZPEITIA,GIPUZKOA,180.0,2019,362,1,0,0,0,1,-2.3,2019-01-05,21.5,2019-10-12,17.9,2019-10-12,2019-10-12
1038X,AZPEITIA,GIPUZKOA,180.0,2020,362,3,2,0,0,1,-0.2,2020-01-12,20.5,2020-09-14,17.4,2020-08-07,2020-09-14
1038X,AZPEITIA,GIPUZKOA,180.0,2021,365,1,0,0,0,1,-3.2,2021-01-08,20.3,2021-09-07,17.1,2021-09-07,2021-09-07
1038X,AZPEITIA,GIPUZKOA,180.0,2022,360,6,2,0,2,2,-2.5,2022-01-23,22.5,2022-09-13,18.8,2022-06-17,2022-10-29
1038X,AZPEITIA,GIPUZKOA,180.0,2023,361,5,3,0,0,1,-2.2,2023-01-21,22.0,2023-08-24,18.2,2023-06-08,2023-09-16
1038X,AZPEITIA,GIPUZKOA,180.0,2024,366,1,1,0,0,1,-2.6,2024-01-20,21.2,2024-07-30,18.3,2024-07-30,2024-07-30
1038X,AZPEITIA,GIPUZKOA,180.0,2025,365,5,4,0,0,2,-0.8,2025-01-18,20.3,2025-08-15,17.8,2025-07-01,2025-09-19
1041A,ZUMAIA,GIPUZKOA,28.0,2017,365,6,5,0,1,2,-1.3,2017-01-20,22.1,2017-10-15,18.9,2017-06-20,2017-10-15
1041A,ZUMAIA,GIPUZKOA,28.0,2018,365,10,9,0,1,3,-2.5,2018-02-27,22.1,2018-07-25,19.5,2018-07-15,2018-10-13
1041A,ZUMAIA,GIPUZKOA,28.0,2019,361,8,7,0,0,6,0.7,2019-01-05,22.0,2019-07-24,19.2,2019-07-05,2019-09-21
1041A,ZUMAIA,GIPUZKOA,28.0,2020,363,9,8,0,0,3,1.9,2020-01-21,21.6,2020-08-09,19.1,2020-07-31,2020-09-14
1041A,ZUMAIA,GIPUZKOA,28.0,2021,365,5,2,0,1,1,-1.3,2021-01-08,22.1,2021-10-19,18.6,2021-07-21,2021-10-19
1041A,ZUMAIA,GIPUZKOA,28.0,2022,335,24,17,1,4,3,0.1,2022-01-23,25.5,2022-10-27,20.4,2022-06-17,2022-10-27
1041A,ZUMAIA,GIPUZKOA,28.0,2023,343,17,8,0,2,7,-0.2,2023-01-21,23.8,2023-08-24,20.0,2023-06-08,2023-11-13
1041A,ZUMAIA,GIPUZKOA,28.0,2025,334,12,11,0,3,5,2.0,2025-01-18,22.9,2025-08-13,19.4,2025-07-01,2025-11-13
1044X,"ARAMAIO, ETXAGUEN",ARABA/ALAVA,617.0,2017,365,1,1,0,0,1,-4.2,2017-01-20,20.1,2017-06-20,15.4,2017-06-20,2017-06-20
1044X,"ARAMAIO, ETXAGUEN",ARABA/ALAVA,617.0,2018,365,0,0,0,0,0,-6.6,2018-02-27,18.4,2018-08-06,15.8,,
1044X,"ARAMAIO, ETXAGUEN",ARABA/ALAVA,617.0,2019,365,0,0,0,0,0,-3.2,2019-01-04,18.7,2019-06-27,15.9,,
1044X,"ARAMAIO, ETXAGUEN",ARABA/ALAVA,617.0,2020,366,0,0,0,0,0,-1.0,2020-03-31,18.6,2020-08-07,16.0,,
1044X,"ARAMAIO, ETXAGUEN",ARABA/ALAVA,617.0,2021,365,1,0,0,0,1,-4.6,2021-01-08,20.4,2021-09-06,14.7,2021-09-06,2021-09-06
1044X,"ARAMAIO, ETXAGUEN",ARABA/ALAVA,617.0,2022,365,3,3,0,0,1,-2.2,2022-01-23,21.3,2022-07-17,16.7,2022-06-17,2022-08-11
1044X,"ARAMAIO, ETXAGUEN",ARABA/ALAVA,617.0,2023,365,1,0,0,0,1,-2.2,2023-02-27,20.2,2023-09-09,16.4,2023-09-09,2023-09-09
1044X,"ARAMAIO, ETXAGUEN",ARABA/ALAVA,617.0,2024,366,3,3,0,0,2,-3.6,2024-01-20,21.5,2024-07-29,15.7,2024-07-29,2024-08-11
1044X,"ARAMAIO, ETXAGUEN",ARABA/ALAVA,617.0,2025,365,2,2,0,0,2,-1.9,2025-01-13,21.2,2025-08-12,16.6,2025-08-11,2025-08-12
1048X,ARETXABALETA,GIPUZKOA,308.0,2017,365,0,0,0,0,0,-6.3,2017-01-07,18.9,2017-08-03,16.9,,
1048X,ARETXABALETA,GIPUZKOA,308.0,2018,364,0,0,0,0,0,-6.8,2018-02-27,19.3,2018-07-26,17.1,,
1048X,ARETXABALETA,GIPUZKOA,308.0,2019,365,1,0,0,0,1,-4.7,2019-01-05,20.9,2019-10-12,16.7,2019-10-12,2019-10-12
1048X,ARETXABALETA,GIPUZKOA,308.0,2020,366,1,0,0,0,1,-2.1,2020-01-02,20.3,2020-09-14,16.2,2020-09-14,2020-09-14
1048X,ARETXABALETA,GIPUZKOA,308.0,2021,365,0,0,0,0,0,-3.7,2021-01-08,19.2,2021-08-14,15.5,,
1048X,ARETXABALETA,GIPUZKOA,308.0,2022,365,5,0,0,1,3,-3.5,2022-01-16,22.2,2022-10-27,17.7,2022-09-13,2022-10-29
1048X,ARETXABALETA,GIPUZKOA,308.0,2023,365,2,2,0,0,1,-3.6,2023-02-11,21.2,2023-08-24,17.1,2023-06-08,2023-08-24
1048X,ARETXABALETA,GIPUZKOA,308.0,2024,366,2,2,0,0,2,-4.5,2024-01-20,21.8,2024-07-29,17.0,2024-07-29,2024-07-30
1048X,ARETXABALETA,GIPUZKOA,308.0,2025,365,2,1,0,1,1,-2.7,2025-01-18,22.1,2025-09-06,17.1,2025-07-01,2025-09-06
1049N,ELGETA,GIPUZKOA,470.0,2017,365,0,0,0,0,0,-4.9,2017-01-20,19.7,2017-06-21,16.1,,
1049N,ELGETA,GIPUZKOA,470.0,2018,365,0,0,0,0,0,-5.8,2018-02-27,18.3,2018-08-06,16.7,,
1049N,ELGETA,GIPUZKOA,470.0,2019,365,0,0,0,0,0,-3.4,2019-01-04,18.9,2019-10-12,16.0,,
1049N,ELGETA,GIPUZKOA,470.0,2020,366,0,0,0,0,0,-0.2,2020-03-30,19.0,2020-08-07,16.5,,
1049N,ELGETA,GIPUZKOA,470.0,2021,357,0,0,0,0,0,-4.2,2021-01-07,19.7,2021-09-06,15.3,,
1049N,ELGETA,GIPUZKOA,470.0,2022,356,4,2,0,0,1,-2.2,2022-01-23,21.6,2022-10-27,17.7,2022-07-17,2022-10-27
1049N,ELGETA,GIPUZKOA,470.0,2023,365,0,0,0,0,0,-2.0,2023-01-21,19.7,2023-08-24,17.0,,
1049N,ELGETA,GIPUZKOA,470.0,2024,366,3,3,0,0,2,-3.1,2024-01-20,21.0,2024-07-29,16.4,2024-07-29,2024-08-11
1049N,ELGETA,GIPUZKOA,470.0,2025,365,0,0,0,0,0,-1.4,2025-03-17,20.0,2025-08-11,16.5,,
1050J,ELGOIBAR,GIPUZKOA,119.0,2017,361,0,0,0,0,0,-4.5,2017-01-07,19.3,2017-06-20,17.1,,
1050J,ELGOIBAR,GIPUZKOA,119.0,2018,365,0,0,0,0,0,-4.9,2018-02-27,19.1,2018-07-25,17.2,,
1050J,ELGOIBAR,GIPUZKOA,119.0,2019,343,1,0,0,0,1,-2.8,2019-01-05,20.1,2019-09-21,16.5,2019-09-21,2019-09-21
1050J,ELGOIBAR,GIPUZKOA,119.0,2020,366,0,0,0,0,0,-0.2,2020-01-12,19.0,2020-08-07,17.0,,
1050J,ELGOIBAR,GIPUZKOA,119.0,2021,365,0,0,0,0,0,-3.5,2021-01-08,19.8,2021-09-07,16.0,,
1050J,ELGOIBAR,GIPUZKOA,119.0,2022,328,3,1,0,1,2,-3.2,2022-01-23,22.4,2022-09-13,17.8,2022-08-11,2022-09-13
1050J,ELGOIBAR,GIPUZKOA,119.0,2023,343,7,2,0,1,2,-0.9,2023-02-11,23.0,2023-08-24,19.0,2023-06-08,2023-10-18
1052A,MUTRIKU,GIPUZKOA,150.0,2017,365,4,3,0,0,3,-0.9,2017-01-18,21.9,2017-06-20,18.3,2017-06-19,2017-10-15
1052A,MUTRIKU,GIPUZKOA,150.0,2018,365,7,6,0,0,2,-2.6,2018-02-28,21.6,2018-08-03,19.3,2018-07-24,2018-10-13
1052A,MUTRIKU,GIPUZKOA,150.0,2019,365,8,7,0,0,4,2.3,2019-01-04,21.1,2019-07-23,18.9,2019-07-04,2019-09-21
1052A,MUTRIKU,GIPUZKOA,150.0,2020,354,8,6,0,1,2,2.3,2020-03-31,23.3,2020-08-19,19.1,2020-08-07,2020-09-17
1052A,MUTRIKU,GIPUZKOA,150.0,2021,365,6,0,0,0,3,1.3,2021-01-08,21.6,2021-09-06,18.4,2021-09-06,2021-10-19
1052A,MUTRIKU,GIPUZKOA,150.0,2022,364,22,15,0,9,7,1.5,2022-04-03,23.7,2022-08-11,20.4,2022-06-17,2022-10-28
1052A,MUTRIKU,GIPUZKOA,150.0,2023,362,14,6,0,2,6,0.7,2023-02-27,23.4,2023-09-05,19.5,2023-08-19,2023-10-17
1052A,MUTRIKU,GIPUZKOA,150.0,2024,366,5,4,0,1,3,1.0,2024-01-20,22.2,2024-07-30,18.9,2024-04-05,2024-08-11
1052A,MUTRIKU,GIPUZKOA,150.0,2025,365,10,10,0,0,7,2.0,2025-11-21,21.2,2025-06-30,19.3,2025-06-19,2025-08-17
1055B,LEKEITIO,BIZKAIA,12.0,2017,365,5,4,0,1,2,-0.3,2017-01-20,22.7,2017-10-15,18.7,2017-06-20,2017-10-15
1055B,LEKEITIO,BIZKAIA,12.0,2018,363,10,9,0,0,3,-1.8,2018-02-28,21.7,2018-07-25,19.7,2018-07-14,2018-10-13
1055B,LEKEITIO,BIZKAIA,12.0,2019,340,2,1,0,0,1,0.7,2019-11-13,21.0,2019-09-21,17.4,2019-07-22,2019-09-21
1056K,FORUA,BIZKAIA,45.0,2017,364,0,0,0,0,0,-3.5,2017-01-26,19.7,2017-06-20,17.3,,
1056K,FORUA,BIZKAIA,45.0,2018,364,1,1,0,0,1,-3.2,2018-02-27,20.6,2018-07-25,18.0,2018-07-25,2018-07-25
1056K,FORUA,BIZKAIA,45.0,2019,365,2,1,0,0,1,-2.0,2019-01-05,21.4,2019-09-21,17.9,2019-07-25,2019-09-21
1056K,FORUA,BIZKAIA,45.0,2020,366,2,2,0,0,1,0.0,2020-01-06,20.3,2020-08-10,17.6,2020-08-10,2020-08-20
1056K,FORUA,BIZKAIA,45.0,2021,365,2,1,0,0,1,-2.1,2021-01-07,20.8,2021-09-07,16.9,2021-08-14,2021-09-07
1056K,FORUA,BIZKAIA,45.0,2022,365,5,3,0,0,1,-2.4,2022-01-23,20.8,2022-08-11,18.8,2022-07-21,2022-10-27
1056K,FORUA,BIZKAIA,45.0,2023,365,3,1,0,0,1,-2.1,2023-01-21,21.6,2023-08-24,18.2,2023-08-24,2023-10-17
1056K,FORUA,BIZKAIA,45.0,2024,366,4,4,0,0,3,-2.1,2024-01-20,21.3,2024-07-29,17.9,2024-07-29,2024-08-12
1056K,FORUA,BIZKAIA,45.0,2025,361,6,6,0,0,5,-1.2,2025-01-17,21.3,2025-08-15,17.8,2025-07-01,2025-08-17
1057B,MATXITXAKO,BIZKAIA,93.0,2018,342,11,10,0,0,4,-2.0,2018-02-28,21.9,2018-10-13,19.8,2018-07-09,2018-10-13
1057B,MATXITXAKO,BIZKAIA,93.0,2019,365,9,8,0,0,4,4.0,2019-04-04,21.1,2019-07-24,19.1,2019-07-22,2019-10-26
1057B,MATXITXAKO,BIZKAIA,93.0,2020,366,10,8,0,1,3,2.6,2020-03-30,22.9,2020-08-19,19.6,2020-07-31,2020-11-01
1057B,MATXITXAKO,BIZKAIA,93.0,2021,331,4,1,0,1,1,2.1,2021-01-06,22.8,2021-10-19,18.2,2021-08-14,2021-10-19
1057B,MATXITXAKO,BIZKAIA,93.0,2022,365,23,16,0,4,6,2.3,2022-04-03,23.6,2022-10-27,20.2,2022-01-01,2022-10-28
1057B,MATXITXAKO,BIZKAIA,93.0,2023,364,17,7,0,4,6,2.5,2023-01-24,22.8,2023-09-05,20.0,2023-08-10,2023-11-13
1057B,MATXITXAKO,BIZKAIA,93.0,2024,366,11,11,0,0,7,2.3,2024-01-20,22.0,2024-07-30,19.3,2024-07-28,2024-08-12
1057B,MATXITXAKO,BIZKAIA,93.0,2025,365,11,11,0,0,7,4.6,2025-01-13,21.5,2025-08-14,19.6,2025-06-19,2025-08-17
1059X,PUNTA GALEA,BIZKAIA,81.0,2017,358,2,1,0,0,1,-2.2,2017-01-20,20.7,2017-10-15,17.8,2017-06-20,2017-10-15
1059X,PUNTA GALEA,BIZKAIA,81.0,2018,357,5,4,0,1,2,-2.6,2018-02-28,22.2,2018-10-13,18.5,2018-07-15,2018-10-13
1059X,PUNTA GALEA,BIZKAIA,81.0,2019,355,3,3,0,0,1,-0.7,2019-01-05,20.4,2019-07-25,18.0,2019-07-22,2019-08-29
1060X,AMURRIO,ARABA/ALAVA,240.0,2017,365,0,0,0,0,0,-7.3,2017-01-07,19.0,2017-10-15,17.2,,
1060X,AMURRIO,ARABA/ALAVA,240.0,2018,365,1,1,0,0,1,-5.1,2018-02-27,20.2,2018-07-26,17.6,2018-07-26,2018-07-26
1060X,AMURRIO,ARABA/ALAVA,240.0,2019,365,1,1,0,0,1,-6.3,2019-01-06,20.2,2019-08-29,17.7,2019-08-29,2019-08-29
1060X,AMURRIO,ARABA/ALAVA,240.0,2020,366,2,2,0,0,1,-2.6,2020-01-12,20.4,2020-08-07,17.5,2020-08-07,2020-08-10
1060X,AMURRIO,ARABA/ALAVA,240.0,2021,365,0,0,0,0,0,-4.4,2021-01-07,19.6,2021-08-14,16.5,,
1060X,AMURRIO,ARABA/ALAVA,240.0,2022,365,7,3,0,0,3,-3.9,2022-01-23,21.4,2022-08-11,18.6,2022-06-17,2022-10-27
1060X,AMURRIO,ARABA/ALAVA,240.0,2023,365,2,1,0,0,1,-3.5,2023-03-05,21.9,2023-08-24,17.9,2023-08-24,2023-10-18
1060X,AMURRIO,ARABA/ALAVA,240.0,2024,366,2,2,0,0,1,-3.9,2024-01-20,20.8,2024-07-30,17.9,2024-07-30,2024-08-10
1060X,AMURRIO,ARABA/ALAVA,240.0,2025,365,8,8,0,0,5,-3.3,2025-01-15,21.3,2025-08-17,18.0,2025-07-01,2025-08-17
1064L,"OROZKO, IBARRA",BIZKAIA,270.0,2017,359,0,0,0,0,0,-5.3,2017-01-07,17.7,2017-08-25,16.2,,
1064L,"OROZKO, IBARRA",BIZKAIA,270.0,2018,357,1,0,0,0,1,-4.3,2018-02-27,20.4,2018-10-13,16.6,2018-10-13,2018-10-13
1064L,"OROZKO, IBARRA",BIZKAIA,270.0,2019,365,0,0,0,0,0,-3.4,2019-01-05,18.6,2019-07-22,16.7,,
1064L,"OROZKO, IBARRA",BIZKAIA,270.0,2020,365,0,0,0,0,0,-0.6,2020-01-12,18.9,2020-08-10,16.6,,
1064L,"OROZKO, IBARRA",BIZKAIA,270.0,2021,365,0,0,0,0,0,-3.1,2021-01-07,18.9,2021-08-14,15.8,,
1064L,"OROZKO, IBARRA",BIZKAIA,270.0,2022,365,1,0,0,1,1,-2.8,2022-01-23,24.2,2022-10-27,17.6,2022-10-27,2022-10-27
1064L,"OROZKO, IBARRA",BIZKAIA,270.0,2023,365,1,1,0,0,1,-2.6,2023-01-21,21.2,2023-08-24,16.9,2023-08-24,2023-08-24
1064L,"OROZKO, IBARRA",BIZKAIA,270.0,2024,365,0,0,0,0,0,-3.2,2024-01-20,19.5,2024-07-30,17.0,,
1064L,"OROZKO, IBARRA",BIZKAIA,270.0,2025,341,0,0,0,0,0,-1.3,2025-03-17,19.2,2025-08-17,17.0,,
1069Y,"ABADIÑO, URKIOLA",BIZKAIA,747.0,2017,365,0,0,0,0,0,-4.6,2017-01-18,18.0,2017-06-21,14.8,,
1069Y,"ABADIÑO, URKIOLA",BIZKAIA,747.0,2018,364,0,0,0,0,0,-7.2,2018-02-27,17.8,2018-08-03,15.4,,
1069Y,"ABADIÑO, URKIOLA",BIZKAIA,747.0,2019,365,0,0,0,0,0,-2.6,2019-12-31,17.9,2019-07-23,15.2,,
1069Y,"ABADIÑO, URKIOLA",BIZKAIA,747.0,2020,365,0,0,0,0,0,-2.3,2020-01-01,18.3,2020-08-07,14.7,,
1069Y,"ABADIÑO, URKIOLA",BIZKAIA,747.0,2021,353,0,0,0,0,0,-4.3,2021-01-08,17.3,2021-09-06,14.2,,
1069Y,"ABADIÑO, URKIOLA",BIZKAIA,747.0,2022,362,0,0,0,0,0,-2.4,2022-01-22,19.6,2022-07-17,16.0,,
1069Y,"ABADIÑO, URKIOLA",BIZKAIA,747.0,2023,365,0,0,0,0,0,-2.8,2023-02-27,19.2,2023-08-23,15.4,,
1069Y,"ABADIÑO, URKIOLA",BIZKAIA,747.0,2024,364,1,1,0,0,1,-4.9,2024-01-20,20.6,2024-07-29,15.3,2024-07-29,2024-07-29
1069Y,"ABADIÑO, URKIOLA",BIZKAIA,747.0,2025,363,0,0,0,0,0,-2.6,2025-01-14,19.1,2025-08-15,15.8,,
1074C,AMOREBIETA-ETXANO,BIZKAIA,100.0,2017,365,0,0,0,0,0,-5.2,2017-01-07,19.1,2017-06-20,17.2,,
1074C,AMOREBIETA-ETXANO,BIZKAIA,100.0,2018,365,0,0,0,0,0,-4.7,2018-02-27,20.0,2018-07-25,17.9,,
1074C,AMOREBIETA-ETXANO,BIZKAIA,100.0,2019,365,2,1,0,0,1,-3.2,2019-01-05,20.5,2019-09-21,17.9,2019-07-25,2019-09-21
1074C,AMOREBIETA-ETXANO,BIZKAIA,100.0,2020,366,0,0,0,0,0,-1.0,2020-01-02,19.9,2020-08-10,17.4,,
1074C,AMOREBIETA-ETXANO,BIZKAIA,100.0,2021,365,0,0,0,0,0,-1.6,2021-01-08,20.0,2021-08-14,16.9,,
1074C,AMOREBIETA-ETXANO,BIZKAIA,100.0,2022,361,5,2,0,2,1,-2.5,2022-01-15,23.0,2022-10-27,18.8,2022-08-03,2022-10-27
1074C,AMOREBIETA-ETXANO,BIZKAIA,100.0,2023,365,3,1,0,0,2,-2.2,2023-01-21,21.4,2023-10-18,18.0,2023-08-24,2023-10-18
1074C,AMOREBIETA-ETXANO,BIZKAIA,100.0,2024,360,2,2,0,0,2,-2.5,2024-01-20,20.9,2024-07-30,17.9,2024-07-29,2024-07-30
1074C,AMOREBIETA-ETXANO,BIZKAIA,100.0,2025,362,2,2,0,0,1,-1.5,2025-01-19,20.2,2025-08-17,17.7,2025-08-14,2025-08-17
1078C,BALMASEDA,BIZKAIA,210.0,2017,363,0,0,0,0,0,-7.4,2017-01-07,18.8,2017-08-25,16.5,,
1078C,BALMASEDA,BIZKAIA,210.0,2018,364,0,0,0,0,0,-4.7,2018-02-27,19.4,2018-07-26,16.8,,
1078C,BALMASEDA,BIZKAIA,210.0,2019,365,0,0,0,0,0,-5.8,2019-01-05,19.7,2019-08-29,17.2,,
1078C,BALMASEDA,BIZKAIA,210.0,2020,366,0,0,0,0,0,-2.5,2020-01-06,19.5,2020-07-23,17.0,,
1078C,BALMASEDA,BIZKAIA,210.0,2021,365,0,0,0,0,0,-3.2,2021-01-07,19.4,2021-08-14,16.1,,
1078C,BALMASEDA,BIZKAIA,210.0,2022,365,2,2,0,0,1,-3.4,2022-01-18,20.4,2022-08-11,18.2,2022-06-17,2022-08-11
1078C,BALMASEDA,BIZKAIA,210.0,2023,364,1,0,0,0,1,-2.8,2023-02-10,20.8,2023-10-18,17.5,2023-10-18,2023-10-18
1078C,BALMASEDA,BIZKAIA,210.0,2024,366,0,0,0,0,0,-4.1,2024-01-20,19.7,2024-08-12,17.6,,
1078C,BALMASEDA,BIZKAIA,210.0,2025,365,3,3,0,0,1,-3.0,2025-01-14,20.9,2025-08-17,17.0,2025-07-01,2025-08-17
1078I,GÜEÑES,BIZKAIA,208.0,2017,365,0,0,0,0,0,-5.0,2017-01-07,18.4,2017-10-15,16.7,,
1078I,GÜEÑES,BIZKAIA,208.0,2018,365,0,0,0,0,0,-3.4,2018-02-28,19.4,2018-07-26,16.9,,
1078I,GÜEÑES,BIZKAIA,208.0,2021,354,0,0,0,0,0,-1.5,2021-01-07,18.9,2021-09-07,15.6,,
1078I,GÜEÑES,BIZKAIA,208.0,2022,365,1,0,0,1,1,-2.3,2022-01-15,23.2,2022-10-27,17.9,2022-10-27,2022-10-27
1078I,GÜEÑES,BIZKAIA,208.0,2023,365,2,1,0,0,1,-1.9,2023-02-07,20.4,2023-08-24,16.9,2023-08-24,2023-10-18
1082,BILBAO AEROPUERTO,BIZKAIA,42.0,2017,365,4,3,0,1,2,-4.1,2017-01-07,22.2,2017-10-15,18.1,2017-06-20,2017-10-15
1082,BILBAO AEROPUERTO,BIZKAIA,42.0,2018,365,6,5,0,1,2,-3.5,2018-02-27,22.4,2018-10-13,18.8,2018-07-15,2018-10-13
1082,BILBAO AEROPUERTO,BIZKAIA,42.0,2019,365,5,5,0,0,2,-2.3,2019-01-05,21.3,2019-07-25,18.5,2019-07-22,2019-08-29
1082,BILBAO AEROPUERTO,BIZKAIA,42.0,2020,366,4,3,0,0,2,0.1,2020-01-06,21.7,2020-08-20,18.7,2020-08-10,2020-09-14
1082,BILBAO AEROPUERTO,BIZKAIA,42.0,2021,365,2,1,0,0,1,-1.6,2021-01-07,20.7,2021-10-19,17.8,2021-08-14,2021-10-19
1082,BILBAO AEROPUERTO,BIZKAIA,42.0,2022,365,13,7,0,2,2,-2.2,2022-01-23,22.6,2022-10-27,19.6,2022-06-17,2022-10-28
1082,BILBAO AEROPUERTO,BIZKAIA,42.0,2023,365,11,4,0,0,4,-1.5,2023-01-21,21.7,2023-08-24,19.0,2023-08-20,2023-10-18
1082,BILBAO AEROPUERTO,BIZKAIA,42.0,2024,366,8,7,0,0,3,-1.8,2024-01-20,21.7,2024-07-30,18.5,2024-04-05,2024-08-12
1082,BILBAO AEROPUERTO,BIZKAIA,42.0,2025,365,10,10,0,0,5,0.1,2025-01-15,21.7,2025-08-16,18.8,2025-06-24,2025-08-17
1083B,SOPUERTA,BIZKAIA,177.0,2017,364,0,0,0,0,0,-3.8,2017-01-07,19.3,2017-10-15,17.0,,
1083B,SOPUERTA,BIZKAIA,177.0,2018,365,1,0,0,0,1,-3.4,2018-02-28,21.0,2018-10-13,17.2,2018-10-13,2018-10-13
1083B,SOPUERTA,BIZKAIA,177.0,2019,365,0,0,0,0,0,-2.6,2019-01-05,19.3,2019-07-25,17.2,,
1083B,SOPUERTA,BIZKAIA,177.0,2020,366,0,0,0,0,0,0.3,2020-01-12,20.0,2020-08-19,16.6,,
1083B,SOPUERTA,BIZKAIA,177.0,2021,365,0,0,0,0,0,-1.8,2021-01-07,19.3,2021-10-19,16.1,,
1083B,SOPUERTA,BIZKAIA,177.0,2022,365,2,1,0,1,1,-2.4,2022-01-23,23.9,2022-10-27,18.2,2022-08-11,2022-10-27
1083B,SOPUERTA,BIZKAIA,177.0,2023,365,2,1,0,0,1,-1.0,2023-02-03,20.8,2023-10-18,17.3,2023-08-24,2023-10-18
1083B,SOPUERTA,BIZKAIA,177.0,2024,366,0,0,0,0,0,-2.3,2024-01-20,19.7,2024-07-29,17.1,,
1083B,SOPUERTA,BIZKAIA,177.0,2025,364,2,2,0,0,2,-1.2,2025-01-15,20.2,2025-08-17,16.9,2025-08-16,2025-08-17
1083L,CASTRO URDIALES,CANTABRIA,45.0,2017,313,2,1,0,0,1,0.4,2017-01-20,20.6,2017-06-20,18.3,2017-06-20,2017-10-15
1083L,CASTRO URDIALES,CANTABRIA,45.0,2018,335,4,3,0,1,1,-1.7,2018-02-28,22.2,2018-10-13,19.1,2018-07-18,2018-10-13
1083L,CASTRO URDIALES,CANTABRIA,45.0,2019,340,7,7,0,0,4,1.5,2019-01-05,20.9,2019-07-23,18.7,2019-07-22,2019-08-30
1083L,CASTRO URDIALES,CANTABRIA,45.0,2020,358,10,9,0,1,3,2.0,2020-03-31,23.0,2020-08-19,18.8,2020-07-22,2020-09-14
1083L,CASTRO URDIALES,CANTABRIA,45.0,2021,344,2,1,0,0,1,1.8,2021-01-07,20.6,2021-09-07,18.0,2021-08-14,2021-09-07
1083L,CASTRO URDIALES,CANTABRIA,45.0,2022,360,19,11,0,3,3,2.1,2022-04-03,23.2,2022-10-27,20.1,2022-06-17,2022-10-28
1083L,CASTRO URDIALES,CANTABRIA,45.0,2023,363,17,8,0,3,6,2.7,2023-01-18,22.7,2023-10-17,19.9,2023-08-01,2023-10-17
1083L,CASTRO URDIALES,CANTABRIA,45.0,2024,332,13,11,0,2,6,2.6,2024-01-20,22.5,2024-07-29,19.7,2024-04-05,2024-10-15
1083L,CASTRO URDIALES,CANTABRIA,45.0,2025,322,7,7,0,0,3,4.2,2025-01-15,21.7,2025-08-14,19.3,2025-06-19,2025-08-14
1089U,RAMALES DE LA VICTORIA,CANTABRIA,80.0,2017,358,0,0,0,0,0,-6.2,2017-01-07,18.6,2017-06-22,16.7,,
1089U,RAMALES DE LA VICTORIA,CANTABRIA,80.0,2018,360,0,0,0,0,0,-2.4,2018-02-27,20.0,2018-10-12,16.9,,
1089U,RAMALES DE LA VICTORIA,CANTABRIA,80.0,2019,359,1,1,0,0,1,-5.3,2019-01-06,20.5,2019-07-25,17.5,2019-07-25,2019-07-25
1089U,RAMALES DE LA VICTORIA,CANTABRIA,80.0,2020,360,0,0,0,0,0,-2.2,2020-01-06,20.0,2020-08-20,17.1,,
1089U,RAMALES DE LA VICTORIA,CANTABRIA,80.0,2021,358,0,0,0,0,0,-1.3,2021-01-08,19.5,2021-08-14,16.3,,
1089U,RAMALES DE LA VICTORIA,CANTABRIA,80.0,2022,357,1,0,0,1,1,-2.9,2022-01-15,22.4,2022-09-13,18.2,2022-09-13,2022-09-13
1089U,RAMALES DE LA VICTORIA,CANTABRIA,80.0,2023,360,2,0,0,1,2,-3.1,2023-02-11,22.9,2023-10-17,17.3,2023-10-17,2023-10-18
1089U,RAMALES DE LA VICTORIA,CANTABRIA,80.0,2024,361,2,2,0,0,1,-2.9,2024-01-20,20.7,2024-07-29,17.4,2024-07-29,2024-08-01
1089U,RAMALES DE LA VICTORIA,CANTABRIA,80.0,2025,361,2,2,0,0,1,-3.2,2025-01-14,20.3,2025-07-01,17.2,2025-07-01,2025-08-15
1096X,"BARCENA DE CICERO, TRETO",CANTABRIA,10.0,2017,364,0,0,0,0,0,-3.2,2017-01-07,19.3,2017-08-24,17.7,,
1096X,"BARCENA DE CICERO, TRETO",CANTABRIA,10.0,2018,363,0,0,0,0,0,-1.5,2018-02-28,20.0,2018-07-18,18.3,,
1096X,"BARCENA DE CICERO, TRETO",CANTABRIA,10.0,2019,363,2,2,0,0,1,-1.7,2019-01-04,21.0,2019-07-25,18.4,2019-07-22,2019-07-25
1096X,"BARCENA DE CICERO, TRETO",CANTABRIA,10.0,2020,363,2,2,0,0,1,0.2,2020-01-06,21.4,2020-08-20,17.6,2020-08-10,2020-08-20
1096X,"BARCENA DE CICERO, TRETO",CANTABRIA,10.0,2021,360,1,1,0,0,1,-0.7,2021-01-08,20.1,2021-08-14,17.5,2021-08-14,2021-08-14
1096X,"BARCENA DE CICERO, TRETO",CANTABRIA,10.0,2022,365,2,1,0,0,1,-0.9,2022-01-14,20.8,2022-08-11,18.9,2022-08-11,2022-10-23
1096X,"BARCENA DE CICERO, TRETO",CANTABRIA,10.0,2023,365,2,2,0,0,2,-2.3,2023-02-11,20.2,2023-08-23,18.2,2023-08-23,2023-08-24
1096X,"BARCENA DE CICERO, TRETO",CANTABRIA,10.0,2024,365,3,3,0,0,3,-1.1,2024-01-20,21.5,2024-07-29,17.9,2024-07-29,2024-07-31
1096X,"BARCENA DE CICERO, TRETO",CANTABRIA,10.0,2025,363,5,4,0,0,3,-0.6,2025-01-15,20.7,2025-08-15,18.2,2025-07-01,2025-11-13
1103X,SAN ROQUE DE RIOMIERA,CANTABRIA,849.0,2023,364,1,0,0,0,1,-3.3,2023-02-27,21.0,2023-10-01,16.4,2023-10-01,2023-10-01
1103X,SAN ROQUE DE RIOMIERA,CANTABRIA,849.0,2024,365,0,0,0,0,0,-3.3,2024-01-20,19.2,2024-08-11,14.8,,
1103X,SAN ROQUE DE RIOMIERA,CANTABRIA,849.0,2025,362,4,3,0,1,2,-2.9,2025-01-13,23.6,2025-06-20,15.7,2025-06-19,2025-09-19
1109,SANTANDER AEROPUERTO,CANTABRIA,3.0,2017,365,0,0,0,0,0,-2.0,2017-01-07,19.6,2017-08-24,18.5,,
1109,SANTANDER AEROPUERTO,CANTABRIA,3.0,2018,365,15,13,0,0,3,-1.0,2018-02-28,21.7,2018-08-04,19.6,2018-07-03,2018-10-13
1109,SANTANDER AEROPUERTO,CANTABRIA,3.0,2019,365,8,8,0,0,3,-1.4,2019-01-04,21.6,2019-08-09,18.7,2019-07-22,2019-08-31
1109,SANTANDER AEROPUERTO,CANTABRIA,3.0,2020,327,10,10,0,0,3,1.4,2020-01-06,21.4,2020-08-07,19.5,2020-07-22,2020-08-26
1109,SANTANDER AEROPUERTO,CANTABRIA,3.0,2021,365,2,2,0,0,1,-0.6,2021-01-08,20.4,2021-08-14,18.3,2021-08-12,2021-08-14
1109,SANTANDER AEROPUERTO,CANTABRIA,3.0,2022,365,15,10,1,2,3,0.0,2022-01-15,25.5,2022-10-27,19.9,2022-06-16,2022-10-28
1109,SANTANDER AEROPUERTO,CANTABRIA,3.0,2023,364,13,7,0,2,2,-1.3,2023-02-11,23.0,2023-10-17,19.9,2023-06-26,2023-10-17
1109X,SANTANDER AEROPUERTO,CANTABRIA,3.0,2017,365,0,0,0,0,0,-4.3,2017-01-07,19.6,2017-08-24,18.1,,
1109X,SANTANDER AEROPUERTO,CANTABRIA,3.0,2018,365,12,11,0,0,3,-1.5,2018-02-28,21.0,2018-07-25,18.6,2018-07-03,2018-10-12
1109X,SANTANDER AEROPUERTO,CANTABRIA,3.0,2019,365,6,6,0,0,2,-3.6,2019-01-04,21.1,2019-08-09,18.2,2019-07-22,2019-08-31
1109X,SANTANDER AEROPUERTO,CANTABRIA,3.0,2020,366,3,3,0,0,1,-0.9,2020-01-02,21.4,2020-08-20,18.5,2020-08-07,2020-08-20
1109X,SANTANDER AEROPUERTO,CANTABRIA,3.0,2021,364,1,1,0,0,1,-2.5,2021-01-08,20.4,2021-08-14,17.7,2021-08-14,2021-08-14
1109X,SANTANDER AEROPUERTO,CANTABRIA,3.0,2022,364,9,6,0,1,2,-1.9,2022-01-15,24.6,2022-10-27,19.5,2022-06-17,2022-10-27
1109X,SANTANDER AEROPUERTO,CANTABRIA,3.0,2023,365,7,3,0,1,2,-3.1,2023-02-11,23.1,2023-10-17,19.3,2023-08-16,2023-10-17
1109X,SANTANDER AEROPUERTO,CANTABRIA,3.0,2024,366,6,5,0,1,3,-2.1,2024-01-20,22.1,2024-07-29,18.3,2024-04-05,2024-08-09
1109X,SANTANDER AEROPUERTO,CANTABRIA,3.0,2025,364,4,4,0,0,3,-2.1,2025-01-19,21.9,2025-08-15,18.9,2025-07-01,2025-08-15
1111,SANTANDER,CANTABRIA,52.0,2017,365,0,0,0,0,0,1.3,2017-01-26,19.6,2017-06-20,18.5,,
1111,SANTANDER,CANTABRIA,52.0,2018,365,6,6,0,0,3,-0.8,2018-02-28,21.2,2018-08-04,19.0,2018-07-10,2018-08-05
1111,SANTANDER,CANTABRIA,52.0,2019,365,4,4,0,0,2,3.6,2019-01-05,20.9,2019-08-09,18.8,2019-07-25,2019-08-30
1111,SANTANDER,CANTABRIA,52.0,2020,366,5,5,0,0,2,3.5,2020-03-31,22.0,2020-08-19,19.2,2020-08-07,2020-08-26
1111,SANTANDER,CANTABRIA,52.0,2021,365,0,0,0,0,0,2.5,2021-01-07,19.5,2021-08-14,18.2,,
1111,SANTANDER,CANTABRIA,52.0,2022,365,8,5,0,1,2,2.1,2022-04-05,23.6,2022-10-27,19.5,2022-07-13,2022-10-27
1111,SANTANDER,CANTABRIA,52.0,2023,365,15,7,0,1,7,2.5,2023-03-01,22.3,2023-10-17,19.6,2023-08-10,2023-10-17
1111X,SANTANDER,CANTABRIA,51.0,2017,365,0,0,0,0,0,1.3,2017-01-26,19.5,2017-06-20,18.4,,
1111X,SANTANDER,CANTABRIA,51.0,2018,365,9,9,0,0,4,-0.9,2018-02-28,21.2,2018-08-04,19.2,2018-07-10,2018-08-23
1111X,SANTANDER,CANTABRIA,51.0,2019,365,3,3,0,0,2,3.7,2019-01-05,20.7,2019-08-09,18.7,2019-08-08,2019-08-30
1111X,SANTANDER,CANTABRIA,51.0,2020,366,6,6,0,0,2,3.3,2020-03-31,21.5,2020-08-19,19.1,2020-08-07,2020-08-26
1111X,SANTANDER,CANTABRIA,51.0,2021,365,0,0,0,0,0,2.4,2021-01-08,19.9,2021-08-14,18.2,,
1111X,SANTANDER,CANTABRIA,51.0,2022,365,12,9,0,1,2,2.6,2022-04-05,24.5,2022-10-27,19.8,2022-07-13,2022-10-27
1111X,SANTANDER,CANTABRIA,51.0,2023,365,14,6,0,1,6,3.1,2023-03-01,22.5,2023-10-17,19.8,2023-08-19,2023-10-17
1111X,SANTANDER,CANTABRIA,51.0,2024,363,7,7,0,0,3,2.1,2024-01-20,21.3,2024-07-30,19.2,2024-07-29,2024-08-11
1111X,SANTANDER,CANTABRIA,51.0,2025,364,8,7,0,0,6,3.9,2025-01-14,20.6,2025-08-15,19.3,2025-07-05,2025-11-13
1124E,VILLACARRIEDO,CANTABRIA,196.0,2017,365,0,0,0,0,0,-5.5,2017-01-07,19.3,2017-10-15,16.3,,
1124E,VILLACARRIEDO,CANTABRIA,196.0,2018,365,1,1,0,0,1,-4.4,2018-02-24,20.4,2018-08-03,17.2,2018-08-03,2018-08-03
1124E,VILLACARRIEDO,CANTABRIA,196.0,2019,361,0,0,0,0,0,-5.3,2019-01-04,19.3,2019-07-25,16.7,,
1124E,VILLACARRIEDO,CANTABRIA,196.0,2020,366,0,0,0,0,0,-2.3,2020-01-06,19.5,2020-08-19,16.9,,
1124E,VILLACARRIEDO,CANTABRIA,196.0,2021,365,0,0,0,0,0,-4.3,2021-01-07,19.2,2021-10-19,16.4,,
1124E,VILLACARRIEDO,CANTABRIA,196.0,2022,364,3,0,0,1,2,-4.1,2022-01-23,23.8,2022-10-27,17.9,2022-09-13,2022-10-28
1124E,VILLACARRIEDO,CANTABRIA,196.0,2023,362,1,0,0,0,1,-3.4,2023-02-03,20.9,2023-10-17,17.3,2023-10-17,2023-10-17
1124E,VILLACARRIEDO,CANTABRIA,196.0,2024,362,0,0,0,0,0,-3.6,2024-01-20,20.0,2024-07-31,17.3,,
1124E,VILLACARRIEDO,CANTABRIA,196.0,2025,332,1,1,0,0,1,-4.7,2025-01-14,20.4,2025-08-15,17.3,2025-08-15,2025-08-15
1135C,"LOS TOJOS, BÁRCENA MAYOR",CANTABRIA,460.0,2017,363,0,0,0,0,0,-6.4,2017-01-07,16.5,2017-06-22,14.3,,
1135C,"LOS TOJOS, BÁRCENA MAYOR",CANTABRIA,460.0,2018,365,0,0,0,0,0,-4.5,2018-02-24,17.8,2018-07-26,14.5,,
1135C,"LOS TOJOS, BÁRCENA MAYOR",CANTABRIA,460.0,2019,364,0,0,0,0,0,-5.8,2019-01-06,16.6,2019-08-29,14.5,,
1135C,"LOS TOJOS, BÁRCENA MAYOR",CANTABRIA,460.0,2020,366,0,0,0,0,0,-2.9,2020-01-12,17.3,2020-08-09,14.4,,
1135C,"LOS TOJOS, BÁRCENA MAYOR",CANTABRIA,460.0,2021,365,0,0,0,0,0,-5.6,2021-01-07,16.4,2021-06-14,13.7,,
1135C,"LOS TOJOS, BÁRCENA MAYOR",CANTABRIA,460.0,2022,362,0,0,0,0,0,-4.9,2022-04-05,18.3,2022-08-03,15.4,,
1135C,"LOS TOJOS, BÁRCENA MAYOR",CANTABRIA,460.0,2023,356,0,0,0,0,0,-4.8,2023-12-19,17.5,2023-08-22,14.9,,
1135C,"LOS TOJOS, BÁRCENA MAYOR",CANTABRIA,460.0,2024,366,0,0,0,0,0,-5.9,2024-01-20,16.8,2024-08-07,14.8,,
1135C,"LOS TOJOS, BÁRCENA MAYOR",CANTABRIA,460.0,2025,365,0,0,0,0,0,-5.7,2025-01-14,17.6,2025-08-14,14.7,,
1152C,SAN FELICES DE BUELNA,CANTABRIA,105.0,2017,364,0,0,0,0,0,-5.4,2017-01-07,18.4,2017-08-24,16.8,,
1152C,SAN FELICES DE BUELNA,CANTABRIA,105.0,2018,362,1,1,0,0,1,-3.2,2018-02-24,20.3,2018-07-26,17.3,2018-07-26,2018-07-26
1152C,SAN FELICES DE BUELNA,CANTABRIA,105.0,2019,363,0,0,0,0,0,-5.1,2019-01-06,20.0,2019-07-24,17.1,,
1152C,SAN FELICES DE BUELNA,CANTABRIA,105.0,2020,363,0,0,0,0,0,-1.2,2020-01-12,19.6,2020-08-20,17.2,,
1152C,SAN FELICES DE BUELNA,CANTABRIA,105.0,2021,364,0,0,0,0,0,-3.0,2021-01-07,19.4,2021-08-14,16.7,,
1152C,SAN FELICES DE BUELNA,CANTABRIA,105.0,2022,364,4,1,0,1,2,-3.0,2022-01-15,23.1,2022-10-27,18.2,2022-08-03,2022-10-28
1152C,SAN FELICES DE BUELNA,CANTABRIA,105.0,2023,365,1,0,0,0,1,-2.6,2023-02-03,22.0,2023-10-17,17.6,2023-10-17,2023-10-17
1152C,SAN FELICES DE BUELNA,CANTABRIA,105.0,2024,362,2,2,0,0,1,-3.2,2024-01-20,20.7,2024-07-31,16.9,2024-07-29,2024-07-31
1152C,SAN FELICES DE BUELNA,CANTABRIA,105.0,2025,361,0,0,0,0,0,-3.8,2025-01-14,19.8,2025-08-14,17.7,,
1154H,"TORRELAVEGA, SIERRAPANDO",CANTABRIA,110.0,2017,357,0,0,0,0,0,-1.9,2017-01-20,19.7,2017-10-15,17.2,,
1154H,"TORRELAVEGA, SIERRAPANDO",CANTABRIA,110.0,2018,359,0,0,0,0,0,-2.4,2018-02-28,20.0,2018-08-23,17.6,,
1154H,"TORRELAVEGA, SIERRAPANDO",CANTABRIA,110.0,2019,358,1,1,0,0,1,-1.3,2019-01-04,20.4,2019-07-24,17.5,2019-07-24,2019-07-24
1154H,"TORRELAVEGA, SIERRAPANDO",CANTABRIA,110.0,2020,364,1,1,0,0,1,1.9,2020-03-31,20.9,2020-08-19,17.8,2020-08-19,2020-08-19
1154H,"TORRELAVEGA, SIERRAPANDO",CANTABRIA,110.0,2021,363,0,0,0,0,0,-0.1,2021-01-07,19.9,2021-09-06,17.3,,
1154H,"TORRELAVEGA, SIERRAPANDO",CANTABRIA,110.0,2022,363,6,4,0,2,2,-0.6,2022-01-23,24.7,2022-10-27,18.6,2022-06-17,2022-10-27
1154H,"TORRELAVEGA, SIERRAPANDO",CANTABRIA,110.0,2023,360,4,2,0,1,2,0.8,2023-02-03,22.1,2023-10-17,18.5,2023-08-23,2023-10-17
1154H,"TORRELAVEGA, SIERRAPANDO",CANTABRIA,110.0,2024,366,4,4,0,0,3,-0.2,2024-01-20,21.0,2024-07-29,18.0,2024-07-29,2024-08-11
1154H,"TORRELAVEGA, SIERRAPANDO",CANTABRIA,110.0,2025,364,3,3,0,0,1,-0.4,2025-01-14,20.6,2025-08-15,18.5,2025-08-11,2025-08-15
1159,SAN VICENTE DE LA BARQUERA,CANTABRIA,38.0,2017,364,0,0,0,0,0,-2.0,2017-01-20,18.9,2017-08-18,17.6,,
1159,SAN VICENTE DE LA BARQUERA,CANTABRIA,38.0,2018,361,2,2,0,0,1,-1.8,2018-02-28,20.8,2018-08-04,18.4,2018-08-04,2018-08-23
1159,SAN VICENTE DE LA BARQUERA,CANTABRIA,38.0,2019,364,7,7,0,0,4,-1.6,2019-01-04,21.3,2019-08-09,18.6,2019-07-22,2019-08-31
1159,SAN VICENTE DE LA BARQUERA,CANTABRIA,38.0,2020,365,7,6,0,0,3,1.9,2020-03-31,20.9,2020-08-26,18.6,2020-08-09,2020-09-17
1159,SAN VICENTE DE LA BARQUERA,CANTABRIA,38.0,2021,364,0,0,0,0,0,0.1,2021-01-08,20.0,2021-08-12,17.7,,
1159,SAN VICENTE DE LA BARQUERA,CANTABRIA,38.0,2022,355,8,6,0,0,2,0.0,2022-01-23,21.5,2022-10-27,19.1,2022-07-17,2022-10-27
1159,SAN VICENTE DE LA BARQUERA,CANTABRIA,38.0,2023,360,4,2,0,0,2,0.1,2023-02-11,20.9,2023-09-10,19.2,2023-08-20,2023-09-10
1159,SAN VICENTE DE LA BARQUERA,CANTABRIA,38.0,2024,366,7,7,0,0,4,-0.1,2024-01-20,21.7,2024-07-31,19.1,2024-07-29,2024-08-31
1159,SAN VICENTE DE LA BARQUERA,CANTABRIA,38.0,2025,364,5,5,0,0,4,0.1,2025-01-14,21.2,2025-08-13,19.0,2025-08-12,2025-08-25
1167B,"CAMALEÑO, FUENTE DE",CANTABRIA,1100.0,2017,349,0,0,0,0,0,-5.1,2017-01-19,16.0,2017-06-18,13.5,,
1167B,"CAMALEÑO, FUENTE DE",CANTABRIA,1100.0,2018,357,0,0,0,0,0,-6.8,2018-02-27,17.5,2018-08-03,13.3,,
1167B,"CAMALEÑO, FUENTE DE",CANTABRIA,1100.0,2019,356,0,0,0,0,0,-5.6,2019-02-03,16.3,2019-10-12,13.6,,
1167B,"CAMALEÑO, FUENTE DE",CANTABRIA,1100.0,2020,358,0,0,0,0,0,-4.6,2020-12-26,16.5,2020-08-07,13.5,,
1167B,"CAMALEÑO, FUENTE DE",CANTABRIA,1100.0,2021,361,0,0,0,0,0,-8.6,2021-01-08,15.9,2021-09-06,12.4,,
1167B,"CAMALEÑO, FUENTE DE",CANTABRIA,1100.0,2022,356,0,0,0,0,0,-5.5,2022-04-05,19.5,2022-07-17,14.9,,
1167B,"CAMALEÑO, FUENTE DE",CANTABRIA,1100.0,2023,362,0,0,0,0,0,-7.6,2023-03-01,17.7,2023-08-23,13.9,,
1167B,"CAMALEÑO, FUENTE DE",CANTABRIA,1100.0,2024,365,0,0,0,0,0,-6.4,2024-01-20,16.5,2024-07-29,13.4,,
1167B,"CAMALEÑO, FUENTE DE",CANTABRIA,1100.0,2025,362,0,0,0,0,0,-6.6,2025-12-26,19.2,2025-08-11,14.8,,
1167G,"MIRADOR DEL CABLE, PARQUE NACIONAL PICOS DE EUROPA",CANTABRIA,1910.0,2021,360,0,0,0,0,0,-12.2,2021-01-09,16.6,2021-09-06,11.5,,
1167G,"MIRADOR DEL CABLE, PARQUE NACIONAL PICOS DE EUROPA",CANTABRIA,1910.0,2024,355,0,0,0,0,0,-9.8,2024-01-19,17.6,2024-08-10,13.2,,
1167G,"MIRADOR DEL CABLE, PARQUE NACIONAL PICOS DE EUROPA",CANTABRIA,1910.0,2025,342,0,0,0,0,0,-9.5,2025-03-14,17.5,2025-07-01,13.7,,
1167J,"CORISCAO, PARQUE NACIONAL PICOS DE EUROPA",CANTABRIA,1722.0,2024,358,0,0,0,0,0,-10.6,2024-01-19,17.5,2024-08-09,13.1,,
1167J,"CORISCAO, PARQUE NACIONAL PICOS DE EUROPA",CANTABRIA,1722.0,2025,363,1,1,0,0,1,-8.0,2025-03-14,20.6,2025-08-16,16.2,2025-08-16,2025-08-16
1174I,"CILLORIGO DE LIÉBANA, TAMA",CANTABRIA,250.0,2017,364,1,1,0,0,1,-7.3,2017-01-01,20.3,2017-07-17,16.8,2017-07-17,2017-07-17
1174I,"CILLORIGO DE LIÉBANA, TAMA",CANTABRIA,250.0,2018,358,0,0,0,0,0,-4.6,2018-02-24,19.4,2018-08-23,16.9,,
1174I,"CILLORIGO DE LIÉBANA, TAMA",CANTABRIA,250.0,2019,365,0,0,0,0,0,-7.3,2019-01-06,19.4,2019-08-09,16.7,,
1174I,"CILLORIGO DE LIÉBANA, TAMA",CANTABRIA,250.0,2020,365,0,0,0,0,0,-4.1,2020-01-12,19.8,2020-08-10,17.0,,
1174I,"CILLORIGO DE LIÉBANA, TAMA",CANTABRIA,250.0,2021,365,0,0,0,0,0,-5.2,2021-01-07,18.6,2021-07-22,16.3,,
1174I,"CILLORIGO DE LIÉBANA, TAMA",CANTABRIA,250.0,2022,364,1,0,0,1,1,-5.7,2022-01-15,22.6,2022-10-27,17.4,2022-10-27,2022-10-27
1174I,"CILLORIGO DE LIÉBANA, TAMA",CANTABRIA,250.0,2023,362,2,1,0,0,1,-5.7,2023-12-19,21.3,2023-08-20,17.1,2023-08-20,2023-10-18
1174I,"CILLORIGO DE LIÉBANA, TAMA",CANTABRIA,250.0,2024,364,0,0,0,0,0,-6.3,2024-01-20,19.6,2024-04-05,17.4,,
1174I,"CILLORIGO DE LIÉBANA, TAMA",CANTABRIA,250.0,2025,363,0,0,0,0,0,-5.7,2025-01-14,19.9,2025-08-05,16.7,,
1176A,TRESVISO,CANTABRIA,940.0,2017,365,3,3,0,0,2,-2.9,2017-01-18,20.6,2017-06-18,15.3,2017-06-18,2017-06-21
1176A,TRESVISO,CANTABRIA,940.0,2018,365,1,1,0,0,1,-7.0,2018-02-28,20.3,2018-08-03,15.0,2018-08-03,2018-08-03
1176A,TRESVISO,CANTABRIA,940.0,2019,364,0,0,0,0,0,-2.7,2019-01-07,18.6,2019-06-01,15.1,,
1176A,TRESVISO,CANTABRIA,940.0,2020,365,0,0,0,0,0,-2.6,2020-03-31,19.8,2020-06-24,15.3,,
1176A,TRESVISO,CANTABRIA,940.0,2021,363,1,0,0,0,1,-4.1,2021-01-08,21.1,2021-09-06,14.0,2021-09-06,2021-09-06
1176A,TRESVISO,CANTABRIA,940.0,2022,360,6,6,0,2,2,-2.9,2022-01-22,24.5,2022-07-16,17.0,2022-06-17,2022-08-11
1176A,TRESVISO,CANTABRIA,940.0,2023,363,3,1,0,1,1,-3.2,2023-01-30,22.3,2023-10-01,16.6,2023-08-23,2023-10-08
1176A,TRESVISO,CANTABRIA,940.0,2024,362,2,2,0,0,1,-4.3,2024-01-20,20.8,2024-08-11,14.6,2024-07-29,2024-08-11
1176A,TRESVISO,CANTABRIA,940.0,2025,359,8,7,0,1,2,-2.2,2025-12-25,23.4,2025-08-15,16.7,2025-06-19,2025-09-19
1178R,"SOTRES, PARQUE NACIONAL PICOS DE EUROPA",ASTURIAS,1236.0,2021,359,0,0,0,0,0,-8.8,2021-01-06,19.4,2021-09-06,12.1,,
1178R,"SOTRES, PARQUE NACIONAL PICOS DE EUROPA",ASTURIAS,1236.0,2024,347,0,0,0,0,0,-6.3,2024-01-19,19.9,2024-08-10,13.2,,
1178R,"SOTRES, PARQUE NACIONAL PICOS DE EUROPA",ASTURIAS,1236.0,2025,361,3,3,0,1,1,-5.5,2025-12-25,22.7,2025-08-15,15.7,2025-06-20,2025-08-15
1178Y,"POSADA DE VALDEÓN, SOTO ",LEON,953.0,2017,365,0,0,0,0,0,-5.9,2017-12-05,15.4,2017-06-22,13.1,,
1178Y,"POSADA DE VALDEÓN, SOTO ",LEON,953.0,2018,365,0,0,0,0,0,-6.8,2018-02-23,15.2,2018-07-25,12.6,,
1178Y,"POSADA DE VALDEÓN, SOTO ",LEON,953.0,2019,364,0,0,0,0,0,-6.4,2019-01-07,15.8,2019-07-25,12.7,,
1178Y,"POSADA DE VALDEÓN, SOTO ",LEON,953.0,2020,359,0,0,0,0,0,-3.9,2020-02-19,15.8,2020-07-30,13.0,,
1178Y,"POSADA DE VALDEÓN, SOTO ",LEON,953.0,2021,365,0,0,0,0,0,-10.1,2021-01-08,15.2,2021-08-22,12.0,,
1178Y,"POSADA DE VALDEÓN, SOTO ",LEON,953.0,2022,365,0,0,0,0,0,-5.5,2022-01-22,18.1,2022-07-17,14.1,,
1178Y,"POSADA DE VALDEÓN, SOTO ",LEON,953.0,2023,365,0,0,0,0,0,-7.1,2023-01-30,17.0,2023-08-24,13.4,,
1178Y,"POSADA DE VALDEÓN, SOTO ",LEON,953.0,2024,366,0,0,0,0,0,-6.6,2024-01-20,16.8,2024-07-29,13.2,,
1178Y,"POSADA DE VALDEÓN, SOTO ",LEON,953.0,2025,364,0,0,0,0,0,-6.6,2025-12-26,17.1,2025-08-12,13.9,,
1179B,CABRALES,ASTURIAS,458.0,2017,363,0,0,0,0,0,-2.1,2017-01-20,19.4,2017-06-19,15.8,,
1179B,CABRALES,ASTURIAS,458.0,2018,363,0,0,0,0,0,-4.2,2018-02-28,18.1,2018-08-03,15.8,,
1179B,CABRALES,ASTURIAS,458.0,2019,347,0,0,0,0,0,-0.6,2019-01-04,18.3,2019-07-23,16.2,,
1179B,CABRALES,ASTURIAS,458.0,2020,362,0,0,0,0,0,-0.5,2020-03-31,18.1,2020-08-07,16.1,,
1179B,CABRALES,ASTURIAS,458.0,2021,365,0,0,0,0,0,-2.3,2021-01-07,18.5,2021-09-06,15.5,,
1179B,CABRALES,ASTURIAS,458.0,2022,362,2,1,0,1,1,-2.1,2022-04-05,22.8,2022-10-27,16.8,2022-07-16,2022-10-27
1179B,CABRALES,ASTURIAS,458.0,2023,351,1,0,0,0,1,-1.2,2023-01-30,20.6,2023-10-01,16.3,2023-10-01,2023-10-01
1179B,CABRALES,ASTURIAS,458.0,2024,314,0,0,0,0,0,-2.1,2024-01-20,18.9,2024-07-29,16.2,,
1179B,CABRALES,ASTURIAS,458.0,2025,353,0,0,0,0,0,-2.0,2025-01-14,19.6,2025-06-19,16.6,,
1183X,LLANES,ASTURIAS,10.0,2017,365,0,0,0,0,0,1.5,2017-01-20,19.5,2017-08-29,18.0,,
1183X,LLANES,ASTURIAS,10.0,2018,365,6,6,0,0,2,-0.4,2018-02-28,22.0,2018-08-04,19.0,2018-07-18,2018-08-23
1183X,LLANES,ASTURIAS,10.0,2020,365,7,5,0,0,3,3.6,2020-03-31,21.3,2020-08-26,18.8,2020-08-07,2020-09-17
1183X,LLANES,ASTURIAS,10.0,2021,364,1,1,0,0,1,1.6,2021-01-07,20.2,2021-08-22,18.1,2021-08-22,2021-08-22
1183X,LLANES,ASTURIAS,10.0,2022,364,6,4,0,0,1,2.7,2022-01-23,21.7,2022-08-24,19.2,2022-07-17,2022-10-27
1183X,LLANES,ASTURIAS,10.0,2023,348,8,4,0,0,3,2.9,2023-01-23,21.1,2023-08-23,19.2,2023-07-19,2023-09-10
1183X,LLANES,ASTURIAS,10.0,2024,365,6,6,0,0,3,3.3,2024-01-20,21.2,2024-07-31,18.7,2024-07-29,2024-08-09
1183X,LLANES,ASTURIAS,10.0,2025,347,0,0,0,0,0,1.6,2025-01-14,19.9,2025-08-15,18.8,,
1186P,"AMIEVA, PANIZALES",ASTURIAS,370.0,2017,364,1,0,0,0,1,-3.7,2017-01-20,21.4,2017-10-15,16.0,2017-10-15,2017-10-15
1186P,"AMIEVA, PANIZALES",ASTURIAS,370.0,2018,358,0,0,0,0,0,-3.2,2018-02-28,19.2,2018-08-04,16.0,,
1186P,"AMIEVA, PANIZALES",ASTURIAS,370.0,2019,365,0,0,0,0,0,-2.6,2019-01-07,18.5,2019-07-24,16.1,,
1186P,"AMIEVA, PANIZALES",ASTURIAS,370.0,2020,364,1,1,0,0,1,-0.2,2020-01-01,20.1,2020-08-19,16.2,2020-08-19,2020-08-19
1186P,"AMIEVA, PANIZALES",ASTURIAS,370.0,2021,365,1,0,0,0,1,-3.9,2021-01-08,21.0,2021-10-19,15.3,2021-10-19,2021-10-19
1186P,"AMIEVA, PANIZALES",ASTURIAS,370.0,2022,362,3,1,0,1,2,-2.5,2022-01-22,22.3,2022-10-27,17.2,2022-06-17,2022-10-28
1186P,"AMIEVA, PANIZALES",ASTURIAS,370.0,2023,363,1,1,0,0,1,-0.9,2023-02-07,20.1,2023-08-20,16.9,2023-08-20,2023-08-20
1186P,"AMIEVA, PANIZALES",ASTURIAS,370.0,2024,357,0,0,0,0,0,-3.1,2024-01-20,19.1,2024-07-29,16.9,,
1186P,"AMIEVA, PANIZALES",ASTURIAS,370.0,2025,364,0,0,0,0,0,-2.2,2025-01-14,19.1,2025-06-29,17.0,,
1199X,"PILOÑA, BARGAÉU",ASTURIAS,280.0,2017,364,0,0,0,0,0,-5.4,2017-01-07,17.4,2017-08-18,16.0,,
1199X,"PILOÑA, BARGAÉU",ASTURIAS,280.0,2018,361,0,0,0,0,0,-3.2,2018-02-28,19.0,2018-08-04,16.9,,
1199X,"PILOÑA, BARGAÉU",ASTURIAS,280.0,2019,355,0,0,0,0,0,-4.3,2019-01-05,18.5,2019-07-22,16.8,,
1199X,"PILOÑA, BARGAÉU",ASTURIAS,280.0,2020,364,0,0,0,0,0,-2.3,2020-01-12,18.5,2020-08-09,16.4,,
1199X,"PILOÑA, BARGAÉU",ASTURIAS,280.0,2021,360,0,0,0,0,0,-4.9,2021-01-07,18.2,2021-08-14,15.9,,
1199X,"PILOÑA, BARGAÉU",ASTURIAS,280.0,2022,364,0,0,0,0,0,-3.6,2022-01-23,19.8,2022-08-24,17.2,,
1199X,"PILOÑA, BARGAÉU",ASTURIAS,280.0,2023,362,0,0,0,0,0,-4.7,2023-02-11,19.6,2023-08-23,16.9,,
1199X,"PILOÑA, BARGAÉU",ASTURIAS,280.0,2024,364,0,0,0,0,0,-3.8,2024-01-20,19.7,2024-08-11,17.2,,
1199X,"PILOÑA, BARGAÉU",ASTURIAS,280.0,2025,348,1,1,0,0,1,-4.3,2025-01-15,20.2,2025-06-29,16.6,2025-06-29,2025-06-29
1203D,COLUNGA,ASTURIAS,30.0,2017,365,0,0,0,0,0,-1.0,2017-01-07,18.5,2017-08-29,17.2,,
1203D,COLUNGA,ASTURIAS,30.0,2018,365,1,1,0,0,1,-1.5,2018-02-23,20.1,2018-08-04,18.2,2018-08-04,2018-08-04
1203D,COLUNGA,ASTURIAS,30.0,2019,365,1,1,0,0,1,-0.4,2019-01-06,20.1,2019-07-22,17.8,2019-07-22,2019-07-22
1203D,COLUNGA,ASTURIAS,30.0,2020,364,1,1,0,0,1,1.6,2020-03-31,20.7,2020-08-26,17.8,2020-08-26,2020-08-26
1203D,COLUNGA,ASTURIAS,30.0,2021,365,0,0,0,0,0,-0.9,2021-01-08,19.4,2021-08-12,16.9,,
1203D,COLUNGA,ASTURIAS,30.0,2022,364,1,1,0,0,1,-0.8,2022-04-05,20.7,2022-08-24,18.0,2022-08-24,2022-08-24
1203D,COLUNGA,ASTURIAS,30.0,2023,365,3,3,0,0,2,0.4,2023-02-10,20.9,2023-08-20,18.3,2023-08-19,2023-08-23
1203D,COLUNGA,ASTURIAS,30.0,2024,366,2,2,0,0,1,-0.4,2024-01-20,20.2,2024-07-31,18.0,2024-07-31,2024-08-05
1203D,COLUNGA,ASTURIAS,30.0,2025,362,0,0,0,0,0,-0.1,2025-12-26,19.5,2025-08-13,18.0,,
1207U,"GIJÓN, CAMPUS",ASTURIAS,26.0,2017,365,0,0,0,0,0,-3.2,2017-01-07,18.8,2017-08-29,17.1,,
1207U,"GIJÓN, CAMPUS",ASTURIAS,26.0,2018,365,2,2,0,0,1,-1.9,2018-02-23,20.6,2018-08-04,18.1,2018-07-24,2018-08-04
1207U,"GIJÓN, CAMPUS",ASTURIAS,26.0,2019,330,1,1,0,0,1,-3.4,2019-01-05,20.3,2019-07-22,17.6,2019-07-22,2019-07-22
1207U,"GIJÓN, CAMPUS",ASTURIAS,26.0,2020,335,0,0,0,0,0,-0.8,2020-01-02,20.0,2020-08-09,17.6,,
1207U,"GIJÓN, CAMPUS",ASTURIAS,26.0,2021,365,0,0,0,0,0,-2.7,2021-01-07,19.7,2021-08-12,17.0,,
1207U,"GIJÓN, CAMPUS",ASTURIAS,26.0,2022,363,3,3,0,0,2,-1.9,2022-01-15,21.0,2022-08-02,18.1,2022-08-02,2022-08-24
1207U,"GIJÓN, CAMPUS",ASTURIAS,26.0,2023,346,4,4,0,0,2,-2.1,2023-02-11,20.4,2023-08-23,18.6,2023-08-19,2023-08-23
1207U,"GIJÓN, CAMPUS",ASTURIAS,26.0,2024,328,5,5,0,0,3,-2.2,2024-01-20,21.2,2024-08-11,18.2,2024-07-29,2024-08-11
1208H,"GIJÓN, PUERTO",ASTURIAS,5.0,2017,365,1,1,0,0,1,1.9,2017-01-20,20.1,2017-07-29,18.6,2017-07-29,2017-07-29
1208H,"GIJÓN, PUERTO",ASTURIAS,5.0,2018,365,12,12,0,0,3,0.0,2018-02-28,21.5,2018-07-10,19.4,2018-07-08,2018-08-28
1208H,"GIJÓN, PUERTO",ASTURIAS,5.0,2019,365,7,7,0,0,2,2.6,2019-12-30,21.1,2019-07-22,19.0,2019-07-13,2019-08-30
1208H,"GIJÓN, PUERTO",ASTURIAS,5.0,2020,366,6,6,0,0,3,3.4,2020-03-31,21.3,2020-08-26,19.1,2020-08-07,2020-08-26
1208H,"GIJÓN, PUERTO",ASTURIAS,5.0,2021,365,0,0,0,0,0,2.1,2021-01-07,20.0,2021-08-22,18.5,,
1208H,"GIJÓN, PUERTO",ASTURIAS,5.0,2022,365,13,12,0,0,3,3.4,2022-01-23,21.2,2022-08-24,19.8,2022-07-14,2022-09-13
1208H,"GIJÓN, PUERTO",ASTURIAS,5.0,2023,364,17,13,0,0,7,3.1,2023-01-23,21.7,2023-08-23,20.0,2023-07-03,2023-09-07
1208H,"GIJÓN, PUERTO",ASTURIAS,5.0,2024,366,10,10,0,0,5,1.7,2024-01-20,21.5,2024-07-29,19.6,2024-07-26,2024-08-12
1208H,"GIJÓN, PUERTO",ASTURIAS,5.0,2025,363,11,10,0,0,2,3.0,2025-01-14,21.0,2025-09-14,19.5,2025-06-28,2025-09-14
1210X,CABO PEÑAS,ASTURIAS,100.0,2017,302,0,0,0,0,0,3.3,2017-11-30,19.6,2017-07-29,17.4,,
1210X,CABO PEÑAS,ASTURIAS,100.0,2021,324,0,0,0,0,0,1.9,2021-01-09,19.2,2021-08-22,17.6,,
1210X,CABO PEÑAS,ASTURIAS,100.0,2022,357,1,1,0,0,1,3.5,2022-04-05,20.8,2022-08-24,19.0,2022-08-24,2022-08-24
1210X,CABO PEÑAS,ASTURIAS,100.0,2023,324,7,5,0,0,3,3.4,2023-03-01,21.5,2023-08-23,19.4,2023-08-01,2023-09-05
1210X,CABO PEÑAS,ASTURIAS,100.0,2024,307,2,2,0,0,1,2.8,2024-01-20,20.2,2024-07-30,18.7,2024-07-30,2024-08-09
1210X,CABO PEÑAS,ASTURIAS,100.0,2025,365,0,0,0,0,0,4.1,2025-12-26,19.6,2025-08-02,18.7,,
1212E,ASTURIAS AEROPUERTO,ASTURIAS,127.0,2017,360,0,0,0,0,0,-1.1,2017-01-20,19.2,2017-06-20,16.9,,
1212E,ASTURIAS AEROPUERTO,ASTURIAS,127.0,2018,361,0,0,0,0,0,-2.2,2018-02-28,19.7,2018-08-04,17.6,,
1212E,ASTURIAS AEROPUERTO,ASTURIAS,127.0,2019,361,0,0,0,0,0,-1.4,2019-01-04,19.7,2019-08-08,16.9,,
1212E,ASTURIAS AEROPUERTO,ASTURIAS,127.0,2020,364,0,0,0,0,0,1.3,2020-03-31,19.1,2020-08-26,17.0,,
1212E,ASTURIAS AEROPUERTO,ASTURIAS,127.0,2021,358,0,0,0,0,0,-0.6,2021-01-08,18.5,2021-08-22,16.8,,
1212E,ASTURIAS AEROPUERTO,ASTURIAS,127.0,2022,360,0,0,0,0,0,0.4,2022-04-05,19.8,2022-08-02,17.9,,
1212E,ASTURIAS AEROPUERTO,ASTURIAS,127.0,2023,365,0,0,0,0,0,0.5,2023-01-23,20.0,2023-08-23,18.2,,
1212E,ASTURIAS AEROPUERTO,ASTURIAS,127.0,2024,364,0,0,0,0,0,-0.5,2024-01-20,19.5,2024-08-11,17.7,,
1212E,ASTURIAS AEROPUERTO,ASTURIAS,127.0,2025,365,0,0,0,0,0,-0.2,2025-01-14,19.2,2025-06-28,17.5,,
1221D,PAJARES-VALGRANDE,ASTURIAS,1480.0,2017,363,0,0,0,0,0,-8.3,2017-01-19,18.5,2017-06-17,12.8,,
1221D,PAJARES-VALGRANDE,ASTURIAS,1480.0,2018,359,0,0,0,0,0,-10.3,2018-03-22,17.5,2018-08-03,12.2,,
1221D,PAJARES-VALGRANDE,ASTURIAS,1480.0,2019,342,0,0,0,0,0,-7.7,2019-02-03,15.3,2019-07-24,11.9,,
1221D,PAJARES-VALGRANDE,ASTURIAS,1480.0,2020,361,0,0,0,0,0,-5.5,2020-03-30,17.6,2020-08-06,12.3,,
1221D,PAJARES-VALGRANDE,ASTURIAS,1480.0,2021,362,0,0,0,0,0,-10.6,2021-01-07,17.6,2021-09-06,11.2,,
1221D,PAJARES-VALGRANDE,ASTURIAS,1480.0,2022,345,1,1,0,1,1,-7.1,2022-01-22,22.1,2022-07-17,13.8,2022-07-17,2022-07-17
1221D,PAJARES-VALGRANDE,ASTURIAS,1480.0,2023,354,0,0,0,0,0,-9.3,2023-01-30,16.7,2023-08-22,12.3,,
1221D,PAJARES-VALGRANDE,ASTURIAS,1480.0,2024,362,0,0,0,0,0,-8.9,2024-01-12,17.4,2024-08-10,11.7,,
1221D,PAJARES-VALGRANDE,ASTURIAS,1480.0,2025,360,0,0,0,0,0,-8.4,2025-03-16,18.4,2025-08-12,14.2,,
1223P,"LENA, RONZÓN",ASTURIAS,370.0,2017,359,0,0,0,0,0,-5.0,2017-01-20,18.8,2017-07-17,16.1,,
1223P,"LENA, RONZÓN",ASTURIAS,370.0,2018,363,1,1,0,0,1,-3.6,2018-02-24,21.1,2018-08-04,16.7,2018-08-04,2018-08-04
1223P,"LENA, RONZÓN",ASTURIAS,370.0,2019,363,0,0,0,0,0,-5.0,2019-01-07,18.0,2019-07-13,16.5,,
1223P,"LENA, RONZÓN",ASTURIAS,370.0,2020,364,0,0,0,0,0,-2.7,2020-01-01,18.5,2020-11-01,16.2,,
1223P,"LENA, RONZÓN",ASTURIAS,370.0,2021,365,0,0,0,0,0,-4.7,2021-01-08,19.3,2021-10-19,16.2,,
1223P,"LENA, RONZÓN",ASTURIAS,370.0,2022,364,1,0,0,0,1,-3.9,2022-01-23,21.2,2022-10-27,17.2,2022-10-27,2022-10-27
1223P,"LENA, RONZÓN",ASTURIAS,370.0,2023,365,1,1,0,0,1,-4.0,2023-12-19,20.2,2023-08-21,17.2,2023-08-21,2023-08-21
1223P,"LENA, RONZÓN",ASTURIAS,370.0,2024,365,0,0,0,0,0,-4.4,2024-01-20,19.3,2024-07-24,17.1,,
1223P,"LENA, RONZÓN",ASTURIAS,370.0,2025,365,0,0,0,0,0,-4.0,2025-01-15,19.0,2025-08-10,17.0,,
1226X,"ALLER, FELECHOSA",ASTURIAS,750.0,2017,365,0,0,0,0,0,-3.6,2017-01-19,16.5,2017-07-17,14.3,,
1226X,"ALLER, FELECHOSA",ASTURIAS,750.0,2018,365,0,0,0,0,0,-4.3,2018-02-28,16.4,2018-08-04,13.8,,
1226X,"ALLER, FELECHOSA",ASTURIAS,750.0,2019,342,0,0,0,0,0,-4.2,2019-01-02,17.6,2019-08-08,14.3,,
1226X,"ALLER, FELECHOSA",ASTURIAS,750.0,2020,366,0,0,0,0,0,-2.2,2020-01-05,17.5,2020-08-20,14.1,,
1226X,"ALLER, FELECHOSA",ASTURIAS,750.0,2021,316,0,0,0,0,0,-7.2,2021-01-08,15.7,2021-08-22,13.4,,
1226X,"ALLER, FELECHOSA",ASTURIAS,750.0,2022,365,0,0,0,0,0,-4.0,2022-01-22,18.3,2022-07-17,14.7,,
1226X,"ALLER, FELECHOSA",ASTURIAS,750.0,2023,363,0,0,0,0,0,-4.8,2023-01-23,17.7,2023-08-20,14.5,,
1226X,"ALLER, FELECHOSA",ASTURIAS,750.0,2024,366,0,0,0,0,0,-4.7,2024-01-20,16.4,2024-08-11,14.6,,
1226X,"ALLER, FELECHOSA",ASTURIAS,750.0,2025,364,0,0,0,0,0,-3.2,2025-12-26,17.9,2025-06-20,15.2,,
1234P,"MIERES, BAIÑA",ASTURIAS,170.0,2017,364,0,0,0,0,0,-3.1,2017-01-01,19.4,2017-07-17,17.1,,
1234P,"MIERES, BAIÑA",ASTURIAS,170.0,2018,365,3,3,0,0,1,-1.6,2018-12-31,21.1,2018-08-04,18.0,2018-08-04,2018-08-22
1234P,"MIERES, BAIÑA",ASTURIAS,170.0,2019,361,0,0,0,0,0,-4.3,2019-01-06,19.2,2019-07-22,17.7,,
1234P,"MIERES, BAIÑA",ASTURIAS,170.0,2020,366,0,0,0,0,0,-2.0,2020-01-02,19.3,2020-08-09,17.2,,
1234P,"MIERES, BAIÑA",ASTURIAS,170.0,2021,365,0,0,0,0,0,-1.9,2021-01-08,19.5,2021-08-12,17.3,,
1234P,"MIERES, BAIÑA",ASTURIAS,170.0,2022,364,1,1,0,0,1,-2.4,2022-01-23,20.3,2022-08-24,18.6,2022-08-24,2022-08-24
1234P,"MIERES, BAIÑA",ASTURIAS,170.0,2023,363,3,2,0,0,2,-2.7,2023-02-11,21.9,2023-10-17,18.5,2023-08-21,2023-10-17
1234P,"MIERES, BAIÑA",ASTURIAS,170.0,2024,364,3,3,0,0,2,-2.8,2024-01-20,20.5,2024-07-29,18.2,2024-07-29,2024-08-11
1234P,"MIERES, BAIÑA",ASTURIAS,170.0,2025,365,1,1,0,0,1,-2.5,2025-01-15,20.9,2025-06-29,17.8,2025-06-29,2025-06-29
1249I,OVIEDO,ASTURIAS,336.0,2017,365,0,0,0,0,0,-2.3,2017-01-20,18.5,2017-10-15,16.6,,
1249I,OVIEDO,ASTURIAS,336.0,2018,365,0,0,0,0,0,-3.5,2018-02-28,19.7,2018-08-04,16.9,,
1249I,OVIEDO,ASTURIAS,336.0,2019,365,0,0,0,0,0,-1.5,2019-01-07,19.0,2019-08-09,16.8,,
1249I,OVIEDO,ASTURIAS,336.0,2020,366,0,0,0,0,0,0.0,2020-03-30,19.3,2020-08-26,16.6,,
1249I,OVIEDO,ASTURIAS,336.0,2021,365,0,0,0,0,0,-2.1,2021-01-08,18.2,2021-09-06,16.4,,
1249I,OVIEDO,ASTURIAS,336.0,2022,365,2,2,0,0,2,-1.7,2022-04-05,21.1,2022-07-14,18.0,2022-07-13,2022-07-14
1249X,OVIEDO,ASTURIAS,334.0,2017,365,0,0,0,0,0,-2.2,2017-01-20,19.2,2017-06-19,16.6,,
1249X,OVIEDO,ASTURIAS,334.0,2018,365,0,0,0,0,0,-3.4,2018-02-28,19.3,2018-08-04,17.0,,
1249X,OVIEDO,ASTURIAS,334.0,2019,365,0,0,0,0,0,-1.6,2019-01-07,18.7,2019-07-22,17.0,,
1249X,OVIEDO,ASTURIAS,334.0,2020,366,0,0,0,0,0,-0.2,2020-03-31,19.3,2020-08-26,16.7,,
1249X,OVIEDO,ASTURIAS,334.0,2021,365,0,0,0,0,0,-2.1,2021-01-08,18.5,2021-09-06,16.4,,
1249X,OVIEDO,ASTURIAS,334.0,2022,365,3,3,0,0,2,-0.9,2022-01-23,20.5,2022-07-14,18.1,2022-07-14,2022-07-17
1249X,OVIEDO,ASTURIAS,334.0,2023,351,0,0,0,0,0,-1.0,2023-01-23,19.7,2023-09-05,17.7,,
1249X,OVIEDO,ASTURIAS,334.0,2024,366,1,1,0,0,1,-2.0,2024-01-20,20.2,2024-07-29,17.2,2024-07-29,2024-07-29
1249X,OVIEDO,ASTURIAS,334.0,2025,364,0,0,0,0,0,-1.3,2025-01-14,19.8,2025-06-29,17.3,,
1272B,"TINEO, SOUTU",ASTURIAS,280.0,2017,363,0,0,0,0,0,-3.7,2017-01-25,19.3,2017-07-17,17.0,,
1272B,"TINEO, SOUTU",ASTURIAS,280.0,2018,365,3,3,0,0,2,-2.6,2018-02-28,21.0,2018-08-04,17.5,2018-08-04,2018-08-22
1272B,"TINEO, SOUTU",ASTURIAS,280.0,2019,364,0,0,0,0,0,-5.4,2019-01-06,19.0,2019-07-22,17.1,,
1272B,"TINEO, SOUTU",ASTURIAS,280.0,2020,366,0,0,0,0,0,-3.3,2020-01-02,19.8,2020-08-26,16.6,,
1272B,"TINEO, SOUTU",ASTURIAS,280.0,2021,365,0,0,0,0,0,-5.1,2021-01-08,19.0,2021-08-12,16.7,,
1272B,"TINEO, SOUTU",ASTURIAS,280.0,2022,364,0,0,0,0,0,-4.3,2022-01-15,19.6,2022-08-02,17.5,,
1272B,"TINEO, SOUTU",ASTURIAS,280.0,2023,365,2,2,0,0,2,-4.1,2023-02-12,20.7,2023-08-21,17.7,2023-08-21,2023-08-22
1272B,"TINEO, SOUTU",ASTURIAS,280.0,2024,366,1,1,0,0,1,-4.9,2024-01-20,20.1,2024-08-11,18.0,2024-08-11,2024-08-11
1272B,"TINEO, SOUTU",ASTURIAS,280.0,2025,365,1,1,0,0,1,-4.9,2025-01-15,20.5,2025-06-29,17.7,2025-06-29,2025-06-29
1276F,POLA DE SOMIEDO,ASTURIAS,670.0,2017,363,0,0,0,0,0,-6.3,2017-01-19,16.3,2017-08-24,14.2,,
1276F,POLA DE SOMIEDO,ASTURIAS,670.0,2018,363,0,0,0,0,0,-4.3,2018-02-28,16.4,2018-07-25,14.2,,
1276F,POLA DE SOMIEDO,ASTURIAS,670.0,2019,359,0,0,0,0,0,-5.4,2019-01-07,17.0,2019-08-04,14.6,,
1276F,POLA DE SOMIEDO,ASTURIAS,670.0,2020,360,0,0,0,0,0,-3.0,2020-01-05,15.9,2020-07-20,13.9,,
1276F,POLA DE SOMIEDO,ASTURIAS,670.0,2021,363,0,0,0,0,0,-8.3,2021-01-08,17.8,2021-10-19,13.6,,
1276F,POLA DE SOMIEDO,ASTURIAS,670.0,2022,357,0,0,0,0,0,-4.9,2022-01-28,17.9,2022-08-03,14.9,,
1276F,POLA DE SOMIEDO,ASTURIAS,670.0,2023,364,0,0,0,0,0,-4.8,2023-01-23,18.1,2023-08-20,14.7,,
1276F,POLA DE SOMIEDO,ASTURIAS,670.0,2024,366,0,0,0,0,0,-4.4,2024-01-20,17.0,2024-07-27,13.8,,
1276F,POLA DE SOMIEDO,ASTURIAS,670.0,2025,365,0,0,0,0,0,-4.2,2025-01-14,17.4,2025-08-05,14.6,,
1279X,"SALAS, CAMUÑO",ASTURIAS,240.0,2017,363,0,0,0,0,0,-2.8,2017-01-20,17.5,2017-08-24,16.1,,
1279X,"SALAS, CAMUÑO",ASTURIAS,240.0,2018,361,0,0,0,0,0,-2.8,2018-02-28,19.6,2018-08-22,16.8,,
1279X,"SALAS, CAMUÑO",ASTURIAS,240.0,2019,352,0,0,0,0,0,-1.9,2019-01-06,18.7,2019-08-09,16.5,,
1279X,"SALAS, CAMUÑO",ASTURIAS,240.0,2020,353,0,0,0,0,0,0.0,2020-12-26,18.6,2020-08-26,16.3,,
1279X,"SALAS, CAMUÑO",ASTURIAS,240.0,2021,361,0,0,0,0,0,-3.2,2021-01-08,18.4,2021-08-27,15.5,,
1279X,"SALAS, CAMUÑO",ASTURIAS,240.0,2022,363,0,0,0,0,0,-2.2,2022-04-05,19.9,2022-07-15,17.2,,
1279X,"SALAS, CAMUÑO",ASTURIAS,240.0,2023,348,0,0,0,0,0,-2.2,2023-01-23,20.0,2023-08-21,17.4,,
1279X,"SALAS, CAMUÑO",ASTURIAS,240.0,2024,364,0,0,0,0,0,-3.0,2024-01-20,19.0,2024-08-10,16.6,,
1279X,"SALAS, CAMUÑO",ASTURIAS,240.0,2025,348,0,0,0,0,0,-2.4,2025-12-26,19.8,2025-06-29,16.7,,
1283U,CABO BUSTO,ASTURIAS,60.0,2017,365,0,0,0,0,0,1.2,2017-01-20,18.9,2017-07-29,17.5,,
1283U,CABO BUSTO,ASTURIAS,60.0,2018,337,1,1,0,0,1,0.9,2018-02-24,20.2,2018-08-04,17.3,2018-08-04,2018-08-04
1283U,CABO BUSTO,ASTURIAS,60.0,2020,323,0,0,0,0,0,3.2,2020-03-31,19.9,2020-08-26,17.7,,
1283U,CABO BUSTO,ASTURIAS,60.0,2021,361,0,0,0,0,0,0.8,2021-01-08,19.5,2021-08-11,17.3,,
1283U,CABO BUSTO,ASTURIAS,60.0,2022,344,0,0,0,0,0,1.6,2022-04-05,20.0,2022-08-23,18.0,,
1283U,CABO BUSTO,ASTURIAS,60.0,2023,340,4,4,0,0,3,1.8,2023-01-31,21.8,2023-08-01,18.9,2023-08-01,2023-08-23
1283U,CABO BUSTO,ASTURIAS,60.0,2024,333,0,0,0,0,0,1.0,2024-01-20,19.3,2024-08-05,18.0,,
1283U,CABO BUSTO,ASTURIAS,60.0,2025,349,0,0,0,0,0,0.3,2025-01-15,19.0,2025-09-14,17.6,,
1297E,CERVANTES,LUGO,1020.0,2017,365,4,4,0,1,3,-6.6,2017-01-19,22.2,2017-06-17,14.7,2017-06-17,2017-08-21
1297E,CERVANTES,LUGO,1020.0,2018,365,3,3,0,1,2,-5.5,2018-02-08,23.2,2018-08-03,15.1,2018-06-24,2018-08-04
1297E,CERVANTES,LUGO,1020.0,2019,359,0,0,0,0,0,-3.1,2019-01-12,19.4,2019-08-23,14.4,,
1297E,CERVANTES,LUGO,1020.0,2020,363,0,0,0,0,0,-3.6,2020-12-26,19.2,2020-09-13,15.1,,
1297E,CERVANTES,LUGO,1020.0,2021,361,1,0,0,0,1,-6.6,2021-01-06,20.6,2021-09-06,13.8,2021-09-06,2021-09-06
1297E,CERVANTES,LUGO,1020.0,2022,353,8,8,0,2,4,-4.2,2022-04-04,24.6,2022-07-16,16.0,2022-06-17,2022-07-17
1297E,CERVANTES,LUGO,1020.0,2023,365,1,1,0,1,1,-4.5,2023-03-02,24.1,2023-08-23,14.9,2023-08-23,2023-08-23
1297E,CERVANTES,LUGO,1020.0,2024,365,1,1,0,0,1,-3.7,2024-01-20,21.5,2024-08-10,14.0,2024-08-10,2024-08-10
1297E,CERVANTES,LUGO,1020.0,2025,364,6,6,0,2,2,-4.0,2025-03-16,24.1,2025-08-12,17.6,2025-06-18,2025-08-16
1302F,DEGAÑA,ASTURIAS,1310.0,2017,354,0,0,0,0,0,-10.3,2017-01-19,19.6,2017-06-17,12.9,,
1302F,DEGAÑA,ASTURIAS,1310.0,2018,349,0,0,0,0,0,-7.6,2018-03-22,17.3,2018-08-03,12.8,,
1302F,DEGAÑA,ASTURIAS,1310.0,2019,365,0,0,0,0,0,-6.0,2019-01-11,14.9,2019-07-22,12.5,,
1302F,DEGAÑA,ASTURIAS,1310.0,2020,366,0,0,0,0,0,-6.3,2020-12-26,16.5,2020-09-13,12.6,,
1302F,DEGAÑA,ASTURIAS,1310.0,2021,365,0,0,0,0,0,-10.5,2021-01-08,19.0,2021-09-06,11.6,,
1302F,DEGAÑA,ASTURIAS,1310.0,2022,357,1,1,0,1,1,-5.3,2022-12-04,23.3,2022-07-16,14.3,2022-07-16,2022-07-16
1302F,DEGAÑA,ASTURIAS,1310.0,2023,332,0,0,0,0,0,-9.3,2023-03-02,17.4,2023-08-22,12.8,,
1302F,DEGAÑA,ASTURIAS,1310.0,2024,363,0,0,0,0,0,-7.9,2024-01-08,17.3,2024-07-28,11.9,,
1302F,DEGAÑA,ASTURIAS,1310.0,2025,365,0,0,0,0,0,-7.0,2025-02-08,19.1,2025-08-12,14.4,,
1309C,"IBIAS, SAN ANTOLIN",ASTURIAS,780.0,2017,361,2,1,0,0,1,-3.4,2017-01-19,20.7,2017-10-15,14.7,2017-06-19,2017-10-15
1309C,"IBIAS, SAN ANTOLIN",ASTURIAS,780.0,2018,344,0,0,0,0,0,-4.2,2018-02-28,20.0,2018-08-03,14.9,,
1309C,"IBIAS, SAN ANTOLIN",ASTURIAS,780.0,2019,355,0,0,0,0,0,-2.4,2019-02-03,19.2,2019-08-08,14.6,,
1309C,"IBIAS, SAN ANTOLIN",ASTURIAS,780.0,2020,362,0,0,0,0,0,-2.6,2020-01-05,18.4,2020-07-30,15.3,,
1309C,"IBIAS, SAN ANTOLIN",ASTURIAS,780.0,2021,363,1,0,0,0,1,-6.2,2021-01-07,20.2,2021-09-06,14.5,2021-09-06,2021-09-06
1309C,"IBIAS, SAN ANTOLIN",ASTURIAS,780.0,2022,363,4,4,0,1,2,-2.8,2022-12-04,24.1,2022-07-17,16.3,2022-06-17,2022-07-17
1309C,"IBIAS, SAN ANTOLIN",ASTURIAS,780.0,2023,365,1,1,0,0,1,-2.9,2023-01-30,20.7,2023-08-23,15.7,2023-08-23,2023-08-23
1309C,"IBIAS, SAN ANTOLIN",ASTURIAS,780.0,2024,363,0,0,0,0,0,-4.0,2024-01-20,18.5,2024-08-11,14.6,,
1309C,"IBIAS, SAN ANTOLIN",ASTURIAS,780.0,2025,359,0,0,0,0,0,-3.3,2025-02-08,19.8,2025-08-11,15.3,,
1327A,"VILLAYÓN, ONETA",ASTURIAS,410.0,2017,365,2,1,0,0,1,0.0,2017-01-20,21.7,2017-06-20,15.7,2017-06-20,2017-10-15
1327A,"VILLAYÓN, ONETA",ASTURIAS,410.0,2018,357,0,0,0,0,0,-3.3,2018-02-28,18.1,2018-08-03,16.1,,
1327A,"VILLAYÓN, ONETA",ASTURIAS,410.0,2019,352,1,1,0,0,1,1.4,2019-01-15,20.3,2019-08-08,16.1,2019-08-08,2019-08-08
1327A,"VILLAYÓN, ONETA",ASTURIAS,410.0,2020,362,0,0,0,0,0,-0.7,2020-12-04,18.0,2020-08-25,16.0,,
1327A,"VILLAYÓN, ONETA",ASTURIAS,410.0,2021,359,0,0,0,0,0,-1.9,2021-01-07,19.2,2021-09-06,15.3,,
1327A,"VILLAYÓN, ONETA",ASTURIAS,410.0,2022,359,1,1,0,0,1,-0.2,2022-12-04,20.8,2022-07-13,16.7,2022-07-13,2022-07-13
1327A,"VILLAYÓN, ONETA",ASTURIAS,410.0,2023,359,0,0,0,0,0,-0.7,2023-03-01,19.3,2023-10-07,16.8,,
1327A,"VILLAYÓN, ONETA",ASTURIAS,410.0,2024,363,0,0,0,0,0,-1.2,2024-01-20,19.3,2024-07-30,16.7,,
1327A,"VILLAYÓN, ONETA",ASTURIAS,410.0,2025,362,0,0,0,0,0,0.8,2025-02-08,18.5,2025-09-14,16.2,,
1331A,CASTROPOL,ASTURIAS,40.0,2017,346,0,0,0,0,0,-1.9,2017-01-20,18.9,2017-07-29,16.8,,
1331A,CASTROPOL,ASTURIAS,40.0,2018,360,0,0,0,0,0,-1.1,2018-02-23,19.2,2018-08-04,17.1,,
1331A,CASTROPOL,ASTURIAS,40.0,2019,342,0,0,0,0,0,-0.6,2019-01-06,19.7,2019-08-17,17.3,,
1331A,CASTROPOL,ASTURIAS,40.0,2020,363,0,0,0,0,0,1.9,2020-12-26,19.4,2020-11-01,17.3,,
1331A,CASTROPOL,ASTURIAS,40.0,2021,353,0,0,0,0,0,-1.8,2021-01-09,18.1,2021-08-11,16.7,,
1331A,CASTROPOL,ASTURIAS,40.0,2022,363,0,0,0,0,0,-0.8,2022-04-05,19.3,2022-08-23,17.9,,
1331A,CASTROPOL,ASTURIAS,40.0,2023,361,4,4,0,0,2,-1.1,2023-01-23,20.9,2023-08-01,18.1,2023-07-28,2023-08-22
1331A,CASTROPOL,ASTURIAS,40.0,2024,365,0,0,0,0,0,-1.2,2024-01-20,19.9,2024-08-11,18.2,,
1331A,CASTROPOL,ASTURIAS,40.0,2025,364,1,0,0,0,1,-0.5,2025-01-14,20.1,2025-09-14,17.8,2025-09-14,2025-09-14
1341B,"TARAMUNDI, OURIA",ASTURIAS,340.0,2017,365,1,0,0,0,1,-1.7,2017-01-20,20.9,2017-10-15,15.5,2017-10-15,2017-10-15
1341B,"TARAMUNDI, OURIA",ASTURIAS,340.0,2018,364,0,0,0,0,0,-2.3,2018-02-28,18.2,2018-08-22,16.0,,
1341B,"TARAMUNDI, OURIA",ASTURIAS,340.0,2019,365,1,1,0,0,1,0.3,2019-01-06,21.1,2019-08-08,16.1,2019-08-08,2019-08-08
1341B,"TARAMUNDI, OURIA",ASTURIAS,340.0,2020,359,0,0,0,0,0,0.6,2020-01-01,18.3,2020-08-26,16.0,,
1341B,"TARAMUNDI, OURIA",ASTURIAS,340.0,2021,365,0,0,0,0,0,-0.5,2021-01-07,17.7,2021-09-08,15.5,,
1341B,"TARAMUNDI, OURIA",ASTURIAS,340.0,2022,356,0,0,0,0,0,-0.5,2022-04-05,19.1,2022-07-14,16.5,,
1341B,"TARAMUNDI, OURIA",ASTURIAS,340.0,2023,359,0,0,0,0,0,-1.2,2023-12-19,19.6,2023-08-01,16.9,,
1341B,"TARAMUNDI, OURIA",ASTURIAS,340.0,2024,356,0,0,0,0,0,-1.8,2024-01-20,18.3,2024-07-29,16.5,,
1341B,"TARAMUNDI, OURIA",ASTURIAS,340.0,2025,321,0,0,0,0,0,-0.4,2025-01-14,17.7,2025-06-29,16.2,,
1342X,RIBADEO,LUGO,43.0,2017,363,0,0,0,0,0,-0.7,2017-01-20,20.0,2017-07-29,16.9,,
1342X,RIBADEO,LUGO,43.0,2018,355,0,0,0,0,0,-0.6,2018-02-23,19.8,2018-08-03,17.5,,
1342X,RIBADEO,LUGO,43.0,2019,360,0,0,0,0,0,1.3,2019-01-06,19.9,2019-08-17,17.7,,
1342X,RIBADEO,LUGO,43.0,2020,360,0,0,0,0,0,2.7,2020-01-02,19.8,2020-11-01,17.3,,
1342X,RIBADEO,LUGO,43.0,2021,363,0,0,0,0,0,-0.6,2021-01-08,19.1,2021-08-11,17.0,,
1342X,RIBADEO,LUGO,43.0,2022,349,0,0,0,0,0,1.1,2022-04-05,19.5,2022-08-23,18.0,,
1342X,RIBADEO,LUGO,43.0,2023,365,4,4,0,0,2,0.2,2023-01-23,21.2,2023-08-01,18.1,2023-07-28,2023-08-22
1342X,RIBADEO,LUGO,43.0,2024,356,0,0,0,0,0,0.2,2024-01-20,19.7,2024-08-17,17.8,,
1342X,RIBADEO,LUGO,43.0,2025,353,1,0,0,0,1,0.2,2025-01-14,20.3,2025-09-14,17.6,2025-09-14,2025-09-14
1344X,MONDOÑEDO,LUGO,125.0,2017,365,0,0,0,0,0,-3.6,2017-01-20,19.1,2017-07-29,16.9,,
1344X,MONDOÑEDO,LUGO,125.0,2018,365,0,0,0,0,0,-2.3,2018-02-23,19.6,2018-08-22,17.5,,
1344X,MONDOÑEDO,LUGO,125.0,2019,364,0,0,0,0,0,-3.5,2019-01-05,19.9,2019-08-08,17.5,,
1344X,MONDOÑEDO,LUGO,125.0,2021,365,0,0,0,0,0,-3.8,2021-01-08,18.7,2021-08-27,16.6,,
1344X,MONDOÑEDO,LUGO,125.0,2022,364,0,0,0,0,0,-1.6,2022-01-25,19.3,2022-08-01,17.5,,
1344X,MONDOÑEDO,LUGO,125.0,2023,365,0,0,0,0,0,-2.5,2023-02-11,20.0,2023-08-21,17.7,,
1344X,MONDOÑEDO,LUGO,125.0,2024,365,0,0,0,0,0,-3.1,2024-01-20,19.6,2024-08-10,17.2,,
1344X,MONDOÑEDO,LUGO,125.0,2025,363,0,0,0,0,0,-3.0,2025-01-15,19.5,2025-06-29,17.2,,
1347T,BURELA,LUGO,80.0,2017,364,0,0,0,0,0,3.8,2017-03-22,19.1,2017-08-29,17.8,,
1347T,BURELA,LUGO,80.0,2018,365,1,1,0,0,1,2.0,2018-02-28,20.2,2018-08-04,18.8,2018-08-04,2018-08-04
1347T,BURELA,LUGO,80.0,2019,364,1,1,0,0,1,3.8,2019-01-05,21.0,2019-08-08,18.3,2019-08-08,2019-08-08
1347T,BURELA,LUGO,80.0,2020,361,0,0,0,0,0,4.2,2020-12-04,19.4,2020-08-10,17.9,,
1347T,BURELA,LUGO,80.0,2021,364,0,0,0,0,0,2.8,2021-01-08,19.2,2021-08-11,17.6,,
1347T,BURELA,LUGO,80.0,2022,364,0,0,0,0,0,4.1,2022-03-07,20.0,2022-08-01,18.3,,
1347T,BURELA,LUGO,80.0,2023,365,4,4,0,0,2,3.6,2023-02-24,21.2,2023-08-01,18.7,2023-07-28,2023-08-22
1347T,BURELA,LUGO,80.0,2024,365,2,2,0,0,1,2.1,2024-01-20,20.4,2024-08-17,18.2,2024-08-10,2024-08-17
1347T,BURELA,LUGO,80.0,2025,363,0,0,0,0,0,4.3,2025-01-15,19.5,2025-06-28,18.4,,
1351,ESTACA DE BARES,A CORUÑA,90.0,2017,363,0,0,0,0,0,4.6,2017-03-23,19.6,2017-10-15,17.6,,
1351,ESTACA DE BARES,A CORUÑA,90.0,2018,365,0,0,0,0,0,2.2,2018-02-28,19.8,2018-08-03,18.2,,
1351,ESTACA DE BARES,A CORUÑA,90.0,2019,364,0,0,0,0,0,4.8,2019-02-01,19.5,2019-08-17,17.8,,
1351,ESTACA DE BARES,A CORUÑA,90.0,2020,363,0,0,0,0,0,4.8,2020-03-31,19.1,2020-08-09,17.3,,
1351,ESTACA DE BARES,A CORUÑA,90.0,2021,365,0,0,0,0,0,3.6,2021-01-04,18.6,2021-08-13,17.1,,
1351,ESTACA DE BARES,A CORUÑA,90.0,2022,365,0,0,0,0,0,5.9,2022-03-07,19.1,2022-08-24,17.8,,
1351,ESTACA DE BARES,A CORUÑA,90.0,2023,332,3,2,0,0,2,4.8,2023-01-17,20.3,2023-08-22,18.5,2023-08-21,2023-09-06
1351,ESTACA DE BARES,A CORUÑA,90.0,2024,359,0,0,0,0,0,4.2,2024-01-20,19.8,2024-08-10,17.8,,
1351,ESTACA DE BARES,A CORUÑA,90.0,2025,358,0,0,0,0,0,4.9,2025-01-27,18.8,2025-06-28,17.8,,
1354C,FERROL,A CORUÑA,4.0,2017,333,0,0,0,0,0,0.4,2017-01-25,19.6,2017-08-17,17.5,,
1354C,FERROL,A CORUÑA,4.0,2018,365,6,5,0,0,3,1.4,2018-03-22,21.3,2018-08-03,18.8,2018-07-13,2018-09-03
1354C,FERROL,A CORUÑA,4.0,2019,350,0,0,0,0,0,0.9,2019-12-04,20.0,2019-07-13,18.0,,
1354C,FERROL,A CORUÑA,4.0,2020,342,0,0,0,0,0,2.1,2020-12-26,19.7,2020-08-26,17.9,,
1354C,FERROL,A CORUÑA,4.0,2021,346,1,1,0,0,1,0.3,2021-01-16,20.3,2021-08-23,17.4,2021-08-23,2021-08-23
1354C,FERROL,A CORUÑA,4.0,2022,355,7,7,0,0,3,0.6,2022-01-15,21.4,2022-07-14,18.4,2022-07-14,2022-08-23
1354C,FERROL,A CORUÑA,4.0,2023,360,3,3,0,0,2,0.7,2023-03-02,21.9,2023-08-23,18.4,2023-08-10,2023-08-23
1354C,FERROL,A CORUÑA,4.0,2024,363,2,2,0,0,1,0.0,2024-01-20,20.6,2024-07-29,18.3,2024-07-29,2024-08-10
1363X,AS PONTES,A CORUÑA,343.0,2017,365,0,0,0,0,0,-3.9,2017-01-22,18.0,2017-07-29,15.4,,
1363X,AS PONTES,A CORUÑA,343.0,2018,363,0,0,0,0,0,-3.2,2018-03-22,17.2,2018-08-03,15.5,,
1363X,AS PONTES,A CORUÑA,343.0,2019,362,0,0,0,0,0,-3.3,2019-01-06,17.5,2019-08-17,15.0,,
1363X,AS PONTES,A CORUÑA,343.0,2020,365,0,0,0,0,0,-1.1,2020-01-11,18.2,2020-08-26,15.3,,
1363X,AS PONTES,A CORUÑA,343.0,2021,364,0,0,0,0,0,-3.6,2021-01-09,17.2,2021-08-23,14.9,,
1363X,AS PONTES,A CORUÑA,343.0,2022,343,0,0,0,0,0,-2.7,2022-01-24,18.7,2022-07-15,16.3,,
1363X,AS PONTES,A CORUÑA,343.0,2023,364,0,0,0,0,0,-3.3,2023-02-11,18.9,2023-08-23,15.9,,
1363X,AS PONTES,A CORUÑA,343.0,2024,338,0,0,0,0,0,-2.2,2024-01-20,18.7,2024-08-11,16.2,,
1363X,AS PONTES,A CORUÑA,343.0,2025,364,0,0,0,0,0,-2.4,2025-12-27,18.2,2025-06-29,15.9,,
1387,A CORUÑA,A CORUÑA,57.0,2017,365,2,1,0,0,1,2.2,2017-01-20,20.2,2017-08-17,17.5,2017-08-17,2017-10-15
1387,A CORUÑA,A CORUÑA,57.0,2018,365,0,0,0,0,0,1.9,2018-02-28,19.5,2018-08-03,17.7,,
1387,A CORUÑA,A CORUÑA,57.0,2019,365,2,2,0,0,1,3.3,2019-01-04,20.5,2019-08-17,17.6,2019-08-08,2019-08-17
1387,A CORUÑA,A CORUÑA,57.0,2020,366,0,0,0,0,0,4.4,2020-01-05,19.6,2020-08-18,17.8,,
1387,A CORUÑA,A CORUÑA,57.0,2021,365,0,0,0,0,0,2.3,2021-01-06,19.4,2021-09-08,17.4,,
1387,A CORUÑA,A CORUÑA,57.0,2022,365,0,0,0,0,0,3.5,2022-03-07,19.9,2022-09-12,18.1,,
1387,A CORUÑA,A CORUÑA,57.0,2023,365,5,4,0,1,1,2.5,2023-02-24,22.5,2023-08-23,18.9,2023-08-01,2023-09-07
1387,A CORUÑA,A CORUÑA,57.0,2024,366,3,3,0,0,1,2.1,2024-01-20,20.5,2024-08-17,18.0,2024-08-11,2024-08-23
1387,A CORUÑA,A CORUÑA,57.0,2025,365,0,0,0,0,0,3.0,2025-12-27,19.6,2025-08-10,17.8,,
1387D,A CORUÑA BENS,A CORUÑA,132.0,2017,358,1,0,0,0,1,1.7,2017-01-20,21.7,2017-10-15,16.8,2017-10-15,2017-10-15
1387D,A CORUÑA BENS,A CORUÑA,132.0,2019,359,3,3,0,0,1,4.8,2019-01-07,21.6,2019-08-17,19.0,2019-08-06,2019-08-17
1387D,A CORUÑA BENS,A CORUÑA,132.0,2020,361,8,4,0,0,2,3.7,2020-12-26,21.5,2020-09-13,19.0,2020-05-28,2020-11-01
1387D,A CORUÑA BENS,A CORUÑA,132.0,2021,338,0,0,0,0,0,2.1,2021-01-06,18.1,2021-09-08,16.9,,
1387D,A CORUÑA BENS,A CORUÑA,132.0,2022,362,1,1,0,0,1,2.6,2022-03-07,20.1,2022-07-13,17.1,2022-07-13,2022-07-13
1387D,A CORUÑA BENS,A CORUÑA,132.0,2023,362,2,1,0,0,1,1.4,2023-02-24,21.9,2023-08-23,17.8,2023-08-23,2023-10-07
1387D,A CORUÑA BENS,A CORUÑA,132.0,2024,349,0,0,0,0,0,0.9,2024-01-20,19.4,2024-08-17,17.2,,
1387D,A CORUÑA BENS,A CORUÑA,132.0,2025,353,0,0,0,0,0,3.3,2025-03-16,18.9,2025-08-10,16.8,,
1387E,A CORUÑA AEROPUERTO,A CORUÑA,98.0,2017,365,0,0,0,0,0,-3.8,2017-01-20,19.3,2017-08-17,16.7,,
1387E,A CORUÑA AEROPUERTO,A CORUÑA,98.0,2018,365,0,0,0,0,0,-2.0,2018-03-22,19.8,2018-08-03,16.9,,
1387E,A CORUÑA AEROPUERTO,A CORUÑA,98.0,2019,364,0,0,0,0,0,-3.3,2019-01-06,19.4,2019-08-08,16.4,,
1387E,A CORUÑA AEROPUERTO,A CORUÑA,98.0,2020,366,0,0,0,0,0,-1.1,2020-12-26,19.3,2020-08-26,16.6,,
1387E,A CORUÑA AEROPUERTO,A CORUÑA,98.0,2021,365,0,0,0,0,0,-3.2,2021-01-08,18.6,2021-09-08,16.5,,
1387E,A CORUÑA AEROPUERTO,A CORUÑA,98.0,2022,364,0,0,0,0,0,-1.8,2022-01-23,19.1,2022-07-14,17.2,,
1387E,A CORUÑA AEROPUERTO,A CORUÑA,98.0,2023,364,2,2,0,0,1,-2.3,2023-01-31,21.1,2023-08-23,17.6,2023-08-18,2023-08-23
1387E,A CORUÑA AEROPUERTO,A CORUÑA,98.0,2024,366,0,0,0,0,0,-2.0,2024-01-12,19.6,2024-08-17,17.4,,
1387E,A CORUÑA AEROPUERTO,A CORUÑA,98.0,2025,365,0,0,0,0,0,-1.6,2025-12-27,19.1,2025-06-28,17.0,,
1390X,"CARBALLO, DEPURADORA",A CORUÑA,98.0,2017,322,0,0,0,0,0,-2.5,2017-12-06,19.0,2017-08-17,16.1,,
1390X,"CARBALLO, DEPURADORA",A CORUÑA,98.0,2018,365,0,0,0,0,0,-3.1,2018-02-27,18.7,2018-07-25,16.3,,
1390X,"CARBALLO, DEPURADORA",A CORUÑA,98.0,2019,364,0,0,0,0,0,-5.7,2019-01-06,19.5,2019-08-17,15.9,,
1390X,"CARBALLO, DEPURADORA",A CORUÑA,98.0,2020,366,0,0,0,0,0,-2.1,2020-12-26,19.2,2020-08-26,16.3,,
1390X,"CARBALLO, DEPURADORA",A CORUÑA,98.0,2021,365,0,0,0,0,0,-3.3,2021-01-12,18.0,2021-08-14,15.7,,
1390X,"CARBALLO, DEPURADORA",A CORUÑA,98.0,2022,359,0,0,0,0,0,-4.4,2022-01-29,18.3,2022-08-24,16.5,,
1390X,"CARBALLO, DEPURADORA",A CORUÑA,98.0,2023,362,0,0,0,0,0,-3.5,2023-03-02,19.6,2023-08-01,16.9,,
1390X,"CARBALLO, DEPURADORA",A CORUÑA,98.0,2024,366,0,0,0,0,0,-2.5,2024-01-20,20.0,2024-08-17,16.5,,
1390X,"CARBALLO, DEPURADORA",A CORUÑA,98.0,2025,364,0,0,0,0,0,-2.0,2025-01-18,18.6,2025-06-30,16.7,,
1393,CABO VILÁN,A CORUÑA,50.0,2017,360,0,0,0,0,0,2.2,2017-01-20,19.9,2017-10-15,16.1,,
1393,CABO VILÁN,A CORUÑA,50.0,2018,335,0,0,0,0,0,1.3,2018-02-28,17.4,2018-08-04,16.0,,
1393,CABO VILÁN,A CORUÑA,50.0,2019,333,0,0,0,0,0,4.4,2019-02-03,19.0,2019-08-17,16.8,,
1393,CABO VILÁN,A CORUÑA,50.0,2020,357,1,0,0,0,1,4.0,2020-12-04,20.8,2020-09-13,16.5,2020-09-13,2020-09-13
1393,CABO VILÁN,A CORUÑA,50.0,2021,357,0,0,0,0,0,2.9,2021-01-04,18.2,2021-09-07,16.3,,
1393,CABO VILÁN,A CORUÑA,50.0,2022,350,0,0,0,0,0,3.6,2022-01-22,18.4,2022-09-11,16.3,,
1393,CABO VILÁN,A CORUÑA,50.0,2023,348,0,0,0,0,0,2.4,2023-02-24,19.9,2023-09-07,17.3,,
1393,CABO VILÁN,A CORUÑA,50.0,2024,358,0,0,0,0,0,1.8,2024-01-20,18.9,2024-08-17,16.6,,
1393,CABO VILÁN,A CORUÑA,50.0,2025,339,0,0,0,0,0,3.8,2025-12-27,17.6,2025-09-14,15.9,,
1399,VIMIANZO,A CORUÑA,287.0,2017,364,0,0,0,0,0,-1.1,2017-01-20,20.0,2017-10-15,15.8,,
1399,VIMIANZO,A CORUÑA,287.0,2018,362,0,0,0,0,0,-0.7,2018-03-22,18.8,2018-08-05,16.1,,
1399,VIMIANZO,A CORUÑA,287.0,2019,362,0,0,0,0,0,-0.7,2019-01-05,18.5,2019-08-17,15.5,,
1399,VIMIANZO,A CORUÑA,287.0,2020,366,0,0,0,0,0,-0.2,2020-01-11,18.5,2020-09-13,15.5,,
1399,VIMIANZO,A CORUÑA,287.0,2021,365,0,0,0,0,0,-1.4,2021-01-05,17.9,2021-07-17,15.2,,
1399,VIMIANZO,A CORUÑA,287.0,2022,363,2,2,0,1,2,-0.4,2022-01-24,23.1,2022-07-14,16.2,2022-07-13,2022-07-14
1399,VIMIANZO,A CORUÑA,287.0,2023,365,0,0,0,0,0,-1.5,2023-02-24,19.8,2023-08-23,16.2,,
1399,VIMIANZO,A CORUÑA,287.0,2024,362,0,0,0,0,0,-1.1,2024-01-20,18.7,2024-08-17,16.0,,
1399,VIMIANZO,A CORUÑA,287.0,2025,364,0,0,0,0,0,-0.7,2025-02-08,17.0,2025-09-14,15.7,,
1400,FISTERRA,A CORUÑA,230.0,2017,362,4,2,0,1,1,3.0,2017-01-19,22.7,2017-05-24,16.4,2017-05-24,2017-10-08
1400,FISTERRA,A CORUÑA,230.0,2018,353,8,6,0,4,4,1.1,2018-02-28,24.6,2018-08-03,17.4,2018-06-23,2018-10-03
1400,FISTERRA,A CORUÑA,230.0,2020,322,3,0,0,0,1,4.3,2020-03-31,21.4,2020-09-12,16.9,2020-05-27,2020-09-12
1400,FISTERRA,A CORUÑA,230.0,2021,363,1,1,1,1,1,3.0,2021-01-09,25.1,2021-07-17,16.9,2021-07-17,2021-07-17
1400,FISTERRA,A CORUÑA,230.0,2022,365,4,2,1,2,2,4.2,2022-04-04,27.3,2022-07-13,16.7,2022-07-09,2022-09-19
1400,FISTERRA,A CORUÑA,230.0,2023,364,2,0,0,0,1,3.4,2023-03-02,21.9,2023-10-07,17.4,2023-10-07,2023-10-10
1400,FISTERRA,A CORUÑA,230.0,2024,366,1,1,0,0,1,1.9,2024-01-20,20.8,2024-07-29,16.7,2024-07-29,2024-07-29
1400,FISTERRA,A CORUÑA,230.0,2025,356,1,1,0,0,1,3.9,2025-12-26,21.6,2025-06-17,16.5,2025-06-17,2025-06-17
1406X,MAZARICOS,A CORUÑA,340.0,2017,365,0,0,0,0,0,-3.0,2017-01-22,18.2,2017-10-15,15.5,,
1406X,MAZARICOS,A CORUÑA,340.0,2018,364,0,0,0,0,0,-1.5,2018-02-24,18.3,2018-08-05,15.6,,
1406X,MAZARICOS,A CORUÑA,340.0,2019,364,0,0,0,0,0,-2.1,2019-12-04,18.0,2019-08-17,15.2,,
1406X,MAZARICOS,A CORUÑA,340.0,2020,366,0,0,0,0,0,-1.1,2020-01-11,17.8,2020-08-26,15.5,,
1406X,MAZARICOS,A CORUÑA,340.0,2021,364,0,0,0,0,0,-2.6,2021-01-16,16.6,2021-06-13,15.0,,
1406X,MAZARICOS,A CORUÑA,340.0,2022,363,1,1,0,1,1,-2.0,2022-01-24,22.7,2022-07-14,16.2,2022-07-14,2022-07-14
1406X,MAZARICOS,A CORUÑA,340.0,2023,363,0,0,0,0,0,-3.1,2023-02-24,19.6,2023-08-23,15.9,,
1406X,MAZARICOS,A CORUÑA,340.0,2024,360,0,0,0,0,0,-2.0,2024-01-20,19.3,2024-08-17,16.0,,
1406X,MAZARICOS,A CORUÑA,340.0,2025,364,0,0,0,0,0,-1.8,2025-02-08,17.4,2025-06-18,15.6,,
1410X,SOBRADO,A CORUÑA,500.0,2017,365,0,0,0,0,0,-5.8,2017-01-23,16.6,2017-07-29,14.4,,
1410X,SOBRADO,A CORUÑA,500.0,2018,322,0,0,0,0,0,-2.5,2018-01-06,17.8,2018-08-03,15.3,,
1410X,SOBRADO,A CORUÑA,500.0,2019,364,0,0,0,0,0,-5.8,2019-01-06,16.2,2019-07-13,13.5,,
1410X,SOBRADO,A CORUÑA,500.0,2020,366,0,0,0,0,0,-4.9,2020-01-01,16.9,2020-08-11,13.7,,
1410X,SOBRADO,A CORUÑA,500.0,2021,365,0,0,0,0,0,-6.6,2021-01-16,15.7,2021-06-16,13.6,,
1410X,SOBRADO,A CORUÑA,500.0,2022,361,0,0,0,0,0,-5.0,2022-01-24,17.4,2022-07-15,15.1,,
1410X,SOBRADO,A CORUÑA,500.0,2023,365,0,0,0,0,0,-5.7,2023-02-11,18.4,2023-08-23,14.8,,
1410X,SOBRADO,A CORUÑA,500.0,2024,366,0,0,0,0,0,-3.4,2024-12-14,17.3,2024-07-28,15.4,,
1410X,SOBRADO,A CORUÑA,500.0,2025,364,0,0,0,0,0,-4.7,2025-01-15,16.5,2025-06-18,14.9,,
1428,SANTIAGO DE COMPOSTELA AEROPUERTO,A CORUÑA,370.0,2017,365,0,0,0,0,0,-3.0,2017-01-20,19.9,2017-06-20,15.8,,
1428,SANTIAGO DE COMPOSTELA AEROPUERTO,A CORUÑA,370.0,2018,365,2,1,0,0,1,-2.1,2018-02-08,20.5,2018-08-03,15.6,2018-08-03,2018-09-02
1428,SANTIAGO DE COMPOSTELA AEROPUERTO,A CORUÑA,370.0,2019,365,0,0,0,0,0,-3.1,2019-01-05,17.3,2019-08-17,14.8,,
1428,SANTIAGO DE COMPOSTELA AEROPUERTO,A CORUÑA,370.0,2020,366,0,0,0,0,0,-2.4,2020-02-19,18.9,2020-09-13,16.1,,
1428,SANTIAGO DE COMPOSTELA AEROPUERTO,A CORUÑA,370.0,2021,365,0,0,0,0,0,-4.2,2021-01-16,16.8,2021-09-08,14.8,,
1428,SANTIAGO DE COMPOSTELA AEROPUERTO,A CORUÑA,370.0,2022,365,2,2,0,0,2,-2.2,2022-01-29,21.6,2022-07-13,16.3,2022-07-13,2022-07-14
1428,SANTIAGO DE COMPOSTELA AEROPUERTO,A CORUÑA,370.0,2023,364,1,1,0,0,1,-3.5,2023-12-18,21.0,2023-08-23,15.8,2023-08-23,2023-08-23
1428,SANTIAGO DE COMPOSTELA AEROPUERTO,A CORUÑA,370.0,2024,363,0,0,0,0,0,-2.6,2024-01-20,18.6,2024-07-29,16.0,,
1428,SANTIAGO DE COMPOSTELA AEROPUERTO,A CORUÑA,370.0,2025,364,0,0,0,0,0,-2.4,2025-01-15,18.7,2025-06-29,15.6,,
1435C,NOIA,A CORUÑA,128.0,2017,365,1,1,0,0,1,0.4,2017-01-20,20.8,2017-06-20,17.1,2017-06-20,2017-06-20
1435C,NOIA,A CORUÑA,128.0,2018,355,3,3,0,1,3,1.0,2018-02-08,23.1,2018-08-03,17.5,2018-08-03,2018-08-05
1435C,NOIA,A CORUÑA,128.0,2019,347,0,0,0,0,0,2.1,2019-12-04,18.6,2019-08-17,16.8,,
1435C,NOIA,A CORUÑA,128.0,2020,365,2,0,0,0,1,2.2,2020-01-01,20.7,2020-09-13,17.6,2020-05-28,2020-09-13
1435C,NOIA,A CORUÑA,128.0,2021,365,0,0,0,0,0,0.1,2021-01-05,19.2,2021-07-17,16.8,,
1435C,NOIA,A CORUÑA,128.0,2022,365,3,3,0,2,3,2.1,2022-01-23,24.0,2022-07-13,17.8,2022-07-12,2022-07-14
1435C,NOIA,A CORUÑA,128.0,2023,352,0,0,0,0,0,0.1,2023-02-24,20.0,2023-08-22,17.4,,
1435C,NOIA,A CORUÑA,128.0,2024,341,1,1,0,0,1,3.4,2024-12-13,21.3,2024-07-29,17.3,2024-07-29,2024-07-29
1435C,NOIA,A CORUÑA,128.0,2025,360,0,0,0,0,0,0.7,2025-02-08,20.0,2025-06-29,17.3,,
1442U,BOIRO,A CORUÑA,10.0,2017,365,0,0,0,0,0,-1.8,2017-01-21,19.3,2017-08-20,17.5,,
1442U,BOIRO,A CORUÑA,10.0,2018,345,2,2,0,1,2,-0.3,2018-03-22,23.6,2018-08-04,18.0,2018-08-03,2018-08-04
1442U,BOIRO,A CORUÑA,10.0,2019,351,1,1,0,0,1,-1.8,2019-01-06,21.3,2019-07-12,17.1,2019-07-12,2019-07-12
1442U,BOIRO,A CORUÑA,10.0,2020,365,2,2,0,0,1,-0.3,2020-01-01,20.3,2020-08-11,17.7,2020-07-12,2020-08-11
1442U,BOIRO,A CORUÑA,10.0,2021,364,0,0,0,0,0,-1.9,2021-01-16,19.7,2021-06-15,16.7,,
1442U,BOIRO,A CORUÑA,10.0,2022,364,3,3,0,0,2,-1.0,2022-01-29,21.9,2022-07-14,18.3,2022-07-14,2022-08-24
1442U,BOIRO,A CORUÑA,10.0,2023,365,1,1,0,0,1,-0.9,2023-02-24,20.4,2023-08-23,17.9,2023-08-23,2023-08-23
1442U,BOIRO,A CORUÑA,10.0,2024,366,3,3,0,0,2,-1.0,2024-01-20,21.9,2024-07-23,18.3,2024-07-23,2024-08-17
1442U,BOIRO,A CORUÑA,10.0,2025,365,0,0,0,0,0,-0.2,2025-01-15,20.0,2025-08-09,18.0,,
1446X,MONTERROSO,LUGO,680.0,2017,344,0,0,0,0,0,-3.3,2017-01-19,18.8,2017-10-15,15.0,,
1446X,MONTERROSO,LUGO,680.0,2018,365,1,1,0,0,1,-2.7,2018-02-28,21.4,2018-08-03,15.3,2018-08-03,2018-08-03
1446X,MONTERROSO,LUGO,680.0,2019,309,0,0,0,0,0,-2.3,2019-01-07,17.9,2019-08-23,14.6,,
1446X,MONTERROSO,LUGO,680.0,2020,365,0,0,0,0,0,-1.6,2020-01-01,17.4,2020-09-13,15.2,,
1446X,MONTERROSO,LUGO,680.0,2021,353,0,0,0,0,0,-2.8,2021-01-08,17.5,2021-07-18,14.6,,
1446X,MONTERROSO,LUGO,680.0,2022,364,5,5,0,1,5,-2.1,2022-03-07,22.9,2022-07-13,16.5,2022-07-13,2022-07-17
1446X,MONTERROSO,LUGO,680.0,2023,363,1,1,0,0,1,-2.3,2023-12-19,20.3,2023-08-23,16.1,2023-08-23,2023-08-23
1446X,MONTERROSO,LUGO,680.0,2024,366,0,0,0,0,0,-1.7,2024-01-20,19.1,2024-07-30,15.5,,
1446X,MONTERROSO,LUGO,680.0,2025,365,3,3,0,0,2,-1.5,2025-02-08,20.9,2025-06-30,15.5,2025-06-30,2025-08-12
1455I,RODEIRO-VILAMAIOR,PONTEVEDRA,645.0,2017,359,0,0,0,0,0,-7.3,2017-01-19,17.6,2017-08-04,13.8,,
1455I,RODEIRO-VILAMAIOR,PONTEVEDRA,645.0,2018,328,0,0,0,0,0,-5.6,2018-02-24,17.9,2018-08-03,14.5,,
1455I,RODEIRO-VILAMAIOR,PONTEVEDRA,645.0,2019,333,0,0,0,0,0,-3.6,2019-02-03,16.8,2019-08-08,13.2,,
1455I,RODEIRO-VILAMAIOR,PONTEVEDRA,645.0,2020,362,0,0,0,0,0,-3.4,2020-01-01,15.7,2020-07-30,13.8,,
1455I,RODEIRO-VILAMAIOR,PONTEVEDRA,645.0,2021,358,0,0,0,0,0,-5.5,2021-01-05,16.8,2021-09-06,13.1,,
1455I,RODEIRO-VILAMAIOR,PONTEVEDRA,645.0,2022,360,0,0,0,0,0,-4.8,2022-01-24,19.3,2022-07-14,15.2,,
1455I,RODEIRO-VILAMAIOR,PONTEVEDRA,645.0,2023,329,0,0,0,0,0,-5.3,2023-12-19,20.0,2023-08-23,14.4,,
1455I,RODEIRO-VILAMAIOR,PONTEVEDRA,645.0,2024,365,0,0,0,0,0,-4.3,2024-01-20,17.6,2024-07-30,15.0,,
1455I,RODEIRO-VILAMAIOR,PONTEVEDRA,645.0,2025,360,0,0,0,0,0,-4.8,2025-02-08,19.4,2025-08-15,14.2,,
1465U,LALIN-CRISTIMIL,PONTEVEDRA,463.0,2017,364,1,0,0,0,1,-6.5,2017-01-19,20.6,2017-10-15,15.3,2017-10-15,2017-10-15
1465U,LALIN-CRISTIMIL,PONTEVEDRA,463.0,2018,362,0,0,0,0,0,-3.6,2018-02-08,19.3,2018-08-03,14.8,,
1465U,LALIN-CRISTIMIL,PONTEVEDRA,463.0,2019,361,0,0,0,0,0,-3.4,2019-01-12,18.2,2019-08-08,14.1,,
1465U,LALIN-CRISTIMIL,PONTEVEDRA,463.0,2020,364,0,0,0,0,0,-3.3,2020-01-01,17.2,2020-08-07,15.2,,
1465U,LALIN-CRISTIMIL,PONTEVEDRA,463.0,2021,357,0,0,0,0,0,-5.6,2021-01-08,17.0,2021-09-08,14.5,,
1465U,LALIN-CRISTIMIL,PONTEVEDRA,463.0,2022,347,0,0,0,0,0,-4.1,2022-04-05,18.6,2022-07-14,15.9,,
1465U,LALIN-CRISTIMIL,PONTEVEDRA,463.0,2023,358,0,0,0,0,0,-4.7,2023-03-02,19.9,2023-08-23,15.6,,
1465U,LALIN-CRISTIMIL,PONTEVEDRA,463.0,2024,335,0,0,0,0,0,-4.6,2024-01-12,18.7,2024-07-30,16.1,,
1465U,LALIN-CRISTIMIL,PONTEVEDRA,463.0,2025,302,0,0,0,0,0,-3.5,2025-03-16,17.7,2025-06-29,15.6,,
1466A,SILLEDA,PONTEVEDRA,435.0,2017,346,1,1,0,0,1,-0.8,2017-01-18,21.2,2017-06-20,15.8,2017-06-20,2017-06-20
1466A,SILLEDA,PONTEVEDRA,435.0,2018,348,1,1,0,1,1,-1.1,2018-02-06,22.1,2018-08-03,15.7,2018-08-03,2018-08-03
1466A,SILLEDA,PONTEVEDRA,435.0,2019,364,0,0,0,0,0,-1.8,2019-02-03,16.8,2019-05-31,15.0,,
1466A,SILLEDA,PONTEVEDRA,435.0,2020,365,0,0,0,0,0,-2.5,2020-01-01,19.5,2020-09-13,15.8,,
1466A,SILLEDA,PONTEVEDRA,435.0,2021,364,0,0,0,0,0,-3.1,2021-01-08,18.2,2021-07-17,15.1,,
1466A,SILLEDA,PONTEVEDRA,435.0,2022,364,3,3,0,1,3,-1.6,2022-03-07,24.3,2022-07-13,16.6,2022-07-13,2022-07-15
1466A,SILLEDA,PONTEVEDRA,435.0,2023,362,1,1,0,0,1,-1.9,2023-03-02,21.9,2023-08-23,16.5,2023-08-23,2023-08-23
1466A,SILLEDA,PONTEVEDRA,435.0,2024,366,0,0,0,0,0,-1.0,2024-01-20,19.8,2024-07-30,16.4,,
1466A,SILLEDA,PONTEVEDRA,435.0,2025,365,2,2,0,0,1,-0.8,2025-02-08,20.3,2025-06-29,15.8,2025-06-18,2025-06-29
1468X,A ESTRADA,PONTEVEDRA,269.0,2017,365,0,0,0,0,0,-3.4,2017-01-20,19.1,2017-06-21,16.3,,
1468X,A ESTRADA,PONTEVEDRA,269.0,2018,365,1,1,0,0,1,-2.1,2018-02-08,20.7,2018-08-03,16.2,2018-08-03,2018-08-03
1468X,A ESTRADA,PONTEVEDRA,269.0,2019,363,0,0,0,0,0,-2.4,2019-01-05,17.9,2019-08-17,15.9,,
1468X,A ESTRADA,PONTEVEDRA,269.0,2020,366,0,0,0,0,0,-0.8,2020-12-26,18.8,2020-08-11,16.4,,
1468X,A ESTRADA,PONTEVEDRA,269.0,2021,364,0,0,0,0,0,-2.9,2021-01-16,18.1,2021-09-06,15.6,,
1468X,A ESTRADA,PONTEVEDRA,269.0,2022,364,1,1,0,0,1,-1.7,2022-01-22,21.0,2022-07-14,16.9,2022-07-14,2022-07-14
1468X,A ESTRADA,PONTEVEDRA,269.0,2023,360,0,0,0,0,0,-3.4,2023-12-18,19.1,2023-08-18,16.3,,
1468X,A ESTRADA,PONTEVEDRA,269.0,2024,366,0,0,0,0,0,-2.2,2024-01-20,19.2,2024-07-29,17.0,,
1468X,A ESTRADA,PONTEVEDRA,269.0,2025,363,0,0,0,0,0,-2.6,2025-02-08,19.2,2025-06-29,16.4,,
1473A,PADRÓN,A CORUÑA,100.0,2017,349,0,0,0,0,0,-4.1,2017-01-20,18.3,2017-06-20,16.6,,
1473A,PADRÓN,A CORUÑA,100.0,2018,355,0,0,0,0,0,-1.9,2018-02-08,19.9,2018-08-03,16.3,,
1473A,PADRÓN,A CORUÑA,100.0,2019,348,0,0,0,0,0,-3.3,2019-01-06,17.7,2019-08-17,15.5,,
1473A,PADRÓN,A CORUÑA,100.0,2020,351,0,0,0,0,0,-0.8,2020-12-26,19.0,2020-08-11,16.1,,
1473A,PADRÓN,A CORUÑA,100.0,2021,362,0,0,0,0,0,-2.4,2021-01-12,18.0,2021-09-08,15.9,,
1473A,PADRÓN,A CORUÑA,100.0,2022,330,1,1,0,0,1,-2.7,2022-01-15,20.3,2022-07-14,17.7,2022-07-14,2022-07-14
1473A,PADRÓN,A CORUÑA,100.0,2023,360,1,1,0,0,1,-1.9,2023-02-11,20.2,2023-08-23,16.9,2023-08-23,2023-08-23
1473A,PADRÓN,A CORUÑA,100.0,2024,366,1,1,0,0,1,-1.8,2024-01-20,20.1,2024-07-29,17.7,2024-07-29,2024-07-29
1473A,PADRÓN,A CORUÑA,100.0,2025,361,1,1,0,0,1,-1.6,2025-01-01,20.2,2025-06-29,17.3,2025-06-29,2025-06-29
1475X,SANTIAGO DE COMPOSTELA,A CORUÑA,240.0,2017,362,0,0,0,0,0,-1.2,2017-01-25,19.8,2017-06-20,16.6,,
1475X,SANTIAGO DE COMPOSTELA,A CORUÑA,240.0,2018,321,1,1,0,0,1,0.3,2018-01-06,21.9,2018-08-03,16.9,2018-08-03,2018-08-03
1475X,SANTIAGO DE COMPOSTELA,A CORUÑA,240.0,2019,353,0,0,0,0,0,-0.4,2019-02-03,18.5,2019-08-17,16.2,,
1475X,SANTIAGO DE COMPOSTELA,A CORUÑA,240.0,2020,358,0,0,0,0,0,0.2,2020-01-11,18.7,2020-08-11,16.5,,
1475X,SANTIAGO DE COMPOSTELA,A CORUÑA,240.0,2021,352,0,0,0,0,0,-1.8,2021-01-16,17.9,2021-09-08,16.2,,
1475X,SANTIAGO DE COMPOSTELA,A CORUÑA,240.0,2022,350,3,3,0,1,3,0.1,2022-01-24,23.2,2022-07-14,17.8,2022-07-13,2022-07-15
1475X,SANTIAGO DE COMPOSTELA,A CORUÑA,240.0,2023,357,1,1,0,0,1,0.4,2023-03-02,20.4,2023-08-23,17.1,2023-08-23,2023-08-23
1475X,SANTIAGO DE COMPOSTELA,A CORUÑA,240.0,2024,364,2,2,0,0,2,-0.4,2024-01-20,20.7,2024-07-29,17.3,2024-07-29,2024-07-30
1475X,SANTIAGO DE COMPOSTELA,A CORUÑA,240.0,2025,358,0,0,0,0,0,-0.8,2025-02-08,19.9,2025-06-29,17.1,,
1476R,"ROIS, CASAS DO PORTO",A CORUÑA,210.0,2017,364,1,1,0,0,1,-0.2,2017-01-19,20.4,2017-06-20,16.4,2017-06-20,2017-06-20
1476R,"ROIS, CASAS DO PORTO",A CORUÑA,210.0,2018,309,2,1,0,1,1,0.0,2018-02-08,22.2,2018-08-03,17.1,2018-08-03,2018-09-02
1476R,"ROIS, CASAS DO PORTO",A CORUÑA,210.0,2019,361,0,0,0,0,0,-0.6,2019-02-03,18.0,2019-08-17,15.9,,
1476R,"ROIS, CASAS DO PORTO",A CORUÑA,210.0,2020,365,0,0,0,0,0,0.6,2020-12-09,19.3,2020-09-13,16.6,,
1476R,"ROIS, CASAS DO PORTO",A CORUÑA,210.0,2021,357,0,0,0,0,0,-1.8,2021-01-05,17.4,2021-08-23,16.1,,
1476R,"ROIS, CASAS DO PORTO",A CORUÑA,210.0,2022,352,2,2,0,1,2,0.7,2022-01-23,22.3,2022-07-13,17.2,2022-07-13,2022-07-14
1476R,"ROIS, CASAS DO PORTO",A CORUÑA,210.0,2023,356,0,0,0,0,0,-0.1,2023-02-24,18.4,2023-08-18,16.7,,
1476R,"ROIS, CASAS DO PORTO",A CORUÑA,210.0,2024,366,1,1,0,0,1,-1.0,2024-01-20,20.1,2024-07-29,16.9,2024-07-29,2024-07-29
1476R,"ROIS, CASAS DO PORTO",A CORUÑA,210.0,2025,365,0,0,0,0,0,0.0,2025-02-08,20.0,2025-06-29,16.8,,
1477U,VILAGARCIA DE AROUSA,PONTEVEDRA,36.0,2017,365,1,1,0,0,1,-0.5,2017-01-20,21.8,2017-06-20,17.8,2017-06-20,2017-06-20
1477U,VILAGARCIA DE AROUSA,PONTEVEDRA,36.0,2018,365,3,3,0,2,3,0.1,2018-02-08,22.5,2018-08-03,18.2,2018-08-03,2018-08-05
1477U,VILAGARCIA DE AROUSA,PONTEVEDRA,36.0,2019,365,0,0,0,0,0,0.0,2019-01-05,19.8,2019-08-17,17.4,,
1477U,VILAGARCIA DE AROUSA,PONTEVEDRA,36.0,2020,366,2,1,0,0,1,2.0,2020-01-01,20.8,2020-09-13,18.2,2020-08-11,2020-09-13
1477U,VILAGARCIA DE AROUSA,PONTEVEDRA,36.0,2021,365,0,0,0,0,0,-1.0,2021-01-05,19.0,2021-06-15,17.3,,
1477U,VILAGARCIA DE AROUSA,PONTEVEDRA,36.0,2022,365,6,6,0,2,3,1.0,2022-01-15,23.2,2022-07-14,18.8,2022-07-13,2022-08-25
1477V,VILAGARCÍA DE AROUSA,PONTEVEDRA,32.0,2017,364,1,1,0,0,1,-0.8,2017-01-20,20.1,2017-06-20,17.8,2017-06-20,2017-06-20
1477V,VILAGARCÍA DE AROUSA,PONTEVEDRA,32.0,2018,356,1,1,0,0,1,0.1,2018-02-08,22.0,2018-08-04,17.8,2018-08-04,2018-08-04
1477V,VILAGARCÍA DE AROUSA,PONTEVEDRA,32.0,2019,364,0,0,0,0,0,0.1,2019-01-05,19.7,2019-08-17,17.3,,
1477V,VILAGARCÍA DE AROUSA,PONTEVEDRA,32.0,2020,365,2,1,0,0,1,1.5,2020-01-05,20.5,2020-09-13,18.1,2020-08-11,2020-09-13
1477V,VILAGARCÍA DE AROUSA,PONTEVEDRA,32.0,2021,364,0,0,0,0,0,-0.9,2021-01-05,19.0,2021-06-15,17.2,,
1477V,VILAGARCÍA DE AROUSA,PONTEVEDRA,32.0,2022,362,4,4,0,2,2,0.9,2022-01-15,22.8,2022-07-14,18.5,2022-07-13,2022-08-23
1477V,VILAGARCÍA DE AROUSA,PONTEVEDRA,32.0,2023,365,2,2,0,0,1,0.5,2023-02-24,20.6,2023-08-23,18.6,2023-08-18,2023-08-23
1477V,VILAGARCÍA DE AROUSA,PONTEVEDRA,32.0,2024,365,3,3,0,0,2,0.2,2024-01-20,21.8,2024-07-29,18.6,2024-07-29,2024-08-17
1477V,VILAGARCÍA DE AROUSA,PONTEVEDRA,32.0,2025,364,0,0,0,0,0,0.8,2025-02-08,19.8,2025-06-29,18.0,,
1484C,PONTEVEDRA,PONTEVEDRA,113.0,2017,365,1,1,0,0,1,-1.0,2017-01-19,20.5,2017-06-20,17.1,2017-06-20,2017-06-20
1484C,PONTEVEDRA,PONTEVEDRA,113.0,2018,365,3,3,0,1,3,-0.3,2018-02-08,23.7,2018-08-03,17.1,2018-08-03,2018-08-05
1484C,PONTEVEDRA,PONTEVEDRA,113.0,2019,365,0,0,0,0,0,1.1,2019-01-02,19.2,2019-05-31,16.5,,
1484C,PONTEVEDRA,PONTEVEDRA,113.0,2020,366,1,0,0,0,1,0.5,2020-01-01,20.5,2020-09-13,17.1,2020-09-13,2020-09-13
1484C,PONTEVEDRA,PONTEVEDRA,113.0,2021,365,0,0,0,0,0,-1.2,2021-01-08,19.0,2021-06-13,16.4,,
1484C,PONTEVEDRA,PONTEVEDRA,113.0,2022,365,2,2,0,2,2,0.9,2022-04-05,24.9,2022-07-13,17.9,2022-07-13,2022-07-14
1484C,PONTEVEDRA,PONTEVEDRA,113.0,2023,364,0,0,0,0,0,0.0,2023-03-02,19.7,2023-08-18,17.4,,
1484C,PONTEVEDRA,PONTEVEDRA,113.0,2024,366,2,2,0,0,2,0.3,2024-01-20,21.6,2024-07-29,17.8,2024-07-29,2024-07-30
1484C,PONTEVEDRA,PONTEVEDRA,113.0,2025,365,3,3,0,0,2,1.7,2025-02-08,20.6,2025-06-29,18.0,2025-06-29,2025-08-04
1486E,ESCUELA NAVAL DE MARÍN,PONTEVEDRA,20.0,2022,312,3,3,0,2,2,2.8,2022-01-25,22.8,2022-07-14,18.7,2022-07-13,2022-08-25
1486E,ESCUELA NAVAL DE MARÍN,PONTEVEDRA,20.0,2023,353,2,2,0,0,1,1.6,2023-03-02,21.0,2023-08-18,18.2,2023-08-18,2023-08-22
1486E,ESCUELA NAVAL DE MARÍN,PONTEVEDRA,20.0,2024,352,2,2,0,0,1,2.2,2024-01-20,20.5,2024-07-30,18.5,2024-07-30,2024-08-17
1486E,ESCUELA NAVAL DE MARÍN,PONTEVEDRA,20.0,2025,356,2,2,0,0,1,2.1,2025-01-16,20.2,2025-06-29,18.6,2025-06-29,2025-07-04
1489A,A LAMA,PONTEVEDRA,395.0,2017,365,0,0,0,0,0,-3.5,2017-01-19,19.5,2017-08-20,15.7,,
1489A,A LAMA,PONTEVEDRA,395.0,2018,364,2,1,0,0,1,-2.7,2018-02-24,21.5,2018-08-02,16.6,2018-08-02,2018-09-01
1489A,A LAMA,PONTEVEDRA,395.0,2019,364,0,0,0,0,0,-3.3,2019-01-05,18.6,2019-09-14,15.4,,
1489A,A LAMA,PONTEVEDRA,395.0,2020,365,2,2,0,0,1,-3.7,2020-01-01,20.7,2020-07-17,16.1,2020-07-05,2020-07-17
1489A,A LAMA,PONTEVEDRA,395.0,2021,364,2,2,0,0,1,-4.3,2021-01-16,21.2,2021-08-23,14.8,2021-07-16,2021-08-23
1489A,A LAMA,PONTEVEDRA,395.0,2022,362,3,3,0,1,3,-3.0,2022-01-24,23.9,2022-07-14,16.9,2022-07-12,2022-07-14
1489A,A LAMA,PONTEVEDRA,395.0,2023,365,0,0,0,0,0,-3.6,2023-12-18,18.5,2023-08-07,15.7,,
1489A,A LAMA,PONTEVEDRA,395.0,2024,365,0,0,0,0,0,-1.2,2024-01-20,19.3,2024-09-16,16.4,,
1489A,A LAMA,PONTEVEDRA,395.0,2025,357,1,1,0,0,1,-3.6,2025-01-15,20.8,2025-08-03,16.3,2025-08-03,2025-08-03
1495,VIGO AEROPUERTO,PONTEVEDRA,255.0,2017,363,3,2,0,0,1,-2.8,2017-01-19,21.0,2017-10-15,16.7,2017-06-17,2017-10-15
1495,VIGO AEROPUERTO,PONTEVEDRA,255.0,2018,365,4,3,0,2,3,-0.3,2018-01-06,24.9,2018-08-04,17.2,2018-08-03,2018-09-02
1495,VIGO AEROPUERTO,PONTEVEDRA,255.0,2019,364,0,0,0,0,0,0.4,2019-01-12,19.9,2019-09-14,16.7,,
1495,VIGO AEROPUERTO,PONTEVEDRA,255.0,2020,364,5,3,0,0,1,0.2,2020-01-07,21.4,2020-09-13,17.5,2020-05-28,2020-09-13
1495,VIGO AEROPUERTO,PONTEVEDRA,255.0,2021,363,1,1,0,0,1,-3.1,2021-01-05,20.3,2021-07-17,16.2,2021-07-17,2021-07-17
1495,VIGO AEROPUERTO,PONTEVEDRA,255.0,2022,360,4,4,0,2,3,0.8,2022-03-07,24.6,2022-07-13,17.4,2022-07-12,2022-08-01
1495,VIGO AEROPUERTO,PONTEVEDRA,255.0,2023,364,1,1,0,0,1,-0.9,2023-02-24,21.2,2023-08-22,16.7,2023-08-22,2023-08-22
1495,VIGO AEROPUERTO,PONTEVEDRA,255.0,2024,365,3,3,0,1,1,0.4,2024-01-20,22.5,2024-07-29,16.9,2024-07-24,2024-08-10
1495,VIGO AEROPUERTO,PONTEVEDRA,255.0,2025,365,4,4,0,0,2,0.0,2025-01-15,21.7,2025-06-30,17.3,2025-06-17,2025-08-04
1496X,VIGO,PONTEVEDRA,120.0,2017,364,4,2,0,1,1,0.7,2017-01-19,22.4,2017-06-20,17.4,2017-05-24,2017-10-15
1496X,VIGO,PONTEVEDRA,120.0,2018,365,11,9,2,5,4,3.0,2018-02-08,25.5,2018-08-03,18.0,2018-06-19,2018-09-02
1496X,VIGO,PONTEVEDRA,120.0,2019,364,2,0,0,0,1,3.4,2019-02-03,20.9,2019-09-15,17.6,2019-09-03,2019-09-15
1496X,VIGO,PONTEVEDRA,120.0,2020,366,6,3,0,0,2,3.5,2020-01-01,21.9,2020-09-13,18.5,2020-05-27,2020-09-13
1496X,VIGO,PONTEVEDRA,120.0,2021,360,2,2,0,0,1,0.3,2021-01-08,21.3,2021-07-16,17.1,2021-06-15,2021-07-16
1496X,VIGO,PONTEVEDRA,120.0,2022,325,4,4,2,2,2,4.1,2022-03-07,26.5,2022-07-13,18.1,2022-07-08,2022-07-14
1496X,VIGO,PONTEVEDRA,120.0,2023,365,3,2,0,0,1,2.7,2023-02-24,21.6,2023-08-22,18.4,2023-08-18,2023-10-07
1496X,VIGO,PONTEVEDRA,120.0,2024,364,4,4,0,1,2,3.5,2024-01-20,22.7,2024-07-23,17.8,2024-07-23,2024-08-10
1496X,VIGO,PONTEVEDRA,120.0,2025,347,6,6,0,2,2,3.7,2025-02-08,22.2,2025-06-17,18.2,2025-06-17,2025-08-04
1505,LUGO AEROPUERTO,LUGO,442.0,2017,365,0,0,0,0,0,-6.3,2017-01-25,17.8,2017-07-29,15.2,,
1505,LUGO AEROPUERTO,LUGO,442.0,2018,365,0,0,0,0,0,-4.3,2018-02-24,18.3,2018-08-04,15.3,,
1505,LUGO AEROPUERTO,LUGO,442.0,2019,365,0,0,0,0,0,-7.2,2019-01-06,18.5,2019-08-08,14.9,,
1505,LUGO AEROPUERTO,LUGO,442.0,2020,366,0,0,0,0,0,-4.1,2020-01-02,17.2,2020-08-09,15.2,,
1505,LUGO AEROPUERTO,LUGO,442.0,2021,365,0,0,0,0,0,-4.9,2021-01-07,16.8,2021-09-08,14.4,,
1505,LUGO AEROPUERTO,LUGO,442.0,2022,361,0,0,0,0,0,-5.5,2022-01-29,18.6,2022-08-24,16.0,,
1505,LUGO AEROPUERTO,LUGO,442.0,2023,365,0,0,0,0,0,-6.4,2023-02-11,18.6,2023-08-19,15.7,,
1505,LUGO AEROPUERTO,LUGO,442.0,2024,366,0,0,0,0,0,-5.0,2024-01-20,18.9,2024-08-11,16.0,,
1505,LUGO AEROPUERTO,LUGO,442.0,2025,365,0,0,0,0,0,-4.9,2025-01-15,18.2,2025-08-09,16.2,,
1518A,LUGO,LUGO,442.0,2017,364,0,0,0,0,0,-5.8,2017-01-20,19.4,2017-06-19,15.7,,
1518A,LUGO,LUGO,442.0,2018,356,0,0,0,0,0,-3.2,2018-02-24,18.7,2018-08-03,16.0,,
1518A,LUGO,LUGO,442.0,2019,359,0,0,0,0,0,-5.7,2019-01-06,17.9,2019-08-08,15.6,,
1518A,LUGO,LUGO,442.0,2020,365,0,0,0,0,0,-2.6,2020-01-02,17.4,2020-08-09,15.7,,
1518A,LUGO,LUGO,442.0,2021,365,0,0,0,0,0,-4.6,2021-01-12,16.9,2021-08-26,15.1,,
1518A,LUGO,LUGO,442.0,2022,363,0,0,0,0,0,-3.9,2022-01-14,18.9,2022-08-24,16.5,,
1518A,LUGO,LUGO,442.0,2023,365,0,0,0,0,0,-3.7,2023-02-11,18.7,2023-08-21,16.0,,
1518A,LUGO,LUGO,442.0,2024,365,0,0,0,0,0,-3.4,2024-01-20,19.2,2024-08-11,16.4,,
1518A,LUGO,LUGO,442.0,2025,365,0,0,0,0,0,-3.4,2025-12-27,18.7,2025-06-29,16.6,,
1521I,O PÁRAMO,LUGO,403.0,2017,364,0,0,0,0,0,-7.7,2017-01-20,19.8,2017-08-04,15.5,,
1521I,O PÁRAMO,LUGO,403.0,2018,365,0,0,0,0,0,-4.7,2018-02-24,19.1,2018-08-03,15.6,,
1521I,O PÁRAMO,LUGO,403.0,2019,363,0,0,0,0,0,-7.7,2019-01-05,19.8,2019-08-08,15.1,,
1521I,O PÁRAMO,LUGO,403.0,2020,366,0,0,0,0,0,-4.5,2020-12-26,18.1,2020-08-27,15.4,,
1521I,O PÁRAMO,LUGO,403.0,2021,365,0,0,0,0,0,-5.7,2021-01-12,17.0,2021-08-26,14.7,,
1521I,O PÁRAMO,LUGO,403.0,2022,340,0,0,0,0,0,-5.9,2022-01-14,18.6,2022-08-24,16.3,,
1521I,O PÁRAMO,LUGO,403.0,2023,364,0,0,0,0,0,-5.2,2023-02-11,18.8,2023-08-24,15.8,,
1521I,O PÁRAMO,LUGO,403.0,2024,365,0,0,0,0,0,-5.4,2024-01-12,19.1,2024-08-11,16.1,,
1521I,O PÁRAMO,LUGO,403.0,2025,356,0,0,0,0,0,-5.0,2025-01-01,18.7,2025-06-29,16.4,,
1521X,BECERREÁ,LUGO,1080.0,2017,365,4,4,0,0,3,-5.9,2017-01-19,21.5,2017-06-18,14.3,2017-06-17,2017-08-21
1521X,BECERREÁ,LUGO,1080.0,2018,365,3,3,0,0,2,-5.1,2018-02-28,22.0,2018-08-03,14.6,2018-06-24,2018-08-04
1521X,BECERREÁ,LUGO,1080.0,2019,364,0,0,0,0,0,-3.1,2019-01-11,18.2,2019-07-12,14.0,,
1521X,BECERREÁ,LUGO,1080.0,2020,366,0,0,0,0,0,-3.0,2020-03-31,19.2,2020-08-06,15.0,,
1521X,BECERREÁ,LUGO,1080.0,2021,364,0,0,0,0,0,-5.9,2021-01-07,19.4,2021-09-06,14.1,,
1521X,BECERREÁ,LUGO,1080.0,2022,365,5,5,0,1,2,-4.1,2022-01-22,22.8,2022-07-13,15.6,2022-07-10,2022-07-17
1521X,BECERREÁ,LUGO,1080.0,2023,359,3,2,0,1,2,-4.5,2023-03-02,23.6,2023-08-23,15.1,2023-08-22,2023-10-01
1521X,BECERREÁ,LUGO,1080.0,2024,363,1,1,0,0,1,-3.7,2024-01-19,20.9,2024-08-10,14.3,2024-08-10,2024-08-10
1521X,BECERREÁ,LUGO,1080.0,2025,362,9,9,0,0,2,-3.0,2025-03-16,21.7,2025-06-30,17.8,2025-06-10,2025-08-16
1541B,VILLABLINO,LEON,958.0,2017,365,0,0,0,0,0,-11.2,2017-01-19,14.4,2017-06-13,11.5,,
1541B,VILLABLINO,LEON,958.0,2018,362,0,0,0,0,0,-9.9,2018-03-22,14.5,2018-07-19,11.6,,
1541B,VILLABLINO,LEON,958.0,2019,364,0,0,0,0,0,-9.6,2019-01-06,15.9,2019-08-08,11.5,,
1541B,VILLABLINO,LEON,958.0,2020,366,0,0,0,0,0,-6.6,2020-01-12,13.5,2020-07-12,11.5,,
1541B,VILLABLINO,LEON,958.0,2022,357,0,0,0,0,0,-8.7,2022-01-28,15.1,2022-07-17,12.2,,
1541B,VILLABLINO,LEON,958.0,2023,363,0,0,0,0,0,-8.7,2023-01-23,15.8,2023-08-19,12.2,,
1541B,VILLABLINO,LEON,958.0,2024,366,0,0,0,0,0,-8.5,2024-01-08,14.8,2024-07-11,12.3,,
1541B,VILLABLINO,LEON,958.0,2025,360,0,0,0,0,0,-8.2,2025-01-01,15.4,2025-08-13,12.6,,
1542,PUERTO DE LEITARIEGOS,ASTURIAS,1530.0,2017,313,0,0,0,0,0,-10.6,2017-01-19,17.8,2017-06-17,12.1,,
1542,PUERTO DE LEITARIEGOS,ASTURIAS,1530.0,2019,351,0,0,0,0,0,-7.4,2019-02-03,14.4,2019-08-24,11.1,,
1542,PUERTO DE LEITARIEGOS,ASTURIAS,1530.0,2021,363,0,0,0,0,0,-12.6,2021-01-07,15.1,2021-09-06,11.0,,
1542,PUERTO DE LEITARIEGOS,ASTURIAS,1530.0,2022,358,1,1,0,0,1,-6.3,2022-03-05,20.2,2022-07-16,13.6,2022-07-16,2022-07-16
1542,PUERTO DE LEITARIEGOS,ASTURIAS,1530.0,2023,350,0,0,0,0,0,-9.9,2023-03-02,18.4,2023-08-22,12.3,,
1542,PUERTO DE LEITARIEGOS,ASTURIAS,1530.0,2024,366,0,0,0,0,0,-8.1,2024-01-08,17.5,2024-08-10,11.9,,
1542,PUERTO DE LEITARIEGOS,ASTURIAS,1530.0,2025,354,0,0,0,0,0,-7.4,2025-02-08,18.9,2025-08-16,14.3,,
1549,PONFERRADA,LEON,532.0,2017,365,0,0,0,0,0,-7.9,2017-01-19,19.9,2017-06-22,17.3,,
1549,PONFERRADA,LEON,532.0,2018,365,1,1,0,0,1,-4.7,2018-12-31,20.3,2018-06-26,16.6,2018-06-26,2018-06-26
1549,PONFERRADA,LEON,532.0,2019,365,0,0,0,0,0,-5.9,2019-01-07,19.3,2019-07-23,16.7,,
1549,PONFERRADA,LEON,532.0,2020,366,1,1,0,0,1,-5.2,2020-12-26,20.2,2020-07-12,17.4,2020-07-12,2020-07-12
1549,PONFERRADA,LEON,532.0,2021,365,0,0,0,0,0,-8.4,2021-01-09,18.3,2021-07-20,15.6,,
1549,PONFERRADA,LEON,532.0,2022,365,4,4,0,0,2,-4.6,2022-01-15,21.9,2022-06-17,18.0,2022-06-17,2022-08-10
1549,PONFERRADA,LEON,532.0,2023,365,1,1,0,0,1,-4.8,2023-02-28,20.4,2023-08-24,17.0,2023-08-24,2023-08-24
1549,PONFERRADA,LEON,532.0,2024,366,0,0,0,0,0,-4.3,2024-12-15,19.7,2024-08-11,17.5,,
1549,PONFERRADA,LEON,532.0,2025,365,2,2,0,0,1,-4.8,2025-01-15,21.7,2025-08-13,18.1,2025-07-11,2025-08-13
1561I,VEGA DE ESPINAREDA  ,LEON,770.0,2018,332,0,0,0,0,0,-5.8,2018-02-24,17.2,2018-08-03,13.1,,
1561I,VEGA DE ESPINAREDA  ,LEON,770.0,2019,365,0,0,0,0,0,-6.4,2019-01-06,16.7,2019-08-08,13.0,,
1561I,VEGA DE ESPINAREDA  ,LEON,770.0,2020,366,0,0,0,0,0,-5.8,2020-12-26,16.4,2020-07-30,13.8,,
1561I,VEGA DE ESPINAREDA  ,LEON,770.0,2021,365,0,0,0,0,0,-8.8,2021-01-08,16.2,2021-09-06,12.5,,
1561I,VEGA DE ESPINAREDA  ,LEON,770.0,2022,365,0,0,0,0,0,-5.6,2022-04-05,18.5,2022-07-17,15.0,,
1561I,VEGA DE ESPINAREDA  ,LEON,770.0,2023,353,0,0,0,0,0,-7.1,2023-03-02,17.0,2023-08-23,13.7,,
1561I,VEGA DE ESPINAREDA  ,LEON,770.0,2024,366,0,0,0,0,0,-7.9,2024-12-31,16.4,2024-08-11,13.9,,
1561I,VEGA DE ESPINAREDA  ,LEON,770.0,2025,365,0,0,0,0,0,-6.3,2025-01-01,17.1,2025-08-10,14.9,,
1583X,O BARCO DE VALDEORRAS,OURENSE,315.0,2017,365,4,4,0,0,1,-7.3,2017-01-19,21.9,2017-06-19,18.3,2017-06-19,2017-08-04
1583X,O BARCO DE VALDEORRAS,OURENSE,315.0,2018,315,3,3,0,0,2,-2.2,2018-12-31,20.6,2018-07-24,18.3,2018-06-25,2018-07-24
1583X,O BARCO DE VALDEORRAS,OURENSE,315.0,2019,348,1,1,0,0,1,-5.2,2019-01-06,20.2,2019-07-23,17.4,2019-07-23,2019-07-23
1583X,O BARCO DE VALDEORRAS,OURENSE,315.0,2020,343,2,2,0,0,1,-2.2,2020-01-02,21.6,2020-07-12,17.7,2020-07-12,2020-08-07
1583X,O BARCO DE VALDEORRAS,OURENSE,315.0,2021,365,1,0,0,0,1,-6.5,2021-01-09,20.7,2021-09-06,17.0,2021-09-06,2021-09-06
1583X,O BARCO DE VALDEORRAS,OURENSE,315.0,2022,362,12,12,0,1,6,-4.3,2022-01-29,23.6,2022-07-15,19.2,2022-06-17,2022-08-25
1583X,O BARCO DE VALDEORRAS,OURENSE,315.0,2023,365,4,4,0,1,2,-3.4,2023-01-29,22.1,2023-08-24,17.9,2023-08-12,2023-08-24
1583X,O BARCO DE VALDEORRAS,OURENSE,315.0,2024,364,7,7,0,0,3,-2.6,2024-12-15,22.0,2024-08-11,19.1,2024-07-26,2024-08-12
1583X,O BARCO DE VALDEORRAS,OURENSE,315.0,2025,364,5,5,0,0,1,-2.5,2025-01-15,21.9,2025-08-13,19.2,2025-07-11,2025-08-17
1631E,A POBRA DE TRIVES,OURENSE,840.0,2017,365,0,0,0,0,0,-9.2,2017-01-19,19.3,2017-06-19,14.7,,
1631E,A POBRA DE TRIVES,OURENSE,840.0,2018,363,0,0,0,0,0,-5.2,2018-02-08,18.5,2018-08-04,14.6,,
1631E,A POBRA DE TRIVES,OURENSE,840.0,2019,365,0,0,0,0,0,-4.3,2019-01-12,16.2,2019-07-23,13.7,,
1631E,A POBRA DE TRIVES,OURENSE,840.0,2020,365,0,0,0,0,0,-4.6,2020-12-26,16.8,2020-08-07,14.4,,
1631E,A POBRA DE TRIVES,OURENSE,840.0,2021,365,0,0,0,0,0,-7.8,2021-01-08,18.5,2021-09-06,13.5,,
1631E,A POBRA DE TRIVES,OURENSE,840.0,2022,363,2,2,0,0,1,-4.4,2022-12-04,21.5,2022-07-17,15.6,2022-07-15,2022-07-17
1631E,A POBRA DE TRIVES,OURENSE,840.0,2023,340,0,0,0,0,0,-6.3,2023-02-28,19.1,2023-08-23,13.7,,
1631E,A POBRA DE TRIVES,OURENSE,840.0,2024,366,0,0,0,0,0,-4.6,2024-01-08,17.8,2024-07-29,14.7,,
1631E,A POBRA DE TRIVES,OURENSE,840.0,2025,365,0,0,0,0,0,-4.3,2025-02-08,19.0,2025-06-19,15.3,,
1639X,CHANDREXA DE QUEIXA,OURENSE,990.0,2017,365,0,0,0,0,0,-10.2,2017-01-19,19.5,2017-10-15,13.2,,
1639X,CHANDREXA DE QUEIXA,OURENSE,990.0,2018,354,0,0,0,0,0,-6.7,2018-02-08,16.8,2018-08-03,12.8,,
1639X,CHANDREXA DE QUEIXA,OURENSE,990.0,2019,363,0,0,0,0,0,-4.8,2019-01-12,16.4,2019-08-08,12.3,,
1639X,CHANDREXA DE QUEIXA,OURENSE,990.0,2020,365,0,0,0,0,0,-5.4,2020-12-26,15.6,2020-07-12,13.0,,
1639X,CHANDREXA DE QUEIXA,OURENSE,990.0,2021,365,1,0,0,0,1,-9.2,2021-01-08,21.1,2021-09-06,12.3,2021-09-06,2021-09-06
1639X,CHANDREXA DE QUEIXA,OURENSE,990.0,2022,359,1,1,0,0,1,-5.4,2022-04-04,20.6,2022-06-17,14.4,2022-06-17,2022-06-17
1639X,CHANDREXA DE QUEIXA,OURENSE,990.0,2023,364,0,0,0,0,0,-7.8,2023-02-28,18.7,2023-08-23,13.2,,
1639X,CHANDREXA DE QUEIXA,OURENSE,990.0,2024,365,0,0,0,0,0,-6.1,2024-12-31,16.7,2024-07-29,14.1,,
1639X,CHANDREXA DE QUEIXA,OURENSE,990.0,2025,363,0,0,0,0,0,-5.1,2025-02-08,19.8,2025-06-19,15.2,,
1658,FOLGOSO DO COUREL,LUGO,612.0,2017,335,0,0,0,0,0,-7.9,2017-01-19,18.6,2017-06-21,14.8,,
1658,FOLGOSO DO COUREL,LUGO,612.0,2018,338,0,0,0,0,0,-3.6,2018-03-22,18.1,2018-08-03,14.8,,
1658,FOLGOSO DO COUREL,LUGO,612.0,2019,354,0,0,0,0,0,-4.6,2019-01-03,17.5,2019-09-14,14.4,,
1658,FOLGOSO DO COUREL,LUGO,612.0,2020,358,0,0,0,0,0,-3.6,2020-12-26,17.7,2020-08-27,14.8,,
1658,FOLGOSO DO COUREL,LUGO,612.0,2022,351,3,3,1,1,1,-3.4,2022-04-05,25.4,2022-06-17,16.1,2022-06-17,2022-07-17
1658,FOLGOSO DO COUREL,LUGO,612.0,2023,362,0,0,0,0,0,-4.9,2023-03-02,20.0,2023-08-23,15.0,,
1658,FOLGOSO DO COUREL,LUGO,612.0,2024,366,0,0,0,0,0,-2.7,2024-01-08,18.5,2024-08-11,15.7,,
1658,FOLGOSO DO COUREL,LUGO,612.0,2025,357,0,0,0,0,0,-3.0,2025-02-08,18.5,2025-06-20,16.1,,
1679A,MONFORTE DE LEMOS,LUGO,291.0,2017,364,0,0,0,0,0,-8.7,2017-01-19,19.9,2017-08-04,16.5,,
1679A,MONFORTE DE LEMOS,LUGO,291.0,2018,364,0,0,0,0,0,-5.9,2018-02-24,18.7,2018-08-04,16.9,,
1679A,MONFORTE DE LEMOS,LUGO,291.0,2019,356,0,0,0,0,0,-7.0,2019-01-07,18.9,2019-07-23,16.4,,
1679A,MONFORTE DE LEMOS,LUGO,291.0,2020,354,0,0,0,0,0,-3.6,2020-12-26,18.5,2020-08-10,15.6,,
1679A,MONFORTE DE LEMOS,LUGO,291.0,2021,359,0,0,0,0,0,-7.5,2021-01-09,18.6,2021-07-21,15.1,,
1679A,MONFORTE DE LEMOS,LUGO,291.0,2022,365,0,0,0,0,0,-6.4,2022-01-23,19.9,2022-08-08,16.9,,
1679A,MONFORTE DE LEMOS,LUGO,291.0,2023,363,0,0,0,0,0,-6.6,2023-02-11,20.0,2023-08-19,16.5,,
1679A,MONFORTE DE LEMOS,LUGO,291.0,2024,357,0,0,0,0,0,-4.0,2024-01-20,20.0,2024-07-25,17.6,,
1679A,MONFORTE DE LEMOS,LUGO,291.0,2025,357,0,0,0,0,0,-5.0,2025-12-27,18.8,2025-08-13,16.4,,
1690A,OURENSE,OURENSE,146.0,2017,365,3,3,0,1,1,-6.3,2017-01-19,22.2,2017-08-04,18.0,2017-06-19,2017-08-04
1690A,OURENSE,OURENSE,146.0,2018,365,2,2,0,0,2,-4.0,2018-02-24,21.7,2018-08-04,18.4,2018-08-03,2018-08-04
1690A,OURENSE,OURENSE,146.0,2019,365,0,0,0,0,0,-5.3,2019-01-06,19.9,2019-08-08,17.3,,
1690A,OURENSE,OURENSE,146.0,2020,366,0,0,0,0,0,-2.4,2020-12-26,19.8,2020-07-20,17.6,,
1690A,OURENSE,OURENSE,146.0,2021,365,0,0,0,0,0,-5.6,2021-01-09,19.3,2021-09-06,17.0,,
1690A,OURENSE,OURENSE,146.0,2023,365,8,8,0,1,6,-3.4,2023-01-31,22.4,2023-08-23,18.7,2023-07-29,2023-08-24
1690A,OURENSE,OURENSE,146.0,2024,366,11,10,0,0,3,-1.9,2024-01-20,21.6,2024-07-29,19.3,2024-07-25,2024-09-01
1690A,OURENSE,OURENSE,146.0,2025,364,4,4,0,0,1,-3.0,2025-12-27,21.1,2025-06-29,18.9,2025-06-29,2025-08-05
1696O,BEARIZ,OURENSE,610.0,2017,365,0,0,0,0,0,-10.7,2017-01-19,16.6,2017-08-04,12.9,,
1696O,BEARIZ,OURENSE,610.0,2018,364,0,0,0,0,0,-7.7,2018-02-24,16.6,2018-08-03,13.1,,
1696O,BEARIZ,OURENSE,610.0,2019,362,0,0,0,0,0,-7.6,2019-01-06,15.6,2019-08-08,12.1,,
1696O,BEARIZ,OURENSE,610.0,2020,365,0,0,0,0,0,-5.9,2020-01-01,16.1,2020-08-19,12.9,,
1696O,BEARIZ,OURENSE,610.0,2021,359,0,0,0,0,0,-7.1,2021-01-12,15.7,2021-09-07,12.2,,
1696O,BEARIZ,OURENSE,610.0,2022,363,0,0,0,0,0,-7.3,2022-01-29,15.2,2022-08-04,13.2,,
1696O,BEARIZ,OURENSE,610.0,2023,364,0,0,0,0,0,-8.1,2023-03-02,16.0,2023-08-23,12.7,,
1696O,BEARIZ,OURENSE,610.0,2024,366,0,0,0,0,0,-5.4,2024-01-20,15.5,2024-07-10,13.4,,
1696O,BEARIZ,OURENSE,610.0,2025,358,0,0,0,0,0,-6.0,2025-01-15,14.5,2025-07-02,12.5,,
1700X,O CARBALLIÑO,OURENSE,400.0,2017,351,0,0,0,0,0,-7.8,2017-01-19,19.9,2017-08-04,15.6,,
1700X,O CARBALLIÑO,OURENSE,400.0,2018,357,1,1,0,0,1,-3.8,2018-02-24,20.1,2018-08-03,16.0,2018-08-03,2018-08-03
1700X,O CARBALLIÑO,OURENSE,400.0,2019,357,0,0,0,0,0,-5.4,2019-01-06,18.2,2019-08-08,14.7,,
1700X,O CARBALLIÑO,OURENSE,400.0,2020,364,0,0,0,0,0,-3.6,2020-01-02,17.0,2020-08-07,15.3,,
1700X,O CARBALLIÑO,OURENSE,400.0,2021,349,0,0,0,0,0,-5.0,2021-01-13,17.9,2021-09-06,14.9,,
1700X,O CARBALLIÑO,OURENSE,400.0,2022,357,0,0,0,0,0,-4.8,2022-01-29,19.5,2022-07-14,16.2,,
1700X,O CARBALLIÑO,OURENSE,400.0,2023,358,0,0,0,0,0,-5.7,2023-03-02,19.3,2023-08-23,15.3,,
1700X,O CARBALLIÑO,OURENSE,400.0,2024,366,0,0,0,0,0,-4.2,2024-12-15,18.6,2024-07-29,15.7,,
1700X,O CARBALLIÑO,OURENSE,400.0,2025,365,0,0,0,0,0,-4.2,2025-01-15,18.5,2025-06-29,15.7,,
1701X,RIBADAVIA,OURENSE,112.0,2017,365,0,0,0,0,0,-6.0,2017-01-20,19.6,2017-08-04,17.1,,
1701X,RIBADAVIA,OURENSE,112.0,2018,364,2,2,0,0,2,-4.4,2018-02-24,21.0,2018-08-04,17.1,2018-08-03,2018-08-04
1701X,RIBADAVIA,OURENSE,112.0,2019,364,0,0,0,0,0,-3.5,2019-01-07,19.4,2019-08-08,16.6,,
1701X,RIBADAVIA,OURENSE,112.0,2020,364,0,0,0,0,0,-2.2,2020-01-21,18.8,2020-07-20,17.2,,
1701X,RIBADAVIA,OURENSE,112.0,2021,355,0,0,0,0,0,-3.8,2021-01-11,19.0,2021-09-08,16.3,,
1701X,RIBADAVIA,OURENSE,112.0,2022,355,2,2,0,0,1,-3.4,2022-01-23,20.7,2022-07-14,18.3,2022-07-14,2022-08-04
1701X,RIBADAVIA,OURENSE,112.0,2023,364,2,2,0,0,1,-3.5,2023-02-28,21.6,2023-08-23,17.2,2023-08-19,2023-08-23
1701X,RIBADAVIA,OURENSE,112.0,2024,365,4,4,0,0,2,-0.9,2024-01-12,21.2,2024-07-30,18.1,2024-07-27,2024-08-11
1701X,RIBADAVIA,OURENSE,112.0,2025,365,1,1,0,0,1,-2.1,2025-12-27,20.1,2025-06-29,17.8,2025-06-29,2025-06-29
1706A,ALLARIZ,OURENSE,492.0,2017,365,0,0,0,0,0,-8.3,2017-01-19,19.3,2017-06-21,15.6,,
1706A,ALLARIZ,OURENSE,492.0,2018,357,0,0,0,0,0,-4.4,2018-02-25,18.6,2018-08-04,15.7,,
1706A,ALLARIZ,OURENSE,492.0,2019,340,0,0,0,0,0,-7.0,2019-01-07,17.9,2019-08-08,14.7,,
1706A,ALLARIZ,OURENSE,492.0,2020,366,0,0,0,0,0,-5.4,2020-01-01,17.3,2020-07-18,15.6,,
1706A,ALLARIZ,OURENSE,492.0,2021,356,0,0,0,0,0,-8.4,2021-01-09,18.3,2021-09-06,14.8,,
1706A,ALLARIZ,OURENSE,492.0,2022,351,0,0,0,0,0,-6.8,2022-01-29,18.7,2022-07-14,16.4,,
1706A,ALLARIZ,OURENSE,492.0,2023,365,1,1,0,0,1,-6.5,2023-02-28,20.8,2023-08-23,15.6,2023-08-23,2023-08-23
1706A,ALLARIZ,OURENSE,492.0,2024,365,0,0,0,0,0,-5.3,2024-12-15,19.1,2024-07-30,16.6,,
1706A,ALLARIZ,OURENSE,492.0,2025,365,1,1,0,0,1,-5.4,2025-01-15,20.4,2025-06-30,15.5,2025-06-30,2025-06-30
1719,A CAÑIZA,PONTEVEDRA,560.0,2017,365,1,1,0,0,1,-4.2,2017-01-19,20.2,2017-06-19,16.0,2017-06-19,2017-06-19
1719,A CAÑIZA,PONTEVEDRA,560.0,2018,360,4,3,0,1,3,-1.1,2018-02-07,22.7,2018-08-03,16.5,2018-08-03,2018-09-02
1719,A CAÑIZA,PONTEVEDRA,560.0,2019,359,0,0,0,0,0,-0.8,2019-02-03,18.5,2019-09-14,14.9,,
1719,A CAÑIZA,PONTEVEDRA,560.0,2020,364,0,0,0,0,0,0.0,2020-01-05,19.9,2020-09-13,16.2,,
1719,A CAÑIZA,PONTEVEDRA,560.0,2021,361,0,0,0,0,0,-4.5,2021-01-09,18.6,2021-07-17,15.0,,
1719,A CAÑIZA,PONTEVEDRA,560.0,2022,365,4,4,0,2,4,-1.5,2022-04-05,23.5,2022-07-13,16.9,2022-07-12,2022-07-15
1719,A CAÑIZA,PONTEVEDRA,560.0,2023,361,1,1,0,0,1,-2.9,2023-03-02,21.3,2023-08-23,15.8,2023-08-23,2023-08-23
1719,A CAÑIZA,PONTEVEDRA,560.0,2024,365,1,1,0,0,1,-1.9,2024-01-08,20.3,2024-07-29,15.8,2024-07-29,2024-07-29
1719,A CAÑIZA,PONTEVEDRA,560.0,2025,365,2,2,0,0,1,-1.3,2025-02-08,21.4,2025-08-12,16.8,2025-06-29,2025-08-12
1723X,"PONTEAREAS, CANEDO",PONTEVEDRA,90.0,2017,364,0,0,0,0,0,-5.0,2017-01-19,19.1,2017-07-29,15.9,,
1723X,"PONTEAREAS, CANEDO",PONTEVEDRA,90.0,2018,365,2,2,0,0,2,-2.3,2018-02-24,20.9,2018-08-04,16.7,2018-08-04,2018-08-05
1723X,"PONTEAREAS, CANEDO",PONTEVEDRA,90.0,2019,363,0,0,0,0,0,-3.8,2019-01-06,19.1,2019-08-08,15.4,,
1723X,"PONTEAREAS, CANEDO",PONTEVEDRA,90.0,2020,366,0,0,0,0,0,-1.8,2020-12-27,18.7,2020-08-18,16.5,,
1723X,"PONTEAREAS, CANEDO",PONTEVEDRA,90.0,2021,364,0,0,0,0,0,-4.8,2021-01-08,18.6,2021-09-07,15.8,,
1723X,"PONTEAREAS, CANEDO",PONTEVEDRA,90.0,2022,364,2,2,0,0,1,-3.1,2022-01-23,21.5,2022-07-14,17.1,2022-07-14,2022-08-05
1723X,"PONTEAREAS, CANEDO",PONTEVEDRA,90.0,2023,351,1,1,0,0,1,-3.1,2023-03-02,20.2,2023-08-23,16.1,2023-08-23,2023-08-23
1723X,"PONTEAREAS, CANEDO",PONTEVEDRA,90.0,2024,366,0,0,0,0,0,-1.4,2024-12-15,19.4,2024-07-29,16.5,,
1723X,"PONTEAREAS, CANEDO",PONTEVEDRA,90.0,2025,363,0,0,0,0,0,-2.5,2025-12-27,19.2,2025-07-04,16.6,,
1730E,O ROSAL,PONTEVEDRA,55.0,2017,365,2,1,0,0,1,-2.8,2017-01-20,21.4,2017-10-15,17.6,2017-08-20,2017-10-15
1730E,O ROSAL,PONTEVEDRA,55.0,2018,337,8,6,0,1,4,-0.7,2018-02-24,22.4,2018-08-04,18.9,2018-06-23,2018-09-24
1730E,O ROSAL,PONTEVEDRA,55.0,2019,364,0,0,0,0,0,-2.3,2019-01-05,19.6,2019-09-15,17.4,,
1730E,O ROSAL,PONTEVEDRA,55.0,2020,366,7,5,0,2,2,-0.7,2020-01-12,23.3,2020-07-17,18.6,2020-05-27,2020-09-13
1730E,O ROSAL,PONTEVEDRA,55.0,2021,364,0,0,0,0,0,-2.1,2021-01-13,19.7,2021-07-16,16.9,,
1730E,O ROSAL,PONTEVEDRA,55.0,2022,364,8,8,1,1,2,-1.0,2022-01-24,26.0,2022-07-14,18.6,2022-06-13,2022-08-26
1730E,O ROSAL,PONTEVEDRA,55.0,2023,350,3,3,0,0,1,-0.9,2023-01-31,20.6,2023-08-22,18.0,2023-08-08,2023-08-22
1730E,O ROSAL,PONTEVEDRA,55.0,2024,366,2,2,0,0,1,0.9,2024-01-20,20.5,2024-07-24,18.2,2024-07-24,2024-07-28
1730E,O ROSAL,PONTEVEDRA,55.0,2025,365,8,8,0,1,3,-1.0,2025-01-16,23.1,2025-07-04,18.1,2025-07-04,2025-08-04
1735X,XINZO DE LIMIA,OURENSE,616.0,2018,310,0,0,0,0,0,-7.7,2018-12-31,16.2,2018-06-25,13.5,,
1735X,XINZO DE LIMIA,OURENSE,616.0,2019,365,0,0,0,0,0,-10.5,2019-01-05,17.0,2019-08-08,11.7,,
1735X,XINZO DE LIMIA,OURENSE,616.0,2020,361,0,0,0,0,0,-8.6,2020-01-12,15.9,2020-07-12,12.8,,
1735X,XINZO DE LIMIA,OURENSE,616.0,2021,355,0,0,0,0,0,-10.9,2021-01-09,15.9,2021-09-06,12.2,,
1735X,XINZO DE LIMIA,OURENSE,616.0,2022,365,0,0,0,0,0,-11.5,2022-01-29,15.9,2022-07-14,13.8,,
1735X,XINZO DE LIMIA,OURENSE,616.0,2023,362,0,0,0,0,0,-9.3,2023-02-28,17.8,2023-08-19,13.1,,
1735X,XINZO DE LIMIA,OURENSE,616.0,2024,363,0,0,0,0,0,-8.8,2024-12-15,17.1,2024-07-30,14.3,,
1735X,XINZO DE LIMIA,OURENSE,616.0,2025,359,0,0,0,0,0,-9.3,2025-01-15,17.2,2025-06-19,13.5,,
1738U,MUIÑOS,OURENSE,730.0,2017,364,0,0,0,0,0,-7.8,2017-01-19,18.7,2017-06-19,14.5,,
1738U,MUIÑOS,OURENSE,730.0,2018,364,0,0,0,0,0,-3.9,2018-02-08,19.3,2018-08-03,15.2,,
1738U,MUIÑOS,OURENSE,730.0,2019,362,0,0,0,0,0,-2.6,2019-01-13,16.3,2019-09-14,14.1,,
1738U,MUIÑOS,OURENSE,730.0,2020,340,0,0,0,0,0,-2.6,2020-12-27,18.0,2020-07-07,15.2,,
1738U,MUIÑOS,OURENSE,730.0,2021,364,0,0,0,0,0,-6.4,2021-01-08,16.8,2021-09-06,14.2,,
1738U,MUIÑOS,OURENSE,730.0,2022,360,0,0,0,0,0,-2.7,2022-12-04,19.5,2022-07-14,15.4,,
1738U,MUIÑOS,OURENSE,730.0,2023,364,0,0,0,0,0,-5.1,2023-03-02,18.9,2023-08-23,14.0,,
1738U,MUIÑOS,OURENSE,730.0,2024,366,0,0,0,0,0,-3.5,2024-12-15,18.2,2024-07-29,14.7,,
1738U,MUIÑOS,OURENSE,730.0,2025,365,0,0,0,0,0,-3.3,2025-02-08,18.8,2025-06-30,15.2,,
1740,"SANTILLANA DEL MAR, ALTAMIRA",CANTABRIA,150.0,2017,363,0,0,0,0,0,-2.6,2017-01-07,19.5,2017-06-20,16.9,,
1740,"SANTILLANA DEL MAR, ALTAMIRA",CANTABRIA,150.0,2018,359,0,0,0,0,0,-2.6,2018-02-28,19.5,2018-07-25,17.5,,
1740,"SANTILLANA DEL MAR, ALTAMIRA",CANTABRIA,150.0,2019,362,0,0,0,0,0,-2.1,2019-01-04,19.9,2019-08-09,17.3,,
1740,"SANTILLANA DEL MAR, ALTAMIRA",CANTABRIA,150.0,2020,356,0,0,0,0,0,0.9,2020-03-31,19.3,2020-08-20,17.4,,
1740,"SANTILLANA DEL MAR, ALTAMIRA",CANTABRIA,150.0,2021,365,0,0,0,0,0,-0.8,2021-01-07,19.3,2021-09-13,16.8,,
1740,"SANTILLANA DEL MAR, ALTAMIRA",CANTABRIA,150.0,2022,357,3,2,0,1,2,-0.5,2022-04-05,22.7,2022-07-17,18.5,2022-07-16,2022-10-27
1740,"SANTILLANA DEL MAR, ALTAMIRA",CANTABRIA,150.0,2023,359,0,0,0,0,0,0.2,2023-02-07,19.9,2023-08-23,18.1,,
1740,"SANTILLANA DEL MAR, ALTAMIRA",CANTABRIA,150.0,2024,366,3,3,0,0,3,-0.6,2024-01-20,20.5,2024-07-29,17.8,2024-07-29,2024-07-31
1740,"SANTILLANA DEL MAR, ALTAMIRA",CANTABRIA,150.0,2025,358,1,1,0,0,1,-1.7,2025-01-14,20.1,2025-08-15,17.9,2025-08-15,2025-08-15
2005Y,"VINUESA, QUINTANAREJO",SORIA,1197.0,2017,365,0,0,0,0,0,-8.5,2017-01-02,14.1,2017-06-15,12.7,,
2005Y,"VINUESA, QUINTANAREJO",SORIA,1197.0,2018,365,0,0,0,0,0,-9.3,2018-02-09,14.7,2018-08-04,11.9,,
2005Y,"VINUESA, QUINTANAREJO",SORIA,1197.0,2019,365,0,0,0,0,0,-8.2,2019-02-04,14.9,2019-08-07,12.4,,
2005Y,"VINUESA, QUINTANAREJO",SORIA,1197.0,2020,366,0,0,0,0,0,-7.1,2020-01-12,15.0,2020-07-28,12.4,,
2005Y,"VINUESA, QUINTANAREJO",SORIA,1197.0,2021,364,0,0,0,0,0,-11.3,2021-01-08,15.5,2021-07-18,11.6,,
2005Y,"VINUESA, QUINTANAREJO",SORIA,1197.0,2022,360,0,0,0,0,0,-8.5,2022-01-16,16.2,2022-08-09,13.5,,
2005Y,"VINUESA, QUINTANAREJO",SORIA,1197.0,2023,364,0,0,0,0,0,-10.3,2023-01-30,15.8,2023-08-21,13.4,,
2005Y,"VINUESA, QUINTANAREJO",SORIA,1197.0,2024,330,0,0,0,0,0,-7.9,2024-01-12,15.6,2024-08-09,13.4,,
2005Y,"VINUESA, QUINTANAREJO",SORIA,1197.0,2025,355,0,0,0,0,0,-7.0,2025-02-08,16.4,2025-08-12,13.8,,
2017Y,"LA PÓVEDA DE SORIA, BARRIOMARTÍN",SORIA,1260.0,2017,359,0,0,0,0,0,-8.5,2017-01-18,14.5,2017-06-15,12.4,,
2017Y,"LA PÓVEDA DE SORIA, BARRIOMARTÍN",SORIA,1260.0,2018,365,0,0,0,0,0,-11.2,2018-01-09,17.5,2018-08-04,12.0,,
2017Y,"LA PÓVEDA DE SORIA, BARRIOMARTÍN",SORIA,1260.0,2019,362,0,0,0,0,0,-5.6,2019-02-04,14.3,2019-07-13,12.5,,
2017Y,"LA PÓVEDA DE SORIA, BARRIOMARTÍN",SORIA,1260.0,2020,359,0,0,0,0,0,-6.9,2020-12-05,14.8,2020-07-28,12.5,,
2017Y,"LA PÓVEDA DE SORIA, BARRIOMARTÍN",SORIA,1260.0,2021,363,0,0,0,0,0,-11.7,2021-01-04,14.8,2021-08-14,12.2,,
2017Y,"LA PÓVEDA DE SORIA, BARRIOMARTÍN",SORIA,1260.0,2022,358,0,0,0,0,0,-8.9,2022-12-04,16.2,2022-08-09,13.8,,
2017Y,"LA PÓVEDA DE SORIA, BARRIOMARTÍN",SORIA,1260.0,2023,358,0,0,0,0,0,-10.6,2023-02-24,15.6,2023-08-21,13.4,,
2017Y,"LA PÓVEDA DE SORIA, BARRIOMARTÍN",SORIA,1260.0,2024,364,0,0,0,0,0,-7.6,2024-01-12,15.7,2024-08-09,13.7,,
2017Y,"LA PÓVEDA DE SORIA, BARRIOMARTÍN",SORIA,1260.0,2025,360,0,0,0,0,0,-9.7,2025-02-08,17.5,2025-08-16,13.8,,
2030,SORIA,SORIA,1081.0,2017,365,0,0,0,0,0,-9.9,2017-01-19,17.9,2017-08-23,15.3,,
2030,SORIA,SORIA,1081.0,2018,365,0,0,0,0,0,-7.5,2018-01-09,19.2,2018-08-04,14.8,,
2030,SORIA,SORIA,1081.0,2019,365,0,0,0,0,0,-5.3,2019-01-15,19.9,2019-06-27,15.8,,
2030,SORIA,SORIA,1081.0,2020,366,0,0,0,0,0,-5.7,2020-01-12,18.4,2020-07-28,15.1,,
2030,SORIA,SORIA,1081.0,2021,365,0,0,0,0,0,-11.1,2021-01-08,17.2,2021-08-14,13.9,,
2030,SORIA,SORIA,1081.0,2022,365,1,1,0,0,1,-9.1,2022-01-22,20.6,2022-07-19,16.4,2022-07-19,2022-07-19
2030,SORIA,SORIA,1081.0,2023,365,0,0,0,0,0,-9.6,2023-02-24,19.1,2023-08-25,15.7,,
2030,SORIA,SORIA,1081.0,2024,366,0,0,0,0,0,-9.2,2024-01-21,19.6,2024-07-30,16.5,,
2030,SORIA,SORIA,1081.0,2025,365,0,0,0,0,0,-6.7,2025-01-14,19.1,2025-08-12,16.0,,
2044B,LUBIA,SORIA,1100.0,2017,353,0,0,0,0,0,-11.8,2017-01-19,18.7,2017-08-04,14.6,,
2044B,LUBIA,SORIA,1100.0,2018,345,0,0,0,0,0,-8.9,2018-02-08,16.3,2018-07-31,13.5,,
2044B,LUBIA,SORIA,1100.0,2019,353,0,0,0,0,0,-7.3,2019-02-04,18.7,2019-06-27,14.3,,
2044B,LUBIA,SORIA,1100.0,2020,345,0,0,0,0,0,-5.8,2020-01-12,17.2,2020-07-28,14.0,,
2044B,LUBIA,SORIA,1100.0,2021,350,0,0,0,0,0,-14.3,2021-01-11,16.9,2021-08-14,13.0,,
2044B,LUBIA,SORIA,1100.0,2022,354,0,0,0,0,0,-8.1,2022-01-22,19.2,2022-07-18,15.5,,
2044B,LUBIA,SORIA,1100.0,2023,337,0,0,0,0,0,-10.0,2023-02-28,19.2,2023-08-25,14.7,,
2044B,LUBIA,SORIA,1100.0,2024,347,0,0,0,0,0,-9.8,2024-01-21,18.7,2024-07-20,14.7,,
2044B,LUBIA,SORIA,1100.0,2025,322,0,0,0,0,0,-7.7,2025-01-14,17.0,2025-08-16,14.6,,
2048A,MORÓN DE ALMAZÁN,SORIA,978.0,2017,365,0,0,0,0,0,-13.7,2017-01-19,16.8,2017-07-18,13.7,,
2048A,MORÓN DE ALMAZÁN,SORIA,978.0,2018,365,0,0,0,0,0,-13.9,2018-01-09,14.9,2018-08-12,11.8,,
2048A,MORÓN DE ALMAZÁN,SORIA,978.0,2019,365,0,0,0,0,0,-10.5,2019-01-04,16.9,2019-07-03,13.6,,
2048A,MORÓN DE ALMAZÁN,SORIA,978.0,2020,366,0,0,0,0,0,-7.7,2020-01-11,16.6,2020-07-28,12.4,,
2048A,MORÓN DE ALMAZÁN,SORIA,978.0,2021,365,0,0,0,0,0,-19.2,2021-01-11,16.4,2021-08-11,11.6,,
2048A,MORÓN DE ALMAZÁN,SORIA,978.0,2022,362,0,0,0,0,0,-10.9,2022-02-06,18.6,2022-08-03,13.8,,
2048A,MORÓN DE ALMAZÁN,SORIA,978.0,2023,365,0,0,0,0,0,-11.2,2023-03-01,17.3,2023-07-18,14.1,,
2048A,MORÓN DE ALMAZÁN,SORIA,978.0,2024,364,0,0,0,0,0,-8.4,2024-01-21,18.8,2024-07-30,14.5,,
2048A,MORÓN DE ALMAZÁN,SORIA,978.0,2025,355,0,0,0,0,0,-10.2,2025-01-14,16.8,2025-07-04,13.3,,
2059B,LA RIBA DE ESCALOTE,SORIA,1042.0,2017,357,1,1,0,0,1,-12.3,2017-01-19,20.2,2017-07-18,16.5,2017-07-18,2017-07-18
2059B,LA RIBA DE ESCALOTE,SORIA,1042.0,2018,353,0,0,0,0,0,-16.7,2018-01-09,18.6,2018-08-12,14.4,,
2059B,LA RIBA DE ESCALOTE,SORIA,1042.0,2019,350,3,3,0,1,1,-7.7,2019-01-05,22.6,2019-07-25,16.0,2019-06-30,2019-07-25
2059B,LA RIBA DE ESCALOTE,SORIA,1042.0,2020,364,3,3,0,0,1,-8.0,2020-01-12,21.1,2020-08-10,14.5,2020-07-28,2020-08-10
2059B,LA RIBA DE ESCALOTE,SORIA,1042.0,2021,363,0,0,0,0,0,-12.5,2021-01-12,19.6,2021-08-14,14.5,,
2059B,LA RIBA DE ESCALOTE,SORIA,1042.0,2022,364,4,4,0,1,1,-9.3,2022-02-06,22.5,2022-07-18,17.6,2022-06-18,2022-08-12
2059B,LA RIBA DE ESCALOTE,SORIA,1042.0,2023,365,6,6,0,2,5,-10.0,2023-01-30,23.3,2023-07-18,15.6,2023-07-18,2023-08-25
2059B,LA RIBA DE ESCALOTE,SORIA,1042.0,2024,355,2,2,0,0,1,-9.6,2024-01-21,20.2,2024-07-27,15.0,2024-07-27,2024-07-30
2059B,LA RIBA DE ESCALOTE,SORIA,1042.0,2025,353,0,0,0,0,0,-9.8,2025-01-14,19.6,2025-08-11,16.4,,
2084Y,UCERO,SORIA,960.0,2017,365,0,0,0,0,0,-12.8,2017-01-19,16.2,2017-06-12,12.6,,
2084Y,UCERO,SORIA,960.0,2018,365,0,0,0,0,0,-9.9,2018-02-24,13.6,2018-06-30,11.5,,
2084Y,UCERO,SORIA,960.0,2019,364,0,0,0,0,0,-10.7,2019-01-06,15.2,2019-06-27,12.5,,
2084Y,UCERO,SORIA,960.0,2020,365,0,0,0,0,0,-7.2,2020-01-11,16.8,2020-07-21,12.0,,
2084Y,UCERO,SORIA,960.0,2021,364,0,0,0,0,0,-16.1,2021-01-11,14.4,2021-08-12,11.3,,
2084Y,UCERO,SORIA,960.0,2022,365,0,0,0,0,0,-10.1,2022-04-04,17.3,2022-08-03,13.3,,
2084Y,UCERO,SORIA,960.0,2023,362,0,0,0,0,0,-10.4,2023-03-01,14.9,2023-08-23,12.9,,
2084Y,UCERO,SORIA,960.0,2024,366,0,0,0,0,0,-8.3,2024-12-31,18.1,2024-07-28,12.9,,
2084Y,UCERO,SORIA,960.0,2025,365,0,0,0,0,0,-11.0,2025-01-14,16.2,2025-08-12,13.0,,
2092,BURGO DE OSMA,SORIA,932.0,2017,363,0,0,0,0,0,-12.5,2017-01-18,18.6,2017-07-17,14.8,,
2092,BURGO DE OSMA,SORIA,932.0,2018,365,0,0,0,0,0,-10.7,2018-01-09,17.8,2018-08-02,13.9,,
2092,BURGO DE OSMA,SORIA,932.0,2019,365,0,0,0,0,0,-9.2,2019-01-04,19.1,2019-06-27,14.7,,
2092,BURGO DE OSMA,SORIA,932.0,2020,364,0,0,0,0,0,-6.7,2020-01-12,17.8,2020-07-21,13.5,,
2092,BURGO DE OSMA,SORIA,932.0,2021,365,0,0,0,0,0,-17.9,2021-01-11,16.1,2021-07-29,13.1,,
2092,BURGO DE OSMA,SORIA,932.0,2022,365,1,1,0,0,1,-9.8,2022-01-28,21.2,2022-08-03,16.3,2022-08-03,2022-08-03
2092,BURGO DE OSMA,SORIA,932.0,2023,348,1,1,0,0,1,-9.5,2023-03-01,21.7,2023-08-22,14.8,2023-08-22,2023-08-22
2092,BURGO DE OSMA,SORIA,932.0,2024,366,2,2,0,0,1,-7.3,2024-01-12,20.4,2024-07-29,14.9,2024-07-29,2024-08-10
2092,BURGO DE OSMA,SORIA,932.0,2025,364,0,0,0,0,0,-10.8,2025-01-14,19.1,2025-08-12,15.1,,
2096B,LICERAS,SORIA,1150.0,2017,364,1,1,0,1,1,-9.9,2017-01-18,22.1,2017-07-18,17.2,2017-07-18,2017-07-18
2096B,LICERAS,SORIA,1150.0,2018,362,0,0,0,0,0,-9.6,2018-02-08,18.9,2018-08-02,15.2,,
2096B,LICERAS,SORIA,1150.0,2019,359,4,4,0,2,2,-6.2,2019-01-11,23.7,2019-06-29,16.2,2019-06-27,2019-07-22
2096B,LICERAS,SORIA,1150.0,2020,366,4,4,0,0,4,-5.5,2020-01-20,21.7,2020-08-07,15.9,2020-08-07,2020-08-10
2096B,LICERAS,SORIA,1150.0,2021,363,2,1,0,0,1,-10.6,2021-01-08,21.6,2021-08-14,15.0,2021-08-14,2021-09-06
2096B,LICERAS,SORIA,1150.0,2022,364,6,6,0,1,2,-6.4,2022-04-04,23.1,2022-07-18,18.4,2022-06-13,2022-08-12
2096B,LICERAS,SORIA,1150.0,2023,359,3,3,0,2,3,-7.7,2023-01-30,23.8,2023-08-24,15.8,2023-08-22,2023-08-24
2096B,LICERAS,SORIA,1150.0,2024,363,5,5,0,2,3,-5.7,2024-01-21,23.2,2024-08-11,16.4,2024-07-28,2024-08-11
2096B,LICERAS,SORIA,1150.0,2025,364,3,3,0,0,2,-6.8,2025-01-14,21.6,2025-08-15,17.0,2025-08-10,2025-08-15
2106B,CORUÑA DEL CONDE,BURGOS,955.0,2017,365,3,3,0,0,1,-10.3,2017-01-19,21.1,2017-06-13,17.4,2017-06-13,2017-07-17
2106B,CORUÑA DEL CONDE,BURGOS,955.0,2018,362,0,0,0,0,0,-8.2,2018-02-23,19.5,2018-08-02,15.7,,
2106B,CORUÑA DEL CONDE,BURGOS,955.0,2019,365,5,5,0,1,4,-6.8,2019-01-06,23.7,2019-06-29,16.8,2019-06-27,2019-07-22
2106B,CORUÑA DEL CONDE,BURGOS,955.0,2020,366,4,4,0,1,3,-5.6,2020-01-07,23.0,2020-08-07,15.9,2020-07-30,2020-08-09
2106B,CORUÑA DEL CONDE,BURGOS,955.0,2021,365,1,1,0,0,1,-11.0,2021-01-12,20.7,2021-08-14,15.4,2021-08-14,2021-08-14
2106B,CORUÑA DEL CONDE,BURGOS,955.0,2022,364,11,10,0,3,4,-7.4,2022-04-04,22.7,2022-07-16,19.0,2022-06-18,2022-09-12
2106B,CORUÑA DEL CONDE,BURGOS,955.0,2023,363,5,5,0,2,4,-7.2,2023-12-26,23.9,2023-08-22,16.7,2023-07-18,2023-08-24
2106B,CORUÑA DEL CONDE,BURGOS,955.0,2024,361,9,9,0,4,5,-6.8,2024-12-30,22.4,2024-07-28,16.8,2024-07-26,2024-08-11
2106B,CORUÑA DEL CONDE,BURGOS,955.0,2025,364,5,5,0,2,2,-8.0,2025-01-14,23.8,2025-08-10,17.8,2025-08-05,2025-08-15
2117D,ARANDA DE DUERO,BURGOS,790.0,2017,365,0,0,0,0,0,-12.2,2017-01-19,18.4,2017-07-17,14.8,,
2117D,ARANDA DE DUERO,BURGOS,790.0,2018,365,0,0,0,0,0,-8.8,2018-02-25,17.7,2018-06-21,14.2,,
2117D,ARANDA DE DUERO,BURGOS,790.0,2019,365,0,0,0,0,0,-9.9,2019-01-06,18.3,2019-07-22,15.5,,
2117D,ARANDA DE DUERO,BURGOS,790.0,2020,366,0,0,0,0,0,-6.2,2020-01-13,19.6,2020-07-30,14.7,,
2117D,ARANDA DE DUERO,BURGOS,790.0,2021,365,0,0,0,0,0,-14.7,2021-01-12,17.2,2021-08-12,14.0,,
2117D,ARANDA DE DUERO,BURGOS,790.0,2022,365,4,4,0,1,2,-9.4,2022-01-29,22.4,2022-08-03,17.7,2022-08-02,2022-08-24
2117D,ARANDA DE DUERO,BURGOS,790.0,2023,364,0,0,0,0,0,-8.0,2023-03-03,19.6,2023-08-23,15.3,,
2117D,ARANDA DE DUERO,BURGOS,790.0,2024,347,3,3,0,1,2,-5.5,2024-01-20,22.6,2024-07-28,16.0,2024-07-28,2024-08-10
2117D,ARANDA DE DUERO,BURGOS,790.0,2025,356,1,1,0,0,1,-10.1,2025-01-14,20.3,2025-08-10,16.1,2025-08-10,2025-08-10
2135A,FRESNO DE CANTESPINO,SEGOVIA,993.0,2017,361,0,0,0,0,0,-11.0,2017-01-19,19.2,2017-06-19,15.0,,
2135A,FRESNO DE CANTESPINO,SEGOVIA,993.0,2018,365,0,0,0,0,0,-15.3,2018-01-09,16.5,2018-07-08,13.0,,
2135A,FRESNO DE CANTESPINO,SEGOVIA,993.0,2019,352,2,2,0,1,1,-8.1,2019-01-04,23.7,2019-06-27,15.6,2019-06-27,2019-06-30
2135A,FRESNO DE CANTESPINO,SEGOVIA,993.0,2020,357,0,0,0,0,0,-8.1,2020-01-12,17.8,2020-08-09,13.7,,
2135A,FRESNO DE CANTESPINO,SEGOVIA,993.0,2021,315,0,0,0,0,0,-14.9,2021-01-11,15.3,2021-06-11,11.9,,
2135A,FRESNO DE CANTESPINO,SEGOVIA,993.0,2022,361,1,1,0,0,1,-9.3,2022-01-22,21.2,2022-07-18,14.8,2022-07-18,2022-07-18
2135A,FRESNO DE CANTESPINO,SEGOVIA,993.0,2023,341,1,1,0,0,1,-9.4,2023-01-30,21.7,2023-08-24,14.3,2023-08-24,2023-08-24
2135A,FRESNO DE CANTESPINO,SEGOVIA,993.0,2024,341,1,1,0,0,1,-8.4,2024-12-30,20.7,2024-08-11,14.7,2024-08-11,2024-08-11
2135A,FRESNO DE CANTESPINO,SEGOVIA,993.0,2025,355,0,0,0,0,0,-10.4,2025-01-14,17.9,2025-06-30,14.7,,
2140A,ALDEANUEVA DE SERREZUELA,SEGOVIA,1135.0,2017,365,13,13,0,2,3,-9.1,2017-01-18,23.0,2017-08-22,19.0,2017-06-11,2017-08-23
2140A,ALDEANUEVA DE SERREZUELA,SEGOVIA,1135.0,2018,365,4,4,0,1,3,-6.3,2018-02-23,23.1,2018-08-02,17.8,2018-06-25,2018-08-04
2140A,ALDEANUEVA DE SERREZUELA,SEGOVIA,1135.0,2019,365,9,9,0,4,4,-5.7,2019-01-11,23.4,2019-06-29,19.1,2019-06-27,2019-08-30
2140A,ALDEANUEVA DE SERREZUELA,SEGOVIA,1135.0,2020,366,7,7,0,4,5,-5.2,2020-01-20,24.2,2020-08-07,18.2,2020-06-23,2020-08-10
2140A,ALDEANUEVA DE SERREZUELA,SEGOVIA,1135.0,2021,365,6,5,1,3,4,-7.9,2021-01-08,26.4,2021-08-14,17.5,2021-07-22,2021-09-06
2140A,ALDEANUEVA DE SERREZUELA,SEGOVIA,1135.0,2022,365,24,23,1,15,8,-4.8,2022-01-22,25.6,2022-07-17,21.1,2022-05-21,2022-08-24
2140A,ALDEANUEVA DE SERREZUELA,SEGOVIA,1135.0,2023,359,9,9,0,6,6,-5.8,2023-03-02,24.9,2023-08-09,19.2,2023-06-25,2023-08-25
2140A,ALDEANUEVA DE SERREZUELA,SEGOVIA,1135.0,2024,366,14,14,0,5,5,-6.7,2024-01-20,24.9,2024-08-10,19.4,2024-07-19,2024-08-11
2140A,ALDEANUEVA DE SERREZUELA,SEGOVIA,1135.0,2025,364,17,16,1,5,6,-4.6,2025-01-13,25.3,2025-08-17,19.8,2025-06-18,2025-09-18
2150H,"LA PINILLA, ESTACIÓN DE ESQUÍ",SEGOVIA,1798.0,2017,365,0,0,0,0,0,-13.5,2017-01-18,19.0,2017-06-14,16.3,,
2150H,"LA PINILLA, ESTACIÓN DE ESQUÍ",SEGOVIA,1798.0,2018,365,0,0,0,0,0,-11.6,2018-02-23,19.5,2018-08-02,14.7,,
2150H,"LA PINILLA, ESTACIÓN DE ESQUÍ",SEGOVIA,1798.0,2019,365,1,1,0,0,1,-9.0,2019-01-10,21.3,2019-06-29,15.4,2019-06-29,2019-06-29
2150H,"LA PINILLA, ESTACIÓN DE ESQUÍ",SEGOVIA,1798.0,2021,360,0,0,0,0,0,-11.8,2021-01-11,19.3,2021-08-13,14.5,,
2150H,"LA PINILLA, ESTACIÓN DE ESQUÍ",SEGOVIA,1798.0,2022,365,6,6,0,0,5,-9.7,2022-01-06,22.0,2022-07-15,18.0,2022-06-14,2022-07-18
2150H,"LA PINILLA, ESTACIÓN DE ESQUÍ",SEGOVIA,1798.0,2023,349,3,3,0,0,2,-10.8,2023-01-22,21.8,2023-08-22,15.5,2023-07-18,2023-08-23
2150H,"LA PINILLA, ESTACIÓN DE ESQUÍ",SEGOVIA,1798.0,2024,303,2,2,0,0,2,-9.1,2024-01-12,20.6,2024-08-09,16.8,2024-08-09,2024-08-10
2150H,"LA PINILLA, ESTACIÓN DE ESQUÍ",SEGOVIA,1798.0,2025,363,1,1,0,0,1,-8.6,2025-01-31,20.9,2025-08-10,17.0,2025-08-10,2025-08-10
2166Y,PEÑAFIEL,VALLADOLID,756.0,2017,365,1,1,0,0,1,-9.3,2017-01-01,20.5,2017-08-22,15.7,2017-08-22,2017-08-22
2166Y,PEÑAFIEL,VALLADOLID,756.0,2018,365,0,0,0,0,0,-8.0,2018-02-24,18.7,2018-06-21,14.7,,
2166Y,PEÑAFIEL,VALLADOLID,756.0,2019,365,1,1,0,0,1,-7.7,2019-01-04,21.4,2019-06-27,15.3,2019-06-27,2019-06-27
2166Y,PEÑAFIEL,VALLADOLID,756.0,2020,366,0,0,0,0,0,-5.9,2020-01-12,18.7,2020-07-30,15.3,,
2166Y,PEÑAFIEL,VALLADOLID,756.0,2021,365,0,0,0,0,0,-12.7,2021-01-13,17.7,2021-07-22,14.4,,
2166Y,PEÑAFIEL,VALLADOLID,756.0,2022,364,3,3,0,1,1,-8.5,2022-01-29,22.4,2022-08-03,17.0,2022-06-16,2022-08-03
2166Y,PEÑAFIEL,VALLADOLID,756.0,2023,349,0,0,0,0,0,-7.9,2023-02-11,19.9,2023-08-23,15.8,,
2166Y,PEÑAFIEL,VALLADOLID,756.0,2024,366,1,1,0,1,1,-5.3,2024-01-20,22.5,2024-08-11,16.3,2024-08-11,2024-08-11
2166Y,PEÑAFIEL,VALLADOLID,756.0,2025,365,1,1,0,0,1,-9.1,2025-01-14,20.5,2025-08-13,15.9,2025-08-13,2025-08-13
2172Y,SARDÓN DE DUERO,VALLADOLID,725.0,2017,355,0,0,0,0,0,-10.8,2017-01-07,17.0,2017-06-16,14.3,,
2172Y,SARDÓN DE DUERO,VALLADOLID,725.0,2018,361,0,0,0,0,0,-10.1,2018-02-24,16.8,2018-06-21,13.3,,
2172Y,SARDÓN DE DUERO,VALLADOLID,725.0,2019,351,0,0,0,0,0,-11.8,2019-01-06,18.2,2019-07-22,13.7,,
2172Y,SARDÓN DE DUERO,VALLADOLID,725.0,2020,351,0,0,0,0,0,-8.3,2020-01-12,16.6,2020-07-22,13.6,,
2172Y,SARDÓN DE DUERO,VALLADOLID,725.0,2021,335,0,0,0,0,0,-11.7,2021-01-12,17.0,2021-08-12,13.2,,
2172Y,SARDÓN DE DUERO,VALLADOLID,725.0,2022,353,1,1,0,0,1,-10.1,2022-01-29,20.4,2022-06-16,15.7,2022-06-16,2022-06-16
2172Y,SARDÓN DE DUERO,VALLADOLID,725.0,2023,356,0,0,0,0,0,-9.9,2023-02-11,18.9,2023-08-23,14.7,,
2172Y,SARDÓN DE DUERO,VALLADOLID,725.0,2024,355,0,0,0,0,0,-7.5,2024-01-08,19.8,2024-08-10,15.1,,
2172Y,SARDÓN DE DUERO,VALLADOLID,725.0,2025,352,0,0,0,0,0,-10.7,2025-01-15,19.6,2025-08-13,14.9,,
2182C,PEDRAZA,SEGOVIA,1107.0,2017,365,4,4,0,2,2,-10.7,2017-01-19,22.4,2017-07-17,18.1,2017-06-13,2017-07-18
2182C,PEDRAZA,SEGOVIA,1107.0,2018,365,2,2,0,0,2,-9.5,2018-02-08,21.0,2018-08-03,16.5,2018-08-02,2018-08-03
2182C,PEDRAZA,SEGOVIA,1107.0,2019,364,8,8,1,5,4,-6.8,2019-01-11,25.6,2019-06-29,17.5,2019-06-27,2019-07-24
2182C,PEDRAZA,SEGOVIA,1107.0,2020,366,4,4,0,4,3,-6.8,2020-01-20,23.4,2020-08-07,17.0,2020-07-30,2020-08-09
2182C,PEDRAZA,SEGOVIA,1107.0,2021,342,3,3,0,2,2,-10.3,2021-01-11,24.6,2021-08-14,15.9,2021-08-12,2021-08-15
2182C,PEDRAZA,SEGOVIA,1107.0,2022,365,19,19,1,9,4,-6.7,2022-04-04,25.2,2022-07-15,20.2,2022-06-12,2022-08-28
2182C,PEDRAZA,SEGOVIA,1107.0,2023,364,6,6,0,4,4,-6.2,2023-02-24,24.4,2023-08-23,17.0,2023-07-18,2023-08-24
2182C,PEDRAZA,SEGOVIA,1107.0,2024,366,5,5,0,4,3,-5.9,2024-12-31,24.5,2024-08-10,17.5,2024-07-28,2024-08-11
2182C,PEDRAZA,SEGOVIA,1107.0,2025,365,12,12,0,3,4,-6.7,2025-01-14,24.8,2025-08-10,18.2,2025-06-10,2025-08-17
2192C,CUÉLLAR,SEGOVIA,795.0,2017,365,0,0,0,0,0,-14.7,2017-01-19,18.4,2017-06-17,12.1,,
2192C,CUÉLLAR,SEGOVIA,795.0,2018,365,0,0,0,0,0,-12.0,2018-02-23,16.4,2018-09-03,12.5,,
2192C,CUÉLLAR,SEGOVIA,795.0,2019,365,0,0,0,0,0,-12.2,2019-01-06,15.8,2019-07-13,13.1,,
2192C,CUÉLLAR,SEGOVIA,795.0,2020,359,0,0,0,0,0,-9.6,2020-01-12,15.1,2020-07-29,12.0,,
2192C,CUÉLLAR,SEGOVIA,795.0,2021,365,0,0,0,0,0,-16.2,2021-01-12,16.1,2021-09-09,11.4,,
2192C,CUÉLLAR,SEGOVIA,795.0,2022,365,2,2,0,0,1,-11.0,2022-02-06,20.3,2022-08-10,14.1,2022-06-16,2022-08-10
2192C,CUÉLLAR,SEGOVIA,795.0,2023,361,0,0,0,0,0,-10.4,2023-02-11,17.1,2023-07-03,12.7,,
2192C,CUÉLLAR,SEGOVIA,795.0,2024,365,0,0,0,0,0,-7.7,2024-12-21,16.0,2024-06-26,13.2,,
2192C,CUÉLLAR,SEGOVIA,795.0,2025,365,0,0,0,0,0,-12.4,2025-01-15,17.5,2025-08-13,12.8,,
2235U,CERVERA DE PISUERGA,PALENCIA,1140.0,2017,365,0,0,0,0,0,-7.3,2017-01-19,17.3,2017-08-22,13.0,,
2235U,CERVERA DE PISUERGA,PALENCIA,1140.0,2018,326,0,0,0,0,0,-8.7,2018-02-23,18.8,2018-08-03,12.5,,
2235U,CERVERA DE PISUERGA,PALENCIA,1140.0,2019,336,0,0,0,0,0,-7.2,2019-04-04,17.4,2019-06-29,13.2,,
2235U,CERVERA DE PISUERGA,PALENCIA,1140.0,2020,343,0,0,0,0,0,-5.5,2020-12-30,17.7,2020-08-07,13.2,,
2235U,CERVERA DE PISUERGA,PALENCIA,1140.0,2021,365,0,0,0,0,0,-8.9,2021-01-07,15.7,2021-08-14,12.0,,
2235U,CERVERA DE PISUERGA,PALENCIA,1140.0,2022,365,0,0,0,0,0,-7.9,2022-04-05,20.0,2022-07-17,14.9,,
2235U,CERVERA DE PISUERGA,PALENCIA,1140.0,2023,364,0,0,0,0,0,-9.2,2023-01-31,19.1,2023-08-23,13.1,,
2235U,CERVERA DE PISUERGA,PALENCIA,1140.0,2024,366,0,0,0,0,0,-7.6,2024-01-20,17.7,2024-07-29,13.1,,
2235U,CERVERA DE PISUERGA,PALENCIA,1140.0,2025,364,0,0,0,0,0,-6.1,2025-12-26,19.5,2025-08-16,14.4,,
2243A,AGUILAR DE CAMPOO,PALENCIA,910.0,2017,365,0,0,0,0,0,-9.9,2017-01-19,16.2,2017-07-28,12.7,,
2243A,AGUILAR DE CAMPOO,PALENCIA,910.0,2018,360,0,0,0,0,0,-9.4,2018-02-24,16.1,2018-07-26,13.0,,
2243A,AGUILAR DE CAMPOO,PALENCIA,910.0,2019,365,0,0,0,0,0,-9.8,2019-02-04,16.0,2019-08-08,13.5,,
2243A,AGUILAR DE CAMPOO,PALENCIA,910.0,2020,365,0,0,0,0,0,-6.4,2020-01-01,15.5,2020-07-22,13.1,,
2243A,AGUILAR DE CAMPOO,PALENCIA,910.0,2021,365,0,0,0,0,0,-11.0,2021-01-07,14.6,2021-06-14,12.5,,
2243A,AGUILAR DE CAMPOO,PALENCIA,910.0,2022,365,0,0,0,0,0,-8.5,2022-01-15,18.8,2022-06-16,13.8,,
2243A,AGUILAR DE CAMPOO,PALENCIA,910.0,2023,365,0,0,0,0,0,-9.0,2023-04-05,17.0,2023-08-23,13.0,,
2243A,AGUILAR DE CAMPOO,PALENCIA,910.0,2024,366,0,0,0,0,0,-9.4,2024-01-20,16.1,2024-08-07,13.5,,
2243A,AGUILAR DE CAMPOO,PALENCIA,910.0,2025,362,0,0,0,0,0,-8.2,2025-01-18,16.2,2025-08-13,13.2,,
2276B,VILLAELES DE VALDAVIA,PALENCIA,908.0,2017,364,0,0,0,0,0,-8.9,2017-01-01,18.2,2017-07-17,13.5,,
2276B,VILLAELES DE VALDAVIA,PALENCIA,908.0,2018,365,0,0,0,0,0,-9.4,2018-02-24,16.0,2018-06-21,13.3,,
2276B,VILLAELES DE VALDAVIA,PALENCIA,908.0,2019,365,0,0,0,0,0,-7.0,2019-02-03,16.6,2019-07-04,14.4,,
2276B,VILLAELES DE VALDAVIA,PALENCIA,908.0,2020,366,0,0,0,0,0,-5.6,2020-01-13,16.7,2020-07-22,13.3,,
2276B,VILLAELES DE VALDAVIA,PALENCIA,908.0,2021,365,0,0,0,0,0,-9.0,2021-01-12,15.8,2021-08-27,12.8,,
2276B,VILLAELES DE VALDAVIA,PALENCIA,908.0,2022,357,0,0,0,0,0,-9.0,2022-01-15,19.9,2022-08-03,14.6,,
2276B,VILLAELES DE VALDAVIA,PALENCIA,908.0,2023,340,0,0,0,0,0,-7.8,2023-03-02,17.5,2023-08-22,13.5,,
2276B,VILLAELES DE VALDAVIA,PALENCIA,908.0,2024,354,0,0,0,0,0,-7.8,2024-01-20,18.5,2024-08-10,14.3,,
2276B,VILLAELES DE VALDAVIA,PALENCIA,908.0,2025,348,0,0,0,0,0,-6.9,2025-01-13,18.5,2025-08-09,14.9,,
2285B,VILLADIEGO,BURGOS,869.0,2019,342,0,0,0,0,0,-5.5,2019-02-04,19.0,2019-06-27,15.4,,
2285B,VILLADIEGO,BURGOS,869.0,2020,366,1,1,0,0,1,-5.2,2020-01-07,20.4,2020-07-30,15.1,2020-07-30,2020-07-30
2285B,VILLADIEGO,BURGOS,869.0,2021,365,0,0,0,0,0,-8.2,2021-01-14,18.0,2021-09-06,14.4,,
2285B,VILLADIEGO,BURGOS,869.0,2022,364,4,4,0,0,3,-5.9,2022-01-06,21.9,2022-07-17,16.6,2022-07-16,2022-08-03
2285B,VILLADIEGO,BURGOS,869.0,2023,362,1,1,0,0,1,-6.0,2023-12-27,22.0,2023-08-23,15.5,2023-08-23,2023-08-23
2285B,VILLADIEGO,BURGOS,869.0,2024,366,1,1,0,0,1,-6.4,2024-01-20,20.9,2024-07-29,15.5,2024-07-29,2024-07-29
2285B,VILLADIEGO,BURGOS,869.0,2025,353,1,1,0,1,1,-4.9,2025-01-19,22.2,2025-08-15,15.7,2025-08-15,2025-08-15
2290Y,PEDROSA DEL PRÍNCIPE,BURGOS,771.0,2017,365,0,0,0,0,0,-10.2,2017-01-01,18.9,2017-08-22,14.6,,
2290Y,PEDROSA DEL PRÍNCIPE,BURGOS,771.0,2018,365,0,0,0,0,0,-9.6,2018-02-24,16.7,2018-06-21,14.0,,
2290Y,PEDROSA DEL PRÍNCIPE,BURGOS,771.0,2019,365,0,0,0,0,0,-9.1,2019-01-06,17.5,2019-07-23,14.8,,
2290Y,PEDROSA DEL PRÍNCIPE,BURGOS,771.0,2020,366,1,1,0,0,1,-5.6,2020-01-02,20.1,2020-08-07,14.5,2020-08-07,2020-08-07
2290Y,PEDROSA DEL PRÍNCIPE,BURGOS,771.0,2021,365,0,0,0,0,0,-8.5,2021-01-13,18.2,2021-08-12,13.7,,
2290Y,PEDROSA DEL PRÍNCIPE,BURGOS,771.0,2022,365,1,1,0,0,1,-8.7,2022-01-15,21.2,2022-08-03,15.9,2022-08-03,2022-08-03
2290Y,PEDROSA DEL PRÍNCIPE,BURGOS,771.0,2023,364,1,1,0,0,1,-8.0,2023-03-03,20.9,2023-08-23,15.0,2023-08-23,2023-08-23
2290Y,PEDROSA DEL PRÍNCIPE,BURGOS,771.0,2024,366,3,3,0,0,2,-6.7,2024-01-20,21.0,2024-08-11,15.2,2024-07-29,2024-08-11
2290Y,PEDROSA DEL PRÍNCIPE,BURGOS,771.0,2025,365,2,2,0,0,1,-8.6,2025-01-15,21.0,2025-08-15,15.5,2025-08-13,2025-08-15
2296A,ÓLVEGA,SORIA,1039.0,2017,365,0,0,0,0,0,-9.3,2017-01-19,19.8,2017-08-22,14.3,,
2296A,ÓLVEGA,SORIA,1039.0,2018,356,0,0,0,0,0,-9.6,2018-02-09,18.1,2018-08-06,13.6,,
2296A,ÓLVEGA,SORIA,1039.0,2019,360,1,1,0,0,1,-5.9,2019-02-04,20.1,2019-07-25,14.7,2019-07-25,2019-07-25
2296A,ÓLVEGA,SORIA,1039.0,2020,358,0,0,0,0,0,-4.1,2020-01-20,19.2,2020-07-31,14.7,,
2296A,ÓLVEGA,SORIA,1039.0,2021,365,0,0,0,0,0,-9.4,2021-01-12,19.7,2021-08-14,13.6,,
2296A,ÓLVEGA,SORIA,1039.0,2022,365,2,2,0,0,1,-7.4,2022-01-22,21.3,2022-07-18,15.9,2022-06-18,2022-07-18
2296A,ÓLVEGA,SORIA,1039.0,2023,353,2,2,0,0,2,-9.9,2023-02-24,21.2,2023-08-24,14.8,2023-08-23,2023-08-24
2296A,ÓLVEGA,SORIA,1039.0,2024,366,0,0,0,0,0,-9.8,2024-01-20,18.6,2024-08-11,15.3,,
2296A,ÓLVEGA,SORIA,1039.0,2025,359,1,1,0,0,1,-7.7,2025-02-08,20.7,2025-08-11,15.6,2025-08-11,2025-08-11
2298,PALACIOS DE LA SIERRA,BURGOS,1080.0,2017,355,0,0,0,0,0,-12.5,2017-01-19,18.3,2017-06-12,13.7,,
2298,PALACIOS DE LA SIERRA,BURGOS,1080.0,2018,362,0,0,0,0,0,-9.0,2018-02-09,15.1,2018-08-02,12.4,,
2298,PALACIOS DE LA SIERRA,BURGOS,1080.0,2019,340,0,0,0,0,0,-11.2,2019-02-04,20.0,2019-06-27,14.1,,
2298,PALACIOS DE LA SIERRA,BURGOS,1080.0,2020,347,0,0,0,0,0,-6.3,2020-02-19,17.4,2020-07-30,12.9,,
2298,PALACIOS DE LA SIERRA,BURGOS,1080.0,2021,361,0,0,0,0,0,-14.9,2021-01-08,16.6,2021-08-12,12.2,,
2298,PALACIOS DE LA SIERRA,BURGOS,1080.0,2022,359,0,0,0,0,0,-10.1,2022-01-16,19.4,2022-08-09,14.5,,
2298,PALACIOS DE LA SIERRA,BURGOS,1080.0,2023,362,0,0,0,0,0,-9.2,2023-01-25,18.2,2023-08-22,13.5,,
2298,PALACIOS DE LA SIERRA,BURGOS,1080.0,2024,343,1,1,0,0,1,-7.7,2024-01-20,21.3,2024-07-28,14.3,2024-07-28,2024-07-28
2298,PALACIOS DE LA SIERRA,BURGOS,1080.0,2025,362,0,0,0,0,0,-9.3,2025-01-14,17.0,2025-08-12,14.0,,
2302N,MONTERRUBIO DE LA DEMANDA,BURGOS,1197.0,2017,364,0,0,0,0,0,-8.9,2017-01-25,15.1,2017-08-22,12.5,,
2302N,MONTERRUBIO DE LA DEMANDA,BURGOS,1197.0,2018,365,0,0,0,0,0,-11.0,2018-02-09,15.8,2018-07-25,12.0,,
2302N,MONTERRUBIO DE LA DEMANDA,BURGOS,1197.0,2019,361,1,1,0,0,1,-10.3,2019-02-04,21.1,2019-06-27,12.8,2019-06-27,2019-06-27
2302N,MONTERRUBIO DE LA DEMANDA,BURGOS,1197.0,2020,366,0,0,0,0,0,-8.0,2020-01-12,15.0,2020-08-07,12.3,,
2302N,MONTERRUBIO DE LA DEMANDA,BURGOS,1197.0,2021,365,0,0,0,0,0,-11.3,2021-01-06,16.1,2021-08-12,11.6,,
2302N,MONTERRUBIO DE LA DEMANDA,BURGOS,1197.0,2022,364,0,0,0,0,0,-8.4,2022-01-15,18.0,2022-10-27,13.5,,
2302N,MONTERRUBIO DE LA DEMANDA,BURGOS,1197.0,2023,330,0,0,0,0,0,-8.7,2023-02-11,16.7,2023-08-23,13.0,,
2302N,MONTERRUBIO DE LA DEMANDA,BURGOS,1197.0,2024,366,0,0,0,0,0,-7.8,2024-01-20,15.9,2024-07-28,13.6,,
2302N,MONTERRUBIO DE LA DEMANDA,BURGOS,1197.0,2025,363,0,0,0,0,0,-8.3,2025-02-08,15.8,2025-08-13,13.6,,
2311Y,VILLAMAYOR DE LOS MONTES,BURGOS,884.0,2017,365,2,2,0,1,1,-7.9,2017-01-01,22.2,2017-08-22,15.5,2017-07-05,2017-08-22
2311Y,VILLAMAYOR DE LOS MONTES,BURGOS,884.0,2018,365,0,0,0,0,0,-6.6,2018-02-27,17.6,2018-08-04,14.9,,
2311Y,VILLAMAYOR DE LOS MONTES,BURGOS,884.0,2019,365,2,2,0,1,1,-6.8,2019-01-16,22.9,2019-06-27,15.7,2019-06-27,2019-06-29
2311Y,VILLAMAYOR DE LOS MONTES,BURGOS,884.0,2020,335,2,2,0,0,1,-5.0,2020-01-07,21.7,2020-08-07,15.3,2020-07-30,2020-08-07
2311Y,VILLAMAYOR DE LOS MONTES,BURGOS,884.0,2021,365,0,0,0,0,0,-7.1,2021-01-17,19.2,2021-08-12,14.7,,
2311Y,VILLAMAYOR DE LOS MONTES,BURGOS,884.0,2022,365,5,5,1,2,2,-5.9,2022-01-19,25.2,2022-07-18,17.6,2022-06-18,2022-08-03
2311Y,VILLAMAYOR DE LOS MONTES,BURGOS,884.0,2023,361,2,2,0,1,2,-6.8,2023-03-03,23.1,2023-08-23,15.9,2023-08-23,2023-08-24
2311Y,VILLAMAYOR DE LOS MONTES,BURGOS,884.0,2024,355,3,3,0,2,2,-6.3,2024-01-20,23.9,2024-08-11,15.8,2024-07-29,2024-08-11
2311Y,VILLAMAYOR DE LOS MONTES,BURGOS,884.0,2025,339,3,3,1,2,1,-6.4,2025-01-14,25.1,2025-08-15,16.9,2025-08-11,2025-08-17
2331,BURGOS AEROPUERTO,BURGOS,891.0,2017,365,0,0,0,0,0,-9.8,2017-01-01,17.4,2017-07-17,13.9,,
2331,BURGOS AEROPUERTO,BURGOS,891.0,2018,365,0,0,0,0,0,-8.2,2018-02-27,16.3,2018-07-25,13.8,,
2331,BURGOS AEROPUERTO,BURGOS,891.0,2019,365,0,0,0,0,0,-9.5,2019-02-04,18.4,2019-07-25,14.2,,
2331,BURGOS AEROPUERTO,BURGOS,891.0,2020,366,0,0,0,0,0,-5.6,2020-01-07,18.1,2020-08-07,14.1,,
2331,BURGOS AEROPUERTO,BURGOS,891.0,2021,365,0,0,0,0,0,-8.5,2021-01-13,15.9,2021-09-09,13.2,,
2331,BURGOS AEROPUERTO,BURGOS,891.0,2022,365,1,1,0,0,1,-7.8,2022-01-14,20.4,2022-08-03,15.1,2022-08-03,2022-08-03
2331,BURGOS AEROPUERTO,BURGOS,891.0,2023,365,1,1,0,0,1,-8.0,2023-02-11,21.0,2023-08-24,14.5,2023-08-24,2023-08-24
2331,BURGOS AEROPUERTO,BURGOS,891.0,2024,366,0,0,0,0,0,-8.0,2024-01-20,18.8,2024-08-11,14.4,,
2331,BURGOS AEROPUERTO,BURGOS,891.0,2025,365,0,0,0,0,0,-8.7,2025-01-15,19.6,2025-08-11,15.0,,
2362C,"VELILLA DEL RÍO CARRIÓN, CAMPORREDONDO DE ALBA",PALENCIA,1575.0,2017,365,0,0,0,0,0,-9.2,2017-01-19,17.7,2017-06-22,14.1,,
2362C,"VELILLA DEL RÍO CARRIÓN, CAMPORREDONDO DE ALBA",PALENCIA,1575.0,2018,365,1,1,0,0,1,-9.9,2018-02-27,20.4,2018-08-03,13.3,2018-08-03,2018-08-03
2362C,"VELILLA DEL RÍO CARRIÓN, CAMPORREDONDO DE ALBA",PALENCIA,1575.0,2019,365,0,0,0,0,0,-6.5,2019-02-03,18.0,2019-06-29,13.6,,
2362C,"VELILLA DEL RÍO CARRIÓN, CAMPORREDONDO DE ALBA",PALENCIA,1575.0,2020,366,0,0,0,0,0,-6.2,2020-01-20,18.4,2020-08-07,13.6,,
2362C,"VELILLA DEL RÍO CARRIÓN, CAMPORREDONDO DE ALBA",PALENCIA,1575.0,2021,365,0,0,0,0,0,-9.1,2021-01-07,17.8,2021-08-14,12.1,,
2362C,"VELILLA DEL RÍO CARRIÓN, CAMPORREDONDO DE ALBA",PALENCIA,1575.0,2022,365,3,3,0,0,2,-7.1,2022-04-03,21.3,2022-07-17,15.1,2022-07-14,2022-07-17
2362C,"VELILLA DEL RÍO CARRIÓN, CAMPORREDONDO DE ALBA",PALENCIA,1575.0,2023,365,0,0,0,0,0,-8.5,2023-03-01,19.8,2023-08-24,14.6,,
2362C,"VELILLA DEL RÍO CARRIÓN, CAMPORREDONDO DE ALBA",PALENCIA,1575.0,2024,366,0,0,0,0,0,-6.0,2024-01-08,19.3,2024-08-11,14.3,,
2362C,"VELILLA DEL RÍO CARRIÓN, CAMPORREDONDO DE ALBA",PALENCIA,1575.0,2025,337,1,1,0,0,1,-6.6,2025-02-08,21.9,2025-08-16,16.3,2025-08-16,2025-08-16
2374X,CARRIÓN DE LOS CONDES,PALENCIA,830.0,2017,364,0,0,0,0,0,-9.0,2017-01-01,18.2,2017-06-13,14.3,,
2374X,CARRIÓN DE LOS CONDES,PALENCIA,830.0,2018,365,0,0,0,0,0,-9.0,2018-02-24,16.4,2018-06-21,14.3,,
2374X,CARRIÓN DE LOS CONDES,PALENCIA,830.0,2019,365,0,0,0,0,0,-6.5,2019-01-07,17.2,2019-07-13,14.7,,
2374X,CARRIÓN DE LOS CONDES,PALENCIA,830.0,2020,366,0,0,0,0,0,-4.4,2020-12-03,18.7,2020-07-30,14.6,,
2374X,CARRIÓN DE LOS CONDES,PALENCIA,830.0,2021,358,0,0,0,0,0,-8.2,2021-01-14,17.5,2021-08-12,13.5,,
2374X,CARRIÓN DE LOS CONDES,PALENCIA,830.0,2022,365,2,2,0,0,1,-7.9,2022-01-15,20.7,2022-07-16,16.0,2022-07-16,2022-08-03
2374X,CARRIÓN DE LOS CONDES,PALENCIA,830.0,2024,366,2,2,0,0,1,-6.1,2024-01-20,20.8,2024-08-10,15.1,2024-07-29,2024-08-10
2374X,CARRIÓN DE LOS CONDES,PALENCIA,830.0,2025,364,0,0,0,0,0,-7.4,2025-01-14,18.4,2025-08-09,15.4,,
2400E,AUTILLA DEL PINO,PALENCIA,874.0,2017,365,0,0,0,0,0,-7.2,2017-01-14,19.3,2017-08-22,14.4,,
2400E,AUTILLA DEL PINO,PALENCIA,874.0,2018,351,0,0,0,0,0,-7.6,2018-02-08,17.4,2018-08-04,13.9,,
2400E,AUTILLA DEL PINO,PALENCIA,874.0,2019,355,0,0,0,0,0,-5.9,2019-02-04,17.7,2019-06-29,14.3,,
2400E,AUTILLA DEL PINO,PALENCIA,874.0,2020,366,1,1,0,0,1,-7.4,2020-01-12,20.1,2020-08-07,14.5,2020-08-07,2020-08-07
2400E,AUTILLA DEL PINO,PALENCIA,874.0,2021,365,0,0,0,0,0,-9.1,2021-01-14,18.8,2021-08-12,13.3,,
2400E,AUTILLA DEL PINO,PALENCIA,874.0,2022,365,3,3,0,0,3,-6.7,2022-02-06,22.0,2022-07-16,16.7,2022-07-16,2022-07-18
2400E,AUTILLA DEL PINO,PALENCIA,874.0,2023,364,2,2,0,0,2,-10.0,2023-02-24,21.9,2023-08-23,14.9,2023-08-23,2023-08-24
2400E,AUTILLA DEL PINO,PALENCIA,874.0,2024,366,2,2,0,0,1,-6.8,2024-01-20,21.6,2024-08-11,14.9,2024-07-29,2024-08-11
2400E,AUTILLA DEL PINO,PALENCIA,874.0,2025,357,3,3,0,0,1,-6.6,2025-12-26,21.7,2025-08-15,15.5,2025-08-12,2025-08-17
2401X,PALENCIA,PALENCIA,736.0,2017,365,0,0,0,0,0,-8.7,2017-01-07,19.6,2017-08-22,15.3,,
2401X,PALENCIA,PALENCIA,736.0,2018,365,0,0,0,0,0,-8.2,2018-02-24,17.4,2018-08-03,14.8,,
2401X,PALENCIA,PALENCIA,736.0,2019,365,0,0,0,0,0,-7.5,2019-01-07,18.8,2019-07-25,15.1,,
2401X,PALENCIA,PALENCIA,736.0,2020,366,0,0,0,0,0,-5.4,2020-12-03,17.7,2020-07-22,15.1,,
2401X,PALENCIA,PALENCIA,736.0,2021,365,0,0,0,0,0,-8.3,2021-01-13,18.4,2021-08-12,14.4,,
2401X,PALENCIA,PALENCIA,736.0,2022,365,1,1,0,0,1,-7.9,2022-01-15,20.1,2022-08-10,16.2,2022-08-10,2022-08-10
2401X,PALENCIA,PALENCIA,736.0,2023,364,0,0,0,0,0,-7.8,2023-02-11,18.9,2023-08-23,15.8,,
2401X,PALENCIA,PALENCIA,736.0,2024,366,1,1,0,0,1,-5.5,2024-01-08,20.3,2024-07-29,16.2,2024-07-29,2024-07-29
2401X,PALENCIA,PALENCIA,736.0,2025,363,0,0,0,0,0,-8.2,2025-01-15,20.0,2025-08-15,16.1,,
2422,VALLADOLID,VALLADOLID,734.0,2017,365,5,5,0,0,1,-6.3,2017-01-19,21.8,2017-06-19,17.7,2017-06-13,2017-08-22
2422,VALLADOLID,VALLADOLID,734.0,2018,365,2,2,0,0,2,-5.3,2018-02-24,21.4,2018-08-03,16.6,2018-08-03,2018-08-04
2422,VALLADOLID,VALLADOLID,734.0,2019,365,2,2,0,0,1,-5.5,2019-01-05,21.5,2019-06-29,17.1,2019-06-29,2019-07-25
2422,VALLADOLID,VALLADOLID,734.0,2020,366,2,2,0,0,1,-4.3,2020-01-12,21.2,2020-07-30,16.8,2020-07-30,2020-08-07
2422,VALLADOLID,VALLADOLID,734.0,2021,365,1,1,0,0,1,-6.7,2021-01-12,20.6,2021-08-12,16.3,2021-08-12,2021-08-12
2422,VALLADOLID,VALLADOLID,734.0,2022,365,13,12,0,4,7,-5.3,2022-01-15,23.5,2022-08-10,19.3,2022-06-14,2022-09-12
2422,VALLADOLID,VALLADOLID,734.0,2023,365,3,3,0,1,3,-4.1,2023-01-31,23.3,2023-08-23,17.8,2023-08-22,2023-08-24
2422,VALLADOLID,VALLADOLID,734.0,2024,366,5,5,0,0,3,-4.2,2024-01-20,21.9,2024-08-11,17.8,2024-07-29,2024-08-12
2422,VALLADOLID,VALLADOLID,734.0,2025,365,7,7,0,2,5,-6.2,2025-01-15,22.7,2025-08-13,18.2,2025-08-09,2025-08-17
2430Y,MUÑOTELLO,AVILA,1178.0,2017,361,1,1,0,0,1,-9.6,2017-01-19,20.7,2017-06-19,16.9,2017-06-19,2017-06-19
2430Y,MUÑOTELLO,AVILA,1178.0,2018,363,1,1,0,0,1,-8.3,2018-02-08,20.9,2018-08-03,15.4,2018-08-03,2018-08-03
2430Y,MUÑOTELLO,AVILA,1178.0,2019,364,1,1,0,0,1,-6.6,2019-01-11,21.0,2019-06-29,16.3,2019-06-29,2019-06-29
2430Y,MUÑOTELLO,AVILA,1178.0,2020,366,0,0,0,0,0,-6.0,2020-01-05,19.8,2020-08-07,16.8,,
2430Y,MUÑOTELLO,AVILA,1178.0,2021,365,3,3,0,1,2,-8.9,2021-01-12,22.2,2021-08-14,15.3,2021-08-12,2021-08-15
2430Y,MUÑOTELLO,AVILA,1178.0,2022,363,7,7,0,0,4,-6.0,2022-04-04,21.8,2022-07-15,18.1,2022-06-12,2022-08-03
2430Y,MUÑOTELLO,AVILA,1178.0,2024,333,4,4,0,0,2,-3.8,2024-12-31,21.8,2024-07-29,17.7,2024-07-24,2024-08-10
2430Y,MUÑOTELLO,AVILA,1178.0,2025,358,6,6,0,0,2,-6.3,2025-01-14,21.8,2025-06-21,18.2,2025-06-17,2025-08-17
2444,ÁVILA,AVILA,1130.0,2017,365,2,2,0,0,1,-9.9,2017-01-19,21.4,2017-06-19,17.8,2017-06-16,2017-06-19
2444,ÁVILA,AVILA,1130.0,2018,365,0,0,0,0,0,-11.4,2018-01-09,19.5,2018-08-03,16.0,,
2444,ÁVILA,AVILA,1130.0,2019,365,5,5,0,2,3,-6.4,2019-01-11,23.1,2019-06-29,17.2,2019-06-28,2019-07-24
2444,ÁVILA,AVILA,1130.0,2020,366,3,3,0,0,1,-4.8,2020-01-12,21.9,2020-08-07,16.8,2020-07-08,2020-08-07
2444,ÁVILA,AVILA,1130.0,2021,365,2,2,0,1,1,-10.7,2021-01-12,22.1,2021-08-14,15.4,2021-08-12,2021-08-14
2444,ÁVILA,AVILA,1130.0,2022,365,11,11,0,5,4,-5.5,2022-04-04,23.6,2022-07-15,18.9,2022-06-12,2022-08-11
2444,ÁVILA,AVILA,1130.0,2023,365,3,3,0,0,2,-6.1,2023-01-25,22.0,2023-08-22,16.5,2023-07-18,2023-08-23
2444,ÁVILA,AVILA,1130.0,2024,366,4,4,0,1,2,-5.4,2024-01-08,22.5,2024-08-11,17.0,2024-07-28,2024-08-11
2444,ÁVILA,AVILA,1130.0,2025,364,6,6,0,0,3,-6.8,2025-01-14,21.8,2025-08-10,18.3,2025-06-10,2025-08-17
2453E,GOTARRENDURA,AVILA,920.0,2017,365,5,5,0,0,1,-11.8,2017-01-19,21.9,2017-06-16,17.3,2017-06-13,2017-08-22
2453E,GOTARRENDURA,AVILA,920.0,2018,365,0,0,0,0,0,-10.4,2018-01-09,19.1,2018-08-06,15.4,,
2453E,GOTARRENDURA,AVILA,920.0,2019,365,2,2,0,2,1,-7.8,2019-01-11,23.8,2019-07-22,16.5,2019-06-29,2019-07-22
2453E,GOTARRENDURA,AVILA,920.0,2020,366,2,2,0,1,1,-6.4,2020-01-12,22.8,2020-08-07,16.1,2020-07-30,2020-08-07
2453E,GOTARRENDURA,AVILA,920.0,2021,362,2,1,0,0,1,-12.5,2021-01-10,21.3,2021-09-06,15.0,2021-08-15,2021-09-06
2453E,GOTARRENDURA,AVILA,920.0,2022,351,13,11,0,6,4,-7.2,2022-04-04,23.8,2022-07-17,19.2,2022-05-21,2022-09-12
2453E,GOTARRENDURA,AVILA,920.0,2023,365,3,3,0,2,3,-6.3,2023-01-23,23.5,2023-08-23,16.0,2023-08-22,2023-08-24
2453E,GOTARRENDURA,AVILA,920.0,2024,366,5,5,0,3,3,-6.1,2024-12-31,23.6,2024-08-11,16.6,2024-07-28,2024-08-11
2453E,GOTARRENDURA,AVILA,920.0,2025,365,9,9,0,4,3,-9.9,2025-01-14,24.3,2025-08-14,18.3,2025-06-10,2025-08-17
2456B,AREVALO,AVILA,820.0,2017,365,2,2,0,0,1,-11.5,2017-01-19,20.9,2017-06-13,16.1,2017-06-13,2017-06-16
2456B,AREVALO,AVILA,820.0,2018,352,0,0,0,0,0,-12.6,2018-01-09,18.4,2018-08-03,15.2,,
2456B,AREVALO,AVILA,820.0,2019,349,1,1,0,0,1,-7.8,2019-01-06,21.4,2019-07-22,16.6,2019-07-22,2019-07-22
2456B,AREVALO,AVILA,820.0,2020,366,2,2,0,0,1,-6.4,2020-01-12,22.0,2020-07-30,16.0,2020-07-30,2020-08-07
2456B,AREVALO,AVILA,820.0,2021,365,1,1,0,0,1,-14.3,2021-01-12,20.2,2021-08-12,14.6,2021-08-12,2021-08-12
2456B,AREVALO,AVILA,820.0,2022,339,8,6,0,0,2,-8.1,2022-02-06,21.6,2022-07-18,17.6,2022-05-21,2022-09-12
2456B,AREVALO,AVILA,820.0,2023,365,1,1,0,0,1,-7.1,2023-01-30,21.9,2023-08-23,16.1,2023-08-23,2023-08-23
2456B,AREVALO,AVILA,820.0,2024,366,3,3,0,2,2,-5.5,2024-12-21,22.8,2024-08-11,16.7,2024-07-29,2024-08-11
2456B,AREVALO,AVILA,820.0,2025,365,4,4,0,0,1,-10.0,2025-01-14,20.7,2025-08-10,17.5,2025-08-10,2025-08-17
2462,PUERTO DE NAVACERRADA,MADRID,1892.0,2017,365,0,0,0,0,0,-13.8,2017-01-18,19.5,2017-07-14,16.1,,
2462,PUERTO DE NAVACERRADA,MADRID,1892.0,2018,365,1,1,0,0,1,-10.5,2018-02-08,21.2,2018-08-03,14.3,2018-08-03,2018-08-03
2462,PUERTO DE NAVACERRADA,MADRID,1892.0,2019,365,0,0,0,0,0,-10.3,2019-01-11,19.9,2019-07-12,15.1,,
2462,PUERTO DE NAVACERRADA,MADRID,1892.0,2020,366,1,1,0,0,1,-10.8,2020-01-20,20.2,2020-07-27,16.0,2020-07-27,2020-07-27
2462,PUERTO DE NAVACERRADA,MADRID,1892.0,2021,365,0,0,0,0,0,-11.2,2021-01-11,20.0,2021-08-13,14.6,,
2462,PUERTO DE NAVACERRADA,MADRID,1892.0,2022,365,3,3,0,0,2,-8.9,2022-04-02,20.5,2022-07-13,17.2,2022-07-13,2022-07-16
2462,PUERTO DE NAVACERRADA,MADRID,1892.0,2023,365,2,2,0,0,1,-11.6,2023-02-28,20.7,2023-07-18,16.0,2023-07-18,2023-08-09
2462,PUERTO DE NAVACERRADA,MADRID,1892.0,2024,366,1,1,0,0,1,-7.4,2024-01-12,20.8,2024-07-24,16.6,2024-07-24,2024-07-24
2462,PUERTO DE NAVACERRADA,MADRID,1892.0,2025,362,2,2,0,0,1,-7.0,2025-03-15,20.2,2025-08-16,16.9,2025-08-08,2025-08-16
2465,SEGOVIA,SEGOVIA,1008.0,2017,365,12,12,0,4,5,-8.7,2017-01-19,23.7,2017-07-17,19.1,2017-06-13,2017-08-23
2465,SEGOVIA,SEGOVIA,1008.0,2018,365,2,2,0,0,2,-7.3,2018-02-08,21.6,2018-08-03,17.2,2018-08-02,2018-08-03
2465,SEGOVIA,SEGOVIA,1008.0,2019,365,8,8,1,5,2,-6.3,2019-01-11,25.9,2019-06-29,18.5,2019-06-27,2019-07-25
2465,SEGOVIA,SEGOVIA,1008.0,2020,366,10,9,0,2,4,-3.8,2020-01-21,24.2,2020-08-07,17.9,2020-06-24,2020-09-13
2465,SEGOVIA,SEGOVIA,1008.0,2021,365,5,4,0,3,4,-8.0,2021-01-11,24.1,2021-08-14,16.4,2021-08-12,2021-09-06
2465,SEGOVIA,SEGOVIA,1008.0,2022,365,27,25,3,10,8,-5.6,2022-04-04,27.4,2022-07-15,20.8,2022-05-20,2022-08-28
2465,SEGOVIA,SEGOVIA,1008.0,2023,365,7,7,1,4,4,-5.1,2023-12-25,25.9,2023-08-23,17.9,2023-07-18,2023-08-24
2465,SEGOVIA,SEGOVIA,1008.0,2024,366,9,9,1,4,4,-6.8,2024-12-31,25.3,2024-08-10,18.5,2024-07-24,2024-08-12
2465,SEGOVIA,SEGOVIA,1008.0,2025,365,17,17,1,5,8,-5.0,2025-01-01,26.2,2025-08-10,19.9,2025-06-10,2025-08-17
2471Y,SAN RAFAEL,SEGOVIA,1237.0,2017,365,2,2,0,0,1,-11.6,2017-01-19,21.1,2017-07-18,15.9,2017-07-18,2017-08-21
2471Y,SAN RAFAEL,SEGOVIA,1237.0,2018,365,0,0,0,0,0,-9.8,2018-02-09,18.2,2018-08-03,15.1,,
2471Y,SAN RAFAEL,SEGOVIA,1237.0,2019,365,3,3,0,0,2,-8.0,2019-01-11,21.5,2019-07-22,15.3,2019-06-28,2019-07-22
2471Y,SAN RAFAEL,SEGOVIA,1237.0,2020,366,1,1,0,0,1,-6.8,2020-01-20,21.1,2020-08-07,15.1,2020-08-07,2020-08-07
2471Y,SAN RAFAEL,SEGOVIA,1237.0,2021,365,1,1,0,0,1,-12.6,2021-01-12,20.2,2021-08-14,14.2,2021-08-14,2021-08-14
2471Y,SAN RAFAEL,SEGOVIA,1237.0,2022,365,6,6,0,3,4,-7.4,2022-04-04,23.6,2022-07-17,18.3,2022-07-12,2022-08-02
2471Y,SAN RAFAEL,SEGOVIA,1237.0,2023,318,2,2,0,1,2,-7.7,2023-02-24,22.2,2023-08-23,14.3,2023-08-22,2023-08-23
2471Y,SAN RAFAEL,SEGOVIA,1237.0,2024,366,4,4,0,2,2,-4.8,2024-01-08,23.3,2024-08-10,15.6,2024-07-28,2024-08-11
2471Y,SAN RAFAEL,SEGOVIA,1237.0,2025,365,4,4,0,0,1,-7.2,2025-01-13,21.8,2025-08-10,17.4,2025-06-21,2025-08-14
2482B,MIGUELAÑEZ,SEGOVIA,870.0,2017,341,11,11,0,1,3,-10.2,2017-01-19,23.2,2017-07-17,18.4,2017-06-11,2017-08-22
2482B,MIGUELAÑEZ,SEGOVIA,870.0,2018,345,0,0,0,0,0,-10.5,2018-01-08,19.1,2018-08-28,16.2,,
2482B,MIGUELAÑEZ,SEGOVIA,870.0,2019,362,3,3,0,1,2,-5.6,2019-01-03,22.3,2019-07-22,17.6,2019-06-29,2019-07-22
2482B,MIGUELAÑEZ,SEGOVIA,870.0,2020,364,3,3,0,1,1,-6.1,2020-01-12,22.7,2020-07-30,16.5,2020-07-30,2020-08-09
2482B,MIGUELAÑEZ,SEGOVIA,870.0,2021,365,2,2,0,2,1,-13.5,2021-01-11,23.4,2021-08-14,16.1,2021-08-12,2021-08-14
2482B,MIGUELAÑEZ,SEGOVIA,870.0,2022,345,11,11,0,2,4,-6.2,2022-01-22,24.0,2022-07-17,19.0,2022-06-14,2022-08-24
2482B,MIGUELAÑEZ,SEGOVIA,870.0,2023,329,5,5,0,3,3,-6.4,2023-12-27,23.7,2023-08-23,17.2,2023-07-18,2023-08-24
2482B,MIGUELAÑEZ,SEGOVIA,870.0,2024,352,4,4,0,2,3,-4.8,2024-12-28,23.3,2024-07-28,16.6,2024-07-28,2024-08-11
2482B,MIGUELAÑEZ,SEGOVIA,870.0,2025,357,6,6,0,1,3,-8.0,2025-01-14,22.3,2025-08-15,17.9,2025-08-08,2025-08-17
2491C,"LA COVATILLA, ESTACIÓN DE ESQUÍ",SALAMANCA,1960.0,2017,364,0,0,0,0,0,-13.6,2017-01-18,18.2,2017-06-16,15.0,,
2491C,"LA COVATILLA, ESTACIÓN DE ESQUÍ",SALAMANCA,1960.0,2018,322,0,0,0,0,0,-9.9,2018-02-06,19.1,2018-08-03,12.8,,
2491C,"LA COVATILLA, ESTACIÓN DE ESQUÍ",SALAMANCA,1960.0,2022,355,0,0,0,0,0,-8.5,2022-04-02,19.0,2022-06-13,16.4,,
2491C,"LA COVATILLA, ESTACIÓN DE ESQUÍ",SALAMANCA,1960.0,2023,363,1,1,0,0,1,-11.3,2023-03-01,21.0,2023-08-09,14.7,2023-08-09,2023-08-09
2491C,"LA COVATILLA, ESTACIÓN DE ESQUÍ",SALAMANCA,1960.0,2024,335,0,0,0,0,0,-8.4,2024-01-11,17.8,2024-07-24,14.7,,
2503B,"OLMEDO, DEPÓSITO DE AGUA",VALLADOLID,786.0,2017,351,5,5,0,0,1,-9.2,2017-01-19,21.2,2017-06-13,16.5,2017-06-13,2017-08-22
2503B,"OLMEDO, DEPÓSITO DE AGUA",VALLADOLID,786.0,2018,365,1,1,0,0,1,-10.3,2018-01-09,20.1,2018-08-03,15.6,2018-08-03,2018-08-03
2503B,"OLMEDO, DEPÓSITO DE AGUA",VALLADOLID,786.0,2019,365,1,1,0,0,1,-7.4,2019-01-05,21.1,2019-07-22,16.6,2019-07-22,2019-07-22
2503B,"OLMEDO, DEPÓSITO DE AGUA",VALLADOLID,786.0,2020,351,1,1,0,0,1,-6.1,2020-01-12,21.1,2020-07-30,16.6,2020-07-30,2020-07-30
2503B,"OLMEDO, DEPÓSITO DE AGUA",VALLADOLID,786.0,2021,355,1,1,0,0,1,-12.9,2021-01-12,21.3,2021-08-12,15.1,2021-08-12,2021-08-12
2503B,"OLMEDO, DEPÓSITO DE AGUA",VALLADOLID,786.0,2022,346,7,6,0,2,2,-6.8,2022-01-15,23.2,2022-07-18,18.3,2022-07-15,2022-09-12
2503B,"OLMEDO, DEPÓSITO DE AGUA",VALLADOLID,786.0,2023,365,3,3,0,1,2,-6.6,2023-03-03,22.5,2023-08-23,16.5,2023-08-09,2023-08-24
2503B,"OLMEDO, DEPÓSITO DE AGUA",VALLADOLID,786.0,2024,357,4,4,0,0,2,-5.2,2024-12-21,21.7,2024-07-29,17.0,2024-07-29,2024-08-11
2503B,"OLMEDO, DEPÓSITO DE AGUA",VALLADOLID,786.0,2025,360,4,4,0,0,2,-8.6,2025-01-14,21.7,2025-08-15,17.3,2025-08-10,2025-08-15
2503X,OLMEDO,VALLADOLID,740.0,2017,342,2,2,0,1,1,-12.0,2017-01-19,22.2,2017-06-13,17.0,2017-06-13,2017-06-22
2507Y,RUEDA,VALLADOLID,724.0,2017,365,4,4,0,0,1,-8.1,2017-01-19,21.3,2017-06-19,17.2,2017-06-13,2017-08-22
2507Y,RUEDA,VALLADOLID,724.0,2018,365,0,0,0,0,0,-7.0,2018-02-23,19.1,2018-08-03,15.7,,
2507Y,RUEDA,VALLADOLID,724.0,2019,365,1,1,0,0,1,-7.1,2019-01-05,20.8,2019-07-23,16.4,2019-07-23,2019-07-23
2507Y,RUEDA,VALLADOLID,724.0,2020,366,1,1,0,0,1,-4.4,2020-12-26,21.3,2020-07-30,16.3,2020-07-30,2020-07-30
2507Y,RUEDA,VALLADOLID,724.0,2021,365,0,0,0,0,0,-9.1,2021-01-14,19.3,2021-08-12,15.6,,
2507Y,RUEDA,VALLADOLID,724.0,2022,365,6,6,0,0,2,-6.7,2022-01-29,21.1,2022-08-02,18.2,2022-07-15,2022-08-10
2507Y,RUEDA,VALLADOLID,724.0,2023,363,3,3,0,0,1,-5.6,2023-01-31,21.9,2023-07-18,17.3,2023-07-18,2023-08-25
2507Y,RUEDA,VALLADOLID,724.0,2024,360,2,2,0,0,2,-5.3,2024-01-20,21.6,2024-08-11,17.2,2024-08-11,2024-08-12
2507Y,RUEDA,VALLADOLID,724.0,2025,357,5,5,0,0,2,-6.9,2025-01-15,21.4,2025-08-13,17.7,2025-08-10,2025-08-17
2512Y,RIVILLA DE BARAJAS,AVILA,925.0,2017,365,3,3,0,1,1,-10.0,2017-01-19,22.6,2017-08-22,17.9,2017-06-19,2017-08-22
2512Y,RIVILLA DE BARAJAS,AVILA,925.0,2018,365,3,3,0,0,2,-8.6,2018-01-08,21.6,2018-08-06,16.2,2018-08-03,2018-08-06
2512Y,RIVILLA DE BARAJAS,AVILA,925.0,2019,365,1,1,0,1,1,-6.7,2019-01-03,22.9,2019-07-22,16.9,2019-07-22,2019-07-22
2512Y,RIVILLA DE BARAJAS,AVILA,925.0,2020,366,4,4,0,0,1,-6.3,2020-01-13,21.6,2020-07-30,17.3,2020-07-19,2020-08-09
2512Y,RIVILLA DE BARAJAS,AVILA,925.0,2021,365,4,3,0,0,2,-9.7,2021-01-16,21.7,2021-08-12,15.8,2021-08-12,2021-09-06
2512Y,RIVILLA DE BARAJAS,AVILA,925.0,2022,365,13,11,0,3,3,-6.8,2022-01-22,23.4,2022-07-17,19.0,2022-05-21,2022-09-12
2512Y,RIVILLA DE BARAJAS,AVILA,925.0,2023,344,6,6,0,2,4,-6.4,2023-01-30,22.7,2023-08-23,17.2,2023-06-25,2023-08-25
2512Y,RIVILLA DE BARAJAS,AVILA,925.0,2024,362,5,5,0,4,3,-5.8,2024-12-30,24.0,2024-08-11,18.2,2024-07-29,2024-08-12
2512Y,RIVILLA DE BARAJAS,AVILA,925.0,2025,361,16,16,0,4,4,-6.7,2025-01-14,24.6,2025-08-17,19.4,2025-06-10,2025-08-17
2517A,FUENTE EL SOL,VALLADOLID,755.0,2017,361,1,1,0,0,1,-11.1,2017-01-19,21.2,2017-06-13,15.5,2017-06-13,2017-06-13
2517A,FUENTE EL SOL,VALLADOLID,755.0,2018,365,0,0,0,0,0,-11.9,2018-01-09,17.2,2018-08-03,14.6,,
2517A,FUENTE EL SOL,VALLADOLID,755.0,2019,365,2,2,0,0,2,-7.9,2019-01-06,20.8,2019-07-22,15.6,2019-07-22,2019-07-23
2517A,FUENTE EL SOL,VALLADOLID,755.0,2020,344,0,0,0,0,0,-5.3,2020-01-02,19.7,2020-07-30,15.6,,
2517A,FUENTE EL SOL,VALLADOLID,755.0,2021,364,0,0,0,0,0,-14.3,2021-01-13,19.4,2021-08-12,14.2,,
2517A,FUENTE EL SOL,VALLADOLID,755.0,2022,358,2,1,0,0,1,-8.5,2022-02-06,20.7,2022-09-12,16.2,2022-07-18,2022-09-12
2517A,FUENTE EL SOL,VALLADOLID,755.0,2023,363,2,2,0,1,1,-7.0,2023-01-31,22.3,2023-08-23,15.6,2023-07-18,2023-08-23
2517A,FUENTE EL SOL,VALLADOLID,755.0,2024,366,2,2,0,1,1,-6.6,2024-12-15,22.1,2024-08-11,16.1,2024-07-29,2024-08-11
2517A,FUENTE EL SOL,VALLADOLID,755.0,2025,363,2,2,0,0,1,-10.5,2025-01-14,20.6,2025-08-13,16.9,2025-08-10,2025-08-13
2536D,MORALES DEL TORO,ZAMORA,710.0,2017,364,1,1,0,0,1,-8.2,2017-01-25,20.3,2017-06-19,16.0,2017-06-19,2017-06-19
2536D,MORALES DEL TORO,ZAMORA,710.0,2018,365,1,1,0,0,1,-8.3,2018-02-24,20.5,2018-08-03,14.7,2018-08-03,2018-08-03
2536D,MORALES DEL TORO,ZAMORA,710.0,2019,365,0,0,0,0,0,-7.3,2019-01-04,19.7,2019-07-23,15.5,,
2536D,MORALES DEL TORO,ZAMORA,710.0,2020,366,1,1,0,0,1,-4.7,2020-12-26,21.0,2020-07-30,15.3,2020-07-30,2020-07-30
2536D,MORALES DEL TORO,ZAMORA,710.0,2021,353,0,0,0,0,0,-8.8,2021-01-14,17.7,2021-09-06,14.8,,
2536D,MORALES DEL TORO,ZAMORA,710.0,2022,364,9,8,0,1,5,-6.8,2022-01-30,23.6,2022-07-17,17.3,2022-07-12,2022-09-12
2536D,MORALES DEL TORO,ZAMORA,710.0,2023,364,1,1,0,0,1,-6.2,2023-01-31,21.8,2023-08-23,16.0,2023-08-23,2023-08-23
2536D,MORALES DEL TORO,ZAMORA,710.0,2024,366,3,3,0,2,2,-5.5,2024-01-20,22.6,2024-07-29,16.1,2024-07-29,2024-08-11
2536D,MORALES DEL TORO,ZAMORA,710.0,2025,364,2,2,0,0,1,-7.4,2025-01-15,21.6,2025-08-15,16.6,2025-08-10,2025-08-15
2539,VALLADOLID AEROPUERTO,VALLADOLID,846.0,2017,365,0,0,0,0,0,-8.9,2017-01-01,18.7,2017-06-19,14.4,,
2539,VALLADOLID AEROPUERTO,VALLADOLID,846.0,2018,364,0,0,0,0,0,-8.2,2018-02-23,18.1,2018-08-03,14.2,,
2539,VALLADOLID AEROPUERTO,VALLADOLID,846.0,2019,365,0,0,0,0,0,-6.0,2019-01-06,19.2,2019-06-29,14.6,,
2539,VALLADOLID AEROPUERTO,VALLADOLID,846.0,2020,366,0,0,0,0,0,-5.2,2020-01-02,18.8,2020-08-07,14.8,,
2539,VALLADOLID AEROPUERTO,VALLADOLID,846.0,2021,365,0,0,0,0,0,-9.0,2021-01-12,18.2,2021-08-12,13.9,,
2539,VALLADOLID AEROPUERTO,VALLADOLID,846.0,2022,365,1,1,0,0,1,-6.4,2022-02-06,20.6,2022-07-15,17.1,2022-07-15,2022-07-15
2539,VALLADOLID AEROPUERTO,VALLADOLID,846.0,2023,362,1,1,0,0,1,-7.5,2023-02-24,20.7,2023-08-23,15.2,2023-08-23,2023-08-23
2539,VALLADOLID AEROPUERTO,VALLADOLID,846.0,2024,366,0,0,0,0,0,-6.9,2024-01-20,19.4,2024-07-29,15.5,,
2539,VALLADOLID AEROPUERTO,VALLADOLID,846.0,2025,365,0,0,0,0,0,-6.7,2025-12-26,20.0,2025-08-17,15.9,,
2555B,FUENTESAUCO,ZAMORA,811.0,2017,365,3,3,0,1,1,-8.6,2017-01-19,22.4,2017-06-13,16.9,2017-06-13,2017-08-22
2555B,FUENTESAUCO,ZAMORA,811.0,2018,364,0,0,0,0,0,-7.0,2018-02-23,20.0,2018-08-03,15.1,,
2555B,FUENTESAUCO,ZAMORA,811.0,2019,365,1,1,0,0,1,-5.3,2019-01-16,20.3,2019-07-23,16.4,2019-07-23,2019-07-23
2555B,FUENTESAUCO,ZAMORA,811.0,2020,364,0,0,0,0,0,-6.2,2020-01-12,20.0,2020-08-07,16.0,,
2555B,FUENTESAUCO,ZAMORA,811.0,2021,363,1,0,0,0,1,-10.6,2021-01-17,20.9,2021-09-06,15.2,2021-09-06,2021-09-06
2555B,FUENTESAUCO,ZAMORA,811.0,2022,365,5,5,0,0,1,-6.7,2022-01-29,20.4,2022-08-03,17.1,2022-06-14,2022-08-03
2555B,FUENTESAUCO,ZAMORA,811.0,2023,339,2,2,0,0,1,-5.9,2023-02-28,21.4,2023-08-24,16.5,2023-08-09,2023-08-24
2555B,FUENTESAUCO,ZAMORA,811.0,2024,366,2,2,0,0,1,-4.4,2024-01-20,21.8,2024-07-29,16.6,2024-07-29,2024-08-11
2555B,FUENTESAUCO,ZAMORA,811.0,2025,365,5,5,0,2,1,-7.6,2025-01-14,22.4,2025-08-17,17.4,2025-06-30,2025-08-17
2565,CORESES,ZAMORA,702.0,2022,354,5,5,0,1,4,-5.3,2022-01-23,22.9,2022-07-17,18.2,2022-07-15,2022-08-03
2565,CORESES,ZAMORA,702.0,2023,326,1,1,0,0,1,-5.2,2023-01-31,21.0,2023-08-24,16.7,2023-08-24,2023-08-24
2565,CORESES,ZAMORA,702.0,2024,363,3,3,0,1,2,-5.5,2024-12-15,22.2,2024-08-11,17.2,2024-07-29,2024-08-11
2565,CORESES,ZAMORA,702.0,2025,365,3,3,0,0,2,-5.9,2025-01-15,20.8,2025-08-11,17.6,2025-08-11,2025-08-17
2568D,"SANTERVÁS DE LA VEGA, VILLAPÚN",PALENCIA,985.0,2017,358,0,0,0,0,0,-8.2,2017-01-18,18.6,2017-07-17,13.5,,
2568D,"SANTERVÁS DE LA VEGA, VILLAPÚN",PALENCIA,985.0,2018,363,0,0,0,0,0,-8.5,2018-02-23,17.1,2018-08-03,13.7,,
2568D,"SANTERVÁS DE LA VEGA, VILLAPÚN",PALENCIA,985.0,2019,365,0,0,0,0,0,-7.0,2019-01-16,19.4,2019-06-29,14.4,,
2568D,"SANTERVÁS DE LA VEGA, VILLAPÚN",PALENCIA,985.0,2020,366,0,0,0,0,0,-5.7,2020-01-13,18.1,2020-08-07,14.6,,
2568D,"SANTERVÁS DE LA VEGA, VILLAPÚN",PALENCIA,985.0,2021,365,0,0,0,0,0,-8.1,2021-01-17,18.2,2021-08-14,13.3,,
2568D,"SANTERVÁS DE LA VEGA, VILLAPÚN",PALENCIA,985.0,2022,365,3,3,0,0,3,-6.3,2022-01-15,21.5,2022-07-18,16.3,2022-07-16,2022-07-18
2568D,"SANTERVÁS DE LA VEGA, VILLAPÚN",PALENCIA,985.0,2023,364,0,0,0,0,0,-8.3,2023-02-28,19.8,2023-08-23,14.4,,
2568D,"SANTERVÁS DE LA VEGA, VILLAPÚN",PALENCIA,985.0,2024,366,0,0,0,0,0,-7.2,2024-01-20,19.7,2024-08-10,14.6,,
2568D,"SANTERVÁS DE LA VEGA, VILLAPÚN",PALENCIA,985.0,2025,365,0,0,0,0,0,-6.8,2025-01-01,19.8,2025-08-17,16.0,,
2593D,VILLALÓN DE CAMPOS,VALLADOLID,782.0,2017,365,0,0,0,0,0,-9.8,2017-01-25,19.7,2017-06-13,15.2,,
2593D,VILLALÓN DE CAMPOS,VALLADOLID,782.0,2018,364,0,0,0,0,0,-9.9,2018-02-24,17.2,2018-08-03,14.1,,
2593D,VILLALÓN DE CAMPOS,VALLADOLID,782.0,2019,360,0,0,0,0,0,-7.2,2019-01-07,18.6,2019-07-25,15.8,,
2593D,VILLALÓN DE CAMPOS,VALLADOLID,782.0,2020,366,0,0,0,0,0,-4.8,2020-01-02,19.3,2020-08-08,15.4,,
2593D,VILLALÓN DE CAMPOS,VALLADOLID,782.0,2021,365,0,0,0,0,0,-8.6,2021-01-13,19.2,2021-08-12,14.8,,
2593D,VILLALÓN DE CAMPOS,VALLADOLID,782.0,2022,365,4,4,0,1,2,-7.1,2022-01-23,22.1,2022-07-16,17.3,2022-07-13,2022-08-03
2593D,VILLALÓN DE CAMPOS,VALLADOLID,782.0,2023,363,0,0,0,0,0,-8.1,2023-02-11,19.5,2023-08-22,15.3,,
2593D,VILLALÓN DE CAMPOS,VALLADOLID,782.0,2024,366,3,3,0,0,2,-6.7,2024-01-20,21.7,2024-08-10,16.3,2024-07-29,2024-08-11
2593D,VILLALÓN DE CAMPOS,VALLADOLID,782.0,2025,360,1,1,0,0,1,-6.4,2025-01-19,21.1,2025-08-15,16.8,2025-08-15,2025-08-15
2604B,MEDINA DE RIOSECO,VALLADOLID,731.0,2017,363,0,0,0,0,0,-10.4,2017-01-19,19.5,2017-06-13,15.2,,
2604B,MEDINA DE RIOSECO,VALLADOLID,731.0,2018,365,0,0,0,0,0,-9.4,2018-02-23,18.3,2018-08-03,14.4,,
2604B,MEDINA DE RIOSECO,VALLADOLID,731.0,2019,365,0,0,0,0,0,-8.8,2019-01-07,19.7,2019-07-23,15.2,,
2604B,MEDINA DE RIOSECO,VALLADOLID,731.0,2020,363,0,0,0,0,0,-6.6,2020-12-26,19.2,2020-07-30,14.8,,
2604B,MEDINA DE RIOSECO,VALLADOLID,731.0,2021,359,0,0,0,0,0,-9.2,2021-01-12,17.9,2021-08-12,13.9,,
2604B,MEDINA DE RIOSECO,VALLADOLID,731.0,2022,364,5,5,0,0,4,-7.4,2022-01-15,21.1,2022-07-15,17.1,2022-07-15,2022-08-03
2604B,MEDINA DE RIOSECO,VALLADOLID,731.0,2023,365,1,1,0,0,1,-8.0,2023-02-28,21.0,2023-08-23,15.2,2023-08-23,2023-08-23
2604B,MEDINA DE RIOSECO,VALLADOLID,731.0,2024,366,2,2,0,0,1,-6.6,2024-01-20,21.7,2024-08-11,16.0,2024-07-29,2024-08-11
2604B,MEDINA DE RIOSECO,VALLADOLID,731.0,2025,352,0,0,0,0,0,-8.7,2025-01-15,19.9,2025-08-13,15.7,,
2611D,VILLAFÁFILA,ZAMORA,690.0,2017,365,1,1,0,0,1,-9.5,2017-01-25,21.1,2017-06-13,15.5,2017-06-13,2017-06-13
2611D,VILLAFÁFILA,ZAMORA,690.0,2018,365,0,0,0,0,0,-8.9,2018-02-24,18.8,2018-08-03,14.7,,
2611D,VILLAFÁFILA,ZAMORA,690.0,2019,365,0,0,0,0,0,-7.4,2019-01-06,18.3,2019-07-23,15.4,,
2611D,VILLAFÁFILA,ZAMORA,690.0,2020,366,0,0,0,0,0,-5.7,2020-12-26,18.1,2020-07-30,15.2,,
2611D,VILLAFÁFILA,ZAMORA,690.0,2021,365,0,0,0,0,0,-8.0,2021-01-12,17.7,2021-08-12,14.2,,
2611D,VILLAFÁFILA,ZAMORA,690.0,2022,365,3,3,0,0,1,-7.2,2022-01-31,21.8,2022-07-15,16.9,2022-07-15,2022-08-03
2611D,VILLAFÁFILA,ZAMORA,690.0,2023,357,0,0,0,0,0,-6.9,2023-02-28,18.4,2023-08-22,15.6,,
2611D,VILLAFÁFILA,ZAMORA,690.0,2024,366,0,0,0,0,0,-6.4,2024-01-20,20.0,2024-08-11,16.2,,
2611D,VILLAFÁFILA,ZAMORA,690.0,2025,363,0,0,0,0,0,-7.2,2025-01-15,19.2,2025-08-13,16.2,,
2614,ZAMORA,ZAMORA,656.0,2017,365,5,5,0,2,1,-6.9,2017-01-19,23.7,2017-06-19,18.3,2017-06-13,2017-08-22
2614,ZAMORA,ZAMORA,656.0,2018,365,1,1,0,0,1,-6.0,2018-02-24,20.7,2018-08-03,17.0,2018-08-03,2018-08-03
2614,ZAMORA,ZAMORA,656.0,2019,365,4,4,0,0,2,-5.3,2019-01-07,20.5,2019-07-23,17.6,2019-06-29,2019-07-23
2614,ZAMORA,ZAMORA,656.0,2020,365,2,2,0,0,1,-4.2,2020-12-26,20.9,2020-08-07,17.8,2020-07-30,2020-08-07
2614,ZAMORA,ZAMORA,656.0,2021,365,1,1,0,0,1,-6.8,2021-01-12,20.2,2021-08-12,16.7,2021-08-12,2021-08-12
2614,ZAMORA,ZAMORA,656.0,2022,365,11,11,0,1,7,-5.2,2022-01-23,22.3,2022-07-17,19.1,2022-06-14,2022-08-13
2614,ZAMORA,ZAMORA,656.0,2023,365,7,7,0,0,5,-4.8,2023-01-23,20.9,2023-07-18,17.9,2023-07-18,2023-08-24
2614,ZAMORA,ZAMORA,656.0,2024,366,5,5,0,0,3,-4.8,2024-01-20,21.5,2024-08-11,18.4,2024-07-29,2024-08-12
2614,ZAMORA,ZAMORA,656.0,2025,362,12,12,0,0,5,-5.2,2025-01-15,21.8,2025-08-11,18.8,2025-06-19,2025-08-17
2624C,RIAÑO,LEON,1090.0,2017,365,0,0,0,0,0,-12.2,2017-12-06,15.1,2017-07-28,12.3,,
2624C,RIAÑO,LEON,1090.0,2018,347,0,0,0,0,0,-9.7,2018-02-24,15.4,2018-07-25,12.6,,
2624C,RIAÑO,LEON,1090.0,2019,364,0,0,0,0,0,-8.9,2019-02-04,16.8,2019-06-29,12.8,,
2624C,RIAÑO,LEON,1090.0,2020,366,0,0,0,0,0,-6.6,2020-01-01,14.9,2020-08-27,12.6,,
2624C,RIAÑO,LEON,1090.0,2021,365,0,0,0,0,0,-10.7,2021-01-07,14.8,2021-09-07,11.6,,
2624C,RIAÑO,LEON,1090.0,2022,348,0,0,0,0,0,-8.8,2022-01-15,16.2,2022-08-11,13.0,,
2624C,RIAÑO,LEON,1090.0,2023,363,0,0,0,0,0,-9.3,2023-02-11,15.6,2023-08-20,13.0,,
2624C,RIAÑO,LEON,1090.0,2024,366,0,0,0,0,0,-9.1,2024-01-20,15.2,2024-07-30,13.4,,
2624C,RIAÑO,LEON,1090.0,2025,360,0,0,0,0,0,-7.1,2025-12-26,15.4,2025-08-15,13.3,,
2626Y,CUBILLAS DE RUEDA,LEON,916.0,2017,355,0,0,0,0,0,-12.4,2017-01-19,15.6,2017-06-22,12.7,,
2626Y,CUBILLAS DE RUEDA,LEON,916.0,2018,365,0,0,0,0,0,-10.5,2018-02-23,16.0,2018-07-18,12.5,,
2626Y,CUBILLAS DE RUEDA,LEON,916.0,2019,364,0,0,0,0,0,-8.2,2019-01-11,19.0,2019-06-29,13.8,,
2626Y,CUBILLAS DE RUEDA,LEON,916.0,2020,359,0,0,0,0,0,-7.0,2020-01-13,17.7,2020-07-30,13.1,,
2626Y,CUBILLAS DE RUEDA,LEON,916.0,2021,365,0,0,0,0,0,-11.0,2021-01-08,15.8,2021-08-12,12.3,,
2626Y,CUBILLAS DE RUEDA,LEON,916.0,2022,363,2,2,0,1,2,-8.8,2022-01-15,22.7,2022-07-17,15.0,2022-07-16,2022-07-17
2626Y,CUBILLAS DE RUEDA,LEON,916.0,2023,356,0,0,0,0,0,-9.2,2023-12-19,17.0,2023-08-23,13.3,,
2626Y,CUBILLAS DE RUEDA,LEON,916.0,2024,329,0,0,0,0,0,-9.5,2024-01-20,19.2,2024-07-29,14.0,,
2626Y,CUBILLAS DE RUEDA,LEON,916.0,2025,365,0,0,0,0,0,-9.0,2025-01-01,18.5,2025-08-10,14.1,,
2630X,PUERTO DE SAN ISIDRO,LEON,1510.0,2019,359,0,0,0,0,0,-9.5,2019-02-03,13.7,2019-06-27,10.3,,
2630X,PUERTO DE SAN ISIDRO,LEON,1510.0,2021,365,0,0,0,0,0,-13.7,2021-01-07,13.8,2021-09-06,9.4,,
2630X,PUERTO DE SAN ISIDRO,LEON,1510.0,2024,366,0,0,0,0,0,-10.8,2024-01-08,15.3,2024-08-11,10.7,,
2661,"LEÓN, VIRGEN DEL CAMINO",LEON,916.0,2017,365,0,0,0,0,0,-8.8,2017-01-19,19.8,2017-06-22,15.2,,
2661,"LEÓN, VIRGEN DEL CAMINO",LEON,916.0,2018,365,0,0,0,0,0,-7.7,2018-01-15,19.5,2018-08-03,14.4,,
2661,"LEÓN, VIRGEN DEL CAMINO",LEON,916.0,2019,365,0,0,0,0,0,-5.3,2019-01-11,19.2,2019-06-29,14.7,,
2661,"LEÓN, VIRGEN DEL CAMINO",LEON,916.0,2020,366,0,0,0,0,0,-6.1,2020-01-06,19.6,2020-08-07,15.2,,
2661,"LEÓN, VIRGEN DEL CAMINO",LEON,916.0,2021,365,0,0,0,0,0,-8.1,2021-01-08,18.1,2021-08-12,14.4,,
2661,"LEÓN, VIRGEN DEL CAMINO",LEON,916.0,2022,362,2,2,0,1,2,-6.6,2022-01-22,24.5,2022-07-17,17.0,2022-07-16,2022-07-17
2661,"LEÓN, VIRGEN DEL CAMINO",LEON,916.0,2023,364,1,1,0,0,1,-6.8,2023-12-19,20.4,2023-08-23,15.4,2023-08-23,2023-08-23
2661,"LEÓN, VIRGEN DEL CAMINO",LEON,916.0,2024,366,1,1,0,0,1,-7.0,2024-01-20,20.7,2024-07-29,15.1,2024-07-29,2024-07-29
2661,"LEÓN, VIRGEN DEL CAMINO",LEON,916.0,2025,365,2,2,0,0,1,-5.1,2025-02-08,21.9,2025-08-10,16.4,2025-08-10,2025-08-17
2664B,VALENCIA DE DON JUAN,LEON,788.0,2017,334,1,1,0,0,1,-9.3,2017-01-19,20.3,2017-06-22,15.7,2017-06-22,2017-06-22
2664B,VALENCIA DE DON JUAN,LEON,788.0,2018,310,0,0,0,0,0,-7.1,2018-02-24,17.4,2018-08-03,14.0,,
2664B,VALENCIA DE DON JUAN,LEON,788.0,2019,333,0,0,0,0,0,-6.3,2019-01-10,19.2,2019-06-29,15.4,,
2664B,VALENCIA DE DON JUAN,LEON,788.0,2020,335,0,0,0,0,0,-4.9,2020-01-02,17.1,2020-07-30,14.6,,
2664B,VALENCIA DE DON JUAN,LEON,788.0,2021,361,0,0,0,0,0,-9.0,2021-01-08,16.9,2021-09-07,14.2,,
2664B,VALENCIA DE DON JUAN,LEON,788.0,2022,365,3,3,0,1,3,-6.6,2022-01-22,23.1,2022-07-17,15.7,2022-07-16,2022-07-18
2664B,VALENCIA DE DON JUAN,LEON,788.0,2023,365,0,0,0,0,0,-7.1,2023-01-30,17.9,2023-08-18,15.4,,
2664B,VALENCIA DE DON JUAN,LEON,788.0,2024,362,1,1,0,0,1,-6.5,2024-01-20,20.8,2024-08-11,15.6,2024-08-11,2024-08-11
2664B,VALENCIA DE DON JUAN,LEON,788.0,2025,347,0,0,0,0,0,-6.0,2025-01-14,18.6,2025-08-10,15.9,,
2701D,"BARRIOS DE LUNA, MIÑERA",LEON,1120.0,2017,365,0,0,0,0,0,-9.5,2017-01-19,15.0,2017-06-22,12.6,,
2701D,"BARRIOS DE LUNA, MIÑERA",LEON,1120.0,2018,364,0,0,0,0,0,-8.7,2018-03-22,15.1,2018-08-03,11.8,,
2701D,"BARRIOS DE LUNA, MIÑERA",LEON,1120.0,2019,318,0,0,0,0,0,-8.0,2019-02-04,15.3,2019-07-13,12.5,,
2701D,"BARRIOS DE LUNA, MIÑERA",LEON,1120.0,2020,364,0,0,0,0,0,-4.7,2020-01-11,14.7,2020-08-07,12.2,,
2701D,"BARRIOS DE LUNA, MIÑERA",LEON,1120.0,2021,365,0,0,0,0,0,-12.6,2021-01-07,14.1,2021-10-19,11.1,,
2701D,"BARRIOS DE LUNA, MIÑERA",LEON,1120.0,2022,364,0,0,0,0,0,-7.2,2022-01-15,18.1,2022-07-17,13.3,,
2701D,"BARRIOS DE LUNA, MIÑERA",LEON,1120.0,2023,365,0,0,0,0,0,-8.5,2023-01-30,16.0,2023-08-19,12.6,,
2701D,"BARRIOS DE LUNA, MIÑERA",LEON,1120.0,2024,359,0,0,0,0,0,-8.4,2024-01-08,16.8,2024-08-11,12.4,,
2701D,"BARRIOS DE LUNA, MIÑERA",LEON,1120.0,2025,364,0,0,0,0,0,-7.2,2025-01-19,16.4,2025-08-17,13.5,,
2728B,"QUINTANA DEL CASTILLO, VILLAMECA",LEON,995.0,2017,360,0,0,0,0,0,-9.4,2017-01-19,18.4,2017-08-22,15.0,,
2728B,"QUINTANA DEL CASTILLO, VILLAMECA",LEON,995.0,2018,350,0,0,0,0,0,-6.7,2018-02-27,19.2,2018-08-03,13.8,,
2728B,"QUINTANA DEL CASTILLO, VILLAMECA",LEON,995.0,2019,365,0,0,0,0,0,-6.2,2019-01-16,16.7,2019-06-30,14.8,,
2728B,"QUINTANA DEL CASTILLO, VILLAMECA",LEON,995.0,2020,366,0,0,0,0,0,-4.9,2020-01-06,18.9,2020-08-07,15.2,,
2728B,"QUINTANA DEL CASTILLO, VILLAMECA",LEON,995.0,2021,355,0,0,0,0,0,-8.6,2021-01-08,16.9,2021-08-12,13.5,,
2728B,"QUINTANA DEL CASTILLO, VILLAMECA",LEON,995.0,2022,354,0,0,0,0,0,-6.4,2022-01-22,19.8,2022-07-17,15.2,,
2728B,"QUINTANA DEL CASTILLO, VILLAMECA",LEON,995.0,2023,340,0,0,0,0,0,-6.4,2023-12-26,18.8,2023-08-22,14.6,,
2728B,"QUINTANA DEL CASTILLO, VILLAMECA",LEON,995.0,2024,355,0,0,0,0,0,-6.4,2024-12-31,19.4,2024-08-11,15.2,,
2728B,"QUINTANA DEL CASTILLO, VILLAMECA",LEON,995.0,2025,364,0,0,0,0,0,-7.6,2025-01-01,19.2,2025-08-17,16.0,,
2734D,ASTORGA,LEON,919.0,2017,345,0,0,0,0,0,-11.4,2017-01-19,17.7,2017-08-22,14.2,,
2734D,ASTORGA,LEON,919.0,2018,362,0,0,0,0,0,-7.4,2018-02-24,17.3,2018-08-04,13.8,,
2734D,ASTORGA,LEON,919.0,2019,334,0,0,0,0,0,-5.9,2019-02-04,16.4,2019-06-30,14.1,,
2734D,ASTORGA,LEON,919.0,2020,365,0,0,0,0,0,-6.1,2020-01-06,18.2,2020-08-07,14.4,,
2734D,ASTORGA,LEON,919.0,2021,349,0,0,0,0,0,-8.5,2021-01-08,16.0,2021-08-12,13.1,,
2734D,ASTORGA,LEON,919.0,2024,366,0,0,0,0,0,-6.8,2024-12-30,19.7,2024-07-29,14.8,,
2734D,ASTORGA,LEON,919.0,2025,350,0,0,0,0,0,-7.9,2025-01-01,19.2,2025-08-10,14.9,,
2737E,LAGUNAS DE SOMOZA,LEON,1020.0,2018,342,0,0,0,0,0,-9.4,2018-02-24,16.9,2018-08-03,13.1,,
2737E,LAGUNAS DE SOMOZA,LEON,1020.0,2019,361,0,0,0,0,0,-7.2,2019-01-11,16.7,2019-06-29,14.3,,
2737E,LAGUNAS DE SOMOZA,LEON,1020.0,2021,310,0,0,0,0,0,-11.7,2021-01-08,14.7,2021-09-06,12.0,,
2737E,LAGUNAS DE SOMOZA,LEON,1020.0,2022,365,0,0,0,0,0,-8.8,2022-04-04,18.1,2022-07-17,14.8,,
2737E,LAGUNAS DE SOMOZA,LEON,1020.0,2023,363,0,0,0,0,0,-8.0,2023-02-28,17.2,2023-08-22,12.7,,
2737E,LAGUNAS DE SOMOZA,LEON,1020.0,2025,365,0,0,0,0,0,-9.5,2025-01-01,16.9,2025-08-09,13.4,,
2742R,BUSTILLO DEL PÁRAMO,LEON,850.0,2017,365,0,0,0,0,0,-10.1,2017-01-19,18.5,2017-06-13,14.3,,
2742R,BUSTILLO DEL PÁRAMO,LEON,850.0,2018,326,0,0,0,0,0,-6.5,2018-02-23,16.8,2018-08-03,13.8,,
2742R,BUSTILLO DEL PÁRAMO,LEON,850.0,2019,352,0,0,0,0,0,-5.8,2019-01-11,16.6,2019-06-30,14.5,,
2742R,BUSTILLO DEL PÁRAMO,LEON,850.0,2020,366,0,0,0,0,0,-6.0,2020-01-13,16.2,2020-07-22,14.2,,
2742R,BUSTILLO DEL PÁRAMO,LEON,850.0,2021,365,0,0,0,0,0,-8.7,2021-01-15,16.3,2021-06-13,13.2,,
2742R,BUSTILLO DEL PÁRAMO,LEON,850.0,2022,363,0,0,0,0,0,-6.5,2022-01-22,18.9,2022-07-17,15.1,,
2742R,BUSTILLO DEL PÁRAMO,LEON,850.0,2023,365,0,0,0,0,0,-7.1,2023-03-02,17.3,2023-08-22,14.5,,
2742R,BUSTILLO DEL PÁRAMO,LEON,850.0,2024,361,0,0,0,0,0,-6.2,2024-01-20,17.9,2024-08-11,14.8,,
2742R,BUSTILLO DEL PÁRAMO,LEON,850.0,2025,344,0,0,0,0,0,-6.1,2025-01-19,17.4,2025-08-10,15.1,,
2755X,BENAVENTE,ZAMORA,715.0,2017,365,2,2,0,0,1,-8.6,2017-01-01,21.4,2017-06-13,16.7,2017-06-13,2017-06-22
2755X,BENAVENTE,ZAMORA,715.0,2018,365,0,0,0,0,0,-6.9,2018-02-24,19.2,2018-08-04,16.1,,
2755X,BENAVENTE,ZAMORA,715.0,2019,365,0,0,0,0,0,-6.3,2019-01-07,19.1,2019-06-29,16.7,,
2755X,BENAVENTE,ZAMORA,715.0,2020,366,0,0,0,0,0,-4.3,2020-12-26,18.9,2020-07-30,16.6,,
2755X,BENAVENTE,ZAMORA,715.0,2021,365,0,0,0,0,0,-7.1,2021-01-12,17.8,2021-08-12,15.3,,
2755X,BENAVENTE,ZAMORA,715.0,2022,364,4,4,0,1,3,-5.9,2022-01-23,23.0,2022-07-17,17.8,2022-07-15,2022-08-03
2755X,BENAVENTE,ZAMORA,715.0,2023,363,0,0,0,0,0,-6.2,2023-01-23,19.4,2023-08-23,16.4,,
2755X,BENAVENTE,ZAMORA,715.0,2024,366,2,2,0,0,2,-5.7,2024-01-20,20.6,2024-08-10,17.3,2024-08-10,2024-08-11
2755X,BENAVENTE,ZAMORA,715.0,2025,364,1,1,0,0,1,-5.5,2025-01-14,20.4,2025-08-10,17.3,2025-08-10,2025-08-10
2766E,"SANABRIA, ROBLEDA-CERVANTES",ZAMORA,933.0,2017,363,0,0,0,0,0,-13.9,2017-01-19,13.3,2017-06-13,10.1,,
2766E,"SANABRIA, ROBLEDA-CERVANTES",ZAMORA,933.0,2018,358,0,0,0,0,0,-12.5,2018-02-24,13.0,2018-06-26,10.3,,
2766E,"SANABRIA, ROBLEDA-CERVANTES",ZAMORA,933.0,2019,364,0,0,0,0,0,-11.0,2019-01-06,15.8,2019-08-08,10.1,,
2766E,"SANABRIA, ROBLEDA-CERVANTES",ZAMORA,933.0,2020,366,0,0,0,0,0,-8.8,2020-12-26,14.4,2020-07-12,10.8,,
2766E,"SANABRIA, ROBLEDA-CERVANTES",ZAMORA,933.0,2021,365,0,0,0,0,0,-12.9,2021-01-08,13.2,2021-09-14,9.7,,
2766E,"SANABRIA, ROBLEDA-CERVANTES",ZAMORA,933.0,2022,361,0,0,0,0,0,-10.0,2022-01-29,14.4,2022-06-17,11.9,,
2766E,"SANABRIA, ROBLEDA-CERVANTES",ZAMORA,933.0,2023,364,0,0,0,0,0,-11.3,2023-02-28,14.4,2023-06-07,11.1,,
2766E,"SANABRIA, ROBLEDA-CERVANTES",ZAMORA,933.0,2024,366,0,0,0,0,0,-8.6,2024-01-20,14.5,2024-08-10,11.6,,
2766E,"SANABRIA, ROBLEDA-CERVANTES",ZAMORA,933.0,2025,365,0,0,0,0,0,-10.0,2025-01-14,13.7,2025-07-04,11.2,,
2775X,VILLARDECIERVOS,ZAMORA,850.0,2017,364,0,0,0,0,0,-10.9,2017-01-19,16.6,2017-06-13,12.9,,
2775X,VILLARDECIERVOS,ZAMORA,850.0,2018,365,0,0,0,0,0,-10.0,2018-02-24,15.3,2018-06-26,12.5,,
2775X,VILLARDECIERVOS,ZAMORA,850.0,2019,358,0,0,0,0,0,-7.9,2019-01-06,16.9,2019-07-25,12.8,,
2775X,VILLARDECIERVOS,ZAMORA,850.0,2020,355,0,0,0,0,0,-7.0,2020-01-06,15.5,2020-08-20,12.8,,
2775X,VILLARDECIERVOS,ZAMORA,850.0,2021,365,0,0,0,0,0,-10.7,2021-01-07,15.6,2021-09-07,12.3,,
2775X,VILLARDECIERVOS,ZAMORA,850.0,2022,360,0,0,0,0,0,-8.4,2022-01-23,19.5,2022-07-15,15.3,,
2775X,VILLARDECIERVOS,ZAMORA,850.0,2023,349,0,0,0,0,0,-7.7,2023-02-28,17.4,2023-08-18,14.1,,
2775X,VILLARDECIERVOS,ZAMORA,850.0,2024,357,1,1,0,0,1,-6.5,2024-01-20,20.1,2024-08-10,14.4,2024-08-10,2024-08-10
2775X,VILLARDECIERVOS,ZAMORA,850.0,2025,339,0,0,0,0,0,-8.1,2025-01-14,18.4,2025-08-10,14.1,,
2777K,SANTIBAÑEZ DE VIDRIALES,ZAMORA,737.0,2017,365,0,0,0,0,0,-10.1,2017-01-18,18.4,2017-06-16,14.4,,
2777K,SANTIBAÑEZ DE VIDRIALES,ZAMORA,737.0,2018,365,0,0,0,0,0,-9.8,2018-02-24,18.8,2018-08-03,14.1,,
2777K,SANTIBAÑEZ DE VIDRIALES,ZAMORA,737.0,2019,351,0,0,0,0,0,-7.2,2019-01-07,17.4,2019-08-08,14.6,,
2777K,SANTIBAÑEZ DE VIDRIALES,ZAMORA,737.0,2020,361,0,0,0,0,0,-6.1,2020-12-26,17.3,2020-07-08,14.4,,
2777K,SANTIBAÑEZ DE VIDRIALES,ZAMORA,737.0,2021,363,0,0,0,0,0,-9.2,2021-01-14,17.0,2021-08-26,13.3,,
2777K,SANTIBAÑEZ DE VIDRIALES,ZAMORA,737.0,2022,362,2,2,0,0,1,-7.3,2022-02-06,21.5,2022-07-14,16.4,2022-07-12,2022-07-14
2777K,SANTIBAÑEZ DE VIDRIALES,ZAMORA,737.0,2023,356,0,0,0,0,0,-8.0,2023-01-23,17.1,2023-08-23,14.4,,
2777K,SANTIBAÑEZ DE VIDRIALES,ZAMORA,737.0,2024,366,1,1,0,0,1,-6.9,2024-01-20,21.2,2024-08-10,14.8,2024-08-10,2024-08-10
2777K,SANTIBAÑEZ DE VIDRIALES,ZAMORA,737.0,2025,360,0,0,0,0,0,-7.9,2025-01-15,19.6,2025-08-10,15.0,,
2789H,POZUELO DE TABARA,ZAMORA,711.0,2017,352,3,3,0,0,1,-8.5,2017-01-01,20.7,2017-06-13,16.4,2017-06-13,2017-08-22
2789H,POZUELO DE TABARA,ZAMORA,711.0,2018,365,0,0,0,0,0,-7.2,2018-02-08,19.6,2018-08-03,15.2,,
2789H,POZUELO DE TABARA,ZAMORA,711.0,2019,365,0,0,0,0,0,-6.7,2019-01-07,19.2,2019-06-29,15.5,,
2789H,POZUELO DE TABARA,ZAMORA,711.0,2020,366,0,0,0,0,0,-5.4,2020-12-26,18.5,2020-07-30,15.4,,
2789H,POZUELO DE TABARA,ZAMORA,711.0,2021,365,0,0,0,0,0,-9.7,2021-01-12,18.5,2021-08-12,14.8,,
2789H,POZUELO DE TABARA,ZAMORA,711.0,2022,351,2,2,0,1,2,-6.0,2022-01-15,22.1,2022-07-15,17.1,2022-07-15,2022-07-16
2789H,POZUELO DE TABARA,ZAMORA,711.0,2025,343,0,0,0,0,0,-7.8,2025-01-15,19.6,2025-08-17,16.7,,
2804F,VILLADEPERA,ZAMORA,790.0,2017,365,3,3,0,0,1,-7.9,2017-01-01,21.7,2017-06-19,17.1,2017-06-13,2017-06-19
2804F,VILLADEPERA,ZAMORA,790.0,2018,365,3,3,0,0,2,-4.8,2018-02-24,21.3,2018-08-03,16.0,2018-08-03,2018-08-06
2804F,VILLADEPERA,ZAMORA,790.0,2019,365,0,0,0,0,0,-3.8,2019-01-14,19.7,2019-07-23,16.1,,
2804F,VILLADEPERA,ZAMORA,790.0,2020,366,2,2,0,0,1,-5.7,2020-01-12,20.9,2020-08-07,17.0,2020-07-30,2020-08-07
2804F,VILLADEPERA,ZAMORA,790.0,2021,345,1,0,0,0,1,-7.7,2021-01-14,20.5,2021-09-06,15.0,2021-09-06,2021-09-06
2804F,VILLADEPERA,ZAMORA,790.0,2022,350,10,10,0,5,7,-4.5,2022-01-23,23.0,2022-07-14,18.9,2022-06-14,2022-08-03
2804F,VILLADEPERA,ZAMORA,790.0,2023,312,0,0,0,0,0,-5.9,2023-02-24,19.1,2023-08-21,15.5,,
2804F,VILLADEPERA,ZAMORA,790.0,2024,346,2,2,0,0,1,-5.2,2024-01-20,21.5,2024-08-10,16.9,2024-07-29,2024-08-10
2804F,VILLADEPERA,ZAMORA,790.0,2025,347,4,4,0,0,1,-4.9,2025-12-26,21.2,2025-08-17,17.4,2025-08-05,2025-08-17
2811A,NAVARREDONDA DE GREDOS,AVILA,1525.0,2017,345,0,0,0,0,0,-12.7,2017-01-19,16.3,2017-07-14,13.2,,
2828Y,BARCO DE AVILA,AVILA,1012.0,2017,365,0,0,0,0,0,-11.9,2017-01-19,18.7,2017-06-19,13.0,,
2828Y,BARCO DE AVILA,AVILA,1012.0,2018,365,0,0,0,0,0,-13.1,2018-01-09,16.5,2018-06-25,12.4,,
2828Y,BARCO DE AVILA,AVILA,1012.0,2019,365,0,0,0,0,0,-8.7,2019-01-11,16.8,2019-07-23,12.7,,
2828Y,BARCO DE AVILA,AVILA,1012.0,2020,366,0,0,0,0,0,-7.0,2020-01-14,15.1,2020-09-17,12.8,,
2828Y,BARCO DE AVILA,AVILA,1012.0,2021,365,0,0,0,0,0,-11.2,2021-01-12,18.2,2021-09-06,12.1,,
2828Y,BARCO DE AVILA,AVILA,1012.0,2022,365,0,0,0,0,0,-7.0,2022-01-22,19.6,2022-07-18,15.1,,
2828Y,BARCO DE AVILA,AVILA,1012.0,2023,363,0,0,0,0,0,-8.8,2023-02-28,17.8,2023-08-23,13.2,,
2828Y,BARCO DE AVILA,AVILA,1012.0,2024,366,0,0,0,0,0,-8.3,2024-12-29,16.6,2024-08-11,13.1,,
2828Y,BARCO DE AVILA,AVILA,1012.0,2025,365,0,0,0,0,0,-9.7,2025-01-14,16.4,2025-07-03,14.5,,
2847X,PEDROSILLO DE LOS AIRES   ,SALAMANCA,865.0,2017,365,1,1,0,1,1,-10.6,2017-01-19,22.4,2017-06-19,13.7,2017-06-19,2017-06-19
2847X,PEDROSILLO DE LOS AIRES   ,SALAMANCA,865.0,2018,365,0,0,0,0,0,-9.4,2018-02-24,16.3,2018-08-06,12.7,,
2847X,PEDROSILLO DE LOS AIRES   ,SALAMANCA,865.0,2019,363,0,0,0,0,0,-8.6,2019-01-06,18.4,2019-07-23,13.3,,
2847X,PEDROSILLO DE LOS AIRES   ,SALAMANCA,865.0,2020,366,0,0,0,0,0,-6.8,2020-01-12,16.0,2020-07-29,13.4,,
2847X,PEDROSILLO DE LOS AIRES   ,SALAMANCA,865.0,2021,307,0,0,0,0,0,-5.5,2021-03-23,16.9,2021-08-12,13.4,,
2847X,PEDROSILLO DE LOS AIRES   ,SALAMANCA,865.0,2022,365,0,0,0,0,0,-8.4,2022-01-29,19.2,2022-07-18,15.3,,
2847X,PEDROSILLO DE LOS AIRES   ,SALAMANCA,865.0,2023,354,0,0,0,0,0,-9.8,2023-02-24,17.3,2023-08-23,14.0,,
2847X,PEDROSILLO DE LOS AIRES   ,SALAMANCA,865.0,2024,350,0,0,0,0,0,-8.1,2024-12-15,17.0,2024-07-29,14.4,,
2847X,PEDROSILLO DE LOS AIRES   ,SALAMANCA,865.0,2025,365,0,0,0,0,0,-10.5,2025-01-15,18.1,2025-08-17,14.6,,
2863C,PEDRAZA DE ALBA  ,SALAMANCA,897.0,2017,364,1,1,0,0,1,-12.4,2017-01-19,22.0,2017-06-19,14.8,2017-06-19,2017-06-19
2863C,PEDRAZA DE ALBA  ,SALAMANCA,897.0,2018,341,0,0,0,0,0,-11.2,2018-01-08,17.6,2018-08-03,13.3,,
2863C,PEDRAZA DE ALBA  ,SALAMANCA,897.0,2019,365,0,0,0,0,0,-8.5,2019-01-08,18.0,2019-07-22,14.3,,
2863C,PEDRAZA DE ALBA  ,SALAMANCA,897.0,2020,326,0,0,0,0,0,-6.7,2020-01-12,18.4,2020-07-08,14.2,,
2863C,PEDRAZA DE ALBA  ,SALAMANCA,897.0,2021,346,0,0,0,0,0,-13.4,2021-01-12,18.8,2021-09-06,13.8,,
2863C,PEDRAZA DE ALBA  ,SALAMANCA,897.0,2022,348,3,3,0,0,1,-9.4,2022-02-06,21.3,2022-07-18,16.2,2022-06-16,2022-07-18
2863C,PEDRAZA DE ALBA  ,SALAMANCA,897.0,2023,363,0,0,0,0,0,-8.0,2023-01-30,19.0,2023-08-23,14.5,,
2863C,PEDRAZA DE ALBA  ,SALAMANCA,897.0,2024,366,2,2,0,0,1,-7.2,2024-12-15,21.2,2024-08-11,14.8,2024-07-29,2024-08-11
2863C,PEDRAZA DE ALBA  ,SALAMANCA,897.0,2025,365,1,1,0,0,1,-11.2,2025-01-14,21.0,2025-08-17,16.3,2025-08-17,2025-08-17
2867,SALAMANCA AEROPUERTO,SALAMANCA,790.0,2017,365,0,0,0,0,0,-10.9,2017-01-19,20.0,2017-06-19,14.2,,
2867,SALAMANCA AEROPUERTO,SALAMANCA,790.0,2018,364,0,0,0,0,0,-8.9,2018-02-24,16.8,2018-07-11,13.9,,
2867,SALAMANCA AEROPUERTO,SALAMANCA,790.0,2019,365,0,0,0,0,0,-8.4,2019-01-05,19.0,2019-07-23,14.1,,
2867,SALAMANCA AEROPUERTO,SALAMANCA,790.0,2020,366,0,0,0,0,0,-6.7,2020-01-12,16.4,2020-07-08,14.3,,
2867,SALAMANCA AEROPUERTO,SALAMANCA,790.0,2021,365,0,0,0,0,0,-11.9,2021-01-12,16.4,2021-09-06,13.5,,
2867,SALAMANCA AEROPUERTO,SALAMANCA,790.0,2022,365,0,0,0,0,0,-7.8,2022-01-23,19.3,2022-08-10,15.1,,
2867,SALAMANCA AEROPUERTO,SALAMANCA,790.0,2023,365,0,0,0,0,0,-8.3,2023-02-28,15.3,2023-08-23,13.5,,
2867,SALAMANCA AEROPUERTO,SALAMANCA,790.0,2024,366,0,0,0,0,0,-7.0,2024-12-15,17.1,2024-06-07,14.1,,
2867,SALAMANCA AEROPUERTO,SALAMANCA,790.0,2025,365,0,0,0,0,0,-9.7,2025-01-14,17.8,2025-07-04,15.1,,
2870,SALAMANCA,SALAMANCA,775.0,2017,365,6,6,0,1,3,-7.1,2017-01-19,22.1,2017-06-19,17.6,2017-06-13,2017-06-22
2870,SALAMANCA,SALAMANCA,775.0,2018,365,0,0,0,0,0,-5.7,2018-02-24,19.6,2018-08-03,16.1,,
2870,SALAMANCA,SALAMANCA,775.0,2019,360,1,1,0,0,1,-5.4,2019-01-07,20.4,2019-07-23,17.1,2019-07-23,2019-07-23
2870,SALAMANCA,SALAMANCA,775.0,2020,366,0,0,0,0,0,-4.6,2020-01-12,19.9,2020-07-08,17.9,,
2870,SALAMANCA,SALAMANCA,775.0,2021,365,1,1,0,0,1,-8.0,2021-01-12,20.8,2021-08-12,16.9,2021-08-12,2021-08-12
2870,SALAMANCA,SALAMANCA,775.0,2022,365,7,7,0,0,2,-4.5,2022-01-23,21.6,2022-07-15,19.0,2022-06-14,2022-08-10
2870,SALAMANCA,SALAMANCA,775.0,2023,364,1,1,0,0,1,-4.0,2023-01-31,20.7,2023-08-23,17.6,2023-08-23,2023-08-23
2870,SALAMANCA,SALAMANCA,775.0,2024,366,2,2,0,0,1,-3.2,2024-12-15,20.6,2024-07-29,18.1,2024-07-27,2024-07-29
2870,SALAMANCA,SALAMANCA,775.0,2025,365,3,3,0,0,1,-6.0,2025-01-14,21.6,2025-08-17,18.7,2025-06-19,2025-08-17
2873X,BARBADILLO,SALAMANCA,817.0,2017,365,1,1,0,1,1,-11.6,2017-01-19,22.4,2017-06-19,14.5,2017-06-19,2017-06-19
2873X,BARBADILLO,SALAMANCA,817.0,2018,365,0,0,0,0,0,-9.4,2018-02-24,17.3,2018-08-03,14.1,,
2873X,BARBADILLO,SALAMANCA,817.0,2019,365,0,0,0,0,0,-8.4,2019-01-07,19.4,2019-07-23,14.8,,
2873X,BARBADILLO,SALAMANCA,817.0,2020,366,0,0,0,0,0,-7.3,2020-01-12,18.8,2020-07-28,14.9,,
2873X,BARBADILLO,SALAMANCA,817.0,2021,365,0,0,0,0,0,-11.9,2021-01-12,18.1,2021-09-06,14.0,,
2873X,BARBADILLO,SALAMANCA,817.0,2023,361,0,0,0,0,0,-8.1,2023-02-24,17.7,2023-08-09,15.1,,
2873X,BARBADILLO,SALAMANCA,817.0,2024,366,0,0,0,0,0,-6.9,2024-12-15,17.5,2024-06-07,15.3,,
2873X,BARBADILLO,SALAMANCA,817.0,2025,353,0,0,0,0,0,-9.7,2025-01-14,18.4,2025-08-17,15.5,,
2882D,PEÑAUSENDE,ZAMORA,1003.0,2017,337,17,14,0,4,3,-4.3,2017-01-18,23.5,2017-10-15,20.0,2017-06-11,2017-10-15
2882D,PEÑAUSENDE,ZAMORA,1003.0,2018,342,4,3,0,0,2,-5.5,2018-02-27,21.8,2018-08-06,17.4,2018-08-03,2018-09-17
2882D,PEÑAUSENDE,ZAMORA,1003.0,2019,352,5,5,0,1,1,-2.4,2019-01-03,22.1,2019-08-31,17.9,2019-06-27,2019-08-31
2882D,PEÑAUSENDE,ZAMORA,1003.0,2020,354,3,3,0,0,1,-5.8,2020-01-12,21.7,2020-07-19,15.7,2020-07-19,2020-08-07
2882D,PEÑAUSENDE,ZAMORA,1003.0,2021,314,3,1,0,2,2,-3.4,2021-01-07,24.2,2021-08-14,15.7,2021-08-14,2021-09-06
2882D,PEÑAUSENDE,ZAMORA,1003.0,2022,351,8,8,2,4,2,-5.9,2022-01-22,25.9,2022-07-17,18.9,2022-06-14,2022-08-24
2882D,PEÑAUSENDE,ZAMORA,1003.0,2023,356,5,5,0,2,3,-5.5,2023-01-30,22.6,2023-08-23,17.8,2023-06-25,2023-08-24
2882D,PEÑAUSENDE,ZAMORA,1003.0,2024,360,3,3,0,2,1,-4.8,2024-01-20,22.8,2024-08-11,17.0,2024-07-19,2024-08-11
2885K,FRESNO DE SAYAGO,ZAMORA,804.0,2017,361,0,0,0,0,0,-9.5,2017-01-19,19.9,2017-06-13,14.6,,
2885K,FRESNO DE SAYAGO,ZAMORA,804.0,2018,365,0,0,0,0,0,-7.8,2018-02-22,19.7,2018-08-03,14.1,,
2885K,FRESNO DE SAYAGO,ZAMORA,804.0,2019,365,0,0,0,0,0,-7.0,2019-01-11,18.8,2019-07-23,13.9,,
2885K,FRESNO DE SAYAGO,ZAMORA,804.0,2020,366,0,0,0,0,0,-6.8,2020-01-12,17.2,2020-08-07,14.2,,
2885K,FRESNO DE SAYAGO,ZAMORA,804.0,2021,362,0,0,0,0,0,-10.9,2021-01-11,18.9,2021-09-06,13.2,,
2885K,FRESNO DE SAYAGO,ZAMORA,804.0,2022,364,0,0,0,0,0,-7.4,2022-02-06,20.0,2022-07-15,15.6,,
2885K,FRESNO DE SAYAGO,ZAMORA,804.0,2023,362,0,0,0,0,0,-9.5,2023-02-24,18.9,2023-08-09,14.7,,
2885K,FRESNO DE SAYAGO,ZAMORA,804.0,2024,326,0,0,0,0,0,-5.7,2024-12-16,18.2,2024-08-10,15.0,,
2885K,FRESNO DE SAYAGO,ZAMORA,804.0,2025,345,0,0,0,0,0,-7.4,2025-01-15,19.6,2025-08-15,15.6,,
2891A,VILLARINO DE LOS AIRES,SALAMANCA,690.0,2017,365,4,4,0,1,3,-7.2,2017-01-19,22.7,2017-06-19,17.8,2017-06-13,2017-06-19
2891A,VILLARINO DE LOS AIRES,SALAMANCA,690.0,2018,365,3,3,0,1,2,-5.2,2018-02-08,22.7,2018-08-03,16.4,2018-08-03,2018-08-06
2891A,VILLARINO DE LOS AIRES,SALAMANCA,690.0,2019,364,0,0,0,0,0,-4.1,2019-01-05,19.8,2019-07-23,16.4,,
2891A,VILLARINO DE LOS AIRES,SALAMANCA,690.0,2020,366,3,3,0,0,2,-4.7,2020-01-13,21.1,2020-07-30,17.2,2020-07-30,2020-08-08
2891A,VILLARINO DE LOS AIRES,SALAMANCA,690.0,2021,365,1,0,0,0,1,-7.0,2021-01-17,22.0,2021-09-06,15.5,2021-09-06,2021-09-06
2891A,VILLARINO DE LOS AIRES,SALAMANCA,690.0,2022,352,9,9,0,2,6,-4.2,2022-01-23,23.6,2022-07-15,18.6,2022-06-14,2022-08-02
2891A,VILLARINO DE LOS AIRES,SALAMANCA,690.0,2023,363,4,4,0,1,3,-5.3,2023-01-23,22.2,2023-08-22,16.8,2023-08-09,2023-08-24
2891A,VILLARINO DE LOS AIRES,SALAMANCA,690.0,2024,366,3,3,0,0,3,-5.0,2024-01-20,21.4,2024-08-10,17.9,2024-08-09,2024-08-11
2891A,VILLARINO DE LOS AIRES,SALAMANCA,690.0,2025,365,6,6,0,0,2,-5.4,2025-01-15,21.8,2025-08-15,18.5,2025-08-05,2025-08-17
2914C,BOADILLA FUENTE SAN ESTEBAN,SALAMANCA,785.0,2017,364,0,0,0,0,0,-8.1,2017-01-19,19.1,2017-06-13,15.9,,
2914C,BOADILLA FUENTE SAN ESTEBAN,SALAMANCA,785.0,2018,365,0,0,0,0,0,-7.7,2018-02-24,19.3,2018-08-04,15.3,,
2914C,BOADILLA FUENTE SAN ESTEBAN,SALAMANCA,785.0,2019,365,0,0,0,0,0,-6.3,2019-01-05,19.7,2019-07-23,15.3,,
2914C,BOADILLA FUENTE SAN ESTEBAN,SALAMANCA,785.0,2020,351,0,0,0,0,0,-5.0,2020-01-12,19.6,2020-08-07,16.0,,
2914C,BOADILLA FUENTE SAN ESTEBAN,SALAMANCA,785.0,2021,365,1,0,0,0,1,-7.5,2021-01-12,21.3,2021-09-06,14.5,2021-09-06,2021-09-06
2914C,BOADILLA FUENTE SAN ESTEBAN,SALAMANCA,785.0,2022,354,2,2,0,0,1,-6.6,2022-01-23,20.7,2022-07-15,17.1,2022-07-15,2022-08-02
2914C,BOADILLA FUENTE SAN ESTEBAN,SALAMANCA,785.0,2023,364,2,2,0,0,2,-6.8,2023-02-11,21.6,2023-08-23,16.0,2023-08-23,2023-08-24
2914C,BOADILLA FUENTE SAN ESTEBAN,SALAMANCA,785.0,2024,362,0,0,0,0,0,-3.9,2024-12-11,19.9,2024-07-29,16.0,,
2916A,VITIGUDINO,SALAMANCA,769.0,2017,356,1,1,0,0,1,-7.7,2017-01-19,21.8,2017-06-13,16.4,2017-06-13,2017-06-13
2916A,VITIGUDINO,SALAMANCA,769.0,2018,365,2,2,0,0,2,-5.2,2018-02-24,21.3,2018-08-03,15.6,2018-08-03,2018-08-04
2916A,VITIGUDINO,SALAMANCA,769.0,2019,365,0,0,0,0,0,-4.7,2019-01-11,19.2,2019-07-23,15.2,,
2916A,VITIGUDINO,SALAMANCA,769.0,2020,366,0,0,0,0,0,-5.4,2020-12-27,19.1,2020-08-07,16.1,,
2916A,VITIGUDINO,SALAMANCA,769.0,2021,365,1,0,0,0,1,-6.6,2021-01-12,21.2,2021-09-06,14.6,2021-09-06,2021-09-06
2916A,VITIGUDINO,SALAMANCA,769.0,2022,362,6,6,0,1,3,-4.8,2022-01-23,22.9,2022-07-14,17.7,2022-06-17,2022-08-10
2916A,VITIGUDINO,SALAMANCA,769.0,2023,352,2,2,0,0,2,-5.7,2023-02-28,21.3,2023-08-22,15.6,2023-08-22,2023-08-23
2916A,VITIGUDINO,SALAMANCA,769.0,2024,366,0,0,0,0,0,-3.5,2024-01-20,19.6,2024-08-10,16.4,,
2916A,VITIGUDINO,SALAMANCA,769.0,2025,365,3,3,0,0,1,-5.7,2025-01-15,21.7,2025-08-15,17.8,2025-06-30,2025-08-15
2918Y,EL MAÍLLO,SALAMANCA,1027.0,2017,354,2,1,0,0,1,-7.9,2017-01-19,20.2,2017-10-15,16.9,2017-06-19,2017-10-15
2918Y,EL MAÍLLO,SALAMANCA,1027.0,2018,350,2,2,0,1,2,-5.7,2018-02-06,23.0,2018-08-03,15.6,2018-08-02,2018-08-03
2918Y,EL MAÍLLO,SALAMANCA,1027.0,2019,365,0,0,0,0,0,-4.3,2019-04-04,19.0,2019-07-23,14.7,,
2918Y,EL MAÍLLO,SALAMANCA,1027.0,2020,366,0,0,0,0,0,-3.7,2020-01-05,20.0,2020-08-06,16.4,,
2918Y,EL MAÍLLO,SALAMANCA,1027.0,2021,365,1,0,0,1,1,-6.1,2021-01-05,22.9,2021-09-06,14.8,2021-09-06,2021-09-06
2918Y,EL MAÍLLO,SALAMANCA,1027.0,2022,365,10,10,1,5,6,-4.8,2022-04-04,26.2,2022-07-17,18.5,2022-06-16,2022-08-02
2918Y,EL MAÍLLO,SALAMANCA,1027.0,2023,354,3,3,0,1,2,-5.2,2023-01-25,22.6,2023-08-23,15.8,2023-08-08,2023-08-23
2918Y,EL MAÍLLO,SALAMANCA,1027.0,2024,361,4,4,0,0,1,-5.4,2024-12-29,20.9,2024-07-29,16.2,2024-07-22,2024-08-10
2918Y,EL MAÍLLO,SALAMANCA,1027.0,2025,364,8,8,0,1,3,-5.6,2025-01-01,22.4,2025-08-16,18.6,2025-06-19,2025-08-16
2926B,BAÑOBÁREZ,SALAMANCA,748.0,2017,365,1,1,0,0,1,-7.9,2017-01-25,20.4,2017-06-19,15.6,2017-06-19,2017-06-19
2926B,BAÑOBÁREZ,SALAMANCA,748.0,2018,350,1,1,0,0,1,-6.6,2018-02-07,20.3,2018-08-02,15.4,2018-08-02,2018-08-02
2926B,BAÑOBÁREZ,SALAMANCA,748.0,2019,365,0,0,0,0,0,-6.3,2019-01-05,19.1,2019-07-23,14.6,,
2926B,BAÑOBÁREZ,SALAMANCA,748.0,2020,355,0,0,0,0,0,-5.5,2020-12-27,18.5,2020-08-07,15.6,,
2926B,BAÑOBÁREZ,SALAMANCA,748.0,2021,326,0,0,0,0,0,-7.9,2021-01-12,17.7,2021-09-06,14.0,,
2926B,BAÑOBÁREZ,SALAMANCA,748.0,2022,363,3,3,0,0,2,-6.0,2022-01-29,21.8,2022-07-14,17.1,2022-07-14,2022-08-02
2926B,BAÑOBÁREZ,SALAMANCA,748.0,2023,350,1,1,0,1,1,-6.1,2023-03-01,22.1,2023-08-23,15.3,2023-08-23,2023-08-23
2926B,BAÑOBÁREZ,SALAMANCA,748.0,2024,361,0,0,0,0,0,-4.4,2024-12-10,18.8,2024-08-11,15.1,,
2926B,BAÑOBÁREZ,SALAMANCA,748.0,2025,364,1,1,0,0,1,-7.4,2025-01-15,20.5,2025-06-30,16.1,2025-06-30,2025-06-30
2930Y,NAVASFRÍAS,SALAMANCA,880.0,2017,365,0,0,0,0,0,-11.7,2017-01-19,14.6,2017-06-21,11.7,,
2930Y,NAVASFRÍAS,SALAMANCA,880.0,2018,347,0,0,0,0,0,-10.1,2018-02-08,14.7,2018-08-03,11.6,,
2930Y,NAVASFRÍAS,SALAMANCA,880.0,2019,343,0,0,0,0,0,-7.9,2019-01-13,15.9,2019-07-23,11.4,,
2930Y,NAVASFRÍAS,SALAMANCA,880.0,2020,366,0,0,0,0,0,-6.8,2020-12-26,14.3,2020-07-12,12.0,,
2930Y,NAVASFRÍAS,SALAMANCA,880.0,2021,365,0,0,0,0,0,-9.2,2021-01-08,16.0,2021-09-06,11.3,,
2930Y,NAVASFRÍAS,SALAMANCA,880.0,2022,364,0,0,0,0,0,-8.5,2022-01-22,16.7,2022-05-21,13.4,,
2930Y,NAVASFRÍAS,SALAMANCA,880.0,2023,342,0,0,0,0,0,-9.3,2023-02-28,14.9,2023-08-23,12.1,,
2930Y,NAVASFRÍAS,SALAMANCA,880.0,2024,358,0,0,0,0,0,-6.9,2024-12-15,15.3,2024-07-29,12.6,,
2930Y,NAVASFRÍAS,SALAMANCA,880.0,2025,335,0,0,0,0,0,-9.2,2025-01-14,16.5,2025-08-13,13.2,,
2945A,EL BODÓN BASE AÉREA,SALAMANCA,805.0,2017,365,0,0,0,0,0,-8.8,2017-01-19,20.0,2017-06-19,15.2,,
2945A,EL BODÓN BASE AÉREA,SALAMANCA,805.0,2018,365,0,0,0,0,0,-7.5,2018-02-24,18.3,2018-08-04,14.6,,
2945A,EL BODÓN BASE AÉREA,SALAMANCA,805.0,2019,363,0,0,0,0,0,-6.5,2019-01-06,18.8,2019-07-23,14.2,,
2945A,EL BODÓN BASE AÉREA,SALAMANCA,805.0,2020,366,0,0,0,0,0,-4.5,2020-12-27,17.6,2020-07-12,15.2,,
2945A,EL BODÓN BASE AÉREA,SALAMANCA,805.0,2021,365,1,0,0,0,1,-7.3,2021-01-06,20.8,2021-09-06,14.2,2021-09-06,2021-09-06
2945A,EL BODÓN BASE AÉREA,SALAMANCA,805.0,2022,352,2,2,0,0,1,-6.5,2022-01-22,21.1,2022-06-17,16.7,2022-06-17,2022-07-15
2945A,EL BODÓN BASE AÉREA,SALAMANCA,805.0,2023,307,1,1,0,1,1,-6.2,2023-03-02,23.3,2023-08-23,15.5,2023-08-23,2023-08-23
2945A,EL BODÓN BASE AÉREA,SALAMANCA,805.0,2024,366,0,0,0,0,0,-4.6,2024-12-21,18.8,2024-07-29,15.3,,
2945A,EL BODÓN BASE AÉREA,SALAMANCA,805.0,2025,365,0,0,0,0,0,-6.4,2025-01-15,19.9,2025-08-13,16.2,,
2946X,SAELICES EL CHICO,SALAMANCA,680.0,2017,365,1,1,0,0,1,-7.7,2017-01-08,21.7,2017-06-19,15.9,2017-06-19,2017-06-19
2946X,SAELICES EL CHICO,SALAMANCA,680.0,2018,365,1,1,0,0,1,-8.0,2018-02-24,20.8,2018-08-05,16.1,2018-08-05,2018-08-05
2946X,SAELICES EL CHICO,SALAMANCA,680.0,2019,365,0,0,0,0,0,-7.9,2019-01-06,19.3,2019-08-08,15.1,,
2946X,SAELICES EL CHICO,SALAMANCA,680.0,2020,366,0,0,0,0,0,-5.0,2020-12-27,19.4,2020-07-17,16.4,,
2946X,SAELICES EL CHICO,SALAMANCA,680.0,2021,350,1,0,0,1,1,-7.7,2021-01-06,22.4,2021-09-06,15.1,2021-09-06,2021-09-06
2946X,SAELICES EL CHICO,SALAMANCA,680.0,2022,365,4,4,0,0,1,-7.4,2022-01-29,21.0,2022-07-15,17.7,2022-07-15,2022-08-23
2946X,SAELICES EL CHICO,SALAMANCA,680.0,2023,362,1,1,0,0,1,-6.3,2023-01-31,20.4,2023-08-23,16.1,2023-08-23,2023-08-23
2946X,SAELICES EL CHICO,SALAMANCA,680.0,2024,354,0,0,0,0,0,-4.9,2024-12-11,19.8,2024-07-29,16.4,,
2946X,SAELICES EL CHICO,SALAMANCA,680.0,2025,365,2,2,0,0,1,-7.7,2025-01-15,21.1,2025-06-30,17.2,2025-06-30,2025-08-13
2966D,ALCAÑICES,ZAMORA,840.0,2017,365,0,0,0,0,0,-7.9,2017-01-18,19.8,2017-06-19,15.8,,
2966D,ALCAÑICES,ZAMORA,840.0,2018,365,1,1,0,0,1,-7.5,2018-02-08,21.0,2018-08-03,14.9,2018-08-03,2018-08-03
2966D,ALCAÑICES,ZAMORA,840.0,2019,364,0,0,0,0,0,-4.3,2019-01-11,17.8,2019-07-23,14.4,,
2966D,ALCAÑICES,ZAMORA,840.0,2020,359,0,0,0,0,0,-6.8,2020-01-02,18.6,2020-08-07,15.2,,
2966D,ALCAÑICES,ZAMORA,840.0,2021,365,0,0,0,0,0,-8.7,2021-01-17,17.4,2021-08-12,13.9,,
2966D,ALCAÑICES,ZAMORA,840.0,2022,365,6,6,0,1,6,-5.0,2022-04-03,22.4,2022-07-15,16.9,2022-07-12,2022-07-17
2966D,ALCAÑICES,ZAMORA,840.0,2023,364,0,0,0,0,0,-6.6,2023-02-28,20.0,2023-08-22,15.0,,
2966D,ALCAÑICES,ZAMORA,840.0,2024,366,1,1,0,0,1,-5.6,2024-01-20,21.1,2024-08-10,15.5,2024-08-10,2024-08-10
2966D,ALCAÑICES,ZAMORA,840.0,2025,365,0,0,0,0,0,-5.5,2025-12-26,20.0,2025-08-17,16.5,,
2969U,A GUDIÑA,OURENSE,910.0,2017,364,2,2,0,0,1,-7.5,2017-01-19,21.0,2017-06-17,16.2,2017-06-17,2017-06-21
2969U,A GUDIÑA,OURENSE,910.0,2018,363,2,2,0,2,2,-4.4,2018-02-06,22.6,2018-08-03,15.5,2018-08-03,2018-08-04
2969U,A GUDIÑA,OURENSE,910.0,2019,362,0,0,0,0,0,-3.9,2019-01-11,18.7,2019-07-23,15.1,,
2969U,A GUDIÑA,OURENSE,910.0,2021,363,1,0,0,0,1,-6.1,2021-01-07,20.5,2021-09-06,14.6,2021-09-06,2021-09-06
2969U,A GUDIÑA,OURENSE,910.0,2022,352,9,9,0,4,6,-4.1,2022-04-04,24.0,2022-07-17,17.8,2022-06-16,2022-08-02
2969U,A GUDIÑA,OURENSE,910.0,2023,365,2,2,0,1,2,-5.8,2023-12-18,23.0,2023-08-23,15.7,2023-08-22,2023-08-23
2969U,A GUDIÑA,OURENSE,910.0,2024,366,2,2,0,0,2,-3.3,2024-12-31,21.2,2024-08-10,15.8,2024-08-10,2024-08-11
2969U,A GUDIÑA,OURENSE,910.0,2025,320,10,10,0,1,3,-4.0,2025-01-01,22.1,2025-08-12,19.1,2025-06-10,2025-08-16
2978X,VERÍN,OURENSE,380.0,2017,365,0,0,0,0,0,-10.0,2017-01-19,18.9,2017-06-19,14.3,,
2978X,VERÍN,OURENSE,380.0,2018,364,0,0,0,0,0,-8.5,2018-02-24,18.4,2018-06-26,14.9,,
2978X,VERÍN,OURENSE,380.0,2019,364,0,0,0,0,0,-8.1,2019-01-05,18.5,2019-08-08,14.0,,
2978X,VERÍN,OURENSE,380.0,2020,366,0,0,0,0,0,-5.5,2020-12-27,19.8,2020-07-12,14.4,,
2978X,VERÍN,OURENSE,380.0,2021,365,0,0,0,0,0,-9.5,2021-01-08,17.5,2021-09-06,13.6,,
2978X,VERÍN,OURENSE,380.0,2022,364,0,0,0,0,0,-7.5,2022-01-30,18.6,2022-06-17,16.4,,
2978X,VERÍN,OURENSE,380.0,2023,341,0,0,0,0,0,-6.5,2023-02-28,19.2,2023-08-19,15.6,,
2978X,VERÍN,OURENSE,380.0,2024,366,0,0,0,0,0,-5.7,2024-12-15,18.8,2024-07-30,16.0,,
2978X,VERÍN,OURENSE,380.0,2025,362,0,0,0,0,0,-6.9,2025-01-15,19.7,2025-08-13,15.7,,
3013,MOLINA DE ARAGÓN,GUADALAJARA,1062.0,2017,364,0,0,0,0,0,-13.4,2017-01-18,17.0,2017-06-19,14.3,,
3013,MOLINA DE ARAGÓN,GUADALAJARA,1062.0,2018,365,0,0,0,0,0,-12.8,2018-02-08,16.3,2018-09-03,13.4,,
3013,MOLINA DE ARAGÓN,GUADALAJARA,1062.0,2019,365,0,0,0,0,0,-11.3,2019-01-11,18.3,2019-06-27,13.5,,
3013,MOLINA DE ARAGÓN,GUADALAJARA,1062.0,2020,366,0,0,0,0,0,-10.3,2020-01-12,18.1,2020-07-28,13.5,,
3013,MOLINA DE ARAGÓN,GUADALAJARA,1062.0,2021,365,0,0,0,0,0,-25.2,2021-01-12,17.0,2021-08-14,13.2,,
3013,MOLINA DE ARAGÓN,GUADALAJARA,1062.0,2022,365,0,0,0,0,0,-11.5,2022-01-29,17.9,2022-08-03,14.5,,
3013,MOLINA DE ARAGÓN,GUADALAJARA,1062.0,2023,365,0,0,0,0,0,-15.8,2023-02-28,17.4,2023-07-18,14.0,,
3013,MOLINA DE ARAGÓN,GUADALAJARA,1062.0,2024,366,0,0,0,0,0,-8.7,2024-12-30,17.3,2024-08-12,14.3,,
3013,MOLINA DE ARAGÓN,GUADALAJARA,1062.0,2025,365,0,0,0,0,0,-11.2,2025-01-14,17.0,2025-06-22,14.4,,
3021Y,ZAOREJAS,GUADALAJARA,1250.0,2017,339,1,1,0,0,1,-11.6,2017-01-18,20.5,2017-08-05,17.5,2017-08-05,2017-08-05
3021Y,ZAOREJAS,GUADALAJARA,1250.0,2018,350,0,0,0,0,0,-10.4,2018-02-09,19.1,2018-08-03,16.1,,
3021Y,ZAOREJAS,GUADALAJARA,1250.0,2019,345,2,2,0,1,1,-6.1,2019-01-11,23.2,2019-06-27,16.4,2019-06-27,2019-07-25
3021Y,ZAOREJAS,GUADALAJARA,1250.0,2021,323,2,2,0,1,2,-13.5,2021-01-12,23.3,2021-08-14,15.6,2021-08-14,2021-08-15
3021Y,ZAOREJAS,GUADALAJARA,1250.0,2022,359,8,8,0,0,4,-6.9,2022-01-14,20.5,2022-06-14,18.3,2022-06-13,2022-08-12
3021Y,ZAOREJAS,GUADALAJARA,1250.0,2023,360,5,5,0,1,3,-9.0,2023-01-30,23.2,2023-07-18,17.7,2023-07-11,2023-08-10
3021Y,ZAOREJAS,GUADALAJARA,1250.0,2024,357,2,2,0,0,1,-7.7,2024-01-12,20.4,2024-07-31,17.9,2024-07-31,2024-08-10
3021Y,ZAOREJAS,GUADALAJARA,1250.0,2025,348,0,0,0,0,0,-8.0,2025-01-14,19.4,2025-08-08,17.0,,
3040Y,BETETA,CUENCA,1214.0,2017,360,0,0,0,0,0,-9.1,2017-12-06,17.3,2017-08-19,14.8,,
3040Y,BETETA,CUENCA,1214.0,2018,302,0,0,0,0,0,-11.8,2018-02-09,15.6,2018-08-12,12.4,,
3040Y,BETETA,CUENCA,1214.0,2019,334,1,1,0,1,1,-7.7,2019-01-04,22.3,2019-06-27,14.2,2019-06-27,2019-06-27
3040Y,BETETA,CUENCA,1214.0,2023,304,0,0,0,0,0,-6.9,2023-03-04,18.5,2023-07-18,14.1,,
3044X,CAÑIZARES,CUENCA,928.0,2017,346,0,0,0,0,0,-9.9,2017-01-18,17.3,2017-07-06,15.1,,
3044X,CAÑIZARES,CUENCA,928.0,2018,305,0,0,0,0,0,-4.5,2018-12-31,15.9,2018-08-16,14.2,,
3044X,CAÑIZARES,CUENCA,928.0,2019,358,0,0,0,0,0,-6.5,2019-01-11,17.7,2019-06-27,14.3,,
3044X,CAÑIZARES,CUENCA,928.0,2020,356,0,0,0,0,0,-6.1,2020-01-13,16.3,2020-07-28,14.1,,
3044X,CAÑIZARES,CUENCA,928.0,2021,359,0,0,0,0,0,-11.6,2021-01-12,17.5,2021-08-12,14.2,,
3085Y,PASTRANA,GUADALAJARA,920.0,2017,365,10,10,0,1,2,-6.7,2017-01-18,22.6,2017-07-14,19.3,2017-06-15,2017-08-23
3085Y,PASTRANA,GUADALAJARA,920.0,2018,364,2,2,0,0,1,-6.2,2018-02-08,21.1,2018-08-07,17.6,2018-08-03,2018-08-07
3085Y,PASTRANA,GUADALAJARA,920.0,2019,363,10,10,0,1,3,-4.4,2019-02-04,22.1,2019-06-30,18.7,2019-06-27,2019-07-25
3085Y,PASTRANA,GUADALAJARA,920.0,2022,364,12,12,0,1,2,-3.8,2022-04-03,22.7,2022-07-14,19.7,2022-06-14,2022-08-24
3085Y,PASTRANA,GUADALAJARA,920.0,2025,360,6,6,0,0,1,-5.8,2025-01-14,20.6,2025-08-06,18.8,2025-07-09,2025-08-25
3094B,TARANCÓN,CUENCA,819.0,2017,362,42,42,1,11,12,-7.1,2017-01-18,25.9,2017-07-14,21.6,2017-06-11,2017-08-26
3094B,TARANCÓN,CUENCA,819.0,2018,362,22,19,0,7,8,-5.0,2018-02-07,24.0,2018-08-03,20.2,2018-06-23,2018-09-22
3094B,TARANCÓN,CUENCA,819.0,2019,325,28,28,0,9,8,-3.5,2019-02-04,23.6,2019-07-24,21.2,2019-06-27,2019-08-20
3094B,TARANCÓN,CUENCA,819.0,2020,366,36,36,0,15,13,-3.5,2020-12-26,23.8,2020-08-09,21.7,2020-06-28,2020-08-28
3094B,TARANCÓN,CUENCA,819.0,2021,365,26,24,3,8,7,-8.5,2021-01-12,26.0,2021-08-13,20.6,2021-06-15,2021-09-07
3094B,TARANCÓN,CUENCA,819.0,2023,346,43,43,1,17,12,-5.6,2023-02-28,25.1,2023-07-19,22.0,2023-06-24,2023-08-26
3094B,TARANCÓN,CUENCA,819.0,2024,366,45,44,0,17,22,-1.5,2024-03-03,23.9,2024-07-24,22.0,2024-06-07,2024-09-02
3094B,TARANCÓN,CUENCA,819.0,2025,349,54,51,3,26,17,-2.1,2025-01-14,25.8,2025-08-17,23.0,2025-05-30,2025-09-18
3099Y,OCAÑA,TOLEDO,733.0,2019,363,15,15,0,2,4,-5.2,2019-01-19,23.1,2019-07-13,19.7,2019-06-27,2019-08-20
3099Y,OCAÑA,TOLEDO,733.0,2020,366,17,17,0,1,7,-4.2,2020-01-12,22.4,2020-07-08,19.6,2020-07-01,2020-08-10
3099Y,OCAÑA,TOLEDO,733.0,2021,365,10,9,0,3,5,-14.5,2021-01-12,24.4,2021-08-14,19.0,2021-07-11,2021-09-06
3099Y,OCAÑA,TOLEDO,733.0,2022,365,33,32,0,7,9,-4.4,2022-01-16,23.3,2022-07-25,21.0,2022-06-14,2022-09-12
3099Y,OCAÑA,TOLEDO,733.0,2023,365,14,14,0,6,4,-5.8,2023-03-01,23.6,2023-07-19,19.7,2023-07-11,2023-08-24
3099Y,OCAÑA,TOLEDO,733.0,2024,366,19,19,0,5,7,-3.8,2024-01-08,23.3,2024-07-30,20.0,2024-07-24,2024-08-27
3099Y,OCAÑA,TOLEDO,733.0,2025,327,24,23,0,6,8,-4.9,2025-01-15,23.4,2025-08-18,20.7,2025-06-19,2025-09-19
3100B,ARANJUEZ,MADRID,540.0,2017,362,23,23,0,5,6,-7.7,2017-01-18,23.6,2017-07-18,20.2,2017-06-11,2017-08-27
3100B,ARANJUEZ,MADRID,540.0,2018,348,12,10,0,2,2,-6.7,2018-02-24,23.0,2018-08-07,19.3,2018-06-21,2018-09-03
3100B,ARANJUEZ,MADRID,540.0,2019,357,18,18,0,8,4,-7.6,2019-01-11,23.4,2019-07-23,20.0,2019-06-26,2019-08-25
3100B,ARANJUEZ,MADRID,540.0,2020,361,16,16,0,8,5,-5.2,2020-01-12,22.9,2020-07-30,19.7,2020-06-24,2020-08-10
3100B,ARANJUEZ,MADRID,540.0,2021,304,10,9,0,2,3,-11.2,2021-01-14,24.1,2021-08-14,19.4,2021-06-16,2021-09-06
3100B,ARANJUEZ,MADRID,540.0,2022,359,33,32,0,15,8,-6.7,2022-01-19,24.2,2022-08-10,21.5,2022-06-12,2022-09-12
3100B,ARANJUEZ,MADRID,540.0,2023,351,16,16,1,5,4,-7.8,2023-03-01,25.3,2023-07-18,19.8,2023-06-26,2023-08-24
3100B,ARANJUEZ,MADRID,540.0,2024,357,17,17,0,4,5,-5.8,2024-12-21,24.5,2024-08-10,19.6,2024-06-27,2024-08-30
3100B,ARANJUEZ,MADRID,540.0,2025,339,21,21,0,3,4,-8.6,2025-01-15,22.9,2025-07-02,20.5,2025-06-21,2025-08-27
3103,PANTANO EL VADO,GUADALAJARA,910.0,2017,364,1,1,0,0,1,-7.1,2017-01-19,21.4,2017-08-04,17.2,2017-08-04,2017-08-04
3103,PANTANO EL VADO,GUADALAJARA,910.0,2018,365,0,0,0,0,0,-5.9,2018-02-13,19.1,2018-08-07,15.8,,
3103,PANTANO EL VADO,GUADALAJARA,910.0,2019,364,1,1,0,0,1,-3.6,2019-01-13,21.7,2019-07-13,16.8,2019-07-13,2019-07-13
3103,PANTANO EL VADO,GUADALAJARA,910.0,2020,366,0,0,0,0,0,-4.7,2020-01-12,19.3,2020-08-08,16.7,,
3103,PANTANO EL VADO,GUADALAJARA,910.0,2021,365,0,0,0,0,0,-8.8,2021-01-11,19.8,2021-08-14,15.4,,
3103,PANTANO EL VADO,GUADALAJARA,910.0,2022,345,1,1,0,0,1,-4.6,2022-01-15,20.2,2022-08-10,17.4,2022-08-10,2022-08-10
3103,PANTANO EL VADO,GUADALAJARA,910.0,2023,364,1,1,0,0,1,-6.9,2023-03-02,20.3,2023-07-19,17.4,2023-07-19,2023-07-19
3103,PANTANO EL VADO,GUADALAJARA,910.0,2024,365,0,0,0,0,0,-4.8,2024-01-12,19.3,2024-07-25,17.3,,
3103,PANTANO EL VADO,GUADALAJARA,910.0,2025,355,2,2,0,0,1,-5.0,2025-01-19,20.3,2025-06-30,17.2,2025-06-30,2025-08-12
3104Y,RASCAFRÍA,MADRID,1159.0,2017,341,0,0,0,0,0,-11.5,2017-01-19,15.8,2017-06-19,11.7,,
3104Y,RASCAFRÍA,MADRID,1159.0,2018,365,0,0,0,0,0,-10.8,2018-02-08,13.1,2018-08-04,10.3,,
3104Y,RASCAFRÍA,MADRID,1159.0,2019,363,0,0,0,0,0,-8.0,2019-01-11,16.6,2019-07-13,11.9,,
3104Y,RASCAFRÍA,MADRID,1159.0,2020,366,0,0,0,0,0,-8.1,2020-01-20,13.8,2020-08-10,11.4,,
3104Y,RASCAFRÍA,MADRID,1159.0,2021,364,0,0,0,0,0,-12.9,2021-01-11,13.7,2021-08-04,10.9,,
3104Y,RASCAFRÍA,MADRID,1159.0,2022,365,0,0,0,0,0,-9.0,2022-01-15,15.6,2022-08-10,12.1,,
3104Y,RASCAFRÍA,MADRID,1159.0,2023,358,0,0,0,0,0,-8.8,2023-01-30,15.0,2023-07-19,11.8,,
3104Y,RASCAFRÍA,MADRID,1159.0,2024,359,0,0,0,0,0,-7.0,2024-01-12,14.5,2024-08-29,11.9,,
3104Y,RASCAFRÍA,MADRID,1159.0,2025,364,0,0,0,0,0,-8.9,2025-01-14,13.8,2025-07-19,11.7,,
3110C,BUITRAGO DEL LOZOYA,MADRID,1030.0,2017,319,0,0,0,0,0,-11.1,2017-01-19,19.1,2017-08-04,14.0,,
3110C,BUITRAGO DEL LOZOYA,MADRID,1030.0,2021,362,0,0,0,0,0,-11.3,2021-01-12,17.6,2021-08-14,13.3,,
3110C,BUITRAGO DEL LOZOYA,MADRID,1030.0,2023,365,0,0,0,0,0,-7.1,2023-01-30,18.3,2023-08-12,15.5,,
3110C,BUITRAGO DEL LOZOYA,MADRID,1030.0,2024,358,0,0,0,0,0,-6.1,2024-01-12,17.3,2024-08-29,15.2,,
3110C,BUITRAGO DEL LOZOYA,MADRID,1030.0,2025,360,0,0,0,0,0,-8.2,2025-01-14,18.2,2025-08-12,15.1,,
3111D,SOMOSIERRA,MADRID,1454.0,2017,365,0,0,0,0,0,-10.7,2017-01-18,18.3,2017-06-17,15.7,,
3111D,SOMOSIERRA,MADRID,1454.0,2019,320,0,0,0,0,0,-5.7,2019-04-04,19.0,2019-06-27,15.2,,
3111D,SOMOSIERRA,MADRID,1454.0,2022,362,1,1,0,0,1,-7.5,2022-04-04,20.1,2022-07-14,17.1,2022-07-14,2022-07-14
3111D,SOMOSIERRA,MADRID,1454.0,2023,364,1,1,0,0,1,-8.7,2023-02-27,20.3,2023-08-09,15.6,2023-08-09,2023-08-09
3111D,SOMOSIERRA,MADRID,1454.0,2024,358,0,0,0,0,0,-8.0,2024-01-12,18.8,2024-08-10,16.2,,
3111D,SOMOSIERRA,MADRID,1454.0,2025,363,1,1,0,0,1,-6.4,2025-03-15,20.4,2025-08-10,16.5,2025-08-10,2025-08-10
3125Y,SAN SEBASTIÁN DE LOS REYES,MADRID,672.0,2019,326,24,24,0,9,10,-3.0,2019-02-04,23.0,2019-07-21,20.9,2019-06-24,2019-08-19
3125Y,SAN SEBASTIÁN DE LOS REYES,MADRID,672.0,2020,364,27,27,0,8,10,-3.6,2020-01-12,23.5,2020-08-08,20.6,2020-06-23,2020-08-10
3125Y,SAN SEBASTIÁN DE LOS REYES,MADRID,672.0,2021,347,13,13,0,4,5,-9.6,2021-01-12,24.0,2021-08-14,19.5,2021-07-18,2021-08-23
3125Y,SAN SEBASTIÁN DE LOS REYES,MADRID,672.0,2022,318,30,29,0,9,16,-1.7,2022-01-13,24.5,2022-06-16,21.4,2022-06-11,2022-09-12
3125Y,SAN SEBASTIÁN DE LOS REYES,MADRID,672.0,2023,365,30,30,0,11,6,-4.2,2023-01-31,25.0,2023-07-19,21.3,2023-06-25,2023-08-25
3125Y,SAN SEBASTIÁN DE LOS REYES,MADRID,672.0,2024,364,30,29,1,16,10,-2.4,2024-12-21,25.1,2024-07-25,21.3,2024-07-05,2024-09-01
3125Y,SAN SEBASTIÁN DE LOS REYES,MADRID,672.0,2025,364,32,32,0,10,16,-4.3,2025-01-15,24.0,2025-06-30,21.2,2025-06-17,2025-08-27
3126Y,"MADRID, EL GOLOSO",MADRID,740.0,2017,362,8,8,0,1,2,-6.1,2017-01-18,22.2,2017-06-17,19.3,2017-06-15,2017-08-19
3126Y,"MADRID, EL GOLOSO",MADRID,740.0,2018,340,4,4,0,0,2,-6.3,2018-02-08,21.7,2018-08-03,18.8,2018-08-02,2018-08-11
3126Y,"MADRID, EL GOLOSO",MADRID,740.0,2019,363,14,14,0,1,4,-5.1,2019-01-06,22.1,2019-07-13,19.2,2019-06-27,2019-08-01
3126Y,"MADRID, EL GOLOSO",MADRID,740.0,2020,359,8,8,0,0,5,-5.6,2020-01-12,21.7,2020-08-08,19.1,2020-07-08,2020-08-10
3126Y,"MADRID, EL GOLOSO",MADRID,740.0,2021,355,7,7,0,1,5,-12.9,2021-01-12,22.6,2021-08-14,18.3,2021-07-11,2021-08-23
3126Y,"MADRID, EL GOLOSO",MADRID,740.0,2022,364,28,28,0,4,8,-5.1,2022-01-15,23.9,2022-06-16,20.4,2022-06-14,2022-08-29
3126Y,"MADRID, EL GOLOSO",MADRID,740.0,2023,365,17,17,0,3,5,-6.9,2023-02-28,22.3,2023-07-19,19.8,2023-06-27,2023-08-25
3126Y,"MADRID, EL GOLOSO",MADRID,740.0,2024,366,19,19,0,3,8,-3.7,2024-12-21,23.7,2024-07-25,20.0,2024-07-23,2024-08-22
3126Y,"MADRID, EL GOLOSO",MADRID,740.0,2025,365,12,12,0,2,4,-5.0,2025-01-15,22.6,2025-08-12,19.5,2025-06-29,2025-08-12
3129,MADRID AEROPUERTO,MADRID,609.0,2017,365,22,22,0,4,6,-5.6,2017-12-06,23.5,2017-07-19,20.3,2017-06-12,2017-08-23
3129,MADRID AEROPUERTO,MADRID,609.0,2018,365,13,11,0,3,4,-5.5,2018-02-24,22.6,2018-08-07,19.1,2018-06-27,2018-09-03
3129,MADRID AEROPUERTO,MADRID,609.0,2019,365,22,22,0,8,8,-5.7,2019-01-06,23.9,2019-07-23,20.8,2019-06-26,2019-08-19
3129,MADRID AEROPUERTO,MADRID,609.0,2020,366,20,20,0,6,5,-5.0,2020-01-12,24.0,2020-08-10,20.3,2020-06-24,2020-08-10
3129,MADRID AEROPUERTO,MADRID,609.0,2021,365,6,6,0,2,3,-13.4,2021-01-12,22.7,2021-08-14,18.6,2021-07-04,2021-08-23
3129,MADRID AEROPUERTO,MADRID,609.0,2022,365,39,38,0,12,10,-5.3,2022-01-19,25.0,2022-08-10,21.3,2022-06-14,2022-09-12
3129,MADRID AEROPUERTO,MADRID,609.0,2023,365,22,21,1,10,6,-5.9,2023-02-28,25.3,2023-07-19,20.6,2023-06-27,2023-09-08
3129,MADRID AEROPUERTO,MADRID,609.0,2024,366,25,25,0,9,11,-3.3,2024-01-12,23.5,2024-07-28,20.8,2024-06-26,2024-08-26
3129,MADRID AEROPUERTO,MADRID,609.0,2025,365,27,26,0,5,6,-7.1,2025-01-15,24.4,2025-08-12,20.4,2025-06-17,2025-09-07
3130C,SIGÜENZA,GUADALAJARA,1005.0,2018,343,0,0,0,0,0,-14.4,2018-01-09,16.3,2018-07-08,12.9,,
3130C,SIGÜENZA,GUADALAJARA,1005.0,2019,351,0,0,0,0,0,-10.4,2019-01-04,17.5,2019-06-26,13.9,,
3130C,SIGÜENZA,GUADALAJARA,1005.0,2020,355,0,0,0,0,0,-10.8,2020-01-12,17.4,2020-08-08,13.5,,
3130C,SIGÜENZA,GUADALAJARA,1005.0,2021,350,0,0,0,0,0,-16.8,2021-01-12,16.3,2021-08-11,12.5,,
3130C,SIGÜENZA,GUADALAJARA,1005.0,2022,329,0,0,0,0,0,-11.1,2022-01-29,19.7,2022-08-10,14.4,,
3130C,SIGÜENZA,GUADALAJARA,1005.0,2023,364,0,0,0,0,0,-10.7,2023-03-01,15.9,2023-07-19,14.0,,
3130C,SIGÜENZA,GUADALAJARA,1005.0,2024,351,0,0,0,0,0,-8.0,2024-12-29,17.2,2024-07-25,14.6,,
3130C,SIGÜENZA,GUADALAJARA,1005.0,2025,354,0,0,0,0,0,-10.5,2025-01-14,17.4,2025-06-22,14.4,,
3140Y,MANDAYONA,GUADALAJARA,990.0,2018,351,0,0,0,0,0,-8.3,2018-02-08,19.7,2018-08-07,15.9,,
3140Y,MANDAYONA,GUADALAJARA,990.0,2020,359,3,3,0,1,1,-5.1,2020-01-12,22.6,2020-07-28,16.9,2020-07-28,2020-08-10
3140Y,MANDAYONA,GUADALAJARA,990.0,2021,360,2,1,0,1,1,-10.3,2021-01-12,23.7,2021-08-14,16.2,2021-08-14,2021-09-07
3140Y,MANDAYONA,GUADALAJARA,990.0,2022,364,8,8,0,0,4,-6.0,2022-04-04,22.0,2022-08-03,18.9,2022-07-13,2022-08-10
3140Y,MANDAYONA,GUADALAJARA,990.0,2023,365,9,9,0,3,5,-7.9,2023-03-01,23.7,2023-07-18,17.0,2023-07-11,2023-08-25
3140Y,MANDAYONA,GUADALAJARA,990.0,2024,366,1,1,0,0,1,-5.5,2024-01-12,20.9,2024-08-10,17.6,2024-08-10,2024-08-10
3140Y,MANDAYONA,GUADALAJARA,990.0,2025,365,1,1,0,0,1,-7.5,2025-01-14,20.8,2025-08-11,18.2,2025-08-11,2025-08-11
3168D,GUADALAJARA,GUADALAJARA,727.0,2017,365,28,28,0,4,4,-5.4,2017-01-18,23.7,2017-06-17,21.2,2017-06-12,2017-08-27
3168D,GUADALAJARA,GUADALAJARA,727.0,2018,365,11,11,0,3,6,-5.3,2018-02-08,23.6,2018-08-07,19.4,2018-06-26,2018-08-28
3168D,GUADALAJARA,GUADALAJARA,727.0,2019,365,19,19,0,5,7,-3.8,2019-02-04,22.7,2019-07-23,20.2,2019-06-26,2019-08-09
3168D,GUADALAJARA,GUADALAJARA,727.0,2020,366,17,17,0,5,6,-3.8,2020-01-12,24.7,2020-07-28,19.5,2020-06-24,2020-08-10
3168D,GUADALAJARA,GUADALAJARA,727.0,2021,365,12,11,0,2,2,-10.6,2021-01-12,24.3,2021-08-14,18.9,2021-07-18,2021-09-07
3168D,GUADALAJARA,GUADALAJARA,727.0,2022,364,36,36,0,16,14,-3.8,2022-01-16,24.9,2022-08-10,21.7,2022-06-13,2022-08-29
3168D,GUADALAJARA,GUADALAJARA,727.0,2023,365,24,24,2,7,7,-5.6,2023-02-28,26.3,2023-07-18,20.6,2023-06-27,2023-08-26
3168D,GUADALAJARA,GUADALAJARA,727.0,2024,365,24,24,0,10,9,-2.8,2024-01-12,24.5,2024-08-09,20.7,2024-07-05,2024-08-27
3168D,GUADALAJARA,GUADALAJARA,727.0,2025,363,30,29,0,5,10,-4.4,2025-01-15,22.8,2025-07-01,21.1,2025-06-19,2025-09-07
3170Y,ALCALA DE HENARES,MADRID,605.0,2018,365,6,6,0,0,1,-6.9,2018-02-24,21.2,2018-08-03,18.0,2018-06-27,2018-08-16
3170Y,ALCALA DE HENARES,MADRID,605.0,2019,352,15,15,0,3,5,-7.1,2019-01-06,24.1,2019-07-25,19.2,2019-06-26,2019-08-07
3170Y,ALCALA DE HENARES,MADRID,605.0,2020,331,7,7,0,2,3,-5.7,2020-01-13,23.5,2020-07-28,18.6,2020-07-27,2020-08-10
3170Y,ALCALA DE HENARES,MADRID,605.0,2021,364,2,2,0,0,1,-14.3,2021-01-12,20.8,2021-08-14,17.7,2021-08-14,2021-08-23
3170Y,ALCALA DE HENARES,MADRID,605.0,2022,364,24,24,0,4,4,-5.4,2022-01-16,24.6,2022-08-10,20.5,2022-06-15,2022-08-29
3170Y,ALCALA DE HENARES,MADRID,605.0,2023,365,10,10,1,3,4,-8.1,2023-03-01,25.4,2023-07-18,19.1,2023-07-06,2023-08-24
3170Y,ALCALA DE HENARES,MADRID,605.0,2024,365,14,14,0,1,8,-6.1,2024-12-21,24.2,2024-08-12,19.5,2024-07-24,2024-08-29
3170Y,ALCALA DE HENARES,MADRID,605.0,2025,365,7,6,0,0,1,-8.8,2025-01-15,21.4,2025-08-27,19.1,2025-06-24,2025-09-07
3175,TORREJÓN DE ARDOZ,MADRID,607.0,2017,365,21,21,0,2,6,-7.2,2017-01-18,22.9,2017-06-19,20.2,2017-06-15,2017-08-27
3175,TORREJÓN DE ARDOZ,MADRID,607.0,2018,365,7,7,0,0,1,-6.5,2018-02-24,21.7,2018-08-03,19.1,2018-06-27,2018-08-16
3175,TORREJÓN DE ARDOZ,MADRID,607.0,2019,365,18,18,0,2,8,-5.9,2019-01-06,22.4,2019-07-21,20.0,2019-06-24,2019-08-09
3175,TORREJÓN DE ARDOZ,MADRID,607.0,2020,366,11,11,0,1,3,-5.8,2020-12-27,23.5,2020-08-10,18.8,2020-06-24,2020-08-10
3175,TORREJÓN DE ARDOZ,MADRID,607.0,2021,360,4,4,0,0,2,-13.7,2021-01-12,21.7,2021-08-14,17.4,2021-08-11,2021-08-23
3175,TORREJÓN DE ARDOZ,MADRID,607.0,2022,363,24,24,0,5,8,-6.0,2022-01-29,24.2,2022-06-16,20.4,2022-06-16,2022-08-29
3175,TORREJÓN DE ARDOZ,MADRID,607.0,2023,364,11,11,0,2,3,-7.4,2023-03-01,23.1,2023-07-19,18.7,2023-07-03,2023-08-24
3175,TORREJÓN DE ARDOZ,MADRID,607.0,2024,363,15,15,0,1,7,-4.3,2024-12-21,22.1,2024-07-29,19.5,2024-07-24,2024-08-22
3175,TORREJÓN DE ARDOZ,MADRID,607.0,2025,361,10,10,0,0,2,-7.8,2025-01-15,21.7,2025-06-24,19.2,2025-06-24,2025-08-27
3182Y,ARGANDA DEL REY,MADRID,533.0,2017,364,25,25,0,7,9,-5.8,2017-01-18,23.2,2017-06-19,21.1,2017-06-11,2017-08-27
3182Y,ARGANDA DEL REY,MADRID,533.0,2018,334,17,15,0,3,3,-6.0,2018-02-24,23.5,2018-08-05,20.0,2018-06-26,2018-09-03
3182Y,ARGANDA DEL REY,MADRID,533.0,2019,364,26,26,0,11,8,-6.9,2019-01-07,23.6,2019-07-21,21.3,2019-06-24,2019-08-25
3182Y,ARGANDA DEL REY,MADRID,533.0,2020,322,2,2,0,0,1,-4.8,2020-12-27,21.2,2020-07-07,16.9,2020-07-07,2020-08-24
3182Y,ARGANDA DEL REY,MADRID,533.0,2021,308,9,8,0,2,2,-15.8,2021-01-12,23.4,2021-08-14,19.1,2021-07-22,2021-09-06
3182Y,ARGANDA DEL REY,MADRID,533.0,2022,363,43,42,1,23,10,-5.1,2022-01-19,25.2,2022-08-10,22.4,2022-06-11,2022-09-12
3182Y,ARGANDA DEL REY,MADRID,533.0,2023,344,25,24,0,5,4,-5.6,2023-03-02,23.9,2023-08-22,20.5,2023-06-26,2023-09-07
3182Y,ARGANDA DEL REY,MADRID,533.0,2024,366,27,26,0,11,7,-5.3,2024-12-15,24.8,2024-08-10,21.1,2024-06-26,2024-09-01
3182Y,ARGANDA DEL REY,MADRID,533.0,2025,363,29,28,0,9,7,-8.5,2025-01-15,24.5,2025-06-30,20.8,2025-06-17,2025-09-19
3191E,COLMENAR VIEJO,MADRID,1004.0,2017,365,36,36,0,8,8,-6.3,2017-01-18,24.3,2017-08-05,21.0,2017-06-11,2017-08-26
3191E,COLMENAR VIEJO,MADRID,1004.0,2018,365,14,14,0,4,7,-4.0,2018-02-23,24.2,2018-08-03,19.7,2018-06-24,2018-08-28
3191E,COLMENAR VIEJO,MADRID,1004.0,2019,365,22,22,0,5,7,-2.5,2019-01-11,23.8,2019-06-30,20.5,2019-06-27,2019-08-18
3191E,COLMENAR VIEJO,MADRID,1004.0,2020,365,26,26,0,11,10,-2.2,2020-12-27,23.5,2020-08-09,20.8,2020-06-24,2020-08-27
3191E,COLMENAR VIEJO,MADRID,1004.0,2021,365,17,16,2,6,6,-5.4,2021-01-11,26.6,2021-08-14,20.0,2021-07-11,2021-09-06
3191E,COLMENAR VIEJO,MADRID,1004.0,2022,365,47,47,2,21,16,-2.6,2022-04-03,26.7,2022-07-14,22.2,2022-06-11,2022-08-30
3191E,COLMENAR VIEJO,MADRID,1004.0,2023,365,34,34,0,15,18,-4.7,2023-02-28,24.6,2023-08-22,21.4,2023-06-25,2023-08-25
3191E,COLMENAR VIEJO,MADRID,1004.0,2024,366,31,31,1,16,11,-1.8,2024-01-12,25.5,2024-07-25,21.6,2024-07-05,2024-08-28
3191E,COLMENAR VIEJO,MADRID,1004.0,2025,363,40,38,0,20,16,-7.0,2025-01-19,24.7,2025-06-30,22.2,2025-06-15,2025-09-19
3194U,"MADRID, CIUDAD UNIVERSITARIA",MADRID,664.0,2017,354,27,26,0,8,6,-4.5,2017-12-06,24.8,2017-06-17,21.2,2017-06-11,2017-09-06
3194U,"MADRID, CIUDAD UNIVERSITARIA",MADRID,664.0,2018,361,22,19,0,4,4,-5.4,2018-02-23,23.4,2018-08-05,20.4,2018-06-23,2018-09-03
3194U,"MADRID, CIUDAD UNIVERSITARIA",MADRID,664.0,2019,310,18,18,0,7,5,-4.7,2019-01-11,24.5,2019-07-23,20.4,2019-07-03,2019-08-25
3194Y,POZUELO DE ALARCÓN,MADRID,665.0,2017,364,15,15,0,3,2,-6.8,2017-12-03,24.3,2017-06-17,19.4,2017-06-12,2017-08-22
3194Y,POZUELO DE ALARCÓN,MADRID,665.0,2018,365,9,8,0,0,3,-7.1,2018-02-24,21.3,2018-08-11,19.1,2018-06-23,2018-09-01
3194Y,POZUELO DE ALARCÓN,MADRID,665.0,2019,352,18,18,0,6,4,-6.6,2019-01-11,23.1,2019-07-13,20.0,2019-06-26,2019-08-25
3194Y,POZUELO DE ALARCÓN,MADRID,665.0,2020,366,14,14,0,1,4,-6.2,2020-01-12,23.3,2020-07-30,19.6,2020-06-25,2020-08-10
3194Y,POZUELO DE ALARCÓN,MADRID,665.0,2021,363,4,4,0,1,1,-12.6,2021-01-12,22.9,2021-08-23,17.9,2021-08-09,2021-08-23
3194Y,POZUELO DE ALARCÓN,MADRID,665.0,2022,351,23,22,2,6,6,-5.4,2022-01-19,25.2,2022-06-16,20.5,2022-06-11,2022-09-12
3194Y,POZUELO DE ALARCÓN,MADRID,665.0,2023,365,9,9,0,2,2,-7.5,2023-03-01,22.7,2023-06-27,19.3,2023-06-27,2023-08-23
3194Y,POZUELO DE ALARCÓN,MADRID,665.0,2024,366,19,18,0,10,7,-4.3,2024-12-21,24.5,2024-08-11,20.3,2024-07-24,2024-09-01
3194Y,POZUELO DE ALARCÓN,MADRID,665.0,2025,365,19,18,0,7,4,-7.5,2025-01-15,23.6,2025-06-30,20.2,2025-06-23,2025-09-07
3195,"MADRID, RETIRO",MADRID,667.0,2017,363,53,52,2,31,16,-3.0,2017-01-18,25.5,2017-06-17,22.8,2017-06-09,2017-09-06
3195,"MADRID, RETIRO",MADRID,667.0,2018,365,48,43,1,14,11,-1.9,2018-02-09,25.9,2018-08-03,21.7,2018-06-20,2018-09-23
3195,"MADRID, RETIRO",MADRID,667.0,2019,365,45,44,0,22,16,-1.8,2019-01-11,25.0,2019-06-30,22.4,2019-06-03,2019-09-01
3195,"MADRID, RETIRO",MADRID,667.0,2020,366,41,41,2,17,11,-1.3,2020-12-27,25.4,2020-08-08,21.8,2020-06-23,2020-08-27
3195,"MADRID, RETIRO",MADRID,667.0,2021,363,31,29,1,12,8,-7.4,2021-01-12,26.1,2021-08-14,21.1,2021-06-10,2021-09-07
3195,"MADRID, RETIRO",MADRID,667.0,2022,355,58,55,8,39,25,-0.5,2022-01-16,26.2,2022-07-14,23.7,2022-06-11,2022-09-12
3195,"MADRID, RETIRO",MADRID,667.0,2023,365,51,50,2,25,12,-1.8,2023-01-23,25.7,2023-08-23,22.4,2023-06-17,2023-09-08
3195,"MADRID, RETIRO",MADRID,667.0,2024,358,50,47,8,26,22,-0.8,2024-01-08,25.7,2024-08-10,22.9,2024-06-07,2024-09-03
3196,"MADRID, CUATRO VIENTOS",MADRID,690.0,2017,365,42,41,1,21,11,-3.0,2017-01-18,25.6,2017-08-05,22.4,2017-06-11,2017-09-06
3196,"MADRID, CUATRO VIENTOS",MADRID,690.0,2018,365,35,32,1,10,9,-3.0,2018-02-09,25.1,2018-08-03,21.0,2018-06-20,2018-09-03
3196,"MADRID, CUATRO VIENTOS",MADRID,690.0,2019,365,38,38,0,16,11,-3.4,2019-01-11,25.0,2019-06-30,22.0,2019-06-24,2019-08-25
3196,"MADRID, CUATRO VIENTOS",MADRID,690.0,2020,364,36,36,0,17,13,-2.8,2020-12-27,25.0,2020-08-07,21.7,2020-06-23,2020-08-27
3196,"MADRID, CUATRO VIENTOS",MADRID,690.0,2021,365,31,29,1,11,8,-13.0,2021-01-12,25.4,2021-08-14,20.7,2021-06-10,2021-09-07
3196,"MADRID, CUATRO VIENTOS",MADRID,690.0,2022,365,57,56,6,36,35,-1.5,2022-01-16,27.4,2022-07-14,24.0,2022-06-11,2022-09-12
3196,"MADRID, CUATRO VIENTOS",MADRID,690.0,2023,365,43,43,1,19,7,-4.0,2023-03-01,25.1,2023-07-19,22.2,2023-06-17,2023-08-25
3196,"MADRID, CUATRO VIENTOS",MADRID,690.0,2024,366,42,42,2,23,22,-1.5,2024-12-15,25.7,2024-07-25,22.7,2024-06-07,2024-08-28
3196,"MADRID, CUATRO VIENTOS",MADRID,690.0,2025,365,47,44,0,22,16,-3.0,2025-01-15,25.0,2025-06-30,22.4,2025-05-30,2025-09-19
3200,GETAFE,MADRID,620.0,2017,365,52,50,2,21,14,-4.0,2017-01-01,26.0,2017-08-05,22.4,2017-06-11,2017-09-06
3200,GETAFE,MADRID,620.0,2018,365,41,37,1,12,9,-3.4,2018-02-24,25.2,2018-08-03,21.4,2018-06-21,2018-09-24
3200,GETAFE,MADRID,620.0,2019,365,45,44,0,20,16,-3.0,2019-01-11,24.8,2019-06-29,22.4,2019-06-24,2019-09-04
3200,GETAFE,MADRID,620.0,2020,366,50,48,0,25,12,-2.8,2020-01-13,24.6,2020-08-06,22.6,2020-06-22,2020-09-14
3200,GETAFE,MADRID,620.0,2021,365,36,34,1,10,8,-12.0,2021-01-12,26.6,2021-08-14,21.4,2021-06-09,2021-09-07
3200,GETAFE,MADRID,620.0,2022,365,64,61,7,41,35,-2.6,2022-01-16,26.6,2022-07-14,24.0,2022-06-08,2022-09-12
3200,GETAFE,MADRID,620.0,2023,365,51,51,6,28,12,-3.8,2023-01-31,26.2,2023-08-22,22.8,2023-06-18,2023-08-26
3200,GETAFE,MADRID,620.0,2024,366,50,48,3,25,22,-3.8,2024-12-15,26.8,2024-07-25,23.0,2024-06-06,2024-09-02
3200,GETAFE,MADRID,620.0,2025,365,46,45,3,29,16,-4.5,2025-01-15,27.3,2025-08-12,23.0,2025-06-16,2025-09-19
3209Y,BRIHUEGA,GUADALAJARA,835.0,2017,341,0,0,0,0,0,-8.0,2017-01-19,19.6,2017-07-17,16.8,,
3209Y,BRIHUEGA,GUADALAJARA,835.0,2018,365,0,0,0,0,0,-8.9,2018-02-08,18.8,2018-08-04,15.6,,
3209Y,BRIHUEGA,GUADALAJARA,835.0,2019,362,0,0,0,0,0,-5.9,2019-02-04,19.9,2019-06-30,16.5,,
3209Y,BRIHUEGA,GUADALAJARA,835.0,2020,366,1,1,0,0,1,-6.3,2020-01-12,20.2,2020-07-28,16.1,2020-07-28,2020-07-28
3209Y,BRIHUEGA,GUADALAJARA,835.0,2021,365,1,1,0,0,1,-11.5,2021-01-12,20.9,2021-08-14,15.7,2021-08-14,2021-08-14
3209Y,BRIHUEGA,GUADALAJARA,835.0,2022,363,2,2,0,0,1,-6.0,2022-01-14,21.0,2022-08-10,18.0,2022-08-03,2022-08-10
3209Y,BRIHUEGA,GUADALAJARA,835.0,2023,364,2,2,0,0,1,-9.1,2023-03-01,20.7,2023-07-18,17.3,2023-07-18,2023-08-10
3209Y,BRIHUEGA,GUADALAJARA,835.0,2024,363,0,0,0,0,0,-5.5,2024-01-12,19.0,2024-07-25,17.1,,
3209Y,BRIHUEGA,GUADALAJARA,835.0,2025,364,0,0,0,0,0,-6.5,2025-01-15,19.2,2025-08-12,17.0,,
3229Y,TIELMES,MADRID,594.0,2017,365,22,22,0,4,5,-8.5,2017-01-18,22.7,2017-07-18,20.3,2017-06-12,2017-08-27
3229Y,TIELMES,MADRID,594.0,2018,363,12,11,0,1,2,-7.2,2018-02-23,22.5,2018-08-12,18.9,2018-06-26,2018-09-03
3229Y,TIELMES,MADRID,594.0,2019,363,22,22,0,10,8,-7.7,2019-01-11,24.8,2019-06-30,20.2,2019-06-24,2019-08-20
3229Y,TIELMES,MADRID,594.0,2020,355,12,12,0,2,3,-5.1,2020-01-13,23.1,2020-07-30,19.7,2020-06-24,2020-08-10
3229Y,TIELMES,MADRID,594.0,2021,342,8,8,0,1,2,-12.5,2021-01-12,22.4,2021-08-14,18.9,2021-06-16,2021-08-23
3229Y,TIELMES,MADRID,594.0,2022,363,32,31,1,11,5,-5.4,2022-01-16,25.2,2022-06-16,21.3,2022-06-12,2022-09-12
3229Y,TIELMES,MADRID,594.0,2023,364,17,17,0,3,4,-7.4,2023-02-28,24.0,2023-07-18,19.9,2023-06-26,2023-08-26
3229Y,TIELMES,MADRID,594.0,2024,366,21,21,0,9,5,-4.8,2024-01-08,24.9,2024-08-10,20.4,2024-06-07,2024-08-31
3229Y,TIELMES,MADRID,594.0,2025,365,23,23,0,6,6,-7.6,2025-01-15,22.9,2025-07-03,20.6,2025-06-01,2025-08-27
3245Y,TEMBLEQUE,TOLEDO,635.0,2017,365,18,18,0,2,5,-7.7,2017-12-06,22.9,2017-06-17,19.8,2017-06-11,2017-08-27
3245Y,TEMBLEQUE,TOLEDO,635.0,2018,365,8,6,0,1,2,-8.7,2018-02-24,22.7,2018-08-02,19.0,2018-06-25,2018-09-03
3245Y,TEMBLEQUE,TOLEDO,635.0,2019,364,14,14,0,3,5,-9.0,2019-01-06,22.9,2019-07-22,19.7,2019-06-27,2019-08-30
3245Y,TEMBLEQUE,TOLEDO,635.0,2020,366,8,8,0,3,2,-7.1,2020-01-13,22.7,2020-07-27,19.0,2020-07-08,2020-08-07
3245Y,TEMBLEQUE,TOLEDO,635.0,2021,351,9,8,0,3,3,-13.6,2021-01-12,23.0,2021-08-12,18.2,2021-06-15,2021-09-06
3245Y,TEMBLEQUE,TOLEDO,635.0,2022,334,16,15,0,9,5,-8.9,2022-01-29,23.3,2022-08-10,20.0,2022-06-18,2022-09-12
3245Y,TEMBLEQUE,TOLEDO,635.0,2023,364,16,16,0,1,3,-9.4,2023-01-31,22.9,2023-08-22,19.6,2023-06-26,2023-08-26
3245Y,TEMBLEQUE,TOLEDO,635.0,2024,366,15,15,0,6,3,-7.9,2024-12-30,23.9,2024-08-12,18.8,2024-06-27,2024-08-31
3245Y,TEMBLEQUE,TOLEDO,635.0,2025,358,17,16,0,6,4,-10.7,2025-01-15,23.8,2025-07-04,19.9,2025-06-21,2025-09-19
3254Y,MORA,TOLEDO,717.0,2017,349,39,38,0,13,7,-7.0,2017-01-18,24.9,2017-07-14,21.8,2017-05-26,2017-08-27
3254Y,MORA,TOLEDO,717.0,2019,361,31,30,0,8,11,-6.6,2019-01-11,23.6,2019-07-21,21.0,2019-06-26,2019-09-01
3254Y,MORA,TOLEDO,717.0,2020,360,31,31,0,10,8,-3.7,2020-12-26,24.6,2020-08-01,21.5,2020-06-29,2020-08-27
3254Y,MORA,TOLEDO,717.0,2021,365,22,21,2,10,7,-11.0,2021-01-12,26.5,2021-08-14,20.6,2021-06-15,2021-09-06
3254Y,MORA,TOLEDO,717.0,2022,354,53,51,1,29,16,-4.0,2022-01-29,25.3,2022-07-25,22.8,2022-06-11,2022-09-12
3254Y,MORA,TOLEDO,717.0,2023,365,50,50,4,19,20,-5.4,2023-01-25,26.4,2023-08-09,22.2,2023-06-17,2023-08-26
3254Y,MORA,TOLEDO,717.0,2024,366,42,41,0,22,21,-3.1,2024-12-31,24.9,2024-07-25,22.3,2024-06-07,2024-09-02
3254Y,MORA,TOLEDO,717.0,2025,364,49,47,0,20,18,-5.2,2025-01-14,24.4,2025-08-06,22.4,2025-05-31,2025-09-19
3260B,TOLEDO,TOLEDO,513.0,2017,365,49,49,1,26,14,-4.5,2017-01-18,25.8,2017-08-05,22.5,2017-06-09,2017-08-27
3260B,TOLEDO,TOLEDO,513.0,2018,365,38,35,0,7,8,-4.9,2018-02-24,23.8,2018-08-02,20.9,2018-06-21,2018-09-03
3260B,TOLEDO,TOLEDO,513.0,2019,361,44,43,0,15,15,-4.4,2019-01-07,25.0,2019-06-30,21.9,2019-06-18,2019-09-01
3260B,TOLEDO,TOLEDO,513.0,2020,366,41,41,0,18,12,-3.2,2020-01-12,24.3,2020-08-01,21.9,2020-06-23,2020-08-28
3260B,TOLEDO,TOLEDO,513.0,2021,357,28,27,1,9,7,-13.4,2021-01-12,25.5,2021-08-14,21.4,2021-06-16,2021-09-06
3260B,TOLEDO,TOLEDO,513.0,2022,357,58,57,1,37,24,-4.0,2022-01-19,25.1,2022-07-17,23.6,2022-06-11,2022-09-12
3260B,TOLEDO,TOLEDO,513.0,2023,365,51,49,3,22,11,-4.8,2023-01-31,26.4,2023-07-19,22.4,2023-06-17,2023-09-09
3260B,TOLEDO,TOLEDO,513.0,2024,366,49,48,0,24,21,-2.7,2024-12-15,24.7,2024-07-30,22.8,2024-06-07,2024-09-01
3260B,TOLEDO,TOLEDO,513.0,2025,364,51,49,1,31,16,-5.7,2025-01-15,25.4,2025-08-18,22.7,2025-06-10,2025-09-19
3266A,PUERTO ALTO DEL LEÓN,MADRID,1530.0,2017,362,1,1,0,0,1,-12.3,2017-01-18,21.4,2017-06-17,16.5,2017-06-17,2017-06-17
3266A,PUERTO ALTO DEL LEÓN,MADRID,1530.0,2018,361,1,1,0,0,1,-9.9,2018-02-08,21.7,2018-08-03,15.7,2018-08-03,2018-08-03
3266A,PUERTO ALTO DEL LEÓN,MADRID,1530.0,2019,354,1,1,0,0,1,-9.3,2019-01-11,21.6,2019-07-12,15.4,2019-07-12,2019-07-12
3266A,PUERTO ALTO DEL LEÓN,MADRID,1530.0,2020,364,0,0,0,0,0,-9.4,2020-01-20,20.0,2020-07-27,16.7,,
3266A,PUERTO ALTO DEL LEÓN,MADRID,1530.0,2021,354,2,2,0,0,1,-9.6,2021-01-11,21.4,2021-08-13,15.5,2021-08-13,2021-08-15
3266A,PUERTO ALTO DEL LEÓN,MADRID,1530.0,2023,360,4,4,0,0,2,-9.2,2023-03-01,21.4,2023-08-09,16.4,2023-07-18,2023-08-22
3266A,PUERTO ALTO DEL LEÓN,MADRID,1530.0,2024,366,3,3,0,0,2,-6.3,2024-01-19,21.8,2024-07-24,17.4,2024-07-24,2024-08-05
3266A,PUERTO ALTO DEL LEÓN,MADRID,1530.0,2025,364,5,5,0,0,3,-6.6,2025-01-13,21.7,2025-08-16,17.9,2025-08-05,2025-08-16
3268C,ALPEDRETE,MADRID,924.0,2017,355,21,21,0,3,3,-6.6,2017-01-18,23.8,2017-06-17,20.4,2017-06-12,2017-08-23
3268C,ALPEDRETE,MADRID,924.0,2019,364,17,17,0,3,5,-2.8,2019-01-12,22.2,2019-06-30,19.5,2019-06-27,2019-08-04
3268C,ALPEDRETE,MADRID,924.0,2020,363,15,15,0,4,4,-3.8,2020-01-14,23.2,2020-08-01,19.7,2020-06-23,2020-08-27
3268C,ALPEDRETE,MADRID,924.0,2021,354,9,9,0,1,6,-7.8,2021-01-12,23.0,2021-08-14,18.3,2021-07-22,2021-08-23
3268C,ALPEDRETE,MADRID,924.0,2022,365,29,28,0,13,10,-3.4,2022-01-15,24.3,2022-07-14,21.1,2022-06-12,2022-09-12
3268C,ALPEDRETE,MADRID,924.0,2023,364,18,18,0,4,6,-4.6,2023-01-30,22.9,2023-08-12,19.7,2023-06-27,2023-08-25
3268C,ALPEDRETE,MADRID,924.0,2024,366,22,22,0,9,9,-3.0,2024-01-12,24.3,2024-07-25,20.4,2024-07-20,2024-08-26
3268C,ALPEDRETE,MADRID,924.0,2025,365,22,22,0,4,6,-3.1,2025-01-14,23.2,2025-06-29,20.2,2025-06-23,2025-08-18
3298X,SAN PABLO DE LOS MONTES,TOLEDO,917.0,2017,350,41,39,2,21,7,-7.1,2017-01-18,25.9,2017-07-14,22.7,2017-06-11,2017-10-15
3298X,SAN PABLO DE LOS MONTES,TOLEDO,917.0,2018,362,19,17,1,7,7,-4.8,2018-02-08,25.4,2018-08-03,20.1,2018-06-23,2018-09-23
3298X,SAN PABLO DE LOS MONTES,TOLEDO,917.0,2020,358,27,27,1,18,8,-3.4,2020-12-26,25.5,2020-07-27,22.0,2020-06-24,2020-08-27
3305Y,NAVAHERMOSA,TOLEDO,750.0,2017,365,35,33,1,14,7,-6.3,2017-01-19,25.7,2017-06-17,21.7,2017-05-26,2017-09-14
3305Y,NAVAHERMOSA,TOLEDO,750.0,2018,337,19,17,0,5,6,-4.6,2018-02-08,23.8,2018-08-03,20.3,2018-06-22,2018-09-03
3305Y,NAVAHERMOSA,TOLEDO,750.0,2019,361,21,21,0,9,4,-4.1,2019-01-11,24.9,2019-06-29,20.2,2019-06-03,2019-08-25
3305Y,NAVAHERMOSA,TOLEDO,750.0,2020,366,31,31,4,15,10,-4.0,2020-12-26,26.3,2020-08-07,21.4,2020-06-24,2020-08-28
3305Y,NAVAHERMOSA,TOLEDO,750.0,2021,363,21,20,2,6,6,-8.7,2021-01-12,25.7,2021-08-14,20.4,2021-06-16,2021-09-06
3305Y,NAVAHERMOSA,TOLEDO,750.0,2022,363,46,43,2,24,10,-4.8,2022-01-22,26.1,2022-07-22,22.5,2022-06-11,2022-10-27
3305Y,NAVAHERMOSA,TOLEDO,750.0,2024,366,35,34,1,19,11,-2.8,2024-01-08,25.7,2024-08-22,22.1,2024-07-03,2024-09-01
3305Y,NAVAHERMOSA,TOLEDO,750.0,2025,342,40,38,2,18,10,-5.2,2025-01-14,25.6,2025-08-17,22.1,2025-05-30,2025-09-19
3319D,PUERTO DEL PICO,AVILA,1285.0,2017,364,0,0,0,0,0,-15.9,2017-01-19,12.4,2017-06-19,9.5,,
3319D,PUERTO DEL PICO,AVILA,1285.0,2018,349,0,0,0,0,0,-14.7,2018-01-09,13.2,2018-08-04,8.3,,
3319D,PUERTO DEL PICO,AVILA,1285.0,2019,365,0,0,0,0,0,-10.4,2019-01-18,13.2,2019-07-22,9.5,,
3319D,PUERTO DEL PICO,AVILA,1285.0,2020,364,0,0,0,0,0,-9.4,2020-01-14,12.1,2020-09-17,9.3,,
3319D,PUERTO DEL PICO,AVILA,1285.0,2021,365,0,0,0,0,0,-16.5,2021-01-12,12.3,2021-08-14,9.2,,
3319D,PUERTO DEL PICO,AVILA,1285.0,2022,358,0,0,0,0,0,-11.7,2022-01-15,13.8,2022-09-12,10.2,,
3319D,PUERTO DEL PICO,AVILA,1285.0,2023,362,0,0,0,0,0,-11.9,2023-01-30,13.4,2023-07-18,10.1,,
3319D,PUERTO DEL PICO,AVILA,1285.0,2024,366,0,0,0,0,0,-10.7,2024-01-08,12.9,2024-07-29,9.7,,
3319D,PUERTO DEL PICO,AVILA,1285.0,2025,365,0,0,0,0,0,-12.3,2025-01-14,12.9,2025-06-24,10.2,,
3330Y,ROZAS DE PUERTO REAL,MADRID,890.0,2017,365,8,8,0,0,2,-6.1,2017-01-19,21.8,2017-06-17,18.5,2017-06-15,2017-08-23
3330Y,ROZAS DE PUERTO REAL,MADRID,890.0,2018,334,6,6,0,1,5,-4.8,2018-02-23,22.9,2018-08-03,17.6,2018-08-02,2018-08-28
3330Y,ROZAS DE PUERTO REAL,MADRID,890.0,2019,335,7,7,0,1,2,-1.0,2019-02-04,23.8,2019-07-12,18.9,2019-06-29,2019-07-25
3330Y,ROZAS DE PUERTO REAL,MADRID,890.0,2020,366,10,10,0,1,4,-2.8,2020-12-05,22.2,2020-07-24,18.8,2020-07-24,2020-08-27
3330Y,ROZAS DE PUERTO REAL,MADRID,890.0,2021,364,7,7,0,2,3,-5.0,2021-01-12,24.7,2021-08-14,17.7,2021-07-11,2021-08-23
3330Y,ROZAS DE PUERTO REAL,MADRID,890.0,2022,363,18,18,0,3,6,-2.2,2022-04-04,23.2,2022-07-14,19.9,2022-06-14,2022-08-24
3330Y,ROZAS DE PUERTO REAL,MADRID,890.0,2023,338,14,14,0,3,6,-4.0,2023-02-28,23.6,2023-07-18,19.7,2023-06-25,2023-08-25
3330Y,ROZAS DE PUERTO REAL,MADRID,890.0,2024,352,14,14,0,0,4,-2.7,2024-01-12,21.8,2024-08-09,19.7,2024-07-19,2024-08-28
3330Y,ROZAS DE PUERTO REAL,MADRID,890.0,2025,361,14,14,0,1,4,-2.3,2025-01-14,22.8,2025-08-17,19.4,2025-06-29,2025-08-17
3337U,CEBREROS,AVILA,850.0,2017,365,21,21,0,4,3,-5.6,2017-01-19,24.1,2017-08-05,20.2,2017-06-12,2017-08-23
3337U,CEBREROS,AVILA,850.0,2018,322,6,6,0,2,5,-4.2,2018-01-09,23.1,2018-08-03,18.6,2018-06-25,2018-08-05
3337U,CEBREROS,AVILA,850.0,2019,361,16,16,0,3,5,-1.7,2019-01-11,23.6,2019-06-29,20.0,2019-06-27,2019-08-17
3337U,CEBREROS,AVILA,850.0,2020,354,18,18,0,4,4,-3.2,2020-01-14,22.8,2020-08-01,19.8,2020-06-25,2020-08-27
3337U,CEBREROS,AVILA,850.0,2021,365,10,9,0,5,6,-5.8,2021-01-06,24.1,2021-08-14,18.8,2021-07-18,2021-09-06
3337U,CEBREROS,AVILA,850.0,2022,362,34,34,1,9,8,-2.8,2022-04-04,26.3,2022-07-14,21.1,2022-06-13,2022-08-25
3337U,CEBREROS,AVILA,850.0,2023,360,25,25,0,6,7,-3.4,2023-01-30,24.1,2023-08-12,20.7,2023-06-25,2023-08-25
3337U,CEBREROS,AVILA,850.0,2024,366,31,31,0,8,22,-2.8,2024-01-12,23.0,2024-08-06,21.0,2024-07-05,2024-08-28
3337U,CEBREROS,AVILA,850.0,2025,365,29,29,0,10,16,-3.1,2025-01-14,23.1,2025-08-17,20.9,2025-06-17,2025-08-18
3338,ROBLEDO DE CHAVELA,MADRID,770.0,2018,300,8,7,0,2,5,-5.8,2018-02-23,22.6,2018-08-03,19.2,2018-07-13,2018-09-02
3338,ROBLEDO DE CHAVELA,MADRID,770.0,2019,346,20,20,0,6,6,-3.6,2019-01-11,23.2,2019-06-29,20.3,2019-06-26,2019-08-15
3338,ROBLEDO DE CHAVELA,MADRID,770.0,2020,365,16,16,0,8,5,-4.1,2020-12-26,23.9,2020-08-01,19.8,2020-06-23,2020-08-27
3338,ROBLEDO DE CHAVELA,MADRID,770.0,2021,353,9,8,0,4,5,-8.7,2021-01-12,23.9,2021-08-14,19.0,2021-07-20,2021-09-06
3338,ROBLEDO DE CHAVELA,MADRID,770.0,2022,353,42,41,1,16,10,-4.1,2022-04-03,25.1,2022-07-16,21.9,2022-06-11,2022-09-12
3338,ROBLEDO DE CHAVELA,MADRID,770.0,2023,311,19,19,1,8,6,-3.8,2023-01-24,25.7,2023-08-25,20.2,2023-06-25,2023-08-25
3343Y,VALDEMORILLO,MADRID,884.0,2017,322,25,25,0,9,6,-5.4,2017-01-18,24.4,2017-07-14,21.1,2017-06-12,2017-08-23
3343Y,VALDEMORILLO,MADRID,884.0,2018,312,13,12,0,3,7,-4.7,2018-02-23,24.9,2018-08-03,19.7,2018-06-25,2018-09-02
3343Y,VALDEMORILLO,MADRID,884.0,2019,364,24,23,0,5,9,-3.3,2019-01-11,23.0,2019-06-30,20.6,2019-06-27,2019-09-01
3343Y,VALDEMORILLO,MADRID,884.0,2020,346,24,24,0,4,8,-2.8,2020-01-14,23.5,2020-07-08,20.7,2020-06-24,2020-08-27
3343Y,VALDEMORILLO,MADRID,884.0,2021,325,11,10,2,5,5,-3.7,2021-01-06,25.8,2021-08-14,19.5,2021-07-18,2021-09-06
3343Y,VALDEMORILLO,MADRID,884.0,2022,365,44,43,1,16,12,-2.2,2022-04-03,25.7,2022-07-14,21.6,2022-06-11,2022-09-12
3343Y,VALDEMORILLO,MADRID,884.0,2023,341,22,22,0,8,6,-4.6,2023-03-01,24.0,2023-08-09,20.7,2023-06-25,2023-08-20
3343Y,VALDEMORILLO,MADRID,884.0,2024,364,33,33,0,13,11,-1.9,2024-01-12,23.7,2024-07-25,21.5,2024-07-05,2024-08-28
3343Y,VALDEMORILLO,MADRID,884.0,2025,357,41,40,0,13,16,-2.5,2025-01-15,24.2,2025-08-17,21.6,2025-06-17,2025-09-19
3362Y,CASTILLO DE BAYUELA,TOLEDO,560.0,2017,334,31,30,0,21,12,-3.5,2017-01-19,24.7,2017-08-22,22.5,2017-06-08,2017-09-05
3362Y,CASTILLO DE BAYUELA,TOLEDO,560.0,2018,364,49,42,3,19,8,-2.6,2018-02-23,26.3,2018-08-02,22.2,2018-06-19,2018-09-25
3362Y,CASTILLO DE BAYUELA,TOLEDO,560.0,2019,364,44,40,2,17,12,-2.4,2019-01-11,25.6,2019-06-29,21.9,2019-06-02,2019-09-04
3362Y,CASTILLO DE BAYUELA,TOLEDO,560.0,2020,366,52,47,6,28,19,-3.1,2020-12-27,26.8,2020-08-01,23.0,2020-06-22,2020-09-13
3362Y,CASTILLO DE BAYUELA,TOLEDO,560.0,2021,338,26,26,3,11,9,-6.0,2021-01-13,26.0,2021-08-14,20.7,2021-06-11,2021-08-18
3362Y,CASTILLO DE BAYUELA,TOLEDO,560.0,2022,365,63,59,10,36,37,-0.9,2022-01-16,27.6,2022-07-14,23.7,2022-05-20,2022-09-18
3362Y,CASTILLO DE BAYUELA,TOLEDO,560.0,2023,344,43,42,3,21,9,-3.0,2023-02-28,28.0,2023-08-22,22.4,2023-06-17,2023-09-07
3362Y,CASTILLO DE BAYUELA,TOLEDO,560.0,2024,366,46,46,3,27,23,-0.9,2024-12-15,27.0,2024-08-10,23.1,2024-06-07,2024-08-31
3362Y,CASTILLO DE BAYUELA,TOLEDO,560.0,2025,365,55,52,7,35,19,-2.8,2025-01-15,26.5,2025-08-15,23.7,2025-06-01,2025-09-19
3365A,TALAVERA DE LA REINA,TOLEDO,372.0,2019,363,16,14,1,4,2,-3.7,2019-01-06,26.2,2019-07-22,19.7,2019-06-30,2019-09-03
3365A,TALAVERA DE LA REINA,TOLEDO,372.0,2020,352,23,22,0,7,6,-4.7,2020-12-27,24.0,2020-07-30,20.8,2020-06-23,2020-09-14
3365A,TALAVERA DE LA REINA,TOLEDO,372.0,2021,353,10,9,0,1,4,-7.4,2021-01-13,22.4,2021-08-23,18.6,2021-06-15,2021-09-06
3365A,TALAVERA DE LA REINA,TOLEDO,372.0,2022,326,31,28,2,12,8,-3.4,2022-01-08,25.9,2022-08-02,21.6,2022-05-20,2022-09-12
3365A,TALAVERA DE LA REINA,TOLEDO,372.0,2023,334,19,18,1,7,6,-6.1,2023-02-28,25.6,2023-08-22,20.3,2023-06-25,2023-09-07
3365A,TALAVERA DE LA REINA,TOLEDO,372.0,2024,365,32,31,2,9,7,-2.5,2024-12-31,25.6,2024-08-11,20.8,2024-05-31,2024-08-31
3365A,TALAVERA DE LA REINA,TOLEDO,372.0,2025,352,38,37,0,13,10,-6.1,2025-01-15,24.9,2025-08-03,21.6,2025-06-10,2025-09-06
3386A,NAVALVILLAR DE IBOR,CACERES,923.0,2017,363,31,30,0,12,7,-4.0,2017-01-18,24.7,2017-07-14,21.2,2017-06-11,2017-09-07
3386A,NAVALVILLAR DE IBOR,CACERES,923.0,2018,359,14,11,2,5,6,-2.7,2018-02-09,27.5,2018-08-04,19.6,2018-06-18,2018-09-24
3386A,NAVALVILLAR DE IBOR,CACERES,923.0,2019,358,18,17,0,2,6,-2.5,2019-02-03,23.1,2019-07-21,20.0,2019-06-29,2019-09-01
3386A,NAVALVILLAR DE IBOR,CACERES,923.0,2020,363,36,36,0,15,11,-2.5,2020-12-30,24.3,2020-07-27,21.9,2020-06-23,2020-08-27
3386A,NAVALVILLAR DE IBOR,CACERES,923.0,2021,362,16,15,1,8,8,-3.7,2021-01-12,25.4,2021-08-14,19.7,2021-07-10,2021-09-06
3386A,NAVALVILLAR DE IBOR,CACERES,923.0,2022,364,39,38,2,18,11,-1.7,2022-04-04,27.7,2022-07-14,21.9,2022-06-10,2022-09-11
3386A,NAVALVILLAR DE IBOR,CACERES,923.0,2023,364,27,27,0,14,8,-2.9,2023-02-28,24.3,2023-08-22,21.0,2023-06-23,2023-08-25
3386A,NAVALVILLAR DE IBOR,CACERES,923.0,2024,366,30,30,0,16,10,-0.9,2024-12-09,24.8,2024-07-23,21.1,2024-07-04,2024-08-23
3386A,NAVALVILLAR DE IBOR,CACERES,923.0,2025,364,41,38,0,14,7,-0.4,2025-11-22,24.4,2025-08-14,21.7,2025-05-29,2025-09-18
3391,SOTILLO DE LA ADRADA,AVILA,630.0,2021,340,16,15,0,9,6,-6.3,2021-01-12,24.3,2021-08-23,19.7,2021-06-14,2021-09-06
3422D,CANDELEDA,AVILA,350.0,2017,355,18,18,0,4,4,-5.3,2017-01-19,23.4,2017-08-21,20.1,2017-06-13,2017-08-23
3422D,CANDELEDA,AVILA,350.0,2018,365,8,8,0,3,5,-3.3,2018-02-09,25.0,2018-08-04,19.0,2018-06-25,2018-08-20
3422D,CANDELEDA,AVILA,350.0,2019,365,9,9,0,0,2,-4.3,2019-01-07,21.9,2019-08-21,19.1,2019-06-30,2019-08-25
3422D,CANDELEDA,AVILA,350.0,2020,366,13,13,0,2,4,-3.5,2020-12-27,23.7,2020-07-12,19.6,2020-07-07,2020-08-08
3422D,CANDELEDA,AVILA,350.0,2021,365,6,5,0,1,2,-5.8,2021-01-14,22.3,2021-08-14,17.9,2021-07-11,2021-09-06
3422D,CANDELEDA,AVILA,350.0,2022,363,23,23,0,6,7,-2.9,2022-01-19,24.4,2022-07-15,20.3,2022-06-12,2022-08-29
3422D,CANDELEDA,AVILA,350.0,2023,352,11,11,0,3,3,-3.9,2023-03-02,24.1,2023-08-22,19.1,2023-06-25,2023-08-26
3422D,CANDELEDA,AVILA,350.0,2024,366,21,21,0,5,5,-2.0,2024-01-08,23.4,2024-07-29,20.2,2024-06-07,2024-08-31
3422D,CANDELEDA,AVILA,350.0,2025,365,23,23,0,8,6,-4.7,2025-01-15,22.8,2025-07-04,20.4,2025-06-19,2025-08-17
3423I,MADRIGAL DE LA VERA,CACERES,464.0,2017,365,31,31,0,18,8,-4.3,2017-01-19,24.6,2017-08-05,22.0,2017-06-11,2017-08-24
3423I,MADRIGAL DE LA VERA,CACERES,464.0,2018,365,27,21,3,8,7,-2.0,2018-02-08,26.5,2018-08-06,20.7,2018-06-21,2018-09-24
3423I,MADRIGAL DE LA VERA,CACERES,464.0,2019,365,23,20,0,6,3,-2.1,2019-01-18,24.0,2019-07-20,20.9,2019-06-29,2019-09-04
3423I,MADRIGAL DE LA VERA,CACERES,464.0,2020,366,43,41,0,18,10,-1.2,2020-12-27,25.0,2020-07-30,22.0,2020-06-22,2020-09-13
3423I,MADRIGAL DE LA VERA,CACERES,464.0,2021,361,19,18,1,11,5,-4.0,2021-01-13,25.6,2021-08-14,20.4,2021-06-15,2021-09-06
3423I,MADRIGAL DE LA VERA,CACERES,464.0,2022,365,54,52,6,28,15,0.4,2022-01-22,26.3,2022-07-15,22.5,2022-06-10,2022-09-12
3423I,MADRIGAL DE LA VERA,CACERES,464.0,2023,365,29,29,2,12,8,-1.9,2023-01-23,26.4,2023-08-23,21.3,2023-06-17,2023-08-26
3423I,MADRIGAL DE LA VERA,CACERES,464.0,2024,361,38,38,0,19,10,0.6,2024-01-08,24.9,2024-08-11,22.1,2024-06-07,2024-08-31
3423I,MADRIGAL DE LA VERA,CACERES,464.0,2025,364,46,45,1,29,18,-1.7,2025-01-15,25.9,2025-08-17,22.9,2025-06-01,2025-09-18
3427Y,OROPESA,TOLEDO,345.0,2019,328,8,6,1,2,2,-3.8,2019-11-16,26.4,2019-07-22,18.4,2019-07-13,2019-09-03
3427Y,OROPESA,TOLEDO,345.0,2020,365,11,11,0,1,2,-6.1,2020-12-27,22.8,2020-07-12,19.2,2020-07-07,2020-08-21
3427Y,OROPESA,TOLEDO,345.0,2021,364,2,2,0,1,2,-8.8,2021-01-12,22.6,2021-08-24,17.1,2021-08-23,2021-08-24
3427Y,OROPESA,TOLEDO,345.0,2022,365,15,14,1,5,3,-6.3,2022-01-19,25.6,2022-07-15,19.3,2022-05-21,2022-08-26
3427Y,OROPESA,TOLEDO,345.0,2023,364,6,6,1,2,2,-7.3,2023-01-31,25.4,2023-08-23,18.2,2023-06-26,2023-08-26
3427Y,OROPESA,TOLEDO,345.0,2024,365,10,10,0,3,3,-5.0,2024-12-31,23.8,2024-07-29,18.3,2024-06-07,2024-08-31
3427Y,OROPESA,TOLEDO,345.0,2025,353,14,14,0,2,3,-8.5,2025-01-15,22.3,2025-08-14,19.1,2025-06-10,2025-08-17
3434X,NAVALMORAL DE LA MATA,CACERES,269.0,2017,365,14,14,1,6,4,-6.1,2017-01-19,25.2,2017-08-21,19.7,2017-06-13,2017-08-22
3434X,NAVALMORAL DE LA MATA,CACERES,269.0,2018,364,18,13,0,1,3,-5.6,2018-02-08,23.9,2018-08-04,20.0,2018-06-21,2018-09-26
3434X,NAVALMORAL DE LA MATA,CACERES,269.0,2019,365,16,14,0,3,5,-5.0,2019-01-08,23.4,2019-07-13,19.9,2019-06-03,2019-09-03
3434X,NAVALMORAL DE LA MATA,CACERES,269.0,2020,361,23,23,0,3,6,-4.9,2020-12-27,23.8,2020-07-28,20.4,2020-06-24,2020-08-21
3434X,NAVALMORAL DE LA MATA,CACERES,269.0,2021,365,7,6,0,1,1,-7.1,2021-01-14,24.4,2021-08-24,18.6,2021-06-16,2021-09-06
3434X,NAVALMORAL DE LA MATA,CACERES,269.0,2022,364,26,25,1,12,5,-4.8,2022-01-20,25.9,2022-07-15,20.9,2022-05-21,2022-08-29
3434X,NAVALMORAL DE LA MATA,CACERES,269.0,2023,362,20,20,1,6,4,-5.7,2023-02-28,26.3,2023-08-23,20.2,2023-06-25,2023-08-26
3434X,NAVALMORAL DE LA MATA,CACERES,269.0,2024,360,29,28,0,5,5,-3.4,2024-12-21,23.8,2024-07-29,20.7,2024-05-31,2024-08-31
3434X,NAVALMORAL DE LA MATA,CACERES,269.0,2025,365,32,32,0,11,9,-6.7,2025-01-15,23.9,2025-07-03,21.2,2025-06-10,2025-08-27
3436D,GARGANTA LA OLLA,CACERES,690.0,2017,365,38,37,0,24,7,-3.7,2017-01-19,24.9,2017-06-18,22.2,2017-06-10,2017-09-06
3436D,GARGANTA LA OLLA,CACERES,690.0,2018,363,29,20,2,10,7,-1.8,2018-02-08,26.2,2018-08-03,20.9,2018-06-20,2018-09-24
3436D,GARGANTA LA OLLA,CACERES,690.0,2019,365,29,26,0,9,5,-0.3,2019-01-11,23.7,2019-07-12,21.2,2019-06-29,2019-09-04
3436D,GARGANTA LA OLLA,CACERES,690.0,2020,366,37,35,0,20,10,0.0,2020-12-26,24.9,2020-07-27,22.3,2020-06-24,2020-09-13
3436D,GARGANTA LA OLLA,CACERES,690.0,2021,365,30,28,2,15,7,-2.3,2021-01-13,27.7,2021-08-14,21.2,2021-06-08,2021-09-06
3436D,GARGANTA LA OLLA,CACERES,690.0,2022,365,53,52,4,28,25,0.1,2022-04-02,27.2,2022-07-14,22.9,2022-06-10,2022-09-11
3436D,GARGANTA LA OLLA,CACERES,690.0,2023,365,38,38,4,17,7,-2.9,2023-03-01,26.0,2023-08-22,21.8,2023-06-16,2023-08-25
3436D,GARGANTA LA OLLA,CACERES,690.0,2024,366,40,40,0,23,10,0.1,2024-12-12,24.8,2024-07-24,22.2,2024-06-25,2024-08-31
3436D,GARGANTA LA OLLA,CACERES,690.0,2025,365,49,45,3,21,12,-1.5,2025-01-14,26.3,2025-08-17,22.4,2025-05-30,2025-09-18
3448X,SERRADILLA,CACERES,406.0,2017,365,47,40,6,23,8,-2.4,2017-01-19,26.7,2017-08-05,22.5,2017-05-24,2017-10-15
3448X,SERRADILLA,CACERES,406.0,2018,365,34,26,4,16,6,-1.3,2018-02-09,28.9,2018-08-04,21.6,2018-06-16,2018-09-26
3448X,SERRADILLA,CACERES,406.0,2019,365,28,24,0,13,8,-2.3,2019-01-06,24.9,2019-07-22,21.4,2019-06-29,2019-09-05
3448X,SERRADILLA,CACERES,406.0,2020,365,48,41,1,24,10,-1.7,2020-12-27,25.5,2020-07-17,22.4,2020-05-23,2020-09-14
3448X,SERRADILLA,CACERES,406.0,2021,313,22,21,1,10,8,-3.6,2021-01-12,25.9,2021-08-14,20.7,2021-06-15,2021-09-06
3448X,SERRADILLA,CACERES,406.0,2022,360,53,49,6,29,13,0.5,2022-01-31,27.5,2022-07-15,23.1,2022-05-20,2022-09-18
3448X,SERRADILLA,CACERES,406.0,2023,365,40,39,3,22,13,-1.6,2023-01-31,27.1,2023-08-22,22.2,2023-06-15,2023-09-30
3448X,SERRADILLA,CACERES,406.0,2024,366,45,44,3,20,10,-0.1,2024-12-10,26.3,2024-07-29,22.4,2024-05-31,2024-08-31
3448X,SERRADILLA,CACERES,406.0,2025,365,55,52,3,33,24,-3.0,2025-01-15,27.0,2025-06-30,23.5,2025-05-29,2025-09-19
3455X,JARAICEJO,CACERES,559.0,2017,365,42,37,2,24,8,-2.3,2017-01-18,25.6,2017-08-20,22.5,2017-06-08,2017-10-15
3455X,JARAICEJO,CACERES,559.0,2018,365,38,30,5,15,7,-2.7,2018-02-08,27.6,2018-08-04,21.7,2018-06-17,2018-09-25
3455X,JARAICEJO,CACERES,559.0,2019,365,30,25,0,10,7,-1.1,2019-01-18,24.2,2019-07-22,20.9,2019-06-02,2019-09-05
3455X,JARAICEJO,CACERES,559.0,2020,366,45,40,2,25,11,-1.3,2020-12-30,25.5,2020-08-06,22.7,2020-06-22,2020-09-13
3455X,JARAICEJO,CACERES,559.0,2021,365,26,24,2,10,5,-2.2,2021-01-03,27.5,2021-08-14,20.8,2021-06-10,2021-09-06
3455X,JARAICEJO,CACERES,559.0,2022,363,54,50,4,33,12,0.6,2022-01-09,27.4,2022-07-14,23.5,2022-05-20,2022-09-12
3455X,JARAICEJO,CACERES,559.0,2023,365,45,35,6,23,7,-2.0,2023-01-26,28.1,2023-08-22,22.6,2023-06-16,2023-10-09
3455X,JARAICEJO,CACERES,559.0,2024,366,40,39,2,17,11,-0.3,2024-12-09,26.4,2024-07-23,21.9,2024-05-31,2024-08-31
3455X,JARAICEJO,CACERES,559.0,2025,360,55,50,4,34,24,-0.2,2025-12-26,26.8,2025-08-17,23.0,2025-05-30,2025-09-18
3463X,TRUJILLO,CACERES,503.0,2017,314,35,33,1,19,9,-3.6,2017-01-18,26.0,2017-06-17,22.7,2017-06-08,2017-10-15
3463X,TRUJILLO,CACERES,503.0,2018,317,16,13,2,8,4,-2.7,2018-02-07,25.9,2018-08-04,20.1,2018-06-23,2018-09-03
3463Y,TRUJILLO,CACERES,523.0,2020,356,51,42,1,21,11,-1.4,2020-12-26,26.5,2020-08-06,22.3,2020-05-25,2020-09-14
3463Y,TRUJILLO,CACERES,523.0,2021,365,28,26,2,10,7,-2.1,2021-01-06,26.8,2021-08-14,20.5,2021-06-10,2021-09-06
3463Y,TRUJILLO,CACERES,523.0,2022,365,62,58,8,34,15,0.4,2022-04-03,27.6,2022-07-14,23.4,2022-05-21,2022-09-12
3463Y,TRUJILLO,CACERES,523.0,2023,364,51,43,5,24,8,-2.9,2023-03-01,26.3,2023-08-22,22.5,2023-04-28,2023-10-08
3463Y,TRUJILLO,CACERES,523.0,2024,366,45,45,3,20,11,0.4,2024-12-09,26.9,2024-07-24,22.4,2024-06-07,2024-08-31
3463Y,TRUJILLO,CACERES,523.0,2025,362,61,55,4,40,24,-0.2,2025-01-14,27.6,2025-08-17,23.5,2025-05-30,2025-09-19
3469A,CÁCERES,CACERES,394.0,2017,365,40,39,1,19,9,-3.7,2017-01-01,25.8,2017-06-17,22.1,2017-06-11,2017-09-06
3469A,CÁCERES,CACERES,394.0,2018,365,25,20,2,10,6,-3.1,2018-02-24,26.1,2018-08-04,20.9,2018-06-21,2018-09-24
3469A,CÁCERES,CACERES,394.0,2019,365,31,28,0,6,8,-2.6,2019-02-04,25.0,2019-07-12,20.9,2019-06-01,2019-09-04
3469A,CÁCERES,CACERES,394.0,2020,366,36,34,1,15,11,-1.7,2020-12-27,25.4,2020-08-07,21.8,2020-06-24,2020-09-14
3469A,CÁCERES,CACERES,394.0,2021,365,20,18,1,5,6,-4.6,2021-01-12,25.1,2021-09-06,20.5,2021-06-26,2021-09-07
3469A,CÁCERES,CACERES,394.0,2022,365,53,47,4,29,9,-1.1,2022-01-22,27.2,2022-07-13,23.1,2022-05-21,2022-09-21
3469A,CÁCERES,CACERES,394.0,2023,365,36,35,2,19,7,-2.2,2023-01-31,26.1,2023-08-08,22.1,2023-04-28,2023-08-25
3469A,CÁCERES,CACERES,394.0,2024,366,37,37,2,18,10,-0.4,2024-12-15,25.8,2024-07-29,22.0,2024-06-05,2024-08-31
3469A,CÁCERES,CACERES,394.0,2025,365,43,42,1,28,19,-2.5,2025-01-15,25.4,2025-08-17,22.6,2025-05-30,2025-08-26
3475X,CAÑAVERAL,CACERES,373.0,2017,360,60,50,8,29,9,-2.4,2017-01-09,26.5,2017-06-17,23.9,2017-05-24,2017-10-15
3475X,CAÑAVERAL,CACERES,373.0,2018,354,48,32,7,26,10,-0.5,2018-01-15,30.4,2018-08-05,22.4,2018-06-16,2018-09-26
3475X,CAÑAVERAL,CACERES,373.0,2019,365,33,27,1,18,8,-3.6,2019-01-06,25.1,2019-07-22,21.9,2019-05-27,2019-09-16
3475X,CAÑAVERAL,CACERES,373.0,2020,362,52,43,7,33,11,-1.0,2020-12-27,26.4,2020-07-17,23.9,2020-05-24,2020-09-14
3475X,CAÑAVERAL,CACERES,373.0,2021,357,29,27,1,12,8,-3.0,2021-01-05,25.3,2021-08-14,21.2,2021-06-09,2021-09-06
3475X,CAÑAVERAL,CACERES,373.0,2022,361,63,54,11,35,15,-0.1,2022-01-19,27.4,2022-07-15,23.8,2022-05-20,2022-09-21
3475X,CAÑAVERAL,CACERES,373.0,2023,363,48,42,7,29,7,-2.4,2023-01-31,29.4,2023-08-22,23.9,2023-06-15,2023-10-07
3475X,CAÑAVERAL,CACERES,373.0,2024,364,48,43,4,24,10,-0.3,2024-01-08,26.1,2024-08-20,23.1,2024-05-29,2024-09-16
3475X,CAÑAVERAL,CACERES,373.0,2025,362,59,54,9,37,23,-4.8,2025-01-15,27.0,2025-06-30,24.0,2025-05-30,2025-09-19
3494U,NUÑOMORAL,CACERES,470.0,2017,365,2,2,0,1,1,-7.9,2017-01-19,23.4,2017-08-04,17.1,2017-08-04,2017-08-18
3494U,NUÑOMORAL,CACERES,470.0,2018,365,0,0,0,0,0,-7.3,2018-02-24,18.9,2018-08-13,15.5,,
3494U,NUÑOMORAL,CACERES,470.0,2019,365,2,2,0,0,1,-4.8,2019-01-06,21.0,2019-07-23,16.6,2019-07-20,2019-07-23
3494U,NUÑOMORAL,CACERES,470.0,2020,363,2,2,0,1,1,-4.8,2020-01-12,22.6,2020-07-28,17.1,2020-07-28,2020-08-01
3494U,NUÑOMORAL,CACERES,470.0,2021,365,0,0,0,0,0,-6.8,2021-01-06,19.2,2021-08-04,15.7,,
3494U,NUÑOMORAL,CACERES,470.0,2022,360,2,2,0,0,1,-5.9,2022-01-29,20.9,2022-07-28,16.9,2022-07-28,2022-08-02
3494U,NUÑOMORAL,CACERES,470.0,2023,353,3,3,0,0,1,-6.1,2023-03-02,20.8,2023-08-12,17.4,2023-06-29,2023-08-12
3494U,NUÑOMORAL,CACERES,470.0,2024,365,2,2,0,1,1,-5.1,2024-12-31,22.2,2024-08-18,17.4,2024-07-26,2024-08-18
3494U,NUÑOMORAL,CACERES,470.0,2025,365,0,0,0,0,0,-5.9,2025-01-15,19.6,2025-07-23,16.4,,
3503,GUIJO DE GRANADILLA,CACERES,393.0,2017,365,37,36,2,16,8,-2.5,2017-01-25,25.4,2017-07-13,21.9,2017-06-02,2017-09-06
3503,GUIJO DE GRANADILLA,CACERES,393.0,2018,362,34,28,2,9,7,-2.9,2018-02-13,26.6,2018-08-04,21.0,2018-06-16,2018-09-24
3503,GUIJO DE GRANADILLA,CACERES,393.0,2019,359,20,18,0,10,7,-2.6,2019-01-06,24.7,2019-07-23,20.3,2019-07-10,2019-09-03
3503,GUIJO DE GRANADILLA,CACERES,393.0,2020,365,41,41,0,17,18,-2.9,2020-12-27,24.5,2020-07-24,21.9,2020-06-22,2020-08-27
3503,GUIJO DE GRANADILLA,CACERES,393.0,2021,363,19,18,1,10,4,-5.0,2021-01-12,25.3,2021-07-18,20.4,2021-06-09,2021-09-06
3503,GUIJO DE GRANADILLA,CACERES,393.0,2022,359,32,31,0,21,10,-1.8,2022-01-29,24.8,2022-07-31,22.3,2022-06-10,2022-09-19
3503,GUIJO DE GRANADILLA,CACERES,393.0,2023,362,39,39,2,13,7,-1.5,2023-02-07,25.6,2023-08-23,21.6,2023-06-16,2023-08-25
3503,GUIJO DE GRANADILLA,CACERES,393.0,2024,366,41,39,1,22,13,-1.1,2024-01-08,26.1,2024-07-26,22.6,2024-05-30,2024-09-02
3503,GUIJO DE GRANADILLA,CACERES,393.0,2025,365,49,47,3,17,12,-2.5,2025-01-15,25.4,2025-08-05,21.9,2025-06-09,2025-09-16
3504X,HERVÁS,CACERES,724.0,2017,353,11,11,0,3,2,-4.7,2017-01-19,24.5,2017-08-21,19.5,2017-06-12,2017-08-22
3504X,HERVÁS,CACERES,724.0,2018,361,9,7,0,5,5,-3.6,2018-02-08,24.4,2018-08-03,19.0,2018-06-24,2018-09-02
3504X,HERVÁS,CACERES,724.0,2019,365,7,7,0,1,4,-1.8,2019-01-11,22.6,2019-07-22,19.0,2019-07-12,2019-08-23
3504X,HERVÁS,CACERES,724.0,2020,363,15,13,0,2,4,-1.5,2020-12-26,23.8,2020-08-06,19.9,2020-06-23,2020-09-13
3504X,HERVÁS,CACERES,724.0,2021,365,10,9,0,3,5,-3.8,2021-01-10,24.0,2021-08-14,18.1,2021-07-17,2021-09-06
3504X,HERVÁS,CACERES,724.0,2022,365,27,26,1,8,9,-2.3,2022-04-04,25.5,2022-07-14,21.3,2022-06-10,2022-10-18
3504X,HERVÁS,CACERES,724.0,2023,359,9,9,1,3,5,-4.2,2023-02-28,25.3,2023-08-23,18.9,2023-06-25,2023-08-25
3504X,HERVÁS,CACERES,724.0,2024,366,15,15,0,4,4,-1.3,2024-01-08,24.3,2024-08-10,19.6,2024-07-05,2024-08-17
3504X,HERVÁS,CACERES,724.0,2025,362,28,27,1,10,10,-0.8,2025-01-14,25.8,2025-08-14,21.4,2025-06-19,2025-09-18
3512X,MONTEHERMOSO,CACERES,351.0,2017,364,26,24,1,8,6,-4.0,2017-01-01,25.7,2017-08-21,20.8,2017-06-12,2017-09-07
3512X,MONTEHERMOSO,CACERES,351.0,2018,365,14,10,1,6,5,-4.3,2018-02-24,25.5,2018-08-04,19.6,2018-06-21,2018-09-26
3512X,MONTEHERMOSO,CACERES,351.0,2019,365,15,14,0,2,3,-3.3,2019-01-06,23.9,2019-07-22,19.9,2019-06-29,2019-09-03
3512X,MONTEHERMOSO,CACERES,351.0,2020,366,29,28,0,6,6,-2.8,2020-01-12,24.3,2020-07-17,20.8,2020-06-22,2020-09-13
3512X,MONTEHERMOSO,CACERES,351.0,2021,363,12,11,0,3,2,-4.9,2021-01-06,24.4,2021-09-06,18.9,2021-06-15,2021-09-06
3512X,MONTEHERMOSO,CACERES,351.0,2022,365,30,29,1,14,8,-2.0,2022-01-19,25.6,2022-08-01,21.5,2022-05-21,2022-08-27
3512X,MONTEHERMOSO,CACERES,351.0,2023,365,15,15,1,4,4,-3.2,2023-01-31,25.8,2023-08-23,19.5,2023-06-25,2023-08-24
3512X,MONTEHERMOSO,CACERES,351.0,2024,366,26,26,0,7,7,-1.0,2024-12-09,24.5,2024-07-29,20.9,2024-06-07,2024-08-31
3512X,MONTEHERMOSO,CACERES,351.0,2025,364,35,35,2,12,8,-3.6,2025-01-15,25.5,2025-07-03,21.2,2025-06-10,2025-08-22
3514B,TORNAVACAS,CACERES,991.0,2017,356,24,24,0,6,7,-5.3,2017-01-18,23.3,2017-08-21,20.9,2017-06-11,2017-08-23
3514B,TORNAVACAS,CACERES,991.0,2018,364,11,9,2,5,5,-4.2,2018-02-08,26.1,2018-08-03,19.5,2018-06-24,2018-09-02
3514B,TORNAVACAS,CACERES,991.0,2019,365,10,10,0,1,4,-3.3,2019-01-11,22.3,2019-07-22,19.7,2019-06-29,2019-08-30
3514B,TORNAVACAS,CACERES,991.0,2020,366,27,26,0,5,10,-3.0,2020-01-20,23.8,2020-07-27,20.7,2020-06-23,2020-09-05
3514B,TORNAVACAS,CACERES,991.0,2021,365,12,11,1,5,5,-4.5,2021-01-10,25.4,2021-08-14,19.1,2021-07-10,2021-09-06
3514B,TORNAVACAS,CACERES,991.0,2022,363,34,34,2,15,10,-0.9,2022-04-04,25.8,2022-07-15,21.5,2022-06-10,2022-08-24
3514B,TORNAVACAS,CACERES,991.0,2023,365,20,20,0,9,6,-3.9,2023-02-28,24.8,2023-08-22,20.2,2023-06-25,2023-08-25
3514B,TORNAVACAS,CACERES,991.0,2024,366,24,24,0,12,9,-0.7,2024-01-19,24.1,2024-07-24,20.8,2024-07-05,2024-08-22
3514B,TORNAVACAS,CACERES,991.0,2025,365,36,35,0,12,12,-1.6,2025-12-22,24.6,2025-08-05,21.5,2025-06-10,2025-09-18
3516X,PIORNAL,CACERES,1260.0,2017,360,7,7,0,1,2,-7.8,2017-01-18,22.4,2017-06-17,19.4,2017-06-12,2017-08-05
3516X,PIORNAL,CACERES,1260.0,2018,365,5,5,0,2,5,-6.3,2018-02-08,22.9,2018-08-03,18.1,2018-08-02,2018-08-06
3516X,PIORNAL,CACERES,1260.0,2019,333,1,1,0,0,1,-3.7,2019-02-03,20.1,2019-07-12,18.2,2019-07-12,2019-07-12
3516X,PIORNAL,CACERES,1260.0,2020,363,7,7,0,0,5,-4.9,2020-01-20,21.7,2020-07-27,18.8,2020-07-07,2020-08-06
3516X,PIORNAL,CACERES,1260.0,2021,363,7,7,0,1,4,-7.2,2021-01-11,22.7,2021-08-14,17.3,2021-07-17,2021-08-23
3516X,PIORNAL,CACERES,1260.0,2022,365,13,13,0,3,8,-3.5,2022-04-02,23.5,2022-07-14,19.8,2022-06-14,2022-08-02
3516X,PIORNAL,CACERES,1260.0,2023,365,8,8,0,3,4,-7.0,2023-03-01,24.2,2023-08-22,18.4,2023-06-25,2023-08-24
3516X,PIORNAL,CACERES,1260.0,2024,362,12,12,0,0,4,-2.9,2024-12-09,22.0,2024-07-26,18.8,2024-07-05,2024-08-11
3516X,PIORNAL,CACERES,1260.0,2025,338,15,15,0,2,4,-4.0,2025-12-21,22.7,2025-08-17,19.9,2025-06-19,2025-08-17
3519X,PLASENCIA,CACERES,415.0,2017,350,60,55,8,32,13,-3.2,2017-01-19,26.2,2017-08-21,23.2,2017-05-25,2017-10-15
3519X,PLASENCIA,CACERES,415.0,2018,365,52,39,6,23,10,-0.3,2018-02-22,28.6,2018-08-04,22.5,2018-06-17,2018-09-26
3519X,PLASENCIA,CACERES,415.0,2019,365,36,31,3,23,8,-1.2,2019-01-12,27.3,2019-07-22,22.3,2019-05-31,2019-09-04
3519X,PLASENCIA,CACERES,415.0,2020,358,51,43,3,37,11,-2.0,2020-12-27,25.9,2020-08-06,23.5,2020-06-22,2020-09-14
3519X,PLASENCIA,CACERES,415.0,2021,352,30,27,2,14,6,-3.4,2021-01-12,25.7,2021-09-06,21.3,2021-06-11,2021-09-07
3519X,PLASENCIA,CACERES,415.0,2022,363,65,58,16,43,25,0.3,2022-01-08,28.7,2022-07-15,24.4,2022-05-20,2022-09-18
3519X,PLASENCIA,CACERES,415.0,2023,360,48,42,6,25,9,-1.4,2023-01-31,28.4,2023-08-23,22.4,2023-06-16,2023-10-07
3519X,PLASENCIA,CACERES,415.0,2024,356,48,48,7,30,22,0.2,2024-01-08,27.8,2024-07-29,23.4,2024-06-04,2024-08-29
3519X,PLASENCIA,CACERES,415.0,2025,363,69,59,11,45,25,-1.8,2025-01-15,27.3,2025-07-03,24.3,2025-05-29,2025-09-19
3526X,CORIA,CACERES,313.0,2017,360,41,37,4,21,12,-3.7,2017-01-19,26.0,2017-08-21,22.2,2017-05-24,2017-09-07
3526X,CORIA,CACERES,313.0,2018,364,34,26,1,11,8,-2.7,2018-02-24,26.1,2018-08-04,21.2,2018-06-18,2018-09-26
3526X,CORIA,CACERES,313.0,2019,355,30,25,0,13,8,-3.4,2019-01-06,24.3,2019-07-23,21.0,2019-06-29,2019-09-16
3526X,CORIA,CACERES,313.0,2020,363,40,38,0,21,10,-2.3,2020-12-27,24.1,2020-08-07,22.1,2020-06-23,2020-09-14
3526X,CORIA,CACERES,313.0,2021,351,19,18,0,6,5,-4.1,2021-01-06,24.3,2021-08-24,20.2,2021-07-10,2021-09-06
3526X,CORIA,CACERES,313.0,2022,363,51,49,4,26,12,-0.9,2022-01-19,25.6,2022-08-23,22.7,2022-05-21,2022-09-19
3526X,CORIA,CACERES,313.0,2023,365,33,33,3,16,12,-2.6,2023-03-02,27.4,2023-08-23,21.6,2023-06-17,2023-08-25
3526X,CORIA,CACERES,313.0,2024,361,35,34,0,17,22,-0.6,2024-01-08,24.6,2024-08-05,21.9,2024-05-31,2024-08-31
3526X,CORIA,CACERES,313.0,2025,365,45,44,2,25,12,-3.6,2025-01-15,26.6,2025-07-03,22.6,2025-06-01,2025-09-19
3531X,TORRECILLA DE LOS ANGELES,CACERES,459.0,2017,365,12,12,0,1,5,-4.4,2017-01-19,24.5,2017-08-20,19.2,2017-06-12,2017-08-22
3531X,TORRECILLA DE LOS ANGELES,CACERES,459.0,2018,343,6,5,0,3,3,-3.9,2018-02-24,22.3,2018-08-03,18.1,2018-06-21,2018-09-01
3531X,TORRECILLA DE LOS ANGELES,CACERES,459.0,2019,360,3,3,0,0,2,-2.6,2019-02-04,21.8,2019-07-23,17.9,2019-07-19,2019-07-23
3531X,TORRECILLA DE LOS ANGELES,CACERES,459.0,2020,349,4,4,0,0,2,-3.1,2020-12-27,21.7,2020-07-11,18.2,2020-07-06,2020-08-06
3531X,TORRECILLA DE LOS ANGELES,CACERES,459.0,2021,365,6,5,0,2,2,-4.7,2021-01-06,23.2,2021-09-06,17.7,2021-07-11,2021-09-06
3531X,TORRECILLA DE LOS ANGELES,CACERES,459.0,2022,359,11,11,0,1,4,-2.3,2022-01-23,22.2,2022-07-31,18.6,2022-06-11,2022-08-23
3531X,TORRECILLA DE LOS ANGELES,CACERES,459.0,2023,359,7,7,0,1,3,-4.7,2023-03-01,22.9,2023-08-22,18.4,2023-06-27,2023-08-23
3531X,TORRECILLA DE LOS ANGELES,CACERES,459.0,2024,366,12,12,0,0,4,-2.7,2024-01-08,21.4,2024-08-03,19.4,2024-06-07,2024-08-21
3531X,TORRECILLA DE LOS ANGELES,CACERES,459.0,2025,363,8,8,0,0,2,-4.0,2025-01-15,21.3,2025-06-29,18.9,2025-06-29,2025-08-17
3536X,HOYOS,CACERES,560.0,2017,364,35,33,3,23,7,-3.3,2017-01-19,27.0,2017-07-13,22.2,2017-06-10,2017-10-06
3536X,HOYOS,CACERES,560.0,2018,362,31,24,2,14,6,-0.7,2018-02-13,26.1,2018-08-05,21.6,2018-06-15,2018-09-24
3536X,HOYOS,CACERES,560.0,2019,354,28,25,0,10,7,0.8,2019-02-04,24.8,2019-07-19,21.2,2019-06-02,2019-09-04
3536X,HOYOS,CACERES,560.0,2020,366,41,34,2,16,8,-1.5,2020-12-27,25.5,2020-07-23,21.2,2020-05-25,2020-09-14
3536X,HOYOS,CACERES,560.0,2021,365,21,20,1,8,6,-3.2,2021-01-06,25.7,2021-08-11,20.6,2021-06-08,2021-09-06
3536X,HOYOS,CACERES,560.0,2022,362,38,37,1,19,10,-0.7,2022-01-22,26.3,2022-07-10,22.1,2022-06-10,2022-10-04
3536X,HOYOS,CACERES,560.0,2023,365,35,35,3,13,6,-2.5,2023-12-27,27.9,2023-08-21,21.0,2023-06-15,2023-08-24
3536X,HOYOS,CACERES,560.0,2024,364,31,28,6,17,9,-0.3,2024-12-11,29.1,2024-07-24,21.7,2024-05-29,2024-09-02
3536X,HOYOS,CACERES,560.0,2025,360,32,32,1,7,10,-1.0,2025-01-14,28.3,2025-08-05,21.0,2025-06-19,2025-08-18
3540X,ZARZA LA MAYOR,CACERES,336.0,2017,365,37,31,3,13,7,-3.3,2017-01-19,26.3,2017-08-20,21.1,2017-05-25,2017-10-15
3540X,ZARZA LA MAYOR,CACERES,336.0,2018,365,28,20,3,10,7,-0.5,2018-02-24,27.5,2018-08-05,20.8,2018-06-17,2018-09-26
3540X,ZARZA LA MAYOR,CACERES,336.0,2019,365,23,17,1,10,5,-4.1,2019-01-06,25.1,2019-07-23,20.6,2019-06-02,2019-09-16
3540X,ZARZA LA MAYOR,CACERES,336.0,2020,366,35,30,1,13,9,-2.1,2020-12-27,25.4,2020-07-17,21.4,2020-06-23,2020-09-14
3540X,ZARZA LA MAYOR,CACERES,336.0,2021,365,13,12,1,5,4,-4.2,2021-01-12,25.7,2021-08-24,19.2,2021-07-09,2021-09-06
3540X,ZARZA LA MAYOR,CACERES,336.0,2022,365,34,32,7,19,12,-0.2,2022-01-20,26.3,2022-08-23,22.3,2022-06-10,2022-09-19
3540X,ZARZA LA MAYOR,CACERES,336.0,2023,365,24,24,3,13,7,-1.7,2023-02-28,28.4,2023-08-22,21.4,2023-06-16,2023-08-25
3540X,ZARZA LA MAYOR,CACERES,336.0,2024,366,25,24,1,12,5,0.6,2024-01-07,25.1,2024-07-24,21.2,2024-05-31,2024-08-26
3540X,ZARZA LA MAYOR,CACERES,336.0,2025,365,40,40,2,20,23,-3.2,2025-01-15,25.9,2025-07-03,22.2,2025-06-09,2025-08-17
3547X,VALVERDE DEL FRESNO,CACERES,450.0,2017,365,35,32,1,20,8,-5.1,2017-01-19,26.1,2017-07-14,22.3,2017-06-12,2017-10-06
3547X,VALVERDE DEL FRESNO,CACERES,450.0,2018,363,23,20,2,9,7,-2.1,2018-02-24,26.4,2018-08-05,20.5,2018-06-18,2018-09-23
3547X,VALVERDE DEL FRESNO,CACERES,450.0,2019,365,26,23,0,10,6,-0.8,2019-01-03,23.4,2019-07-11,20.6,2019-06-02,2019-09-04
3547X,VALVERDE DEL FRESNO,CACERES,450.0,2020,366,30,27,0,14,8,-1.9,2020-12-27,24.5,2020-07-23,21.4,2020-05-25,2020-09-13
3547X,VALVERDE DEL FRESNO,CACERES,450.0,2021,365,18,17,1,5,4,-4.4,2021-01-12,25.6,2021-07-18,20.0,2021-06-11,2021-09-06
3547X,VALVERDE DEL FRESNO,CACERES,450.0,2022,359,29,29,1,13,9,-1.6,2022-01-22,25.6,2022-07-10,21.2,2022-06-10,2022-08-27
3547X,VALVERDE DEL FRESNO,CACERES,450.0,2023,363,31,31,3,10,5,-2.3,2023-01-30,26.0,2023-08-23,21.0,2023-06-15,2023-08-24
3547X,VALVERDE DEL FRESNO,CACERES,450.0,2024,366,33,31,4,17,10,-0.8,2024-01-08,27.3,2024-07-24,21.4,2024-05-30,2024-09-02
3547X,VALVERDE DEL FRESNO,CACERES,450.0,2025,361,31,31,2,12,9,-2.4,2025-01-14,27.5,2025-08-05,21.2,2025-06-20,2025-08-26
3562X,ALISEDA,CACERES,321.0,2017,365,30,29,0,16,9,-5.5,2017-01-19,24.3,2017-06-17,21.7,2017-06-11,2017-09-06
3562X,ALISEDA,CACERES,321.0,2018,357,22,18,2,6,6,-5.2,2018-02-24,25.7,2018-08-06,20.3,2018-06-18,2018-09-26
3562X,ALISEDA,CACERES,321.0,2019,365,16,14,0,5,3,-5.3,2019-01-06,24.2,2019-07-12,19.8,2019-06-02,2019-09-04
3562X,ALISEDA,CACERES,321.0,2020,366,30,27,0,9,8,-3.8,2020-12-27,24.7,2020-08-07,21.1,2020-06-24,2020-09-14
3562X,ALISEDA,CACERES,321.0,2021,359,15,14,0,4,5,-6.4,2021-01-12,24.8,2021-09-06,19.2,2021-07-11,2021-09-06
3562X,ALISEDA,CACERES,321.0,2022,365,38,37,1,17,9,-4.2,2022-01-20,26.5,2022-07-14,21.6,2022-05-21,2022-08-29
3562X,ALISEDA,CACERES,321.0,2023,362,23,22,2,14,6,-4.2,2023-01-31,26.6,2023-08-23,21.0,2023-04-28,2023-08-25
3562X,ALISEDA,CACERES,321.0,2024,366,25,25,2,9,6,-1.4,2024-12-22,26.3,2024-07-29,20.6,2024-06-07,2024-08-26
3562X,ALISEDA,CACERES,321.0,2025,365,35,35,1,16,12,-5.2,2025-01-15,26.4,2025-06-17,21.8,2025-06-17,2025-08-26
3565X,BROZAS,CACERES,425.0,2017,365,29,26,0,7,10,-3.6,2017-01-19,24.9,2017-06-17,20.8,2017-05-25,2017-10-15
3565X,BROZAS,CACERES,425.0,2018,365,22,14,3,8,5,-1.7,2018-02-07,27.7,2018-08-04,20.4,2018-06-19,2018-09-26
3565X,BROZAS,CACERES,425.0,2019,365,18,15,0,5,5,-0.8,2019-01-06,23.8,2019-07-23,19.9,2019-07-10,2019-09-04
3565X,BROZAS,CACERES,425.0,2020,362,29,25,0,11,11,-0.3,2020-12-27,23.7,2020-07-07,21.2,2020-06-23,2020-09-13
3565X,BROZAS,CACERES,425.0,2021,365,11,10,1,4,4,-1.9,2021-01-12,27.1,2021-08-14,18.8,2021-07-10,2021-09-06
3565X,BROZAS,CACERES,425.0,2022,365,38,36,4,22,11,0.4,2022-01-22,26.8,2022-07-14,22.6,2022-06-10,2022-09-19
3565X,BROZAS,CACERES,425.0,2023,364,30,24,4,13,6,-1.8,2023-03-01,27.3,2023-08-22,21.3,2023-06-16,2023-10-08
3565X,BROZAS,CACERES,425.0,2024,364,20,20,0,7,4,-0.5,2024-01-20,24.3,2024-07-23,20.3,2024-06-24,2024-08-27
3565X,BROZAS,CACERES,425.0,2025,363,43,38,0,25,19,-0.1,2025-01-01,25.0,2025-06-29,22.5,2025-05-30,2025-09-19
3576X,VALENCIA DE ALCÁNTARA,CACERES,444.0,2017,358,15,14,0,3,4,-5.9,2017-01-19,24.7,2017-06-17,19.7,2017-06-13,2017-10-15
3576X,VALENCIA DE ALCÁNTARA,CACERES,444.0,2018,362,7,7,0,4,4,-4.5,2018-02-08,24.9,2018-08-04,18.7,2018-08-02,2018-08-22
3576X,VALENCIA DE ALCÁNTARA,CACERES,444.0,2019,365,7,7,0,1,2,-2.3,2019-01-12,22.3,2019-07-12,18.5,2019-07-12,2019-08-23
3576X,VALENCIA DE ALCÁNTARA,CACERES,444.0,2020,363,18,16,0,3,8,-1.8,2020-12-27,23.0,2020-08-07,19.9,2020-07-06,2020-09-13
3576X,VALENCIA DE ALCÁNTARA,CACERES,444.0,2021,357,7,6,0,1,3,-4.2,2021-01-06,23.3,2021-08-14,17.9,2021-07-17,2021-09-06
3576X,VALENCIA DE ALCÁNTARA,CACERES,444.0,2022,365,25,25,0,10,8,-0.8,2022-01-19,24.9,2022-07-13,20.9,2022-06-11,2022-08-28
3576X,VALENCIA DE ALCÁNTARA,CACERES,444.0,2023,361,18,18,1,5,6,-2.6,2023-03-01,25.9,2023-08-08,19.9,2023-06-24,2023-08-25
3576X,VALENCIA DE ALCÁNTARA,CACERES,444.0,2024,365,13,13,1,7,3,-0.5,2024-12-21,25.3,2024-07-29,19.5,2024-07-05,2024-08-20
3576X,VALENCIA DE ALCÁNTARA,CACERES,444.0,2025,365,36,35,0,12,12,-2.0,2025-01-15,24.4,2025-06-17,21.3,2025-05-31,2025-08-18
4007Y,OSSA DE MONTIEL,ALBACETE,905.0,2017,349,12,12,0,0,3,-7.6,2017-01-18,21.6,2017-08-05,19.5,2017-06-15,2017-08-24
4007Y,OSSA DE MONTIEL,ALBACETE,905.0,2018,365,6,6,0,0,4,-10.6,2018-02-09,21.7,2018-08-07,18.3,2018-08-02,2018-08-28
4007Y,OSSA DE MONTIEL,ALBACETE,905.0,2019,356,3,3,0,0,2,-6.7,2019-01-13,21.3,2019-07-12,17.7,2019-06-28,2019-07-13
4007Y,OSSA DE MONTIEL,ALBACETE,905.0,2020,365,12,12,0,1,5,-6.1,2020-12-27,22.1,2020-07-27,19.2,2020-07-12,2020-08-10
4007Y,OSSA DE MONTIEL,ALBACETE,905.0,2021,363,12,12,0,3,7,-10.0,2021-01-12,23.4,2021-08-15,18.8,2021-07-11,2021-08-23
4007Y,OSSA DE MONTIEL,ALBACETE,905.0,2022,339,23,22,0,0,6,-5.4,2022-01-16,22.0,2022-07-15,20.3,2022-06-15,2022-09-12
4007Y,OSSA DE MONTIEL,ALBACETE,905.0,2023,364,12,12,0,4,3,-8.2,2023-03-02,22.3,2023-08-10,19.2,2023-06-26,2023-08-22
4007Y,OSSA DE MONTIEL,ALBACETE,905.0,2024,366,20,19,0,3,5,-5.8,2024-01-08,23.9,2024-07-30,20.3,2024-07-05,2024-09-01
4007Y,OSSA DE MONTIEL,ALBACETE,905.0,2025,365,23,22,0,0,4,-7.2,2025-01-15,21.6,2025-06-21,20.3,2025-06-21,2025-09-20
4051Y,ALCÁZAR DEL REY,CUENCA,875.0,2017,356,11,11,0,0,2,-7.3,2017-01-18,21.6,2017-07-14,19.5,2017-06-15,2017-08-23
4051Y,ALCÁZAR DEL REY,CUENCA,875.0,2018,353,2,2,0,0,1,-7.8,2018-02-09,21.4,2018-08-07,17.8,2018-08-05,2018-08-07
4051Y,ALCÁZAR DEL REY,CUENCA,875.0,2019,364,6,6,0,1,3,-6.2,2019-01-19,22.1,2019-07-13,18.1,2019-06-30,2019-07-25
4051Y,ALCÁZAR DEL REY,CUENCA,875.0,2020,341,9,9,0,1,4,-6.9,2020-01-14,22.1,2020-08-08,18.6,2020-07-08,2020-08-09
4051Y,ALCÁZAR DEL REY,CUENCA,875.0,2021,363,5,5,0,2,2,-13.9,2021-01-13,24.2,2021-08-15,17.9,2021-08-11,2021-08-23
4051Y,ALCÁZAR DEL REY,CUENCA,875.0,2022,325,10,10,0,2,4,-5.5,2022-01-16,22.4,2022-06-15,18.8,2022-06-13,2022-08-02
4051Y,ALCÁZAR DEL REY,CUENCA,875.0,2023,365,10,10,0,1,4,-8.3,2023-03-01,22.9,2023-08-10,18.9,2023-07-11,2023-08-22
4051Y,ALCÁZAR DEL REY,CUENCA,875.0,2024,349,9,9,0,0,4,-4.7,2024-12-29,21.4,2024-07-25,19.3,2024-07-25,2024-08-11
4051Y,ALCÁZAR DEL REY,CUENCA,875.0,2025,357,11,11,0,0,3,-8.0,2025-01-15,21.5,2025-08-25,19.2,2025-06-24,2025-08-27
4061X,QUINTANAR DE LA ORDEN,TOLEDO,691.0,2017,302,15,15,0,2,12,-7.4,2017-01-18,22.9,2017-08-05,19.7,2017-08-05,2017-08-27
4061X,QUINTANAR DE LA ORDEN,TOLEDO,691.0,2019,329,19,19,0,5,7,-4.0,2019-02-04,22.8,2019-07-12,20.2,2019-06-28,2019-08-30
4064Y,ALCAZAR DE SAN JUAN,CIUDAD REAL,640.0,2017,365,46,46,0,15,13,-6.8,2017-01-18,24.7,2017-08-05,21.7,2017-06-12,2017-08-27
4064Y,ALCAZAR DE SAN JUAN,CIUDAD REAL,640.0,2018,365,29,27,0,7,8,-4.6,2018-02-08,23.7,2018-08-03,20.7,2018-06-25,2018-09-03
4064Y,ALCAZAR DE SAN JUAN,CIUDAD REAL,640.0,2019,364,34,33,0,7,12,-4.4,2019-01-12,23.5,2019-06-30,21.0,2019-06-27,2019-09-02
4064Y,ALCAZAR DE SAN JUAN,CIUDAD REAL,640.0,2020,365,45,45,0,12,23,-3.2,2020-12-27,24.0,2020-07-28,21.5,2020-06-24,2020-08-28
4064Y,ALCAZAR DE SAN JUAN,CIUDAD REAL,640.0,2021,341,27,25,2,12,9,-6.8,2021-01-12,26.2,2021-08-15,21.0,2021-06-16,2021-09-07
4064Y,ALCAZAR DE SAN JUAN,CIUDAD REAL,640.0,2022,364,56,55,1,30,24,-3.4,2022-01-19,25.2,2022-07-25,22.7,2022-06-10,2022-09-12
4064Y,ALCAZAR DE SAN JUAN,CIUDAD REAL,640.0,2023,363,54,54,2,21,11,-4.1,2023-01-25,25.9,2023-07-11,22.4,2023-06-17,2023-08-26
4064Y,ALCAZAR DE SAN JUAN,CIUDAD REAL,640.0,2024,364,51,49,0,29,22,-3.0,2024-12-15,24.8,2024-07-25,22.7,2024-06-07,2024-09-02
4064Y,ALCAZAR DE SAN JUAN,CIUDAD REAL,640.0,2025,364,59,56,1,33,17,-3.6,2025-01-15,25.6,2025-08-18,22.8,2025-06-01,2025-09-20
4067,MADRIDEJOS,TOLEDO,690.0,2017,358,12,12,0,1,2,-9.3,2017-01-18,23.1,2017-07-18,19.3,2017-06-15,2017-08-26
4067,MADRIDEJOS,TOLEDO,690.0,2018,345,1,1,0,0,1,-8.5,2018-02-24,20.8,2018-08-07,18.2,2018-08-07,2018-08-07
4067,MADRIDEJOS,TOLEDO,690.0,2019,336,7,7,0,2,2,-6.3,2019-01-08,22.5,2019-07-13,18.9,2019-06-30,2019-08-17
4067,MADRIDEJOS,TOLEDO,690.0,2020,365,12,12,0,2,4,-4.8,2020-01-12,22.3,2020-07-08,19.4,2020-07-01,2020-08-08
4067,MADRIDEJOS,TOLEDO,690.0,2021,355,9,9,0,1,2,-13.5,2021-01-12,22.1,2021-08-14,18.6,2021-06-15,2021-08-15
4067,MADRIDEJOS,TOLEDO,690.0,2022,350,23,22,0,0,3,-6.8,2022-01-29,22.0,2022-08-10,20.5,2022-06-15,2022-09-12
4067,MADRIDEJOS,TOLEDO,690.0,2023,363,17,17,0,6,3,-7.5,2023-03-01,23.1,2023-07-19,19.9,2023-06-19,2023-08-26
4067,MADRIDEJOS,TOLEDO,690.0,2024,339,18,18,0,2,5,-5.4,2024-12-12,22.4,2024-07-29,20.1,2024-07-06,2024-08-29
4067,MADRIDEJOS,TOLEDO,690.0,2025,332,18,18,0,3,4,-7.8,2025-01-14,23.4,2025-07-03,20.2,2025-06-11,2025-08-15
4070Y,ABIA DE OBISPALIA,CUENCA,1020.0,2017,365,3,3,0,0,2,-9.1,2017-01-18,21.4,2017-06-17,18.0,2017-06-17,2017-08-05
4070Y,ABIA DE OBISPALIA,CUENCA,1020.0,2018,364,1,1,0,0,1,-8.3,2018-02-09,20.4,2018-08-01,16.9,2018-08-01,2018-08-01
4070Y,ABIA DE OBISPALIA,CUENCA,1020.0,2019,364,2,2,0,0,1,-5.8,2019-01-19,21.5,2019-06-30,16.9,2019-06-27,2019-06-30
4070Y,ABIA DE OBISPALIA,CUENCA,1020.0,2020,366,3,3,0,1,2,-5.7,2020-12-31,22.1,2020-08-09,17.2,2020-07-27,2020-08-09
4070Y,ABIA DE OBISPALIA,CUENCA,1020.0,2022,365,6,6,0,0,2,-5.2,2022-01-14,21.7,2022-06-15,19.0,2022-06-15,2022-08-03
4070Y,ABIA DE OBISPALIA,CUENCA,1020.0,2023,365,2,2,0,1,1,-8.2,2023-03-02,22.7,2023-07-18,17.7,2023-07-11,2023-07-18
4070Y,ABIA DE OBISPALIA,CUENCA,1020.0,2024,333,5,5,0,0,3,-4.4,2024-01-12,21.2,2024-07-30,17.6,2024-07-30,2024-08-10
4070Y,ABIA DE OBISPALIA,CUENCA,1020.0,2025,365,4,4,0,0,1,-7.8,2025-01-14,20.8,2025-08-08,18.1,2025-06-29,2025-08-25
4075Y,VILLARES DEL SAZ,CUENCA,870.0,2017,352,12,12,0,2,3,-7.1,2017-01-18,22.5,2017-08-05,19.7,2017-06-15,2017-08-23
4075Y,VILLARES DEL SAZ,CUENCA,870.0,2018,365,6,6,0,0,3,-7.5,2018-02-09,21.5,2018-08-06,18.6,2018-08-01,2018-08-07
4075Y,VILLARES DEL SAZ,CUENCA,870.0,2019,364,8,8,0,1,3,-6.2,2019-01-19,22.5,2019-07-13,18.8,2019-06-27,2019-07-26
4075Y,VILLARES DEL SAZ,CUENCA,870.0,2020,356,12,12,0,1,5,-5.5,2020-01-13,22.2,2020-07-31,19.2,2020-07-07,2020-08-10
4075Y,VILLARES DEL SAZ,CUENCA,870.0,2021,333,10,9,0,2,5,-15.5,2021-01-12,23.6,2021-08-15,19.2,2021-07-11,2021-09-07
4075Y,VILLARES DEL SAZ,CUENCA,870.0,2022,331,25,24,0,2,7,-5.1,2022-01-16,22.5,2022-07-14,20.5,2022-06-14,2022-09-12
4075Y,VILLARES DEL SAZ,CUENCA,870.0,2023,360,20,20,0,3,4,-6.3,2023-03-02,23.2,2023-07-11,20.2,2023-06-26,2023-08-26
4075Y,VILLARES DEL SAZ,CUENCA,870.0,2024,330,13,13,0,1,7,-4.1,2024-12-21,22.4,2024-07-30,19.7,2024-07-30,2024-08-27
4075Y,VILLARES DEL SAZ,CUENCA,870.0,2025,363,31,31,0,2,8,-6.5,2025-01-13,22.6,2025-08-18,20.6,2025-06-11,2025-08-27
4089A,ALBERCA DE ZANCARA,CUENCA,858.0,2017,365,10,10,0,0,2,-6.5,2017-01-18,21.8,2017-07-14,19.5,2017-06-15,2017-08-19
4089A,ALBERCA DE ZANCARA,CUENCA,858.0,2019,364,1,1,0,0,1,-5.1,2019-01-11,20.5,2019-07-13,18.0,2019-07-13,2019-07-13
4089A,ALBERCA DE ZANCARA,CUENCA,858.0,2020,351,3,3,0,0,2,-5.7,2020-01-13,21.3,2020-07-31,18.6,2020-07-31,2020-08-10
4089A,ALBERCA DE ZANCARA,CUENCA,858.0,2021,333,6,6,0,2,5,-15.9,2021-01-12,23.9,2021-08-15,18.3,2021-07-11,2021-08-15
4089A,ALBERCA DE ZANCARA,CUENCA,858.0,2022,364,8,7,0,0,2,-4.0,2022-01-17,21.3,2022-07-30,19.6,2022-06-15,2022-09-12
4089A,ALBERCA DE ZANCARA,CUENCA,858.0,2023,351,9,9,0,1,2,-5.7,2023-03-01,22.1,2023-08-10,19.5,2023-07-10,2023-08-22
4089A,ALBERCA DE ZANCARA,CUENCA,858.0,2024,366,6,6,0,1,2,-2.9,2024-12-14,22.3,2024-07-30,19.3,2024-07-19,2024-08-21
4089A,ALBERCA DE ZANCARA,CUENCA,858.0,2025,347,12,12,0,0,3,-5.7,2025-01-13,21.7,2025-08-12,19.7,2025-06-11,2025-08-25
4090Y,SAN CLEMENTE,CUENCA,728.0,2017,300,11,11,0,0,4,-8.3,2017-01-18,21.0,2017-06-22,19.5,2017-06-16,2017-08-26
4090Y,SAN CLEMENTE,CUENCA,728.0,2018,324,8,8,0,0,3,-6.0,2018-02-23,22.0,2018-08-06,19.2,2018-08-01,2018-08-28
4090Y,SAN CLEMENTE,CUENCA,728.0,2019,331,5,5,0,0,2,-7.6,2019-01-11,21.6,2019-07-25,18.5,2019-07-16,2019-07-26
4090Y,SAN CLEMENTE,CUENCA,728.0,2020,357,10,10,0,0,3,-5.3,2020-01-13,22.0,2020-08-10,19.1,2020-07-08,2020-08-10
4090Y,SAN CLEMENTE,CUENCA,728.0,2021,351,9,8,0,2,5,-16.0,2021-01-12,24.5,2021-08-15,18.5,2021-07-11,2021-09-07
4090Y,SAN CLEMENTE,CUENCA,728.0,2022,335,20,19,0,0,4,-5.2,2022-01-16,21.8,2022-06-15,20.2,2022-06-15,2022-09-12
4090Y,SAN CLEMENTE,CUENCA,728.0,2023,349,15,15,0,1,4,-7.5,2023-03-02,22.7,2023-07-11,19.8,2023-06-26,2023-08-22
4090Y,SAN CLEMENTE,CUENCA,728.0,2024,366,14,14,0,2,5,-5.6,2024-12-21,23.7,2024-07-30,19.9,2024-07-26,2024-08-27
4090Y,SAN CLEMENTE,CUENCA,728.0,2025,361,17,17,0,0,3,-7.3,2025-01-15,21.7,2025-07-03,20.0,2025-06-11,2025-08-27
4091Y,VILLARROBLEDO,ALBACETE,718.0,2017,365,12,12,0,1,3,-9.7,2017-01-18,22.1,2017-07-14,19.4,2017-06-15,2017-08-19
4091Y,VILLARROBLEDO,ALBACETE,718.0,2018,365,5,5,0,0,3,-7.2,2018-02-08,21.2,2018-08-05,18.6,2018-08-05,2018-08-28
4091Y,VILLARROBLEDO,ALBACETE,718.0,2019,364,3,3,0,1,1,-7.7,2019-01-11,22.9,2019-07-13,18.8,2019-07-13,2019-08-18
4091Y,VILLARROBLEDO,ALBACETE,718.0,2020,366,5,5,0,1,2,-5.3,2020-01-13,22.7,2020-08-01,19.2,2020-07-01,2020-08-01
4091Y,VILLARROBLEDO,ALBACETE,718.0,2021,365,9,9,0,1,6,-11.1,2021-01-12,23.7,2021-08-15,18.8,2021-07-11,2021-08-16
4091Y,VILLARROBLEDO,ALBACETE,718.0,2022,362,16,15,0,1,4,-5.5,2022-01-16,22.2,2022-07-30,19.7,2022-06-15,2022-09-12
4091Y,VILLARROBLEDO,ALBACETE,718.0,2023,357,17,17,0,1,3,-6.8,2023-03-01,23.9,2023-08-10,19.8,2023-06-26,2023-08-26
4091Y,VILLARROBLEDO,ALBACETE,718.0,2024,366,20,20,0,1,4,-5.0,2024-12-21,22.8,2024-08-06,20.2,2024-07-06,2024-08-22
4091Y,VILLARROBLEDO,ALBACETE,718.0,2025,365,28,28,0,3,7,-5.8,2025-01-13,23.5,2025-07-03,20.9,2025-06-11,2025-08-27
4093Y,OSA DE LA VEGA,CUENCA,763.0,2017,364,7,7,0,0,3,-7.5,2017-01-18,21.4,2017-06-17,19.2,2017-06-17,2017-08-05
4093Y,OSA DE LA VEGA,CUENCA,763.0,2018,365,8,8,0,0,3,-9.5,2018-02-09,21.7,2018-08-05,18.6,2018-07-22,2018-08-12
4093Y,OSA DE LA VEGA,CUENCA,763.0,2019,364,6,6,0,0,3,-6.6,2019-01-19,21.4,2019-07-13,18.9,2019-07-13,2019-07-25
4093Y,OSA DE LA VEGA,CUENCA,763.0,2020,321,9,9,0,0,3,-6.2,2020-01-13,21.4,2020-07-29,18.8,2020-07-08,2020-08-24
4093Y,OSA DE LA VEGA,CUENCA,763.0,2021,362,7,6,0,1,5,-12.0,2021-01-12,22.3,2021-08-15,18.6,2021-08-11,2021-09-07
4093Y,OSA DE LA VEGA,CUENCA,763.0,2022,363,25,24,0,1,8,-5.1,2022-01-19,22.3,2022-07-16,20.2,2022-06-18,2022-09-12
4093Y,OSA DE LA VEGA,CUENCA,763.0,2023,363,8,8,0,1,3,-7.1,2023-03-02,22.5,2023-08-21,19.2,2023-07-10,2023-08-22
4093Y,OSA DE LA VEGA,CUENCA,763.0,2024,365,10,10,0,1,4,-3.5,2024-01-08,23.3,2024-07-30,19.3,2024-07-28,2024-08-21
4093Y,OSA DE LA VEGA,CUENCA,763.0,2025,364,15,15,0,0,3,-7.3,2025-01-13,22.0,2025-06-30,19.5,2025-06-23,2025-08-26
4095Y,BELMONTE,CUENCA,745.0,2017,337,36,36,0,7,10,-5.8,2017-01-08,24.4,2017-08-05,21.0,2017-06-11,2017-08-26
4095Y,BELMONTE,CUENCA,745.0,2018,346,15,15,0,6,8,-7.0,2018-02-09,23.8,2018-08-05,19.9,2018-07-22,2018-08-28
4095Y,BELMONTE,CUENCA,745.0,2019,363,19,18,0,7,8,-4.9,2019-01-11,24.1,2019-06-30,20.2,2019-06-27,2019-09-01
4095Y,BELMONTE,CUENCA,745.0,2023,363,33,33,1,12,6,-6.7,2023-03-02,25.1,2023-08-21,21.3,2023-06-25,2023-08-25
4095Y,BELMONTE,CUENCA,745.0,2024,366,38,37,0,17,12,-2.9,2024-01-08,24.6,2024-07-25,21.8,2024-07-05,2024-09-02
4095Y,BELMONTE,CUENCA,745.0,2025,350,43,41,1,21,13,-5.0,2025-01-13,25.7,2025-08-12,22.5,2025-05-30,2025-09-18
4096Y,MUNERA,ALBACETE,918.0,2018,353,0,0,0,0,0,-11.2,2018-02-08,18.9,2018-08-05,16.5,,
4096Y,MUNERA,ALBACETE,918.0,2020,360,1,1,0,0,1,-6.9,2020-01-13,20.4,2020-07-27,16.5,2020-07-27,2020-07-27
4096Y,MUNERA,ALBACETE,918.0,2021,363,1,1,0,0,1,-13.0,2021-01-12,21.8,2021-08-15,16.9,2021-08-15,2021-08-15
4096Y,MUNERA,ALBACETE,918.0,2022,365,3,3,0,0,1,-7.5,2022-01-17,20.5,2022-07-30,17.6,2022-07-11,2022-08-29
4096Y,MUNERA,ALBACETE,918.0,2023,362,1,1,0,0,1,-10.4,2023-03-01,20.2,2023-07-24,17.0,2023-07-24,2023-07-24
4096Y,MUNERA,ALBACETE,918.0,2024,366,14,13,0,1,4,-7.9,2024-12-21,22.1,2024-07-30,18.6,2024-07-24,2024-09-01
4096Y,MUNERA,ALBACETE,918.0,2025,361,1,1,0,0,1,-9.4,2025-01-13,20.3,2025-07-17,17.8,2025-07-17,2025-07-17
4103X,TOMELLOSO,CIUDAD REAL,662.0,2017,334,10,10,0,2,3,-9.8,2017-01-18,24.3,2017-06-22,19.2,2017-06-15,2017-08-24
4103X,TOMELLOSO,CIUDAD REAL,662.0,2018,353,12,11,0,0,2,-8.0,2018-02-24,22.0,2018-08-06,19.5,2018-06-26,2018-09-03
4103X,TOMELLOSO,CIUDAD REAL,662.0,2019,360,16,15,0,5,3,-7.8,2019-01-11,23.9,2019-07-20,19.6,2019-06-30,2019-09-02
4103X,TOMELLOSO,CIUDAD REAL,662.0,2020,361,15,15,1,5,4,-6.2,2020-01-13,25.8,2020-08-01,19.8,2020-06-26,2020-08-28
4103X,TOMELLOSO,CIUDAD REAL,662.0,2021,350,14,14,1,4,3,-8.0,2021-01-06,25.3,2021-08-15,19.5,2021-07-04,2021-08-28
4103X,TOMELLOSO,CIUDAD REAL,662.0,2022,359,25,22,0,6,3,-6.9,2022-01-19,23.8,2022-07-25,20.6,2022-06-15,2022-09-13
4103X,TOMELLOSO,CIUDAD REAL,662.0,2023,362,31,30,1,11,5,-6.5,2023-02-01,25.2,2023-08-10,21.2,2023-06-18,2023-09-01
4103X,TOMELLOSO,CIUDAD REAL,662.0,2024,360,30,27,1,12,7,-5.8,2024-12-11,25.6,2024-07-25,20.8,2024-07-06,2024-09-03
4103X,TOMELLOSO,CIUDAD REAL,662.0,2025,329,20,20,0,8,4,-7.5,2025-01-15,24.2,2025-07-09,20.8,2025-06-02,2025-08-27
4116I,ALMAGRO / FAMET,CIUDAD REAL,626.0,2017,365,27,27,0,7,5,-6.4,2017-01-18,23.9,2017-08-05,20.8,2017-06-09,2017-08-26
4116I,ALMAGRO / FAMET,CIUDAD REAL,626.0,2018,365,16,15,0,1,5,-7.6,2018-02-24,22.9,2018-08-04,19.8,2018-06-26,2018-09-03
4116I,ALMAGRO / FAMET,CIUDAD REAL,626.0,2019,364,26,25,0,6,5,-5.2,2019-01-13,24.4,2019-06-30,21.0,2019-06-26,2019-09-02
4116I,ALMAGRO / FAMET,CIUDAD REAL,626.0,2020,365,7,7,0,4,1,-5.4,2020-01-13,24.6,2020-08-01,19.0,2020-06-24,2020-08-08
4116I,ALMAGRO / FAMET,CIUDAD REAL,626.0,2021,365,9,8,0,0,2,-7.7,2021-01-06,21.9,2021-07-18,18.6,2021-07-18,2021-09-06
4116I,ALMAGRO / FAMET,CIUDAD REAL,626.0,2022,364,13,12,0,3,2,-6.4,2022-01-17,23.2,2022-07-11,19.4,2022-06-15,2022-09-12
4116I,ALMAGRO / FAMET,CIUDAD REAL,626.0,2023,364,34,34,0,9,5,-7.4,2023-02-28,24.7,2023-07-19,21.0,2023-06-18,2023-08-26
4116I,ALMAGRO / FAMET,CIUDAD REAL,626.0,2024,366,36,35,0,14,15,-4.5,2024-12-29,24.8,2024-07-25,21.8,2024-07-06,2024-09-01
4116I,ALMAGRO / FAMET,CIUDAD REAL,626.0,2025,365,33,32,0,13,4,-6.7,2025-01-14,23.3,2025-08-06,21.4,2025-06-11,2025-09-19
4121,CIUDAD REAL,CIUDAD REAL,626.0,2017,365,48,48,0,19,10,-4.7,2017-01-18,24.7,2017-08-23,22.2,2017-06-03,2017-08-27
4121,CIUDAD REAL,CIUDAD REAL,626.0,2018,365,26,25,0,8,6,-4.6,2018-02-09,23.7,2018-08-04,21.1,2018-06-25,2018-09-03
4121,CIUDAD REAL,CIUDAD REAL,626.0,2019,365,42,41,0,17,12,-4.4,2019-01-12,24.1,2019-06-30,21.9,2019-06-03,2019-09-02
4121,CIUDAD REAL,CIUDAD REAL,626.0,2020,366,36,36,2,13,15,-3.5,2020-12-27,25.5,2020-08-01,21.6,2020-06-24,2020-08-28
4121,CIUDAD REAL,CIUDAD REAL,626.0,2021,365,36,35,0,14,8,-6.3,2021-01-12,24.7,2021-08-15,21.2,2021-06-14,2021-09-06
4121,CIUDAD REAL,CIUDAD REAL,626.0,2022,365,53,51,2,28,17,-4.2,2022-01-19,26.5,2022-07-25,22.7,2022-06-10,2022-09-12
4121,CIUDAD REAL,CIUDAD REAL,626.0,2023,365,54,51,4,24,8,-4.1,2023-01-31,26.8,2023-08-10,22.6,2023-06-17,2023-09-09
4121,CIUDAD REAL,CIUDAD REAL,626.0,2024,365,54,51,4,30,22,-2.9,2024-12-31,26.2,2024-07-27,22.6,2024-06-05,2024-09-03
4121,CIUDAD REAL,CIUDAD REAL,626.0,2025,364,53,52,0,23,17,-5.1,2025-01-15,24.8,2025-08-25,22.7,2025-06-02,2025-09-19
4138Y,VILLANUEVA DE LOS INFANTES,CIUDAD REAL,900.0,2017,316,25,25,1,5,5,-8.1,2017-01-18,26.6,2017-07-13,20.7,2017-06-15,2017-08-26
4138Y,VILLANUEVA DE LOS INFANTES,CIUDAD REAL,900.0,2018,351,9,7,0,1,6,-5.9,2018-02-08,22.3,2018-08-28,18.7,2018-08-01,2018-09-03
4138Y,VILLANUEVA DE LOS INFANTES,CIUDAD REAL,900.0,2019,307,5,5,0,0,3,-6.6,2019-01-11,21.9,2019-07-21,18.7,2019-07-12,2019-07-21
4138Y,VILLANUEVA DE LOS INFANTES,CIUDAD REAL,900.0,2020,351,15,15,0,5,5,-4.3,2020-12-26,23.0,2020-07-08,19.9,2020-06-24,2020-08-27
4138Y,VILLANUEVA DE LOS INFANTES,CIUDAD REAL,900.0,2021,342,12,12,1,6,7,-6.0,2021-01-12,25.7,2021-08-14,19.1,2021-07-11,2021-08-23
4138Y,VILLANUEVA DE LOS INFANTES,CIUDAD REAL,900.0,2022,355,28,27,0,4,7,-3.2,2022-04-03,22.9,2022-07-25,20.7,2022-06-13,2022-09-12
4138Y,VILLANUEVA DE LOS INFANTES,CIUDAD REAL,900.0,2023,363,25,25,0,9,7,-6.8,2023-02-28,24.0,2023-07-11,21.1,2023-06-26,2023-08-26
4138Y,VILLANUEVA DE LOS INFANTES,CIUDAD REAL,900.0,2024,366,20,20,0,1,6,-2.8,2024-12-21,22.4,2024-07-29,20.2,2024-07-05,2024-08-18
4138Y,VILLANUEVA DE LOS INFANTES,CIUDAD REAL,900.0,2025,361,24,23,0,3,9,-4.4,2025-01-14,23.1,2025-08-18,20.4,2025-06-18,2025-09-19
4147X,VALDEPEÑAS,CIUDAD REAL,700.0,2017,365,40,40,0,18,9,-6.4,2017-01-18,24.7,2017-07-17,22.0,2017-06-09,2017-08-26
4147X,VALDEPEÑAS,CIUDAD REAL,700.0,2018,359,27,24,0,7,7,-6.7,2018-02-24,23.9,2018-08-06,20.5,2018-06-24,2018-09-03
4147X,VALDEPEÑAS,CIUDAD REAL,700.0,2019,362,27,25,1,9,8,-6.3,2019-01-12,25.3,2019-07-21,20.6,2019-06-27,2019-09-04
4147X,VALDEPEÑAS,CIUDAD REAL,700.0,2020,366,34,34,1,14,11,-4.9,2020-12-27,25.5,2020-07-27,21.6,2020-06-24,2020-08-28
4147X,VALDEPEÑAS,CIUDAD REAL,700.0,2021,362,29,27,0,14,7,-7.1,2021-01-12,24.9,2021-08-14,21.2,2021-06-11,2021-09-07
4147X,VALDEPEÑAS,CIUDAD REAL,700.0,2022,360,47,46,2,24,11,-4.6,2022-01-19,25.2,2022-08-29,22.5,2022-06-11,2022-09-12
4147X,VALDEPEÑAS,CIUDAD REAL,700.0,2023,364,44,42,3,20,7,-5.6,2023-02-28,26.1,2023-08-10,22.2,2023-06-17,2023-09-07
4147X,VALDEPEÑAS,CIUDAD REAL,700.0,2024,366,49,47,0,22,22,-3.8,2024-12-29,24.9,2024-07-24,22.4,2024-06-07,2024-09-02
4147X,VALDEPEÑAS,CIUDAD REAL,700.0,2025,362,53,51,0,29,17,-6.5,2025-01-15,23.8,2025-06-28,22.6,2025-06-02,2025-09-19
4148,VISO DEL MARQUÉS,CIUDAD REAL,804.0,2018,342,8,5,0,4,3,-5.1,2018-02-09,22.6,2018-08-02,19.0,2018-08-01,2018-09-03
4148,VISO DEL MARQUÉS,CIUDAD REAL,804.0,2019,362,13,13,0,3,7,-5.9,2019-01-11,24.7,2019-07-21,19.5,2019-06-29,2019-08-29
4148,VISO DEL MARQUÉS,CIUDAD REAL,804.0,2020,318,1,1,0,0,1,-5.1,2020-01-11,21.3,2020-07-21,17.6,2020-07-21,2020-07-21
4148,VISO DEL MARQUÉS,CIUDAD REAL,804.0,2021,323,20,20,2,9,7,-5.7,2021-01-06,26.7,2021-08-15,20.4,2021-07-10,2021-08-23
4148,VISO DEL MARQUÉS,CIUDAD REAL,804.0,2022,365,46,44,1,26,11,-3.9,2022-01-22,25.1,2022-07-11,22.5,2022-05-21,2022-09-12
4148,VISO DEL MARQUÉS,CIUDAD REAL,804.0,2023,362,41,41,1,16,7,-6.5,2023-01-25,25.5,2023-07-11,21.9,2023-06-17,2023-08-26
4148,VISO DEL MARQUÉS,CIUDAD REAL,804.0,2024,361,37,36,0,8,21,-3.8,2024-01-08,24.4,2024-07-05,21.2,2024-07-05,2024-09-01
4148,VISO DEL MARQUÉS,CIUDAD REAL,804.0,2025,356,44,41,0,20,16,-7.0,2025-01-14,23.9,2025-06-29,22.1,2025-05-30,2025-09-19
4193Y,EL ROBLEDO,CIUDAD REAL,587.0,2017,365,21,21,0,3,8,-4.9,2017-12-06,23.1,2017-06-22,20.4,2017-06-12,2017-08-27
4193Y,EL ROBLEDO,CIUDAD REAL,587.0,2018,365,8,7,0,1,4,-5.9,2018-02-24,23.6,2018-08-04,19.0,2018-06-26,2018-09-03
4193Y,EL ROBLEDO,CIUDAD REAL,587.0,2019,365,12,12,0,4,4,-4.6,2019-01-06,23.5,2019-07-13,19.4,2019-06-29,2019-08-09
4193Y,EL ROBLEDO,CIUDAD REAL,587.0,2020,366,17,17,0,7,4,-4.5,2020-12-31,22.4,2020-07-12,19.7,2020-06-24,2020-08-09
4193Y,EL ROBLEDO,CIUDAD REAL,587.0,2021,365,13,12,0,2,3,-7.2,2021-01-06,22.3,2021-08-17,19.1,2021-06-15,2021-09-06
4193Y,EL ROBLEDO,CIUDAD REAL,587.0,2023,363,17,17,0,5,3,-5.1,2023-03-02,23.3,2023-08-22,19.7,2023-06-19,2023-08-26
4193Y,EL ROBLEDO,CIUDAD REAL,587.0,2024,353,19,17,0,8,4,-3.9,2024-12-31,24.4,2024-07-29,20.1,2024-07-22,2024-09-02
4193Y,EL ROBLEDO,CIUDAD REAL,587.0,2025,363,26,25,0,6,4,-6.5,2025-01-15,23.6,2025-07-08,20.3,2025-06-16,2025-09-07
4195E,"ALCORNOQUERA, PARQUE NACIONAL CABAÑEROS",CIUDAD REAL,651.0,2024,366,11,11,0,3,4,-3.1,2024-12-31,22.5,2024-08-19,19.6,2024-06-24,2024-08-29
4195E,"ALCORNOQUERA, PARQUE NACIONAL CABAÑEROS",CIUDAD REAL,651.0,2025,354,9,9,0,1,2,-5.6,2025-01-15,22.9,2025-07-08,19.3,2025-06-17,2025-08-25
4210Y,ABENÓJAR,CIUDAD REAL,718.0,2017,364,30,30,0,6,9,-4.5,2017-01-18,23.9,2017-07-14,20.5,2017-06-12,2017-08-26
4210Y,ABENÓJAR,CIUDAD REAL,718.0,2018,314,10,9,0,3,6,-2.0,2018-01-09,22.7,2018-08-02,19.1,2018-06-24,2018-09-02
4210Y,ABENÓJAR,CIUDAD REAL,718.0,2019,330,15,13,0,4,4,-2.8,2019-02-03,23.0,2019-07-12,20.0,2019-06-28,2019-09-04
4210Y,ABENÓJAR,CIUDAD REAL,718.0,2020,333,23,23,0,4,6,-3.9,2020-12-26,23.8,2020-07-30,20.5,2020-06-24,2020-08-09
4210Y,ABENÓJAR,CIUDAD REAL,718.0,2021,365,14,13,0,6,8,-6.0,2021-01-12,24.4,2021-07-11,19.4,2021-07-10,2021-09-06
4210Y,ABENÓJAR,CIUDAD REAL,718.0,2022,364,33,32,0,9,8,-2.3,2022-01-21,23.8,2022-08-01,21.1,2022-06-10,2022-09-12
4210Y,ABENÓJAR,CIUDAD REAL,718.0,2023,364,20,20,0,9,6,-4.7,2023-03-02,24.6,2023-08-09,20.3,2023-06-24,2023-08-25
4210Y,ABENÓJAR,CIUDAD REAL,718.0,2024,366,29,29,0,5,9,-2.5,2024-01-08,23.3,2024-07-24,20.8,2024-07-04,2024-08-30
4210Y,ABENÓJAR,CIUDAD REAL,718.0,2025,362,33,32,1,10,9,-4.0,2025-01-15,25.1,2025-08-17,21.4,2025-06-16,2025-09-19
4220X,PUEBLA DE DON RODRIGO,CIUDAD REAL,533.0,2018,321,1,0,0,0,1,-7.9,2018-02-24,20.1,2018-09-03,17.5,2018-09-03,2018-09-03
4220X,PUEBLA DE DON RODRIGO,CIUDAD REAL,533.0,2019,346,18,18,0,5,7,-6.5,2019-01-12,24.4,2019-07-23,20.4,2019-06-26,2019-08-20
4220X,PUEBLA DE DON RODRIGO,CIUDAD REAL,533.0,2021,365,9,8,0,0,2,-7.6,2021-01-12,21.9,2021-08-15,18.6,2021-06-16,2021-09-06
4220X,PUEBLA DE DON RODRIGO,CIUDAD REAL,533.0,2022,365,22,22,0,8,7,-5.7,2022-01-19,24.6,2022-07-11,20.8,2022-06-11,2022-08-29
4220X,PUEBLA DE DON RODRIGO,CIUDAD REAL,533.0,2023,362,17,17,0,3,3,-5.8,2023-01-31,23.7,2023-06-26,19.7,2023-06-26,2023-08-26
4220X,PUEBLA DE DON RODRIGO,CIUDAD REAL,533.0,2025,355,23,22,0,4,4,-6.6,2025-01-15,24.0,2025-08-17,21.0,2025-06-19,2025-09-19
4236Y,PUERTO REY,CACERES,689.0,2017,365,26,25,0,10,5,-4.3,2017-01-01,24.0,2017-08-21,20.6,2017-06-11,2017-09-07
4236Y,PUERTO REY,CACERES,689.0,2018,365,12,10,2,5,6,-3.7,2018-02-09,27.1,2018-08-04,19.8,2018-07-22,2018-09-24
4236Y,PUERTO REY,CACERES,689.0,2019,354,16,14,0,2,7,-2.5,2019-02-03,23.8,2019-07-22,19.8,2019-06-30,2019-09-04
4236Y,PUERTO REY,CACERES,689.0,2020,362,32,32,0,11,9,-4.0,2020-12-31,23.8,2020-07-27,21.4,2020-06-23,2020-08-10
4236Y,PUERTO REY,CACERES,689.0,2021,361,15,14,1,9,6,-5.5,2021-01-12,25.6,2021-08-14,19.5,2021-06-15,2021-09-06
4236Y,PUERTO REY,CACERES,689.0,2022,365,39,37,0,19,10,-1.5,2022-01-19,24.8,2022-07-15,22.1,2022-05-21,2022-09-12
4236Y,PUERTO REY,CACERES,689.0,2023,365,40,35,4,20,7,-3.8,2023-03-02,26.6,2023-08-23,22.4,2023-06-17,2023-10-05
4236Y,PUERTO REY,CACERES,689.0,2024,366,47,44,3,24,11,0.0,2024-03-03,25.2,2024-08-10,22.8,2024-05-29,2024-08-28
4236Y,PUERTO REY,CACERES,689.0,2025,365,60,53,4,31,23,-1.3,2025-01-15,26.4,2025-08-11,23.2,2025-05-29,2025-09-19
4244X,HERRERA DEL DUQUE,BADAJOZ,447.0,2017,349,31,31,0,13,8,-3.4,2017-01-18,24.7,2017-08-22,21.3,2017-06-12,2017-08-27
4244X,HERRERA DEL DUQUE,BADAJOZ,447.0,2018,352,29,25,1,7,7,-3.6,2018-02-24,26.0,2018-08-04,20.6,2018-06-20,2018-09-26
4244X,HERRERA DEL DUQUE,BADAJOZ,447.0,2019,363,27,26,1,9,7,-3.0,2019-01-12,25.5,2019-07-12,20.6,2019-06-03,2019-09-02
4244X,HERRERA DEL DUQUE,BADAJOZ,447.0,2020,354,33,32,2,14,9,-3.7,2020-12-27,25.4,2020-08-08,21.5,2020-06-24,2020-09-17
4244X,HERRERA DEL DUQUE,BADAJOZ,447.0,2021,359,23,19,0,7,7,-6.1,2021-01-12,24.4,2021-08-12,20.3,2021-05-31,2021-09-13
4244X,HERRERA DEL DUQUE,BADAJOZ,447.0,2022,365,46,45,0,22,14,-2.8,2022-01-19,24.5,2022-07-15,22.3,2022-06-10,2022-09-12
4244X,HERRERA DEL DUQUE,BADAJOZ,447.0,2023,361,45,42,4,17,10,-4.6,2023-03-02,28.3,2023-08-09,22.0,2023-06-17,2023-09-09
4244X,HERRERA DEL DUQUE,BADAJOZ,447.0,2024,357,31,30,0,10,8,-3.1,2024-12-10,24.9,2024-08-12,21.1,2024-06-24,2024-09-01
4244X,HERRERA DEL DUQUE,BADAJOZ,447.0,2025,364,29,28,0,6,4,-5.8,2025-01-15,24.2,2025-08-17,20.9,2025-06-18,2025-09-19
4245X,GUADALUPE,CACERES,660.0,2017,353,22,22,0,7,7,-2.6,2017-01-18,24.0,2017-06-18,20.8,2017-06-12,2017-08-23
4245X,GUADALUPE,CACERES,660.0,2018,365,17,12,2,6,7,-1.9,2018-02-09,27.7,2018-08-04,19.9,2018-08-01,2018-09-24
4245X,GUADALUPE,CACERES,660.0,2019,365,10,9,0,1,4,-1.5,2019-02-03,22.8,2019-07-20,19.2,2019-07-11,2019-09-04
4245X,GUADALUPE,CACERES,660.0,2020,366,25,25,0,7,7,-2.0,2020-12-31,23.4,2020-07-14,21.1,2020-07-05,2020-08-26
4245X,GUADALUPE,CACERES,660.0,2021,365,12,11,2,7,5,-4.7,2021-01-05,25.8,2021-08-15,18.8,2021-07-10,2021-09-06
4245X,GUADALUPE,CACERES,660.0,2022,365,33,33,0,8,10,-0.6,2022-01-09,24.2,2022-08-01,21.4,2022-06-10,2022-08-29
4245X,GUADALUPE,CACERES,660.0,2023,364,26,26,1,9,7,-3.1,2023-03-01,25.5,2023-08-09,21.1,2023-06-24,2023-08-25
4245X,GUADALUPE,CACERES,660.0,2024,366,26,26,0,8,6,0.0,2024-01-07,23.0,2024-07-29,20.5,2024-06-25,2024-08-31
4245X,GUADALUPE,CACERES,660.0,2025,365,39,36,1,9,11,-1.6,2025-12-22,25.1,2025-06-29,21.3,2025-06-17,2025-09-19
4260,PERALEDA DEL ZAUCEJO,BADAJOZ,542.0,2017,365,9,9,0,1,3,-5.9,2017-01-18,22.1,2017-06-24,18.5,2017-06-15,2017-08-27
4260,PERALEDA DEL ZAUCEJO,BADAJOZ,542.0,2018,365,2,2,0,1,1,-6.5,2018-02-24,24.0,2018-08-04,17.7,2018-08-04,2018-08-28
4260,PERALEDA DEL ZAUCEJO,BADAJOZ,542.0,2019,365,7,7,0,0,4,-4.9,2019-01-06,21.9,2019-07-20,18.4,2019-07-12,2019-08-25
4260,PERALEDA DEL ZAUCEJO,BADAJOZ,542.0,2020,364,19,18,0,3,7,-4.4,2020-12-27,23.2,2020-07-27,20.2,2020-06-24,2020-09-14
4260,PERALEDA DEL ZAUCEJO,BADAJOZ,542.0,2021,363,6,5,0,2,3,-6.2,2021-01-12,24.6,2021-09-06,17.8,2021-07-11,2021-09-06
4260,PERALEDA DEL ZAUCEJO,BADAJOZ,542.0,2022,361,12,12,0,3,3,-4.1,2022-01-19,23.6,2022-07-25,19.2,2022-06-14,2022-08-29
4260,PERALEDA DEL ZAUCEJO,BADAJOZ,542.0,2023,365,18,18,0,6,5,-5.7,2023-02-01,24.9,2023-08-09,20.0,2023-06-25,2023-08-25
4260,PERALEDA DEL ZAUCEJO,BADAJOZ,542.0,2024,366,10,9,0,3,2,-2.6,2024-12-11,23.1,2024-07-30,19.4,2024-06-25,2024-09-01
4260,PERALEDA DEL ZAUCEJO,BADAJOZ,542.0,2025,363,10,10,0,3,3,-4.8,2025-01-15,24.5,2025-08-17,19.2,2025-07-02,2025-08-25
4263X,VALSEQUILLO,CORDOBA,575.0,2017,365,12,12,0,2,4,-6.3,2017-01-18,22.2,2017-08-27,19.6,2017-06-16,2017-08-27
4263X,VALSEQUILLO,CORDOBA,575.0,2018,365,8,8,0,1,4,-6.7,2018-02-24,22.5,2018-08-04,18.5,2018-08-02,2018-08-28
4263X,VALSEQUILLO,CORDOBA,575.0,2019,365,11,10,0,0,6,-5.3,2019-01-13,21.4,2019-07-22,19.0,2019-07-12,2019-09-02
4263X,VALSEQUILLO,CORDOBA,575.0,2020,365,20,19,0,2,6,-4.2,2020-12-27,23.0,2020-06-23,20.1,2020-06-23,2020-09-14
4263X,VALSEQUILLO,CORDOBA,575.0,2021,365,9,7,0,3,5,-5.9,2021-01-06,24.7,2021-09-06,18.7,2021-07-11,2021-09-13
4263X,VALSEQUILLO,CORDOBA,575.0,2022,365,16,16,0,7,4,-4.3,2022-01-18,23.9,2022-07-25,19.9,2022-06-14,2022-08-29
4263X,VALSEQUILLO,CORDOBA,575.0,2023,364,15,15,0,4,4,-7.0,2023-02-28,24.5,2023-08-22,19.7,2023-06-25,2023-08-25
4263X,VALSEQUILLO,CORDOBA,575.0,2024,362,20,19,0,4,4,-3.5,2024-12-31,23.3,2024-07-29,20.1,2024-06-25,2024-09-01
4263X,VALSEQUILLO,CORDOBA,575.0,2025,365,32,31,1,12,8,-5.6,2025-01-15,26.2,2025-08-17,21.3,2025-06-09,2025-09-19
4267X,HINOJOSA DEL DUQUE,CORDOBA,551.0,2017,356,19,19,0,2,4,-4.3,2017-01-18,22.6,2017-08-05,20.2,2017-06-15,2017-08-27
4267X,HINOJOSA DEL DUQUE,CORDOBA,551.0,2018,353,4,4,0,1,2,-5.0,2018-02-24,24.0,2018-08-04,18.4,2018-08-04,2018-08-12
4267X,HINOJOSA DEL DUQUE,CORDOBA,551.0,2019,347,14,13,0,2,3,-4.3,2019-02-04,23.8,2019-07-23,19.2,2019-06-29,2019-09-01
4267X,HINOJOSA DEL DUQUE,CORDOBA,551.0,2020,362,34,34,0,10,11,-4.1,2020-12-27,23.4,2020-08-08,21.4,2020-06-25,2020-08-27
4267X,HINOJOSA DEL DUQUE,CORDOBA,551.0,2021,350,14,12,0,5,7,-5.6,2021-01-06,24.4,2021-09-06,19.6,2021-07-11,2021-09-13
4267X,HINOJOSA DEL DUQUE,CORDOBA,551.0,2022,360,35,35,1,11,9,-3.9,2022-01-22,25.1,2022-08-02,21.2,2022-06-13,2022-08-30
4267X,HINOJOSA DEL DUQUE,CORDOBA,551.0,2023,362,34,34,0,14,8,-5.0,2023-01-30,24.8,2023-08-09,21.4,2023-06-18,2023-08-25
4267X,HINOJOSA DEL DUQUE,CORDOBA,551.0,2024,363,33,32,0,9,6,-2.6,2024-01-08,24.0,2024-07-30,21.2,2024-06-25,2024-09-01
4267X,HINOJOSA DEL DUQUE,CORDOBA,551.0,2025,358,43,42,1,13,11,-3.8,2025-01-15,25.1,2025-08-17,21.8,2025-06-09,2025-09-19
4300Y,ALMADÉN,CIUDAD REAL,535.0,2017,365,62,57,4,35,17,-2.8,2017-01-01,25.9,2017-08-05,23.3,2017-05-25,2017-09-08
4300Y,ALMADÉN,CIUDAD REAL,535.0,2018,365,48,39,4,18,11,-3.0,2018-02-09,26.4,2018-08-03,21.6,2018-06-17,2018-09-26
4300Y,ALMADÉN,CIUDAD REAL,535.0,2019,357,44,39,2,22,8,-0.2,2019-01-11,26.5,2019-07-23,22.4,2019-06-26,2019-09-05
4300Y,ALMADÉN,CIUDAD REAL,535.0,2020,366,56,52,4,33,37,-2.4,2020-12-27,26.8,2020-07-27,23.9,2020-06-22,2020-09-14
4300Y,ALMADÉN,CIUDAD REAL,535.0,2021,365,46,42,5,19,18,-3.7,2021-01-03,27.3,2021-08-15,22.1,2021-06-08,2021-09-13
4300Y,ALMADÉN,CIUDAD REAL,535.0,2022,365,68,60,10,45,25,0.4,2022-01-14,27.3,2022-07-14,24.0,2022-05-20,2022-10-27
4300Y,ALMADÉN,CIUDAD REAL,535.0,2023,365,57,54,10,31,20,-3.0,2023-03-02,27.3,2023-08-09,23.4,2023-04-28,2023-09-07
4300Y,ALMADÉN,CIUDAD REAL,535.0,2024,366,50,47,3,33,16,-1.0,2024-01-08,25.8,2024-07-29,23.2,2024-05-31,2024-09-02
4300Y,ALMADÉN,CIUDAD REAL,535.0,2025,364,61,54,8,41,22,-2.4,2025-01-15,26.3,2025-08-14,23.7,2025-05-30,2025-09-20
4325Y,CASTUERA,BADAJOZ,459.0,2021,346,44,38,4,17,9,0.8,2021-03-21,27.7,2021-08-15,21.8,2021-05-30,2021-09-13
4325Y,CASTUERA,BADAJOZ,459.0,2022,361,63,57,13,38,15,-0.6,2022-01-22,29.8,2022-07-14,24.3,2022-05-20,2022-10-27
4325Y,CASTUERA,BADAJOZ,459.0,2023,365,61,50,10,34,11,-1.8,2023-01-30,28.0,2023-08-24,23.8,2023-04-28,2023-10-05
4325Y,CASTUERA,BADAJOZ,459.0,2024,366,52,50,5,36,11,0.5,2024-12-11,26.8,2024-07-29,23.7,2024-05-30,2024-09-01
4325Y,CASTUERA,BADAJOZ,459.0,2025,365,64,54,14,43,24,-0.8,2025-01-14,28.6,2025-08-17,24.4,2025-05-28,2025-09-20
4339X,CAÑAMERO,CACERES,590.0,2017,365,30,27,2,8,7,-2.0,2017-01-18,25.3,2017-07-13,20.8,2017-06-12,2017-10-03
4339X,CAÑAMERO,CACERES,590.0,2018,365,23,17,2,10,6,-2.0,2018-02-03,29.6,2018-08-04,20.3,2018-06-17,2018-09-25
4339X,CAÑAMERO,CACERES,590.0,2019,365,19,14,1,3,4,-1.1,2019-02-03,25.5,2019-07-22,20.1,2019-07-11,2019-10-08
4339X,CAÑAMERO,CACERES,590.0,2020,366,36,30,0,12,7,-2.2,2020-12-27,25.0,2020-07-11,21.3,2020-06-23,2020-09-14
4339X,CAÑAMERO,CACERES,590.0,2021,365,15,14,2,7,5,-3.7,2021-01-03,25.8,2021-08-14,19.2,2021-06-25,2021-09-06
4339X,CAÑAMERO,CACERES,590.0,2022,365,37,35,1,15,12,0.1,2022-02-15,25.2,2022-08-01,21.8,2022-05-20,2022-08-29
4339X,CAÑAMERO,CACERES,590.0,2023,365,33,29,3,10,7,-2.4,2023-02-28,26.6,2023-08-23,21.1,2023-06-16,2023-10-06
4339X,CAÑAMERO,CACERES,590.0,2024,366,26,25,2,10,5,-0.5,2024-12-10,25.7,2024-07-23,20.6,2024-05-31,2024-08-31
4339X,CAÑAMERO,CACERES,590.0,2025,365,48,43,3,21,12,-1.2,2025-01-15,25.9,2025-08-12,22.2,2025-05-29,2025-09-19
4340,NAVALVILLAR DE PELA,BADAJOZ,313.0,2017,361,29,29,0,14,7,-2.5,2017-01-25,25.0,2017-08-22,21.1,2017-06-08,2017-08-27
4340,NAVALVILLAR DE PELA,BADAJOZ,313.0,2018,365,26,21,1,7,6,-2.9,2018-02-09,26.3,2018-08-04,20.8,2018-06-17,2018-09-24
4340,NAVALVILLAR DE PELA,BADAJOZ,313.0,2019,365,28,25,1,5,6,-2.5,2019-01-12,25.3,2019-07-12,20.6,2019-06-03,2019-09-03
4340,NAVALVILLAR DE PELA,BADAJOZ,313.0,2020,366,34,33,0,14,10,-2.8,2020-12-27,24.5,2020-08-06,21.4,2020-06-23,2020-09-14
4340,NAVALVILLAR DE PELA,BADAJOZ,313.0,2021,365,18,16,0,5,5,-4.3,2021-01-12,24.9,2021-09-06,19.8,2021-06-16,2021-09-13
4340,NAVALVILLAR DE PELA,BADAJOZ,313.0,2022,365,47,45,1,22,13,-1.3,2022-01-19,25.6,2022-07-14,22.3,2022-05-21,2022-09-12
4340,NAVALVILLAR DE PELA,BADAJOZ,313.0,2023,365,45,44,2,21,7,-3.5,2023-03-02,27.5,2023-08-09,22.5,2023-06-16,2023-09-14
4340,NAVALVILLAR DE PELA,BADAJOZ,313.0,2024,366,38,38,1,11,11,-1.4,2024-12-09,25.9,2024-07-29,21.3,2024-06-01,2024-08-31
4340,NAVALVILLAR DE PELA,BADAJOZ,313.0,2025,365,48,46,1,21,13,-4.2,2025-01-15,25.6,2025-08-17,22.3,2025-06-02,2025-09-19
4347X,ZORITA,CACERES,413.0,2017,365,54,46,4,23,12,-2.2,2017-01-18,27.0,2017-06-16,22.7,2017-06-01,2017-10-16
4347X,ZORITA,CACERES,413.0,2018,364,43,27,5,17,9,-0.7,2018-02-09,28.1,2018-08-04,21.9,2018-06-18,2018-09-29
4347X,ZORITA,CACERES,413.0,2019,363,32,24,2,13,8,0.5,2019-01-07,25.7,2019-07-22,21.3,2019-06-01,2019-09-16
4347X,ZORITA,CACERES,413.0,2020,366,44,37,2,26,12,-1.1,2020-12-27,27.4,2020-07-16,22.6,2020-06-23,2020-09-14
4347X,ZORITA,CACERES,413.0,2021,352,20,16,3,12,5,-2.5,2021-01-06,27.5,2021-08-14,20.3,2021-06-15,2021-09-13
4347X,ZORITA,CACERES,413.0,2022,361,55,49,8,34,12,1.5,2022-01-19,27.8,2022-07-14,23.3,2022-05-20,2022-09-18
4347X,ZORITA,CACERES,413.0,2023,363,48,41,8,25,12,-1.3,2023-03-02,28.6,2023-08-23,23.1,2023-06-16,2023-10-08
4347X,ZORITA,CACERES,413.0,2024,366,42,38,2,20,8,0.4,2024-12-10,28.0,2024-07-23,22.3,2024-05-31,2024-09-16
4347X,ZORITA,CACERES,413.0,2025,357,57,49,9,36,24,-0.9,2025-12-22,27.2,2025-08-17,23.2,2025-05-29,2025-09-20
4358X,DON BENITO,BADAJOZ,274.0,2017,359,30,30,0,13,12,-2.4,2017-01-18,24.8,2017-06-19,21.4,2017-06-08,2017-08-27
4358X,DON BENITO,BADAJOZ,274.0,2018,358,28,20,0,11,6,-1.4,2018-02-09,24.8,2018-08-04,20.8,2018-06-18,2018-09-26
4358X,DON BENITO,BADAJOZ,274.0,2019,365,22,18,0,6,7,-2.8,2019-01-07,24.7,2019-07-23,20.6,2019-06-30,2019-09-04
4358X,DON BENITO,BADAJOZ,274.0,2020,362,40,36,0,19,11,-2.3,2020-12-27,25.0,2020-07-16,22.1,2020-05-25,2020-09-14
4358X,DON BENITO,BADAJOZ,274.0,2021,358,25,19,0,9,5,-4.7,2021-01-06,24.7,2021-09-06,20.3,2021-05-31,2021-09-13
4358X,DON BENITO,BADAJOZ,274.0,2022,364,57,51,3,29,14,-1.0,2022-01-20,26.0,2022-07-13,23.1,2022-05-14,2022-09-19
4358X,DON BENITO,BADAJOZ,274.0,2023,357,35,33,3,19,7,-2.1,2023-03-02,26.5,2023-08-09,22.1,2023-06-16,2023-09-07
4358X,DON BENITO,BADAJOZ,274.0,2024,365,34,34,0,12,6,-1.4,2024-01-08,24.5,2024-07-29,21.3,2024-06-01,2024-08-31
4358X,DON BENITO,BADAJOZ,274.0,2025,362,52,49,1,30,22,-2.8,2025-01-15,26.0,2025-08-17,23.3,2025-05-30,2025-09-19
4362X,RETAMAL DE LLERENA,BADAJOZ,474.0,2023,365,17,17,1,6,4,-5.8,2023-03-01,25.6,2023-08-09,19.7,2023-06-17,2023-08-25
4362X,RETAMAL DE LLERENA,BADAJOZ,474.0,2024,363,14,14,0,2,4,-3.3,2024-12-10,24.7,2024-07-29,19.2,2024-06-25,2024-08-29
4362X,RETAMAL DE LLERENA,BADAJOZ,474.0,2025,355,34,33,0,8,9,-5.2,2025-01-15,23.5,2025-08-12,21.2,2025-06-09,2025-09-19
4386B,LLERENA,BADAJOZ,655.0,2017,354,41,37,3,15,7,-4.4,2017-01-18,27.1,2017-07-14,21.6,2017-06-08,2017-10-15
4386B,LLERENA,BADAJOZ,655.0,2018,365,26,20,4,10,10,-2.6,2018-02-08,27.9,2018-08-03,21.1,2018-06-18,2018-09-25
4386B,LLERENA,BADAJOZ,655.0,2019,361,26,21,0,10,7,-0.7,2019-02-03,23.9,2019-08-31,21.5,2019-06-30,2019-09-05
4386B,LLERENA,BADAJOZ,655.0,2020,366,40,37,0,19,10,-0.4,2020-12-26,24.5,2020-07-16,22.1,2020-06-23,2020-09-13
4386B,LLERENA,BADAJOZ,655.0,2021,365,19,17,2,10,6,-2.8,2021-01-11,27.1,2021-08-14,20.1,2021-06-11,2021-09-06
4386B,LLERENA,BADAJOZ,655.0,2022,363,50,45,4,23,12,0.4,2022-04-03,26.7,2022-07-14,22.5,2022-05-20,2022-10-28
4386B,LLERENA,BADAJOZ,655.0,2023,365,43,35,5,25,8,-2.4,2023-12-27,27.6,2023-08-22,22.7,2023-06-16,2023-10-07
4386B,LLERENA,BADAJOZ,655.0,2024,364,41,39,0,14,9,0.2,2024-12-09,24.7,2024-07-24,21.7,2024-05-30,2024-08-31
4386B,LLERENA,BADAJOZ,655.0,2025,363,54,49,3,28,19,-0.1,2025-01-14,27.1,2025-08-17,23.0,2025-05-30,2025-09-19
4395X,VILLAFRANCA DE LOS BARROS,BADAJOZ,430.0,2017,365,12,12,0,1,3,-8.5,2017-01-18,22.3,2017-08-22,19.6,2017-06-13,2017-08-23
4395X,VILLAFRANCA DE LOS BARROS,BADAJOZ,430.0,2018,365,9,9,0,3,4,-6.3,2018-02-08,23.8,2018-08-02,18.8,2018-06-21,2018-08-22
4395X,VILLAFRANCA DE LOS BARROS,BADAJOZ,430.0,2019,364,5,5,0,0,2,-5.4,2019-01-12,21.9,2019-07-22,17.5,2019-07-12,2019-08-24
4395X,VILLAFRANCA DE LOS BARROS,BADAJOZ,430.0,2020,365,14,13,1,8,5,-3.5,2020-12-27,25.1,2020-07-27,19.5,2020-06-23,2020-09-13
4395X,VILLAFRANCA DE LOS BARROS,BADAJOZ,430.0,2021,361,8,7,0,4,2,-6.8,2021-01-06,23.2,2021-08-15,18.4,2021-07-10,2021-09-06
4395X,VILLAFRANCA DE LOS BARROS,BADAJOZ,430.0,2022,365,15,14,0,4,3,-2.6,2022-02-01,23.3,2022-06-11,19.5,2022-05-21,2022-08-29
4395X,VILLAFRANCA DE LOS BARROS,BADAJOZ,430.0,2023,365,14,14,0,3,4,-6.0,2023-03-01,24.8,2023-08-09,19.2,2023-06-17,2023-08-25
4395X,VILLAFRANCA DE LOS BARROS,BADAJOZ,430.0,2024,366,12,12,1,4,3,-2.9,2024-12-10,25.4,2024-07-29,18.7,2024-07-05,2024-08-29
4395X,VILLAFRANCA DE LOS BARROS,BADAJOZ,430.0,2025,365,20,20,0,6,4,-4.6,2025-01-15,23.9,2025-08-13,20.2,2025-06-17,2025-08-17
4410X,MÉRIDA,BADAJOZ,228.0,2017,360,14,14,0,1,7,-4.7,2017-01-19,23.0,2017-06-17,19.3,2017-06-13,2017-08-22
4410X,MÉRIDA,BADAJOZ,228.0,2018,362,14,9,0,0,5,-4.3,2018-02-08,21.9,2018-08-04,19.5,2018-06-21,2018-09-26
4410X,MÉRIDA,BADAJOZ,228.0,2019,361,4,4,0,1,3,-3.7,2019-01-12,22.5,2019-08-23,18.4,2019-07-23,2019-08-24
4410X,MÉRIDA,BADAJOZ,228.0,2020,331,10,9,0,1,3,-3.3,2020-12-27,22.7,2020-07-16,19.2,2020-07-08,2020-09-13
4410X,MÉRIDA,BADAJOZ,228.0,2021,365,7,6,0,1,3,-5.0,2021-01-13,22.9,2021-09-06,17.8,2021-07-11,2021-09-06
4410X,MÉRIDA,BADAJOZ,228.0,2022,361,21,20,0,7,7,-1.4,2022-01-20,24.7,2022-07-12,20.6,2022-05-21,2022-08-29
4410X,MÉRIDA,BADAJOZ,228.0,2023,365,14,14,1,5,3,-4.9,2023-03-02,25.8,2023-08-23,19.2,2023-06-17,2023-08-24
4410X,MÉRIDA,BADAJOZ,228.0,2024,366,3,3,0,1,2,-1.8,2024-01-07,24.0,2024-07-29,18.5,2024-07-29,2024-08-18
4410X,MÉRIDA,BADAJOZ,228.0,2025,362,20,20,1,7,7,-4.7,2025-01-15,26.4,2025-06-30,20.3,2025-06-17,2025-08-17
4411C,ALCUESCAR,CACERES,467.0,2017,365,29,28,1,10,11,-4.1,2017-01-18,25.4,2017-06-17,21.1,2017-06-11,2017-10-15
4411C,ALCUESCAR,CACERES,467.0,2018,365,20,15,3,8,5,-3.4,2018-02-07,27.0,2018-08-03,20.1,2018-06-18,2018-09-13
4411C,ALCUESCAR,CACERES,467.0,2019,365,18,16,0,4,4,-2.2,2019-01-12,23.8,2019-07-23,19.8,2019-06-29,2019-09-03
4411C,ALCUESCAR,CACERES,467.0,2020,366,31,30,0,13,6,-2.2,2020-12-26,23.9,2020-07-07,21.2,2020-06-23,2020-09-13
4411C,ALCUESCAR,CACERES,467.0,2021,365,13,12,2,6,5,-4.4,2021-01-06,26.4,2021-08-14,19.0,2021-07-10,2021-09-06
4411C,ALCUESCAR,CACERES,467.0,2022,363,43,40,3,23,10,0.0,2022-01-21,25.7,2022-06-15,22.5,2022-06-10,2022-09-19
4411C,ALCUESCAR,CACERES,467.0,2023,365,30,25,2,13,6,-3.0,2023-02-28,27.8,2023-08-22,21.4,2023-06-16,2023-10-07
4411C,ALCUESCAR,CACERES,467.0,2024,364,25,25,1,9,5,-1.2,2024-12-21,25.2,2024-07-24,20.5,2024-06-24,2024-08-31
4411C,ALCUESCAR,CACERES,467.0,2025,365,47,42,3,21,10,-1.5,2025-01-14,25.7,2025-06-29,22.3,2025-05-29,2025-09-19
4427X,ZAFRA,BADAJOZ,433.0,2017,364,15,15,0,4,5,-5.9,2017-01-18,22.5,2017-06-21,19.7,2017-06-15,2017-08-23
4427X,ZAFRA,BADAJOZ,433.0,2018,363,9,8,0,3,5,-3.6,2018-02-03,23.3,2018-08-04,18.8,2018-08-02,2018-09-03
4427X,ZAFRA,BADAJOZ,433.0,2019,365,9,9,0,0,3,-3.3,2019-01-12,21.8,2019-07-22,18.8,2019-06-30,2019-08-31
4427X,ZAFRA,BADAJOZ,433.0,2020,366,15,14,0,4,4,-3.3,2020-12-27,25.0,2020-07-27,19.8,2020-06-24,2020-09-13
4427X,ZAFRA,BADAJOZ,433.0,2021,365,10,8,0,5,4,-5.5,2021-01-12,23.5,2021-08-24,18.0,2021-07-11,2021-09-07
4427X,ZAFRA,BADAJOZ,433.0,2022,359,22,22,0,4,6,-1.5,2022-01-20,23.5,2022-06-15,20.4,2022-06-11,2022-08-29
4427X,ZAFRA,BADAJOZ,433.0,2023,365,17,17,0,8,5,-4.6,2023-01-28,24.3,2023-08-24,19.9,2023-06-24,2023-08-25
4427X,ZAFRA,BADAJOZ,433.0,2024,364,11,11,0,2,3,-1.6,2024-12-21,24.6,2024-07-29,19.3,2024-07-05,2024-08-29
4427X,ZAFRA,BADAJOZ,433.0,2025,365,22,22,0,7,6,-3.2,2025-01-15,24.2,2025-08-17,20.6,2025-06-17,2025-08-17
4436Y,ALMENDRALEJO,BADAJOZ,371.0,2017,365,30,28,0,11,8,-3.2,2017-01-18,24.5,2017-06-17,21.1,2017-06-12,2017-09-07
4436Y,ALMENDRALEJO,BADAJOZ,371.0,2018,365,23,16,2,7,6,-2.4,2018-02-23,27.4,2018-08-04,20.4,2018-06-17,2018-09-26
4436Y,ALMENDRALEJO,BADAJOZ,371.0,2019,365,17,16,0,1,4,-1.9,2019-01-12,22.5,2019-07-23,19.7,2019-06-30,2019-09-04
4436Y,ALMENDRALEJO,BADAJOZ,371.0,2020,366,30,27,0,15,11,-1.6,2020-12-27,24.2,2020-07-30,21.3,2020-06-23,2020-09-14
4436Y,ALMENDRALEJO,BADAJOZ,371.0,2021,365,17,15,0,5,5,-5.3,2021-01-06,24.7,2021-08-15,19.6,2021-07-10,2021-09-07
4436Y,ALMENDRALEJO,BADAJOZ,371.0,2022,365,38,35,0,13,12,-0.5,2022-01-20,24.3,2022-07-14,21.7,2022-05-21,2022-09-19
4436Y,ALMENDRALEJO,BADAJOZ,371.0,2023,365,28,28,0,13,7,-3.2,2023-01-30,24.7,2023-08-09,21.6,2023-06-16,2023-08-25
4436Y,ALMENDRALEJO,BADAJOZ,371.0,2024,366,29,29,1,8,5,-0.5,2024-12-29,25.3,2024-07-29,21.1,2024-06-24,2024-08-31
4436Y,ALMENDRALEJO,BADAJOZ,371.0,2025,362,45,43,1,20,11,-1.9,2025-01-15,25.2,2025-08-12,22.2,2025-05-31,2025-09-19
4452,BADAJOZ AEROPUERTO,BADAJOZ,186.0,2017,365,21,20,0,7,4,-3.4,2017-01-18,23.6,2017-06-17,20.4,2017-06-13,2017-09-07
4452,BADAJOZ AEROPUERTO,BADAJOZ,186.0,2018,365,16,13,1,4,5,-2.0,2018-02-23,26.2,2018-08-05,19.6,2018-06-18,2018-09-03
4452,BADAJOZ AEROPUERTO,BADAJOZ,186.0,2019,365,8,6,0,0,2,-3.7,2019-01-07,21.7,2019-07-23,19.2,2019-07-12,2019-09-04
4452,BADAJOZ AEROPUERTO,BADAJOZ,186.0,2020,366,22,20,0,8,4,-2.9,2020-12-27,24.6,2020-07-17,20.6,2020-07-06,2020-09-14
4452,BADAJOZ AEROPUERTO,BADAJOZ,186.0,2021,365,6,5,0,2,3,-4.5,2021-01-13,22.9,2021-09-06,18.7,2021-08-13,2021-09-06
4452,BADAJOZ AEROPUERTO,BADAJOZ,186.0,2022,365,30,29,0,11,12,-2.6,2022-01-20,24.3,2022-08-01,21.2,2022-06-10,2022-09-19
4452,BADAJOZ AEROPUERTO,BADAJOZ,186.0,2023,365,20,20,0,7,7,-2.7,2023-03-02,23.8,2023-06-25,20.3,2023-06-16,2023-08-25
4452,BADAJOZ AEROPUERTO,BADAJOZ,186.0,2024,366,14,14,1,4,3,-1.2,2024-12-29,25.5,2024-07-29,19.8,2024-06-07,2024-08-18
4452,BADAJOZ AEROPUERTO,BADAJOZ,186.0,2025,365,29,29,0,10,7,-4.3,2025-01-15,24.9,2025-08-12,21.5,2025-06-10,2025-08-17
4464X,ALBURQUERQUE,BADAJOZ,283.0,2017,351,24,20,0,8,7,-4.5,2017-01-25,24.5,2017-08-04,20.8,2017-05-21,2017-09-02
4464X,ALBURQUERQUE,BADAJOZ,283.0,2018,360,7,7,1,2,4,-4.5,2018-02-24,28.4,2018-08-04,18.5,2018-06-21,2018-08-20
4464X,ALBURQUERQUE,BADAJOZ,283.0,2019,352,3,2,0,0,1,-3.9,2019-01-06,21.3,2019-08-15,17.5,2019-07-12,2019-09-13
4464X,ALBURQUERQUE,BADAJOZ,283.0,2020,366,9,9,0,3,6,-3.9,2020-12-27,23.7,2020-07-15,19.1,2020-06-29,2020-08-04
4464X,ALBURQUERQUE,BADAJOZ,283.0,2021,352,4,3,0,0,1,-5.9,2021-01-12,21.8,2021-09-06,16.9,2021-08-14,2021-09-06
4464X,ALBURQUERQUE,BADAJOZ,283.0,2022,365,14,14,0,2,3,-2.9,2022-01-18,22.6,2022-07-07,19.5,2022-06-11,2022-08-10
4464X,ALBURQUERQUE,BADAJOZ,283.0,2023,358,13,13,0,3,3,-4.9,2023-03-02,24.8,2023-08-22,19.5,2023-06-24,2023-08-24
4464X,ALBURQUERQUE,BADAJOZ,283.0,2024,366,5,5,1,2,2,-2.1,2024-12-11,25.6,2024-07-29,18.3,2024-07-05,2024-08-18
4464X,ALBURQUERQUE,BADAJOZ,283.0,2025,365,6,6,0,1,2,-4.8,2025-01-15,23.4,2025-07-29,18.5,2025-06-17,2025-08-13
4468X,PUEBLA DE OBANDO,BADAJOZ,392.0,2017,365,23,21,0,7,6,-3.3,2017-01-18,24.0,2017-07-13,20.5,2017-06-12,2017-09-07
4468X,PUEBLA DE OBANDO,BADAJOZ,392.0,2018,361,15,12,2,6,6,-1.2,2018-02-24,28.8,2018-08-04,19.6,2018-06-18,2018-09-24
4468X,PUEBLA DE OBANDO,BADAJOZ,392.0,2019,365,6,5,0,0,2,-1.9,2019-02-04,22.0,2019-08-22,18.2,2019-07-12,2019-09-04
4468X,PUEBLA DE OBANDO,BADAJOZ,392.0,2020,366,22,20,0,5,8,-2.7,2020-12-27,24.3,2020-07-16,20.5,2020-07-05,2020-09-13
4468X,PUEBLA DE OBANDO,BADAJOZ,392.0,2021,361,8,7,0,5,3,-4.0,2021-01-12,24.8,2021-08-14,18.5,2021-07-11,2021-09-06
4468X,PUEBLA DE OBANDO,BADAJOZ,392.0,2022,363,17,17,0,5,4,-0.8,2022-01-19,23.1,2022-06-15,19.9,2022-06-10,2022-08-29
4468X,PUEBLA DE OBANDO,BADAJOZ,392.0,2023,365,23,23,1,10,6,-1.7,2023-02-24,25.3,2023-08-22,20.7,2023-06-17,2023-08-25
4468X,PUEBLA DE OBANDO,BADAJOZ,392.0,2024,366,21,20,1,5,5,-0.4,2024-01-08,25.5,2024-07-29,20.2,2024-05-31,2024-08-31
4468X,PUEBLA DE OBANDO,BADAJOZ,392.0,2025,365,23,23,0,4,4,-2.5,2025-01-15,24.2,2025-06-30,20.5,2025-06-17,2025-08-17
4478X,BADAJOZ,BADAJOZ,174.0,2017,365,17,17,0,5,6,-4.2,2017-01-25,23.6,2017-06-17,19.8,2017-06-13,2017-08-27
4478X,BADAJOZ,BADAJOZ,174.0,2018,365,13,11,1,4,5,-3.4,2018-02-08,25.3,2018-08-04,19.8,2018-06-18,2018-09-03
4478X,BADAJOZ,BADAJOZ,174.0,2019,358,5,4,0,0,1,-3.2,2019-01-13,21.8,2019-07-23,18.6,2019-07-12,2019-09-06
4478X,BADAJOZ,BADAJOZ,174.0,2020,364,14,13,0,3,3,-3.3,2020-12-27,24.3,2020-07-17,19.5,2020-07-13,2020-09-13
4478X,BADAJOZ,BADAJOZ,174.0,2021,365,5,4,0,1,2,-5.2,2021-01-13,22.7,2021-09-06,18.2,2021-07-17,2021-09-06
4478X,BADAJOZ,BADAJOZ,174.0,2022,365,22,21,0,7,7,-2.7,2022-01-20,24.2,2022-07-12,20.6,2022-06-11,2022-09-19
4478X,BADAJOZ,BADAJOZ,174.0,2023,363,17,17,0,6,4,-3.7,2023-03-02,23.8,2023-08-08,19.9,2023-06-16,2023-08-25
4478X,BADAJOZ,BADAJOZ,174.0,2024,366,10,10,1,3,2,-1.4,2024-01-07,26.4,2024-07-29,19.2,2024-06-07,2024-08-18
4478X,BADAJOZ,BADAJOZ,174.0,2025,362,28,28,0,7,6,-3.9,2025-01-15,23.2,2025-08-05,20.9,2025-06-10,2025-08-17
4486X,OLIVENZA,BADAJOZ,275.0,2017,363,24,23,1,7,7,-4.2,2017-01-19,26.5,2017-06-17,20.3,2017-06-08,2017-09-07
4486X,OLIVENZA,BADAJOZ,275.0,2018,365,18,12,3,7,6,-2.3,2018-02-08,28.2,2018-08-05,20.0,2018-08-02,2018-09-25
4486X,OLIVENZA,BADAJOZ,275.0,2019,365,9,7,0,1,2,-2.5,2019-01-12,22.1,2019-08-24,18.6,2019-06-02,2019-09-04
4486X,OLIVENZA,BADAJOZ,275.0,2020,366,26,22,1,8,4,-1.2,2020-12-26,25.4,2020-07-17,20.4,2020-06-23,2020-09-13
4486X,OLIVENZA,BADAJOZ,275.0,2021,365,7,6,0,1,3,-3.4,2021-01-12,24.7,2021-08-14,18.4,2021-07-10,2021-09-06
4486X,OLIVENZA,BADAJOZ,275.0,2022,357,25,24,1,11,11,-1.7,2022-01-20,25.3,2022-08-01,21.2,2022-06-10,2022-09-19
4486X,OLIVENZA,BADAJOZ,275.0,2023,365,18,17,1,12,6,-2.1,2023-01-30,26.4,2023-08-22,19.7,2023-06-16,2023-09-30
4486X,OLIVENZA,BADAJOZ,275.0,2024,364,12,12,1,7,2,-0.9,2024-12-11,25.7,2024-07-29,19.4,2024-06-01,2024-08-27
4486X,OLIVENZA,BADAJOZ,275.0,2025,365,39,35,1,18,9,-2.1,2025-01-14,25.7,2025-08-12,21.9,2025-05-30,2025-09-19
4489X,ALCONCHEL,BADAJOZ,170.0,2017,365,16,16,0,6,6,-1.4,2017-01-24,24.9,2017-06-17,19.8,2017-06-08,2017-08-22
4489X,ALCONCHEL,BADAJOZ,170.0,2018,365,17,11,2,7,5,-1.2,2018-02-03,25.9,2018-08-05,19.9,2018-06-18,2018-09-25
4489X,ALCONCHEL,BADAJOZ,170.0,2019,365,8,7,0,0,2,-0.9,2019-01-06,21.4,2019-08-24,18.7,2019-07-11,2019-09-06
4489X,ALCONCHEL,BADAJOZ,170.0,2020,366,18,17,0,6,4,-1.7,2020-12-27,24.0,2020-07-17,19.9,2020-07-11,2020-09-13
4489X,ALCONCHEL,BADAJOZ,170.0,2021,365,6,5,0,1,3,-3.3,2021-01-12,23.2,2021-08-14,18.5,2021-07-17,2021-09-06
4489X,ALCONCHEL,BADAJOZ,170.0,2022,358,19,17,1,6,6,-0.3,2022-01-20,25.1,2022-07-08,20.1,2022-06-10,2022-09-19
4489X,ALCONCHEL,BADAJOZ,170.0,2023,365,17,17,0,9,6,-1.8,2023-03-02,24.0,2023-08-08,19.6,2023-06-16,2023-08-25
4489X,ALCONCHEL,BADAJOZ,170.0,2024,366,12,12,1,3,2,0.4,2024-01-07,25.9,2024-07-29,19.2,2024-06-24,2024-08-18
4489X,ALCONCHEL,BADAJOZ,170.0,2025,365,30,29,0,10,7,-1.7,2025-01-15,24.1,2025-08-12,20.9,2025-05-31,2025-08-17
4492F,BARCARROTA,BADAJOZ,377.0,2017,363,9,9,0,3,6,-5.2,2017-01-18,24.7,2017-06-20,18.4,2017-06-16,2017-08-22
4492F,BARCARROTA,BADAJOZ,377.0,2018,365,8,8,0,4,5,-4.2,2018-02-08,24.4,2018-08-02,18.6,2018-06-18,2018-08-21
4492F,BARCARROTA,BADAJOZ,377.0,2019,361,3,3,0,0,1,-3.1,2019-01-06,21.1,2019-07-12,17.6,2019-07-12,2019-08-23
4492F,BARCARROTA,BADAJOZ,377.0,2020,366,10,10,0,3,3,-3.9,2020-12-27,23.1,2020-07-30,18.0,2020-07-13,2020-08-08
4492F,BARCARROTA,BADAJOZ,377.0,2021,365,8,6,0,0,3,-5.3,2021-01-12,21.9,2021-07-11,17.8,2021-07-11,2021-09-07
4492F,BARCARROTA,BADAJOZ,377.0,2022,365,11,11,0,2,6,-2.4,2022-01-09,22.2,2022-07-12,19.3,2022-06-12,2022-08-29
4492F,BARCARROTA,BADAJOZ,377.0,2023,363,12,12,0,1,4,-5.6,2023-03-02,23.3,2023-08-09,18.9,2023-06-24,2023-08-25
4492F,BARCARROTA,BADAJOZ,377.0,2024,359,3,3,1,2,2,-2.7,2024-12-10,25.3,2024-07-29,18.2,2024-07-29,2024-08-11
4492F,BARCARROTA,BADAJOZ,377.0,2025,363,15,15,1,5,3,-4.7,2025-01-16,26.6,2025-08-13,19.7,2025-06-17,2025-08-17
4497X,VILLANUEVA DEL FRESNO,BADAJOZ,247.0,2017,353,18,17,0,4,4,-1.3,2017-01-18,24.9,2017-06-20,20.0,2017-06-08,2017-10-15
4497X,VILLANUEVA DEL FRESNO,BADAJOZ,247.0,2018,353,20,12,2,9,5,-1.0,2018-02-03,26.8,2018-08-04,20.1,2018-06-18,2018-09-27
4497X,VILLANUEVA DEL FRESNO,BADAJOZ,247.0,2019,355,10,7,0,0,2,-0.9,2019-02-04,21.5,2019-08-23,18.9,2019-05-30,2019-09-06
4497X,VILLANUEVA DEL FRESNO,BADAJOZ,247.0,2020,347,19,16,0,4,4,-0.7,2020-12-27,23.9,2020-07-17,20.4,2020-07-07,2020-09-13
4497X,VILLANUEVA DEL FRESNO,BADAJOZ,247.0,2021,359,8,6,0,2,3,-2.7,2021-01-15,24.5,2021-08-14,18.7,2021-07-10,2021-09-13
4497X,VILLANUEVA DEL FRESNO,BADAJOZ,247.0,2022,358,27,25,1,9,10,0.4,2022-01-09,25.3,2022-07-08,20.6,2022-06-11,2022-09-19
4497X,VILLANUEVA DEL FRESNO,BADAJOZ,247.0,2023,343,23,23,0,11,7,-1.7,2023-01-26,24.3,2023-08-22,21.1,2023-06-16,2023-08-25
4497X,VILLANUEVA DEL FRESNO,BADAJOZ,247.0,2024,362,14,14,0,3,3,0.6,2024-12-10,22.8,2024-08-11,19.4,2024-06-24,2024-08-18
4497X,VILLANUEVA DEL FRESNO,BADAJOZ,247.0,2025,362,35,32,3,14,8,-0.9,2025-01-15,25.6,2025-08-12,21.8,2025-05-29,2025-09-19
4499X,MONESTERIO,BADAJOZ,771.0,2017,365,33,30,0,11,7,-3.0,2017-01-18,24.1,2017-07-14,20.9,2017-06-16,2017-10-12
4499X,MONESTERIO,BADAJOZ,771.0,2018,365,13,10,3,5,5,-3.2,2018-02-07,26.7,2018-08-03,19.5,2018-08-02,2018-09-24
4499X,MONESTERIO,BADAJOZ,771.0,2019,365,13,11,0,0,6,-0.6,2019-02-03,21.5,2019-07-12,19.2,2019-07-12,2019-09-05
4499X,MONESTERIO,BADAJOZ,771.0,2020,366,24,23,0,6,6,-0.5,2020-12-26,22.9,2020-07-16,20.9,2020-06-23,2020-09-07
4499X,MONESTERIO,BADAJOZ,771.0,2021,353,6,5,0,2,2,-4.2,2021-01-12,22.5,2021-07-11,18.0,2021-07-10,2021-09-06
4499X,MONESTERIO,BADAJOZ,771.0,2022,365,32,32,1,16,11,1.0,2022-01-21,25.3,2022-07-24,21.3,2022-06-11,2022-08-29
4499X,MONESTERIO,BADAJOZ,771.0,2023,365,30,28,1,16,8,-2.9,2023-01-25,25.5,2023-08-25,21.7,2023-06-16,2023-10-01
4499X,MONESTERIO,BADAJOZ,771.0,2024,366,27,26,0,6,8,-0.3,2024-01-07,24.6,2024-07-24,20.7,2024-05-31,2024-08-27
4499X,MONESTERIO,BADAJOZ,771.0,2025,363,35,32,1,17,8,0.4,2025-01-15,25.6,2025-08-17,21.7,2025-05-30,2025-09-18
4501X,FUENTE DE CANTOS,BADAJOZ,602.0,2017,365,39,36,2,18,8,-3.8,2017-01-18,27.5,2017-07-14,21.9,2017-06-11,2017-10-14
4501X,FUENTE DE CANTOS,BADAJOZ,602.0,2018,365,23,17,3,9,6,-2.9,2018-02-08,28.6,2018-08-04,20.6,2018-06-17,2018-09-25
4501X,FUENTE DE CANTOS,BADAJOZ,602.0,2019,365,22,16,0,4,8,-0.3,2019-01-11,23.1,2019-07-19,20.4,2019-06-30,2019-10-08
4501X,FUENTE DE CANTOS,BADAJOZ,602.0,2020,366,35,34,0,16,6,-0.3,2020-12-30,24.5,2020-07-07,21.9,2020-06-23,2020-09-13
4501X,FUENTE DE CANTOS,BADAJOZ,602.0,2021,365,19,17,2,7,6,-2.6,2021-01-06,26.0,2021-08-14,20.0,2021-06-09,2021-09-12
4501X,FUENTE DE CANTOS,BADAJOZ,602.0,2022,365,39,35,1,22,12,0.4,2022-01-09,26.0,2022-07-14,22.5,2022-05-20,2022-10-05
4501X,FUENTE DE CANTOS,BADAJOZ,602.0,2023,350,33,28,1,17,6,-2.7,2023-01-25,25.9,2023-08-25,22.0,2023-06-16,2023-10-05
4501X,FUENTE DE CANTOS,BADAJOZ,602.0,2024,366,34,32,1,14,7,-0.4,2024-12-09,25.4,2024-07-24,21.1,2024-05-30,2024-08-28
4501X,FUENTE DE CANTOS,BADAJOZ,602.0,2025,364,44,38,3,20,10,0.2,2025-12-27,26.3,2025-08-17,22.1,2025-05-28,2025-09-19
4511C,JEREZ DE LOS CABALLEROS,BADAJOZ,381.0,2017,342,11,11,0,1,3,-3.7,2017-01-25,24.3,2017-06-20,19.2,2017-06-20,2017-08-23
4511C,JEREZ DE LOS CABALLEROS,BADAJOZ,381.0,2018,365,7,7,1,5,5,-3.1,2018-02-09,26.2,2018-08-05,18.6,2018-06-18,2018-08-22
4511C,JEREZ DE LOS CABALLEROS,BADAJOZ,381.0,2019,365,8,6,0,0,1,-2.1,2019-01-13,21.3,2019-09-06,18.8,2019-05-30,2019-09-06
4511C,JEREZ DE LOS CABALLEROS,BADAJOZ,381.0,2020,366,19,19,0,5,6,-2.7,2020-12-31,23.9,2020-07-27,20.1,2020-06-24,2020-08-21
4511C,JEREZ DE LOS CABALLEROS,BADAJOZ,381.0,2021,348,9,7,0,2,4,-3.7,2021-01-03,22.8,2021-08-15,18.2,2021-07-11,2021-09-07
4511C,JEREZ DE LOS CABALLEROS,BADAJOZ,381.0,2022,363,26,25,0,6,8,-1.7,2022-01-09,24.1,2022-07-12,20.9,2022-06-10,2022-09-12
4511C,JEREZ DE LOS CABALLEROS,BADAJOZ,381.0,2023,362,25,25,0,9,6,-4.4,2023-03-02,24.8,2023-08-09,21.1,2023-06-17,2023-08-25
4511C,JEREZ DE LOS CABALLEROS,BADAJOZ,381.0,2024,362,11,11,1,3,3,-1.8,2024-12-10,25.3,2024-07-29,19.6,2024-07-05,2024-08-18
4511C,JEREZ DE LOS CABALLEROS,BADAJOZ,381.0,2025,354,24,24,3,8,6,-3.3,2025-01-16,26.5,2025-08-13,20.6,2025-06-17,2025-08-18
4520X,FREGENAL DE LA SIERRA,BADAJOZ,586.0,2017,359,1,1,0,0,1,-3.3,2017-01-25,20.7,2017-06-20,17.2,2017-06-20,2017-06-20
4520X,FREGENAL DE LA SIERRA,BADAJOZ,586.0,2018,365,3,3,0,0,3,-3.2,2018-02-09,21.6,2018-08-04,16.4,2018-08-04,2018-08-06
4520X,FREGENAL DE LA SIERRA,BADAJOZ,586.0,2019,365,0,0,0,0,0,-3.0,2019-01-13,19.4,2019-07-12,15.8,,
4520X,FREGENAL DE LA SIERRA,BADAJOZ,586.0,2020,366,1,1,0,1,1,-3.8,2020-12-27,22.4,2020-07-27,16.7,2020-07-27,2020-07-27
4520X,FREGENAL DE LA SIERRA,BADAJOZ,586.0,2021,365,4,4,0,1,2,-5.0,2021-01-12,22.6,2021-08-15,16.2,2021-07-11,2021-08-24
4520X,FREGENAL DE LA SIERRA,BADAJOZ,586.0,2022,365,3,3,0,1,1,-1.8,2022-01-20,22.3,2022-06-15,17.5,2022-06-15,2022-07-14
4520X,FREGENAL DE LA SIERRA,BADAJOZ,586.0,2023,365,6,6,0,1,3,-4.8,2023-03-02,22.9,2023-08-09,17.3,2023-07-18,2023-08-23
4520X,FREGENAL DE LA SIERRA,BADAJOZ,586.0,2024,366,1,1,0,1,1,-2.2,2024-01-07,23.2,2024-07-29,16.4,2024-07-29,2024-07-29
4520X,FREGENAL DE LA SIERRA,BADAJOZ,586.0,2025,357,2,2,0,2,1,-4.0,2025-01-15,22.4,2025-06-20,17.6,2025-06-20,2025-08-15
4527X,AROCHE,HUELVA,267.0,2017,365,0,0,0,0,0,-6.9,2017-01-19,19.7,2017-06-20,16.8,,
4527X,AROCHE,HUELVA,267.0,2018,365,2,2,0,0,2,-5.5,2018-02-08,20.8,2018-08-04,17.0,2018-08-04,2018-08-05
4527X,AROCHE,HUELVA,267.0,2019,357,0,0,0,0,0,-5.2,2019-01-07,19.0,2019-08-09,16.2,,
4527X,AROCHE,HUELVA,267.0,2020,358,2,2,0,0,1,-4.5,2020-12-27,21.0,2020-07-27,17.0,2020-07-21,2020-07-27
4527X,AROCHE,HUELVA,267.0,2021,362,2,2,0,1,1,-5.9,2021-01-14,22.3,2021-08-15,16.4,2021-07-11,2021-08-15
4527X,AROCHE,HUELVA,267.0,2022,363,0,0,0,0,0,-3.2,2022-01-09,19.5,2022-07-14,17.0,,
4527X,AROCHE,HUELVA,267.0,2023,365,2,2,0,1,2,-6.3,2023-01-26,23.8,2023-08-09,18.0,2023-08-08,2023-08-09
4527X,AROCHE,HUELVA,267.0,2024,365,2,2,0,1,2,-3.3,2024-12-10,23.0,2024-07-29,16.7,2024-07-29,2024-07-30
4527X,AROCHE,HUELVA,267.0,2025,365,5,5,0,0,2,-5.1,2025-01-16,21.0,2025-06-19,17.8,2025-06-19,2025-08-13
4541X,EL GRANADO,HUELVA,60.0,2017,362,14,14,0,4,4,-1.9,2017-01-19,23.8,2017-06-24,19.7,2017-06-16,2017-08-26
4541X,EL GRANADO,HUELVA,60.0,2018,363,11,10,1,5,5,-1.3,2018-02-08,26.3,2018-08-04,19.7,2018-06-18,2018-09-02
4541X,EL GRANADO,HUELVA,60.0,2019,361,5,4,0,0,2,-1.5,2019-01-12,22.0,2019-08-09,19.2,2019-07-12,2019-09-06
4541X,EL GRANADO,HUELVA,60.0,2020,354,20,18,0,7,6,-0.8,2020-12-27,24.1,2020-08-07,20.3,2020-07-07,2020-09-14
4541X,EL GRANADO,HUELVA,60.0,2021,360,9,6,0,4,3,-2.4,2021-01-13,24.2,2021-08-15,19.1,2021-07-11,2021-10-30
4541X,EL GRANADO,HUELVA,60.0,2022,364,21,19,0,3,6,0.4,2022-01-21,22.8,2022-07-25,20.3,2022-06-10,2022-09-20
4541X,EL GRANADO,HUELVA,60.0,2023,340,25,25,0,7,7,-1.3,2023-01-29,24.1,2023-08-25,21.2,2023-06-16,2023-08-25
4541X,EL GRANADO,HUELVA,60.0,2024,358,17,15,0,2,2,0.8,2024-12-11,23.7,2024-07-29,19.8,2024-06-24,2024-09-25
4541X,EL GRANADO,HUELVA,60.0,2025,364,26,25,0,5,5,-0.5,2025-01-16,23.6,2025-06-19,20.7,2025-06-09,2025-09-18
4549Y,AYAMONTE,HUELVA,3.0,2017,363,38,35,0,8,7,2.3,2017-12-04,23.9,2017-08-04,21.5,2017-06-16,2017-09-07
4549Y,AYAMONTE,HUELVA,3.0,2019,365,37,30,0,3,7,0.2,2019-01-12,23.2,2019-08-29,20.7,2019-06-24,2019-09-08
4549Y,AYAMONTE,HUELVA,3.0,2020,364,41,35,0,13,11,2.9,2020-12-27,23.8,2020-07-07,21.2,2020-06-29,2020-09-24
4549Y,AYAMONTE,HUELVA,3.0,2021,364,28,21,0,5,4,2.1,2021-01-12,23.9,2021-08-13,20.8,2021-07-10,2021-10-31
4549Y,AYAMONTE,HUELVA,3.0,2022,364,48,38,1,9,12,3.4,2022-01-21,26.3,2022-07-25,21.1,2022-06-09,2022-10-19
4549Y,AYAMONTE,HUELVA,3.0,2023,346,63,55,1,25,8,1.4,2023-02-02,25.1,2023-08-20,22.6,2023-06-09,2023-10-17
4549Y,AYAMONTE,HUELVA,3.0,2024,366,54,44,0,8,14,3.1,2024-12-11,24.4,2024-08-18,21.4,2024-05-31,2024-10-05
4549Y,AYAMONTE,HUELVA,3.0,2025,356,46,41,1,14,11,2.6,2025-01-15,26.0,2025-08-17,21.6,2025-05-31,2025-10-23
4554X,CARTAYA,HUELVA,15.0,2017,365,9,9,0,3,2,-1.5,2017-01-18,23.3,2017-08-04,18.9,2017-06-17,2017-08-17
4554X,CARTAYA,HUELVA,15.0,2018,365,5,5,0,0,2,-1.6,2018-02-23,20.9,2018-08-01,19.2,2018-08-01,2018-08-28
4554X,CARTAYA,HUELVA,15.0,2019,357,3,3,0,0,2,-1.7,2019-01-14,20.8,2019-07-23,18.2,2019-07-20,2019-07-23
4554X,CARTAYA,HUELVA,15.0,2020,366,12,12,0,1,2,0.3,2020-01-09,23.1,2020-07-21,19.7,2020-06-29,2020-08-22
4554X,CARTAYA,HUELVA,15.0,2021,352,6,3,0,0,1,-1.2,2021-01-13,21.8,2021-09-06,18.8,2021-07-11,2021-10-30
4554X,CARTAYA,HUELVA,15.0,2022,365,8,6,1,1,2,0.8,2022-01-21,26.5,2022-07-25,19.5,2022-06-13,2022-09-19
4554X,CARTAYA,HUELVA,15.0,2023,359,25,24,0,3,5,-1.6,2023-03-02,23.4,2023-08-12,20.6,2023-06-15,2023-10-17
4554X,CARTAYA,HUELVA,15.0,2024,358,9,9,0,2,2,0.4,2024-12-10,23.3,2024-08-18,19.2,2024-07-04,2024-08-27
4554X,CARTAYA,HUELVA,15.0,2025,365,14,13,0,2,4,-2.2,2025-01-16,24.2,2025-08-18,19.6,2025-06-19,2025-09-13
4560Y,ALAJAR,HUELVA,572.0,2017,365,36,33,4,24,6,-0.4,2017-01-18,27.7,2017-07-14,23.2,2017-06-16,2017-09-12
4560Y,ALAJAR,HUELVA,572.0,2018,365,29,22,4,9,8,-0.1,2018-02-09,29.0,2018-08-04,21.0,2018-07-08,2018-09-25
4560Y,ALAJAR,HUELVA,572.0,2019,352,21,16,0,4,4,1.6,2019-11-16,24.3,2019-07-19,20.3,2019-07-10,2019-10-07
4560Y,ALAJAR,HUELVA,572.0,2020,366,39,37,3,12,6,1.1,2020-12-27,26.3,2020-07-26,21.4,2020-05-23,2020-09-12
4560Y,ALAJAR,HUELVA,572.0,2021,365,24,22,3,7,5,-0.6,2021-01-03,27.9,2021-08-15,20.3,2021-06-10,2021-09-20
4560Y,ALAJAR,HUELVA,572.0,2022,365,38,36,3,18,8,3.4,2022-03-04,27.0,2022-07-24,21.8,2022-06-11,2022-10-04
4560Y,ALAJAR,HUELVA,572.0,2023,365,45,40,5,21,9,0.5,2023-02-28,27.4,2023-08-25,22.3,2023-04-26,2023-10-07
4560Y,ALAJAR,HUELVA,572.0,2024,364,37,36,1,19,8,1.3,2024-01-07,25.5,2024-08-19,22.2,2024-05-30,2024-08-31
4560Y,ALAJAR,HUELVA,572.0,2025,365,41,33,2,20,9,1.8,2025-12-22,26.3,2025-08-13,22.1,2025-05-28,2025-10-04
4575X,VALVERDE DEL CAMINO,HUELVA,280.0,2017,365,22,22,1,7,5,-0.3,2017-01-25,25.6,2017-06-24,20.4,2017-06-16,2017-08-26
4575X,VALVERDE DEL CAMINO,HUELVA,280.0,2018,348,17,15,0,3,7,-1.0,2018-02-07,24.9,2018-08-04,19.8,2018-08-01,2018-09-27
4575X,VALVERDE DEL CAMINO,HUELVA,280.0,2019,354,11,11,0,1,5,0.6,2019-01-13,22.2,2019-07-23,19.5,2019-07-20,2019-08-29
4575X,VALVERDE DEL CAMINO,HUELVA,280.0,2020,366,27,26,0,3,5,0.8,2020-12-27,23.6,2020-08-27,20.8,2020-06-29,2020-09-13
4575X,VALVERDE DEL CAMINO,HUELVA,280.0,2021,365,15,14,1,5,5,-1.5,2021-01-03,25.5,2021-08-15,19.9,2021-07-10,2021-09-06
4575X,VALVERDE DEL CAMINO,HUELVA,280.0,2022,358,29,27,1,5,9,1.2,2022-01-20,28.1,2022-07-25,20.5,2022-06-12,2022-09-10
4575X,VALVERDE DEL CAMINO,HUELVA,280.0,2024,366,34,31,0,11,5,2.9,2024-01-06,24.6,2024-07-04,21.3,2024-05-30,2024-09-14
4575X,VALVERDE DEL CAMINO,HUELVA,280.0,2025,365,49,38,5,26,10,2.1,2025-12-22,28.8,2025-08-12,23.2,2025-05-28,2025-09-20
4584X,EL CERRO DE ANDÉVALO,HUELVA,270.0,2017,365,41,34,3,13,10,1.2,2017-01-19,27.8,2017-07-13,21.7,2017-06-07,2017-10-14
4584X,EL CERRO DE ANDÉVALO,HUELVA,270.0,2018,365,33,22,2,13,11,1.1,2018-02-09,25.8,2018-08-02,21.5,2018-06-18,2018-09-27
4584X,EL CERRO DE ANDÉVALO,HUELVA,270.0,2019,363,23,16,0,2,9,2.3,2019-02-03,22.9,2019-08-29,20.5,2019-05-12,2019-09-06
4584X,EL CERRO DE ANDÉVALO,HUELVA,270.0,2020,364,35,32,0,8,8,2.1,2020-12-30,24.8,2020-07-07,21.2,2020-05-23,2020-09-13
4584X,EL CERRO DE ANDÉVALO,HUELVA,270.0,2021,365,21,18,3,6,8,0.2,2021-01-03,28.4,2021-08-15,20.3,2021-06-10,2021-09-06
4584X,EL CERRO DE ANDÉVALO,HUELVA,270.0,2022,364,37,32,5,14,10,4.2,2022-01-09,27.5,2022-07-25,21.6,2022-05-20,2022-09-19
4584X,EL CERRO DE ANDÉVALO,HUELVA,270.0,2023,365,44,38,4,20,8,2.4,2023-03-01,27.1,2023-08-25,22.2,2023-04-27,2023-10-08
4584X,EL CERRO DE ANDÉVALO,HUELVA,270.0,2024,365,32,31,0,10,5,2.9,2024-01-07,24.3,2024-07-03,21.3,2024-06-23,2024-09-14
4584X,EL CERRO DE ANDÉVALO,HUELVA,270.0,2025,362,53,45,5,25,12,2.0,2025-01-16,28.2,2025-08-13,22.3,2025-05-28,2025-09-19
4589X,"ALOSNO, THARSIS",HUELVA,276.0,2017,365,22,20,1,8,5,0.3,2017-01-20,25.2,2017-07-13,20.3,2017-06-12,2017-10-14
4589X,"ALOSNO, THARSIS",HUELVA,276.0,2018,355,20,12,2,9,5,0.6,2018-02-05,26.1,2018-08-04,20.4,2018-06-18,2018-09-27
4589X,"ALOSNO, THARSIS",HUELVA,276.0,2019,363,14,10,0,2,3,1.0,2019-02-03,22.2,2019-07-23,19.6,2019-05-12,2019-09-08
4589X,"ALOSNO, THARSIS",HUELVA,276.0,2020,359,23,21,0,5,4,0.9,2020-12-27,24.1,2020-07-07,20.5,2020-06-23,2020-09-13
4589X,"ALOSNO, THARSIS",HUELVA,276.0,2021,363,11,9,2,4,3,-0.4,2021-01-14,25.5,2021-08-14,18.5,2021-07-10,2021-09-06
4589X,"ALOSNO, THARSIS",HUELVA,276.0,2022,355,26,26,1,14,10,2.8,2022-01-09,25.7,2022-07-15,21.2,2022-06-10,2022-08-28
4589X,"ALOSNO, THARSIS",HUELVA,276.0,2023,360,24,22,1,12,6,-0.1,2023-12-27,25.5,2023-08-06,21.1,2023-06-16,2023-10-07
4589X,"ALOSNO, THARSIS",HUELVA,276.0,2024,361,14,14,0,4,3,2.6,2024-12-10,23.2,2024-08-10,19.2,2024-06-24,2024-08-18
4589X,"ALOSNO, THARSIS",HUELVA,276.0,2025,358,36,31,5,17,9,0.7,2025-01-16,28.0,2025-08-13,21.7,2025-05-29,2025-09-19
4608X,EL CAMPILLO,HUELVA,415.0,2017,350,41,36,4,20,10,-0.6,2017-01-18,27.8,2017-07-13,22.3,2017-06-10,2017-10-15
4608X,EL CAMPILLO,HUELVA,415.0,2018,351,32,23,1,14,7,0.0,2018-02-07,25.2,2018-08-03,21.4,2018-07-08,2018-10-02
4608X,EL CAMPILLO,HUELVA,415.0,2019,357,24,18,0,5,8,0.3,2019-02-03,22.9,2019-07-19,20.5,2019-05-12,2019-09-05
4608X,EL CAMPILLO,HUELVA,415.0,2020,357,40,36,1,14,7,1.8,2020-12-30,25.2,2020-07-07,21.6,2020-05-22,2020-09-12
4608X,EL CAMPILLO,HUELVA,415.0,2021,365,20,19,4,7,7,0.0,2021-01-03,28.1,2021-08-15,20.1,2021-06-10,2021-09-06
4608X,EL CAMPILLO,HUELVA,415.0,2022,328,40,36,2,17,12,3.0,2022-01-09,26.5,2022-07-24,22.3,2022-05-18,2022-09-10
4608X,EL CAMPILLO,HUELVA,415.0,2023,363,45,41,4,23,9,1.3,2023-03-02,26.9,2023-08-25,22.3,2023-06-16,2023-10-07
4608X,EL CAMPILLO,HUELVA,415.0,2024,360,32,30,0,14,5,2.7,2024-01-06,24.1,2024-07-04,21.5,2024-05-30,2024-09-01
4608X,EL CAMPILLO,HUELVA,415.0,2025,357,46,38,5,27,11,1.7,2025-12-22,26.6,2025-08-17,22.8,2025-05-29,2025-09-20
4622X,VILLARRASA,HUELVA,145.0,2017,364,10,10,0,4,5,-0.9,2017-01-24,23.0,2017-06-20,18.9,2017-06-16,2017-08-21
4622X,VILLARRASA,HUELVA,145.0,2018,362,7,6,0,2,3,-2.4,2018-02-07,22.8,2018-08-04,19.1,2018-08-02,2018-09-27
4622X,VILLARRASA,HUELVA,145.0,2019,365,3,3,0,0,1,-0.6,2019-01-08,21.3,2019-07-23,18.4,2019-07-20,2019-08-23
4622X,VILLARRASA,HUELVA,145.0,2020,366,14,13,0,0,4,-0.6,2020-12-31,22.0,2020-07-21,19.6,2020-07-16,2020-09-13
4622X,VILLARRASA,HUELVA,145.0,2021,358,11,10,0,4,4,-3.0,2021-01-03,23.5,2021-07-11,19.4,2021-07-10,2021-09-06
4622X,VILLARRASA,HUELVA,145.0,2022,356,15,13,1,2,4,-0.2,2022-01-09,26.4,2022-07-25,20.0,2022-06-12,2022-09-13
4622X,VILLARRASA,HUELVA,145.0,2023,354,23,23,0,4,7,-1.6,2023-03-01,23.4,2023-08-09,20.4,2023-06-26,2023-08-29
4622X,VILLARRASA,HUELVA,145.0,2024,366,10,9,0,2,3,0.3,2024-12-10,23.0,2024-07-11,19.3,2024-07-11,2024-09-01
4622X,VILLARRASA,HUELVA,145.0,2025,364,21,21,1,10,8,-1.6,2025-01-16,25.7,2025-07-01,20.2,2025-06-17,2025-08-18
4642E,"HUELVA, RONDA ESTE",HUELVA,18.0,2017,365,34,31,0,9,6,0.0,2017-01-25,24.5,2017-08-04,21.3,2017-06-13,2017-09-07
4642E,"HUELVA, RONDA ESTE",HUELVA,18.0,2018,365,26,17,0,4,7,-1.7,2018-02-07,23.6,2018-08-02,20.8,2018-07-08,2018-09-27
4642E,"HUELVA, RONDA ESTE",HUELVA,18.0,2019,365,27,22,0,2,5,0.4,2019-01-07,23.1,2019-07-23,20.4,2019-06-30,2019-09-08
4642E,"HUELVA, RONDA ESTE",HUELVA,18.0,2020,366,45,43,0,15,20,1.3,2020-12-27,24.5,2020-07-18,21.5,2020-05-24,2020-09-13
4642E,"HUELVA, RONDA ESTE",HUELVA,18.0,2021,365,25,20,0,7,8,-0.7,2021-01-03,24.2,2021-08-15,20.7,2021-07-10,2021-10-31
4642E,"HUELVA, RONDA ESTE",HUELVA,18.0,2022,365,43,36,1,8,10,2.7,2022-01-21,26.9,2022-07-25,21.3,2022-06-09,2022-09-21
4642E,"HUELVA, RONDA ESTE",HUELVA,18.0,2023,365,50,47,0,19,9,0.6,2023-01-29,24.1,2023-08-12,22.1,2023-06-15,2023-10-17
4642E,"HUELVA, RONDA ESTE",HUELVA,18.0,2024,366,33,32,0,8,4,1.7,2024-12-10,23.8,2024-08-18,20.9,2024-06-24,2024-09-25
4642E,"HUELVA, RONDA ESTE",HUELVA,18.0,2025,364,44,41,1,11,10,-0.7,2025-01-16,25.1,2025-08-13,21.5,2025-06-08,2025-09-19
5000C,CEUTA,CEUTA,87.0,2017,365,83,70,0,25,33,4.6,2017-01-19,24.3,2017-07-24,22.3,2017-06-06,2017-10-05
5000C,CEUTA,CEUTA,87.0,2018,365,63,35,0,21,23,6.4,2018-02-04,24.0,2018-07-21,22.3,2018-06-14,2018-10-05
5000C,CEUTA,CEUTA,87.0,2019,365,58,45,0,17,12,7.9,2019-02-03,24.5,2019-08-08,21.9,2019-06-29,2019-10-11
5000C,CEUTA,CEUTA,87.0,2020,366,84,61,2,35,34,8.0,2020-12-31,27.4,2020-08-02,22.5,2020-05-21,2020-09-29
5000C,CEUTA,CEUTA,87.0,2021,365,77,55,1,21,35,5.3,2021-01-10,26.1,2021-08-06,22.2,2021-05-16,2021-10-31
5000C,CEUTA,CEUTA,87.0,2022,364,88,66,1,44,41,9.0,2022-03-15,27.8,2022-07-26,23.2,2022-06-08,2022-10-06
5000C,CEUTA,CEUTA,87.0,2023,365,102,72,4,47,36,7.1,2023-01-25,26.7,2023-07-12,23.4,2023-06-14,2023-10-18
5000C,CEUTA,CEUTA,87.0,2024,365,74,54,0,27,51,8.3,2024-03-26,24.8,2024-08-02,22.6,2024-06-15,2024-10-06
5000C,CEUTA,CEUTA,87.0,2025,365,95,77,0,45,41,8.2,2025-12-21,24.2,2025-08-18,22.9,2025-06-09,2025-10-25
5038Y,CAZORLA,JAEN,799.0,2017,365,61,56,7,36,17,-4.9,2017-01-18,28.6,2017-07-13,23.8,2017-06-09,2017-10-14
5038Y,CAZORLA,JAEN,799.0,2018,365,44,38,1,13,12,-2.2,2018-02-07,25.2,2018-08-07,20.9,2018-06-16,2018-09-25
5038Y,CAZORLA,JAEN,799.0,2019,365,42,38,1,13,13,-1.8,2019-01-11,25.9,2019-07-23,21.6,2019-06-28,2019-09-05
5038Y,CAZORLA,JAEN,799.0,2020,366,56,55,6,33,27,-1.7,2020-12-26,26.4,2020-08-01,23.5,2020-05-23,2020-08-28
5038Y,CAZORLA,JAEN,799.0,2021,363,52,47,5,20,16,-1.2,2021-01-03,28.9,2021-08-16,22.2,2021-05-31,2021-09-13
5038Y,CAZORLA,JAEN,799.0,2022,345,72,62,9,47,39,2.0,2022-01-08,28.4,2022-07-25,23.8,2022-05-18,2022-10-25
5038Y,CAZORLA,JAEN,799.0,2023,364,66,63,14,47,33,-2.0,2023-01-28,27.2,2023-08-10,24.3,2023-04-27,2023-09-01
5038Y,CAZORLA,JAEN,799.0,2024,366,64,59,5,43,36,1.0,2024-02-28,27.4,2024-07-30,23.7,2024-05-30,2024-09-03
5038Y,CAZORLA,JAEN,799.0,2025,361,86,71,9,58,24,1.1,2025-01-14,29.1,2025-08-18,24.1,2025-05-28,2025-09-20
5047E,BAZA,GRANADA,785.0,2017,348,3,3,0,0,1,-7.4,2017-01-18,20.7,2017-08-02,17.6,2017-06-26,2017-08-02
5047E,BAZA,GRANADA,785.0,2018,305,0,0,0,0,0,-5.1,2018-02-24,19.0,2018-08-28,16.3,,
5047E,BAZA,GRANADA,785.0,2019,358,4,4,0,0,2,-8.6,2019-01-12,21.3,2019-08-07,17.1,2019-07-07,2019-08-11
5047E,BAZA,GRANADA,785.0,2020,310,0,0,0,0,0,-8.8,2020-12-27,19.1,2020-07-08,16.2,,
5047E,BAZA,GRANADA,785.0,2021,350,8,8,0,0,2,-6.3,2021-01-13,21.7,2021-07-30,18.6,2021-07-06,2021-08-22
5047E,BAZA,GRANADA,785.0,2022,321,2,1,0,0,1,-7.5,2022-01-19,20.6,2022-09-13,17.2,2022-06-15,2022-09-13
5047E,BAZA,GRANADA,785.0,2023,332,7,7,0,2,3,-7.6,2023-01-29,22.2,2023-07-24,18.1,2023-07-07,2023-08-10
5047E,BAZA,GRANADA,785.0,2024,360,6,6,0,0,2,-5.7,2024-12-21,21.9,2024-07-30,18.4,2024-07-12,2024-08-21
5047E,BAZA,GRANADA,785.0,2025,343,4,4,0,0,1,-8.8,2025-01-15,21.0,2025-07-24,17.9,2025-07-09,2025-08-25
5051X,HUÉSCAR,GRANADA,1100.0,2025,354,4,4,0,0,1,-4.7,2025-01-14,20.7,2025-07-09,17.9,2025-07-09,2025-08-18
5060X,VÉLEZ BLANCO - TOPARES,ALMERIA,1190.0,2017,365,6,6,0,1,3,-8.7,2017-01-18,22.9,2017-07-13,18.8,2017-07-12,2017-08-06
5060X,VÉLEZ BLANCO - TOPARES,ALMERIA,1190.0,2018,364,0,0,0,0,0,-7.5,2018-02-06,19.4,2018-07-10,17.6,,
5060X,VÉLEZ BLANCO - TOPARES,ALMERIA,1190.0,2019,360,3,3,0,0,1,-5.8,2019-01-11,20.9,2019-07-13,17.9,2019-07-13,2019-08-17
5060X,VÉLEZ BLANCO - TOPARES,ALMERIA,1190.0,2020,364,5,5,0,1,2,-5.2,2020-12-26,22.6,2020-08-01,18.5,2020-07-07,2020-08-02
5060X,VÉLEZ BLANCO - TOPARES,ALMERIA,1190.0,2021,365,8,8,0,1,6,-6.1,2021-01-04,22.7,2021-08-14,18.1,2021-07-11,2021-08-16
5060X,VÉLEZ BLANCO - TOPARES,ALMERIA,1190.0,2022,365,4,4,0,1,3,-3.4,2022-01-21,22.9,2022-07-25,18.6,2022-06-15,2022-07-26
5060X,VÉLEZ BLANCO - TOPARES,ALMERIA,1190.0,2023,363,15,15,0,5,3,-5.4,2023-01-28,24.5,2023-08-10,19.6,2023-06-29,2023-08-25
5060X,VÉLEZ BLANCO - TOPARES,ALMERIA,1190.0,2024,360,10,10,0,3,4,-3.5,2024-01-08,23.7,2024-08-01,19.3,2024-07-12,2024-08-18
5060X,VÉLEZ BLANCO - TOPARES,ALMERIA,1190.0,2025,359,6,6,0,2,2,-4.7,2025-01-14,22.3,2025-08-18,18.5,2025-07-07,2025-08-18
5103E,"CAMARATE 2, PARQUE NACIONAL SIERRA NEVADA",GRANADA,2152.0,2024,365,2,2,0,1,2,-9.2,2024-02-28,22.1,2024-07-31,15.0,2024-07-31,2024-08-01
5103E,"CAMARATE 2, PARQUE NACIONAL SIERRA NEVADA",GRANADA,2152.0,2025,361,0,0,0,0,0,-8.9,2025-12-22,18.6,2025-06-23,16.2,,
5103F,"CAMARATE, PARQUE NACIONAL SIERRA NEVADA",GRANADA,1534.0,2024,366,10,10,0,3,4,-2.7,2024-12-11,24.2,2024-08-01,19.1,2024-07-19,2024-08-19
5103F,"CAMARATE, PARQUE NACIONAL SIERRA NEVADA",GRANADA,1534.0,2025,341,11,11,0,2,3,-4.6,2025-12-22,22.5,2025-08-18,19.4,2025-06-09,2025-08-18
5107D,DÓLAR,GRANADA,1197.0,2018,365,2,2,0,0,2,-5.4,2018-02-05,21.7,2018-08-01,17.6,2018-08-01,2018-08-02
5107D,DÓLAR,GRANADA,1197.0,2019,334,3,3,0,0,2,-4.9,2019-01-11,21.8,2019-07-23,18.3,2019-07-12,2019-07-24
5107D,DÓLAR,GRANADA,1197.0,2020,364,12,12,0,3,2,-4.0,2020-12-26,23.0,2020-07-30,19.4,2020-07-07,2020-08-10
5107D,DÓLAR,GRANADA,1197.0,2021,365,11,10,0,7,6,-5.4,2021-01-04,24.6,2021-08-14,18.2,2021-07-11,2021-09-07
5107D,DÓLAR,GRANADA,1197.0,2022,365,19,17,0,4,4,-2.9,2022-01-15,22.6,2022-07-14,20.3,2022-05-21,2022-09-12
5107D,DÓLAR,GRANADA,1197.0,2023,365,20,20,0,7,4,-5.8,2023-01-24,24.8,2023-07-18,20.3,2023-06-26,2023-08-26
5107D,DÓLAR,GRANADA,1197.0,2024,366,15,15,0,3,4,-2.0,2024-12-09,23.8,2024-08-01,19.8,2024-07-11,2024-08-21
5107D,DÓLAR,GRANADA,1197.0,2025,365,14,14,0,2,4,-3.0,2025-01-14,23.5,2025-08-18,19.7,2025-06-22,2025-08-25
5164B,BAEZA,JAEN,771.0,2017,365,59,56,4,34,15,-5.3,2017-01-18,26.0,2017-07-14,23.2,2017-06-11,2017-09-13
5164B,BAEZA,JAEN,771.0,2018,365,33,30,2,13,8,-3.0,2018-02-09,26.0,2018-08-04,21.4,2018-06-17,2018-09-24
5164B,BAEZA,JAEN,771.0,2019,363,33,28,1,11,7,-1.6,2019-01-11,25.6,2019-07-23,21.4,2019-06-28,2019-09-05
5164B,BAEZA,JAEN,771.0,2020,366,52,49,2,29,26,-3.2,2020-12-31,25.6,2020-08-01,23.0,2020-06-22,2020-09-17
5164B,BAEZA,JAEN,771.0,2021,361,37,35,5,17,16,-3.4,2021-01-12,27.0,2021-08-15,21.9,2021-06-10,2021-09-07
5164B,BAEZA,JAEN,771.0,2022,326,30,25,1,10,10,-0.7,2022-01-19,25.3,2022-06-16,21.2,2022-05-20,2022-10-18
5164B,BAEZA,JAEN,771.0,2023,365,57,56,4,32,15,-3.4,2023-03-02,26.3,2023-08-10,23.3,2023-06-23,2023-09-30
5164B,BAEZA,JAEN,771.0,2024,334,48,45,2,23,28,-1.9,2024-01-08,26.7,2024-07-30,22.7,2024-05-30,2024-09-02
5164B,BAEZA,JAEN,771.0,2025,348,63,59,3,40,24,-1.6,2025-01-16,26.8,2025-08-17,23.3,2025-05-29,2025-09-08
5165X,TORRES,JAEN,910.0,2017,365,37,37,2,15,8,-7.8,2017-01-18,26.1,2017-07-13,21.6,2017-06-15,2017-08-27
5165X,TORRES,JAEN,910.0,2018,365,15,13,0,7,8,-3.2,2018-02-09,24.1,2018-08-04,19.6,2018-06-18,2018-09-02
5165X,TORRES,JAEN,910.0,2019,362,14,14,0,0,6,-3.0,2019-01-11,21.8,2019-08-18,19.8,2019-07-12,2019-08-18
5165X,TORRES,JAEN,910.0,2020,366,36,36,0,10,11,-2.2,2020-12-31,23.6,2020-08-01,21.4,2020-06-22,2020-08-28
5165X,TORRES,JAEN,910.0,2021,364,20,18,4,6,8,-3.6,2021-01-03,27.2,2021-08-15,20.2,2021-07-11,2021-09-07
5165X,TORRES,JAEN,910.0,2022,365,54,49,2,24,21,0.4,2022-01-14,25.6,2022-07-25,22.6,2022-05-20,2022-10-26
5165X,TORRES,JAEN,910.0,2023,345,47,46,1,27,11,-3.3,2023-02-28,25.5,2023-08-10,23.1,2023-04-28,2023-08-26
5165X,TORRES,JAEN,910.0,2024,366,44,42,1,16,21,-0.2,2024-01-08,25.1,2024-07-29,21.9,2024-05-31,2024-09-01
5165X,TORRES,JAEN,910.0,2025,355,62,54,2,24,17,0.0,2025-01-14,26.6,2025-08-18,22.4,2025-05-30,2025-09-20
5181D,ARROYO DEL OJANCO,JAEN,580.0,2017,307,36,23,1,16,11,-6.5,2017-01-18,25.1,2017-06-16,22.0,2017-06-03,2017-09-23
5181D,ARROYO DEL OJANCO,JAEN,580.0,2018,359,23,20,0,8,9,-3.8,2018-02-09,24.3,2018-08-07,20.7,2018-06-27,2018-09-03
5181D,ARROYO DEL OJANCO,JAEN,580.0,2019,330,50,48,1,27,16,-4.6,2019-01-11,25.3,2019-07-02,22.7,2019-06-23,2019-09-05
5181D,ARROYO DEL OJANCO,JAEN,580.0,2020,335,49,46,1,23,26,-3.1,2020-12-27,25.2,2020-08-01,23.0,2020-06-24,2020-09-17
5181D,ARROYO DEL OJANCO,JAEN,580.0,2021,361,45,42,1,20,8,-3.6,2021-01-12,25.7,2021-08-15,22.4,2021-06-12,2021-09-13
5181D,ARROYO DEL OJANCO,JAEN,580.0,2022,357,66,62,2,29,19,-1.6,2022-01-09,25.3,2022-08-02,22.6,2022-05-21,2022-09-12
5181D,ARROYO DEL OJANCO,JAEN,580.0,2023,338,45,42,3,20,7,-4.0,2023-03-02,26.6,2023-08-10,22.3,2023-06-18,2023-09-14
5181D,ARROYO DEL OJANCO,JAEN,580.0,2025,313,54,50,1,30,18,-3.6,2025-01-15,25.5,2025-07-07,23.5,2025-06-28,2025-09-20
5192,VILLARRODRIGO,JAEN,862.0,2022,337,62,53,3,34,19,-0.9,2022-04-03,25.7,2022-08-10,23.5,2022-05-18,2022-10-27
5192,VILLARRODRIGO,JAEN,862.0,2023,360,47,46,4,25,11,-4.7,2023-02-28,26.5,2023-07-18,23.1,2023-04-28,2023-08-26
5210X,VILLANUEVA DEL ARZOBISPO,JAEN,680.0,2017,365,48,47,1,15,10,-8.0,2017-01-18,25.4,2017-07-14,21.8,2017-06-09,2017-09-07
5210X,VILLANUEVA DEL ARZOBISPO,JAEN,680.0,2019,334,25,24,0,5,8,-4.9,2019-01-11,23.3,2019-07-12,20.8,2019-06-29,2019-09-02
5210X,VILLANUEVA DEL ARZOBISPO,JAEN,680.0,2020,366,40,40,1,19,19,-4.0,2020-12-27,26.3,2020-08-01,22.1,2020-06-24,2020-08-28
5210X,VILLANUEVA DEL ARZOBISPO,JAEN,680.0,2021,363,28,26,1,13,7,-4.1,2021-01-12,26.8,2021-08-15,21.2,2021-06-10,2021-09-07
5210X,VILLANUEVA DEL ARZOBISPO,JAEN,680.0,2022,357,52,49,0,20,11,-2.0,2022-01-17,24.1,2022-06-15,22.3,2022-06-10,2022-10-19
5210X,VILLANUEVA DEL ARZOBISPO,JAEN,680.0,2023,364,41,40,2,24,10,-4.2,2023-01-28,25.9,2023-08-09,22.3,2023-06-26,2023-09-07
5210X,VILLANUEVA DEL ARZOBISPO,JAEN,680.0,2024,366,45,43,1,17,17,-2.4,2024-01-08,25.5,2024-07-29,21.9,2024-07-04,2024-09-02
5210X,VILLANUEVA DEL ARZOBISPO,JAEN,680.0,2025,365,58,53,0,20,17,-3.8,2025-01-15,24.7,2025-08-06,22.1,2025-06-15,2025-09-20
5246,SANTA ELENA,JAEN,770.0,2017,323,43,43,2,19,11,-5.6,2017-01-18,28.8,2017-07-13,22.3,2017-06-11,2017-08-26
5246,SANTA ELENA,JAEN,770.0,2018,360,20,16,0,9,8,-2.5,2018-02-09,25.0,2018-08-03,20.2,2018-08-01,2018-09-24
5246,SANTA ELENA,JAEN,770.0,2020,349,46,45,0,23,18,-1.8,2020-12-26,24.1,2020-07-08,22.4,2020-05-24,2020-08-28
5246,SANTA ELENA,JAEN,770.0,2021,332,22,20,4,9,7,-1.4,2021-11-28,28.3,2021-08-14,21.0,2021-07-17,2021-09-07
5246,SANTA ELENA,JAEN,770.0,2022,338,45,41,3,28,20,0.5,2022-01-09,26.6,2022-07-25,23.4,2022-05-20,2022-09-12
5246,SANTA ELENA,JAEN,770.0,2025,321,56,48,3,28,17,-0.6,2025-01-14,26.8,2025-08-17,22.8,2025-05-30,2025-09-20
5270B,JAÉN,JAEN,580.0,2017,365,83,69,11,48,19,-3.5,2017-01-18,28.5,2017-07-13,24.3,2017-05-21,2017-10-15
5270B,JAÉN,JAEN,580.0,2018,362,52,41,5,21,16,-0.7,2018-02-08,29.8,2018-08-02,22.3,2018-06-16,2018-09-27
5270B,JAÉN,JAEN,580.0,2019,365,54,47,1,18,13,-1.4,2019-01-11,25.9,2019-07-23,21.9,2019-06-01,2019-09-07
5270B,JAÉN,JAEN,580.0,2020,365,65,54,9,43,26,-0.2,2020-12-31,26.5,2020-08-01,24.5,2020-05-07,2020-10-08
5270B,JAÉN,JAEN,580.0,2021,356,59,53,6,24,15,-2.0,2021-01-12,30.1,2021-08-13,22.4,2021-06-10,2021-09-13
5270B,JAÉN,JAEN,580.0,2022,365,78,63,14,52,21,1.1,2022-01-18,28.2,2022-07-25,24.7,2022-05-18,2022-10-27
5270B,JAÉN,JAEN,580.0,2023,365,73,63,19,51,21,-0.7,2023-01-25,28.6,2023-08-22,25.0,2023-04-27,2023-10-07
5270B,JAÉN,JAEN,580.0,2024,366,67,60,6,48,50,1.2,2024-12-21,26.3,2024-07-29,24.0,2024-03-23,2024-09-16
5270B,JAÉN,JAEN,580.0,2025,364,88,71,14,62,31,-0.4,2025-01-15,28.8,2025-08-18,24.7,2025-05-28,2025-09-20
5279X,LINARES,JAEN,515.0,2017,365,71,64,5,40,19,-3.8,2017-01-18,28.5,2017-07-13,23.7,2017-05-25,2017-10-15
5279X,LINARES,JAEN,515.0,2018,365,45,37,4,21,12,-1.4,2018-02-09,26.2,2018-08-04,22.4,2018-06-16,2018-09-25
5279X,LINARES,JAEN,515.0,2019,357,49,41,1,20,10,-1.0,2019-01-11,25.7,2019-07-23,22.2,2019-06-28,2019-09-17
5279X,LINARES,JAEN,515.0,2020,366,63,55,5,43,26,-1.2,2020-12-30,26.1,2020-07-21,24.1,2020-05-23,2020-09-17
5279X,LINARES,JAEN,515.0,2021,359,59,53,6,24,16,-2.2,2021-01-03,29.1,2021-08-14,22.6,2021-06-10,2021-09-13
5279X,LINARES,JAEN,515.0,2022,361,76,63,11,54,21,1.2,2022-01-09,27.7,2022-07-25,24.5,2022-05-18,2022-10-27
5279X,LINARES,JAEN,515.0,2023,364,73,62,16,46,20,-0.8,2023-03-02,27.4,2023-08-10,24.6,2023-04-28,2023-10-07
5279X,LINARES,JAEN,515.0,2024,353,60,57,4,40,29,0.5,2024-01-08,26.2,2024-07-29,23.4,2024-06-22,2024-09-03
5279X,LINARES,JAEN,515.0,2025,365,83,68,12,61,28,0.7,2025-01-16,27.5,2025-08-18,24.2,2025-05-29,2025-09-20
5281X,BAILÉN,JAEN,345.0,2017,365,75,67,1,34,16,-2.6,2017-01-18,25.9,2017-06-16,23.1,2017-05-25,2017-09-08
5281X,BAILÉN,JAEN,345.0,2018,364,45,36,2,18,19,-2.3,2018-02-09,25.9,2018-08-04,22.0,2018-06-18,2018-09-26
5281X,BAILÉN,JAEN,345.0,2021,357,59,53,5,26,16,-2.8,2021-01-03,27.1,2021-08-15,22.7,2021-06-10,2021-09-13
5281X,BAILÉN,JAEN,345.0,2022,364,77,66,8,55,39,-0.5,2022-01-20,26.2,2022-08-29,24.4,2022-05-20,2022-09-20
5281X,BAILÉN,JAEN,345.0,2023,363,76,68,12,46,33,-1.6,2023-01-23,27.5,2023-08-10,24.5,2023-06-15,2023-10-07
5281X,BAILÉN,JAEN,345.0,2024,355,66,60,5,49,50,-0.3,2024-01-08,27.2,2024-07-29,24.1,2024-05-30,2024-09-14
5281X,BAILÉN,JAEN,345.0,2025,365,86,75,7,61,29,-1.5,2025-01-15,27.0,2025-08-13,24.3,2025-05-29,2025-09-20
5298X,ANDÚJAR,JAEN,202.0,2017,363,20,19,0,2,5,-5.3,2017-01-15,22.6,2017-06-16,20.3,2017-06-15,2017-09-07
5298X,ANDÚJAR,JAEN,202.0,2019,359,14,13,0,2,6,-5.0,2019-01-12,22.9,2019-07-22,19.6,2019-06-30,2019-09-02
5298X,ANDÚJAR,JAEN,202.0,2020,364,24,24,0,6,5,-4.2,2020-12-31,23.7,2020-07-21,20.8,2020-06-29,2020-08-10
5298X,ANDÚJAR,JAEN,202.0,2021,340,26,23,0,5,7,-5.6,2021-01-03,22.8,2021-08-24,20.7,2021-06-14,2021-09-13
5298X,ANDÚJAR,JAEN,202.0,2022,353,42,38,1,12,9,-3.8,2022-01-19,25.5,2022-08-29,21.5,2022-05-21,2022-09-13
5298X,ANDÚJAR,JAEN,202.0,2023,361,37,34,1,16,7,-4.6,2023-03-02,25.6,2023-08-10,21.6,2023-06-18,2023-09-11
5298X,ANDÚJAR,JAEN,202.0,2024,359,46,43,1,13,15,-2.8,2024-01-08,25.7,2024-07-29,21.7,2024-06-01,2024-10-03
5298X,ANDÚJAR,JAEN,202.0,2025,356,42,41,0,9,8,-4.0,2025-01-15,23.0,2025-06-20,21.5,2025-06-15,2025-09-19
5304Y,PUERTOLLANO,CIUDAD REAL,665.0,2017,351,38,36,0,14,10,-4.6,2017-12-06,24.9,2017-07-18,21.6,2017-05-25,2017-08-27
5304Y,PUERTOLLANO,CIUDAD REAL,665.0,2018,325,15,14,0,1,3,-6.0,2018-02-24,23.0,2018-08-28,19.8,2018-06-18,2018-09-03
5304Y,PUERTOLLANO,CIUDAD REAL,665.0,2019,360,32,31,1,12,8,-4.7,2019-01-12,26.5,2019-07-22,21.4,2019-06-24,2019-09-02
5304Y,PUERTOLLANO,CIUDAD REAL,665.0,2020,365,39,37,2,17,21,-3.9,2020-12-27,26.0,2020-07-27,21.9,2020-06-24,2020-09-17
5304Y,PUERTOLLANO,CIUDAD REAL,665.0,2021,365,29,27,0,12,9,-6.1,2021-01-12,24.5,2021-08-12,20.9,2021-06-14,2021-09-07
5304Y,PUERTOLLANO,CIUDAD REAL,665.0,2022,364,48,47,4,25,11,-4.0,2022-01-20,26.4,2022-09-12,22.8,2022-06-11,2022-09-12
5304Y,PUERTOLLANO,CIUDAD REAL,665.0,2023,365,47,45,3,22,7,-5.3,2023-02-28,25.4,2023-08-10,22.4,2023-04-28,2023-09-07
5304Y,PUERTOLLANO,CIUDAD REAL,665.0,2024,365,49,47,3,16,15,-3.1,2024-01-08,25.9,2024-07-29,21.9,2024-06-07,2024-09-02
5304Y,PUERTOLLANO,CIUDAD REAL,665.0,2025,358,47,46,1,17,13,-5.7,2025-01-14,26.8,2025-07-03,22.0,2025-06-02,2025-09-19
5341C,FUENCALIENTE,CIUDAD REAL,710.0,2017,365,5,5,0,1,2,-3.3,2017-01-18,22.8,2017-07-25,18.6,2017-07-13,2017-08-19
5341C,FUENCALIENTE,CIUDAD REAL,710.0,2018,361,2,2,0,1,1,-5.3,2018-02-09,23.2,2018-08-04,16.9,2018-06-18,2018-08-04
5341C,FUENCALIENTE,CIUDAD REAL,710.0,2019,363,1,1,0,0,1,-3.5,2019-02-04,20.5,2019-07-23,17.3,2019-07-23,2019-07-23
5341C,FUENCALIENTE,CIUDAD REAL,710.0,2020,361,5,5,0,0,1,-3.6,2020-12-27,21.5,2020-07-23,18.4,2020-07-12,2020-08-08
5341C,FUENCALIENTE,CIUDAD REAL,710.0,2021,363,6,6,0,0,5,-5.1,2021-01-03,21.4,2021-08-13,17.8,2021-07-11,2021-08-17
5341C,FUENCALIENTE,CIUDAD REAL,710.0,2022,351,9,9,0,1,2,-2.3,2022-01-09,23.1,2022-07-25,19.0,2022-06-16,2022-08-30
5341C,FUENCALIENTE,CIUDAD REAL,710.0,2023,365,18,18,0,0,3,-4.8,2023-03-02,21.7,2023-07-19,20.0,2023-06-30,2023-08-26
5341C,FUENCALIENTE,CIUDAD REAL,710.0,2024,352,6,6,0,2,2,-2.0,2024-01-07,23.9,2024-07-29,18.9,2024-06-23,2024-08-29
5341C,FUENCALIENTE,CIUDAD REAL,710.0,2025,361,7,6,0,0,2,-3.3,2025-01-14,21.4,2025-09-19,18.9,2025-06-19,2025-09-19
5346X,CARDEÑA,CORDOBA,720.0,2017,365,32,32,1,9,8,-3.6,2017-01-18,27.1,2017-07-13,21.2,2017-06-16,2017-08-26
5346X,CARDEÑA,CORDOBA,720.0,2018,364,16,13,1,5,8,-2.2,2018-02-09,26.3,2018-08-04,19.7,2018-06-18,2018-09-24
5346X,CARDEÑA,CORDOBA,720.0,2019,348,17,15,0,2,5,-2.7,2019-01-11,22.5,2019-07-23,19.8,2019-07-11,2019-09-04
5346X,CARDEÑA,CORDOBA,720.0,2020,366,32,32,0,9,6,-1.9,2020-12-31,23.0,2020-07-27,20.9,2020-06-23,2020-08-27
5346X,CARDEÑA,CORDOBA,720.0,2021,365,15,13,4,8,7,-3.2,2021-01-04,25.8,2021-08-16,19.8,2021-07-11,2021-09-07
5346X,CARDEÑA,CORDOBA,720.0,2022,362,43,38,1,18,9,1.1,2022-01-09,25.7,2022-07-25,22.0,2022-05-20,2022-09-12
5346X,CARDEÑA,CORDOBA,720.0,2023,364,37,37,0,23,8,-3.4,2023-02-28,24.2,2023-08-20,22.5,2023-06-23,2023-08-26
5346X,CARDEÑA,CORDOBA,720.0,2024,361,33,32,0,9,6,-0.1,2024-12-09,24.8,2024-07-29,21.0,2024-06-23,2024-09-01
5346X,CARDEÑA,CORDOBA,720.0,2025,355,39,36,0,15,16,-0.9,2025-11-22,24.7,2025-08-17,21.3,2025-05-31,2025-09-19
5361X,MONTORO,CORDOBA,155.0,2017,365,34,33,0,8,6,-4.3,2017-01-18,24.2,2017-07-19,20.9,2017-06-03,2017-09-03
5361X,MONTORO,CORDOBA,155.0,2018,365,13,12,0,3,3,-4.2,2018-02-24,22.4,2018-08-04,19.7,2018-07-24,2018-09-03
5361X,MONTORO,CORDOBA,155.0,2019,365,22,19,0,7,7,-4.8,2019-01-12,23.8,2019-07-22,20.5,2019-06-27,2019-09-04
5361X,MONTORO,CORDOBA,155.0,2020,361,37,36,1,17,23,-2.8,2020-12-31,25.2,2020-07-21,21.6,2020-06-26,2020-09-15
5361X,MONTORO,CORDOBA,155.0,2021,363,37,33,0,9,6,-4.4,2021-01-03,23.5,2021-08-10,21.0,2021-06-15,2021-09-13
5361X,MONTORO,CORDOBA,155.0,2022,359,37,33,0,14,10,-3.3,2022-01-19,25.0,2022-08-01,21.2,2022-06-08,2022-09-20
5361X,MONTORO,CORDOBA,155.0,2023,357,31,29,0,10,4,-3.9,2023-03-02,24.3,2023-08-03,20.9,2023-06-18,2023-09-11
5361X,MONTORO,CORDOBA,155.0,2024,352,32,30,1,12,14,-3.0,2024-12-30,25.2,2024-09-01,21.2,2024-06-07,2024-09-02
5361X,MONTORO,CORDOBA,155.0,2025,343,37,36,0,4,9,-4.1,2025-01-16,22.7,2025-07-10,21.1,2025-06-18,2025-09-08
5390Y,VILLANUEVA DE CÓRDOBA,CORDOBA,750.0,2017,365,32,32,1,14,6,-3.9,2017-01-18,27.9,2017-07-13,21.2,2017-06-12,2017-08-27
5390Y,VILLANUEVA DE CÓRDOBA,CORDOBA,750.0,2018,365,18,14,1,5,7,-3.3,2018-02-08,26.1,2018-08-04,20.0,2018-06-18,2018-09-25
5390Y,VILLANUEVA DE CÓRDOBA,CORDOBA,750.0,2019,365,14,13,0,1,7,-1.3,2019-02-03,23.0,2019-07-23,19.6,2019-07-12,2019-09-02
5390Y,VILLANUEVA DE CÓRDOBA,CORDOBA,750.0,2020,366,35,34,0,14,11,-1.6,2020-12-26,23.5,2020-07-27,21.1,2020-06-22,2020-09-13
5390Y,VILLANUEVA DE CÓRDOBA,CORDOBA,750.0,2021,364,18,16,3,6,7,-2.3,2021-01-12,26.2,2021-07-11,19.9,2021-07-10,2021-09-07
5390Y,VILLANUEVA DE CÓRDOBA,CORDOBA,750.0,2022,362,41,37,0,14,10,0.5,2022-04-03,24.9,2022-07-25,21.7,2022-05-20,2022-09-12
5390Y,VILLANUEVA DE CÓRDOBA,CORDOBA,750.0,2024,362,34,33,0,9,8,-0.6,2024-12-09,23.7,2024-07-29,21.0,2024-07-04,2024-09-01
5390Y,VILLANUEVA DE CÓRDOBA,CORDOBA,750.0,2025,361,44,41,1,13,14,-0.4,2025-01-17,25.4,2025-08-17,21.8,2025-05-31,2025-09-19
5394X,"CÓRDOBA, EMBALSE DE GUADANUÑO",CORDOBA,525.0,2017,365,22,22,0,3,6,-3.9,2017-01-18,23.2,2017-06-16,20.4,2017-06-16,2017-08-27
5394X,"CÓRDOBA, EMBALSE DE GUADANUÑO",CORDOBA,525.0,2018,362,10,9,0,2,6,-3.2,2018-02-09,24.8,2018-08-04,19.0,2018-08-02,2018-09-02
5394X,"CÓRDOBA, EMBALSE DE GUADANUÑO",CORDOBA,525.0,2019,365,6,6,0,0,6,-2.1,2019-01-11,21.4,2019-07-20,19.1,2019-07-19,2019-07-24
5394X,"CÓRDOBA, EMBALSE DE GUADANUÑO",CORDOBA,525.0,2020,365,26,26,0,2,5,-1.7,2020-12-31,22.5,2020-07-21,20.3,2020-06-28,2020-08-23
5394X,"CÓRDOBA, EMBALSE DE GUADANUÑO",CORDOBA,525.0,2021,334,12,11,0,5,7,-3.2,2021-01-12,23.6,2021-09-06,19.7,2021-07-05,2021-09-06
5394X,"CÓRDOBA, EMBALSE DE GUADANUÑO",CORDOBA,525.0,2022,364,30,29,0,4,4,-0.7,2022-01-17,24.6,2022-07-25,20.7,2022-06-10,2022-09-09
5394X,"CÓRDOBA, EMBALSE DE GUADANUÑO",CORDOBA,525.0,2023,365,32,32,0,10,8,-2.5,2023-03-02,24.0,2023-08-10,21.4,2023-06-24,2023-08-26
5394X,"CÓRDOBA, EMBALSE DE GUADANUÑO",CORDOBA,525.0,2024,340,21,20,0,3,5,-0.5,2024-01-08,23.8,2024-07-29,20.3,2024-07-05,2024-09-01
5394X,"CÓRDOBA, EMBALSE DE GUADANUÑO",CORDOBA,525.0,2025,365,22,22,0,4,11,-1.4,2025-01-14,23.2,2025-06-20,20.3,2025-06-19,2025-08-18
5402,CÓRDOBA AEROPUERTO,CORDOBA,90.0,2017,362,40,37,0,10,10,-2.9,2017-01-18,24.5,2017-06-16,21.4,2017-06-09,2017-09-06
5402,CÓRDOBA AEROPUERTO,CORDOBA,90.0,2018,365,32,25,0,6,6,-3.1,2018-02-09,24.0,2018-08-04,20.9,2018-06-21,2018-09-26
5402,CÓRDOBA AEROPUERTO,CORDOBA,90.0,2019,362,35,28,0,10,8,-2.5,2019-01-11,23.9,2019-07-22,21.0,2019-06-29,2019-09-21
5402,CÓRDOBA AEROPUERTO,CORDOBA,90.0,2020,366,42,39,0,22,23,-2.5,2020-12-31,24.6,2020-07-30,22.5,2020-06-29,2020-09-17
5402,CÓRDOBA AEROPUERTO,CORDOBA,90.0,2021,364,29,24,1,14,7,-3.5,2021-01-03,25.1,2021-09-06,21.5,2021-07-11,2021-09-13
5402,CÓRDOBA AEROPUERTO,CORDOBA,90.0,2022,365,46,42,1,15,10,-1.6,2022-01-20,25.2,2022-07-25,21.8,2022-06-10,2022-09-21
5402,CÓRDOBA AEROPUERTO,CORDOBA,90.0,2023,364,40,35,0,15,7,-3.9,2023-01-26,24.9,2023-07-19,21.6,2023-06-18,2023-09-15
5402,CÓRDOBA AEROPUERTO,CORDOBA,90.0,2024,364,35,32,1,11,14,-1.9,2024-01-08,26.1,2024-07-29,20.9,2024-06-25,2024-10-03
5402,CÓRDOBA AEROPUERTO,CORDOBA,90.0,2025,364,38,36,1,4,8,-3.8,2025-01-16,26.2,2025-08-05,21.2,2025-06-17,2025-09-08
5406X,ALCALÁ LA REAL,JAEN,908.0,2017,365,22,22,0,5,7,-7.8,2017-01-18,24.4,2017-07-13,20.2,2017-06-16,2017-08-27
5406X,ALCALÁ LA REAL,JAEN,908.0,2018,365,10,9,0,4,8,-4.2,2018-02-09,22.9,2018-08-02,18.3,2018-08-01,2018-09-02
5406X,ALCALÁ LA REAL,JAEN,908.0,2019,322,2,2,0,0,1,-2.8,2019-01-11,20.8,2019-07-21,18.3,2019-07-21,2019-07-23
5406X,ALCALÁ LA REAL,JAEN,908.0,2020,366,23,22,0,2,5,-3.4,2020-12-27,23.3,2020-07-30,20.3,2020-07-07,2020-09-13
5406X,ALCALÁ LA REAL,JAEN,908.0,2021,365,12,10,3,6,4,-4.5,2021-01-03,25.3,2021-07-11,19.2,2021-07-11,2021-09-07
5406X,ALCALÁ LA REAL,JAEN,908.0,2022,365,31,28,0,10,6,-0.6,2022-01-16,24.1,2022-09-12,21.0,2022-05-20,2022-09-12
5406X,ALCALÁ LA REAL,JAEN,908.0,2023,359,23,22,1,8,7,-3.6,2023-01-28,25.2,2023-07-11,21.1,2023-04-28,2023-08-26
5406X,ALCALÁ LA REAL,JAEN,908.0,2024,366,18,17,0,3,4,-1.7,2024-01-08,24.5,2024-07-29,20.0,2024-07-04,2024-09-01
5406X,ALCALÁ LA REAL,JAEN,908.0,2025,355,29,27,0,4,8,-1.7,2025-01-15,23.7,2025-08-18,20.5,2025-06-09,2025-09-19
5412X,PRIEGO DE CÓRDOBA,CORDOBA,550.0,2017,365,30,30,1,8,8,-4.2,2017-12-04,25.2,2017-08-07,20.9,2017-06-15,2017-08-27
5412X,PRIEGO DE CÓRDOBA,CORDOBA,550.0,2018,363,14,13,0,4,7,-4.7,2018-02-09,24.0,2018-08-04,19.3,2018-07-09,2018-09-26
5412X,PRIEGO DE CÓRDOBA,CORDOBA,550.0,2019,365,6,5,0,3,4,-3.8,2019-01-11,22.9,2019-07-21,19.3,2019-07-20,2019-09-04
5412X,PRIEGO DE CÓRDOBA,CORDOBA,550.0,2020,366,30,27,0,4,6,-3.9,2020-12-27,24.9,2020-08-01,20.9,2020-06-29,2020-09-17
5412X,PRIEGO DE CÓRDOBA,CORDOBA,550.0,2021,365,21,18,0,8,7,-4.4,2021-01-03,23.9,2021-08-13,20.2,2021-07-11,2021-09-13
5412X,PRIEGO DE CÓRDOBA,CORDOBA,550.0,2022,364,29,25,0,15,8,-2.2,2022-01-20,25.0,2022-08-13,21.0,2022-05-20,2022-09-12
5412X,PRIEGO DE CÓRDOBA,CORDOBA,550.0,2023,364,35,35,0,16,7,-4.6,2023-01-29,24.6,2023-07-20,21.5,2023-06-24,2023-08-26
5412X,PRIEGO DE CÓRDOBA,CORDOBA,550.0,2024,366,36,34,1,7,10,-2.5,2024-01-08,27.5,2024-07-29,21.0,2024-07-04,2024-09-02
5412X,PRIEGO DE CÓRDOBA,CORDOBA,550.0,2025,358,44,41,0,7,9,-3.5,2025-01-15,23.4,2025-08-15,21.0,2025-06-09,2025-09-19
5427X,DOÑA MENCÍA,CORDOBA,650.0,2017,341,46,38,3,19,6,-4.2,2017-01-18,28.8,2017-07-13,22.3,2017-06-10,2017-10-15
5427X,DOÑA MENCÍA,CORDOBA,650.0,2018,304,32,22,0,17,8,-1.2,2018-02-08,24.4,2018-08-04,22.1,2018-06-16,2018-09-26
5427X,DOÑA MENCÍA,CORDOBA,650.0,2019,342,50,40,0,21,13,1.9,2019-02-03,24.3,2019-07-21,22.3,2019-06-28,2019-10-08
5427X,DOÑA MENCÍA,CORDOBA,650.0,2020,363,63,55,6,40,19,1.4,2020-01-20,27.0,2020-07-07,23.7,2020-05-23,2020-09-17
5427X,DOÑA MENCÍA,CORDOBA,650.0,2021,364,39,36,6,15,10,0.7,2021-01-03,30.2,2021-08-14,21.4,2021-06-10,2021-09-13
5427X,DOÑA MENCÍA,CORDOBA,650.0,2022,356,66,55,5,39,31,3.4,2022-04-03,28.1,2022-07-25,23.5,2022-05-18,2022-10-28
5427X,DOÑA MENCÍA,CORDOBA,650.0,2023,365,72,61,11,41,22,0.5,2023-01-24,27.2,2023-08-25,24.3,2023-04-27,2023-10-07
5427X,DOÑA MENCÍA,CORDOBA,650.0,2024,340,55,51,4,29,21,2.1,2024-01-06,27.1,2024-07-25,23.1,2024-05-30,2024-09-16
5427X,DOÑA MENCÍA,CORDOBA,650.0,2025,313,57,40,7,30,24,0.9,2025-12-22,29.6,2025-08-18,23.2,2025-05-27,2025-09-20
5429X,"CÓRDOBA, PRÁGDENA",CORDOBA,275.0,2017,365,60,55,3,27,15,-3.0,2017-01-18,26.5,2017-08-05,22.6,2017-06-09,2017-09-08
5429X,"CÓRDOBA, PRÁGDENA",CORDOBA,275.0,2018,359,38,29,2,14,13,-2.3,2018-02-09,26.7,2018-08-04,21.5,2018-06-18,2018-09-26
5429X,"CÓRDOBA, PRÁGDENA",CORDOBA,275.0,2019,362,43,37,0,12,9,-2.2,2019-01-13,23.8,2019-07-22,21.7,2019-06-28,2019-09-06
5429X,"CÓRDOBA, PRÁGDENA",CORDOBA,275.0,2020,343,50,47,1,30,31,-2.3,2020-12-31,25.2,2020-08-01,22.9,2020-06-23,2020-09-17
5429X,"CÓRDOBA, PRÁGDENA",CORDOBA,275.0,2021,354,36,31,0,9,9,-2.9,2021-01-03,24.8,2021-09-06,21.4,2021-07-04,2021-09-13
5429X,"CÓRDOBA, PRÁGDENA",CORDOBA,275.0,2022,359,64,57,1,27,21,-1.1,2022-01-20,26.2,2022-07-25,22.6,2022-05-21,2022-09-20
5429X,"CÓRDOBA, PRÁGDENA",CORDOBA,275.0,2023,362,57,54,1,30,13,-2.0,2023-01-23,25.3,2023-08-10,23.0,2023-06-16,2023-09-14
5429X,"CÓRDOBA, PRÁGDENA",CORDOBA,275.0,2024,366,53,51,1,31,22,-1.3,2024-01-08,26.4,2024-07-29,22.8,2024-06-23,2024-09-02
5429X,"CÓRDOBA, PRÁGDENA",CORDOBA,275.0,2025,365,66,62,2,32,27,-2.5,2025-01-16,25.8,2025-08-13,22.7,2025-06-01,2025-09-19
5459X,ESPIEL,CORDOBA,465.0,2017,365,4,4,0,1,1,-5.1,2017-01-18,22.5,2017-08-27,18.2,2017-06-16,2017-08-27
5459X,ESPIEL,CORDOBA,465.0,2018,356,2,2,0,0,1,-5.5,2018-02-09,20.9,2018-08-12,17.6,2018-08-04,2018-08-12
5459X,ESPIEL,CORDOBA,465.0,2019,364,2,2,0,0,2,-5.4,2019-01-12,21.3,2019-07-23,18.0,2019-07-23,2019-07-24
5459X,ESPIEL,CORDOBA,465.0,2020,360,9,9,0,1,2,-4.2,2020-12-27,23.0,2020-07-21,19.1,2020-07-08,2020-08-08
5459X,ESPIEL,CORDOBA,465.0,2022,303,2,2,0,1,1,-4.1,2022-01-20,22.1,2022-07-25,18.2,2022-06-15,2022-07-25
5459X,ESPIEL,CORDOBA,465.0,2023,364,5,5,0,0,3,-6.0,2023-02-01,21.9,2023-08-09,18.5,2023-07-11,2023-08-10
5459X,ESPIEL,CORDOBA,465.0,2024,346,6,5,0,1,2,-3.1,2024-12-31,22.8,2024-07-29,18.3,2024-07-29,2024-09-01
5459X,ESPIEL,CORDOBA,465.0,2025,363,8,7,0,0,1,-5.9,2025-01-15,21.6,2025-08-17,19.4,2025-06-23,2025-09-19
5470,FUENTE PALMERA,CORDOBA,120.0,2017,365,54,49,0,22,11,-2.2,2017-01-18,24.6,2017-08-05,22.2,2017-06-09,2017-09-12
5470,FUENTE PALMERA,CORDOBA,120.0,2018,362,35,28,0,11,9,-1.2,2018-02-09,24.9,2018-08-04,21.3,2018-06-18,2018-09-26
5470,FUENTE PALMERA,CORDOBA,120.0,2019,362,39,32,0,9,9,-0.6,2019-01-12,23.9,2019-07-23,21.1,2019-06-29,2019-09-08
5470,FUENTE PALMERA,CORDOBA,120.0,2020,366,50,47,0,25,23,-0.8,2020-12-31,24.3,2020-08-08,22.6,2020-06-23,2020-09-17
5470,FUENTE PALMERA,CORDOBA,120.0,2021,342,45,40,1,18,11,-3.0,2021-01-03,25.3,2021-09-06,22.1,2021-06-13,2021-09-13
5470,FUENTE PALMERA,CORDOBA,120.0,2022,362,55,49,1,21,20,1.0,2022-01-20,26.4,2022-07-25,22.3,2022-06-09,2022-09-21
5470,FUENTE PALMERA,CORDOBA,120.0,2023,365,57,51,0,28,11,-1.9,2023-01-29,25.0,2023-07-19,22.9,2023-06-16,2023-09-15
5470,FUENTE PALMERA,CORDOBA,120.0,2024,366,52,48,2,16,17,0.7,2024-01-08,26.5,2024-07-29,21.9,2024-06-07,2024-10-03
5470,FUENTE PALMERA,CORDOBA,120.0,2025,365,66,62,1,33,21,-1.4,2025-01-16,25.3,2025-06-20,22.8,2025-05-31,2025-09-19
5473X,AZUAGA,BADAJOZ,581.0,2017,360,35,33,1,11,7,-3.5,2017-01-18,25.8,2017-07-13,21.4,2017-06-08,2017-10-15
5473X,AZUAGA,BADAJOZ,581.0,2018,365,25,19,2,6,6,-2.5,2018-02-08,26.5,2018-08-04,20.5,2018-06-18,2018-09-25
5473X,AZUAGA,BADAJOZ,581.0,2019,365,23,18,0,2,7,-1.4,2019-02-03,22.4,2019-07-22,20.5,2019-06-30,2019-09-05
5473X,AZUAGA,BADAJOZ,581.0,2020,364,34,32,0,8,11,-1.8,2020-12-27,24.1,2020-07-27,21.2,2020-06-30,2020-09-14
5473X,AZUAGA,BADAJOZ,581.0,2021,365,16,14,2,5,5,-3.7,2021-01-12,26.2,2021-08-14,19.7,2021-07-10,2021-09-13
5473X,AZUAGA,BADAJOZ,581.0,2022,365,42,41,2,17,11,0.0,2022-01-09,26.3,2022-07-15,21.7,2022-06-10,2022-09-11
5473X,AZUAGA,BADAJOZ,581.0,2023,365,32,28,2,15,7,-3.3,2023-03-01,25.9,2023-08-09,21.4,2023-04-28,2023-10-07
5473X,AZUAGA,BADAJOZ,581.0,2024,366,32,32,0,8,8,-0.7,2024-12-09,24.3,2024-07-24,21.1,2024-06-24,2024-08-31
5473X,AZUAGA,BADAJOZ,581.0,2025,359,56,50,1,26,23,-1.1,2025-01-14,27.2,2025-08-17,22.7,2025-05-29,2025-09-19
5511,"PRADOLLANO, PARQUE NACIONAL SIERRA NEVADA",GRANADA,3092.0,2024,327,0,0,0,0,0,-14.5,2024-03-03,15.2,2024-07-31,11.3,,
5511,"PRADOLLANO, PARQUE NACIONAL SIERRA NEVADA",GRANADA,3092.0,2025,325,0,0,0,0,0,-17.1,2025-12-22,13.0,2025-07-22,11.0,,
5514,GRANADA BASE AÉREA,GRANADA,687.0,2017,365,21,21,0,3,4,-7.0,2017-01-18,23.8,2017-08-26,20.2,2017-06-15,2017-08-27
5514,GRANADA BASE AÉREA,GRANADA,687.0,2018,365,7,7,0,1,5,-4.5,2018-02-09,22.4,2018-08-04,18.5,2018-07-20,2018-08-28
5514,GRANADA BASE AÉREA,GRANADA,687.0,2019,365,6,6,0,0,2,-5.4,2019-01-12,21.0,2019-07-21,18.7,2019-07-07,2019-07-31
5514,GRANADA BASE AÉREA,GRANADA,687.0,2020,366,12,12,0,4,4,-6.1,2020-12-31,23.6,2020-08-01,19.3,2020-07-12,2020-08-11
5514,GRANADA BASE AÉREA,GRANADA,687.0,2021,365,12,12,0,3,7,-6.2,2021-01-04,23.5,2021-08-13,19.2,2021-07-11,2021-08-23
5514,GRANADA BASE AÉREA,GRANADA,687.0,2022,365,21,18,0,7,4,-4.1,2022-01-09,24.2,2022-06-15,20.2,2022-06-15,2022-10-20
5514,GRANADA BASE AÉREA,GRANADA,687.0,2023,365,24,24,0,7,7,-5.4,2023-01-29,24.9,2023-08-10,20.4,2023-06-26,2023-08-26
5514,GRANADA BASE AÉREA,GRANADA,687.0,2024,366,31,29,0,5,6,-3.7,2024-01-08,25.0,2024-07-29,20.6,2024-07-12,2024-09-02
5514,GRANADA BASE AÉREA,GRANADA,687.0,2025,365,29,27,0,1,3,-4.2,2025-01-16,23.3,2025-08-19,20.5,2025-06-10,2025-09-19
5514Z,GRANADA BASE AÉREA,GRANADA,695.0,2020,366,13,13,0,3,5,-4.9,2020-12-31,23.6,2020-08-01,19.5,2020-07-08,2020-08-10
5514Z,GRANADA BASE AÉREA,GRANADA,695.0,2021,364,11,11,0,3,7,-5.6,2021-01-04,22.9,2021-08-13,18.9,2021-07-11,2021-08-22
5515D,VÍZNAR,GRANADA,1258.0,2017,336,35,35,4,14,7,-6.4,2017-01-18,30.3,2017-07-13,21.7,2017-06-16,2017-08-27
5515D,VÍZNAR,GRANADA,1258.0,2018,337,13,12,0,7,7,-3.9,2018-01-07,23.8,2018-08-04,19.6,2018-08-01,2018-09-24
5515D,VÍZNAR,GRANADA,1258.0,2019,338,51,45,5,27,8,-2.3,2019-02-03,25.8,2019-07-24,23.2,2019-06-03,2019-09-30
5515D,VÍZNAR,GRANADA,1258.0,2020,341,34,34,2,13,10,-4.7,2020-12-05,26.3,2020-07-30,21.7,2020-06-22,2020-08-27
5515D,VÍZNAR,GRANADA,1258.0,2021,316,19,18,5,8,6,-5.3,2021-01-03,29.7,2021-08-14,20.4,2021-07-05,2021-09-07
5515D,VÍZNAR,GRANADA,1258.0,2022,344,42,38,1,18,9,-2.0,2022-03-04,25.4,2022-07-24,22.1,2022-05-20,2022-09-11
5515D,VÍZNAR,GRANADA,1258.0,2023,338,43,42,6,21,19,-4.6,2023-01-24,27.5,2023-08-09,22.9,2023-04-28,2023-08-26
5515D,VÍZNAR,GRANADA,1258.0,2024,348,30,30,1,13,5,-2.5,2024-03-03,25.3,2024-07-30,21.2,2024-07-04,2024-08-28
5515X,GRANADA-CARTUJA,GRANADA,775.0,2017,347,39,39,0,11,9,-4.6,2017-01-18,24.4,2017-07-13,21.2,2017-06-22,2017-08-27
5515X,GRANADA-CARTUJA,GRANADA,775.0,2018,365,12,11,0,4,8,-2.9,2018-02-09,24.3,2018-08-04,19.6,2018-07-20,2018-09-02
5515X,GRANADA-CARTUJA,GRANADA,775.0,2019,362,24,24,0,2,6,-1.6,2019-01-12,22.5,2019-07-21,20.3,2019-06-29,2019-08-29
5515X,GRANADA-CARTUJA,GRANADA,775.0,2020,366,34,34,1,14,20,-2.6,2020-12-27,25.7,2020-08-01,21.7,2020-06-24,2020-08-28
5515X,GRANADA-CARTUJA,GRANADA,775.0,2021,364,27,25,3,11,10,-3.2,2021-01-03,25.9,2021-08-15,20.4,2021-07-11,2021-09-07
5515X,GRANADA-CARTUJA,GRANADA,775.0,2022,353,49,46,0,17,19,-0.8,2022-01-07,25.0,2022-06-17,22.0,2022-06-13,2022-10-19
5515X,GRANADA-CARTUJA,GRANADA,775.0,2023,357,49,48,2,19,12,-2.4,2023-01-29,26.0,2023-07-11,22.2,2023-04-28,2023-08-26
5515X,GRANADA-CARTUJA,GRANADA,775.0,2024,347,47,45,0,16,28,-1.4,2024-01-08,24.6,2024-07-30,21.9,2024-07-04,2024-09-02
5515X,GRANADA-CARTUJA,GRANADA,775.0,2025,365,62,57,0,21,17,-1.5,2025-01-15,23.3,2025-08-12,22.2,2025-06-08,2025-09-20
5516D,SIERRA NEVADA 'RADIOTELESCOPIO',GRANADA,2856.0,2022,365,0,0,0,0,0,-11.4,2022-04-20,15.9,2022-07-18,13.7,,
5516D,SIERRA NEVADA 'RADIOTELESCOPIO',GRANADA,2856.0,2023,355,0,0,0,0,0,-15.3,2023-02-28,17.5,2023-08-09,14.2,,
5516D,SIERRA NEVADA 'RADIOTELESCOPIO',GRANADA,2856.0,2024,365,0,0,0,0,0,-12.4,2024-03-03,17.3,2024-07-31,13.3,,
5516D,SIERRA NEVADA 'RADIOTELESCOPIO',GRANADA,2856.0,2025,359,0,0,0,0,0,-13.4,2025-12-22,14.9,2025-08-05,12.9,,
5530E,GRANADA AEROPUERTO,GRANADA,560.0,2017,365,8,8,0,0,2,-5.9,2017-01-18,21.7,2017-08-07,19.1,2017-06-15,2017-08-27
5530E,GRANADA AEROPUERTO,GRANADA,560.0,2018,365,1,1,0,0,1,-4.5,2018-02-03,20.8,2018-08-28,17.8,2018-08-28,2018-08-28
5530E,GRANADA AEROPUERTO,GRANADA,560.0,2019,365,6,6,0,0,3,-6.9,2019-01-12,21.5,2019-08-22,18.2,2019-07-07,2019-08-26
5530E,GRANADA AEROPUERTO,GRANADA,560.0,2020,366,8,8,0,4,1,-5.4,2020-12-27,24.9,2020-07-12,19.0,2020-07-12,2020-08-07
5530E,GRANADA AEROPUERTO,GRANADA,560.0,2021,365,10,9,0,1,2,-6.3,2021-01-04,22.3,2021-08-22,19.3,2021-07-12,2021-09-07
5530E,GRANADA AEROPUERTO,GRANADA,560.0,2022,365,9,8,0,4,2,-5.3,2022-01-20,24.6,2022-06-17,19.4,2022-06-15,2022-09-12
5530E,GRANADA AEROPUERTO,GRANADA,560.0,2023,364,11,11,0,4,3,-6.3,2023-03-01,24.3,2023-07-20,19.5,2023-07-02,2023-08-10
5530E,GRANADA AEROPUERTO,GRANADA,560.0,2024,365,15,14,0,2,4,-4.5,2024-12-10,24.6,2024-07-29,19.7,2024-07-18,2024-09-01
5530E,GRANADA AEROPUERTO,GRANADA,560.0,2025,365,15,14,0,0,2,-6.5,2025-01-15,21.7,2025-07-25,19.7,2025-06-23,2025-09-07
5582A,LOJA,GRANADA,593.0,2017,365,57,56,2,25,16,-3.0,2017-01-18,26.0,2017-07-13,22.5,2017-06-08,2017-09-04
5582A,LOJA,GRANADA,593.0,2018,364,21,19,0,8,8,-3.4,2018-02-09,23.3,2018-08-04,20.3,2018-06-24,2018-09-02
5582A,LOJA,GRANADA,593.0,2022,364,57,52,5,27,21,-1.5,2022-01-09,27.5,2022-06-17,22.3,2022-05-20,2022-10-19
5582A,LOJA,GRANADA,593.0,2023,324,54,51,5,30,13,-2.3,2023-01-26,26.0,2023-07-20,23.4,2023-04-28,2023-09-09
5582A,LOJA,GRANADA,593.0,2025,311,33,27,0,15,20,-2.5,2025-01-16,25.0,2025-08-13,21.9,2025-05-30,2025-09-20
5598X,BENAMEJÍ,CORDOBA,465.0,2017,358,52,49,2,17,10,-1.9,2017-01-18,25.3,2017-07-13,21.9,2017-06-08,2017-10-13
5598X,BENAMEJÍ,CORDOBA,465.0,2018,360,26,22,1,9,8,-1.1,2018-02-09,25.5,2018-08-04,20.8,2018-07-10,2018-09-26
5598X,BENAMEJÍ,CORDOBA,465.0,2019,364,35,30,0,4,9,0.0,2019-01-11,22.9,2019-07-21,20.9,2019-06-29,2019-09-06
5598X,BENAMEJÍ,CORDOBA,465.0,2020,365,52,48,1,19,20,-0.7,2020-12-31,25.9,2020-08-01,22.1,2020-06-23,2020-09-17
5598X,BENAMEJÍ,CORDOBA,465.0,2021,365,40,37,4,12,18,-1.5,2021-01-03,27.0,2021-08-15,21.2,2021-06-15,2021-09-13
5598X,BENAMEJÍ,CORDOBA,465.0,2022,360,61,54,2,25,21,0.5,2022-01-09,25.6,2022-07-15,22.6,2022-05-20,2022-10-18
5598X,BENAMEJÍ,CORDOBA,465.0,2023,364,62,60,2,34,21,-1.3,2023-01-29,26.2,2023-08-10,23.3,2023-06-16,2023-10-07
5598X,BENAMEJÍ,CORDOBA,465.0,2024,366,54,52,0,28,29,0.1,2024-01-08,25.0,2024-07-29,22.6,2024-06-06,2024-09-02
5598X,BENAMEJÍ,CORDOBA,465.0,2025,357,67,60,1,29,18,-0.7,2025-01-15,25.4,2025-08-18,22.8,2025-05-29,2025-09-19
5612B,LA RODA DE ANDALUCÍA,SEVILLA,410.0,2017,362,31,29,1,8,8,-3.9,2017-01-15,25.1,2017-08-05,20.9,2017-06-13,2017-09-07
5612B,LA RODA DE ANDALUCÍA,SEVILLA,410.0,2018,365,18,15,0,6,8,-4.1,2018-02-09,24.9,2018-08-04,19.9,2018-08-01,2018-09-26
5612B,LA RODA DE ANDALUCÍA,SEVILLA,410.0,2019,329,17,12,0,1,4,-3.0,2019-01-11,22.8,2019-08-21,20.0,2019-07-21,2019-09-06
5612B,LA RODA DE ANDALUCÍA,SEVILLA,410.0,2020,323,18,15,0,2,5,-2.5,2020-12-27,22.4,2020-07-21,20.1,2020-06-23,2020-09-17
5612B,LA RODA DE ANDALUCÍA,SEVILLA,410.0,2022,356,34,32,0,14,8,-1.1,2022-02-15,24.6,2022-07-13,21.3,2022-05-21,2022-09-12
5612B,LA RODA DE ANDALUCÍA,SEVILLA,410.0,2023,364,34,33,0,16,7,-4.6,2023-01-29,24.2,2023-07-17,21.8,2023-06-24,2023-09-07
5612B,LA RODA DE ANDALUCÍA,SEVILLA,410.0,2024,336,22,21,0,5,9,-2.5,2024-12-09,22.9,2024-08-21,20.5,2024-07-23,2024-09-01
5612B,LA RODA DE ANDALUCÍA,SEVILLA,410.0,2025,333,35,32,0,8,6,-1.9,2025-01-16,24.6,2025-08-18,21.4,2025-06-16,2025-09-20
5612X,LORA DE ESTEPA,SEVILLA,450.0,2017,365,59,50,4,31,12,-1.4,2017-01-18,28.8,2017-08-05,22.7,2017-06-03,2017-10-14
5612X,LORA DE ESTEPA,SEVILLA,450.0,2018,365,40,31,6,18,11,-1.4,2018-02-09,27.3,2018-08-07,22.0,2018-06-16,2018-09-26
5612X,LORA DE ESTEPA,SEVILLA,450.0,2019,365,33,26,0,11,10,0.0,2019-01-11,23.4,2019-08-29,21.5,2019-07-11,2019-09-07
5612X,LORA DE ESTEPA,SEVILLA,450.0,2020,366,54,47,1,37,19,-0.7,2020-12-31,25.2,2020-08-01,23.1,2020-05-24,2020-09-17
5612X,LORA DE ESTEPA,SEVILLA,450.0,2021,361,48,43,5,16,18,-2.4,2021-01-03,30.3,2021-08-14,21.6,2021-06-11,2021-09-13
5612X,LORA DE ESTEPA,SEVILLA,450.0,2022,363,62,54,12,34,12,1.1,2022-01-08,28.5,2022-07-25,23.8,2022-05-19,2022-10-27
5612X,LORA DE ESTEPA,SEVILLA,450.0,2023,361,68,55,12,39,14,-1.7,2023-01-29,27.6,2023-06-26,23.9,2023-04-28,2023-10-08
5612X,LORA DE ESTEPA,SEVILLA,450.0,2024,366,52,50,2,26,16,-0.1,2024-12-10,26.3,2024-07-04,22.5,2024-06-06,2024-09-16
5612X,LORA DE ESTEPA,SEVILLA,450.0,2025,365,75,61,15,48,27,-0.1,2025-01-15,28.2,2025-08-12,24.5,2025-05-27,2025-09-20
5624X,AGUILAR DE LA FRONTERA,CORDOBA,309.0,2017,365,35,31,2,11,7,-2.8,2017-12-04,25.7,2017-07-13,21.6,2017-06-16,2017-10-12
5624X,AGUILAR DE LA FRONTERA,CORDOBA,309.0,2018,365,20,17,0,6,6,-2.8,2018-02-09,24.3,2018-08-04,20.1,2018-07-09,2018-09-20
5624X,AGUILAR DE LA FRONTERA,CORDOBA,309.0,2019,365,19,15,0,2,6,-2.0,2019-02-04,22.7,2019-09-04,20.1,2019-07-20,2019-09-05
5624X,AGUILAR DE LA FRONTERA,CORDOBA,309.0,2020,365,39,38,0,17,11,-1.8,2020-12-27,24.1,2020-07-24,21.8,2020-06-22,2020-09-17
5624X,AGUILAR DE LA FRONTERA,CORDOBA,309.0,2021,365,20,17,3,7,7,-3.5,2021-01-03,27.1,2021-08-15,20.3,2021-07-11,2021-09-13
5624X,AGUILAR DE LA FRONTERA,CORDOBA,309.0,2022,361,39,38,0,11,10,0.3,2022-01-08,24.1,2022-07-23,21.3,2022-06-12,2022-09-12
5624X,AGUILAR DE LA FRONTERA,CORDOBA,309.0,2023,365,41,41,0,24,7,-2.8,2023-01-26,24.9,2023-08-21,22.7,2023-06-16,2023-08-26
5624X,AGUILAR DE LA FRONTERA,CORDOBA,309.0,2024,366,45,43,0,13,10,-1.2,2024-12-10,24.2,2024-07-25,21.7,2024-06-24,2024-09-02
5624X,AGUILAR DE LA FRONTERA,CORDOBA,309.0,2025,365,52,47,2,17,15,-1.8,2025-01-15,26.5,2025-08-17,21.8,2025-05-30,2025-09-19
5625X,LA RAMBLA,CORDOBA,200.0,2017,365,23,23,0,7,5,-3.9,2017-01-18,23.2,2017-08-27,20.4,2017-06-16,2017-08-27
5625X,LA RAMBLA,CORDOBA,200.0,2018,365,16,13,0,2,6,-4.2,2018-02-03,22.8,2018-08-04,19.7,2018-08-03,2018-09-26
5625X,LA RAMBLA,CORDOBA,200.0,2019,365,15,13,0,1,6,-3.0,2019-11-16,22.4,2019-09-04,19.8,2019-07-20,2019-09-04
5625X,LA RAMBLA,CORDOBA,200.0,2020,365,30,29,0,8,11,-2.8,2020-12-31,23.5,2020-08-01,20.7,2020-07-08,2020-09-13
5625X,LA RAMBLA,CORDOBA,200.0,2021,357,24,21,1,8,7,-4.8,2021-01-03,25.9,2021-09-06,20.7,2021-07-09,2021-09-13
5625X,LA RAMBLA,CORDOBA,200.0,2022,365,20,19,0,6,4,-1.9,2022-01-09,24.7,2022-08-13,20.3,2022-06-15,2022-09-12
5625X,LA RAMBLA,CORDOBA,200.0,2023,334,27,25,0,5,7,-4.6,2023-01-26,23.4,2023-07-19,20.5,2023-06-18,2023-09-07
5625X,LA RAMBLA,CORDOBA,200.0,2024,366,21,20,0,4,9,-1.7,2024-12-10,24.8,2024-07-29,20.3,2024-07-18,2024-09-01
5625X,LA RAMBLA,CORDOBA,200.0,2025,363,28,28,0,4,10,-3.5,2025-01-16,22.4,2025-08-17,20.5,2025-06-28,2025-08-27
5641X,ÉCIJA,SEVILLA,130.0,2017,357,31,30,0,11,6,-2.6,2017-01-21,23.4,2017-07-13,21.0,2017-06-16,2017-09-03
5641X,ÉCIJA,SEVILLA,130.0,2018,352,23,18,0,5,7,-3.5,2018-02-09,24.5,2018-08-04,20.8,2018-08-02,2018-09-26
5641X,ÉCIJA,SEVILLA,130.0,2019,351,23,16,0,4,5,-2.3,2019-01-12,24.5,2019-09-04,20.2,2019-07-12,2019-09-08
5641X,ÉCIJA,SEVILLA,130.0,2020,333,51,44,2,35,32,-1.0,2020-12-31,25.7,2020-07-12,23.2,2020-06-23,2020-09-18
5641X,ÉCIJA,SEVILLA,130.0,2021,347,45,37,1,17,9,-3.0,2021-01-03,28.0,2021-09-06,21.9,2021-07-04,2021-10-31
5641X,ÉCIJA,SEVILLA,130.0,2022,348,57,48,3,24,12,-0.6,2022-01-09,26.5,2022-07-25,22.7,2022-05-21,2022-10-19
5641X,ÉCIJA,SEVILLA,130.0,2023,351,54,48,4,23,11,-3.3,2023-03-01,26.1,2023-07-11,22.9,2023-06-16,2023-09-15
5641X,ÉCIJA,SEVILLA,130.0,2024,357,54,50,1,21,18,-0.8,2024-01-08,26.4,2024-07-29,22.4,2024-06-01,2024-10-03
5641X,ÉCIJA,SEVILLA,130.0,2025,359,59,55,0,29,22,-2.0,2025-01-15,24.5,2025-07-30,22.4,2025-06-09,2025-09-20
5654X,LA PUEBLA DE LOS INFANTES,SEVILLA,200.0,2017,361,4,4,0,0,2,-5.5,2017-01-25,21.7,2017-08-27,18.1,2017-06-24,2017-08-27
5654X,LA PUEBLA DE LOS INFANTES,SEVILLA,200.0,2018,350,2,2,0,0,1,-6.0,2018-02-09,20.5,2018-08-28,17.8,2018-08-04,2018-08-28
5654X,LA PUEBLA DE LOS INFANTES,SEVILLA,200.0,2019,360,1,1,0,0,1,-5.9,2019-01-12,20.2,2019-07-22,18.1,2019-07-22,2019-07-22
5654X,LA PUEBLA DE LOS INFANTES,SEVILLA,200.0,2020,348,6,6,0,1,2,-4.4,2020-12-31,23.7,2020-08-08,18.5,2020-07-13,2020-08-22
5654X,LA PUEBLA DE LOS INFANTES,SEVILLA,200.0,2021,352,8,7,0,1,2,-6.0,2021-01-13,23.8,2021-09-06,18.5,2021-07-05,2021-09-06
5654X,LA PUEBLA DE LOS INFANTES,SEVILLA,200.0,2022,356,12,10,0,2,2,-4.4,2022-01-21,24.1,2022-07-25,19.2,2022-06-09,2022-09-13
5654X,LA PUEBLA DE LOS INFANTES,SEVILLA,200.0,2023,362,15,15,0,5,4,-5.6,2023-02-01,23.0,2023-07-13,19.6,2023-07-03,2023-08-26
5654X,LA PUEBLA DE LOS INFANTES,SEVILLA,200.0,2024,364,10,8,0,3,2,-3.2,2024-01-07,24.4,2024-08-19,18.8,2024-07-11,2024-10-03
5654X,LA PUEBLA DE LOS INFANTES,SEVILLA,200.0,2025,365,8,5,0,0,2,-5.4,2025-01-15,21.3,2025-07-08,18.7,2025-06-15,2025-09-08
5656,FUENTES DE ANDALUCÍA,SEVILLA,165.0,2017,365,63,54,3,33,17,-2.7,2017-01-18,25.8,2017-08-05,23.2,2017-06-08,2017-09-28
5656,FUENTES DE ANDALUCÍA,SEVILLA,165.0,2018,364,44,29,2,19,11,0.0,2018-02-08,27.1,2018-08-02,22.2,2018-06-18,2018-09-26
5656,FUENTES DE ANDALUCÍA,SEVILLA,165.0,2019,362,41,32,0,14,11,0.7,2019-01-11,23.9,2019-09-04,21.7,2019-06-29,2019-10-11
5656,FUENTES DE ANDALUCÍA,SEVILLA,165.0,2020,360,56,46,0,29,22,0.4,2020-12-31,24.8,2020-07-16,23.0,2020-05-23,2020-09-17
5656,FUENTES DE ANDALUCÍA,SEVILLA,165.0,2021,360,46,40,4,21,17,-0.1,2021-01-13,26.0,2021-09-06,22.2,2021-06-09,2021-09-13
5656,FUENTES DE ANDALUCÍA,SEVILLA,165.0,2023,357,62,55,3,29,10,-0.8,2023-01-29,27.5,2023-08-23,23.8,2023-04-28,2023-09-30
5656,FUENTES DE ANDALUCÍA,SEVILLA,165.0,2024,349,45,40,1,26,17,1.8,2024-12-11,25.3,2024-07-29,22.6,2024-06-23,2024-10-03
5656,FUENTES DE ANDALUCÍA,SEVILLA,165.0,2025,358,64,56,5,25,19,-0.7,2025-01-16,26.6,2025-08-13,22.5,2025-05-30,2025-09-20
5702X,CARMONA,SEVILLA,50.0,2017,364,41,37,0,13,11,-1.0,2017-01-18,23.6,2017-08-05,21.6,2017-06-13,2017-09-28
5702X,CARMONA,SEVILLA,50.0,2018,365,34,24,0,6,8,-1.5,2018-02-09,24.5,2018-08-02,20.5,2018-06-21,2018-09-27
5702X,CARMONA,SEVILLA,50.0,2019,359,25,19,0,9,7,-0.5,2019-01-11,24.0,2019-07-23,20.4,2019-06-29,2019-09-08
5702X,CARMONA,SEVILLA,50.0,2020,359,49,46,1,19,23,0.0,2020-12-31,25.4,2020-08-08,22.1,2020-06-24,2020-09-14
5702X,CARMONA,SEVILLA,50.0,2021,333,32,28,0,9,10,-2.3,2021-01-03,24.5,2021-09-06,20.9,2021-07-04,2021-10-31
5702X,CARMONA,SEVILLA,50.0,2022,353,51,44,1,15,11,0.9,2022-01-20,26.4,2022-07-25,21.8,2022-05-21,2022-09-21
5702X,CARMONA,SEVILLA,50.0,2023,351,38,34,2,13,7,-2.0,2023-03-02,25.8,2023-08-23,21.5,2023-06-19,2023-09-16
5702X,CARMONA,SEVILLA,50.0,2024,358,28,25,1,6,6,0.2,2024-12-10,25.3,2024-07-29,20.5,2024-06-07,2024-09-26
5702X,CARMONA,SEVILLA,50.0,2025,365,45,42,1,14,11,-1.9,2025-01-15,25.7,2025-06-20,21.9,2025-06-10,2025-09-20
5704B,CAZALLA DE LA SIERRA,SEVILLA,550.0,2017,352,4,4,0,0,1,-3.0,2017-01-24,21.4,2017-06-24,18.2,2017-06-24,2017-08-27
5704B,CAZALLA DE LA SIERRA,SEVILLA,550.0,2018,361,2,2,0,2,1,-4.1,2018-02-09,23.3,2018-08-04,16.9,2018-08-02,2018-08-04
5704B,CAZALLA DE LA SIERRA,SEVILLA,550.0,2019,363,1,1,0,0,1,-2.2,2019-01-12,20.6,2019-07-23,17.2,2019-07-23,2019-07-23
5704B,CAZALLA DE LA SIERRA,SEVILLA,550.0,2020,344,3,3,0,0,1,-3.6,2020-12-27,21.6,2020-08-08,18.6,2020-07-21,2020-08-08
5704B,CAZALLA DE LA SIERRA,SEVILLA,550.0,2021,358,5,4,0,1,3,-4.8,2021-01-03,22.4,2021-09-06,17.2,2021-07-11,2021-09-06
5704B,CAZALLA DE LA SIERRA,SEVILLA,550.0,2022,359,5,5,0,2,2,-1.9,2022-01-09,23.1,2022-07-25,18.4,2022-06-15,2022-07-25
5704B,CAZALLA DE LA SIERRA,SEVILLA,550.0,2023,361,9,9,0,2,3,-4.8,2023-03-02,23.7,2023-08-23,18.7,2023-06-24,2023-08-25
5704B,CAZALLA DE LA SIERRA,SEVILLA,550.0,2024,364,1,1,0,1,1,-2.5,2024-12-10,22.7,2024-07-29,17.4,2024-07-29,2024-07-29
5704B,CAZALLA DE LA SIERRA,SEVILLA,550.0,2025,363,10,10,0,2,2,-3.7,2025-01-15,22.9,2025-08-17,18.8,2025-06-17,2025-08-18
5726X,GUADALCANAL,SEVILLA,720.0,2017,352,33,30,2,14,8,-4.0,2017-01-18,29.4,2017-07-13,21.4,2017-06-10,2017-09-07
5726X,GUADALCANAL,SEVILLA,720.0,2018,352,22,19,3,8,7,-2.3,2018-02-08,28.4,2018-08-04,20.4,2018-06-18,2018-09-22
5726X,GUADALCANAL,SEVILLA,720.0,2019,364,24,20,0,4,7,-0.5,2019-01-11,24.0,2019-09-05,20.6,2019-07-12,2019-10-08
5726X,GUADALCANAL,SEVILLA,720.0,2020,364,24,24,0,9,4,-0.7,2020-12-26,24.9,2020-07-25,20.7,2020-06-22,2020-08-27
5726X,GUADALCANAL,SEVILLA,720.0,2021,365,13,12,1,6,5,-2.2,2021-01-03,28.0,2021-08-15,19.5,2021-07-11,2021-09-06
5726X,GUADALCANAL,SEVILLA,720.0,2022,365,35,32,0,12,12,0.5,2022-04-03,25.0,2022-07-12,21.4,2022-05-20,2022-09-11
5726X,GUADALCANAL,SEVILLA,720.0,2023,348,36,35,2,19,7,-2.4,2023-02-28,26.5,2023-08-21,22.3,2023-06-23,2023-09-29
5726X,GUADALCANAL,SEVILLA,720.0,2024,366,38,36,0,9,7,0.8,2024-01-07,24.8,2024-07-04,21.1,2024-05-30,2024-08-31
5726X,GUADALCANAL,SEVILLA,720.0,2025,365,38,36,2,17,10,-0.2,2025-12-22,26.1,2025-07-16,21.8,2025-06-08,2025-09-19
5733X,ALMADÉN DE LA PLATA,SEVILLA,450.0,2017,365,34,33,3,14,7,-1.3,2017-01-18,27.6,2017-07-13,21.5,2017-06-12,2017-09-06
5733X,ALMADÉN DE LA PLATA,SEVILLA,450.0,2018,358,25,19,1,7,7,-1.4,2018-02-07,28.9,2018-08-04,20.6,2018-06-18,2018-09-25
5733X,ALMADÉN DE LA PLATA,SEVILLA,450.0,2019,359,23,18,0,1,7,1.1,2019-01-12,22.2,2019-07-23,20.4,2019-06-29,2019-09-05
5733X,ALMADÉN DE LA PLATA,SEVILLA,450.0,2020,350,35,34,0,10,19,0.1,2020-12-27,23.8,2020-07-07,21.4,2020-06-22,2020-09-13
5733X,ALMADÉN DE LA PLATA,SEVILLA,450.0,2021,358,19,18,4,5,8,-1.7,2021-01-12,26.8,2021-08-15,20.1,2021-07-11,2021-09-06
5733X,ALMADÉN DE LA PLATA,SEVILLA,450.0,2022,363,37,35,1,12,9,1.7,2022-01-09,25.9,2022-07-25,21.8,2022-05-20,2022-09-10
5733X,ALMADÉN DE LA PLATA,SEVILLA,450.0,2023,365,36,35,1,20,9,-0.4,2023-01-25,26.1,2023-08-25,22.1,2023-06-23,2023-09-29
5733X,ALMADÉN DE LA PLATA,SEVILLA,450.0,2024,366,36,34,0,8,9,1.6,2024-01-08,24.1,2024-08-18,21.4,2024-05-31,2024-09-01
5733X,ALMADÉN DE LA PLATA,SEVILLA,450.0,2025,364,44,39,2,20,12,0.4,2025-12-22,25.7,2025-08-13,22.1,2025-05-30,2025-09-19
5769X,CALA,HUELVA,618.0,2017,359,16,16,0,6,3,-2.1,2017-01-18,23.3,2017-08-04,19.7,2017-06-16,2017-08-23
5769X,CALA,HUELVA,618.0,2018,351,7,7,2,4,7,-2.4,2018-02-07,26.9,2018-08-04,18.8,2018-08-01,2018-08-07
5769X,CALA,HUELVA,618.0,2019,364,8,7,0,0,2,-0.7,2019-02-04,21.5,2019-07-23,18.8,2019-07-12,2019-09-05
5769X,CALA,HUELVA,618.0,2020,364,24,23,0,3,5,-1.9,2020-12-27,23.5,2020-07-26,20.4,2020-06-24,2020-09-07
5769X,CALA,HUELVA,618.0,2021,357,9,8,0,5,4,-4.6,2021-01-12,24.6,2021-08-15,18.9,2021-07-11,2021-09-06
5769X,CALA,HUELVA,618.0,2022,363,19,19,0,5,7,0.5,2022-01-20,24.0,2022-07-25,20.1,2022-06-14,2022-08-29
5769X,CALA,HUELVA,618.0,2023,357,27,27,0,8,8,-2.3,2023-01-25,23.6,2023-06-26,21.2,2023-06-25,2023-08-25
5769X,CALA,HUELVA,618.0,2024,366,20,20,0,3,4,-1.0,2024-01-07,23.0,2024-07-29,20.1,2024-07-03,2024-08-29
5769X,CALA,HUELVA,618.0,2025,364,20,20,0,5,3,-1.3,2025-01-15,24.3,2025-07-28,20.2,2025-06-17,2025-08-18
5783,SEVILLA AEROPUERTO,SEVILLA,34.0,2017,363,65,56,0,25,18,0.0,2017-01-19,24.6,2017-06-20,22.7,2017-06-09,2017-10-05
5783,SEVILLA AEROPUERTO,SEVILLA,34.0,2018,365,47,28,0,9,8,-0.6,2018-02-09,24.7,2018-08-02,21.6,2018-06-21,2018-10-11
5783,SEVILLA AEROPUERTO,SEVILLA,34.0,2019,363,40,30,1,10,12,0.5,2019-01-06,25.1,2019-07-23,21.4,2019-06-29,2019-09-16
5783,SEVILLA AEROPUERTO,SEVILLA,34.0,2020,358,67,52,2,38,32,0.7,2020-12-31,26.0,2020-07-30,23.6,2020-05-23,2020-09-24
5783,SEVILLA AEROPUERTO,SEVILLA,34.0,2021,358,37,33,0,14,11,-1.5,2021-01-03,24.5,2021-09-06,21.5,2021-07-09,2021-09-13
5783,SEVILLA AEROPUERTO,SEVILLA,34.0,2022,364,57,50,2,29,20,1.1,2022-01-09,28.1,2022-07-25,22.6,2022-06-09,2022-10-19
5783,SEVILLA AEROPUERTO,SEVILLA,34.0,2023,361,56,50,2,27,9,-0.8,2023-01-26,25.3,2023-07-11,22.6,2023-06-16,2023-09-15
5783,SEVILLA AEROPUERTO,SEVILLA,34.0,2024,362,46,42,0,17,17,1.0,2024-01-07,24.9,2024-07-29,22.0,2024-06-25,2024-10-03
5783,SEVILLA AEROPUERTO,SEVILLA,34.0,2025,365,79,68,7,38,27,0.7,2025-01-16,27.6,2025-08-13,23.6,2025-05-29,2025-09-20
5788X,"TOMARES, ZAUDÍN",SEVILLA,84.0,2019,328,26,20,0,7,6,3.0,2019-02-04,23.5,2019-07-23,20.5,2019-06-29,2019-09-08
5788X,"TOMARES, ZAUDÍN",SEVILLA,84.0,2020,365,48,43,0,18,23,0.8,2020-12-31,23.9,2020-07-16,21.8,2020-05-23,2020-09-15
5788X,"TOMARES, ZAUDÍN",SEVILLA,84.0,2021,360,27,24,0,10,10,-0.1,2021-01-04,24.0,2021-08-14,20.7,2021-07-04,2021-09-13
5788X,"TOMARES, ZAUDÍN",SEVILLA,84.0,2022,365,51,44,3,16,11,3.6,2022-01-19,27.9,2022-07-25,21.9,2022-05-20,2022-09-20
5788X,"TOMARES, ZAUDÍN",SEVILLA,84.0,2023,365,49,42,0,19,9,1.1,2023-01-27,24.7,2023-08-23,22.2,2023-06-17,2023-10-08
5788X,"TOMARES, ZAUDÍN",SEVILLA,84.0,2024,362,38,36,0,9,9,3.4,2024-01-06,23.9,2024-07-29,21.0,2024-06-25,2024-09-14
5788X,"TOMARES, ZAUDÍN",SEVILLA,84.0,2025,360,55,46,4,28,9,2.0,2025-01-16,26.5,2025-08-13,22.5,2025-05-29,2025-09-20
5790Y,"SEVILLA, TABLADA",SEVILLA,9.0,2017,365,55,48,1,21,10,0.8,2017-01-21,25.7,2017-06-17,22.1,2017-05-24,2017-09-07
5790Y,"SEVILLA, TABLADA",SEVILLA,9.0,2018,364,49,28,1,17,14,-0.3,2018-02-09,25.5,2018-08-03,21.6,2018-06-18,2018-10-12
5790Y,"SEVILLA, TABLADA",SEVILLA,9.0,2019,359,37,28,0,10,11,1.0,2019-02-03,24.2,2019-07-23,21.0,2019-06-29,2019-09-15
5790Y,"SEVILLA, TABLADA",SEVILLA,9.0,2020,366,52,44,0,25,23,0.5,2020-12-31,24.5,2020-07-16,22.4,2020-06-23,2020-09-17
5790Y,"SEVILLA, TABLADA",SEVILLA,9.0,2021,365,38,33,0,13,7,-1.6,2021-01-03,25.0,2021-09-06,21.4,2021-06-25,2021-10-31
5790Y,"SEVILLA, TABLADA",SEVILLA,9.0,2022,365,58,50,2,33,30,2.1,2022-01-09,28.7,2022-07-25,23.1,2022-05-20,2022-09-21
5790Y,"SEVILLA, TABLADA",SEVILLA,9.0,2023,361,56,51,3,26,9,-0.3,2023-01-26,25.6,2023-07-18,23.0,2023-06-16,2023-09-15
5790Y,"SEVILLA, TABLADA",SEVILLA,9.0,2024,366,54,48,1,16,18,2.4,2024-01-07,25.2,2024-07-29,22.0,2024-06-06,2024-10-03
5790Y,"SEVILLA, TABLADA",SEVILLA,9.0,2025,362,67,58,5,32,22,0.4,2025-01-16,27.2,2025-07-01,23.6,2025-05-29,2025-09-20
5796,MORÓN DE LA FRONTERA,SEVILLA,87.0,2017,365,43,38,0,12,9,-2.4,2017-01-21,24.9,2017-06-20,21.6,2017-06-16,2017-09-07
5796,MORÓN DE LA FRONTERA,SEVILLA,87.0,2018,365,27,19,0,6,8,-2.9,2018-02-09,23.9,2018-09-26,20.8,2018-08-01,2018-09-27
5796,MORÓN DE LA FRONTERA,SEVILLA,87.0,2019,365,18,16,0,4,7,-2.0,2019-01-08,22.8,2019-07-23,20.0,2019-07-20,2019-09-04
5796,MORÓN DE LA FRONTERA,SEVILLA,87.0,2020,366,45,40,0,18,32,-0.8,2020-12-31,24.0,2020-08-08,21.8,2020-06-29,2020-09-17
5796,MORÓN DE LA FRONTERA,SEVILLA,87.0,2021,365,39,34,1,13,9,-1.8,2021-01-03,25.5,2021-09-06,21.4,2021-07-04,2021-09-14
5796,MORÓN DE LA FRONTERA,SEVILLA,87.0,2022,365,55,46,3,21,18,0.0,2022-01-09,26.5,2022-07-25,22.3,2022-06-10,2022-10-19
5796,MORÓN DE LA FRONTERA,SEVILLA,87.0,2023,365,56,51,2,22,8,-2.3,2023-01-26,25.7,2023-08-10,22.3,2023-06-16,2023-09-15
5796,MORÓN DE LA FRONTERA,SEVILLA,87.0,2024,365,49,45,0,15,18,0.4,2024-12-10,24.8,2024-07-29,21.9,2024-06-24,2024-10-03
5796,MORÓN DE LA FRONTERA,SEVILLA,87.0,2025,365,60,54,2,21,12,-2.3,2025-01-16,27.2,2025-08-13,22.2,2025-05-30,2025-09-19
5835X,CARRIÓN DE LOS CÉSPEDES,SEVILLA,76.0,2017,363,10,10,0,0,2,-1.3,2017-01-24,21.5,2017-08-27,19.2,2017-06-17,2017-08-27
5835X,CARRIÓN DE LOS CÉSPEDES,SEVILLA,76.0,2018,363,8,5,0,0,3,-2.7,2018-02-07,21.1,2018-08-03,19.6,2018-08-02,2018-09-27
5835X,CARRIÓN DE LOS CÉSPEDES,SEVILLA,76.0,2019,365,8,7,0,2,2,-0.5,2019-01-14,22.4,2019-07-20,18.6,2019-07-12,2019-09-04
5835X,CARRIÓN DE LOS CÉSPEDES,SEVILLA,76.0,2020,364,17,16,0,2,4,-1.3,2020-12-31,22.8,2020-07-21,19.9,2020-07-01,2020-09-13
5835X,CARRIÓN DE LOS CÉSPEDES,SEVILLA,76.0,2021,363,12,9,0,3,4,-2.4,2021-01-03,22.9,2021-07-11,19.3,2021-07-11,2021-10-31
5835X,CARRIÓN DE LOS CÉSPEDES,SEVILLA,76.0,2022,365,19,16,1,4,3,0.4,2022-01-09,26.4,2022-07-25,20.1,2022-06-12,2022-09-20
5835X,CARRIÓN DE LOS CÉSPEDES,SEVILLA,76.0,2023,364,28,27,0,7,7,-2.2,2023-01-26,24.0,2023-08-09,20.8,2023-06-17,2023-09-07
5835X,CARRIÓN DE LOS CÉSPEDES,SEVILLA,76.0,2024,362,17,16,0,6,6,0.6,2024-01-07,23.8,2024-07-29,19.8,2024-06-25,2024-09-01
5835X,CARRIÓN DE LOS CÉSPEDES,SEVILLA,76.0,2025,365,27,27,0,8,6,-1.8,2025-01-16,24.6,2025-08-13,20.6,2025-06-08,2025-08-18
5858X,ALMONTE,HUELVA,5.0,2017,362,3,3,0,0,1,-2.1,2017-01-24,21.8,2017-08-27,18.0,2017-06-24,2017-08-27
5858X,ALMONTE,HUELVA,5.0,2018,365,3,3,0,0,1,-3.0,2018-02-03,20.7,2018-08-07,18.1,2018-08-02,2018-08-07
5858X,ALMONTE,HUELVA,5.0,2019,365,1,1,0,0,1,-1.2,2019-02-03,21.8,2019-07-21,17.3,2019-07-21,2019-07-21
5858X,ALMONTE,HUELVA,5.0,2020,362,6,6,0,1,2,-1.3,2020-12-31,22.7,2020-07-21,19.1,2020-07-13,2020-08-08
5858X,ALMONTE,HUELVA,5.0,2021,365,10,5,0,1,2,-2.5,2021-01-03,22.5,2021-09-06,18.7,2021-08-11,2021-10-31
5858X,ALMONTE,HUELVA,5.0,2022,362,6,5,1,2,2,-1.1,2022-01-09,27.5,2022-07-25,18.7,2022-07-22,2022-09-13
5858X,ALMONTE,HUELVA,5.0,2023,362,9,8,0,0,2,-4.1,2023-01-26,22.0,2023-08-09,19.3,2023-07-11,2023-10-17
5858X,ALMONTE,HUELVA,5.0,2024,360,9,7,0,3,2,-0.4,2024-12-10,23.6,2024-07-29,18.7,2024-07-11,2024-09-26
5858X,ALMONTE,HUELVA,5.0,2025,361,2,2,0,0,1,-4.4,2025-01-16,21.1,2025-06-19,18.5,2025-06-19,2025-06-29
5860E,"MOGUER, EL ARENOSILLO",HUELVA,41.0,2017,320,30,24,1,4,5,0.4,2017-01-19,25.1,2017-08-05,21.0,2017-06-17,2017-10-17
5860E,"MOGUER, EL ARENOSILLO",HUELVA,41.0,2018,363,24,11,0,1,6,0.1,2018-02-05,22.9,2018-08-02,20.8,2018-08-02,2018-10-10
5860E,"MOGUER, EL ARENOSILLO",HUELVA,41.0,2019,355,15,14,0,0,5,0.5,2019-01-06,21.9,2019-08-29,19.7,2019-06-30,2019-09-08
5860E,"MOGUER, EL ARENOSILLO",HUELVA,41.0,2020,366,32,29,0,11,8,1.3,2020-12-30,24.0,2020-07-13,20.7,2020-06-28,2020-09-13
5860E,"MOGUER, EL ARENOSILLO",HUELVA,41.0,2021,328,23,17,0,7,8,0.7,2021-01-15,24.0,2021-08-16,20.7,2021-07-10,2021-10-31
5860E,"MOGUER, EL ARENOSILLO",HUELVA,41.0,2022,360,23,21,1,5,5,-0.5,2022-01-09,27.7,2022-07-25,20.2,2022-06-11,2022-10-19
5860E,"MOGUER, EL ARENOSILLO",HUELVA,41.0,2023,364,37,34,0,9,8,1.1,2023-01-27,23.5,2023-07-03,21.1,2023-06-17,2023-10-18
5860E,"MOGUER, EL ARENOSILLO",HUELVA,41.0,2024,364,19,18,0,4,5,2.6,2024-03-01,23.3,2024-07-29,20.1,2024-06-25,2024-09-25
5860E,"MOGUER, EL ARENOSILLO",HUELVA,41.0,2025,345,26,24,0,7,6,-0.9,2025-01-16,25.0,2025-06-29,20.9,2025-06-17,2025-09-19
5891X,LAS CABEZAS DE SAN JUAN,SEVILLA,105.0,2017,365,36,33,1,10,5,-1.6,2017-01-18,25.4,2017-08-05,21.3,2017-05-21,2017-09-05
5891X,LAS CABEZAS DE SAN JUAN,SEVILLA,105.0,2018,360,30,21,0,2,8,-1.9,2018-02-09,23.6,2018-08-04,20.7,2018-07-09,2018-10-01
5891X,LAS CABEZAS DE SAN JUAN,SEVILLA,105.0,2019,362,19,16,0,3,6,0.1,2019-02-03,22.6,2019-08-29,20.1,2019-07-12,2019-09-06
5891X,LAS CABEZAS DE SAN JUAN,SEVILLA,105.0,2020,363,39,36,0,14,17,-0.6,2020-12-30,23.1,2020-07-26,21.7,2020-07-02,2020-09-14
5891X,LAS CABEZAS DE SAN JUAN,SEVILLA,105.0,2021,362,32,29,0,11,9,-1.3,2021-01-03,24.6,2021-08-14,21.0,2021-06-10,2021-09-13
5891X,LAS CABEZAS DE SAN JUAN,SEVILLA,105.0,2022,356,46,42,1,13,12,1.6,2022-01-09,25.8,2022-07-25,21.5,2022-06-10,2022-10-18
5891X,LAS CABEZAS DE SAN JUAN,SEVILLA,105.0,2023,363,52,50,0,19,8,-1.3,2023-01-26,24.8,2023-07-11,22.2,2023-06-16,2023-09-14
5891X,LAS CABEZAS DE SAN JUAN,SEVILLA,105.0,2024,366,46,44,0,15,10,1.6,2024-01-08,23.8,2024-07-29,21.9,2024-07-03,2024-09-02
5891X,LAS CABEZAS DE SAN JUAN,SEVILLA,105.0,2025,365,55,47,5,18,9,-0.4,2025-01-16,27.2,2025-08-17,22.0,2025-05-29,2025-09-19
5906X,CHIPIONA,CADIZ,10.0,2017,365,42,36,0,7,5,0.3,2017-01-19,23.6,2017-06-17,21.1,2017-06-03,2017-10-17
5906X,CHIPIONA,CADIZ,10.0,2018,365,35,17,0,3,5,1.1,2018-02-09,23.1,2018-09-02,20.7,2018-07-28,2018-10-11
5906X,CHIPIONA,CADIZ,10.0,2019,355,19,15,0,1,7,1.8,2019-01-13,22.4,2019-07-23,20.1,2019-07-12,2019-09-25
5906X,CHIPIONA,CADIZ,10.0,2020,366,52,43,0,9,33,1.4,2020-12-31,24.5,2020-09-13,21.6,2020-07-01,2020-09-24
5906X,CHIPIONA,CADIZ,10.0,2021,364,33,24,0,5,6,0.9,2021-01-14,23.4,2021-09-06,20.7,2021-07-04,2021-11-01
5906X,CHIPIONA,CADIZ,10.0,2022,363,45,38,4,13,9,2.3,2022-01-09,26.3,2022-07-13,21.3,2022-06-08,2022-10-19
5906X,CHIPIONA,CADIZ,10.0,2023,365,44,39,0,10,6,-0.2,2023-01-26,23.5,2023-08-08,21.5,2023-06-11,2023-10-18
5906X,CHIPIONA,CADIZ,10.0,2024,363,46,38,0,7,9,2.9,2024-12-11,23.7,2024-08-30,21.3,2024-06-15,2024-10-04
5906X,CHIPIONA,CADIZ,10.0,2025,365,61,53,0,14,9,0.3,2025-01-16,24.1,2025-06-30,21.6,2025-05-29,2025-10-22
5910,"ROTA, BASE NAVAL",CADIZ,21.0,2017,365,53,40,0,15,8,-1.5,2017-01-19,25.0,2017-06-20,21.8,2017-06-12,2017-10-17
5910,"ROTA, BASE NAVAL",CADIZ,21.0,2018,365,44,25,1,8,9,-0.3,2018-02-07,28.1,2018-08-02,21.3,2018-07-08,2018-10-02
5910,"ROTA, BASE NAVAL",CADIZ,21.0,2019,365,34,26,0,6,9,0.9,2019-01-13,24.3,2019-09-07,20.8,2019-06-30,2019-09-08
5910,"ROTA, BASE NAVAL",CADIZ,21.0,2020,366,56,46,0,20,17,1.3,2020-12-27,24.4,2020-09-13,22.1,2020-06-23,2020-09-23
5910,"ROTA, BASE NAVAL",CADIZ,21.0,2021,365,40,30,0,11,7,-0.6,2021-01-16,24.6,2021-09-06,21.2,2021-07-04,2021-11-01
5910,"ROTA, BASE NAVAL",CADIZ,21.0,2022,365,54,47,6,19,15,2.0,2022-01-09,28.2,2022-07-13,22.2,2022-06-09,2022-10-19
5910,"ROTA, BASE NAVAL",CADIZ,21.0,2023,365,63,55,1,26,10,-0.1,2023-01-29,25.5,2023-08-23,22.7,2023-06-07,2023-10-18
5910,"ROTA, BASE NAVAL",CADIZ,21.0,2024,366,58,50,0,18,18,2.8,2024-01-07,24.2,2024-08-26,22.0,2024-06-01,2024-10-12
5910,"ROTA, BASE NAVAL",CADIZ,21.0,2025,365,61,53,1,23,10,0.9,2025-01-16,25.3,2025-06-30,22.3,2025-05-30,2025-10-26
5911A,GRAZALEMA,CADIZ,913.0,2017,358,18,18,1,7,4,-2.3,2017-12-02,25.5,2017-06-17,20.0,2017-06-17,2017-08-26
5911A,GRAZALEMA,CADIZ,913.0,2018,357,11,9,2,4,7,-3.0,2018-02-03,26.3,2018-08-02,18.4,2018-08-01,2018-09-02
5911A,GRAZALEMA,CADIZ,913.0,2019,363,4,4,0,1,1,-1.2,2019-02-04,22.5,2019-07-23,18.5,2019-06-29,2019-08-23
5911A,GRAZALEMA,CADIZ,913.0,2020,361,15,14,0,5,4,-2.6,2020-12-31,24.4,2020-08-06,19.6,2020-06-23,2020-09-13
5911A,GRAZALEMA,CADIZ,913.0,2021,362,12,10,1,6,4,-2.6,2021-01-12,25.9,2021-08-14,18.0,2021-07-11,2021-09-13
5911A,GRAZALEMA,CADIZ,913.0,2022,363,30,26,7,18,8,0.5,2022-01-20,27.4,2022-07-15,22.0,2022-05-20,2022-10-18
5911A,GRAZALEMA,CADIZ,913.0,2023,334,19,18,0,7,7,-1.7,2023-01-28,23.9,2023-08-09,20.6,2023-07-11,2023-10-06
5911A,GRAZALEMA,CADIZ,913.0,2024,366,8,8,0,1,2,-1.9,2024-12-10,23.8,2024-07-29,18.2,2024-06-06,2024-08-19
5911A,GRAZALEMA,CADIZ,913.0,2025,348,29,27,3,11,10,-2.4,2025-01-15,25.5,2025-07-03,20.8,2025-06-01,2025-09-19
5919X,OLVERA,CADIZ,530.0,2017,360,59,49,3,30,16,-0.1,2017-01-19,28.1,2017-07-13,23.2,2017-06-11,2017-10-15
5919X,OLVERA,CADIZ,530.0,2018,365,27,20,4,11,8,-0.3,2018-02-09,27.2,2018-08-03,21.1,2018-08-01,2018-09-26
5919X,OLVERA,CADIZ,530.0,2019,359,29,22,0,6,9,1.0,2019-11-16,23.2,2019-08-29,21.1,2019-07-11,2019-10-08
5919X,OLVERA,CADIZ,530.0,2020,357,50,44,0,24,11,0.7,2020-12-31,24.4,2020-07-20,22.5,2020-06-22,2020-09-17
5919X,OLVERA,CADIZ,530.0,2021,339,35,32,6,15,15,-1.0,2021-01-03,30.7,2021-08-14,21.5,2021-07-09,2021-09-13
5919X,OLVERA,CADIZ,530.0,2022,365,48,41,7,24,11,3.4,2022-01-21,28.1,2022-07-25,23.0,2022-05-19,2022-10-27
5919X,OLVERA,CADIZ,530.0,2023,365,66,54,11,35,12,0.2,2023-03-02,26.6,2023-08-08,23.8,2023-04-27,2023-10-08
5919X,OLVERA,CADIZ,530.0,2024,366,51,50,0,24,26,2.1,2024-12-10,25.0,2024-08-19,22.4,2024-06-06,2024-09-01
5919X,OLVERA,CADIZ,530.0,2025,365,65,53,11,37,27,1.5,2025-12-22,27.0,2025-08-18,24.2,2025-05-29,2025-09-20
5941X,EL BOSQUE,CADIZ,295.0,2017,364,30,26,0,10,7,-1.0,2017-01-21,25.0,2017-06-25,21.1,2017-05-21,2017-10-16
5941X,EL BOSQUE,CADIZ,295.0,2018,363,16,12,1,8,5,-1.7,2018-02-09,26.0,2018-08-02,19.9,2018-08-01,2018-09-27
5941X,EL BOSQUE,CADIZ,295.0,2019,365,8,7,0,1,4,0.2,2019-02-04,22.7,2019-07-22,19.1,2019-07-20,2019-09-05
5941X,EL BOSQUE,CADIZ,295.0,2020,366,30,26,0,7,10,-1.0,2020-12-31,24.3,2020-09-13,21.0,2020-07-07,2020-09-17
5941X,EL BOSQUE,CADIZ,295.0,2021,351,18,16,2,10,4,-2.2,2021-01-03,27.5,2021-09-06,20.4,2021-07-09,2021-09-13
5941X,EL BOSQUE,CADIZ,295.0,2022,363,31,27,6,14,8,0.6,2022-01-09,30.1,2022-07-12,21.3,2022-05-20,2022-10-18
5941X,EL BOSQUE,CADIZ,295.0,2023,362,37,34,0,16,10,-1.5,2023-01-26,25.0,2023-08-23,21.6,2023-06-18,2023-10-08
5941X,EL BOSQUE,CADIZ,295.0,2024,362,31,30,0,4,7,0.1,2024-01-08,24.1,2024-07-29,20.5,2024-06-24,2024-09-01
5941X,EL BOSQUE,CADIZ,295.0,2025,351,38,32,2,14,9,0.3,2025-01-16,25.7,2025-08-15,21.4,2025-05-29,2025-09-19
5950X,SAN JOSÉ DEL VALLE,CADIZ,105.0,2017,365,76,54,4,40,17,1.9,2017-01-21,26.8,2017-06-17,23.6,2017-05-16,2017-10-24
5950X,SAN JOSÉ DEL VALLE,CADIZ,105.0,2018,363,46,27,4,24,11,0.9,2018-02-09,28.8,2018-08-02,23.0,2018-06-18,2018-10-05
5950X,SAN JOSÉ DEL VALLE,CADIZ,105.0,2019,365,40,28,1,16,11,2.5,2019-02-03,25.1,2019-08-22,21.9,2019-05-30,2019-10-11
5950X,SAN JOSÉ DEL VALLE,CADIZ,105.0,2020,366,64,48,6,37,32,2.5,2020-12-31,27.2,2020-08-06,23.1,2020-05-24,2020-09-17
5950X,SAN JOSÉ DEL VALLE,CADIZ,105.0,2021,362,44,34,2,19,16,1.2,2021-01-03,26.7,2021-09-06,22.3,2021-06-08,2021-10-19
5950X,SAN JOSÉ DEL VALLE,CADIZ,105.0,2022,363,59,46,10,31,11,3.2,2022-01-09,28.9,2022-07-15,23.8,2022-05-20,2022-10-27
5950X,SAN JOSÉ DEL VALLE,CADIZ,105.0,2023,353,57,41,6,31,10,1.1,2023-01-26,29.0,2023-08-23,23.5,2023-04-28,2023-10-17
5950X,SAN JOSÉ DEL VALLE,CADIZ,105.0,2024,366,53,46,1,22,10,2.3,2024-01-08,25.7,2024-07-29,22.3,2024-06-01,2024-10-23
5950X,SAN JOSÉ DEL VALLE,CADIZ,105.0,2025,363,68,54,15,38,16,1.5,2025-01-16,29.0,2025-08-15,24.4,2025-05-29,2025-10-12
5960,JEREZ DE LA FRONTERA AEROPUERTO,CADIZ,27.0,2017,365,17,15,0,1,3,-2.7,2017-01-19,22.5,2017-08-27,20.0,2017-05-21,2017-09-02
5960,JEREZ DE LA FRONTERA AEROPUERTO,CADIZ,27.0,2018,363,11,5,0,2,2,-2.6,2018-02-09,23.3,2018-08-02,19.5,2018-08-02,2018-09-27
5960,JEREZ DE LA FRONTERA AEROPUERTO,CADIZ,27.0,2019,362,9,8,0,0,3,-2.3,2019-01-13,21.9,2019-07-22,19.0,2019-07-12,2019-09-07
5960,JEREZ DE LA FRONTERA AEROPUERTO,CADIZ,27.0,2020,363,13,11,0,1,3,-1.5,2020-12-30,22.3,2020-07-21,19.5,2020-07-16,2020-09-14
5960,JEREZ DE LA FRONTERA AEROPUERTO,CADIZ,27.0,2021,363,9,6,1,2,2,-3.1,2021-01-03,25.5,2021-09-06,19.2,2021-07-09,2021-09-13
5960,JEREZ DE LA FRONTERA AEROPUERTO,CADIZ,27.0,2022,362,24,20,0,5,4,-0.9,2022-01-09,23.6,2022-07-13,20.3,2022-06-11,2022-10-19
5960,JEREZ DE LA FRONTERA AEROPUERTO,CADIZ,27.0,2023,363,19,17,0,3,3,-2.8,2023-01-29,23.4,2023-08-08,20.1,2023-06-19,2023-10-17
5960,JEREZ DE LA FRONTERA AEROPUERTO,CADIZ,27.0,2024,365,18,16,0,3,7,0.1,2024-01-08,24.3,2024-07-29,20.0,2024-07-28,2024-09-26
5960,JEREZ DE LA FRONTERA AEROPUERTO,CADIZ,27.0,2025,363,26,24,0,5,5,-2.3,2025-01-16,23.0,2025-07-26,20.4,2025-06-09,2025-09-19
5972X,SAN FERNANDO,CADIZ,28.0,2017,360,97,69,3,45,18,1.9,2017-01-19,26.2,2017-06-17,23.5,2017-05-16,2017-10-17
5972X,SAN FERNANDO,CADIZ,28.0,2018,361,73,41,4,34,22,4.0,2018-02-05,27.0,2018-08-02,23.3,2018-06-18,2018-10-11
5972X,SAN FERNANDO,CADIZ,28.0,2019,358,63,47,1,24,20,4.0,2019-02-04,25.5,2019-07-22,22.6,2019-05-12,2019-10-12
5972X,SAN FERNANDO,CADIZ,28.0,2020,366,88,62,4,49,33,4.9,2020-12-27,25.8,2020-07-16,23.7,2020-05-23,2020-10-08
5972X,SAN FERNANDO,CADIZ,28.0,2021,356,83,58,1,25,18,2.4,2021-01-13,25.3,2021-09-06,23.0,2021-06-07,2021-11-01
5972X,SAN FERNANDO,CADIZ,28.0,2022,359,88,62,11,43,21,6.5,2022-01-09,27.2,2022-07-15,24.4,2022-05-19,2022-10-29
5972X,SAN FERNANDO,CADIZ,28.0,2023,364,104,70,9,45,18,3.7,2023-01-29,27.6,2023-08-23,23.9,2023-04-27,2023-10-18
5972X,SAN FERNANDO,CADIZ,28.0,2024,364,67,54,0,27,30,3.2,2024-12-10,25.0,2024-08-16,22.7,2024-06-06,2024-10-05
5972X,SAN FERNANDO,CADIZ,28.0,2025,365,98,73,13,45,30,4.7,2025-01-15,28.0,2025-08-13,24.3,2025-05-28,2025-10-26
5973,CÁDIZ,CADIZ,2.0,2017,364,119,85,3,56,59,2.4,2017-01-19,26.5,2017-06-17,23.9,2017-05-17,2017-10-17
5973,CÁDIZ,CADIZ,2.0,2018,365,98,57,1,41,64,4.8,2018-02-08,26.6,2018-08-02,23.5,2018-06-18,2018-10-23
5973,CÁDIZ,CADIZ,2.0,2019,364,86,57,1,23,27,4.8,2019-02-04,25.2,2019-07-22,22.5,2019-05-12,2019-10-13
5973,CÁDIZ,CADIZ,2.0,2020,366,103,71,5,60,62,6.0,2020-12-27,25.8,2020-08-06,24.1,2020-05-23,2020-09-30
5973,CÁDIZ,CADIZ,2.0,2021,365,107,71,2,36,47,3.6,2021-01-15,25.4,2021-08-14,23.2,2021-05-16,2021-11-01
5973,CÁDIZ,CADIZ,2.0,2022,365,113,74,12,54,80,7.4,2022-01-08,27.3,2022-07-25,24.6,2022-05-10,2022-10-29
5973,CÁDIZ,CADIZ,2.0,2023,365,128,86,8,62,79,4.6,2023-01-29,27.6,2023-08-23,24.0,2023-04-27,2023-10-18
5973,CÁDIZ,CADIZ,2.0,2024,366,104,70,3,49,60,6.5,2024-12-10,25.5,2024-08-16,23.5,2024-05-29,2024-10-23
5973,CÁDIZ,CADIZ,2.0,2025,365,123,84,14,60,77,6.8,2025-01-16,28.0,2025-08-13,24.7,2025-05-27,2025-10-29
5983X,MEDINA SIDONIA,CADIZ,70.0,2017,364,54,38,0,25,8,-1.1,2017-01-21,24.8,2017-06-17,22.8,2017-06-01,2017-10-16
5983X,MEDINA SIDONIA,CADIZ,70.0,2018,364,35,21,1,20,7,-1.3,2018-02-03,26.3,2018-08-02,22.2,2018-06-18,2018-09-29
5983X,MEDINA SIDONIA,CADIZ,70.0,2019,351,28,20,0,15,6,-0.8,2019-01-14,24.8,2019-07-22,21.1,2019-07-11,2019-10-11
5983X,MEDINA SIDONIA,CADIZ,70.0,2020,366,47,35,1,27,12,1.4,2020-12-30,25.6,2020-08-06,22.6,2020-06-23,2020-09-18
5983X,MEDINA SIDONIA,CADIZ,70.0,2021,357,38,28,1,17,8,-1.6,2021-01-04,25.1,2021-08-14,21.5,2021-06-08,2021-11-01
5983X,MEDINA SIDONIA,CADIZ,70.0,2022,360,55,44,4,29,11,2.5,2022-01-09,26.1,2022-07-12,23.1,2022-05-20,2022-10-27
5983X,MEDINA SIDONIA,CADIZ,70.0,2023,365,53,34,4,24,11,-2.0,2023-03-03,26.2,2023-08-23,22.5,2023-06-16,2023-10-18
5983X,MEDINA SIDONIA,CADIZ,70.0,2024,366,38,31,2,14,9,0.6,2024-12-10,26.1,2024-07-29,21.7,2024-06-06,2024-09-29
5983X,MEDINA SIDONIA,CADIZ,70.0,2025,343,60,46,6,37,10,-0.5,2025-01-16,27.1,2025-08-15,23.5,2025-05-29,2025-10-16
5995B,VEJER DE LA FRONTERA,CADIZ,183.0,2017,363,51,40,3,21,17,2.8,2017-01-19,26.6,2017-07-13,22.2,2017-06-12,2017-10-14
5995B,VEJER DE LA FRONTERA,CADIZ,183.0,2018,364,37,20,1,16,12,3.8,2018-02-06,25.5,2018-08-07,21.8,2018-07-09,2018-09-27
5995B,VEJER DE LA FRONTERA,CADIZ,183.0,2019,362,31,22,0,15,11,4.1,2019-02-04,23.8,2019-08-16,21.3,2019-07-11,2019-09-14
5995B,VEJER DE LA FRONTERA,CADIZ,183.0,2020,338,78,56,0,34,34,4.9,2020-12-05,24.5,2020-07-07,22.7,2020-05-20,2020-09-24
5995B,VEJER DE LA FRONTERA,CADIZ,183.0,2021,362,32,26,0,8,12,3.3,2021-01-11,25.0,2021-08-15,21.0,2021-06-08,2021-09-23
5995B,VEJER DE LA FRONTERA,CADIZ,183.0,2022,360,57,47,0,20,18,7.5,2022-01-06,24.7,2022-07-24,22.3,2022-06-10,2022-10-27
5995B,VEJER DE LA FRONTERA,CADIZ,183.0,2023,362,57,46,1,24,11,4.6,2023-01-28,25.6,2023-08-25,22.6,2023-04-26,2023-10-08
5995B,VEJER DE LA FRONTERA,CADIZ,183.0,2024,366,43,41,0,16,10,5.9,2024-01-07,24.5,2024-08-18,21.4,2024-06-23,2024-09-14
5995B,VEJER DE LA FRONTERA,CADIZ,183.0,2025,365,65,48,7,32,11,5.8,2025-12-22,27.4,2025-08-17,23.0,2025-05-29,2025-09-20
5996B,BARBATE,CADIZ,4.0,2017,365,83,58,3,33,13,1.3,2017-01-21,25.8,2017-06-17,23.0,2017-05-16,2017-10-17
5996B,BARBATE,CADIZ,4.0,2018,361,62,38,2,28,17,0.9,2018-02-09,26.4,2018-08-02,23.2,2018-06-18,2018-10-23
5996B,BARBATE,CADIZ,4.0,2019,361,50,40,1,19,13,2.1,2019-01-14,25.7,2019-07-22,22.1,2019-06-29,2019-10-11
5996B,BARBATE,CADIZ,4.0,2020,364,67,47,1,37,33,3.3,2020-12-31,25.1,2020-08-06,23.0,2020-05-24,2020-10-08
5996B,BARBATE,CADIZ,4.0,2021,364,50,36,0,16,10,0.7,2021-01-04,24.3,2021-07-10,21.9,2021-06-07,2021-11-01
5996B,BARBATE,CADIZ,4.0,2022,361,71,53,4,30,19,3.2,2022-01-09,26.0,2022-07-16,22.9,2022-05-20,2022-10-29
5996B,BARBATE,CADIZ,4.0,2023,355,85,54,5,32,21,1.4,2023-03-03,26.9,2023-08-23,22.7,2023-04-27,2023-10-18
5996B,BARBATE,CADIZ,4.0,2024,356,66,54,1,25,19,2.5,2024-01-08,25.4,2024-07-23,22.5,2024-06-01,2024-10-24
5996B,BARBATE,CADIZ,4.0,2025,364,89,66,11,43,29,2.1,2025-01-16,28.6,2025-08-16,24.0,2025-05-28,2025-10-29
5998X,OSUNA,SEVILLA,255.0,2017,360,97,69,19,60,18,0.4,2017-01-18,29.2,2017-07-13,25.1,2017-05-16,2017-10-16
5998X,OSUNA,SEVILLA,255.0,2018,363,69,49,8,38,14,0.3,2018-02-08,28.6,2018-08-04,24.2,2018-06-16,2018-10-13
5998X,OSUNA,SEVILLA,255.0,2019,365,63,46,3,37,14,1.9,2019-01-11,25.9,2019-08-29,23.6,2019-05-28,2019-10-11
5998X,OSUNA,SEVILLA,255.0,2020,364,87,60,15,57,32,2.7,2020-12-27,27.9,2020-07-07,24.8,2020-05-03,2020-10-08
5998X,OSUNA,SEVILLA,255.0,2021,365,80,65,8,42,26,1.1,2021-01-11,29.8,2021-08-16,23.8,2021-05-30,2021-09-30
5998X,OSUNA,SEVILLA,255.0,2022,364,93,66,22,61,32,4.3,2022-01-07,29.6,2022-07-25,25.4,2022-05-12,2022-10-29
5998X,OSUNA,SEVILLA,255.0,2023,351,100,70,31,73,29,1.1,2023-01-24,28.4,2023-08-24,26.1,2023-04-26,2023-10-12
5998X,OSUNA,SEVILLA,255.0,2024,366,80,64,12,51,50,3.4,2024-12-10,27.4,2024-07-04,24.6,2024-03-23,2024-10-02
5998X,OSUNA,SEVILLA,255.0,2025,365,102,76,27,71,45,2.3,2025-01-15,30.6,2025-08-17,26.2,2025-05-26,2025-10-07
6000A,MELILLA,MELILLA,52.0,2017,365,105,85,4,66,58,6.0,2017-01-19,25.7,2017-08-01,24.1,2017-06-02,2017-10-04
6000A,MELILLA,MELILLA,52.0,2018,365,97,66,2,58,66,5.9,2018-02-06,25.5,2018-07-21,23.7,2018-06-20,2018-10-23
6000A,MELILLA,MELILLA,52.0,2019,365,97,65,5,59,48,6.1,2019-01-06,27.7,2019-08-07,24.2,2019-06-23,2019-12-20
6000A,MELILLA,MELILLA,52.0,2020,361,102,74,5,70,85,6.4,2020-12-27,31.8,2020-08-02,24.2,2020-06-06,2020-10-10
6000A,MELILLA,MELILLA,52.0,2021,364,99,71,5,53,44,6.2,2021-01-13,27.1,2021-07-05,23.8,2021-06-12,2021-11-01
6000A,MELILLA,MELILLA,52.0,2022,363,118,82,16,76,78,7.1,2022-01-04,26.9,2022-07-26,24.9,2022-05-24,2022-10-18
6000A,MELILLA,MELILLA,52.0,2023,365,120,81,24,75,74,5.6,2023-01-23,29.5,2023-07-20,25.5,2023-03-31,2023-10-18
6000A,MELILLA,MELILLA,52.0,2024,363,102,67,14,63,71,7.4,2024-01-08,28.6,2024-08-02,24.7,2024-06-06,2024-10-10
6000A,MELILLA,MELILLA,52.0,2025,365,122,88,7,84,87,5.6,2025-01-19,27.6,2025-08-19,24.2,2025-05-30,2025-10-30
6001,TARIFA,CADIZ,45.0,2017,353,98,67,1,39,19,4.2,2017-01-19,25.2,2017-08-20,23.5,2017-06-01,2017-11-01
6001,TARIFA,CADIZ,45.0,2018,347,47,20,0,16,21,3.4,2018-02-03,24.1,2018-08-11,21.7,2018-07-08,2018-10-05
6001,TARIFA,CADIZ,45.0,2019,351,28,19,0,7,10,3.1,2019-02-04,22.9,2019-07-22,20.8,2019-07-20,2019-10-11
6001,TARIFA,CADIZ,45.0,2020,351,60,44,0,18,20,3.0,2020-12-31,24.2,2020-08-06,22.1,2020-06-22,2020-09-18
6001,TARIFA,CADIZ,45.0,2021,360,37,26,0,2,10,2.7,2021-01-03,22.7,2021-09-06,21.1,2021-07-09,2021-10-11
6001,TARIFA,CADIZ,45.0,2022,362,59,46,0,16,12,4.5,2022-02-16,24.5,2022-07-31,21.8,2022-06-11,2022-10-18
6001,TARIFA,CADIZ,45.0,2023,364,81,54,1,28,19,2.2,2023-01-26,25.5,2023-08-23,22.4,2023-06-16,2023-10-17
6001,TARIFA,CADIZ,45.0,2024,366,53,43,0,12,10,3.8,2024-01-07,25.0,2024-08-30,21.4,2024-06-23,2024-09-30
6001,TARIFA,CADIZ,45.0,2025,364,83,61,2,38,23,5.6,2025-01-16,25.4,2025-08-13,23.1,2025-05-30,2025-10-18
6032X,RONDA INSTITUTO,MALAGA,760.0,2017,365,44,43,1,18,8,-1.7,2017-01-18,27.3,2017-07-13,22.0,2017-06-12,2017-10-13
6032X,RONDA INSTITUTO,MALAGA,760.0,2018,365,24,19,2,11,8,-1.1,2018-02-05,26.5,2018-08-03,20.5,2018-07-18,2018-09-25
6032X,RONDA INSTITUTO,MALAGA,760.0,2019,343,24,22,0,2,4,0.2,2019-02-03,22.8,2019-07-23,20.5,2019-06-29,2019-09-03
6032X,RONDA INSTITUTO,MALAGA,760.0,2021,350,21,20,4,6,7,0.1,2021-11-28,26.9,2021-08-15,20.4,2021-07-10,2021-09-06
6032X,RONDA INSTITUTO,MALAGA,760.0,2022,363,55,48,7,29,19,1.6,2022-03-06,27.1,2022-07-25,23.3,2022-05-19,2022-10-27
6032X,RONDA INSTITUTO,MALAGA,760.0,2023,352,54,47,4,25,9,-0.8,2023-01-24,27.4,2023-07-18,23.0,2023-04-28,2023-10-08
6032X,RONDA INSTITUTO,MALAGA,760.0,2024,322,39,38,0,14,13,0.9,2024-12-10,24.0,2024-08-19,21.9,2024-06-06,2024-09-01
6032X,RONDA INSTITUTO,MALAGA,760.0,2025,365,60,51,8,32,11,0.7,2025-12-22,26.4,2025-08-12,23.5,2025-05-29,2025-09-20
6040X,CORTES DE LA FRONTERA,MALAGA,315.0,2017,365,6,6,0,1,2,0.3,2017-01-21,22.9,2017-06-24,18.8,2017-06-24,2017-08-27
6040X,CORTES DE LA FRONTERA,MALAGA,315.0,2018,365,5,2,0,0,2,-1.1,2018-02-09,21.1,2018-09-27,18.8,2018-07-20,2018-09-27
6040X,CORTES DE LA FRONTERA,MALAGA,315.0,2019,364,11,11,0,2,2,-0.3,2019-01-13,22.3,2019-08-10,19.0,2019-07-15,2019-08-26
6040X,CORTES DE LA FRONTERA,MALAGA,315.0,2020,349,11,10,0,2,5,1.9,2020-12-27,23.6,2020-08-02,19.3,2020-07-12,2020-09-13
6040X,CORTES DE LA FRONTERA,MALAGA,315.0,2021,365,13,13,0,1,2,-0.5,2021-01-13,23.0,2021-08-16,19.8,2021-07-04,2021-08-24
6040X,CORTES DE LA FRONTERA,MALAGA,315.0,2022,317,15,14,0,4,4,1.2,2022-01-08,23.8,2022-07-25,20.0,2022-07-18,2022-09-02
6040X,CORTES DE LA FRONTERA,MALAGA,315.0,2023,365,26,26,0,9,6,-0.2,2023-01-29,24.7,2023-07-19,20.6,2023-07-05,2023-08-26
6040X,CORTES DE LA FRONTERA,MALAGA,315.0,2024,365,25,24,0,4,4,1.9,2024-12-11,23.4,2024-07-12,20.7,2024-07-12,2024-09-01
6040X,CORTES DE LA FRONTERA,MALAGA,315.0,2025,364,16,14,0,1,4,0.9,2025-01-15,22.5,2025-08-18,19.8,2025-07-07,2025-09-08
6042I,JIMENA DE LA FRONTERA,CADIZ,42.0,2017,360,11,9,0,5,2,-0.9,2017-02-09,23.0,2017-08-13,18.9,2017-06-25,2017-09-28
6042I,JIMENA DE LA FRONTERA,CADIZ,42.0,2018,358,8,2,0,4,2,-2.0,2018-02-03,24.1,2018-08-20,18.6,2018-08-19,2018-09-26
6042I,JIMENA DE LA FRONTERA,CADIZ,42.0,2019,365,9,8,0,2,2,-1.3,2019-01-07,24.2,2019-08-22,19.0,2019-07-22,2019-09-14
6042I,JIMENA DE LA FRONTERA,CADIZ,42.0,2020,365,17,11,0,9,5,-1.0,2020-12-31,23.9,2020-07-21,19.6,2020-07-12,2020-09-23
6042I,JIMENA DE LA FRONTERA,CADIZ,42.0,2021,364,19,14,0,5,4,-2.1,2021-01-04,23.7,2021-08-24,20.2,2021-07-04,2021-10-11
6042I,JIMENA DE LA FRONTERA,CADIZ,42.0,2022,361,17,15,0,5,5,-1.0,2022-01-09,23.5,2022-07-02,19.9,2022-07-02,2022-09-18
6042I,JIMENA DE LA FRONTERA,CADIZ,42.0,2023,363,12,11,0,5,3,-2.5,2023-01-26,22.9,2023-07-19,19.4,2023-06-07,2023-09-15
6042I,JIMENA DE LA FRONTERA,CADIZ,42.0,2024,366,23,20,0,4,4,-0.8,2024-01-07,23.9,2024-07-29,20.3,2024-07-06,2024-10-03
6042I,JIMENA DE LA FRONTERA,CADIZ,42.0,2025,364,11,8,0,2,3,-0.7,2025-01-16,24.2,2025-07-30,19.1,2025-07-09,2025-09-08
6045X,ALPANDEIRE,MALAGA,676.0,2017,365,42,39,1,17,6,-0.4,2017-01-19,26.9,2017-07-13,22.0,2017-06-12,2017-10-13
6045X,ALPANDEIRE,MALAGA,676.0,2018,364,27,24,0,7,9,0.5,2018-02-05,24.4,2018-08-06,20.6,2018-07-10,2018-09-24
6045X,ALPANDEIRE,MALAGA,676.0,2019,364,37,33,0,1,10,1.5,2019-02-03,22.7,2019-08-05,21.1,2019-06-29,2019-09-05
6045X,ALPANDEIRE,MALAGA,676.0,2020,364,45,43,1,18,12,1.3,2020-01-20,25.7,2020-08-01,21.8,2020-06-22,2020-09-13
6045X,ALPANDEIRE,MALAGA,676.0,2021,364,48,41,5,18,10,-0.2,2021-01-03,28.7,2021-08-16,21.9,2021-06-08,2021-09-13
6045X,ALPANDEIRE,MALAGA,676.0,2022,365,68,59,3,35,29,3.0,2022-03-06,29.8,2022-07-25,23.5,2022-05-19,2022-10-27
6045X,ALPANDEIRE,MALAGA,676.0,2023,364,69,64,7,40,18,1.3,2023-01-26,26.7,2023-07-19,23.6,2023-06-16,2023-10-07
6045X,ALPANDEIRE,MALAGA,676.0,2024,360,51,50,2,27,15,2.1,2024-12-10,25.6,2024-08-02,22.6,2024-06-06,2024-09-01
6045X,ALPANDEIRE,MALAGA,676.0,2025,360,74,62,6,40,18,2.1,2025-01-15,27.2,2025-08-12,23.6,2025-05-29,2025-09-19
6050X,GAUCÍN,MALAGA,594.0,2017,358,30,29,1,8,5,-0.8,2017-01-18,25.1,2017-07-13,20.8,2017-06-16,2017-09-02
6050X,GAUCÍN,MALAGA,594.0,2018,354,21,16,0,7,8,-1.5,2018-02-05,23.7,2018-08-03,20.3,2018-08-01,2018-09-25
6050X,GAUCÍN,MALAGA,594.0,2019,359,13,13,0,0,4,1.4,2019-11-16,21.1,2019-07-20,19.8,2019-06-29,2019-08-24
6050X,GAUCÍN,MALAGA,594.0,2020,313,28,26,0,4,5,1.1,2020-12-30,23.1,2020-08-01,21.1,2020-06-22,2020-09-13
6050X,GAUCÍN,MALAGA,594.0,2021,362,18,16,1,3,4,-0.6,2021-01-03,27.0,2021-08-16,20.0,2021-07-18,2021-09-12
6050X,GAUCÍN,MALAGA,594.0,2023,349,47,46,1,20,9,0.4,2023-03-02,25.3,2023-08-26,22.2,2023-06-16,2023-09-14
6050X,GAUCÍN,MALAGA,594.0,2024,366,40,39,0,8,10,2.1,2024-12-10,23.3,2024-07-19,21.2,2024-07-03,2024-09-01
6050X,GAUCÍN,MALAGA,594.0,2025,365,48,44,2,19,11,1.9,2025-12-22,26.5,2025-08-18,22.0,2025-05-30,2025-09-14
6056X,SAN ROQUE,CADIZ,1.0,2017,365,44,33,0,13,10,2.8,2017-01-21,24.6,2017-08-20,21.5,2017-06-19,2017-10-05
6056X,SAN ROQUE,CADIZ,1.0,2018,363,42,22,0,10,5,2.2,2018-02-06,23.3,2018-09-01,21.4,2018-07-20,2018-10-05
6056X,SAN ROQUE,CADIZ,1.0,2019,365,39,29,0,13,6,3.0,2019-01-06,24.1,2019-09-03,21.3,2019-07-01,2019-10-11
6056X,SAN ROQUE,CADIZ,1.0,2020,364,52,40,0,20,14,3.2,2020-12-31,25.0,2020-08-02,22.2,2020-07-02,2020-09-24
6056X,SAN ROQUE,CADIZ,1.0,2021,365,40,30,0,7,6,1.8,2021-01-03,23.6,2021-08-06,21.0,2021-07-03,2021-10-31
6056X,SAN ROQUE,CADIZ,1.0,2022,356,52,44,0,12,22,4.7,2022-01-09,23.5,2022-08-12,21.8,2022-06-08,2022-10-18
6056X,SAN ROQUE,CADIZ,1.0,2023,361,55,47,0,17,16,2.4,2023-01-23,24.7,2023-07-20,22.0,2023-06-18,2023-10-10
6056X,SAN ROQUE,CADIZ,1.0,2024,362,51,38,3,25,15,3.4,2024-01-08,25.8,2024-08-30,22.4,2024-06-06,2024-10-05
6056X,SAN ROQUE,CADIZ,1.0,2025,365,67,52,0,16,14,3.1,2025-01-16,24.6,2025-08-04,21.7,2025-06-09,2025-10-18
6057X,MANILVA,MALAGA,140.0,2017,306,73,61,0,24,26,3.1,2017-01-19,24.4,2017-06-25,22.6,2017-06-12,2017-10-03
6057X,MANILVA,MALAGA,140.0,2018,365,64,42,0,24,25,3.2,2018-01-07,24.4,2018-08-07,22.3,2018-06-14,2018-10-01
6057X,MANILVA,MALAGA,140.0,2020,366,74,57,3,33,32,5.9,2020-12-05,26.1,2020-08-02,22.7,2020-06-23,2020-09-25
6057X,MANILVA,MALAGA,140.0,2021,362,59,45,1,20,20,3.8,2021-01-10,25.3,2021-08-05,22.1,2021-05-16,2021-09-23
6057X,MANILVA,MALAGA,140.0,2022,365,74,62,1,39,31,7.5,2022-03-06,28.3,2022-07-26,23.0,2022-06-08,2022-09-20
6057X,MANILVA,MALAGA,140.0,2023,365,85,72,1,46,35,5.6,2023-01-26,25.9,2023-07-19,23.2,2023-06-15,2023-10-17
6057X,MANILVA,MALAGA,140.0,2024,346,69,56,1,36,40,6.7,2024-01-06,26.2,2024-08-01,23.4,2024-06-06,2024-10-06
6057X,MANILVA,MALAGA,140.0,2025,324,75,61,1,32,20,5.2,2025-12-22,25.1,2025-08-13,23.1,2025-05-30,2025-10-25
6058I,ESTEPONA,MALAGA,19.0,2017,340,55,41,0,17,8,4.3,2017-01-18,24.3,2017-08-20,22.0,2017-06-01,2017-10-16
6058I,ESTEPONA,MALAGA,19.0,2018,348,52,29,0,18,17,4.9,2018-02-05,24.2,2018-08-11,22.1,2018-06-23,2018-10-08
6058I,ESTEPONA,MALAGA,19.0,2019,351,59,42,0,18,12,6.1,2019-02-04,23.9,2019-08-22,22.1,2019-06-28,2019-10-11
6058I,ESTEPONA,MALAGA,19.0,2021,352,56,41,0,13,21,5.4,2021-01-04,24.4,2021-08-24,21.9,2021-06-08,2021-10-30
6058I,ESTEPONA,MALAGA,19.0,2022,359,68,59,4,32,39,7.8,2022-01-07,25.7,2022-07-16,23.2,2022-06-09,2022-10-18
6058I,ESTEPONA,MALAGA,19.0,2023,343,78,51,1,29,28,5.8,2023-01-23,26.4,2023-07-20,22.5,2023-06-07,2023-10-18
6058I,ESTEPONA,MALAGA,19.0,2024,364,73,52,6,29,27,7.0,2024-12-10,26.3,2024-08-26,23.7,2024-06-06,2024-10-04
6058I,ESTEPONA,MALAGA,19.0,2025,360,84,67,2,38,24,6.9,2025-01-16,26.1,2025-08-13,23.3,2025-06-08,2025-10-22
6069X,BENAHAVÍS,MALAGA,392.0,2017,365,48,43,0,16,20,0.2,2017-01-18,24.6,2017-06-24,21.6,2017-06-15,2017-09-12
6069X,BENAHAVÍS,MALAGA,392.0,2018,343,43,40,0,17,15,2.4,2018-02-05,23.9,2018-07-31,21.9,2018-06-14,2018-09-17
6069X,BENAHAVÍS,MALAGA,392.0,2019,364,50,45,1,12,11,2.9,2019-02-03,25.8,2019-07-15,21.3,2019-06-29,2019-10-07
6069X,BENAHAVÍS,MALAGA,392.0,2020,342,51,48,2,17,19,3.9,2020-12-31,28.1,2020-08-02,22.0,2020-06-27,2020-09-24
6069X,BENAHAVÍS,MALAGA,392.0,2021,342,55,47,4,16,21,1.9,2021-01-03,25.7,2021-08-05,21.9,2021-05-16,2021-09-13
6069X,BENAHAVÍS,MALAGA,392.0,2022,365,72,61,1,19,26,4.5,2022-01-02,29.2,2022-07-26,22.1,2022-06-08,2022-09-13
6069X,BENAHAVÍS,MALAGA,392.0,2023,354,66,64,3,35,17,2.5,2023-01-26,26.2,2023-07-20,23.5,2023-06-18,2023-09-14
6069X,BENAHAVÍS,MALAGA,392.0,2024,366,65,57,4,29,51,4.4,2024-01-06,27.3,2024-08-01,22.6,2024-06-06,2024-10-06
6069X,BENAHAVÍS,MALAGA,392.0,2025,363,82,73,4,32,20,3.1,2025-12-22,28.7,2025-08-18,22.5,2025-05-30,2025-10-05
6076X,"MARBELLA, PUERTO",MALAGA,2.0,2017,365,71,57,0,27,25,3.9,2017-01-18,24.5,2017-09-02,22.5,2017-06-02,2017-10-03
6076X,"MARBELLA, PUERTO",MALAGA,2.0,2018,351,63,38,0,29,25,5.8,2018-02-05,24.3,2018-08-20,22.4,2018-06-20,2018-10-08
6076X,"MARBELLA, PUERTO",MALAGA,2.0,2019,361,66,45,0,19,24,6.8,2019-02-04,23.9,2019-09-07,22.2,2019-06-28,2019-10-11
6076X,"MARBELLA, PUERTO",MALAGA,2.0,2020,366,75,58,0,32,40,7.0,2020-12-30,24.8,2020-07-30,22.9,2020-06-23,2020-09-25
6076X,"MARBELLA, PUERTO",MALAGA,2.0,2021,365,48,30,0,10,24,5.3,2021-01-03,24.4,2021-08-24,21.1,2021-06-13,2021-10-19
6076X,"MARBELLA, PUERTO",MALAGA,2.0,2022,361,59,51,2,33,32,8.1,2022-01-09,26.6,2022-08-13,23.1,2022-06-11,2022-10-09
6076X,"MARBELLA, PUERTO",MALAGA,2.0,2023,363,87,68,1,44,29,6.4,2023-01-26,25.1,2023-08-23,22.9,2023-06-07,2023-10-17
6076X,"MARBELLA, PUERTO",MALAGA,2.0,2024,351,65,53,7,39,40,8.3,2024-01-08,26.6,2024-08-29,23.9,2024-06-06,2024-09-29
6083X,MARBELLA,MALAGA,2.0,2017,334,76,56,1,37,18,4.1,2017-01-18,25.3,2017-08-27,23.1,2017-06-01,2017-10-16
6083X,MARBELLA,MALAGA,2.0,2019,363,70,45,1,26,26,8.3,2019-02-04,25.2,2019-08-21,22.5,2019-06-28,2019-10-12
6083X,MARBELLA,MALAGA,2.0,2021,365,124,74,14,65,49,6.0,2021-01-03,27.6,2021-08-24,24.3,2021-05-17,2021-11-01
6083X,MARBELLA,MALAGA,2.0,2022,365,101,71,16,63,40,9.2,2022-01-09,27.6,2022-07-31,24.8,2022-05-20,2022-10-31
6083X,MARBELLA,MALAGA,2.0,2023,364,119,75,9,72,44,7.0,2023-01-24,26.8,2023-08-23,24.6,2023-05-10,2023-10-18
6083X,MARBELLA,MALAGA,2.0,2024,365,88,59,22,53,47,8.2,2024-12-10,27.9,2024-08-26,25.4,2024-05-28,2024-10-24
6084X,FUENGIROLA,MALAGA,8.0,2017,362,107,77,4,52,51,4.5,2017-01-18,25.6,2017-06-25,23.6,2017-05-28,2017-10-17
6084X,FUENGIROLA,MALAGA,8.0,2018,354,93,58,1,47,64,6.1,2018-02-05,25.2,2018-08-11,23.5,2018-06-18,2018-10-23
6084X,FUENGIROLA,MALAGA,8.0,2019,308,86,55,1,37,38,5.0,2019-01-05,25.1,2019-08-21,23.2,2019-06-26,2019-10-12
6088X,TORREMOLINOS,MALAGA,85.0,2017,365,85,71,0,32,35,4.0,2017-01-19,24.8,2017-08-07,22.6,2017-06-05,2017-09-28
6088X,TORREMOLINOS,MALAGA,85.0,2018,365,89,59,3,43,41,3.8,2018-02-05,26.5,2018-07-29,23.0,2018-06-13,2018-10-21
6088X,TORREMOLINOS,MALAGA,85.0,2019,364,90,68,2,40,54,6.3,2019-01-05,28.8,2019-07-15,23.0,2019-05-10,2019-11-01
6088X,TORREMOLINOS,MALAGA,85.0,2020,366,87,69,3,41,52,6.6,2020-12-05,26.0,2020-08-03,23.6,2020-06-06,2020-09-26
6088X,TORREMOLINOS,MALAGA,85.0,2021,364,79,59,8,45,29,4.4,2021-01-10,27.5,2021-07-06,23.8,2021-05-16,2021-09-30
6088X,TORREMOLINOS,MALAGA,85.0,2022,362,99,74,2,56,46,7.7,2022-01-08,25.6,2022-08-13,23.8,2022-05-22,2022-10-19
6088X,TORREMOLINOS,MALAGA,85.0,2023,332,103,82,11,68,79,6.0,2023-01-29,30.3,2023-08-02,24.6,2023-03-31,2023-10-14
6088X,TORREMOLINOS,MALAGA,85.0,2024,366,100,72,15,58,62,8.1,2024-03-08,30.7,2024-08-02,24.6,2024-05-06,2024-10-06
6088X,TORREMOLINOS,MALAGA,85.0,2025,365,120,88,6,81,87,6.0,2025-12-22,27.3,2025-07-20,24.4,2025-04-26,2025-10-26
6100B,ANTEQUERA AYUNTAMIENTO (AUTOMÁTICA THIES),MALAGA,515.0,2017,326,54,52,3,26,11,0.5,2017-12-02,26.3,2017-07-13,22.5,2017-06-11,2017-10-13
6100B,ANTEQUERA AYUNTAMIENTO (AUTOMÁTICA THIES),MALAGA,515.0,2018,342,27,21,1,11,8,-0.1,2018-02-09,26.7,2018-08-02,21.1,2018-06-19,2018-09-26
6100B,ANTEQUERA AYUNTAMIENTO (AUTOMÁTICA THIES),MALAGA,515.0,2019,365,40,35,0,9,9,-0.1,2019-02-03,23.3,2019-08-21,21.4,2019-06-28,2019-09-06
6100B,ANTEQUERA AYUNTAMIENTO (AUTOMÁTICA THIES),MALAGA,515.0,2022,365,72,61,4,34,31,2.8,2022-01-08,25.8,2022-07-26,23.8,2022-05-19,2022-10-18
6100B,ANTEQUERA AYUNTAMIENTO (AUTOMÁTICA THIES),MALAGA,515.0,2023,346,68,64,7,40,29,-1.2,2023-01-27,25.8,2023-07-17,23.9,2023-04-28,2023-10-07
6100B,ANTEQUERA AYUNTAMIENTO (AUTOMÁTICA THIES),MALAGA,515.0,2025,365,72,62,5,43,17,1.3,2025-01-15,26.6,2025-08-18,23.4,2025-05-29,2025-09-20
6106X,ANTEQUERA,MALAGA,408.0,2018,343,25,19,2,13,5,-3.2,2018-02-09,25.3,2018-08-07,21.5,2018-07-18,2018-09-26
6106X,ANTEQUERA,MALAGA,408.0,2019,344,24,20,0,6,6,-3.1,2019-01-07,22.9,2019-08-29,20.8,2019-07-11,2019-09-07
6106X,ANTEQUERA,MALAGA,408.0,2020,342,36,32,1,15,10,-3.1,2020-12-31,25.2,2020-07-27,21.9,2020-06-23,2020-09-17
6106X,ANTEQUERA,MALAGA,408.0,2021,327,29,26,4,12,12,-3.9,2021-01-03,26.7,2021-07-23,21.6,2021-07-09,2021-09-07
6106X,ANTEQUERA,MALAGA,408.0,2022,330,54,46,4,27,13,-1.6,2022-01-08,26.1,2022-08-03,23.4,2022-05-19,2022-10-27
6106X,ANTEQUERA,MALAGA,408.0,2023,333,50,43,4,21,10,-4.1,2023-01-26,26.0,2023-07-11,22.8,2023-04-28,2023-10-17
6106X,ANTEQUERA,MALAGA,408.0,2024,342,41,39,0,19,15,-2.3,2024-12-10,24.5,2024-07-29,22.2,2024-06-06,2024-09-02
6106X,ANTEQUERA,MALAGA,408.0,2025,341,56,46,3,20,12,-3.6,2025-01-16,25.9,2025-08-15,22.5,2025-05-29,2025-09-20
6127X,ÁLORA,MALAGA,172.0,2017,365,61,54,0,18,15,2.1,2017-12-04,24.4,2017-06-25,22.0,2017-06-06,2017-09-28
6127X,ÁLORA,MALAGA,172.0,2019,334,66,54,0,24,28,2.4,2019-01-13,24.9,2019-07-15,22.4,2019-06-27,2019-11-01
6127X,ÁLORA,MALAGA,172.0,2020,324,60,52,2,26,41,2.6,2020-12-27,28.9,2020-08-02,22.5,2020-06-27,2020-09-24
6127X,ÁLORA,MALAGA,172.0,2021,365,61,52,4,33,26,2.1,2021-01-13,26.2,2021-08-06,23.3,2021-06-15,2021-09-24
6127X,ÁLORA,MALAGA,172.0,2022,349,72,58,3,25,37,4.2,2022-01-08,28.2,2022-07-26,22.7,2022-06-08,2022-09-19
6127X,ÁLORA,MALAGA,172.0,2023,360,79,71,10,45,41,1.6,2023-01-29,28.9,2023-07-20,23.7,2023-06-12,2023-09-15
6127X,ÁLORA,MALAGA,172.0,2024,366,73,60,5,39,41,4.3,2024-12-11,27.5,2024-08-01,23.5,2024-06-06,2024-10-06
6127X,ÁLORA,MALAGA,172.0,2025,363,85,72,3,35,19,2.2,2025-01-15,26.8,2025-08-18,22.7,2025-06-15,2025-10-24
6143X,COÍN,MALAGA,230.0,2017,365,66,59,1,21,20,1.2,2017-01-18,25.2,2017-06-25,22.1,2017-06-07,2017-09-15
6143X,COÍN,MALAGA,230.0,2018,357,63,49,0,21,41,1.9,2018-02-09,23.8,2018-08-11,22.1,2018-06-27,2018-09-28
6143X,COÍN,MALAGA,230.0,2019,359,62,52,1,21,26,3.6,2019-01-13,25.1,2019-08-10,22.2,2019-06-28,2019-09-21
6143X,COÍN,MALAGA,230.0,2020,364,62,57,2,26,25,3.2,2020-12-31,27.1,2020-08-02,22.2,2020-06-22,2020-09-25
6143X,COÍN,MALAGA,230.0,2021,354,60,51,0,33,28,1.4,2021-01-03,24.9,2021-07-12,23.1,2021-06-15,2021-09-24
6143X,COÍN,MALAGA,230.0,2022,364,77,65,2,34,39,5.4,2022-01-02,27.2,2022-07-26,22.8,2022-06-08,2022-09-19
6143X,COÍN,MALAGA,230.0,2023,359,79,72,7,46,69,2.2,2023-01-29,27.5,2023-07-20,23.5,2023-06-18,2023-09-15
6143X,COÍN,MALAGA,230.0,2024,366,68,60,3,43,55,4.4,2024-01-07,26.6,2024-08-01,23.5,2024-06-06,2024-10-03
6143X,COÍN,MALAGA,230.0,2025,362,91,77,2,45,40,3.3,2025-01-15,27.7,2025-08-18,22.9,2025-05-30,2025-10-06
6155A,MÁLAGA AEROPUERTO,MALAGA,7.0,2017,365,86,73,1,32,29,2.5,2017-12-04,26.2,2017-07-20,22.9,2017-05-28,2017-09-28
6155A,MÁLAGA AEROPUERTO,MALAGA,7.0,2018,365,89,65,3,42,40,1.4,2018-02-05,26.4,2018-07-29,23.2,2018-06-13,2018-10-08
6155A,MÁLAGA AEROPUERTO,MALAGA,7.0,2019,365,92,68,1,45,55,1.9,2019-01-13,25.3,2019-07-15,22.9,2019-05-10,2019-11-01
6155A,MÁLAGA AEROPUERTO,MALAGA,7.0,2020,366,80,69,5,46,41,3.3,2020-12-27,25.8,2020-08-03,23.5,2020-06-04,2020-09-25
6155A,MÁLAGA AEROPUERTO,MALAGA,7.0,2021,365,82,63,8,43,32,1.6,2021-01-13,27.5,2021-08-07,23.5,2021-05-16,2021-09-26
6155A,MÁLAGA AEROPUERTO,MALAGA,7.0,2022,365,102,77,6,51,50,4.4,2022-01-08,26.3,2022-08-14,23.9,2022-05-22,2022-10-19
6155A,MÁLAGA AEROPUERTO,MALAGA,7.0,2023,364,98,78,18,69,34,1.1,2023-01-29,31.6,2023-07-20,25.0,2023-03-31,2023-10-18
6155A,MÁLAGA AEROPUERTO,MALAGA,7.0,2024,364,94,67,16,55,46,3.3,2024-12-11,30.2,2024-08-02,24.7,2024-06-06,2024-10-14
6155A,MÁLAGA AEROPUERTO,MALAGA,7.0,2025,365,106,82,4,61,44,3.6,2025-01-15,27.1,2025-07-20,23.6,2025-06-08,2025-10-26
6156X,"MÁLAGA, CENTRO METEOROLÓGICO",MALAGA,54.0,2017,352,93,76,1,44,55,3.1,2017-01-18,25.2,2017-07-20,23.4,2017-06-04,2017-09-29
6156X,"MÁLAGA, CENTRO METEOROLÓGICO",MALAGA,54.0,2018,362,86,62,1,50,47,3.4,2018-02-09,25.1,2018-08-11,23.3,2018-06-13,2018-10-08
6156X,"MÁLAGA, CENTRO METEOROLÓGICO",MALAGA,54.0,2019,361,92,68,4,49,77,3.8,2019-01-06,26.8,2019-07-15,23.6,2019-05-11,2019-11-01
6156X,"MÁLAGA, CENTRO METEOROLÓGICO",MALAGA,54.0,2020,364,85,70,6,48,66,4.7,2020-12-27,26.9,2020-08-03,23.5,2020-06-04,2020-09-25
6156X,"MÁLAGA, CENTRO METEOROLÓGICO",MALAGA,54.0,2021,355,78,63,6,46,32,2.7,2021-01-13,26.7,2021-08-07,23.8,2021-06-14,2021-09-24
6156X,"MÁLAGA, CENTRO METEOROLÓGICO",MALAGA,54.0,2022,334,89,67,2,40,40,5.4,2022-01-03,26.1,2022-07-31,23.5,2022-05-23,2022-09-22
6156X,"MÁLAGA, CENTRO METEOROLÓGICO",MALAGA,54.0,2023,350,99,80,18,65,73,1.7,2023-03-03,30.6,2023-07-20,25.0,2023-06-06,2023-10-16
6156X,"MÁLAGA, CENTRO METEOROLÓGICO",MALAGA,54.0,2024,366,98,72,16,55,57,5.2,2024-12-11,27.7,2024-07-21,24.8,2024-06-06,2024-10-06
6156X,"MÁLAGA, CENTRO METEOROLÓGICO",MALAGA,54.0,2025,363,107,85,4,68,87,4.1,2025-01-15,25.9,2025-08-18,23.7,2025-06-08,2025-10-26
6172X,MÁLAGA,MALAGA,25.0,2017,365,116,88,1,68,76,3.9,2017-01-18,26.8,2017-06-25,23.9,2017-05-28,2017-10-14
6172X,MÁLAGA,MALAGA,25.0,2018,349,107,71,3,59,73,5.4,2018-02-05,26.6,2018-07-29,23.9,2018-06-13,2018-10-11
6172X,MÁLAGA,MALAGA,25.0,2019,362,106,71,2,65,78,7.1,2019-01-13,25.2,2019-07-14,23.4,2019-05-10,2019-11-01
6172X,MÁLAGA,MALAGA,25.0,2020,366,102,78,7,70,59,7.3,2020-12-27,25.9,2020-08-01,24.3,2020-05-23,2020-09-25
6172X,MÁLAGA,MALAGA,25.0,2021,364,103,73,10,51,42,5.5,2021-01-13,28.3,2021-08-07,23.9,2021-06-08,2021-10-10
6172X,MÁLAGA,MALAGA,25.0,2022,362,116,79,14,72,51,8.5,2022-01-07,28.3,2022-08-14,24.7,2022-05-19,2022-10-31
6172X,MÁLAGA,MALAGA,25.0,2023,365,123,82,20,80,87,6.0,2023-01-29,28.8,2023-08-01,25.2,2023-03-31,2023-10-18
6172X,MÁLAGA,MALAGA,25.0,2024,366,109,77,22,65,62,7.8,2024-01-07,26.8,2024-08-26,25.3,2024-05-06,2024-10-10
6172X,MÁLAGA,MALAGA,25.0,2025,363,136,89,15,86,87,7.4,2025-01-15,27.8,2025-08-17,24.8,2025-05-27,2025-10-26
6175X,RINCÓN DE LA VICTORIA,MALAGA,7.0,2017,365,105,78,2,58,48,5.5,2017-01-18,25.7,2017-08-07,23.7,2017-05-28,2017-10-17
6175X,RINCÓN DE LA VICTORIA,MALAGA,7.0,2018,365,101,68,3,50,51,5.5,2018-01-09,25.2,2018-08-11,23.7,2018-06-18,2018-10-11
6175X,RINCÓN DE LA VICTORIA,MALAGA,7.0,2019,364,97,70,1,52,55,7.7,2019-02-05,25.5,2019-08-21,23.2,2019-06-05,2019-11-01
6175X,RINCÓN DE LA VICTORIA,MALAGA,7.0,2020,342,80,69,7,52,58,5.6,2020-12-31,26.0,2020-07-30,24.1,2020-06-23,2020-09-13
6175X,RINCÓN DE LA VICTORIA,MALAGA,7.0,2021,365,95,66,4,42,42,5.7,2021-01-12,25.9,2021-08-22,23.5,2021-06-12,2021-10-31
6175X,RINCÓN DE LA VICTORIA,MALAGA,7.0,2022,322,95,72,9,57,51,8.2,2022-01-07,27.0,2022-08-13,24.6,2022-05-22,2022-10-19
6175X,RINCÓN DE LA VICTORIA,MALAGA,7.0,2023,365,115,78,9,68,38,6.6,2023-01-26,27.2,2023-08-03,24.4,2023-05-10,2023-10-18
6175X,RINCÓN DE LA VICTORIA,MALAGA,7.0,2024,366,94,67,19,61,62,7.1,2024-01-07,27.0,2024-08-26,25.1,2024-06-01,2024-10-06
6199X,VÉLEZ-MÁLAGA,MALAGA,41.0,2023,364,95,76,6,55,33,3.9,2023-01-29,28.7,2023-08-03,23.9,2023-03-31,2023-09-30
6199X,VÉLEZ-MÁLAGA,MALAGA,41.0,2024,364,86,65,9,56,50,5.0,2024-01-08,26.7,2024-08-26,24.2,2024-06-06,2024-10-10
6199X,VÉLEZ-MÁLAGA,MALAGA,41.0,2025,342,107,81,4,70,29,4.5,2025-01-16,27.2,2025-07-20,24.0,2025-05-30,2025-10-23
6201X,ALGARROBO,MALAGA,35.0,2017,365,59,53,0,17,19,3.7,2017-01-21,24.3,2017-08-07,22.0,2017-06-16,2017-09-28
6201X,ALGARROBO,MALAGA,35.0,2018,361,50,33,0,13,20,3.1,2018-02-05,23.0,2018-08-20,21.6,2018-07-09,2018-09-29
6201X,ALGARROBO,MALAGA,35.0,2019,329,49,38,0,8,8,4.4,2019-01-22,24.1,2019-08-21,21.7,2019-06-27,2019-09-21
6201X,ALGARROBO,MALAGA,35.0,2020,364,49,43,2,15,32,3.9,2020-12-30,25.5,2020-07-30,21.6,2020-06-27,2020-09-24
6201X,ALGARROBO,MALAGA,35.0,2021,363,42,33,0,18,18,2.0,2021-01-03,24.9,2021-08-24,21.8,2021-07-07,2021-09-24
6201X,ALGARROBO,MALAGA,35.0,2022,356,61,56,0,29,17,5.8,2022-01-08,24.5,2022-07-31,22.6,2022-06-09,2022-09-19
6201X,ALGARROBO,MALAGA,35.0,2023,362,76,61,1,35,26,3.9,2023-01-26,26.2,2023-08-03,23.0,2023-06-06,2023-10-18
6201X,ALGARROBO,MALAGA,35.0,2024,360,63,55,2,36,50,5.2,2024-01-08,25.7,2024-08-26,23.6,2024-06-06,2024-10-03
6201X,ALGARROBO,MALAGA,35.0,2025,359,83,69,0,31,28,4.8,2025-01-16,23.9,2025-07-20,22.7,2025-06-08,2025-10-22
6205X,TORROX,MALAGA,3.0,2019,324,57,40,0,10,11,6.8,2019-01-22,24.2,2019-08-21,21.6,2019-06-27,2019-10-11
6205X,TORROX,MALAGA,3.0,2021,344,55,40,2,22,24,4.8,2021-01-04,25.2,2021-08-22,22.4,2021-06-15,2021-09-24
6205X,TORROX,MALAGA,3.0,2022,320,63,55,3,35,20,7.6,2022-01-03,25.6,2022-08-14,23.5,2022-06-14,2022-09-21
6205X,TORROX,MALAGA,3.0,2025,301,70,55,0,33,21,6.7,2025-01-16,24.5,2025-07-02,23.4,2025-05-30,2025-10-22
6213X,NERJA,MALAGA,169.0,2017,365,80,66,1,45,36,5.0,2017-01-18,26.3,2017-08-05,22.7,2017-06-13,2017-10-13
6213X,NERJA,MALAGA,169.0,2018,365,74,52,2,32,39,5.0,2018-02-05,25.5,2018-08-06,22.5,2018-06-17,2018-09-28
6213X,NERJA,MALAGA,169.0,2019,364,76,57,0,31,42,6.4,2019-02-03,23.8,2019-08-09,22.5,2019-06-27,2019-11-01
6213X,NERJA,MALAGA,169.0,2020,366,84,69,0,36,61,6.7,2020-12-27,24.9,2020-08-01,23.1,2020-06-17,2020-09-25
6213X,NERJA,MALAGA,169.0,2021,364,70,51,0,27,28,4.5,2021-01-10,24.9,2021-08-22,22.6,2021-06-15,2021-09-25
6213X,NERJA,MALAGA,169.0,2022,365,94,70,1,55,45,7.6,2022-01-04,26.1,2022-08-13,23.8,2022-05-24,2022-10-26
6213X,NERJA,MALAGA,169.0,2023,352,79,63,4,50,35,4.7,2023-01-24,28.1,2023-08-03,23.6,2023-06-11,2023-10-17
6213X,NERJA,MALAGA,169.0,2024,366,86,65,2,49,61,8.8,2024-01-08,25.8,2024-08-10,23.9,2024-06-06,2024-10-06
6213X,NERJA,MALAGA,169.0,2025,365,114,83,6,74,45,7.1,2025-01-16,27.7,2025-08-17,23.9,2025-05-30,2025-10-24
6248D,"CAÑAR, PARQUE NACIONAL SIERRA NEVADA",GRANADA,1732.0,2024,362,1,1,0,1,1,-5.1,2024-12-10,24.2,2024-08-01,16.5,2024-08-01,2024-08-01
6248D,"CAÑAR, PARQUE NACIONAL SIERRA NEVADA",GRANADA,1732.0,2025,344,0,0,0,0,0,-7.0,2025-01-14,19.2,2025-08-17,16.1,,
6258X,LANJARÓN,GRANADA,708.0,2017,364,1,1,0,0,1,-3.3,2017-01-18,21.2,2017-07-13,18.3,2017-07-13,2017-07-13
6258X,LANJARÓN,GRANADA,708.0,2018,365,0,0,0,0,0,-2.2,2018-02-06,18.9,2018-07-20,16.8,,
6258X,LANJARÓN,GRANADA,708.0,2019,334,0,0,0,0,0,-1.3,2019-02-04,19.1,2019-07-21,17.8,,
6258X,LANJARÓN,GRANADA,708.0,2020,366,3,3,0,1,2,-1.4,2020-12-27,22.3,2020-08-01,17.8,2020-07-21,2020-08-02
6258X,LANJARÓN,GRANADA,708.0,2021,364,10,10,0,1,5,-2.7,2021-01-03,22.1,2021-07-12,17.9,2021-07-12,2021-08-24
6258X,LANJARÓN,GRANADA,708.0,2022,361,3,3,0,0,1,0.3,2022-01-15,20.7,2022-08-13,18.0,2022-07-25,2022-08-13
6258X,LANJARÓN,GRANADA,708.0,2023,362,6,6,0,0,2,-1.7,2023-01-23,21.7,2023-07-24,18.5,2023-07-12,2023-08-26
6258X,LANJARÓN,GRANADA,708.0,2024,366,4,4,0,0,2,-0.5,2024-01-07,21.3,2024-08-01,18.3,2024-07-29,2024-08-26
6258X,LANJARÓN,GRANADA,708.0,2025,365,2,2,0,0,2,-1.1,2025-01-15,20.9,2025-08-19,18.4,2025-08-18,2025-08-19
6267X,SALOBREÑA,GRANADA,20.0,2017,365,40,36,0,8,5,4.3,2017-01-21,24.7,2017-08-07,21.0,2017-06-16,2017-09-07
6267X,SALOBREÑA,GRANADA,20.0,2019,352,31,21,0,3,5,3.4,2019-01-05,23.6,2019-07-27,20.7,2019-06-27,2019-11-01
6267X,SALOBREÑA,GRANADA,20.0,2022,365,30,27,0,5,6,3.1,2022-01-09,23.5,2022-08-13,20.6,2022-06-09,2022-09-13
6267X,SALOBREÑA,GRANADA,20.0,2023,365,43,35,0,17,9,2.2,2023-01-23,23.9,2023-07-11,21.8,2023-04-01,2023-09-15
6267X,SALOBREÑA,GRANADA,20.0,2024,362,43,38,2,24,27,2.0,2024-01-08,26.7,2024-08-26,22.3,2024-07-18,2024-10-03
6267X,SALOBREÑA,GRANADA,20.0,2025,359,64,55,0,8,13,1.8,2025-01-16,23.8,2025-07-25,21.6,2025-06-09,2025-10-22
6268Y,"MOTRIL, PUERTO",GRANADA,3.0,2017,309,74,63,0,35,19,5.6,2017-01-18,25.0,2017-08-07,23.2,2017-06-14,2017-09-28
6268Y,"MOTRIL, PUERTO",GRANADA,3.0,2021,363,67,49,3,31,26,4.5,2021-01-13,25.4,2021-08-20,22.7,2021-06-14,2021-10-01
6268Y,"MOTRIL, PUERTO",GRANADA,3.0,2022,363,72,61,4,39,31,6.3,2022-01-09,25.9,2022-07-31,23.3,2022-06-09,2022-11-04
6268Y,"MOTRIL, PUERTO",GRANADA,3.0,2023,315,88,67,3,53,33,4.4,2023-01-23,25.4,2023-07-11,23.9,2023-06-24,2023-09-30
6268Y,"MOTRIL, PUERTO",GRANADA,3.0,2024,366,79,60,10,47,56,5.7,2024-01-08,26.7,2024-08-26,24.1,2024-06-06,2024-10-14
6268Y,"MOTRIL, PUERTO",GRANADA,3.0,2025,364,99,77,1,59,30,5.6,2025-01-16,25.5,2025-07-10,23.7,2025-06-08,2025-10-23
6272X,CASTELL DE FERRO,GRANADA,235.0,2017,365,78,65,2,39,30,4.3,2017-01-18,26.0,2017-08-05,22.8,2017-06-13,2017-09-28
6272X,CASTELL DE FERRO,GRANADA,235.0,2018,365,81,57,1,30,40,5.8,2018-02-05,25.2,2018-08-06,22.6,2018-06-22,2018-09-27
6272X,CASTELL DE FERRO,GRANADA,235.0,2020,334,83,67,2,40,60,5.9,2020-12-27,27.2,2020-07-02,23.0,2020-05-20,2020-09-25
6272X,CASTELL DE FERRO,GRANADA,235.0,2021,365,75,57,1,35,44,4.4,2021-01-10,25.7,2021-07-04,23.1,2021-06-09,2021-09-24
6272X,CASTELL DE FERRO,GRANADA,235.0,2022,365,102,74,9,63,47,6.7,2022-01-04,26.3,2022-08-13,24.4,2022-05-19,2022-10-26
6272X,CASTELL DE FERRO,GRANADA,235.0,2023,365,97,77,6,71,72,5.7,2023-01-24,26.8,2023-08-26,23.8,2023-06-10,2023-10-07
6272X,CASTELL DE FERRO,GRANADA,235.0,2024,366,85,64,2,52,62,8.4,2024-03-09,25.7,2024-08-06,24.0,2024-03-22,2024-10-03
6272X,CASTELL DE FERRO,GRANADA,235.0,2025,364,113,86,5,67,51,7.1,2025-01-15,27.5,2025-08-17,24.2,2025-05-30,2025-10-24
6277B,ADRA,ALMERIA,8.0,2017,304,66,41,0,35,20,7.3,2017-01-18,24.9,2017-08-27,23.4,2017-06-01,2017-10-14
6277B,ADRA,ALMERIA,8.0,2019,324,83,60,0,47,32,8.3,2019-02-08,24.8,2019-08-21,23.2,2019-06-26,2019-10-14
6277B,ADRA,ALMERIA,8.0,2020,354,89,65,8,50,61,7.9,2020-12-27,26.2,2020-08-11,24.1,2020-05-23,2020-09-25
6277B,ADRA,ALMERIA,8.0,2021,302,94,67,8,53,49,6.8,2021-01-10,26.1,2021-08-23,24.4,2021-05-31,2021-09-26
6281X,VÁLOR,GRANADA,1020.0,2017,365,44,43,3,20,12,-2.0,2017-01-18,29.9,2017-07-13,22.2,2017-06-14,2017-09-05
6281X,VÁLOR,GRANADA,1020.0,2018,365,38,34,1,7,15,-1.6,2018-02-05,25.4,2018-08-03,21.1,2018-06-23,2018-09-22
6281X,VÁLOR,GRANADA,1020.0,2019,352,33,31,0,17,8,-0.9,2019-01-12,24.6,2019-07-24,21.9,2019-06-28,2019-09-30
6281X,VÁLOR,GRANADA,1020.0,2020,366,40,40,3,21,11,-0.7,2020-12-27,28.1,2020-08-01,22.2,2020-06-22,2020-08-28
6281X,VÁLOR,GRANADA,1020.0,2021,364,32,30,7,18,6,-1.1,2021-01-03,28.0,2021-08-13,22.0,2021-07-02,2021-09-07
6281X,VÁLOR,GRANADA,1020.0,2022,341,62,51,3,23,22,-0.3,2022-01-19,27.2,2022-07-25,22.7,2022-05-20,2022-10-26
6281X,VÁLOR,GRANADA,1020.0,2023,327,51,48,10,37,12,-0.3,2023-02-28,28.9,2023-07-11,23.9,2023-04-28,2023-10-07
6281X,VÁLOR,GRANADA,1020.0,2024,366,40,39,4,24,16,1.9,2024-01-22,28.4,2024-08-01,22.6,2024-07-04,2024-09-01
6281X,VÁLOR,GRANADA,1020.0,2025,365,68,59,3,28,17,-0.3,2025-01-14,27.9,2025-08-18,22.6,2025-05-29,2025-09-19
6291B,EL EJIDO,ALMERIA,98.0,2017,365,90,76,1,59,38,5.9,2017-01-18,25.9,2017-08-07,23.6,2017-05-25,2017-09-28
6291B,EL EJIDO,ALMERIA,98.0,2018,365,88,62,2,50,37,5.5,2018-02-06,25.8,2018-08-07,23.4,2018-06-17,2018-10-08
6291B,EL EJIDO,ALMERIA,98.0,2019,364,82,63,0,53,58,5.8,2019-01-13,25.0,2019-08-21,23.0,2019-06-26,2019-09-26
6291B,EL EJIDO,ALMERIA,98.0,2020,349,92,68,11,54,61,5.1,2020-12-27,26.3,2020-09-13,24.1,2020-05-04,2020-09-25
6291B,EL EJIDO,ALMERIA,98.0,2021,335,92,68,6,47,46,5.0,2021-01-03,25.4,2021-08-24,23.9,2021-06-09,2021-10-11
6291B,EL EJIDO,ALMERIA,98.0,2022,365,90,69,14,68,45,7.1,2022-01-18,26.9,2022-08-04,24.8,2022-05-19,2022-10-20
6291B,EL EJIDO,ALMERIA,98.0,2023,365,99,77,13,80,78,5.9,2023-01-23,26.6,2023-07-14,24.9,2023-06-16,2023-10-18
6291B,EL EJIDO,ALMERIA,98.0,2024,366,97,73,17,60,71,7.7,2024-01-08,26.8,2024-08-11,25.0,2024-03-22,2024-10-14
6291B,EL EJIDO,ALMERIA,98.0,2025,365,109,84,18,76,45,6.8,2025-01-16,25.9,2025-07-03,25.0,2025-05-30,2025-10-14
6293X,ROQUETAS DE MAR,ALMERIA,3.0,2019,353,63,46,1,23,11,2.5,2019-02-04,25.4,2019-08-21,22.5,2019-06-26,2019-09-22
6293X,ROQUETAS DE MAR,ALMERIA,3.0,2020,335,58,44,3,26,15,0.8,2020-12-27,25.8,2020-08-04,22.8,2020-05-28,2020-11-06
6293X,ROQUETAS DE MAR,ALMERIA,3.0,2023,347,65,47,5,32,28,2.0,2023-01-23,25.7,2023-07-14,23.4,2023-06-18,2023-10-18
6293X,ROQUETAS DE MAR,ALMERIA,3.0,2024,310,56,42,3,28,26,4.5,2024-03-02,25.7,2024-08-12,23.3,2024-03-23,2024-09-26
6293X,ROQUETAS DE MAR,ALMERIA,3.0,2025,362,88,70,4,35,28,2.7,2025-01-15,26.2,2025-07-09,23.5,2025-06-09,2025-10-17
6299I,"LAGUNA SECA, PARQUE NACIONAL SIERRA NEVADA",GRANADA,2300.0,2025,311,0,0,0,0,0,-10.3,2025-12-22,16.9,2025-08-18,14.6,,
6302A,ABLA,ALMERIA,869.0,2017,364,37,37,0,12,12,-3.8,2017-01-18,24.8,2017-07-13,21.6,2017-06-15,2017-08-27
6302A,ABLA,ALMERIA,869.0,2018,361,21,21,0,1,5,-0.4,2018-02-09,22.8,2018-07-20,20.2,2018-07-10,2018-08-29
6302A,ABLA,ALMERIA,869.0,2019,322,27,26,0,11,8,-1.7,2019-01-11,23.5,2019-07-13,21.3,2019-07-02,2019-09-02
6302A,ABLA,ALMERIA,869.0,2020,353,42,41,1,11,22,-1.0,2020-12-27,27.1,2020-08-01,21.4,2020-06-24,2020-09-17
6302A,ABLA,ALMERIA,869.0,2021,351,32,32,1,14,8,-1.0,2021-01-03,26.1,2021-08-15,21.4,2021-07-02,2021-08-28
6302A,ABLA,ALMERIA,869.0,2022,300,20,18,2,8,5,-1.1,2022-01-19,25.8,2022-07-25,20.8,2022-07-05,2022-09-12
6302A,ABLA,ALMERIA,869.0,2023,340,34,34,3,14,7,-3.4,2023-01-24,26.3,2023-08-10,21.8,2023-06-29,2023-08-26
6302A,ABLA,ALMERIA,869.0,2024,357,36,36,1,10,12,0.5,2024-12-12,27.2,2024-08-01,21.5,2024-07-05,2024-08-29
6302A,ABLA,ALMERIA,869.0,2025,360,38,38,1,6,7,-0.7,2025-01-14,25.2,2025-08-17,20.9,2025-06-08,2025-08-27
6307C,"LAÚJAR, PARQUE NACIONAL SIERRA NEVADA",ALMERIA,1713.0,2024,366,12,12,0,3,5,-3.2,2024-02-28,24.5,2024-08-01,19.7,2024-07-11,2024-08-19
6307C,"LAÚJAR, PARQUE NACIONAL SIERRA NEVADA",ALMERIA,1713.0,2025,364,14,14,0,2,4,-4.2,2025-12-22,23.4,2025-08-17,19.5,2025-06-08,2025-08-18
6307X,LÁUJAR DE ANDARAX,ALMERIA,1510.0,2017,319,21,21,1,8,5,-5.7,2017-01-18,25.8,2017-07-13,20.5,2017-06-15,2017-08-26
6307X,LÁUJAR DE ANDARAX,ALMERIA,1510.0,2018,319,6,6,0,0,2,-5.6,2018-02-05,20.9,2018-08-03,19.0,2018-07-10,2018-08-27
6307X,LÁUJAR DE ANDARAX,ALMERIA,1510.0,2019,339,10,10,0,0,5,-3.5,2019-01-11,21.8,2019-08-10,19.2,2019-06-29,2019-08-17
6307X,LÁUJAR DE ANDARAX,ALMERIA,1510.0,2020,366,20,20,1,9,9,-2.5,2020-01-20,25.2,2020-08-01,20.1,2020-06-30,2020-08-27
6307X,LÁUJAR DE ANDARAX,ALMERIA,1510.0,2021,363,16,15,5,6,5,-4.6,2021-01-10,26.7,2021-08-15,19.6,2021-07-03,2021-09-07
6307X,LÁUJAR DE ANDARAX,ALMERIA,1510.0,2022,307,21,21,0,4,5,-2.9,2022-04-04,24.7,2022-07-25,20.9,2022-06-13,2022-08-22
6307X,LÁUJAR DE ANDARAX,ALMERIA,1510.0,2023,344,38,38,3,15,9,-5.0,2023-01-24,26.6,2023-08-10,22.0,2023-06-26,2023-08-26
6307X,LÁUJAR DE ANDARAX,ALMERIA,1510.0,2024,365,25,25,0,9,8,-1.2,2024-02-28,25.0,2024-08-01,20.6,2024-07-10,2024-08-20
6307X,LÁUJAR DE ANDARAX,ALMERIA,1510.0,2025,353,29,29,0,7,11,-3.1,2025-01-14,24.3,2025-08-18,20.6,2025-06-08,2025-08-19
6312E,"RÁGOL, PARQUE NACIONAL SIERRA NEVADA",ALMERIA,601.0,2024,356,58,55,4,34,31,3.3,2024-01-08,27.4,2024-08-02,23.1,2024-06-06,2024-10-03
6312E,"RÁGOL, PARQUE NACIONAL SIERRA NEVADA",ALMERIA,601.0,2025,364,88,72,5,37,24,2.9,2025-01-14,27.6,2025-08-18,23.1,2025-05-29,2025-10-04
6325O,ALMERÍA AEROPUERTO,ALMERIA,21.0,2017,365,94,78,8,64,51,5.2,2017-12-04,26.6,2017-08-07,24.5,2017-05-25,2017-10-04
6325O,ALMERÍA AEROPUERTO,ALMERIA,21.0,2018,364,94,67,7,55,51,4.8,2018-01-07,26.2,2018-08-11,23.8,2018-06-17,2018-10-01
6325O,ALMERÍA AEROPUERTO,ALMERIA,21.0,2019,365,90,66,5,60,58,4.8,2019-01-06,26.3,2019-07-24,23.7,2019-06-22,2019-10-14
6325O,ALMERÍA AEROPUERTO,ALMERIA,21.0,2020,365,88,67,13,53,42,4.1,2020-12-26,27.2,2020-07-12,24.6,2020-05-23,2020-09-25
6325O,ALMERÍA AEROPUERTO,ALMERIA,21.0,2021,365,102,72,10,59,65,3.8,2021-01-04,27.1,2021-08-17,24.3,2021-05-31,2021-10-09
6325O,ALMERÍA AEROPUERTO,ALMERIA,21.0,2022,365,99,72,16,66,46,6.1,2022-01-18,27.3,2022-08-10,25.0,2022-05-19,2022-10-20
6325O,ALMERÍA AEROPUERTO,ALMERIA,21.0,2023,365,104,80,20,79,75,4.8,2023-01-23,26.9,2023-07-18,25.3,2023-06-07,2023-10-18
6325O,ALMERÍA AEROPUERTO,ALMERIA,21.0,2024,366,104,76,26,67,75,6.9,2024-02-02,27.2,2024-08-11,25.3,2024-03-22,2024-10-14
6325O,ALMERÍA AEROPUERTO,ALMERIA,21.0,2025,364,112,84,24,83,42,5.7,2025-01-16,27.2,2025-07-04,25.4,2025-05-30,2025-10-12
6329X,CABO DE GATA,ALMERIA,42.0,2017,365,135,84,15,84,58,4.8,2017-01-18,27.0,2017-08-07,24.9,2017-05-16,2017-10-26
6329X,CABO DE GATA,ALMERIA,42.0,2018,365,112,70,15,83,78,7.8,2018-01-28,27.4,2018-08-06,24.8,2018-06-17,2018-10-23
6329X,CABO DE GATA,ALMERIA,42.0,2019,361,106,70,8,79,63,9.4,2019-01-12,28.0,2019-06-28,24.4,2019-06-22,2019-10-14
6329X,CABO DE GATA,ALMERIA,42.0,2020,366,111,72,24,86,98,7.7,2020-01-20,26.6,2020-07-27,25.5,2020-05-04,2020-11-06
6329X,CABO DE GATA,ALMERIA,42.0,2021,365,124,82,16,79,103,7.9,2021-01-07,26.2,2021-08-23,24.9,2021-06-03,2021-10-19
6329X,CABO DE GATA,ALMERIA,42.0,2022,308,103,72,40,84,62,9.7,2022-01-03,29.4,2022-08-10,26.3,2022-05-18,2022-10-02
6329X,CABO DE GATA,ALMERIA,42.0,2023,359,133,86,40,105,80,6.2,2023-01-24,28.8,2023-08-23,26.1,2023-06-06,2023-10-18
6329X,CABO DE GATA,ALMERIA,42.0,2024,356,127,83,38,88,53,8.5,2024-10-13,27.8,2024-07-29,25.9,2024-03-23,2024-10-23
6329X,CABO DE GATA,ALMERIA,42.0,2025,350,134,74,41,95,60,9.4,2025-01-14,28.5,2025-06-23,26.2,2025-05-18,2025-11-13
6332Y,CARBONERAS,ALMERIA,222.0,2022,307,104,72,19,67,75,6.7,2022-04-04,26.5,2022-06-17,25.4,2022-06-10,2022-10-27
6332Y,CARBONERAS,ALMERIA,222.0,2023,365,112,76,11,81,72,3.8,2023-01-24,26.3,2023-08-23,24.6,2023-06-16,2023-10-18
6332Y,CARBONERAS,ALMERIA,222.0,2024,339,75,58,4,49,50,8.4,2024-01-08,26.5,2024-07-30,24.0,2024-06-06,2024-10-04
6332Y,CARBONERAS,ALMERIA,222.0,2025,302,93,73,8,60,71,8.0,2025-12-22,25.8,2025-07-02,24.8,2025-05-30,2025-10-24
6335O,"NACIMIENTO, PARQUE NACIONAL SIERRA NEVADA",ALMERIA,970.0,2024,366,32,32,3,14,13,1.1,2024-12-12,27.9,2024-08-01,21.3,2024-06-15,2024-08-25
6335O,"NACIMIENTO, PARQUE NACIONAL SIERRA NEVADA",ALMERIA,970.0,2025,364,37,37,1,11,9,0.1,2025-01-14,26.6,2025-08-18,21.3,2025-06-14,2025-08-27
6340X,GARRUCHA,ALMERIA,28.0,2017,364,92,75,6,56,41,2.5,2017-01-18,26.9,2017-08-07,24.0,2017-06-09,2017-10-02
6340X,GARRUCHA,ALMERIA,28.0,2018,364,94,67,3,61,52,3.8,2018-01-08,25.8,2018-08-11,23.7,2018-06-23,2018-10-02
6340X,GARRUCHA,ALMERIA,28.0,2019,365,92,69,3,64,78,2.8,2019-01-12,25.6,2019-08-13,23.7,2019-06-21,2019-11-02
6340X,GARRUCHA,ALMERIA,28.0,2020,366,87,71,6,50,63,2.8,2020-12-27,26.2,2020-08-11,23.7,2020-06-04,2020-09-25
6340X,GARRUCHA,ALMERIA,28.0,2021,363,103,75,9,60,77,4.8,2021-01-12,26.4,2021-08-23,24.1,2021-06-04,2021-11-01
6340X,GARRUCHA,ALMERIA,28.0,2022,364,101,76,9,72,81,4.1,2022-01-18,26.4,2022-07-30,24.2,2022-05-20,2022-10-20
6340X,GARRUCHA,ALMERIA,28.0,2023,365,102,82,18,82,80,3.6,2023-01-25,26.8,2023-07-14,25.0,2023-06-10,2023-10-04
6340X,GARRUCHA,ALMERIA,28.0,2024,364,108,79,20,69,83,5.5,2024-01-08,27.7,2024-07-30,25.1,2024-06-06,2024-10-16
6340X,GARRUCHA,ALMERIA,28.0,2025,362,83,72,2,32,22,3.9,2025-01-15,26.3,2025-08-25,22.8,2025-06-09,2025-10-06
6364X,ALBOX,ALMERIA,508.0,2017,363,50,47,0,16,14,-2.7,2017-01-18,24.6,2017-08-05,21.7,2017-06-14,2017-09-12
6364X,ALBOX,ALMERIA,508.0,2018,365,42,36,0,11,14,0.3,2018-02-09,24.4,2018-07-11,21.5,2018-07-05,2018-09-26
6364X,ALBOX,ALMERIA,508.0,2019,364,43,39,1,14,13,-0.5,2019-01-11,25.4,2019-07-15,21.6,2019-06-27,2019-09-05
6364X,ALBOX,ALMERIA,508.0,2020,328,41,40,0,10,13,-0.4,2020-12-27,24.9,2020-08-02,21.6,2020-06-16,2020-09-17
6364X,ALBOX,ALMERIA,508.0,2021,362,41,33,3,22,14,0.4,2021-01-12,26.2,2021-08-07,22.6,2021-06-16,2021-10-31
6364X,ALBOX,ALMERIA,508.0,2022,365,56,48,1,16,16,1.0,2022-01-18,25.9,2022-08-13,21.9,2022-06-09,2022-09-14
6364X,ALBOX,ALMERIA,508.0,2023,364,64,60,3,23,32,-0.4,2023-01-24,26.1,2023-07-19,22.3,2023-06-19,2023-09-17
6364X,ALBOX,ALMERIA,508.0,2024,365,60,52,2,26,18,2.5,2024-01-08,26.2,2024-08-01,22.5,2024-06-07,2024-09-09
6364X,ALBOX,ALMERIA,508.0,2025,358,75,67,2,26,28,1.4,2025-01-15,27.1,2025-08-18,22.6,2025-06-08,2025-10-04
6367B,HUÉRCAL-OVERA,ALMERIA,300.0,2017,364,51,50,0,12,16,-1.7,2017-01-18,24.0,2017-08-02,21.2,2017-06-16,2017-09-02
6367B,HUÉRCAL-OVERA,ALMERIA,300.0,2018,356,50,44,0,7,22,-0.5,2018-02-09,23.6,2018-08-15,21.5,2018-06-29,2018-09-26
6367B,HUÉRCAL-OVERA,ALMERIA,300.0,2019,360,47,43,0,14,13,-1.9,2019-01-12,24.1,2019-08-10,21.6,2019-06-28,2019-09-05
6367B,HUÉRCAL-OVERA,ALMERIA,300.0,2020,360,41,39,0,14,17,-2.5,2020-12-27,24.1,2020-08-02,21.4,2020-06-07,2020-09-24
6367B,HUÉRCAL-OVERA,ALMERIA,300.0,2021,346,48,41,0,16,14,-0.1,2021-01-12,24.3,2021-08-11,22.0,2021-06-16,2021-09-24
6367B,HUÉRCAL-OVERA,ALMERIA,300.0,2022,362,56,49,0,15,16,-0.1,2022-01-19,25.0,2022-08-13,21.8,2022-06-09,2022-09-18
6367B,HUÉRCAL-OVERA,ALMERIA,300.0,2023,360,57,52,0,16,20,-1.4,2023-01-29,24.5,2023-08-03,21.8,2023-06-18,2023-09-15
6367B,HUÉRCAL-OVERA,ALMERIA,300.0,2024,362,57,48,1,19,17,0.4,2024-01-08,26.2,2024-07-30,22.1,2024-06-07,2024-10-06
6367B,HUÉRCAL-OVERA,ALMERIA,300.0,2025,356,63,58,0,16,13,-1.5,2025-01-15,24.6,2025-08-19,21.9,2025-06-11,2025-09-11
6375X,FUENTE DE PIEDRA,MALAGA,420.0,2017,365,23,22,0,6,4,-3.2,2017-01-16,23.4,2017-07-18,20.5,2017-06-16,2017-09-02
6375X,FUENTE DE PIEDRA,MALAGA,420.0,2018,365,20,15,0,6,8,-3.9,2018-02-09,23.6,2018-08-03,20.5,2018-07-18,2018-09-26
6375X,FUENTE DE PIEDRA,MALAGA,420.0,2019,334,14,10,0,1,4,-2.7,2019-01-14,22.5,2019-08-21,19.7,2019-07-20,2019-09-07
6375X,FUENTE DE PIEDRA,MALAGA,420.0,2020,364,30,26,1,9,5,-3.3,2020-12-31,25.1,2020-08-01,21.2,2020-06-23,2020-09-17
6375X,FUENTE DE PIEDRA,MALAGA,420.0,2021,365,26,22,1,8,8,-4.5,2021-01-03,26.5,2021-08-14,20.9,2021-07-09,2021-09-13
6375X,FUENTE DE PIEDRA,MALAGA,420.0,2022,365,43,40,0,18,11,-2.4,2022-01-09,24.1,2022-07-15,22.0,2022-05-21,2022-10-18
6375X,FUENTE DE PIEDRA,MALAGA,420.0,2023,347,29,26,0,10,6,-4.7,2023-01-27,25.0,2023-07-17,21.1,2023-06-24,2023-09-14
6375X,FUENTE DE PIEDRA,MALAGA,420.0,2024,366,30,29,1,7,10,-3.1,2024-01-08,25.5,2024-07-29,21.3,2024-06-06,2024-09-01
6375X,FUENTE DE PIEDRA,MALAGA,420.0,2025,362,46,41,0,10,9,-4.9,2025-01-16,24.9,2025-06-23,21.5,2025-05-31,2025-09-20
7002Y,ÁGUILAS,MURCIA,32.0,2017,365,101,79,12,63,56,2.9,2017-01-18,27.2,2017-08-07,24.4,2017-05-26,2017-10-02
7002Y,ÁGUILAS,MURCIA,32.0,2018,365,102,74,6,76,80,3.1,2018-02-07,26.5,2018-08-06,24.0,2018-04-24,2018-09-28
7002Y,ÁGUILAS,MURCIA,32.0,2019,361,96,70,4,69,48,3.5,2019-01-13,26.1,2019-07-20,24.1,2019-06-21,2019-11-02
7002Y,ÁGUILAS,MURCIA,32.0,2020,366,90,71,9,54,62,2.0,2020-12-27,26.3,2020-08-11,23.8,2020-05-27,2020-09-25
7002Y,ÁGUILAS,MURCIA,32.0,2021,365,106,75,9,70,90,3.1,2021-01-04,26.5,2021-08-11,24.4,2021-05-09,2021-11-01
7002Y,ÁGUILAS,MURCIA,32.0,2022,365,107,78,14,76,84,4.8,2022-01-18,26.5,2022-07-31,24.7,2022-05-20,2022-10-21
7002Y,ÁGUILAS,MURCIA,32.0,2023,365,104,82,25,83,79,3.8,2023-01-31,26.5,2023-07-14,25.3,2023-06-10,2023-10-04
7002Y,ÁGUILAS,MURCIA,32.0,2024,361,104,79,15,72,55,6.1,2024-12-10,26.9,2024-07-30,24.9,2024-06-06,2024-10-15
7002Y,ÁGUILAS,MURCIA,32.0,2025,365,120,88,12,84,87,3.1,2025-01-15,27.0,2025-08-25,24.6,2025-05-30,2025-10-23
7007Y,MAZARRÓN,MURCIA,66.0,2018,365,96,70,3,57,52,4.4,2018-01-08,26.3,2018-08-06,23.6,2018-04-24,2018-09-27
7007Y,MAZARRÓN,MURCIA,66.0,2019,365,90,68,5,58,62,3.5,2019-01-12,25.8,2019-07-23,24.0,2019-06-21,2019-10-14
7007Y,MAZARRÓN,MURCIA,66.0,2020,360,74,59,7,43,53,3.2,2020-12-27,25.8,2020-07-27,23.7,2020-06-23,2020-09-25
7007Y,MAZARRÓN,MURCIA,66.0,2021,365,95,71,3,48,77,4.1,2021-01-02,25.9,2021-08-11,23.6,2021-06-10,2021-10-02
7007Y,MAZARRÓN,MURCIA,66.0,2022,359,101,73,9,66,46,5.1,2022-01-18,26.2,2022-07-30,24.6,2022-05-19,2022-10-17
7007Y,MAZARRÓN,MURCIA,66.0,2023,365,99,77,11,67,76,4.0,2023-02-28,26.4,2023-07-23,24.6,2023-06-10,2023-10-07
7007Y,MAZARRÓN,MURCIA,66.0,2024,366,95,75,12,57,41,6.5,2024-12-22,28.3,2024-07-30,24.8,2024-06-06,2024-10-14
7007Y,MAZARRÓN,MURCIA,66.0,2025,365,110,85,4,77,87,3.4,2025-01-15,26.5,2025-08-25,24.1,2025-05-31,2025-10-13
7012C,CARTAGENA,MURCIA,17.0,2017,346,89,63,9,54,33,1.3,2017-01-18,27.0,2017-08-02,24.0,2017-05-27,2017-10-04
7012C,CARTAGENA,MURCIA,17.0,2018,361,101,74,4,67,94,4.4,2018-01-09,26.5,2018-08-06,24.0,2018-06-17,2018-09-28
7012C,CARTAGENA,MURCIA,17.0,2019,363,95,70,1,67,79,3.7,2019-01-13,25.6,2019-08-11,24.0,2019-06-21,2019-11-02
7012C,CARTAGENA,MURCIA,17.0,2020,366,90,71,5,53,69,1.9,2020-12-27,26.1,2020-08-23,23.7,2020-06-07,2020-10-01
7012C,CARTAGENA,MURCIA,17.0,2021,364,111,82,9,79,86,2.7,2021-01-13,26.6,2021-08-12,24.5,2021-06-02,2021-11-01
7012C,CARTAGENA,MURCIA,17.0,2022,363,120,85,28,85,89,3.3,2022-01-30,27.4,2022-08-14,25.5,2022-05-20,2022-10-21
7012C,CARTAGENA,MURCIA,17.0,2023,364,112,83,35,89,96,3.0,2023-01-31,27.4,2023-07-24,25.7,2023-06-09,2023-10-18
7012C,CARTAGENA,MURCIA,17.0,2024,366,116,81,32,80,84,4.5,2024-12-22,27.1,2024-07-29,25.7,2024-05-31,2024-10-16
7012C,CARTAGENA,MURCIA,17.0,2025,357,121,90,23,94,88,3.4,2025-01-15,26.8,2025-08-19,25.4,2025-05-30,2025-10-23
7012D,"CARTAGENA, TENTEGORRA",MURCIA,56.0,2017,365,68,60,4,26,17,-0.1,2017-01-18,26.2,2017-08-08,22.8,2017-06-13,2017-09-15
7012D,"CARTAGENA, TENTEGORRA",MURCIA,56.0,2018,365,73,53,2,26,23,1.3,2018-02-08,25.7,2018-08-11,22.5,2018-06-24,2018-09-27
7012D,"CARTAGENA, TENTEGORRA",MURCIA,56.0,2019,365,68,58,0,28,25,-0.7,2019-01-12,24.9,2019-07-07,22.5,2019-06-26,2019-10-12
7012D,"CARTAGENA, TENTEGORRA",MURCIA,56.0,2020,366,52,48,2,23,15,-0.9,2020-12-27,26.2,2020-08-23,22.4,2020-06-23,2020-09-25
7012D,"CARTAGENA, TENTEGORRA",MURCIA,56.0,2021,360,68,51,1,29,21,-0.2,2021-01-02,25.2,2021-08-23,22.6,2021-06-16,2021-10-31
7012D,"CARTAGENA, TENTEGORRA",MURCIA,56.0,2022,354,62,53,5,31,14,0.3,2022-01-30,25.9,2022-08-10,23.2,2022-06-09,2022-09-18
7012D,"CARTAGENA, TENTEGORRA",MURCIA,56.0,2023,362,74,61,2,42,26,0.1,2023-03-01,25.7,2023-07-20,23.3,2023-06-18,2023-09-19
7012D,"CARTAGENA, TENTEGORRA",MURCIA,56.0,2024,356,75,63,4,48,30,2.5,2024-12-21,26.3,2024-07-29,23.4,2024-06-07,2024-10-14
7012D,"CARTAGENA, TENTEGORRA",MURCIA,56.0,2025,365,95,81,5,54,48,0.8,2025-01-15,26.0,2025-08-17,23.8,2025-06-08,2025-09-21
7019X,CARTAGENA/SALINAS CABO PALOS,MURCIA,2.0,2022,309,107,75,22,62,48,5.3,2022-03-05,27.5,2022-08-10,25.5,2022-05-19,2022-11-12
7019X,CARTAGENA/SALINAS CABO PALOS,MURCIA,2.0,2023,360,98,74,28,74,64,1.5,2023-01-31,26.8,2023-07-13,25.3,2023-06-17,2023-10-18
7019X,CARTAGENA/SALINAS CABO PALOS,MURCIA,2.0,2024,366,107,77,23,70,69,3.7,2024-12-22,27.3,2024-07-30,25.6,2024-05-31,2024-10-14
7019X,CARTAGENA/SALINAS CABO PALOS,MURCIA,2.0,2025,364,114,88,24,81,87,3.7,2025-01-19,26.7,2025-08-26,25.2,2025-05-31,2025-10-23
7020C,MURCIA AEROPUERTO,MURCIA,205.0,2019,360,55,46,0,15,16,1.4,2019-01-12,24.0,2019-07-21,21.8,2019-06-27,2019-09-21
7020C,MURCIA AEROPUERTO,MURCIA,205.0,2020,362,53,47,0,14,21,0.1,2020-12-27,24.1,2020-08-02,21.7,2020-06-25,2020-09-24
7020C,MURCIA AEROPUERTO,MURCIA,205.0,2021,362,66,53,0,22,22,0.7,2021-01-04,24.4,2021-08-11,22.4,2021-06-12,2021-09-25
7020C,MURCIA AEROPUERTO,MURCIA,205.0,2022,365,70,59,1,32,28,2.0,2022-01-17,25.4,2022-08-13,22.6,2022-06-09,2022-09-21
7020C,MURCIA AEROPUERTO,MURCIA,205.0,2023,365,80,69,1,44,60,1.5,2023-02-03,25.9,2023-08-03,23.1,2023-06-10,2023-09-18
7020C,MURCIA AEROPUERTO,MURCIA,205.0,2024,365,76,61,2,44,44,3.4,2024-12-22,25.8,2024-08-10,23.3,2024-06-07,2024-10-14
7020C,MURCIA AEROPUERTO,MURCIA,205.0,2025,363,94,79,2,55,43,0.5,2025-01-15,25.3,2025-08-25,23.1,2025-06-10,2025-10-23
7023X,FUENTE ÁLAMO DE MURCIA,MURCIA,140.0,2017,365,71,62,1,34,24,0.1,2017-12-18,26.0,2017-08-02,23.1,2017-06-16,2017-09-27
7023X,FUENTE ÁLAMO DE MURCIA,MURCIA,140.0,2018,365,79,60,1,31,25,0.9,2018-01-08,25.6,2018-08-06,22.6,2018-06-25,2018-09-27
7023X,FUENTE ÁLAMO DE MURCIA,MURCIA,140.0,2019,365,67,56,1,27,34,-0.4,2019-01-12,25.7,2019-07-07,22.7,2019-06-26,2019-09-22
7023X,FUENTE ÁLAMO DE MURCIA,MURCIA,140.0,2020,366,49,46,0,17,17,0.7,2020-12-27,24.7,2020-08-11,21.8,2020-06-18,2020-09-25
7023X,FUENTE ÁLAMO DE MURCIA,MURCIA,140.0,2021,365,75,59,1,30,32,-0.6,2021-01-04,25.1,2021-08-17,22.7,2021-06-15,2021-11-01
7023X,FUENTE ÁLAMO DE MURCIA,MURCIA,140.0,2022,364,71,62,5,33,34,0.0,2022-01-30,27.2,2022-08-13,23.4,2022-06-09,2022-09-21
7023X,FUENTE ÁLAMO DE MURCIA,MURCIA,140.0,2023,364,86,73,6,53,40,-0.4,2023-01-29,26.2,2023-08-03,23.7,2023-06-10,2023-09-19
7023X,FUENTE ÁLAMO DE MURCIA,MURCIA,140.0,2024,366,82,69,1,52,66,2.6,2024-12-21,25.1,2024-07-13,23.6,2024-06-07,2024-10-03
7023X,FUENTE ÁLAMO DE MURCIA,MURCIA,140.0,2025,365,89,77,3,49,31,-1.1,2025-01-15,26.1,2025-07-09,23.5,2025-06-08,2025-10-23
7026X,TORRE-PACHECO,MURCIA,50.0,2017,352,54,47,3,20,17,-0.7,2017-12-04,25.4,2017-08-09,22.2,2017-06-19,2017-09-15
7026X,TORRE-PACHECO,MURCIA,50.0,2018,365,63,43,2,23,20,1.2,2018-01-09,25.7,2018-08-06,22.2,2018-06-24,2018-09-27
7026X,TORRE-PACHECO,MURCIA,50.0,2019,365,55,44,1,24,16,-0.7,2019-01-12,25.6,2019-07-07,22.2,2019-06-26,2019-09-22
7026X,TORRE-PACHECO,MURCIA,50.0,2020,366,44,40,2,15,14,0.9,2020-12-27,25.2,2020-08-11,21.7,2020-06-26,2020-09-18
7026X,TORRE-PACHECO,MURCIA,50.0,2021,365,60,47,0,19,21,-0.7,2021-01-04,24.7,2021-08-17,22.1,2021-06-16,2021-09-30
7026X,TORRE-PACHECO,MURCIA,50.0,2022,365,60,50,4,32,15,0.9,2022-01-17,25.9,2022-08-13,23.4,2022-06-09,2022-09-21
7026X,TORRE-PACHECO,MURCIA,50.0,2023,365,81,66,4,46,37,0.4,2023-01-29,26.0,2023-07-13,23.4,2023-06-12,2023-09-19
7026X,TORRE-PACHECO,MURCIA,50.0,2024,366,77,64,1,38,34,3.1,2024-12-11,25.3,2024-07-13,23.3,2024-06-07,2024-10-03
7026X,TORRE-PACHECO,MURCIA,50.0,2025,365,82,73,3,39,25,0.2,2025-01-15,25.6,2025-07-09,23.0,2025-06-09,2025-09-21
7031,SAN JAVIER AEROPUERTO,MURCIA,4.0,2017,365,90,73,10,48,48,-1.0,2017-12-05,27.2,2017-08-02,24.0,2017-05-28,2017-10-04
7031,SAN JAVIER AEROPUERTO,MURCIA,4.0,2018,365,88,64,7,56,22,1.0,2018-01-09,27.0,2018-08-11,24.0,2018-06-19,2018-10-21
7031,SAN JAVIER AEROPUERTO,MURCIA,4.0,2019,365,77,62,6,43,47,-0.7,2019-01-12,26.5,2019-07-07,23.9,2019-06-21,2019-10-10
7031,SAN JAVIER AEROPUERTO,MURCIA,4.0,2020,366,75,62,5,36,38,1.0,2020-01-14,26.0,2020-08-11,23.5,2020-05-24,2020-09-25
7031,SAN JAVIER AEROPUERTO,MURCIA,4.0,2021,365,72,56,4,29,22,-2.0,2021-01-04,26.0,2021-09-01,23.5,2021-06-15,2021-09-30
7031,SAN JAVIER AEROPUERTO,MURCIA,4.0,2022,365,76,63,6,37,43,-0.1,2022-01-18,26.6,2022-07-30,23.7,2022-05-20,2022-09-21
7031,SAN JAVIER AEROPUERTO,MURCIA,4.0,2023,365,83,67,13,60,36,-1.0,2023-02-04,27.0,2023-07-13,25.0,2023-06-07,2023-09-19
7031,SAN JAVIER AEROPUERTO,MURCIA,4.0,2024,366,88,67,10,56,37,1.0,2024-02-05,27.0,2024-08-26,24.5,2024-05-31,2024-10-14
7031,SAN JAVIER AEROPUERTO,MURCIA,4.0,2025,365,89,75,8,52,32,0.5,2025-01-16,26.4,2025-08-19,24.0,2025-06-09,2025-10-13
7031X,SAN JAVIER AEROPUERTO,MURCIA,4.0,2017,362,82,69,10,39,36,-0.4,2017-12-04,26.3,2017-08-09,23.7,2017-05-28,2017-09-28
7031X,SAN JAVIER AEROPUERTO,MURCIA,4.0,2018,360,87,64,5,47,28,1.0,2018-01-09,26.7,2018-08-11,23.5,2018-05-25,2018-10-21
7031X,SAN JAVIER AEROPUERTO,MURCIA,4.0,2019,354,84,65,7,47,49,-0.8,2019-01-12,26.8,2019-07-07,24.2,2019-06-21,2019-10-12
7031X,SAN JAVIER AEROPUERTO,MURCIA,4.0,2020,364,75,62,7,35,29,0.8,2020-12-31,26.5,2020-08-23,23.7,2020-05-24,2020-09-18
7031X,SAN JAVIER AEROPUERTO,MURCIA,4.0,2021,362,85,66,5,48,73,-1.2,2021-01-04,25.9,2021-08-17,23.6,2021-06-02,2021-09-30
7031X,SAN JAVIER AEROPUERTO,MURCIA,4.0,2022,361,82,65,13,53,51,0.4,2022-01-18,27.8,2022-07-30,24.6,2022-05-20,2022-11-12
7031X,SAN JAVIER AEROPUERTO,MURCIA,4.0,2023,362,87,68,13,63,40,0.6,2023-01-29,27.0,2023-07-13,24.4,2023-06-12,2023-09-26
7031X,SAN JAVIER AEROPUERTO,MURCIA,4.0,2024,362,92,76,13,58,78,2.5,2024-02-05,26.2,2024-08-26,24.8,2024-06-02,2024-10-14
7031X,SAN JAVIER AEROPUERTO,MURCIA,4.0,2025,345,88,70,9,50,41,0.4,2025-01-16,26.5,2025-08-25,24.5,2025-06-03,2025-10-13
7066Y,"YESTE, EMBALSE FUENSANTA",ALBACETE,680.0,2017,365,14,14,0,1,4,-7.1,2017-01-18,23.2,2017-08-08,19.7,2017-06-16,2017-08-08
7066Y,"YESTE, EMBALSE FUENSANTA",ALBACETE,680.0,2018,360,8,7,0,0,2,-5.1,2018-02-24,21.4,2018-08-15,18.6,2018-07-11,2018-09-01
7066Y,"YESTE, EMBALSE FUENSANTA",ALBACETE,680.0,2019,347,12,11,1,2,4,-6.1,2019-01-11,25.8,2019-07-13,19.6,2019-07-13,2019-09-03
7066Y,"YESTE, EMBALSE FUENSANTA",ALBACETE,680.0,2020,361,7,7,0,3,3,-4.3,2020-12-27,23.3,2020-08-03,19.0,2020-07-18,2020-08-24
7066Y,"YESTE, EMBALSE FUENSANTA",ALBACETE,680.0,2021,331,10,10,0,3,3,-4.6,2021-01-12,22.9,2021-07-06,19.5,2021-07-06,2021-08-31
7066Y,"YESTE, EMBALSE FUENSANTA",ALBACETE,680.0,2022,360,14,13,0,2,4,-4.9,2022-01-19,22.9,2022-07-30,19.3,2022-06-15,2022-09-02
7066Y,"YESTE, EMBALSE FUENSANTA",ALBACETE,680.0,2023,365,30,28,1,8,5,-4.8,2023-01-29,25.7,2023-07-20,20.8,2023-06-30,2023-09-06
7066Y,"YESTE, EMBALSE FUENSANTA",ALBACETE,680.0,2024,365,27,25,0,4,5,-2.7,2024-12-16,23.8,2024-07-21,20.5,2024-07-12,2024-09-26
7066Y,"YESTE, EMBALSE FUENSANTA",ALBACETE,680.0,2025,338,27,26,0,6,5,-4.9,2025-01-14,23.6,2025-07-09,20.6,2025-06-18,2025-09-15
7067Y,NERPIO,ALBACETE,1485.0,2018,358,0,0,0,0,0,-14.8,2018-02-06,18.1,2018-08-01,12.7,,
7067Y,NERPIO,ALBACETE,1485.0,2019,358,1,1,0,0,1,-8.4,2019-01-10,21.1,2019-07-23,14.0,2019-07-23,2019-07-23
7067Y,NERPIO,ALBACETE,1485.0,2022,309,0,0,0,0,0,-8.8,2022-01-21,18.4,2022-06-20,15.4,,
7067Y,NERPIO,ALBACETE,1485.0,2023,349,0,0,0,0,0,-9.8,2023-01-28,19.3,2023-08-09,14.4,,
7067Y,NERPIO,ALBACETE,1485.0,2024,363,1,1,0,0,1,-7.6,2024-12-21,21.2,2024-07-20,14.6,2024-07-20,2024-07-20
7067Y,NERPIO,ALBACETE,1485.0,2025,361,0,0,0,0,0,-10.4,2025-01-14,17.6,2025-09-07,13.9,,
7072Y,YESTE,ALBACETE,960.0,2017,364,15,15,0,3,3,-8.1,2017-01-18,22.9,2017-07-13,19.6,2017-06-15,2017-08-08
7072Y,YESTE,ALBACETE,960.0,2018,365,3,3,0,0,2,-4.0,2018-02-23,21.9,2018-07-10,17.9,2018-07-10,2018-07-20
7072Y,YESTE,ALBACETE,960.0,2019,357,11,11,0,3,3,-5.0,2019-01-11,22.9,2019-07-13,19.3,2019-07-07,2019-08-18
7072Y,YESTE,ALBACETE,960.0,2020,354,7,7,1,1,3,-3.7,2020-12-26,25.5,2020-08-01,18.8,2020-07-01,2020-08-28
7072Y,YESTE,ALBACETE,960.0,2021,342,6,6,0,1,1,-3.6,2021-01-05,22.2,2021-07-24,18.5,2021-07-12,2021-08-28
7072Y,YESTE,ALBACETE,960.0,2022,348,9,8,0,1,4,-2.4,2022-04-03,22.4,2022-07-25,19.1,2022-06-15,2022-09-02
7072Y,YESTE,ALBACETE,960.0,2023,363,20,20,2,7,5,-4.3,2023-01-28,25.8,2023-07-20,20.1,2023-06-29,2023-08-26
7072Y,YESTE,ALBACETE,960.0,2024,362,17,17,1,6,3,-1.8,2024-12-11,25.9,2024-07-20,20.0,2024-07-11,2024-08-23
7072Y,YESTE,ALBACETE,960.0,2025,364,13,13,0,3,2,-3.7,2025-01-14,23.3,2025-07-18,19.7,2025-06-18,2025-08-18
7080X,MORATALLA,MURCIA,955.0,2017,365,13,13,0,4,3,-7.5,2017-01-18,23.7,2017-07-13,19.3,2017-06-15,2017-08-08
7080X,MORATALLA,MURCIA,955.0,2018,365,6,6,0,0,2,-3.5,2018-02-23,21.1,2018-07-11,18.9,2018-07-11,2018-08-06
7080X,MORATALLA,MURCIA,955.0,2019,365,11,11,0,3,3,-4.5,2019-01-11,23.3,2019-07-15,19.0,2019-07-07,2019-08-19
7080X,MORATALLA,MURCIA,955.0,2020,366,6,6,1,3,2,-2.4,2020-12-26,25.4,2020-08-02,18.4,2020-07-02,2020-08-27
7080X,MORATALLA,MURCIA,955.0,2021,362,11,11,0,4,5,-2.8,2021-01-05,23.9,2021-08-06,18.9,2021-07-03,2021-08-28
7080X,MORATALLA,MURCIA,955.0,2022,365,8,6,0,1,2,-2.7,2022-04-03,24.7,2022-07-25,19.1,2022-06-15,2022-09-02
7080X,MORATALLA,MURCIA,955.0,2023,364,15,15,3,8,3,-3.9,2023-01-29,27.7,2023-08-10,19.7,2023-07-11,2023-08-26
7080X,MORATALLA,MURCIA,955.0,2024,366,14,14,1,3,5,-0.4,2024-12-11,25.5,2024-08-01,19.7,2024-07-12,2024-08-18
7080X,MORATALLA,MURCIA,955.0,2025,365,13,13,0,4,3,-2.1,2025-01-14,23.2,2025-07-18,19.7,2025-06-30,2025-08-20
7096B,HELLÍN,ALBACETE,605.0,2017,363,34,34,0,6,12,-4.7,2017-01-18,22.9,2017-08-05,20.9,2017-06-15,2017-08-26
7096B,HELLÍN,ALBACETE,605.0,2018,364,19,19,0,1,5,-1.6,2018-02-24,22.9,2018-08-06,20.1,2018-07-11,2018-08-27
7096B,HELLÍN,ALBACETE,605.0,2019,362,20,20,0,5,7,-2.0,2019-01-11,23.3,2019-07-07,20.1,2019-07-06,2019-08-19
7096B,HELLÍN,ALBACETE,605.0,2020,359,14,14,0,3,3,-1.0,2020-01-13,22.9,2020-08-01,19.6,2020-07-02,2020-08-27
7096B,HELLÍN,ALBACETE,605.0,2021,365,18,18,0,6,8,-2.6,2021-01-12,23.9,2021-08-15,19.9,2021-07-04,2021-08-28
7096B,HELLÍN,ALBACETE,605.0,2022,360,22,21,0,1,11,-1.9,2022-01-19,24.2,2022-07-25,20.3,2022-06-15,2022-09-02
7096B,HELLÍN,ALBACETE,605.0,2023,365,43,42,0,12,11,-2.0,2023-01-24,24.5,2023-07-19,21.3,2023-06-26,2023-09-04
7096B,HELLÍN,ALBACETE,605.0,2024,366,48,47,1,17,22,-0.1,2024-12-16,27.2,2024-08-01,21.8,2024-07-08,2024-09-02
7096B,HELLÍN,ALBACETE,605.0,2025,346,41,41,1,8,7,-0.8,2025-01-14,25.8,2025-08-18,21.2,2025-06-17,2025-08-30
7103Y,TOBARRA,ALBACETE,615.0,2017,361,25,25,0,3,8,-5.1,2017-01-18,22.7,2017-08-07,20.5,2017-06-16,2017-08-26
7103Y,TOBARRA,ALBACETE,615.0,2018,363,20,17,0,2,6,-3.2,2018-02-24,22.5,2018-07-30,20.1,2018-07-13,2018-09-05
7103Y,TOBARRA,ALBACETE,615.0,2019,363,18,17,0,5,3,-2.9,2019-01-11,23.8,2019-08-10,20.0,2019-07-02,2019-09-04
7103Y,TOBARRA,ALBACETE,615.0,2020,337,15,15,0,2,6,-2.5,2020-01-13,23.8,2020-08-02,19.9,2020-07-02,2020-08-25
7103Y,TOBARRA,ALBACETE,615.0,2021,365,21,21,0,4,8,-3.2,2021-01-06,24.2,2021-08-15,20.3,2021-07-04,2021-08-31
7103Y,TOBARRA,ALBACETE,615.0,2022,365,18,15,0,3,8,-3.9,2022-01-19,23.3,2022-07-30,20.0,2022-06-09,2022-09-13
7103Y,TOBARRA,ALBACETE,615.0,2023,364,45,44,1,9,16,-2.8,2023-01-29,25.9,2023-07-19,21.4,2023-06-26,2023-09-04
7103Y,TOBARRA,ALBACETE,615.0,2024,366,38,37,1,8,11,-1.7,2024-12-16,25.4,2024-08-01,21.1,2024-07-01,2024-09-02
7103Y,TOBARRA,ALBACETE,615.0,2025,361,41,39,1,9,14,-2.6,2025-01-14,25.6,2025-08-18,21.4,2025-06-17,2025-09-20
7119B,CARAVACA DE LA CRUZ,MURCIA,643.0,2017,365,6,6,0,0,2,-7.2,2017-01-18,21.3,2017-08-08,18.6,2017-07-06,2017-08-08
7119B,CARAVACA DE LA CRUZ,MURCIA,643.0,2018,358,3,3,0,0,1,-4.3,2018-02-23,20.6,2018-08-10,18.4,2018-08-06,2018-08-13
7119B,CARAVACA DE LA CRUZ,MURCIA,643.0,2019,357,1,1,0,1,1,-6.0,2019-01-11,22.5,2019-07-07,18.0,2019-07-07,2019-07-07
7119B,CARAVACA DE LA CRUZ,MURCIA,643.0,2020,366,4,4,0,1,2,-2.9,2020-12-31,22.3,2020-08-01,17.6,2020-08-01,2020-08-24
7119B,CARAVACA DE LA CRUZ,MURCIA,643.0,2021,365,8,8,0,2,7,-2.6,2021-01-12,22.7,2021-08-17,18.5,2021-08-07,2021-08-18
7119B,CARAVACA DE LA CRUZ,MURCIA,643.0,2022,360,4,4,0,0,1,-3.5,2022-01-18,21.8,2022-07-25,18.2,2022-06-15,2022-07-30
7119B,CARAVACA DE LA CRUZ,MURCIA,643.0,2023,365,10,9,0,5,2,-4.8,2023-01-29,22.9,2023-07-12,19.4,2023-06-30,2023-09-04
7119B,CARAVACA DE LA CRUZ,MURCIA,643.0,2024,357,6,6,0,0,3,-2.1,2024-12-21,21.5,2024-08-01,18.8,2024-07-13,2024-08-03
7119B,CARAVACA DE LA CRUZ,MURCIA,643.0,2025,365,6,6,0,2,2,-2.9,2025-01-14,23.5,2025-08-18,18.2,2025-07-09,2025-08-19
7121A,CALASPARRA,MURCIA,350.0,2017,365,48,47,0,16,15,-3.6,2017-12-05,24.0,2017-08-04,21.5,2017-06-15,2017-09-05
7121A,CALASPARRA,MURCIA,350.0,2018,365,46,40,0,9,6,-1.2,2018-02-24,23.7,2018-08-10,21.3,2018-06-29,2018-09-25
7121A,CALASPARRA,MURCIA,350.0,2019,365,37,32,1,6,9,-2.7,2019-01-12,25.2,2019-07-07,20.9,2019-06-27,2019-09-06
7121A,CALASPARRA,MURCIA,350.0,2020,366,27,26,0,4,11,-2.8,2020-12-27,23.3,2020-08-04,20.5,2020-07-02,2020-09-17
7121A,CALASPARRA,MURCIA,350.0,2021,364,27,27,0,10,12,-2.3,2021-01-12,24.4,2021-08-15,20.5,2021-07-04,2021-08-31
7121A,CALASPARRA,MURCIA,350.0,2022,361,38,34,0,7,13,-2.7,2022-01-19,23.9,2022-07-30,21.2,2022-06-09,2022-09-14
7121A,CALASPARRA,MURCIA,350.0,2023,361,57,53,1,22,20,-2.4,2023-01-29,25.5,2023-08-03,22.2,2023-06-26,2023-09-14
7121A,CALASPARRA,MURCIA,350.0,2024,366,54,50,0,19,18,0.0,2024-12-16,24.5,2024-07-21,22.1,2024-06-07,2024-09-05
7121A,CALASPARRA,MURCIA,350.0,2025,365,59,54,0,21,20,-3.5,2025-01-15,24.8,2025-08-18,22.1,2025-06-15,2025-09-20
7127X,BULLAS,MURCIA,690.0,2017,365,28,28,0,1,8,-4.3,2017-01-18,23.5,2017-08-04,20.7,2017-06-15,2017-08-27
7127X,BULLAS,MURCIA,690.0,2018,358,21,21,0,1,7,-1.5,2018-02-07,22.8,2018-08-06,20.4,2018-07-09,2018-08-25
7127X,BULLAS,MURCIA,690.0,2019,365,17,17,0,5,7,-2.2,2019-01-11,23.1,2019-07-07,20.0,2019-07-01,2019-08-19
7127X,BULLAS,MURCIA,690.0,2020,365,12,12,0,2,3,-1.3,2020-12-31,23.7,2020-08-01,19.6,2020-07-02,2020-08-27
7127X,BULLAS,MURCIA,690.0,2021,365,22,22,0,11,8,-2.3,2021-01-12,24.3,2021-08-15,20.5,2021-07-04,2021-08-28
7127X,BULLAS,MURCIA,690.0,2022,365,23,21,0,2,4,0.3,2022-01-17,23.8,2022-07-25,20.2,2022-06-15,2022-09-02
7127X,BULLAS,MURCIA,690.0,2023,365,32,31,1,13,4,-1.7,2023-02-28,25.9,2023-07-19,20.8,2023-06-26,2023-09-04
7127X,BULLAS,MURCIA,690.0,2024,366,31,31,1,5,6,1.3,2024-01-13,25.4,2024-08-01,20.9,2024-07-11,2024-08-27
7127X,BULLAS,MURCIA,690.0,2025,363,30,29,2,4,5,0.4,2025-01-14,25.6,2025-08-18,20.8,2025-06-18,2025-09-08
7138B,JUMILLA,MURCIA,485.0,2017,365,14,14,0,2,3,-7.2,2017-01-18,22.2,2017-08-02,19.8,2017-07-06,2017-08-27
7138B,JUMILLA,MURCIA,485.0,2018,365,7,7,0,1,2,-4.2,2018-02-24,22.1,2018-08-06,19.2,2018-06-29,2018-08-15
7138B,JUMILLA,MURCIA,485.0,2019,365,9,9,0,3,3,-6.2,2019-01-11,24.5,2019-07-07,19.2,2019-07-06,2019-08-12
7138B,JUMILLA,MURCIA,485.0,2020,366,6,6,0,1,1,-4.9,2020-01-13,22.2,2020-08-04,18.5,2020-07-09,2020-08-24
7138B,JUMILLA,MURCIA,485.0,2021,363,11,11,0,2,5,-4.5,2021-01-04,22.4,2021-08-14,18.5,2021-07-12,2021-08-31
7138B,JUMILLA,MURCIA,485.0,2022,365,11,10,0,1,3,-6.4,2022-01-18,22.6,2022-07-30,19.0,2022-07-04,2022-09-13
7138B,JUMILLA,MURCIA,485.0,2023,362,29,28,0,4,6,-5.5,2023-01-24,24.2,2023-07-24,20.4,2023-06-26,2023-09-04
7138B,JUMILLA,MURCIA,485.0,2024,366,21,20,0,4,3,-3.4,2024-12-21,23.3,2024-07-21,20.3,2024-06-07,2024-09-05
7138B,JUMILLA,MURCIA,485.0,2025,365,22,21,0,5,4,-6.7,2025-01-15,23.9,2025-08-18,20.4,2025-06-22,2025-09-07
7145D,,,,2017,359,32,31,0,8,9,-3.7,2017-12-05,24.0,2017-08-02,21.0,2017-06-16,2017-09-05
7145D,,,,2018,352,29,27,0,6,6,-1.3,2018-02-24,23.3,2018-08-06,20.6,2018-06-29,2018-09-12
7145D,,,,2019,364,30,28,1,9,7,-3.1,2019-01-12,26.7,2019-07-07,21.1,2019-06-27,2019-09-06
7145D,,,,2020,361,22,21,0,6,8,-2.7,2020-12-27,23.6,2020-08-02,20.4,2020-07-04,2020-09-17
7145D,,,,2021,358,35,31,0,9,15,-2.6,2021-01-04,23.8,2021-08-17,21.2,2021-07-04,2021-09-25
7145D,,,,2022,362,53,48,0,15,16,-2.6,2022-01-20,24.4,2022-07-27,21.5,2022-05-23,2022-09-18
7145D,,,,2023,348,64,59,2,33,36,-2.4,2023-01-29,25.4,2023-08-03,22.7,2023-06-20,2023-09-17
7145D,,,,2024,365,66,57,1,23,21,0.4,2024-12-22,25.3,2024-07-21,22.3,2024-06-07,2024-10-03
7145D,,,,2025,363,66,59,1,28,26,-2.2,2025-01-15,25.2,2025-07-08,22.6,2025-06-09,2025-09-20
7158X,ARCHENA,MURCIA,150.0,2017,364,61,55,1,31,16,0.7,2017-12-05,25.5,2017-08-02,22.9,2017-06-16,2017-09-12
7158X,ARCHENA,MURCIA,150.0,2018,365,66,53,0,26,17,1.1,2018-02-24,24.9,2018-08-13,22.8,2018-06-10,2018-09-26
7158X,ARCHENA,MURCIA,150.0,2019,365,61,50,3,27,27,1.2,2019-01-12,25.9,2019-08-10,22.6,2019-05-09,2019-09-22
7158X,ARCHENA,MURCIA,150.0,2020,366,46,42,1,23,16,2.7,2020-12-27,25.4,2020-08-02,22.5,2020-06-19,2020-09-25
7158X,ARCHENA,MURCIA,150.0,2021,358,57,45,0,23,22,0.3,2021-01-04,24.8,2021-08-17,22.3,2021-06-16,2021-09-25
7158X,ARCHENA,MURCIA,150.0,2022,361,74,57,4,32,18,1.0,2022-01-18,25.6,2022-08-13,23.2,2022-05-23,2022-09-19
7158X,ARCHENA,MURCIA,150.0,2023,365,79,69,7,48,37,0.6,2023-01-29,26.6,2023-08-03,23.9,2023-03-31,2023-09-22
7158X,ARCHENA,MURCIA,150.0,2024,366,77,63,2,41,39,2.8,2024-03-10,25.3,2024-07-21,23.3,2024-06-07,2024-10-14
7158X,ARCHENA,MURCIA,150.0,2025,365,85,74,7,47,28,1.6,2025-01-15,25.9,2025-08-28,23.8,2025-06-09,2025-10-22
7172X,MULA,MURCIA,255.0,2017,365,42,42,0,10,11,-1.1,2017-12-05,24.5,2017-08-02,21.3,2017-06-16,2017-08-28
7172X,MULA,MURCIA,255.0,2018,365,44,35,0,12,9,-0.6,2018-02-24,24.3,2018-08-13,21.5,2018-06-29,2018-09-25
7172X,MULA,MURCIA,255.0,2019,364,36,32,1,8,12,0.0,2019-01-11,25.4,2019-08-10,21.1,2019-06-27,2019-09-21
7172X,MULA,MURCIA,255.0,2020,366,27,26,0,7,10,-0.2,2020-12-27,24.5,2020-08-02,20.9,2020-07-02,2020-09-17
7172X,MULA,MURCIA,255.0,2021,365,40,33,0,12,18,0.1,2021-01-05,23.9,2021-08-15,21.5,2021-07-04,2021-09-25
7172X,MULA,MURCIA,255.0,2022,365,43,33,0,14,11,0.1,2022-01-19,24.1,2022-07-27,21.5,2022-05-23,2022-09-18
7172X,MULA,MURCIA,255.0,2023,365,61,56,2,30,32,-0.3,2023-01-29,25.8,2023-08-03,22.5,2023-06-21,2023-09-17
7172X,MULA,MURCIA,255.0,2024,366,57,49,0,20,18,2.1,2024-12-16,24.6,2024-07-21,22.2,2024-06-07,2024-09-27
7172X,MULA,MURCIA,255.0,2025,344,56,49,0,19,26,-0.8,2025-01-15,24.7,2025-07-09,22.3,2025-06-16,2025-10-23
7178I,MURCIA,MURCIA,62.0,2017,365,79,69,4,43,36,-1.1,2017-01-18,26.5,2017-08-02,23.7,2017-06-16,2017-09-27
7178I,MURCIA,MURCIA,62.0,2018,365,95,70,4,47,76,0.6,2018-02-09,26.3,2018-08-06,23.6,2018-06-22,2018-09-27
7178I,MURCIA,MURCIA,62.0,2019,365,82,67,4,46,60,-1.4,2019-01-12,26.8,2019-07-07,23.4,2019-06-21,2019-10-01
7178I,MURCIA,MURCIA,62.0,2020,366,67,61,3,34,40,-0.3,2020-12-27,25.3,2020-08-01,22.8,2020-06-12,2020-09-24
7178I,MURCIA,MURCIA,62.0,2021,365,83,65,3,36,46,-1.1,2021-01-04,25.8,2021-08-16,23.0,2021-06-15,2021-09-30
7178I,MURCIA,MURCIA,62.0,2022,365,96,75,8,56,77,-1.2,2022-01-17,27.2,2022-08-13,23.8,2022-06-09,2022-10-20
7178I,MURCIA,MURCIA,62.0,2023,365,93,76,12,66,73,-1.2,2023-02-03,26.8,2023-07-20,24.6,2023-06-10,2023-10-04
7178I,MURCIA,MURCIA,62.0,2024,366,91,75,3,64,83,2.3,2024-12-22,25.9,2024-07-29,24.3,2024-06-07,2024-10-14
7178I,MURCIA,MURCIA,62.0,2025,365,97,82,9,71,45,-0.5,2025-01-15,26.8,2025-08-19,24.3,2025-06-09,2025-09-21
7195X,"CARAVACA DE LA CRUZ, LOS ROYOS",MURCIA,985.0,2017,365,1,1,0,0,1,-7.8,2017-01-18,20.8,2017-07-13,17.4,2017-07-13,2017-07-13
7195X,"CARAVACA DE LA CRUZ, LOS ROYOS",MURCIA,985.0,2018,362,0,0,0,0,0,-6.3,2018-02-24,19.3,2018-08-03,17.2,,
7195X,"CARAVACA DE LA CRUZ, LOS ROYOS",MURCIA,985.0,2019,365,4,4,0,1,1,-6.8,2019-01-11,22.4,2019-07-07,16.9,2019-07-07,2019-08-09
7195X,"CARAVACA DE LA CRUZ, LOS ROYOS",MURCIA,985.0,2020,366,2,2,0,1,2,-4.2,2020-12-27,23.7,2020-08-01,16.5,2020-08-01,2020-08-02
7195X,"CARAVACA DE LA CRUZ, LOS ROYOS",MURCIA,985.0,2021,365,6,6,0,0,3,-5.1,2021-01-12,21.1,2021-08-14,17.6,2021-07-24,2021-08-16
7195X,"CARAVACA DE LA CRUZ, LOS ROYOS",MURCIA,985.0,2022,365,1,1,0,1,1,-7.2,2022-01-19,23.2,2022-07-25,17.1,2022-07-25,2022-07-25
7195X,"CARAVACA DE LA CRUZ, LOS ROYOS",MURCIA,985.0,2023,365,7,7,0,2,2,-6.6,2023-01-28,24.2,2023-08-10,18.7,2023-07-11,2023-08-26
7195X,"CARAVACA DE LA CRUZ, LOS ROYOS",MURCIA,985.0,2024,366,4,4,0,1,2,-3.6,2024-12-12,22.8,2024-08-01,18.1,2024-07-20,2024-08-02
7195X,"CARAVACA DE LA CRUZ, LOS ROYOS",MURCIA,985.0,2025,365,2,2,0,0,1,-6.1,2025-01-15,21.9,2025-08-18,17.3,2025-08-12,2025-08-18
7203A,"LORCA, ZARCILLA DE RAMOS",MURCIA,646.0,2017,365,14,14,0,1,5,-4.8,2017-12-05,22.3,2017-08-07,19.7,2017-06-16,2017-08-08
7203A,"LORCA, ZARCILLA DE RAMOS",MURCIA,646.0,2018,348,10,10,0,2,2,-1.7,2018-02-13,22.9,2018-07-29,19.2,2018-07-11,2018-08-27
7203A,"LORCA, ZARCILLA DE RAMOS",MURCIA,646.0,2019,361,9,9,0,2,2,-3.3,2019-01-12,23.0,2019-08-07,19.4,2019-07-07,2019-08-19
7203A,"LORCA, ZARCILLA DE RAMOS",MURCIA,646.0,2020,366,9,9,0,1,3,-2.8,2020-12-26,23.3,2020-08-01,18.8,2020-07-28,2020-08-24
7203A,"LORCA, ZARCILLA DE RAMOS",MURCIA,646.0,2021,360,19,19,0,8,8,-2.4,2021-01-04,23.6,2021-08-07,20.3,2021-07-03,2021-08-28
7203A,"LORCA, ZARCILLA DE RAMOS",MURCIA,646.0,2022,363,11,10,0,1,3,-3.8,2022-01-20,24.5,2022-07-25,19.4,2022-06-16,2022-09-02
7203A,"LORCA, ZARCILLA DE RAMOS",MURCIA,646.0,2023,348,24,24,0,7,4,-3.2,2023-01-29,24.8,2023-08-26,20.6,2023-06-30,2023-08-26
7203A,"LORCA, ZARCILLA DE RAMOS",MURCIA,646.0,2024,364,18,18,0,4,5,-1.1,2024-12-16,24.2,2024-08-01,19.9,2024-07-12,2024-08-27
7203A,"LORCA, ZARCILLA DE RAMOS",MURCIA,646.0,2025,365,17,17,0,2,4,-1.6,2025-01-13,23.8,2025-08-18,19.9,2025-06-30,2025-08-28
7209,LORCA,MURCIA,312.0,2017,364,35,34,0,8,8,-1.8,2017-12-04,23.8,2017-08-07,21.3,2017-06-16,2017-09-02
7209,LORCA,MURCIA,312.0,2018,359,44,39,0,5,17,-1.1,2018-01-08,23.4,2018-08-13,21.1,2018-06-29,2018-09-14
7209,LORCA,MURCIA,312.0,2019,359,36,34,1,10,7,-3.4,2019-01-11,25.2,2019-07-07,21.6,2019-06-27,2019-09-05
7209,LORCA,MURCIA,312.0,2020,362,32,30,0,7,14,-3.4,2020-12-27,23.4,2020-08-02,21.0,2020-07-02,2020-09-24
7209,LORCA,MURCIA,312.0,2021,334,56,48,0,18,22,-1.4,2021-01-04,24.5,2021-08-15,22.3,2021-07-04,2021-10-31
7209,LORCA,MURCIA,312.0,2022,340,62,54,0,20,16,-1.4,2022-01-30,24.6,2022-07-26,22.6,2022-06-09,2022-09-18
7209,LORCA,MURCIA,312.0,2023,319,46,40,0,26,33,-1.5,2023-01-29,24.9,2023-07-25,22.7,2023-06-18,2023-09-18
7209,LORCA,MURCIA,312.0,2024,361,67,57,0,30,30,0.3,2024-01-08,25.0,2024-07-30,22.6,2024-06-07,2024-10-03
7209,LORCA,MURCIA,312.0,2025,357,76,68,0,28,29,-2.7,2025-01-15,24.8,2025-07-09,22.8,2025-06-11,2025-09-21
7211B,PUERTO LUMBRERAS,MURCIA,445.0,2017,365,68,65,1,32,33,-0.6,2017-01-18,26.5,2017-08-04,22.4,2017-06-12,2017-09-05
7211B,PUERTO LUMBRERAS,MURCIA,445.0,2018,365,70,60,0,20,34,1.3,2018-02-07,24.5,2018-07-30,22.3,2018-06-25,2018-09-25
7211B,PUERTO LUMBRERAS,MURCIA,445.0,2019,365,62,58,3,24,48,1.7,2019-01-12,26.1,2019-08-10,22.7,2019-06-27,2019-09-05
7211B,PUERTO LUMBRERAS,MURCIA,445.0,2020,366,54,52,0,20,26,-0.2,2020-12-27,24.7,2020-08-01,22.2,2020-06-29,2020-09-24
7211B,PUERTO LUMBRERAS,MURCIA,445.0,2021,361,56,45,4,25,29,0.6,2021-01-04,25.9,2021-08-15,22.5,2021-06-15,2021-10-31
7211B,PUERTO LUMBRERAS,MURCIA,445.0,2022,364,84,69,1,39,41,0.5,2022-01-18,25.8,2022-08-13,22.8,2022-05-24,2022-09-18
7211B,PUERTO LUMBRERAS,MURCIA,445.0,2023,359,77,71,3,39,64,1.6,2023-03-03,26.9,2023-07-19,23.1,2023-04-29,2023-09-17
7211B,PUERTO LUMBRERAS,MURCIA,445.0,2024,366,68,60,2,37,35,3.5,2024-01-08,27.3,2024-08-01,23.2,2024-06-06,2024-09-09
7211B,PUERTO LUMBRERAS,MURCIA,445.0,2025,365,86,76,5,40,44,1.5,2025-01-15,27.3,2025-08-18,23.4,2025-06-08,2025-10-05
7218Y,TOTANA,MURCIA,281.0,2020,358,59,57,1,21,43,0.5,2020-12-27,25.2,2020-08-02,22.3,2020-06-07,2020-09-24
7218Y,TOTANA,MURCIA,281.0,2021,365,70,54,4,26,38,0.6,2021-01-12,26.8,2021-07-31,22.7,2021-06-15,2021-10-31
7218Y,TOTANA,MURCIA,281.0,2022,364,87,70,0,40,64,1.0,2022-01-18,25.0,2022-07-26,22.9,2022-05-30,2022-09-21
7218Y,TOTANA,MURCIA,281.0,2023,365,87,74,2,52,74,0.6,2023-01-29,26.3,2023-08-03,23.3,2023-03-31,2023-09-21
7218Y,TOTANA,MURCIA,281.0,2024,366,79,65,2,49,41,3.2,2024-12-21,25.9,2024-08-01,23.3,2024-06-07,2024-10-06
7218Y,TOTANA,MURCIA,281.0,2025,363,93,78,4,54,36,0.8,2025-01-15,27.4,2025-08-18,23.5,2025-06-08,2025-10-23
7227X,ALHAMA DE MURCIA,MURCIA,157.0,2017,350,53,49,1,15,12,-2.9,2017-12-05,25.5,2017-08-02,21.9,2017-06-16,2017-09-05
7227X,ALHAMA DE MURCIA,MURCIA,157.0,2018,365,41,34,0,8,10,-0.7,2018-01-09,24.9,2018-08-06,21.2,2018-06-29,2018-09-19
7227X,ALHAMA DE MURCIA,MURCIA,157.0,2019,363,34,30,0,7,12,-2.0,2019-01-12,24.9,2019-07-07,21.0,2019-06-27,2019-09-22
7227X,ALHAMA DE MURCIA,MURCIA,157.0,2020,366,25,24,0,6,9,-3.1,2020-12-27,23.0,2020-08-03,20.5,2020-07-03,2020-09-17
7227X,ALHAMA DE MURCIA,MURCIA,157.0,2021,365,34,28,0,6,11,-2.8,2021-01-04,23.6,2021-08-17,21.1,2021-07-07,2021-09-25
7227X,ALHAMA DE MURCIA,MURCIA,157.0,2022,365,35,30,0,11,7,-2.8,2022-01-30,23.9,2022-07-26,21.3,2022-06-09,2022-12-13
7227X,ALHAMA DE MURCIA,MURCIA,157.0,2023,365,62,57,1,25,32,-2.3,2023-02-01,25.5,2023-08-03,22.3,2023-06-21,2023-09-18
7227X,ALHAMA DE MURCIA,MURCIA,157.0,2024,366,52,45,0,16,19,0.2,2024-12-16,24.0,2024-07-29,21.9,2024-06-07,2024-09-08
7227X,ALHAMA DE MURCIA,MURCIA,157.0,2025,365,50,45,0,15,10,-4.0,2025-01-15,24.9,2025-07-09,21.7,2025-06-14,2025-09-15
7228,"ALCANTARILLA, BASE AÉREA",MURCIA,75.0,2017,365,69,62,1,29,24,-3.8,2017-12-05,26.6,2017-08-02,22.8,2017-06-07,2017-09-27
7228,"ALCANTARILLA, BASE AÉREA",MURCIA,75.0,2018,365,71,54,1,28,29,-1.8,2018-02-24,25.4,2018-08-13,22.7,2018-06-27,2018-09-27
7228,"ALCANTARILLA, BASE AÉREA",MURCIA,75.0,2019,365,56,48,1,17,9,-3.5,2019-01-12,26.9,2019-07-07,22.0,2019-06-26,2019-09-22
7228,"ALCANTARILLA, BASE AÉREA",MURCIA,75.0,2020,366,40,39,1,12,15,-1.9,2020-12-27,25.6,2020-08-04,21.5,2020-06-19,2020-09-17
7228,"ALCANTARILLA, BASE AÉREA",MURCIA,75.0,2021,365,65,53,1,26,23,-3.0,2021-01-04,25.6,2021-08-17,22.4,2021-06-19,2021-09-25
7228,"ALCANTARILLA, BASE AÉREA",MURCIA,75.0,2022,365,65,53,4,28,28,-2.4,2022-01-18,25.7,2022-07-30,23.0,2022-06-09,2022-09-21
7228,"ALCANTARILLA, BASE AÉREA",MURCIA,75.0,2023,365,76,65,5,53,40,-2.5,2023-01-29,26.6,2023-08-11,24.0,2023-06-12,2023-09-19
7228,"ALCANTARILLA, BASE AÉREA",MURCIA,75.0,2024,366,80,68,2,43,43,-0.2,2024-12-21,25.5,2024-07-13,23.6,2024-06-07,2024-10-03
7228,"ALCANTARILLA, BASE AÉREA",MURCIA,75.0,2025,365,86,74,2,45,30,-2.7,2025-01-15,26.5,2025-07-09,23.3,2025-06-09,2025-09-21
7237E,MOLINA DE SEGURA,MURCIA,170.0,2017,365,43,42,0,15,9,-1.0,2017-01-18,24.4,2017-08-02,21.9,2017-06-16,2017-09-05
7237E,MOLINA DE SEGURA,MURCIA,170.0,2018,356,53,41,0,17,15,-0.2,2018-01-08,24.5,2018-08-06,21.8,2018-06-29,2018-09-26
7237E,MOLINA DE SEGURA,MURCIA,170.0,2019,363,43,38,0,13,12,0.9,2019-01-12,24.8,2019-07-07,21.8,2019-06-27,2019-09-21
7237E,MOLINA DE SEGURA,MURCIA,170.0,2020,366,36,34,0,12,11,1.2,2020-01-07,23.7,2020-08-04,21.2,2020-07-02,2020-09-24
7237E,MOLINA DE SEGURA,MURCIA,170.0,2021,361,38,31,0,9,9,1.2,2021-01-12,23.6,2021-08-12,21.5,2021-06-16,2021-09-25
7237E,MOLINA DE SEGURA,MURCIA,170.0,2022,361,51,41,1,21,9,0.8,2022-01-20,25.6,2022-08-13,22.2,2022-06-09,2022-09-18
7237E,MOLINA DE SEGURA,MURCIA,170.0,2023,362,63,58,2,32,32,-0.2,2023-02-01,26.2,2023-08-03,22.7,2023-06-19,2023-09-17
7237E,MOLINA DE SEGURA,MURCIA,170.0,2024,364,66,54,0,27,20,2.6,2024-03-10,24.8,2024-07-21,22.5,2024-06-07,2024-10-03
7237E,MOLINA DE SEGURA,MURCIA,170.0,2025,363,66,59,2,22,26,0.2,2025-01-16,25.2,2025-07-09,22.5,2025-06-12,2025-09-15
7244X,ORIHUELA,ALICANTE,26.0,2017,365,66,60,1,30,24,-0.8,2017-12-05,26.1,2017-08-02,23.1,2017-06-07,2017-09-08
7244X,ORIHUELA,ALICANTE,26.0,2018,365,73,53,0,28,23,0.4,2018-02-24,24.8,2018-08-11,22.7,2018-06-29,2018-09-27
7244X,ORIHUELA,ALICANTE,26.0,2019,365,67,53,1,24,28,-2.4,2019-01-12,25.7,2019-07-07,22.5,2019-06-26,2019-10-01
7244X,ORIHUELA,ALICANTE,26.0,2020,366,52,47,0,19,15,0.5,2020-12-27,24.9,2020-08-03,22.1,2020-06-19,2020-09-25
7244X,ORIHUELA,ALICANTE,26.0,2021,365,66,53,0,28,22,-1.3,2021-01-04,25.0,2021-08-16,22.7,2021-06-19,2021-09-25
7244X,ORIHUELA,ALICANTE,26.0,2022,365,77,61,5,31,32,-1.3,2022-01-17,26.5,2022-08-13,23.1,2022-06-09,2022-09-25
7244X,ORIHUELA,ALICANTE,26.0,2023,365,83,71,8,53,40,-1.3,2023-01-29,26.4,2023-07-25,24.0,2023-06-10,2023-09-19
7244X,ORIHUELA,ALICANTE,26.0,2024,366,79,65,0,44,39,1.6,2024-12-22,24.6,2024-07-22,23.4,2024-06-07,2024-10-03
7244X,ORIHUELA,ALICANTE,26.0,2025,359,87,75,1,41,31,-2.0,2025-01-15,25.6,2025-07-08,23.3,2025-06-09,2025-10-06
7247X,EL PINÓS/PINOSO,ALICANTE,577.0,2017,360,1,1,0,0,1,-7.8,2017-12-05,20.4,2017-08-02,17.2,2017-08-02,2017-08-02
7247X,EL PINÓS/PINOSO,ALICANTE,577.0,2018,361,0,0,0,0,0,-5.5,2018-02-24,18.9,2018-08-06,16.4,,
7247X,EL PINÓS/PINOSO,ALICANTE,577.0,2019,358,4,4,0,1,1,-8.6,2019-01-11,23.3,2019-07-07,18.5,2019-07-07,2019-08-10
7247X,EL PINÓS/PINOSO,ALICANTE,577.0,2020,360,2,2,0,0,1,-4.8,2020-12-27,20.1,2020-07-29,17.8,2020-07-29,2020-07-31
7247X,EL PINÓS/PINOSO,ALICANTE,577.0,2021,362,8,8,0,1,5,-5.1,2021-01-06,22.7,2021-07-12,18.3,2021-07-12,2021-08-18
7247X,EL PINÓS/PINOSO,ALICANTE,577.0,2022,365,4,3,0,0,1,-5.3,2022-01-19,22.0,2022-09-13,18.6,2022-07-05,2022-09-13
7247X,EL PINÓS/PINOSO,ALICANTE,577.0,2023,365,9,9,0,1,2,-4.9,2023-02-01,22.9,2023-08-03,19.4,2023-06-26,2023-08-11
7247X,EL PINÓS/PINOSO,ALICANTE,577.0,2024,361,7,6,0,1,2,-2.7,2024-12-21,22.4,2024-07-16,19.0,2024-07-13,2024-09-02
7247X,EL PINÓS/PINOSO,ALICANTE,577.0,2025,352,17,17,0,3,4,-6.4,2025-01-15,25.0,2025-08-18,20.0,2025-06-22,2025-08-28
7250C,ABANILLA,MURCIA,174.0,2017,365,37,35,0,11,9,-2.6,2017-12-05,24.2,2017-08-02,21.4,2017-06-16,2017-09-07
7250C,ABANILLA,MURCIA,174.0,2018,365,39,32,0,9,13,-0.6,2018-02-24,24.3,2018-08-10,21.2,2018-06-29,2018-09-26
7250C,ABANILLA,MURCIA,174.0,2019,365,30,25,2,8,4,-2.3,2019-01-12,25.3,2019-07-27,21.0,2019-07-02,2019-09-20
7250C,ABANILLA,MURCIA,174.0,2020,366,20,19,0,7,9,-2.6,2020-12-27,23.6,2020-08-04,20.2,2020-07-12,2020-09-17
7250C,ABANILLA,MURCIA,174.0,2021,365,31,25,0,9,12,-0.9,2021-01-05,24.5,2021-08-16,20.9,2021-06-30,2021-09-25
7250C,ABANILLA,MURCIA,174.0,2022,365,35,30,0,12,8,-1.9,2022-01-18,24.8,2022-08-13,21.0,2022-06-09,2022-09-18
7250C,ABANILLA,MURCIA,174.0,2023,363,57,51,0,20,16,-1.6,2023-01-31,24.5,2023-07-20,22.1,2023-06-21,2023-09-18
7250C,ABANILLA,MURCIA,174.0,2024,366,50,40,0,18,19,0.6,2024-12-21,24.2,2024-07-13,22.0,2024-06-07,2024-09-27
7250C,ABANILLA,MURCIA,174.0,2025,365,60,53,1,17,21,-2.7,2025-01-15,25.1,2025-07-08,21.8,2025-06-14,2025-10-22
7261X,ROJALES,ALICANTE,31.0,2017,365,71,63,2,36,29,0.4,2017-12-05,26.4,2017-08-02,23.1,2017-06-16,2017-09-09
7261X,ROJALES,ALICANTE,31.0,2018,365,83,63,1,40,43,1.4,2018-01-09,25.9,2018-08-06,23.0,2018-06-24,2018-09-26
7261X,ROJALES,ALICANTE,31.0,2019,334,78,64,1,30,47,0.5,2019-01-12,25.5,2019-07-07,22.8,2019-06-26,2019-10-01
7261X,ROJALES,ALICANTE,31.0,2020,366,66,60,0,28,32,0.8,2020-12-27,24.8,2020-08-04,22.5,2020-06-07,2020-09-25
7261X,ROJALES,ALICANTE,31.0,2021,365,82,62,1,32,50,1.5,2021-01-14,25.4,2021-08-16,23.0,2021-06-13,2021-09-25
7261X,ROJALES,ALICANTE,31.0,2022,365,87,69,5,40,49,1.2,2022-01-17,27.7,2022-08-13,23.3,2022-06-09,2022-09-25
7261X,ROJALES,ALICANTE,31.0,2023,364,86,70,9,59,40,0.0,2023-01-29,26.4,2023-08-03,24.2,2023-06-10,2023-09-19
7261X,ROJALES,ALICANTE,31.0,2024,366,86,71,0,49,69,3.5,2024-12-22,24.7,2024-07-29,23.7,2024-05-31,2024-10-14
7261X,ROJALES,ALICANTE,31.0,2025,365,103,84,3,62,70,-0.5,2025-01-15,26.9,2025-07-08,23.7,2025-06-03,2025-10-23
7275C,YECLA,MURCIA,640.0,2017,363,9,9,0,0,2,-6.3,2017-12-05,21.1,2017-07-15,19.0,2017-06-16,2017-08-26
7275C,YECLA,MURCIA,640.0,2018,361,5,5,0,0,1,-5.7,2018-02-24,21.7,2018-07-30,18.4,2018-07-02,2018-08-26
7275C,YECLA,MURCIA,640.0,2019,359,5,5,0,2,1,-7.9,2019-01-11,23.1,2019-08-10,18.4,2019-07-07,2019-08-10
7275C,YECLA,MURCIA,640.0,2020,365,4,4,0,0,1,-5.9,2020-12-27,21.2,2020-08-16,18.1,2020-07-20,2020-08-16
7275C,YECLA,MURCIA,640.0,2021,364,7,7,0,3,4,-6.8,2021-01-06,22.7,2021-08-15,18.5,2021-07-04,2021-08-17
7275C,YECLA,MURCIA,640.0,2022,354,6,5,0,1,3,-6.6,2022-01-19,22.3,2022-07-30,18.4,2022-07-27,2022-09-13
7275C,YECLA,MURCIA,640.0,2023,365,14,13,0,3,3,-5.9,2023-01-24,23.7,2023-07-24,19.6,2023-06-26,2023-09-04
7275C,YECLA,MURCIA,640.0,2024,366,15,14,0,1,2,-3.5,2024-12-21,23.2,2024-08-01,19.7,2024-07-12,2024-09-02
7275C,YECLA,MURCIA,640.0,2025,364,23,23,0,4,4,-5.8,2025-01-15,23.8,2025-08-18,20.3,2025-06-22,2025-08-30
8005X,FONTANARS DELS ALFORINS,VALENCIA,622.0,2018,365,2,2,0,0,1,-6.7,2018-02-23,20.4,2018-07-25,17.8,2018-07-25,2018-08-14
8005X,FONTANARS DELS ALFORINS,VALENCIA,622.0,2019,364,3,3,0,0,1,-8.5,2019-01-11,21.0,2019-07-07,17.8,2019-07-07,2019-08-11
8005X,FONTANARS DELS ALFORINS,VALENCIA,622.0,2020,365,3,3,0,0,2,-4.6,2020-12-27,20.6,2020-08-03,17.7,2020-08-03,2020-08-24
8005X,FONTANARS DELS ALFORINS,VALENCIA,622.0,2021,364,4,4,0,1,3,-8.2,2021-01-06,22.3,2021-08-15,17.7,2021-08-14,2021-08-18
8005X,FONTANARS DELS ALFORINS,VALENCIA,622.0,2022,365,4,4,0,0,3,-7.6,2022-01-18,21.6,2022-07-30,17.4,2022-07-26,2022-07-31
8005X,FONTANARS DELS ALFORINS,VALENCIA,622.0,2023,364,10,9,0,0,2,-8.0,2023-01-23,21.9,2023-07-24,19.3,2023-07-12,2023-09-04
8005X,FONTANARS DELS ALFORINS,VALENCIA,622.0,2024,366,6,6,0,0,2,-5.3,2024-12-21,20.8,2024-07-13,18.3,2024-07-13,2024-08-28
8005X,FONTANARS DELS ALFORINS,VALENCIA,622.0,2025,365,4,4,0,0,3,-7.8,2025-01-15,21.3,2025-08-18,18.7,2025-07-07,2025-08-18
8008Y,VILLENA,ALICANTE,486.0,2017,364,5,5,0,0,2,-9.3,2017-12-05,20.9,2017-08-02,18.1,2017-06-28,2017-08-17
8008Y,VILLENA,ALICANTE,486.0,2018,365,5,5,0,0,2,-6.1,2018-02-23,21.3,2018-08-27,17.6,2018-08-08,2018-08-27
8008Y,VILLENA,ALICANTE,486.0,2019,363,2,2,0,1,1,-8.4,2019-01-11,22.8,2019-07-07,17.6,2019-07-07,2019-07-13
8008Y,VILLENA,ALICANTE,486.0,2020,366,2,2,0,0,1,-7.4,2020-01-13,21.6,2020-08-24,16.9,2020-07-29,2020-08-24
8008Y,VILLENA,ALICANTE,486.0,2021,364,2,2,0,0,1,-7.7,2021-01-06,21.6,2021-08-17,17.7,2021-07-12,2021-08-17
8008Y,VILLENA,ALICANTE,486.0,2022,365,5,4,0,0,2,-8.3,2022-01-30,20.8,2022-07-26,17.4,2022-07-05,2022-09-13
8008Y,VILLENA,ALICANTE,486.0,2023,362,8,7,0,1,2,-7.4,2023-02-01,22.4,2023-08-11,18.9,2023-07-10,2023-09-04
8008Y,VILLENA,ALICANTE,486.0,2024,341,3,2,0,0,1,-5.7,2024-12-16,21.4,2024-09-02,18.7,2024-07-17,2024-09-02
8008Y,VILLENA,ALICANTE,486.0,2025,365,5,5,0,1,2,-9.6,2025-01-15,22.7,2025-07-09,18.5,2025-07-07,2025-08-27
8013X,NOVELDA,ALICANTE,233.0,2017,361,61,57,1,24,23,0.0,2017-01-18,26.2,2017-08-02,23.0,2017-06-14,2017-09-08
8013X,NOVELDA,ALICANTE,233.0,2018,365,68,55,1,25,22,1.1,2018-01-08,25.4,2018-08-06,22.6,2018-06-25,2018-09-26
8013X,NOVELDA,ALICANTE,233.0,2019,365,62,52,2,25,15,0.9,2019-01-11,25.7,2019-08-10,22.5,2019-06-24,2019-09-22
8013X,NOVELDA,ALICANTE,233.0,2020,366,52,48,2,22,25,2.0,2020-01-03,25.1,2020-07-31,22.6,2020-06-07,2020-09-24
8013X,NOVELDA,ALICANTE,233.0,2021,365,61,50,2,29,29,1.0,2021-01-06,26.1,2021-08-16,22.5,2021-05-16,2021-09-24
8013X,NOVELDA,ALICANTE,233.0,2022,335,66,63,1,22,36,1.1,2022-01-18,27.3,2022-08-13,22.5,2022-05-23,2022-09-18
8013X,NOVELDA,ALICANTE,233.0,2023,359,80,69,4,46,31,1.1,2023-02-01,26.3,2023-08-03,23.8,2023-06-10,2023-09-18
8013X,NOVELDA,ALICANTE,233.0,2024,366,87,72,2,42,43,3.4,2024-03-10,25.4,2024-08-01,23.0,2024-06-07,2024-10-14
8013X,NOVELDA,ALICANTE,233.0,2025,364,90,77,6,57,46,0.8,2025-01-15,27.5,2025-08-18,23.9,2025-06-03,2025-10-23
8018X,ELX/ELCHE,ALICANTE,110.0,2017,365,47,44,1,19,10,0.9,2017-01-18,25.1,2017-08-02,22.1,2017-06-16,2017-09-07
8018X,ELX/ELCHE,ALICANTE,110.0,2018,365,65,48,0,19,19,1.3,2018-02-02,24.5,2018-08-06,22.1,2018-06-29,2018-09-26
8018X,ELX/ELCHE,ALICANTE,110.0,2019,364,48,39,0,12,14,1.6,2019-01-12,24.6,2019-07-07,21.7,2019-06-26,2019-09-22
8018X,ELX/ELCHE,ALICANTE,110.0,2020,364,35,34,0,9,6,2.0,2020-12-28,24.2,2020-08-03,21.1,2020-07-03,2020-09-17
8018X,ELX/ELCHE,ALICANTE,110.0,2021,338,44,36,0,14,16,0.4,2021-01-06,24.1,2021-08-16,21.7,2021-06-16,2021-09-25
8018X,ELX/ELCHE,ALICANTE,110.0,2022,365,45,36,2,18,13,1.5,2022-01-17,27.1,2022-08-13,22.0,2022-06-15,2022-09-18
8018X,ELX/ELCHE,ALICANTE,110.0,2023,348,67,57,2,28,16,-0.1,2023-03-02,26.0,2023-08-03,22.8,2023-06-19,2023-09-18
8018X,ELX/ELCHE,ALICANTE,110.0,2024,365,54,46,0,16,17,1.8,2024-03-10,24.1,2024-06-07,22.0,2024-06-07,2024-09-13
8018X,ELX/ELCHE,ALICANTE,110.0,2025,364,59,54,1,15,17,-0.4,2025-01-15,25.1,2025-08-18,22.0,2025-06-12,2025-10-22
8019,ALICANTE-ELCHE AEROPUERTO,ALICANTE,43.0,2017,362,71,63,2,38,33,0.0,2017-01-18,27.2,2017-08-02,23.6,2017-06-16,2017-09-12
8019,ALICANTE-ELCHE AEROPUERTO,ALICANTE,43.0,2018,362,93,67,5,49,61,2.0,2018-01-09,26.0,2018-08-06,23.6,2018-06-12,2018-09-27
8019,ALICANTE-ELCHE AEROPUERTO,ALICANTE,43.0,2019,361,74,61,4,31,48,0.8,2019-01-11,25.4,2019-07-07,22.9,2019-06-26,2019-09-25
8019,ALICANTE-ELCHE AEROPUERTO,ALICANTE,43.0,2020,366,64,55,2,24,36,0.2,2020-12-27,25.6,2020-08-23,22.5,2020-06-24,2020-09-24
8019,ALICANTE-ELCHE AEROPUERTO,ALICANTE,43.0,2021,362,69,53,0,25,22,2.2,2021-01-04,24.5,2021-08-12,22.2,2021-06-13,2021-09-25
8019,ALICANTE-ELCHE AEROPUERTO,ALICANTE,43.0,2022,365,87,72,5,46,66,1.5,2022-01-16,26.3,2022-08-13,23.1,2022-06-09,2022-09-25
8019,ALICANTE-ELCHE AEROPUERTO,ALICANTE,43.0,2023,364,92,76,8,62,72,1.2,2023-01-22,27.0,2023-08-20,24.2,2023-06-10,2023-09-19
8019,ALICANTE-ELCHE AEROPUERTO,ALICANTE,43.0,2024,366,85,70,1,44,42,3.0,2024-03-10,25.2,2024-07-30,23.5,2024-06-07,2024-09-27
8019,ALICANTE-ELCHE AEROPUERTO,ALICANTE,43.0,2025,362,97,80,4,57,43,0.3,2025-01-15,26.4,2025-07-08,23.6,2025-06-09,2025-09-29
8025,ALACANT/ALICANTE,ALICANTE,81.0,2017,363,66,62,2,39,35,0.6,2017-01-18,27.2,2017-08-02,23.1,2017-06-16,2017-09-08
8025,ALACANT/ALICANTE,ALICANTE,81.0,2018,365,86,64,3,41,39,2.2,2018-02-24,26.5,2018-08-06,22.9,2018-06-24,2018-09-26
8025,ALACANT/ALICANTE,ALICANTE,81.0,2019,365,72,60,2,30,50,0.0,2019-01-12,26.0,2019-07-07,22.8,2019-06-21,2019-09-23
8025,ALACANT/ALICANTE,ALICANTE,81.0,2020,366,73,67,4,28,61,1.2,2020-12-27,25.6,2020-08-23,22.7,2020-06-07,2020-09-25
8025,ALACANT/ALICANTE,ALICANTE,81.0,2021,365,86,65,2,38,39,1.0,2021-01-13,25.6,2021-08-12,23.0,2021-06-12,2021-11-01
8025,ALACANT/ALICANTE,ALICANTE,81.0,2022,365,91,72,6,44,72,1.4,2022-01-17,28.6,2022-08-13,23.3,2022-06-03,2022-09-25
8025,ALACANT/ALICANTE,ALICANTE,81.0,2023,363,94,76,10,62,67,1.2,2023-01-24,26.4,2023-08-20,24.5,2023-06-10,2023-09-22
8025,ALACANT/ALICANTE,ALICANTE,81.0,2024,365,91,74,0,64,72,3.9,2024-02-05,25.0,2024-09-02,23.8,2024-06-07,2024-10-14
8025,ALACANT/ALICANTE,ALICANTE,81.0,2025,365,105,85,5,72,48,0.6,2025-01-15,26.5,2025-08-19,24.0,2025-05-31,2025-10-23
8036Y,BENIDORM,ALICANTE,36.0,2017,331,65,58,2,26,23,1.9,2017-01-18,27.1,2017-08-02,22.9,2017-06-16,2017-09-26
8036Y,BENIDORM,ALICANTE,36.0,2018,365,81,57,2,30,33,1.9,2018-02-13,25.5,2018-08-10,23.1,2018-04-24,2018-09-26
8036Y,BENIDORM,ALICANTE,36.0,2021,364,76,58,1,33,17,0.0,2021-01-03,25.3,2021-08-16,22.9,2021-06-12,2021-11-01
8036Y,BENIDORM,ALICANTE,36.0,2022,365,79,63,4,38,34,2.1,2022-01-17,26.5,2022-09-13,23.2,2022-05-20,2022-09-25
8036Y,BENIDORM,ALICANTE,36.0,2023,365,81,68,6,47,40,-0.1,2023-02-28,26.7,2023-08-26,24.0,2023-04-29,2023-09-18
8036Y,BENIDORM,ALICANTE,36.0,2024,366,77,65,3,38,21,3.7,2024-01-08,26.4,2024-07-30,23.2,2024-06-07,2024-10-14
8036Y,BENIDORM,ALICANTE,36.0,2025,365,97,78,0,40,37,2.0,2025-01-15,25.0,2025-08-25,23.2,2025-06-10,2025-10-23
8050X,JÁVEA/ XÀBIA,ALICANTE,15.0,2017,362,52,47,2,26,22,-0.3,2017-12-18,26.5,2017-08-02,22.4,2017-06-18,2017-09-09
8050X,JÁVEA/ XÀBIA,ALICANTE,15.0,2018,364,59,41,2,26,14,0.2,2018-02-13,25.7,2018-08-07,22.4,2018-06-29,2018-09-26
8050X,JÁVEA/ XÀBIA,ALICANTE,15.0,2019,362,48,40,2,20,5,-0.6,2019-01-12,25.6,2019-07-07,22.1,2019-06-21,2019-09-23
8050X,JÁVEA/ XÀBIA,ALICANTE,15.0,2020,359,52,48,3,20,11,-0.7,2020-12-27,25.2,2020-07-29,22.2,2020-06-19,2020-09-24
8050X,JÁVEA/ XÀBIA,ALICANTE,15.0,2021,307,63,51,2,26,16,-1.6,2021-01-06,25.2,2021-08-08,22.8,2021-06-12,2021-09-25
8050X,JÁVEA/ XÀBIA,ALICANTE,15.0,2022,339,65,50,2,30,15,0.4,2022-01-17,26.5,2022-07-26,23.3,2022-06-09,2022-09-24
8050X,JÁVEA/ XÀBIA,ALICANTE,15.0,2023,360,66,56,4,39,32,-0.1,2023-01-27,26.0,2023-09-04,23.7,2023-06-19,2023-09-18
8050X,JÁVEA/ XÀBIA,ALICANTE,15.0,2024,354,70,58,1,27,17,2.4,2024-01-12,25.6,2024-08-02,22.3,2024-05-27,2024-10-29
8050X,JÁVEA/ XÀBIA,ALICANTE,15.0,2025,360,71,61,3,35,17,0.5,2025-01-15,25.7,2025-07-09,22.8,2025-06-09,2025-09-20
8057C,PEGO,ALICANTE,60.0,2017,365,75,67,3,48,34,0.6,2017-01-18,26.4,2017-08-02,23.7,2017-06-14,2017-09-14
8057C,PEGO,ALICANTE,60.0,2018,365,100,76,4,64,90,3.1,2018-02-08,26.3,2018-08-06,23.8,2018-06-05,2018-09-25
8057C,PEGO,ALICANTE,60.0,2019,365,84,65,3,50,62,2.7,2019-01-11,27.2,2019-08-10,23.2,2019-05-09,2019-11-02
8057C,PEGO,ALICANTE,60.0,2020,364,81,68,0,53,44,5.0,2020-01-13,25.0,2020-08-23,23.6,2020-05-02,2020-09-24
8057C,PEGO,ALICANTE,60.0,2021,354,87,69,1,50,30,2.0,2021-01-13,27.6,2021-08-15,23.2,2021-05-16,2021-09-26
8057C,PEGO,ALICANTE,60.0,2022,355,105,82,10,78,50,4.0,2022-01-18,29.1,2022-08-13,24.6,2022-05-29,2022-10-20
8057C,PEGO,ALICANTE,60.0,2023,365,103,78,14,66,73,3.2,2023-01-23,26.7,2023-07-31,24.9,2023-03-11,2023-10-26
8057C,PEGO,ALICANTE,60.0,2024,366,95,76,5,60,42,5.4,2024-01-12,25.7,2024-08-25,24.5,2024-06-07,2024-10-14
8057C,PEGO,ALICANTE,60.0,2025,365,111,86,15,82,57,4.0,2025-01-15,27.2,2025-08-18,24.9,2025-05-31,2025-10-23
8058X,OLIVA,VALENCIA,1.0,2017,312,53,48,1,19,15,0.0,2017-12-05,25.2,2017-08-06,22.4,2017-06-16,2017-09-08
8058X,OLIVA,VALENCIA,1.0,2018,345,64,51,1,28,12,1.5,2018-02-24,25.1,2018-08-06,22.5,2018-06-23,2018-09-25
8058X,OLIVA,VALENCIA,1.0,2019,321,52,38,4,20,14,-0.9,2019-01-12,26.9,2019-08-10,22.7,2019-05-10,2019-11-02
8058Y,MIRAMAR,VALENCIA,12.0,2017,364,82,69,5,59,35,1.2,2017-01-18,25.7,2017-08-06,24.0,2017-06-14,2017-10-01
8058Y,MIRAMAR,VALENCIA,12.0,2018,365,100,76,7,67,55,3.4,2018-02-24,25.7,2018-08-06,24.4,2018-06-05,2018-09-25
8058Y,MIRAMAR,VALENCIA,12.0,2019,362,92,68,4,60,63,2.8,2019-01-11,27.0,2019-08-10,23.7,2019-05-09,2019-11-02
8058Y,MIRAMAR,VALENCIA,12.0,2020,366,85,72,3,57,70,3.4,2020-12-27,25.3,2020-08-23,24.1,2020-06-12,2020-09-24
8058Y,MIRAMAR,VALENCIA,12.0,2021,365,102,79,3,56,66,1.8,2021-01-06,27.6,2021-08-15,23.8,2021-05-16,2021-11-01
8058Y,MIRAMAR,VALENCIA,12.0,2022,364,109,84,16,81,58,4.5,2022-01-17,28.9,2022-08-13,24.9,2022-05-23,2022-10-20
8058Y,MIRAMAR,VALENCIA,12.0,2023,364,105,78,24,70,73,3.2,2023-01-23,27.0,2023-07-31,25.3,2023-03-31,2023-10-26
8058Y,MIRAMAR,VALENCIA,12.0,2024,365,98,78,8,71,63,4.9,2024-01-12,26.2,2024-08-21,24.7,2024-06-07,2024-10-29
8058Y,MIRAMAR,VALENCIA,12.0,2025,365,114,90,21,87,57,2.8,2025-01-15,27.2,2025-07-07,25.4,2025-05-31,2025-10-23
8059C,ALCOI/ALCOY,ALICANTE,530.0,2017,365,30,30,0,4,11,-3.5,2017-01-18,23.8,2017-06-24,20.6,2017-06-16,2017-08-26
8059C,ALCOI/ALCOY,ALICANTE,530.0,2018,334,25,25,0,7,9,-1.3,2018-02-23,24.3,2018-07-28,20.7,2018-07-02,2018-08-14
8059C,ALCOI/ALCOY,ALICANTE,530.0,2019,336,11,11,0,2,4,-1.9,2019-01-11,24.7,2019-07-07,19.6,2019-07-06,2019-07-30
8059C,ALCOI/ALCOY,ALICANTE,530.0,2020,366,27,27,0,5,5,-0.1,2020-12-26,23.7,2020-08-01,20.6,2020-06-30,2020-08-28
8059C,ALCOI/ALCOY,ALICANTE,530.0,2021,364,26,25,1,9,8,-2.6,2021-01-06,25.4,2021-08-15,20.4,2021-06-28,2021-09-10
8059C,ALCOI/ALCOY,ALICANTE,530.0,2022,360,36,32,0,8,13,0.1,2022-01-19,24.6,2022-07-25,21.0,2022-06-15,2022-09-13
8059C,ALCOI/ALCOY,ALICANTE,530.0,2023,365,50,48,1,16,12,-2.0,2023-01-23,27.9,2023-07-19,21.8,2023-06-25,2023-09-05
8059C,ALCOI/ALCOY,ALICANTE,530.0,2024,366,42,40,1,7,10,1.1,2024-01-12,26.3,2024-07-20,21.5,2024-07-10,2024-09-26
8059C,ALCOI/ALCOY,ALICANTE,530.0,2025,363,43,43,1,12,9,-0.4,2025-01-15,25.2,2025-07-17,21.8,2025-06-14,2025-08-28
8072Y,BARX,VALENCIA,340.0,2017,364,26,25,0,3,4,-2.6,2017-01-18,23.0,2017-08-06,20.6,2017-06-23,2017-09-25
8072Y,BARX,VALENCIA,340.0,2018,358,29,27,0,2,8,-2.3,2018-03-22,22.3,2018-08-13,20.7,2018-06-29,2018-09-05
8072Y,BARX,VALENCIA,340.0,2019,347,20,20,0,4,4,-3.5,2019-01-11,24.1,2019-07-07,20.3,2019-07-06,2019-08-20
8072Y,BARX,VALENCIA,340.0,2020,343,20,18,0,1,4,0.1,2020-12-27,22.3,2020-08-03,20.3,2020-07-03,2020-09-24
8072Y,BARX,VALENCIA,340.0,2021,347,19,16,1,3,3,-2.5,2021-01-06,25.2,2021-08-15,20.2,2021-07-05,2021-09-14
8072Y,BARX,VALENCIA,340.0,2022,361,38,31,0,10,18,-1.1,2022-04-03,24.5,2022-08-14,21.4,2022-06-16,2022-09-13
8072Y,BARX,VALENCIA,340.0,2023,363,49,47,0,10,26,-3.5,2023-01-23,23.7,2023-07-24,21.3,2023-06-25,2023-09-05
8072Y,BARX,VALENCIA,340.0,2024,361,32,29,0,6,6,-0.8,2024-01-12,23.4,2024-08-20,20.7,2024-06-28,2024-09-26
8072Y,BARX,VALENCIA,340.0,2025,364,39,37,0,13,8,-1.8,2025-01-15,25.0,2025-08-18,21.3,2025-06-20,2025-09-16
8084Y,PANTANO DE LA TOBA (AUTOMATICA),CUENCA,1154.0,2017,365,0,0,0,0,0,-10.5,2017-01-18,16.5,2017-08-07,13.7,,
8096,CUENCA,CUENCA,949.0,2017,365,17,17,0,0,4,-8.3,2017-01-18,21.3,2017-07-17,19.6,2017-06-17,2017-08-26
8096,CUENCA,CUENCA,949.0,2018,365,3,3,0,0,2,-6.4,2018-02-08,21.0,2018-08-06,18.7,2018-08-01,2018-08-06
8096,CUENCA,CUENCA,949.0,2019,365,11,11,0,4,7,-5.8,2019-01-11,24.0,2019-06-27,19.0,2019-06-27,2019-07-26
8096,CUENCA,CUENCA,949.0,2020,366,10,10,0,3,5,-4.9,2020-01-13,23.4,2020-07-27,19.2,2020-07-27,2020-08-24
8096,CUENCA,CUENCA,949.0,2021,365,8,7,0,2,5,-10.9,2021-01-12,22.6,2021-08-15,18.9,2021-07-22,2021-09-07
8096,CUENCA,CUENCA,949.0,2022,365,25,25,0,4,7,-5.4,2022-01-16,23.2,2022-08-04,20.7,2022-06-13,2022-08-24
8096,CUENCA,CUENCA,949.0,2023,365,14,14,0,3,4,-6.2,2023-03-01,24.7,2023-07-18,19.4,2023-07-11,2023-08-26
8096,CUENCA,CUENCA,949.0,2024,366,21,21,0,1,10,-3.7,2024-01-12,22.8,2024-07-30,20.2,2024-06-06,2024-08-21
8096,CUENCA,CUENCA,949.0,2025,365,12,12,0,2,2,-6.1,2025-01-14,22.1,2025-06-29,19.8,2025-06-15,2025-08-27
8155Y,MOTILLA DEL PALANCAR,CUENCA,830.0,2018,365,3,3,0,0,2,-6.0,2018-02-13,21.4,2018-08-06,18.1,2018-08-01,2018-08-06
8155Y,MOTILLA DEL PALANCAR,CUENCA,830.0,2019,364,2,2,0,0,2,-8.1,2019-01-11,20.4,2019-07-25,17.5,2019-07-24,2019-07-25
8155Y,MOTILLA DEL PALANCAR,CUENCA,830.0,2020,347,1,1,0,0,1,-6.5,2020-01-14,20.1,2020-07-29,18.1,2020-07-29,2020-07-29
8155Y,MOTILLA DEL PALANCAR,CUENCA,830.0,2021,361,5,5,0,1,5,-15.5,2021-01-12,22.1,2021-08-14,18.0,2021-08-11,2021-08-15
8155Y,MOTILLA DEL PALANCAR,CUENCA,830.0,2022,353,7,7,0,1,3,-5.7,2022-01-18,22.1,2022-06-17,19.2,2022-06-16,2022-08-03
8155Y,MOTILLA DEL PALANCAR,CUENCA,830.0,2023,364,8,8,0,0,2,-7.1,2023-03-01,21.6,2023-07-10,18.9,2023-07-10,2023-08-23
8155Y,MOTILLA DEL PALANCAR,CUENCA,830.0,2024,366,7,7,0,0,3,-4.9,2024-12-15,22.0,2024-07-30,19.0,2024-07-24,2024-08-27
8155Y,MOTILLA DEL PALANCAR,CUENCA,830.0,2025,364,8,8,0,0,1,-8.4,2025-01-15,21.5,2025-07-09,19.5,2025-06-22,2025-08-25
8175,ALBACETE BASE AÉREA,ALBACETE,702.0,2017,365,19,19,0,1,4,-10.2,2017-01-18,23.0,2017-08-05,20.2,2017-06-16,2017-08-26
8175,ALBACETE BASE AÉREA,ALBACETE,702.0,2018,365,8,8,0,0,2,-7.7,2018-02-23,21.6,2018-08-06,18.7,2018-08-03,2018-08-16
8175,ALBACETE BASE AÉREA,ALBACETE,702.0,2019,365,3,3,0,1,2,-8.6,2019-01-11,23.6,2019-07-13,18.9,2019-07-12,2019-08-18
8175,ALBACETE BASE AÉREA,ALBACETE,702.0,2020,366,10,10,0,1,3,-5.8,2020-12-27,22.5,2020-08-01,19.1,2020-07-27,2020-08-26
8175,ALBACETE BASE AÉREA,ALBACETE,702.0,2021,365,10,9,1,2,7,-14.1,2021-01-12,25.1,2021-08-15,19.3,2021-07-11,2021-09-07
8175,ALBACETE BASE AÉREA,ALBACETE,702.0,2022,365,19,19,0,2,6,-6.7,2022-01-29,23.1,2022-07-30,20.2,2022-06-15,2022-08-29
8175,ALBACETE BASE AÉREA,ALBACETE,702.0,2023,365,21,21,0,5,5,-7.4,2023-01-28,23.4,2023-07-19,20.2,2023-07-03,2023-08-26
8175,ALBACETE BASE AÉREA,ALBACETE,702.0,2024,366,19,19,0,1,4,-5.2,2024-12-21,22.3,2024-07-30,20.1,2024-07-12,2024-08-28
8175,ALBACETE BASE AÉREA,ALBACETE,702.0,2025,365,14,14,0,2,3,-7.6,2025-01-15,22.3,2025-08-19,19.7,2025-06-15,2025-08-27
8177A,CHINCHILLA,ALBACETE,880.0,2017,357,3,3,0,0,1,-10.0,2017-01-18,21.1,2017-07-13,18.0,2017-07-13,2017-08-05
8177A,CHINCHILLA,ALBACETE,880.0,2018,309,0,0,0,0,0,-5.6,2018-02-23,19.8,2018-08-06,17.5,,
8177A,CHINCHILLA,ALBACETE,880.0,2021,335,3,3,0,1,3,-8.0,2021-01-12,23.0,2021-08-15,16.7,2021-08-13,2021-08-15
8177A,CHINCHILLA,ALBACETE,880.0,2022,363,1,1,0,1,1,-3.8,2022-04-02,22.3,2022-07-25,17.5,2022-07-25,2022-07-25
8178D,ALBACETE,ALBACETE,674.0,2017,365,29,29,0,1,5,-7.4,2017-01-18,22.6,2017-06-23,20.9,2017-06-15,2017-08-27
8178D,ALBACETE,ALBACETE,674.0,2018,365,19,19,0,1,11,-4.2,2018-02-08,23.7,2018-08-06,20.1,2018-07-09,2018-08-28
8178D,ALBACETE,ALBACETE,674.0,2019,365,14,14,1,3,3,-5.6,2019-01-11,25.6,2019-07-13,19.9,2019-07-06,2019-08-20
8178D,ALBACETE,ALBACETE,674.0,2020,366,23,23,0,6,6,-3.3,2020-01-02,23.4,2020-07-31,20.3,2020-06-29,2020-08-28
8178D,ALBACETE,ALBACETE,674.0,2021,365,23,22,1,5,8,-11.3,2021-01-12,26.1,2021-08-15,20.4,2021-07-04,2021-09-07
8178D,ALBACETE,ALBACETE,674.0,2022,365,27,26,0,9,7,-5.2,2022-01-14,24.8,2022-07-25,20.6,2022-06-13,2022-09-12
8178D,ALBACETE,ALBACETE,674.0,2023,365,39,38,3,10,14,-5.5,2023-12-27,25.8,2023-07-20,21.2,2023-06-26,2023-09-04
8178D,ALBACETE,ALBACETE,674.0,2024,366,32,31,0,9,9,-3.1,2024-12-11,23.1,2024-08-06,20.6,2024-07-11,2024-09-01
8178D,ALBACETE,ALBACETE,674.0,2025,365,30,29,0,7,5,-5.1,2025-01-14,24.2,2025-08-18,20.7,2025-06-11,2025-09-08
8193E,JALANCE,VALENCIA,372.0,2017,364,17,17,0,2,4,-7.2,2017-01-18,23.1,2017-07-21,19.9,2017-06-16,2017-08-20
8193E,JALANCE,VALENCIA,372.0,2018,365,14,13,0,3,3,-6.0,2018-02-23,22.5,2018-07-22,19.7,2018-07-13,2018-09-05
8193E,JALANCE,VALENCIA,372.0,2019,365,10,9,0,2,2,-7.8,2019-01-11,23.6,2019-07-07,19.0,2019-07-07,2019-09-15
8193E,JALANCE,VALENCIA,372.0,2020,349,9,9,0,3,2,-6.2,2020-01-13,23.1,2020-08-24,18.8,2020-07-04,2020-08-24
8193E,JALANCE,VALENCIA,372.0,2021,365,11,10,0,3,3,-7.7,2021-01-06,23.7,2021-08-18,19.3,2021-06-30,2021-09-04
8193E,JALANCE,VALENCIA,372.0,2022,357,11,10,0,3,4,-8.2,2022-01-19,24.4,2022-07-30,19.3,2022-06-16,2022-09-13
8193E,JALANCE,VALENCIA,372.0,2023,359,27,26,0,8,4,-6.9,2023-02-04,24.3,2023-07-14,20.7,2023-06-30,2023-09-04
8193E,JALANCE,VALENCIA,372.0,2024,366,23,20,0,5,7,-4.2,2024-12-16,22.6,2024-08-27,20.3,2024-07-08,2024-09-26
8193E,JALANCE,VALENCIA,372.0,2025,359,17,14,0,2,4,-7.8,2025-01-15,23.9,2025-07-09,19.9,2025-07-03,2025-09-08
8198Y,ALMANSA,ALBACETE,710.0,2017,335,0,0,0,0,0,-9.0,2017-01-18,19.4,2017-07-21,17.4,,
8198Y,ALMANSA,ALBACETE,710.0,2018,365,0,0,0,0,0,-6.6,2018-02-24,19.0,2018-07-30,17.1,,
8198Y,ALMANSA,ALBACETE,710.0,2019,364,2,2,0,0,1,-8.7,2019-01-11,21.1,2019-08-10,17.1,2019-07-07,2019-08-10
8198Y,ALMANSA,ALBACETE,710.0,2020,366,1,1,0,0,1,-5.4,2020-01-13,20.5,2020-08-04,17.1,2020-08-04,2020-08-04
8198Y,ALMANSA,ALBACETE,710.0,2021,362,3,3,0,1,2,-8.6,2021-01-06,22.3,2021-08-15,17.2,2021-08-14,2021-08-18
8198Y,ALMANSA,ALBACETE,710.0,2022,333,2,2,0,0,1,-7.0,2022-01-19,20.9,2022-07-30,17.1,2022-07-26,2022-07-30
8198Y,ALMANSA,ALBACETE,710.0,2023,364,6,6,0,2,2,-7.6,2023-01-24,22.9,2023-07-19,18.9,2023-07-19,2023-08-10
8198Y,ALMANSA,ALBACETE,710.0,2024,366,3,3,0,0,1,-4.0,2024-12-21,21.0,2024-08-01,18.0,2024-07-12,2024-08-27
8198Y,ALMANSA,ALBACETE,710.0,2025,365,4,4,0,0,3,-7.8,2025-01-15,20.7,2025-07-08,18.1,2025-07-07,2025-08-18
8203O,ZARRA,VALENCIA,856.0,2017,342,21,21,0,12,6,-4.1,2017-01-18,24.1,2017-06-15,20.8,2017-06-15,2017-08-25
8203O,ZARRA,VALENCIA,856.0,2018,323,19,17,0,5,10,-2.7,2018-02-23,23.7,2018-08-05,20.4,2018-06-22,2018-09-23
8203O,ZARRA,VALENCIA,856.0,2019,336,21,21,0,8,7,-2.6,2019-01-11,24.0,2019-08-07,20.6,2019-06-28,2019-08-30
8203O,ZARRA,VALENCIA,856.0,2020,332,19,19,1,7,4,-1.1,2020-12-26,28.1,2020-08-01,20.4,2020-06-28,2020-08-28
8203O,ZARRA,VALENCIA,856.0,2022,346,45,42,1,14,8,-1.1,2022-04-03,25.5,2022-06-15,21.8,2022-06-06,2022-09-12
8203O,ZARRA,VALENCIA,856.0,2023,362,34,33,3,17,9,-4.1,2023-02-28,27.6,2023-07-19,22.0,2023-06-17,2023-10-01
8203O,ZARRA,VALENCIA,856.0,2024,359,28,28,3,14,16,-0.2,2024-01-08,26.0,2024-08-01,21.5,2024-07-10,2024-08-27
8203O,ZARRA,VALENCIA,856.0,2025,344,36,34,5,12,7,-0.3,2025-01-14,26.9,2025-08-17,21.5,2025-05-30,2025-09-04
8210Y,SALVACAÑETE,CUENCA,1160.0,2017,349,0,0,0,0,0,-12.0,2017-01-18,18.9,2017-08-07,13.6,,
8210Y,SALVACAÑETE,CUENCA,1160.0,2018,362,0,0,0,0,0,-10.6,2018-02-24,17.3,2018-08-11,12.4,,
8210Y,SALVACAÑETE,CUENCA,1160.0,2019,364,0,0,0,0,0,-9.1,2019-01-04,16.8,2019-07-13,12.3,,
8210Y,SALVACAÑETE,CUENCA,1160.0,2020,311,0,0,0,0,0,-9.5,2020-01-13,17.8,2020-08-24,13.1,,
8210Y,SALVACAÑETE,CUENCA,1160.0,2021,351,0,0,0,0,0,-16.3,2021-01-12,15.2,2021-08-09,12.6,,
8210Y,SALVACAÑETE,CUENCA,1160.0,2024,366,0,0,0,0,0,-8.9,2024-12-17,17.1,2024-07-13,13.9,,
8210Y,SALVACAÑETE,CUENCA,1160.0,2025,364,0,0,0,0,0,-10.0,2025-01-14,19.3,2025-07-09,13.6,,
8245Y,MIRA,CUENCA,815.0,2017,336,0,0,0,0,0,-10.3,2017-12-06,19.7,2017-07-21,14.5,,
8245Y,MIRA,CUENCA,815.0,2018,365,0,0,0,0,0,-10.0,2018-02-24,17.9,2018-08-11,15.1,,
8245Y,MIRA,CUENCA,815.0,2019,364,0,0,0,0,0,-9.2,2019-01-04,18.4,2019-08-20,14.2,,
8245Y,MIRA,CUENCA,815.0,2020,363,0,0,0,0,0,-10.2,2020-01-14,17.6,2020-07-20,14.4,,
8245Y,MIRA,CUENCA,815.0,2021,365,0,0,0,0,0,-11.9,2021-01-13,18.1,2021-08-12,14.4,,
8245Y,MIRA,CUENCA,815.0,2022,362,0,0,0,0,0,-10.5,2022-01-19,18.6,2022-07-27,14.8,,
8245Y,MIRA,CUENCA,815.0,2023,365,1,1,0,0,1,-10.2,2023-12-27,20.6,2023-07-14,15.7,2023-07-14,2023-07-14
8245Y,MIRA,CUENCA,815.0,2024,301,1,1,0,0,1,-6.0,2024-01-02,20.2,2024-08-27,16.3,2024-08-27,2024-08-27
8270X,BICORP,VALENCIA,305.0,2017,365,29,28,0,5,10,-2.8,2017-01-18,23.0,2017-07-21,20.7,2017-06-16,2017-09-07
8270X,BICORP,VALENCIA,305.0,2018,365,28,27,0,4,5,-1.8,2018-02-23,22.5,2018-08-11,20.7,2018-06-29,2018-09-01
8270X,BICORP,VALENCIA,305.0,2019,364,17,17,0,3,5,-2.3,2019-01-11,24.6,2019-08-10,19.9,2019-07-07,2019-08-20
8270X,BICORP,VALENCIA,305.0,2020,327,17,16,0,4,3,-1.8,2020-12-27,23.0,2020-08-04,20.1,2020-07-04,2020-09-17
8270X,BICORP,VALENCIA,305.0,2021,312,13,12,0,3,6,-3.0,2021-01-12,23.2,2021-08-15,20.0,2021-07-24,2021-09-04
8270X,BICORP,VALENCIA,305.0,2022,365,36,31,0,6,11,-1.8,2022-01-16,24.7,2022-07-27,21.1,2022-06-19,2022-09-13
8270X,BICORP,VALENCIA,305.0,2023,365,41,38,0,18,10,-2.4,2023-01-23,24.0,2023-07-31,21.9,2023-06-26,2023-09-17
8270X,BICORP,VALENCIA,305.0,2024,366,33,28,0,7,9,0.8,2024-01-12,22.6,2024-08-30,21.1,2024-07-07,2024-10-06
8270X,BICORP,VALENCIA,305.0,2025,365,29,25,0,8,6,-2.6,2025-01-15,24.0,2025-07-11,20.6,2025-06-29,2025-09-11
8283X,ONTINYENT,VALENCIA,350.0,2017,363,35,34,0,12,6,-4.2,2017-01-18,23.1,2017-07-31,21.1,2017-06-23,2017-09-07
8283X,ONTINYENT,VALENCIA,350.0,2018,365,37,35,0,7,13,-2.2,2018-02-23,23.2,2018-07-25,21.2,2018-06-29,2018-09-05
8283X,ONTINYENT,VALENCIA,350.0,2019,361,27,25,0,6,7,-3.5,2019-01-11,24.2,2019-08-10,20.4,2019-06-26,2019-09-04
8283X,ONTINYENT,VALENCIA,350.0,2020,364,25,25,0,6,4,-1.4,2020-12-26,23.4,2020-08-24,20.7,2020-06-30,2020-08-28
8283X,ONTINYENT,VALENCIA,350.0,2021,364,25,23,0,8,5,-4.3,2021-01-06,24.7,2021-08-15,20.9,2021-06-30,2021-09-04
8283X,ONTINYENT,VALENCIA,350.0,2022,365,28,24,0,7,10,-1.6,2022-01-28,24.7,2022-07-27,20.8,2022-06-15,2022-09-13
8283X,ONTINYENT,VALENCIA,350.0,2023,365,49,47,0,23,16,-4.3,2023-01-23,24.4,2023-07-31,22.3,2023-06-26,2023-09-05
8283X,ONTINYENT,VALENCIA,350.0,2024,364,41,39,0,11,16,-0.4,2024-01-12,23.0,2024-08-20,21.3,2024-06-28,2024-09-02
8283X,ONTINYENT,VALENCIA,350.0,2025,365,48,43,0,9,10,-2.1,2025-01-14,24.3,2025-08-18,21.5,2025-06-13,2025-09-19
8293X,XÀTIVA,VALENCIA,88.0,2017,365,62,57,1,27,20,-2.1,2017-01-18,25.1,2017-08-06,22.9,2017-06-16,2017-09-08
8293X,XÀTIVA,VALENCIA,88.0,2018,364,69,59,0,29,21,-0.1,2018-02-23,24.7,2018-07-25,23.0,2018-06-24,2018-09-24
8293X,XÀTIVA,VALENCIA,88.0,2019,355,54,42,2,14,18,-2.4,2019-01-11,25.6,2019-08-10,21.7,2019-06-26,2019-11-02
8293X,XÀTIVA,VALENCIA,88.0,2021,365,61,49,0,19,14,-2.4,2021-01-12,24.9,2021-08-15,22.1,2021-06-30,2021-09-15
8293X,XÀTIVA,VALENCIA,88.0,2022,365,82,67,3,38,40,-1.2,2022-01-18,25.9,2022-07-27,23.2,2022-06-08,2022-10-20
8293X,XÀTIVA,VALENCIA,88.0,2023,360,60,54,1,43,19,-2.9,2023-01-23,25.6,2023-07-31,23.5,2023-06-25,2023-10-07
8293X,XÀTIVA,VALENCIA,88.0,2024,351,60,54,0,24,17,1.2,2024-12-15,25.0,2024-08-20,22.4,2024-06-16,2024-09-26
8293X,XÀTIVA,VALENCIA,88.0,2025,363,76,64,3,31,26,-2.5,2025-01-15,25.6,2025-07-09,22.9,2025-06-13,2025-09-19
8300X,CARCAIXENT,VALENCIA,25.0,2017,365,52,48,0,18,14,-1.6,2017-12-06,24.5,2017-08-06,22.0,2017-06-16,2017-09-08
8300X,CARCAIXENT,VALENCIA,25.0,2018,363,57,49,0,16,21,-1.3,2018-03-22,23.7,2018-08-06,21.9,2018-06-24,2018-09-24
8300X,CARCAIXENT,VALENCIA,25.0,2019,360,44,37,2,11,7,-2.1,2019-01-11,25.8,2019-08-11,21.1,2019-06-26,2019-11-02
8300X,CARCAIXENT,VALENCIA,25.0,2020,366,51,49,0,14,23,0.1,2020-01-12,24.9,2020-08-03,21.8,2020-06-28,2020-09-17
8300X,CARCAIXENT,VALENCIA,25.0,2021,365,53,44,0,16,13,-1.9,2021-01-06,24.8,2021-08-15,21.6,2021-06-30,2021-09-18
8300X,CARCAIXENT,VALENCIA,25.0,2022,365,62,52,3,26,31,-0.3,2022-01-16,25.8,2022-07-27,22.6,2022-06-03,2022-10-20
8300X,CARCAIXENT,VALENCIA,25.0,2023,365,66,56,2,40,26,-4.0,2023-01-22,26.2,2023-07-31,23.5,2023-06-25,2023-09-17
8300X,CARCAIXENT,VALENCIA,25.0,2024,364,48,42,1,12,17,0.9,2024-01-08,25.4,2024-08-20,21.8,2024-06-16,2024-09-26
8300X,CARCAIXENT,VALENCIA,25.0,2025,365,56,51,2,14,10,-2.4,2025-01-16,25.7,2025-07-09,21.6,2025-06-13,2025-09-18
8309X,UTIEL,VALENCIA,758.0,2017,360,2,2,0,0,1,-6.5,2017-01-02,20.4,2017-06-16,17.1,2017-06-16,2017-08-07
8309X,UTIEL,VALENCIA,758.0,2018,365,0,0,0,0,0,-5.8,2018-02-25,19.8,2018-08-10,17.0,,
8309X,UTIEL,VALENCIA,758.0,2019,365,0,0,0,0,0,-5.4,2019-01-05,19.2,2019-07-07,16.6,,
8309X,UTIEL,VALENCIA,758.0,2020,361,0,0,0,0,0,-6.0,2020-01-13,19.0,2020-08-03,16.7,,
8309X,UTIEL,VALENCIA,758.0,2021,364,2,2,0,0,1,-11.5,2021-01-12,20.7,2021-08-15,16.7,2021-08-15,2021-08-18
8309X,UTIEL,VALENCIA,758.0,2022,365,2,2,0,0,1,-5.9,2022-01-19,21.3,2022-07-27,17.1,2022-07-27,2022-07-30
8309X,UTIEL,VALENCIA,758.0,2023,358,2,2,0,0,1,-6.4,2023-01-31,21.2,2023-07-19,17.8,2023-07-14,2023-07-19
8309X,UTIEL,VALENCIA,758.0,2024,363,0,0,0,0,0,-4.1,2024-12-17,19.9,2024-08-27,17.8,,
8309X,UTIEL,VALENCIA,758.0,2025,365,1,1,0,0,1,-7.8,2025-01-13,20.6,2025-07-09,17.6,2025-07-09,2025-07-09
8325X,POLINYÀ DE XÚQUER,VALENCIA,11.0,2017,356,58,53,0,25,13,0.3,2017-01-17,24.6,2017-08-06,22.3,2017-06-15,2017-09-11
8325X,POLINYÀ DE XÚQUER,VALENCIA,11.0,2018,362,79,63,0,27,24,1.4,2018-02-23,23.8,2018-08-06,22.5,2018-06-24,2018-09-24
8325X,POLINYÀ DE XÚQUER,VALENCIA,11.0,2019,363,58,49,1,15,20,0.7,2019-01-10,25.4,2019-08-10,21.8,2019-06-26,2019-09-25
8325X,POLINYÀ DE XÚQUER,VALENCIA,11.0,2021,360,62,47,1,18,17,1.4,2021-01-06,25.5,2021-08-15,22.0,2021-05-16,2021-09-24
8325X,POLINYÀ DE XÚQUER,VALENCIA,11.0,2022,362,73,61,3,40,32,2.4,2022-01-16,25.3,2022-08-13,23.2,2022-06-16,2022-09-21
8325X,POLINYÀ DE XÚQUER,VALENCIA,11.0,2023,355,64,58,3,39,33,-0.6,2023-01-23,25.3,2023-07-31,23.4,2023-06-10,2023-09-17
8325X,POLINYÀ DE XÚQUER,VALENCIA,11.0,2024,354,60,55,0,27,22,0.8,2024-01-12,24.0,2024-08-20,22.3,2024-06-19,2024-09-11
8325X,POLINYÀ DE XÚQUER,VALENCIA,11.0,2025,310,85,74,0,35,37,0.0,2025-01-16,25.0,2025-08-18,23.2,2025-06-13,2025-09-19
8337X,TURÍS,VALENCIA,186.0,2017,364,19,19,0,2,3,-5.1,2017-01-18,23.4,2017-08-06,20.1,2017-06-28,2017-08-26
8337X,TURÍS,VALENCIA,186.0,2018,364,22,20,0,6,5,-2.9,2018-02-23,23.0,2018-08-10,20.4,2018-06-29,2018-09-05
8337X,TURÍS,VALENCIA,186.0,2019,365,10,9,0,2,3,-2.3,2019-01-11,23.4,2019-08-10,19.4,2019-06-26,2019-09-15
8337X,TURÍS,VALENCIA,186.0,2020,366,9,9,0,1,4,-1.4,2020-01-13,23.1,2020-08-03,19.5,2020-07-03,2020-08-24
8337X,TURÍS,VALENCIA,186.0,2021,360,13,12,0,2,6,-3.0,2021-01-06,23.2,2021-08-18,19.8,2021-06-30,2021-09-04
8337X,TURÍS,VALENCIA,186.0,2022,303,13,13,0,2,7,-1.9,2022-01-18,24.6,2022-07-27,19.7,2022-06-20,2022-08-10
8337X,TURÍS,VALENCIA,186.0,2023,363,37,35,0,12,8,-5.1,2023-01-23,24.0,2023-07-22,21.5,2023-06-26,2023-09-05
8337X,TURÍS,VALENCIA,186.0,2024,366,26,22,0,1,6,-0.2,2024-01-12,22.1,2024-07-13,20.4,2024-06-30,2024-09-26
8337X,TURÍS,VALENCIA,186.0,2025,363,29,27,0,7,5,-2.8,2025-01-14,24.0,2025-07-10,21.0,2025-06-22,2025-09-08
8354X,ALBARRACÍN,TERUEL,1130.0,2017,355,1,1,0,0,1,-11.3,2017-01-18,20.1,2017-07-31,16.4,2017-07-31,2017-07-31
8354X,ALBARRACÍN,TERUEL,1130.0,2018,360,0,0,0,0,0,-12.3,2018-02-08,16.4,2018-08-02,14.2,,
8354X,ALBARRACÍN,TERUEL,1130.0,2019,360,0,0,0,0,0,-9.0,2019-01-11,19.3,2019-07-25,15.1,,
8354X,ALBARRACÍN,TERUEL,1130.0,2020,365,1,1,0,0,1,-7.7,2020-01-12,20.8,2020-07-27,15.8,2020-07-27,2020-07-27
8354X,ALBARRACÍN,TERUEL,1130.0,2021,358,1,1,0,0,1,-17.2,2021-01-12,20.5,2021-08-14,15.1,2021-08-14,2021-08-14
8354X,ALBARRACÍN,TERUEL,1130.0,2022,363,1,1,0,0,1,-9.3,2022-01-14,20.4,2022-07-19,17.1,2022-07-19,2022-07-19
8354X,ALBARRACÍN,TERUEL,1130.0,2023,365,2,2,0,1,2,-10.1,2023-03-01,23.3,2023-07-18,16.9,2023-07-17,2023-07-18
8354X,ALBARRACÍN,TERUEL,1130.0,2024,366,1,1,0,0,1,-6.8,2024-01-12,20.8,2024-08-12,16.2,2024-08-12,2024-08-12
8354X,ALBARRACÍN,TERUEL,1130.0,2025,365,0,0,0,0,0,-10.0,2025-01-14,19.1,2025-08-18,16.5,,
8368U,TERUEL,TERUEL,902.0,2017,365,1,1,0,0,1,-10.1,2017-01-18,20.7,2017-08-07,16.6,2017-08-07,2017-08-07
8368U,TERUEL,TERUEL,902.0,2018,365,0,0,0,0,0,-11.0,2018-02-08,17.8,2018-08-11,15.6,,
8368U,TERUEL,TERUEL,902.0,2019,365,1,1,0,0,1,-9.4,2019-01-11,20.4,2019-07-13,15.4,2019-07-13,2019-07-13
8368U,TERUEL,TERUEL,902.0,2020,366,0,0,0,0,0,-8.6,2020-01-13,17.8,2020-08-24,16.0,,
8368U,TERUEL,TERUEL,902.0,2021,365,0,0,0,0,0,-21.0,2021-01-12,18.5,2021-08-09,15.3,,
8368U,TERUEL,TERUEL,902.0,2022,365,1,1,0,0,1,-9.1,2022-01-14,20.4,2022-08-01,16.6,2022-08-01,2022-08-01
8368U,TERUEL,TERUEL,902.0,2023,365,3,3,0,0,1,-9.0,2023-01-30,21.3,2023-07-31,17.9,2023-07-17,2023-08-10
8368U,TERUEL,TERUEL,902.0,2024,366,1,1,0,0,1,-6.5,2024-12-17,21.1,2024-07-30,17.2,2024-07-30,2024-07-30
8368U,TERUEL,TERUEL,902.0,2025,365,1,1,0,0,1,-9.6,2025-01-14,20.7,2025-07-09,16.1,2025-07-09,2025-07-09
8376,JABALOYAS,TERUEL,1430.0,2017,363,5,5,0,0,2,-10.6,2017-01-18,21.7,2017-07-13,18.0,2017-06-24,2017-08-05
8376,JABALOYAS,TERUEL,1430.0,2018,365,1,1,0,0,1,-9.0,2018-02-07,20.2,2018-08-03,16.1,2018-08-03,2018-08-03
8376,JABALOYAS,TERUEL,1430.0,2019,360,5,5,0,0,2,-6.7,2019-01-11,22.0,2019-06-28,18.0,2019-06-28,2019-08-18
8376,JABALOYAS,TERUEL,1430.0,2020,363,3,3,0,0,1,-6.2,2020-01-20,20.9,2020-07-31,17.3,2020-07-28,2020-08-26
8376,JABALOYAS,TERUEL,1430.0,2021,361,4,4,1,3,3,-7.8,2021-01-10,25.1,2021-08-15,16.9,2021-07-11,2021-08-15
8376,JABALOYAS,TERUEL,1430.0,2022,365,7,7,0,1,2,-5.7,2022-04-03,22.3,2022-07-24,18.6,2022-06-15,2022-08-12
8376,JABALOYAS,TERUEL,1430.0,2023,365,12,12,0,3,3,-9.7,2023-03-01,23.0,2023-07-19,18.8,2023-07-10,2023-08-24
8376,JABALOYAS,TERUEL,1430.0,2024,366,7,7,0,0,2,-6.2,2024-01-12,21.8,2024-08-01,18.6,2024-07-11,2024-08-10
8376,JABALOYAS,TERUEL,1430.0,2025,365,8,8,0,2,3,-5.5,2025-03-15,23.3,2025-08-17,18.3,2025-06-29,2025-08-17
8381X,ADEMUZ,VALENCIA,705.0,2017,365,3,3,0,0,1,-9.7,2017-01-18,21.7,2017-08-07,16.1,2017-07-15,2017-08-07
8381X,ADEMUZ,VALENCIA,705.0,2018,364,0,0,0,0,0,-7.9,2018-02-08,19.4,2018-08-28,15.1,,
8381X,ADEMUZ,VALENCIA,705.0,2019,362,0,0,0,0,0,-9.2,2019-01-11,19.6,2019-09-04,15.3,,
8381X,ADEMUZ,VALENCIA,705.0,2020,366,0,0,0,0,0,-8.4,2020-01-13,19.3,2020-08-24,15.2,,
8381X,ADEMUZ,VALENCIA,705.0,2021,365,0,0,0,0,0,-15.5,2021-01-12,17.6,2021-08-19,15.5,,
8381X,ADEMUZ,VALENCIA,705.0,2022,361,1,1,0,0,1,-10.0,2022-01-19,20.5,2022-07-27,15.7,2022-07-27,2022-07-27
8381X,ADEMUZ,VALENCIA,705.0,2023,365,6,6,0,0,2,-9.0,2023-12-27,21.7,2023-07-23,17.2,2023-07-14,2023-08-08
8381X,ADEMUZ,VALENCIA,705.0,2024,366,1,1,0,0,1,-7.2,2024-01-12,20.4,2024-08-27,16.9,2024-08-27,2024-08-27
8381X,ADEMUZ,VALENCIA,705.0,2025,365,2,2,0,0,1,-9.2,2025-01-15,21.9,2025-07-09,16.6,2025-07-09,2025-07-11
8395X,CHELVA,VALENCIA,515.0,2017,364,12,12,0,0,2,-5.2,2017-01-18,21.4,2017-07-15,19.5,2017-06-16,2017-08-17
8395X,CHELVA,VALENCIA,515.0,2018,363,7,7,0,0,2,-2.4,2018-02-23,21.2,2018-08-06,19.0,2018-07-16,2018-08-28
8395X,CHELVA,VALENCIA,515.0,2019,345,7,7,0,1,4,-2.1,2019-01-11,22.2,2019-08-10,18.5,2019-07-24,2019-08-20
8395X,CHELVA,VALENCIA,515.0,2020,350,8,8,0,0,1,-1.0,2020-01-12,21.5,2020-08-01,18.9,2020-07-03,2020-08-24
8395X,CHELVA,VALENCIA,515.0,2021,358,6,6,0,1,6,-4.5,2021-01-12,24.4,2021-08-15,18.9,2021-08-11,2021-08-16
8395X,CHELVA,VALENCIA,515.0,2022,359,17,17,0,4,10,-3.1,2022-01-19,23.9,2022-08-13,19.7,2022-06-15,2022-08-31
8395X,CHELVA,VALENCIA,515.0,2023,364,26,25,0,6,4,-2.9,2023-01-29,23.8,2023-07-19,20.9,2023-07-09,2023-09-04
8395X,CHELVA,VALENCIA,515.0,2024,362,15,15,0,2,3,-2.0,2024-01-12,22.3,2024-08-28,19.8,2024-07-12,2024-08-30
8395X,CHELVA,VALENCIA,515.0,2025,356,22,22,0,4,5,-3.2,2025-01-14,22.7,2025-08-12,20.4,2025-06-29,2025-08-25
8409X,LLÍRIA,VALENCIA,198.0,2017,365,25,25,0,3,8,-3.5,2017-01-18,22.7,2017-08-17,20.4,2017-06-16,2017-08-28
8409X,LLÍRIA,VALENCIA,198.0,2018,361,33,29,0,6,15,-2.2,2018-02-22,24.0,2018-08-06,20.6,2018-07-04,2018-09-24
8409X,LLÍRIA,VALENCIA,198.0,2019,362,14,11,0,2,3,-1.3,2019-01-11,22.3,2019-08-11,19.9,2019-07-07,2019-09-04
8409X,LLÍRIA,VALENCIA,198.0,2020,355,10,10,0,1,3,-2.6,2020-12-27,22.1,2020-07-03,19.6,2020-07-02,2020-08-09
8409X,LLÍRIA,VALENCIA,198.0,2021,356,12,11,0,2,6,-3.2,2021-01-05,23.3,2021-08-15,19.7,2021-07-07,2021-09-14
8409X,LLÍRIA,VALENCIA,198.0,2022,358,34,33,2,6,12,-1.3,2022-01-07,25.4,2022-07-27,20.7,2022-06-17,2022-09-13
8409X,LLÍRIA,VALENCIA,198.0,2023,365,47,46,0,13,21,-3.2,2023-03-02,24.0,2023-08-08,21.8,2023-06-25,2023-09-04
8409X,LLÍRIA,VALENCIA,198.0,2024,365,27,23,0,1,7,-0.5,2024-12-21,22.1,2024-07-30,20.4,2024-07-08,2024-09-26
8409X,LLÍRIA,VALENCIA,198.0,2025,365,37,36,0,9,10,-3.0,2025-01-15,24.3,2025-07-10,21.3,2025-06-18,2025-09-08
8414A,VALENCIA AEROPUERTO,VALENCIA,56.0,2017,365,60,57,0,30,16,-2.2,2017-12-05,24.7,2017-08-17,22.6,2017-06-16,2017-09-07
8414A,VALENCIA AEROPUERTO,VALENCIA,56.0,2018,365,75,64,0,27,43,-1.6,2018-02-23,24.7,2018-08-11,22.7,2018-06-23,2018-09-25
8414A,VALENCIA AEROPUERTO,VALENCIA,56.0,2019,365,70,57,3,24,49,-1.7,2019-01-11,26.6,2019-08-10,22.3,2019-06-21,2019-10-11
8414A,VALENCIA AEROPUERTO,VALENCIA,56.0,2020,366,63,60,1,21,23,-1.8,2020-01-13,25.1,2020-08-03,22.2,2020-06-18,2020-09-24
8414A,VALENCIA AEROPUERTO,VALENCIA,56.0,2021,365,65,53,1,19,22,-2.3,2021-01-06,25.2,2021-08-16,22.2,2021-06-16,2021-09-24
8414A,VALENCIA AEROPUERTO,VALENCIA,56.0,2022,365,84,69,7,44,39,-2.0,2022-01-18,27.1,2022-07-27,23.4,2022-06-03,2022-09-23
8414A,VALENCIA AEROPUERTO,VALENCIA,56.0,2023,365,77,68,13,55,32,-1.2,2023-01-27,26.4,2023-07-23,24.7,2023-06-10,2023-09-17
8414A,VALENCIA AEROPUERTO,VALENCIA,56.0,2024,366,81,72,2,50,61,0.9,2024-01-13,25.5,2024-08-28,23.6,2024-06-07,2024-10-09
8414A,VALENCIA AEROPUERTO,VALENCIA,56.0,2025,364,96,80,10,60,37,-2.2,2025-01-15,26.4,2025-07-03,24.2,2025-06-01,2025-09-21
8416,VALÈNCIA,VALENCIA,13.0,2017,365,77,68,1,52,35,0.9,2017-01-18,25.3,2017-08-17,23.5,2017-06-14,2017-09-26
8416,VALÈNCIA,VALENCIA,13.0,2018,365,92,71,3,64,81,2.6,2018-02-09,25.7,2018-08-05,24.1,2018-06-22,2018-09-26
8416,VALÈNCIA,VALENCIA,13.0,2019,365,88,66,6,55,58,1.7,2019-01-11,26.9,2019-08-10,23.7,2019-05-10,2019-11-02
8416,VALÈNCIA,VALENCIA,13.0,2020,366,80,68,2,53,45,2.6,2020-01-13,25.7,2020-08-03,23.7,2020-06-22,2020-09-24
8416,VALÈNCIA,VALENCIA,13.0,2021,365,85,65,3,44,28,0.8,2021-01-12,26.0,2021-08-15,23.0,2021-05-16,2021-10-02
8416,VALÈNCIA,VALENCIA,13.0,2022,365,110,82,14,71,46,2.9,2022-01-18,27.5,2022-08-13,24.8,2022-05-23,2022-10-21
8416,VALÈNCIA,VALENCIA,13.0,2023,365,98,77,20,66,46,1.9,2023-01-31,27.5,2023-07-20,25.2,2023-06-10,2023-10-26
8416,VALÈNCIA,VALENCIA,13.0,2024,366,94,76,10,63,63,4.3,2024-01-13,26.1,2024-08-28,24.6,2024-06-08,2024-10-15
8416,VALÈNCIA,VALENCIA,13.0,2025,365,111,86,17,88,58,2.8,2025-01-15,26.7,2025-07-03,25.0,2025-05-31,2025-10-26
8416X,"VALENCIA, UPV",VALENCIA,6.0,2017,337,70,67,0,44,31,1.7,2017-01-18,25.0,2017-08-02,23.5,2017-06-14,2017-09-08
8416X,"VALENCIA, UPV",VALENCIA,6.0,2018,355,92,72,0,48,81,1.2,2018-02-09,24.7,2018-08-12,23.5,2018-06-13,2018-09-24
8416X,"VALENCIA, UPV",VALENCIA,6.0,2019,358,69,58,3,30,52,2.7,2019-01-11,26.1,2019-08-10,22.6,2019-06-21,2019-11-02
8416X,"VALENCIA, UPV",VALENCIA,6.0,2020,356,64,58,0,33,22,2.4,2020-01-14,24.6,2020-08-03,22.9,2020-06-12,2020-09-24
8416X,"VALENCIA, UPV",VALENCIA,6.0,2021,341,74,58,2,30,19,1.4,2021-01-12,25.9,2021-08-15,22.5,2021-06-14,2021-10-01
8416X,"VALENCIA, UPV",VALENCIA,6.0,2022,335,80,65,6,43,20,3.4,2022-01-18,27.5,2022-08-13,23.9,2022-06-03,2022-10-20
8416X,"VALENCIA, UPV",VALENCIA,6.0,2023,337,77,58,10,40,15,2.2,2023-01-31,26.3,2023-07-20,24.4,2023-06-09,2023-10-26
8416Y,"VALÈNCIA, VIVEROS",VALENCIA,13.0,2017,361,79,71,3,55,36,1.4,2017-01-18,25.6,2017-08-06,23.7,2017-06-03,2017-09-26
8416Y,"VALÈNCIA, VIVEROS",VALENCIA,13.0,2018,362,90,71,1,59,81,2.5,2018-02-08,25.1,2018-08-05,23.7,2018-06-22,2018-09-24
8416Y,"VALÈNCIA, VIVEROS",VALENCIA,13.0,2019,359,81,62,4,48,22,1.8,2019-01-11,26.6,2019-08-10,23.1,2019-06-21,2019-11-02
8416Y,"VALÈNCIA, VIVEROS",VALENCIA,13.0,2020,359,84,70,2,53,45,2.7,2020-01-13,25.2,2020-08-03,23.7,2020-06-12,2020-09-24
8416Y,"VALÈNCIA, VIVEROS",VALENCIA,13.0,2021,360,84,65,3,43,29,1.1,2021-01-12,26.0,2021-08-15,22.9,2021-05-16,2021-10-02
8416Y,"VALÈNCIA, VIVEROS",VALENCIA,13.0,2022,352,105,79,12,67,42,2.9,2022-01-18,28.2,2022-08-13,24.6,2022-05-23,2022-10-21
8416Y,"VALÈNCIA, VIVEROS",VALENCIA,13.0,2023,365,95,77,20,62,46,2.1,2023-01-31,26.5,2023-07-23,25.1,2023-06-09,2023-10-26
8416Y,"VALÈNCIA, VIVEROS",VALENCIA,13.0,2024,360,89,75,8,62,63,4.3,2024-01-12,25.7,2024-08-13,24.6,2024-06-09,2024-10-09
8416Y,"VALÈNCIA, VIVEROS",VALENCIA,13.0,2025,360,110,85,15,89,58,2.8,2025-01-15,26.7,2025-07-03,24.8,2025-05-31,2025-10-23
8439X,SEGORBE,CASTELLON,400.0,2017,364,3,3,0,0,1,-4.0,2017-01-18,20.3,2017-08-06,18.8,2017-06-28,2017-08-06
8439X,SEGORBE,CASTELLON,400.0,2018,342,3,3,0,0,2,-3.1,2018-02-24,21.2,2018-08-06,18.2,2018-08-05,2018-08-10
8439X,SEGORBE,CASTELLON,400.0,2019,332,3,3,0,0,2,-1.8,2019-02-17,21.2,2019-08-20,17.4,2019-08-10,2019-08-20
8439X,SEGORBE,CASTELLON,400.0,2020,365,0,0,0,0,0,-2.4,2020-01-14,19.6,2020-08-24,17.2,,
8439X,SEGORBE,CASTELLON,400.0,2021,363,2,2,0,0,1,-4.0,2021-01-12,21.8,2021-08-15,17.5,2021-08-12,2021-08-15
8439X,SEGORBE,CASTELLON,400.0,2022,365,5,5,0,1,2,-2.1,2022-01-18,23.0,2022-08-13,18.5,2022-07-27,2022-08-13
8439X,SEGORBE,CASTELLON,400.0,2023,364,13,13,0,0,6,-2.9,2023-01-30,21.8,2023-07-23,19.6,2023-07-17,2023-08-23
8439X,SEGORBE,CASTELLON,400.0,2024,364,1,0,0,0,1,-2.4,2024-01-12,20.4,2024-09-26,18.9,2024-09-26,2024-09-26
8439X,SEGORBE,CASTELLON,400.0,2025,365,13,13,0,2,4,-3.2,2025-01-15,22.3,2025-07-08,19.3,2025-06-29,2025-08-25
8446Y,SAGUNT/SAGUNTO,VALENCIA,24.0,2017,365,49,46,1,19,13,-0.5,2017-12-06,25.2,2017-08-06,22.0,2017-06-16,2017-09-06
8446Y,SAGUNT/SAGUNTO,VALENCIA,24.0,2018,361,54,45,0,16,15,-0.8,2018-02-09,24.3,2018-08-11,22.0,2018-06-23,2018-09-25
8446Y,SAGUNT/SAGUNTO,VALENCIA,24.0,2019,364,36,29,1,15,6,-0.8,2019-01-13,25.1,2019-08-19,21.8,2019-06-20,2019-09-21
8446Y,SAGUNT/SAGUNTO,VALENCIA,24.0,2020,365,42,41,0,15,10,-1.5,2020-01-13,24.1,2020-07-29,21.6,2020-07-02,2020-09-15
8446Y,SAGUNT/SAGUNTO,VALENCIA,24.0,2021,360,47,42,1,11,9,-2.6,2021-01-12,25.8,2021-08-15,21.4,2021-06-17,2021-09-18
8446Y,SAGUNT/SAGUNTO,VALENCIA,24.0,2022,365,60,53,7,27,22,-2.2,2022-01-18,26.3,2022-07-26,22.7,2022-06-03,2022-09-13
8446Y,SAGUNT/SAGUNTO,VALENCIA,24.0,2023,365,67,59,5,37,34,-1.1,2023-12-27,25.4,2023-07-23,23.3,2023-06-21,2023-09-15
8446Y,SAGUNT/SAGUNTO,VALENCIA,24.0,2024,366,59,51,0,19,16,-0.1,2024-01-12,25.0,2024-08-05,22.1,2024-06-09,2024-10-10
8446Y,SAGUNT/SAGUNTO,VALENCIA,24.0,2025,364,74,64,1,29,16,-2.2,2025-01-15,25.1,2025-07-11,22.7,2025-06-02,2025-09-21
8458X,CEDRILLAS,TERUEL,1380.0,2017,362,0,0,0,0,0,-12.5,2017-01-18,17.2,2017-07-31,14.9,,
8458X,CEDRILLAS,TERUEL,1380.0,2018,365,0,0,0,0,0,-11.6,2018-02-09,14.9,2018-08-03,12.8,,
8458X,CEDRILLAS,TERUEL,1380.0,2019,364,0,0,0,0,0,-9.7,2019-01-11,17.4,2019-07-23,14.4,,
8458X,CEDRILLAS,TERUEL,1380.0,2020,365,0,0,0,0,0,-6.4,2020-01-12,19.2,2020-07-31,14.2,,
8458X,CEDRILLAS,TERUEL,1380.0,2021,365,0,0,0,0,0,-15.1,2021-01-12,17.9,2021-08-14,13.6,,
8458X,CEDRILLAS,TERUEL,1380.0,2022,363,0,0,0,0,0,-9.1,2022-01-14,17.7,2022-07-19,15.3,,
8458X,CEDRILLAS,TERUEL,1380.0,2023,365,0,0,0,0,0,-10.4,2023-01-30,19.5,2023-07-11,15.2,,
8458X,CEDRILLAS,TERUEL,1380.0,2024,366,0,0,0,0,0,-10.7,2024-01-12,18.1,2024-07-30,14.5,,
8458X,CEDRILLAS,TERUEL,1380.0,2025,365,0,0,0,0,0,-11.0,2025-01-14,18.0,2025-07-10,14.1,,
8472A,MONTANEJOS,CASTELLON,601.0,2017,351,4,4,0,0,1,-3.5,2017-01-18,20.7,2017-08-07,19.1,2017-06-16,2017-08-07
8472A,MONTANEJOS,CASTELLON,601.0,2018,365,3,3,0,0,1,-3.4,2018-02-24,21.0,2018-07-16,18.4,2018-07-16,2018-08-16
8472A,MONTANEJOS,CASTELLON,601.0,2019,365,2,2,0,0,1,-1.8,2019-02-17,21.7,2019-08-10,18.5,2019-07-13,2019-08-10
8472A,MONTANEJOS,CASTELLON,601.0,2020,366,2,2,0,0,2,-1.4,2020-01-14,21.0,2020-08-01,18.8,2020-07-31,2020-08-01
8472A,MONTANEJOS,CASTELLON,601.0,2021,365,5,5,0,1,5,-3.8,2021-01-06,22.2,2021-08-15,18.0,2021-08-11,2021-08-15
8472A,MONTANEJOS,CASTELLON,601.0,2022,356,10,10,0,2,6,-3.5,2022-01-14,22.3,2022-08-13,19.3,2022-06-20,2022-08-14
8472A,MONTANEJOS,CASTELLON,601.0,2023,365,21,21,0,4,3,-2.8,2023-01-30,22.8,2023-07-24,20.4,2023-07-10,2023-08-26
8472A,MONTANEJOS,CASTELLON,601.0,2024,366,11,11,0,0,2,-2.3,2024-01-12,21.5,2024-07-30,19.8,2024-07-17,2024-08-30
8472A,MONTANEJOS,CASTELLON,601.0,2025,363,18,18,0,1,3,-2.6,2025-01-14,22.3,2025-08-18,20.0,2025-07-04,2025-08-28
8486X,MOSQUERUELA,TERUEL,1515.0,2017,364,0,0,0,0,0,-10.9,2017-01-18,19.2,2017-07-31,16.2,,
8486X,MOSQUERUELA,TERUEL,1515.0,2018,358,0,0,0,0,0,-8.3,2018-02-23,18.4,2018-08-02,14.6,,
8486X,MOSQUERUELA,TERUEL,1515.0,2019,362,1,1,0,0,1,-6.7,2019-01-11,20.2,2019-06-29,16.5,2019-06-29,2019-06-29
8486X,MOSQUERUELA,TERUEL,1515.0,2020,365,0,0,0,0,0,-6.4,2020-12-26,19.9,2020-07-27,15.4,,
8486X,MOSQUERUELA,TERUEL,1515.0,2021,365,3,3,0,0,3,-8.8,2021-01-11,21.6,2021-08-13,15.0,2021-08-13,2021-08-15
8486X,MOSQUERUELA,TERUEL,1515.0,2022,364,0,0,0,0,0,-7.0,2022-01-06,19.6,2022-07-22,16.8,,
8486X,MOSQUERUELA,TERUEL,1515.0,2023,365,3,3,0,1,2,-10.7,2023-02-27,23.1,2023-07-18,17.1,2023-07-11,2023-07-19
8486X,MOSQUERUELA,TERUEL,1515.0,2024,366,0,0,0,0,0,-7.4,2024-01-12,20.0,2024-07-20,16.3,,
8486X,MOSQUERUELA,TERUEL,1515.0,2025,363,0,0,0,0,0,-6.0,2025-03-15,20.0,2025-07-18,16.6,,
8489X,VILLAFRANCA DEL CID/VILAFRANCA,CASTELLON,1130.0,2017,364,0,0,0,0,0,-10.1,2017-01-18,18.9,2017-08-02,16.1,,
8489X,VILLAFRANCA DEL CID/VILAFRANCA,CASTELLON,1130.0,2018,365,0,0,0,0,0,-8.9,2018-02-24,17.2,2018-07-28,14.3,,
8489X,VILLAFRANCA DEL CID/VILAFRANCA,CASTELLON,1130.0,2019,365,1,1,0,0,1,-6.6,2019-01-11,20.8,2019-07-23,16.3,2019-07-23,2019-07-23
8489X,VILLAFRANCA DEL CID/VILAFRANCA,CASTELLON,1130.0,2020,345,0,0,0,0,0,-6.4,2020-01-13,18.9,2020-08-10,15.3,,
8489X,VILLAFRANCA DEL CID/VILAFRANCA,CASTELLON,1130.0,2021,364,1,1,0,0,1,-10.0,2021-01-12,20.2,2021-08-14,15.0,2021-08-14,2021-08-14
8489X,VILLAFRANCA DEL CID/VILAFRANCA,CASTELLON,1130.0,2022,365,0,0,0,0,0,-8.2,2022-01-14,19.9,2022-06-15,16.7,,
8489X,VILLAFRANCA DEL CID/VILAFRANCA,CASTELLON,1130.0,2023,364,1,1,0,1,1,-8.5,2023-01-30,23.4,2023-07-18,16.4,2023-07-18,2023-07-18
8489X,VILLAFRANCA DEL CID/VILAFRANCA,CASTELLON,1130.0,2024,366,1,1,0,0,1,-7.4,2024-01-12,20.5,2024-07-31,16.1,2024-07-31,2024-07-31
8489X,VILLAFRANCA DEL CID/VILAFRANCA,CASTELLON,1130.0,2025,365,0,0,0,0,0,-7.8,2025-01-14,19.3,2025-07-18,16.1,,
8492X,ATZENETA DEL MAESTRAT,CASTELLON,420.0,2017,364,4,4,0,0,1,-3.8,2017-12-06,21.3,2017-07-21,18.8,2017-06-25,2017-08-01
8492X,ATZENETA DEL MAESTRAT,CASTELLON,420.0,2018,364,4,4,0,0,1,-4.5,2018-02-24,20.8,2018-07-26,18.5,2018-07-05,2018-08-10
8492X,ATZENETA DEL MAESTRAT,CASTELLON,420.0,2019,364,5,5,0,0,2,-3.9,2019-02-17,21.2,2019-08-11,17.6,2019-07-13,2019-08-20
8492X,ATZENETA DEL MAESTRAT,CASTELLON,420.0,2020,343,0,0,0,0,0,-3.9,2020-01-12,19.8,2020-08-28,17.0,,
8492X,ATZENETA DEL MAESTRAT,CASTELLON,420.0,2021,362,3,3,0,0,2,-5.6,2021-01-12,21.4,2021-08-15,17.6,2021-08-12,2021-08-15
8492X,ATZENETA DEL MAESTRAT,CASTELLON,420.0,2022,351,9,9,0,1,5,-4.5,2022-01-14,22.4,2022-07-30,18.2,2022-07-28,2022-08-31
8492X,ATZENETA DEL MAESTRAT,CASTELLON,420.0,2023,359,14,13,0,1,4,-5.3,2023-01-30,22.4,2023-07-24,19.7,2023-07-15,2023-09-04
8492X,ATZENETA DEL MAESTRAT,CASTELLON,420.0,2024,366,6,6,0,0,1,-4.7,2024-01-12,21.8,2024-08-28,19.1,2024-07-17,2024-08-30
8492X,ATZENETA DEL MAESTRAT,CASTELLON,420.0,2025,365,10,10,0,1,4,-5.2,2025-01-14,22.5,2025-08-18,19.0,2025-07-03,2025-08-18
8500A,CASTELLÓ - ALMASSORA,CASTELLON,43.0,2017,365,70,65,0,45,34,1.3,2017-01-18,25.0,2017-07-14,23.6,2017-06-14,2017-09-07
8500A,CASTELLÓ - ALMASSORA,CASTELLON,43.0,2018,365,92,72,3,42,58,2.0,2018-02-08,26.5,2018-08-05,23.0,2018-06-12,2018-09-26
8500A,CASTELLÓ - ALMASSORA,CASTELLON,43.0,2019,365,78,63,1,35,57,3.0,2019-01-11,25.1,2019-08-11,22.8,2019-06-26,2019-10-11
8500A,CASTELLÓ - ALMASSORA,CASTELLON,43.0,2020,366,72,65,1,37,44,1.9,2020-12-27,25.4,2020-08-02,22.7,2020-06-22,2020-09-24
8500A,CASTELLÓ - ALMASSORA,CASTELLON,43.0,2021,365,79,63,1,29,17,0.8,2021-01-05,25.7,2021-08-15,22.4,2021-06-13,2021-09-25
8500A,CASTELLÓ - ALMASSORA,CASTELLON,43.0,2022,365,97,77,7,59,69,2.0,2022-01-18,26.6,2022-08-13,24.0,2022-06-03,2022-10-20
8500A,CASTELLÓ - ALMASSORA,CASTELLON,43.0,2023,365,88,71,11,54,34,1.9,2023-01-30,26.5,2023-07-20,24.5,2023-06-10,2023-10-04
8500A,CASTELLÓ - ALMASSORA,CASTELLON,43.0,2024,366,84,73,1,52,63,2.9,2024-01-12,25.2,2024-08-23,23.7,2024-06-07,2024-10-09
8500A,CASTELLÓ - ALMASSORA,CASTELLON,43.0,2025,365,100,83,10,64,38,1.6,2025-01-15,27.1,2025-08-11,24.3,2025-06-01,2025-09-21
8503Y,TORREBLANCA,CASTELLON,35.0,2017,364,67,63,0,35,20,1.6,2017-01-18,24.6,2017-08-06,22.8,2017-06-14,2017-09-06
8503Y,TORREBLANCA,CASTELLON,35.0,2018,365,90,69,4,37,30,1.6,2018-02-08,27.2,2018-08-05,22.8,2018-06-18,2018-09-25
8503Y,TORREBLANCA,CASTELLON,35.0,2019,363,76,64,0,31,33,2.3,2019-01-11,24.7,2019-08-11,22.6,2019-06-25,2019-09-22
8503Y,TORREBLANCA,CASTELLON,35.0,2020,365,68,62,0,33,31,2.5,2020-12-26,24.4,2020-08-02,22.7,2020-06-23,2020-09-17
8503Y,TORREBLANCA,CASTELLON,35.0,2021,317,59,45,1,15,29,1.1,2021-01-11,25.6,2021-08-15,22.0,2021-07-06,2021-09-24
8503Y,TORREBLANCA,CASTELLON,35.0,2022,365,91,70,4,58,40,4.1,2022-01-21,26.4,2022-08-14,23.8,2022-06-08,2022-10-20
8503Y,TORREBLANCA,CASTELLON,35.0,2023,365,84,68,3,49,34,1.4,2023-03-01,25.6,2023-07-20,24.3,2023-06-17,2023-10-07
8503Y,TORREBLANCA,CASTELLON,35.0,2024,354,73,65,0,47,61,3.6,2024-01-12,24.3,2024-08-05,23.4,2024-06-08,2024-09-26
8503Y,TORREBLANCA,CASTELLON,35.0,2025,365,93,79,2,53,29,3.2,2025-01-14,25.6,2025-07-03,23.6,2025-06-01,2025-09-20
8520X,LA POBLA DE BENIFASSÀ-FREDES,CASTELLON,1165.0,2017,365,1,1,0,0,1,-9.4,2017-01-18,20.1,2017-08-04,17.0,2017-08-04,2017-08-04
8520X,LA POBLA DE BENIFASSÀ-FREDES,CASTELLON,1165.0,2018,347,0,0,0,0,0,-6.9,2018-02-27,19.7,2018-08-06,16.2,,
8520X,LA POBLA DE BENIFASSÀ-FREDES,CASTELLON,1165.0,2021,364,1,1,0,0,1,-6.4,2021-01-11,21.0,2021-08-13,15.7,2021-08-13,2021-08-13
8520X,LA POBLA DE BENIFASSÀ-FREDES,CASTELLON,1165.0,2022,365,4,4,0,0,3,-5.3,2022-01-22,21.2,2022-06-17,18.0,2022-06-15,2022-08-12
8520X,LA POBLA DE BENIFASSÀ-FREDES,CASTELLON,1165.0,2023,365,9,9,0,0,4,-8.4,2023-02-27,22.0,2023-08-10,17.2,2023-07-11,2023-08-24
8520X,LA POBLA DE BENIFASSÀ-FREDES,CASTELLON,1165.0,2024,366,4,4,0,0,3,-4.2,2024-01-12,21.6,2024-07-31,17.2,2024-07-19,2024-08-01
8520X,LA POBLA DE BENIFASSÀ-FREDES,CASTELLON,1165.0,2025,365,7,7,0,2,3,-4.3,2025-01-14,23.1,2025-08-17,17.9,2025-07-17,2025-08-17
8523X,VINARÒS,CASTELLON,111.0,2017,359,46,44,0,16,12,-1.6,2017-01-18,23.7,2017-08-07,21.5,2017-06-16,2017-09-06
8523X,VINARÒS,CASTELLON,111.0,2018,353,42,38,0,9,7,-0.4,2018-02-09,23.8,2018-08-08,21.1,2018-06-22,2018-09-23
8523X,VINARÒS,CASTELLON,111.0,2019,324,33,32,0,7,7,-1.3,2019-02-17,24.0,2019-08-11,21.3,2019-06-25,2019-09-01
8523X,VINARÒS,CASTELLON,111.0,2020,327,36,36,0,4,6,-0.5,2020-01-13,23.3,2020-07-28,20.8,2020-06-29,2020-08-28
9001D,REINOSA,CANTABRIA,870.0,2017,346,0,0,0,0,0,-10.2,2017-12-06,14.6,2017-06-22,12.3,,
9001D,REINOSA,CANTABRIA,870.0,2018,326,0,0,0,0,0,-13.2,2018-02-09,16.3,2018-07-26,12.8,,
9001D,REINOSA,CANTABRIA,870.0,2019,355,0,0,0,0,0,-10.0,2019-02-04,17.5,2019-08-08,12.7,,
9001D,REINOSA,CANTABRIA,870.0,2020,363,0,0,0,0,0,-5.5,2020-12-26,16.4,2020-08-19,13.0,,
9001D,REINOSA,CANTABRIA,870.0,2021,364,0,0,0,0,0,-17.5,2021-01-07,14.2,2021-09-03,11.7,,
9001D,REINOSA,CANTABRIA,870.0,2022,363,0,0,0,0,0,-9.0,2022-04-05,17.0,2022-07-17,13.1,,
9001D,REINOSA,CANTABRIA,870.0,2023,344,0,0,0,0,0,-10.5,2023-04-05,17.5,2023-08-20,13.7,,
9001D,REINOSA,CANTABRIA,870.0,2024,330,0,0,0,0,0,-8.0,2024-12-31,15.4,2024-08-08,12.8,,
9001D,REINOSA,CANTABRIA,870.0,2025,351,0,0,0,0,0,-9.2,2025-12-26,16.0,2025-08-13,13.0,,
9001S,ALTO CAMPOO,CANTABRIA,1650.0,2017,328,0,0,0,0,0,-10.2,2017-01-19,18.0,2017-07-18,12.7,,
9001S,ALTO CAMPOO,CANTABRIA,1650.0,2018,360,0,0,0,0,0,-13.1,2018-02-27,17.4,2018-08-03,11.6,,
9001S,ALTO CAMPOO,CANTABRIA,1650.0,2019,358,0,0,0,0,0,-7.4,2019-02-03,16.2,2019-07-24,11.8,,
9001S,ALTO CAMPOO,CANTABRIA,1650.0,2020,349,0,0,0,0,0,-8.9,2020-03-31,15.2,2020-08-07,12.0,,
9001S,ALTO CAMPOO,CANTABRIA,1650.0,2021,354,0,0,0,0,0,-12.4,2021-01-08,14.6,2021-09-06,11.0,,
9001S,ALTO CAMPOO,CANTABRIA,1650.0,2022,349,0,0,0,0,0,-8.3,2022-04-04,17.5,2022-07-16,13.7,,
9001S,ALTO CAMPOO,CANTABRIA,1650.0,2023,307,0,0,0,0,0,-8.5,2023-02-27,19.3,2023-08-23,13.7,,
9001S,ALTO CAMPOO,CANTABRIA,1650.0,2024,347,0,0,0,0,0,-7.5,2024-01-19,17.5,2024-08-11,12.5,,
9001S,ALTO CAMPOO,CANTABRIA,1650.0,2025,337,0,0,0,0,0,-7.8,2025-12-26,18.3,2025-08-16,14.0,,
9012E,SANTA GADEA DE ALFOZ,BURGOS,915.0,2017,365,0,0,0,0,0,-5.6,2017-12-06,16.9,2017-06-21,13.8,,
9012E,SANTA GADEA DE ALFOZ,BURGOS,915.0,2018,365,0,0,0,0,0,-7.4,2018-02-27,17.3,2018-08-03,13.9,,
9012E,SANTA GADEA DE ALFOZ,BURGOS,915.0,2019,358,0,0,0,0,0,-5.8,2019-02-04,17.4,2019-07-23,14.2,,
9012E,SANTA GADEA DE ALFOZ,BURGOS,915.0,2020,340,0,0,0,0,0,-3.3,2020-03-31,17.7,2020-06-24,13.8,,
9012E,SANTA GADEA DE ALFOZ,BURGOS,915.0,2021,365,0,0,0,0,0,-9.0,2021-01-07,17.0,2021-09-06,13.2,,
9012E,SANTA GADEA DE ALFOZ,BURGOS,915.0,2022,365,1,1,0,0,1,-4.0,2022-04-04,21.6,2022-07-17,15.2,2022-07-17,2022-07-17
9012E,SANTA GADEA DE ALFOZ,BURGOS,915.0,2023,364,0,0,0,0,0,-4.8,2023-02-10,19.4,2023-08-23,14.4,,
9012E,SANTA GADEA DE ALFOZ,BURGOS,915.0,2024,366,0,0,0,0,0,-5.4,2024-01-20,19.5,2024-08-11,13.9,,
9012E,SANTA GADEA DE ALFOZ,BURGOS,915.0,2025,363,0,0,0,0,0,-3.7,2025-01-01,20.0,2025-08-15,15.3,,
9016X,"VALDERREDIBLE, CUBILLO DE EBRO",CANTABRIA,770.0,2017,365,0,0,0,0,0,-12.4,2017-01-07,15.2,2017-06-23,12.8,,
9016X,"VALDERREDIBLE, CUBILLO DE EBRO",CANTABRIA,770.0,2018,365,0,0,0,0,0,-8.6,2018-02-09,18.1,2018-07-26,13.5,,
9016X,"VALDERREDIBLE, CUBILLO DE EBRO",CANTABRIA,770.0,2019,362,0,0,0,0,0,-11.3,2019-01-06,17.4,2019-08-29,13.0,,
9016X,"VALDERREDIBLE, CUBILLO DE EBRO",CANTABRIA,770.0,2020,361,0,0,0,0,0,-8.1,2020-01-01,15.9,2020-08-27,13.1,,
9016X,"VALDERREDIBLE, CUBILLO DE EBRO",CANTABRIA,770.0,2021,365,0,0,0,0,0,-10.1,2021-01-07,15.0,2021-08-11,12.9,,
9016X,"VALDERREDIBLE, CUBILLO DE EBRO",CANTABRIA,770.0,2022,365,0,0,0,0,0,-10.1,2022-01-15,16.7,2022-08-11,14.0,,
9016X,"VALDERREDIBLE, CUBILLO DE EBRO",CANTABRIA,770.0,2023,365,0,0,0,0,0,-9.2,2023-02-11,17.2,2023-08-20,13.7,,
9016X,"VALDERREDIBLE, CUBILLO DE EBRO",CANTABRIA,770.0,2024,360,0,0,0,0,0,-8.2,2024-01-20,16.5,2024-08-08,13.9,,
9016X,"VALDERREDIBLE, CUBILLO DE EBRO",CANTABRIA,770.0,2025,361,0,0,0,0,0,-10.9,2025-01-14,16.0,2025-07-18,13.5,,
9019B,"VALDERREDIBLE, POLIENTES",CANTABRIA,720.0,2017,364,0,0,0,0,0,-11.5,2017-01-07,15.4,2017-06-23,13.3,,
9019B,"VALDERREDIBLE, POLIENTES",CANTABRIA,720.0,2018,361,0,0,0,0,0,-7.7,2018-02-23,18.0,2018-07-26,13.9,,
9019B,"VALDERREDIBLE, POLIENTES",CANTABRIA,720.0,2019,350,0,0,0,0,0,-10.9,2019-01-06,17.8,2019-08-29,13.4,,
9019B,"VALDERREDIBLE, POLIENTES",CANTABRIA,720.0,2020,366,0,0,0,0,0,-6.5,2020-01-06,16.5,2020-08-27,13.1,,
9019B,"VALDERREDIBLE, POLIENTES",CANTABRIA,720.0,2021,365,0,0,0,0,0,-6.9,2021-01-04,15.7,2021-08-11,13.3,,
9019B,"VALDERREDIBLE, POLIENTES",CANTABRIA,720.0,2022,365,0,0,0,0,0,-9.6,2022-01-15,17.7,2022-08-11,14.0,,
9019B,"VALDERREDIBLE, POLIENTES",CANTABRIA,720.0,2023,365,0,0,0,0,0,-8.5,2023-02-11,16.4,2023-08-22,14.2,,
9019B,"VALDERREDIBLE, POLIENTES",CANTABRIA,720.0,2024,340,0,0,0,0,0,-7.7,2024-01-20,16.9,2024-08-08,14.0,,
9019B,"VALDERREDIBLE, POLIENTES",CANTABRIA,720.0,2025,348,0,0,0,0,0,-9.6,2025-01-14,16.3,2025-06-23,13.7,,
9027X,SARGENTES DE LA LORA,BURGOS,1017.0,2017,363,0,0,0,0,0,-9.2,2017-12-06,16.6,2017-08-22,12.8,,
9027X,SARGENTES DE LA LORA,BURGOS,1017.0,2018,350,0,0,0,0,0,-9.8,2018-02-27,16.7,2018-08-03,13.3,,
9027X,SARGENTES DE LA LORA,BURGOS,1017.0,2019,364,0,0,0,0,0,-8.7,2019-02-03,17.1,2019-06-27,13.1,,
9027X,SARGENTES DE LA LORA,BURGOS,1017.0,2020,345,0,0,0,0,0,-7.0,2020-01-12,18.1,2020-08-07,13.0,,
9027X,SARGENTES DE LA LORA,BURGOS,1017.0,2021,365,0,0,0,0,0,-10.6,2021-01-07,14.6,2021-09-06,12.5,,
9027X,SARGENTES DE LA LORA,BURGOS,1017.0,2022,329,0,0,0,0,0,-6.7,2022-01-13,18.1,2022-07-17,14.5,,
9031C,BRIVIESCA,BURGOS,730.0,2017,365,0,0,0,0,0,-7.8,2017-01-01,17.3,2017-07-18,14.9,,
9031C,BRIVIESCA,BURGOS,730.0,2018,365,0,0,0,0,0,-7.6,2018-02-27,18.0,2018-07-26,14.3,,
9031C,BRIVIESCA,BURGOS,730.0,2019,344,0,0,0,0,0,-6.6,2019-01-03,17.5,2019-07-22,15.1,,
9031C,BRIVIESCA,BURGOS,730.0,2020,366,0,0,0,0,0,-4.0,2020-01-01,16.8,2020-08-07,14.4,,
9031C,BRIVIESCA,BURGOS,730.0,2021,365,0,0,0,0,0,-7.6,2021-01-07,18.7,2021-09-07,14.4,,
9031C,BRIVIESCA,BURGOS,730.0,2022,365,0,0,0,0,0,-6.6,2022-01-28,19.7,2022-08-03,15.4,,
9031C,BRIVIESCA,BURGOS,730.0,2023,365,0,0,0,0,0,-6.1,2023-02-11,18.8,2023-08-23,15.9,,
9031C,BRIVIESCA,BURGOS,730.0,2024,366,0,0,0,0,0,-6.7,2024-01-20,17.6,2024-07-29,15.5,,
9031C,BRIVIESCA,BURGOS,730.0,2025,365,0,0,0,0,0,-6.6,2025-01-13,19.5,2025-08-16,15.6,,
9051,MEDINA DE POMAR,BURGOS,580.0,2017,365,0,0,0,0,0,-9.7,2017-01-07,18.4,2017-07-18,15.2,,
9051,MEDINA DE POMAR,BURGOS,580.0,2018,356,0,0,0,0,0,-7.6,2018-02-27,19.3,2018-07-26,15.7,,
9051,MEDINA DE POMAR,BURGOS,580.0,2019,365,0,0,0,0,0,-8.6,2019-01-04,18.8,2019-10-13,15.3,,
9051,MEDINA DE POMAR,BURGOS,580.0,2020,366,0,0,0,0,0,-5.7,2020-01-06,17.8,2020-08-10,14.8,,
9051,MEDINA DE POMAR,BURGOS,580.0,2021,361,0,0,0,0,0,-6.0,2021-01-08,18.2,2021-08-12,14.5,,
9051,MEDINA DE POMAR,BURGOS,580.0,2022,347,3,2,0,1,1,-6.8,2022-01-15,22.2,2022-10-27,16.2,2022-08-03,2022-10-27
9051,MEDINA DE POMAR,BURGOS,580.0,2023,325,0,0,0,0,0,-5.9,2023-04-05,17.9,2023-08-16,15.9,,
9051,MEDINA DE POMAR,BURGOS,580.0,2024,357,0,0,0,0,0,-6.4,2024-01-20,18.5,2024-07-28,16.2,,
9051,MEDINA DE POMAR,BURGOS,580.0,2025,346,0,0,0,0,0,-7.4,2025-01-15,18.5,2025-08-15,15.8,,
9060X,LALASTRA,ARABA/ALAVA,910.0,2017,361,0,0,0,0,0,-9.7,2017-01-01,14.7,2017-06-22,13.1,,
9060X,LALASTRA,ARABA/ALAVA,910.0,2018,364,0,0,0,0,0,-8.8,2018-02-27,16.2,2018-07-26,13.3,,
9060X,LALASTRA,ARABA/ALAVA,910.0,2019,353,0,0,0,0,0,-7.4,2019-02-04,16.9,2019-08-08,13.7,,
9060X,LALASTRA,ARABA/ALAVA,910.0,2020,329,0,0,0,0,0,-4.6,2020-01-12,17.2,2020-08-19,13.2,,
9060X,LALASTRA,ARABA/ALAVA,910.0,2021,356,0,0,0,0,0,-10.7,2021-01-07,15.5,2021-09-07,12.7,,
9060X,LALASTRA,ARABA/ALAVA,910.0,2022,365,1,0,0,0,1,-6.8,2022-01-13,20.2,2022-10-27,14.7,2022-10-27,2022-10-27
9060X,LALASTRA,ARABA/ALAVA,910.0,2023,362,0,0,0,0,0,-6.2,2023-04-05,18.0,2023-08-24,13.8,,
9060X,LALASTRA,ARABA/ALAVA,910.0,2024,366,0,0,0,0,0,-8.7,2024-01-20,16.1,2024-07-30,13.6,,
9060X,LALASTRA,ARABA/ALAVA,910.0,2025,365,0,0,0,0,0,-8.0,2025-01-14,17.9,2025-08-16,14.0,,
9069C,MIRANDA DE EBRO,BURGOS,460.0,2017,365,0,0,0,0,0,-8.1,2017-01-07,18.7,2017-08-26,16.3,,
9069C,MIRANDA DE EBRO,BURGOS,460.0,2018,359,1,1,0,0,1,-6.7,2018-02-27,20.3,2018-07-26,15.8,2018-07-26,2018-07-26
9069C,MIRANDA DE EBRO,BURGOS,460.0,2019,365,0,0,0,0,0,-8.1,2019-01-06,19.6,2019-07-22,16.1,,
9069C,MIRANDA DE EBRO,BURGOS,460.0,2020,366,0,0,0,0,0,-4.1,2020-01-06,18.3,2020-08-10,15.8,,
9069C,MIRANDA DE EBRO,BURGOS,460.0,2021,353,0,0,0,0,0,-4.5,2021-01-08,19.6,2021-07-22,15.7,,
9069C,MIRANDA DE EBRO,BURGOS,460.0,2022,365,2,1,0,0,1,-6.3,2022-01-27,20.6,2022-08-03,16.7,2022-08-03,2022-10-27
9069C,MIRANDA DE EBRO,BURGOS,460.0,2023,365,0,0,0,0,0,-6.2,2023-02-11,18.9,2023-08-16,17.3,,
9069C,MIRANDA DE EBRO,BURGOS,460.0,2024,366,0,0,0,0,0,-6.0,2024-01-20,19.4,2024-07-28,17.1,,
9069C,MIRANDA DE EBRO,BURGOS,460.0,2025,364,0,0,0,0,0,-5.1,2025-01-15,18.9,2025-08-13,16.5,,
9073X,"AGURAIN/SALVATIERRA, OPAKUA",ARABA/ALAVA,660.0,2017,365,0,0,0,0,0,-6.6,2017-12-03,19.2,2017-07-18,16.2,,
9073X,"AGURAIN/SALVATIERRA, OPAKUA",ARABA/ALAVA,660.0,2018,360,0,0,0,0,0,-9.0,2018-02-27,18.3,2018-09-18,15.7,,
9073X,"AGURAIN/SALVATIERRA, OPAKUA",ARABA/ALAVA,660.0,2019,365,2,2,0,1,1,-4.9,2019-01-06,24.0,2019-06-27,15.9,2019-06-27,2019-07-23
9073X,"AGURAIN/SALVATIERRA, OPAKUA",ARABA/ALAVA,660.0,2020,366,1,0,0,0,1,-5.1,2020-01-01,20.7,2020-09-14,15.1,2020-09-14,2020-09-14
9073X,"AGURAIN/SALVATIERRA, OPAKUA",ARABA/ALAVA,660.0,2021,365,1,0,0,0,1,-11.0,2021-01-07,21.7,2021-09-07,14.7,2021-09-07,2021-09-07
9073X,"AGURAIN/SALVATIERRA, OPAKUA",ARABA/ALAVA,660.0,2022,362,1,1,0,1,1,-4.8,2022-01-22,25.0,2022-07-18,17.0,2022-07-18,2022-07-18
9073X,"AGURAIN/SALVATIERRA, OPAKUA",ARABA/ALAVA,660.0,2023,365,4,2,0,1,2,-5.9,2023-01-21,22.6,2023-08-23,16.6,2023-08-23,2023-09-06
9073X,"AGURAIN/SALVATIERRA, OPAKUA",ARABA/ALAVA,660.0,2024,356,2,2,0,2,1,-6.5,2024-01-20,24.8,2024-08-11,15.6,2024-07-29,2024-08-11
9073X,"AGURAIN/SALVATIERRA, OPAKUA",ARABA/ALAVA,660.0,2025,365,1,1,1,1,1,-4.5,2025-01-01,25.2,2025-08-15,16.1,2025-08-15,2025-08-15
9091O,FORONDA-TXOKIZA,ARABA/ALAVA,513.0,2017,365,0,0,0,0,0,-8.5,2017-01-07,18.3,2017-08-04,15.7,,
9091O,FORONDA-TXOKIZA,ARABA/ALAVA,513.0,2018,365,0,0,0,0,0,-7.6,2018-02-27,19.4,2018-07-26,15.5,,
9091O,FORONDA-TXOKIZA,ARABA/ALAVA,513.0,2019,365,0,0,0,0,0,-7.7,2019-01-06,19.0,2019-06-27,15.6,,
9091O,FORONDA-TXOKIZA,ARABA/ALAVA,513.0,2020,366,0,0,0,0,0,-3.9,2020-01-06,18.4,2020-08-07,14.7,,
9091O,FORONDA-TXOKIZA,ARABA/ALAVA,513.0,2021,365,0,0,0,0,0,-6.9,2021-01-08,19.8,2021-09-07,14.8,,
9091O,FORONDA-TXOKIZA,ARABA/ALAVA,513.0,2022,365,1,0,0,0,1,-5.8,2022-01-27,20.2,2022-09-12,15.9,2022-09-12,2022-09-12
9091O,FORONDA-TXOKIZA,ARABA/ALAVA,513.0,2023,365,0,0,0,0,0,-6.3,2023-02-11,18.3,2023-10-18,15.9,,
9091O,FORONDA-TXOKIZA,ARABA/ALAVA,513.0,2024,366,0,0,0,0,0,-6.3,2024-01-20,19.1,2024-07-30,15.7,,
9091O,FORONDA-TXOKIZA,ARABA/ALAVA,513.0,2025,365,0,0,0,0,0,-4.6,2025-01-18,18.9,2025-08-13,15.5,,
9091R,VITORIA-GASTEIZ AEROPUERTO,ARABA/ALAVA,513.0,2017,363,0,0,0,0,0,-10.1,2017-01-07,18.5,2017-08-04,15.7,,
9091R,VITORIA-GASTEIZ AEROPUERTO,ARABA/ALAVA,513.0,2018,365,0,0,0,0,0,-7.9,2018-02-27,19.3,2018-07-26,15.6,,
9091R,VITORIA-GASTEIZ AEROPUERTO,ARABA/ALAVA,513.0,2019,363,0,0,0,0,0,-8.7,2019-01-06,18.8,2019-07-22,15.4,,
9091R,VITORIA-GASTEIZ AEROPUERTO,ARABA/ALAVA,513.0,2020,366,0,0,0,0,0,-4.8,2020-01-06,17.4,2020-08-01,14.4,,
9091R,VITORIA-GASTEIZ AEROPUERTO,ARABA/ALAVA,513.0,2021,365,0,0,0,0,0,-7.5,2021-01-08,18.9,2021-09-07,14.8,,
9091R,VITORIA-GASTEIZ AEROPUERTO,ARABA/ALAVA,513.0,2022,365,0,0,0,0,0,-7.4,2022-01-27,19.4,2022-09-12,15.8,,
9091R,VITORIA-GASTEIZ AEROPUERTO,ARABA/ALAVA,513.0,2023,364,0,0,0,0,0,-8.0,2023-02-11,18.3,2023-09-08,16.2,,
9091R,VITORIA-GASTEIZ AEROPUERTO,ARABA/ALAVA,513.0,2024,366,0,0,0,0,0,-7.1,2024-01-20,19.3,2024-08-10,16.2,,
9091R,VITORIA-GASTEIZ AEROPUERTO,ARABA/ALAVA,513.0,2025,365,0,0,0,0,0,-5.8,2025-01-19,19.2,2025-08-17,15.3,,
9111,BELORADO,BURGOS,820.0,2018,317,0,0,0,0,0,-8.9,2018-02-27,15.0,2018-06-21,13.0,,
9111,BELORADO,BURGOS,820.0,2022,364,1,0,0,0,1,-5.0,2022-01-25,22.0,2022-10-27,16.0,2022-10-27,2022-10-27
9111,BELORADO,BURGOS,820.0,2023,357,1,1,0,0,1,-4.9,2023-02-11,20.1,2023-08-24,15.4,2023-08-24,2023-08-24
9111,BELORADO,BURGOS,820.0,2024,365,0,0,0,0,0,-6.8,2024-01-20,18.0,2024-07-31,15.7,,
9111,BELORADO,BURGOS,820.0,2025,364,2,2,0,0,1,-5.6,2025-01-14,20.9,2025-08-16,15.8,2025-08-11,2025-08-16
9115X,VALDEZCARAY,LA RIOJA,1630.0,2017,361,0,0,0,0,0,-12.8,2017-01-18,19.6,2017-06-13,16.1,,
9115X,VALDEZCARAY,LA RIOJA,1630.0,2018,364,0,0,0,0,0,-12.0,2018-02-27,19.0,2018-08-02,13.9,,
9115X,VALDEZCARAY,LA RIOJA,1630.0,2019,365,3,3,0,2,3,-8.5,2019-01-10,22.8,2019-06-29,15.0,2019-06-27,2019-06-29
9115X,VALDEZCARAY,LA RIOJA,1630.0,2020,364,0,0,0,0,0,-8.5,2020-01-20,19.8,2020-08-09,14.6,,
9115X,VALDEZCARAY,LA RIOJA,1630.0,2021,365,1,1,0,1,1,-12.0,2021-01-08,23.3,2021-08-14,14.2,2021-08-14,2021-08-14
9115X,VALDEZCARAY,LA RIOJA,1630.0,2022,364,6,6,0,2,3,-10.1,2022-04-04,22.7,2022-07-16,17.4,2022-06-14,2022-07-18
9115X,VALDEZCARAY,LA RIOJA,1630.0,2023,365,5,5,0,2,4,-9.8,2023-01-25,22.6,2023-08-22,15.3,2023-08-09,2023-08-24
9115X,VALDEZCARAY,LA RIOJA,1630.0,2024,364,4,4,0,0,2,-9.8,2024-01-19,21.9,2024-08-11,15.7,2024-07-28,2024-08-11
9115X,VALDEZCARAY,LA RIOJA,1630.0,2025,359,7,7,0,1,5,-8.1,2025-12-25,22.7,2025-08-10,17.0,2025-08-07,2025-08-16
9121X,HARO,LA RIOJA,465.0,2017,365,3,3,0,0,1,-4.4,2017-01-07,21.4,2017-07-18,17.2,2017-07-05,2017-08-22
9121X,HARO,LA RIOJA,465.0,2018,365,0,0,0,0,0,-4.9,2018-02-27,19.6,2018-07-26,17.2,,
9121X,HARO,LA RIOJA,465.0,2019,364,2,2,1,2,1,-4.0,2019-01-06,25.2,2019-06-27,17.1,2019-06-27,2019-07-05
9121X,HARO,LA RIOJA,465.0,2020,366,1,1,0,0,1,-3.2,2020-01-01,20.4,2020-08-07,17.1,2020-08-07,2020-08-07
9121X,HARO,LA RIOJA,465.0,2021,362,0,0,0,0,0,-4.6,2021-01-07,18.5,2021-07-05,16.4,,
9121X,HARO,LA RIOJA,465.0,2022,360,5,4,0,0,1,-4.9,2022-01-15,21.6,2022-08-03,18.0,2022-06-17,2022-09-12
9121X,HARO,LA RIOJA,465.0,2023,365,3,2,0,0,2,-4.2,2023-02-12,20.6,2023-08-23,18.0,2023-08-23,2023-09-09
9121X,HARO,LA RIOJA,465.0,2024,366,2,2,0,1,1,-4.2,2024-01-21,22.5,2024-07-29,17.7,2024-07-29,2024-08-11
9122I,LABASTIDA,ARABA/ALAVA,612.0,2017,364,5,4,0,0,2,-4.9,2017-01-26,21.9,2017-07-05,16.7,2017-05-28,2017-08-22
9122I,LABASTIDA,ARABA/ALAVA,612.0,2018,349,0,0,0,0,0,-6.4,2018-02-27,18.6,2018-07-25,15.9,,
9122I,LABASTIDA,ARABA/ALAVA,612.0,2019,364,3,3,1,1,1,-3.1,2019-01-06,25.3,2019-06-27,16.3,2019-06-27,2019-07-23
9122I,LABASTIDA,ARABA/ALAVA,612.0,2020,366,0,0,0,0,0,-4.5,2020-01-01,19.5,2020-07-30,16.1,,
9122I,LABASTIDA,ARABA/ALAVA,612.0,2021,365,1,0,0,0,1,-6.2,2021-01-07,20.5,2021-09-07,15.4,2021-09-07,2021-09-07
9122I,LABASTIDA,ARABA/ALAVA,612.0,2022,365,4,2,0,0,1,-4.1,2022-01-23,21.1,2022-07-18,17.2,2022-06-17,2022-10-27
9122I,LABASTIDA,ARABA/ALAVA,612.0,2023,365,2,2,0,0,2,-4.3,2023-02-11,21.9,2023-08-23,17.2,2023-08-23,2023-08-24
9122I,LABASTIDA,ARABA/ALAVA,612.0,2024,366,3,3,0,1,2,-4.8,2024-01-20,23.0,2024-07-29,16.6,2024-07-29,2024-08-11
9122I,LABASTIDA,ARABA/ALAVA,612.0,2025,359,3,3,0,1,2,-5.2,2025-01-14,22.1,2025-08-15,17.5,2025-08-11,2025-08-16
9136X,"ANGUIANO, VALVANERA",LA RIOJA,1006.0,2017,360,0,0,0,0,0,-7.2,2017-01-18,17.2,2017-08-22,14.2,,
9136X,"ANGUIANO, VALVANERA",LA RIOJA,1006.0,2018,364,0,0,0,0,0,-7.6,2018-02-27,16.2,2018-07-27,13.3,,
9136X,"ANGUIANO, VALVANERA",LA RIOJA,1006.0,2019,364,0,0,0,0,0,-5.7,2019-02-04,18.2,2019-06-27,14.0,,
9136X,"ANGUIANO, VALVANERA",LA RIOJA,1006.0,2020,366,0,0,0,0,0,-4.1,2020-01-12,17.0,2020-09-14,13.6,,
9136X,"ANGUIANO, VALVANERA",LA RIOJA,1006.0,2021,365,0,0,0,0,0,-8.0,2021-01-08,17.6,2021-08-14,13.6,,
9136X,"ANGUIANO, VALVANERA",LA RIOJA,1006.0,2022,365,0,0,0,0,0,-6.5,2022-01-22,18.4,2022-07-18,14.9,,
9136X,"ANGUIANO, VALVANERA",LA RIOJA,1006.0,2023,365,2,2,0,0,2,-5.4,2023-02-10,20.7,2023-08-24,15.2,2023-08-23,2023-08-24
9136X,"ANGUIANO, VALVANERA",LA RIOJA,1006.0,2024,366,0,0,0,0,0,-7.4,2024-01-20,18.9,2024-08-11,14.6,,
9136X,"ANGUIANO, VALVANERA",LA RIOJA,1006.0,2025,358,0,0,0,0,0,-6.9,2025-01-14,18.6,2025-08-16,15.2,,
9141V,NÁJERA,LA RIOJA,500.0,2017,364,1,1,0,0,1,-5.9,2017-01-26,20.6,2017-07-17,17.3,2017-07-17,2017-07-17
9141V,NÁJERA,LA RIOJA,500.0,2018,365,0,0,0,0,0,-4.6,2018-01-09,19.8,2018-07-25,16.8,,
9141V,NÁJERA,LA RIOJA,500.0,2019,365,1,1,0,1,1,-2.6,2019-01-16,23.2,2019-06-27,16.9,2019-06-27,2019-06-27
9141V,NÁJERA,LA RIOJA,500.0,2020,365,0,0,0,0,0,-4.9,2020-01-01,18.8,2020-06-24,16.7,,
9141V,NÁJERA,LA RIOJA,500.0,2021,365,0,0,0,0,0,-5.0,2021-01-07,18.7,2021-08-11,16.6,,
9141V,NÁJERA,LA RIOJA,500.0,2022,364,3,3,0,0,2,-5.3,2022-01-15,21.0,2022-06-17,17.9,2022-06-17,2022-08-11
9141V,NÁJERA,LA RIOJA,500.0,2023,364,2,2,0,0,1,-5.2,2023-02-11,20.3,2023-08-10,18.3,2023-08-10,2023-08-23
9141V,NÁJERA,LA RIOJA,500.0,2024,366,0,0,0,0,0,-4.6,2024-01-21,19.7,2024-08-06,17.6,,
9141V,NÁJERA,LA RIOJA,500.0,2025,365,0,0,0,0,0,-4.1,2025-01-19,19.7,2025-08-13,17.8,,
9145X,LEZA,ARABA/ALAVA,575.0,2017,364,4,4,0,0,2,-6.6,2017-01-07,22.0,2017-07-17,16.6,2017-07-05,2017-08-22
9145X,LEZA,ARABA/ALAVA,575.0,2018,364,0,0,0,0,0,-6.4,2018-02-27,18.2,2018-07-27,16.0,,
9145X,LEZA,ARABA/ALAVA,575.0,2019,365,3,3,0,2,2,-5.4,2019-01-04,23.5,2019-06-27,16.8,2019-06-27,2019-07-23
9145X,LEZA,ARABA/ALAVA,575.0,2020,366,4,3,0,0,2,-3.1,2020-01-06,21.9,2020-07-30,16.2,2020-06-24,2020-09-14
9145X,LEZA,ARABA/ALAVA,575.0,2021,365,1,0,0,0,1,-6.7,2021-01-07,21.3,2021-09-07,15.8,2021-09-07,2021-09-07
9145X,LEZA,ARABA/ALAVA,575.0,2022,365,5,5,0,1,2,-4.7,2022-01-15,24.3,2022-07-18,18.1,2022-06-17,2022-08-11
9145X,LEZA,ARABA/ALAVA,575.0,2023,365,5,3,1,1,2,-4.6,2023-02-10,25.2,2023-08-23,17.5,2023-08-19,2023-09-08
9145X,LEZA,ARABA/ALAVA,575.0,2024,366,4,4,0,2,2,-4.7,2024-01-20,25.0,2024-08-11,17.0,2024-07-18,2024-08-11
9145X,LEZA,ARABA/ALAVA,575.0,2025,365,5,5,1,1,2,-6.1,2025-01-14,25.7,2025-08-15,17.8,2025-06-21,2025-08-25
9145Y,CENICERO,LA RIOJA,429.0,2017,363,5,5,0,0,3,-3.4,2017-12-06,21.8,2017-07-17,18.1,2017-07-05,2017-08-22
9145Y,CENICERO,LA RIOJA,429.0,2018,365,2,2,0,0,1,-4.0,2018-02-27,20.5,2018-07-25,17.9,2018-07-25,2018-07-27
9145Y,CENICERO,LA RIOJA,429.0,2019,365,6,6,0,3,2,-2.8,2019-01-16,24.3,2019-06-27,17.7,2019-06-27,2019-07-25
9145Y,CENICERO,LA RIOJA,429.0,2020,366,3,3,0,0,1,-2.6,2020-01-01,21.5,2020-07-30,17.7,2020-06-24,2020-08-07
9145Y,CENICERO,LA RIOJA,429.0,2021,363,1,0,0,0,1,-4.3,2021-01-07,20.7,2021-09-07,17.1,2021-09-07,2021-09-07
9145Y,CENICERO,LA RIOJA,429.0,2022,365,7,6,0,1,2,-4.6,2022-01-15,23.5,2022-07-18,18.4,2022-06-17,2022-09-12
9145Y,CENICERO,LA RIOJA,429.0,2023,364,10,8,0,2,7,-3.7,2023-02-12,24.2,2023-08-24,18.7,2023-08-10,2023-09-09
9145Y,CENICERO,LA RIOJA,429.0,2024,364,8,8,0,2,2,-3.7,2024-01-21,24.0,2024-08-11,18.8,2024-07-19,2024-08-12
9145Y,CENICERO,LA RIOJA,429.0,2025,350,5,5,0,1,1,-2.8,2025-01-17,22.8,2025-08-15,18.7,2025-06-30,2025-08-15
9170,"LOGROÑO, AEROPUERTO",LA RIOJA,353.0,2017,365,4,4,0,0,3,-7.5,2017-01-26,20.9,2017-07-17,18.2,2017-06-19,2017-07-19
9170,"LOGROÑO, AEROPUERTO",LA RIOJA,353.0,2018,365,2,2,0,0,1,-3.9,2018-02-13,20.4,2018-08-03,17.7,2018-08-01,2018-08-03
9170,"LOGROÑO, AEROPUERTO",LA RIOJA,353.0,2019,365,7,7,0,0,3,-2.5,2019-01-16,21.6,2019-07-05,18.1,2019-06-26,2019-07-25
9170,"LOGROÑO, AEROPUERTO",LA RIOJA,353.0,2020,364,3,3,0,0,1,-2.5,2020-11-24,20.4,2020-08-01,17.9,2020-07-29,2020-08-07
9170,"LOGROÑO, AEROPUERTO",LA RIOJA,353.0,2021,365,1,0,0,0,1,-3.4,2021-01-07,21.5,2021-09-07,17.4,2021-09-07,2021-09-07
9170,"LOGROÑO, AEROPUERTO",LA RIOJA,353.0,2022,365,7,7,0,0,3,-5.8,2022-01-23,21.5,2022-08-11,18.5,2022-06-17,2022-08-13
9170,"LOGROÑO, AEROPUERTO",LA RIOJA,353.0,2023,365,7,7,0,0,4,-6.7,2023-12-27,21.7,2023-08-22,18.1,2023-08-10,2023-08-25
9170,"LOGROÑO, AEROPUERTO",LA RIOJA,353.0,2024,366,4,4,0,0,2,-6.8,2024-01-21,21.3,2024-08-11,18.5,2024-07-30,2024-08-12
9170,"LOGROÑO, AEROPUERTO",LA RIOJA,353.0,2025,360,2,2,0,0,1,-4.4,2025-01-19,21.0,2025-08-13,18.2,2025-07-02,2025-08-13
9171K,LOS ARCOS,NAVARRA,470.0,2017,364,3,3,0,0,1,-5.1,2017-01-19,20.5,2017-08-22,17.3,2017-06-19,2017-08-22
9171K,LOS ARCOS,NAVARRA,470.0,2018,364,1,1,0,0,1,-6.6,2018-02-27,20.5,2018-08-28,17.2,2018-08-28,2018-08-28
9171K,LOS ARCOS,NAVARRA,470.0,2019,364,5,5,0,0,2,-2.1,2019-12-29,21.7,2019-07-25,18.2,2019-06-27,2019-07-25
9171K,LOS ARCOS,NAVARRA,470.0,2020,366,4,3,0,0,1,-3.1,2020-01-14,21.7,2020-08-07,17.4,2020-07-30,2020-09-17
9171K,LOS ARCOS,NAVARRA,470.0,2021,364,3,2,0,0,1,-5.4,2021-01-07,21.6,2021-07-22,16.6,2021-07-22,2021-09-07
9171K,LOS ARCOS,NAVARRA,470.0,2022,365,10,10,0,5,3,-4.8,2022-01-15,23.9,2022-06-18,19.0,2022-06-14,2022-08-12
9171K,LOS ARCOS,NAVARRA,470.0,2023,365,4,4,1,2,3,-3.4,2023-02-10,25.3,2023-08-23,17.6,2023-08-19,2023-08-24
9171K,LOS ARCOS,NAVARRA,470.0,2024,366,6,6,0,2,3,-4.1,2024-01-21,22.9,2024-07-29,17.8,2024-07-18,2024-08-12
9171K,LOS ARCOS,NAVARRA,470.0,2025,365,9,9,0,3,3,-4.3,2025-01-14,24.3,2025-08-15,18.8,2025-06-22,2025-08-25
9178X,CAMPEZO/KANPEZU,ARABA/ALAVA,570.0,2017,347,1,1,0,0,1,-6.2,2017-01-26,20.3,2017-07-17,16.1,2017-07-17,2017-07-17
9178X,CAMPEZO/KANPEZU,ARABA/ALAVA,570.0,2018,365,0,0,0,0,0,-7.4,2018-02-27,17.7,2018-08-01,15.7,,
9178X,CAMPEZO/KANPEZU,ARABA/ALAVA,570.0,2019,365,4,4,0,2,2,-5.0,2019-01-16,23.5,2019-06-27,15.9,2019-06-26,2019-07-25
9178X,CAMPEZO/KANPEZU,ARABA/ALAVA,570.0,2020,355,1,1,0,0,1,-6.2,2020-01-01,21.7,2020-08-10,15.7,2020-08-10,2020-08-10
9178X,CAMPEZO/KANPEZU,ARABA/ALAVA,570.0,2021,365,1,0,0,0,1,-7.9,2021-01-07,20.8,2021-09-07,15.1,2021-09-07,2021-09-07
9178X,CAMPEZO/KANPEZU,ARABA/ALAVA,570.0,2022,362,1,1,0,0,1,-6.6,2022-01-15,20.8,2022-08-10,16.9,2022-08-10,2022-08-10
9178X,CAMPEZO/KANPEZU,ARABA/ALAVA,570.0,2023,365,2,2,0,1,2,-5.2,2023-02-11,24.2,2023-08-23,17.0,2023-08-23,2023-08-24
9178X,CAMPEZO/KANPEZU,ARABA/ALAVA,570.0,2024,366,1,1,0,0,1,-5.4,2024-01-21,21.5,2024-07-29,16.5,2024-07-29,2024-07-29
9178X,CAMPEZO/KANPEZU,ARABA/ALAVA,570.0,2025,365,1,1,0,0,1,-4.9,2025-01-19,21.0,2025-08-15,16.8,2025-08-15,2025-08-15
9188,ENCISO,LA RIOJA,855.0,2017,362,0,0,0,0,0,-9.1,2017-01-19,19.1,2017-06-20,15.6,,
9188,ENCISO,LA RIOJA,855.0,2018,363,0,0,0,0,0,-8.1,2018-02-27,18.2,2018-07-27,15.0,,
9188,ENCISO,LA RIOJA,855.0,2019,359,2,2,0,0,1,-4.7,2019-02-04,21.0,2019-06-29,15.5,2019-06-29,2019-07-25
9188,ENCISO,LA RIOJA,855.0,2020,360,0,0,0,0,0,-3.7,2020-01-12,17.4,2020-07-29,15.0,,
9188,ENCISO,LA RIOJA,855.0,2021,363,0,0,0,0,0,-9.4,2021-01-08,18.8,2021-09-07,14.1,,
9188,ENCISO,LA RIOJA,855.0,2022,347,0,0,0,0,0,-7.2,2022-01-22,19.2,2022-08-13,16.0,,
9188,ENCISO,LA RIOJA,855.0,2023,357,2,2,0,2,2,-6.7,2023-01-25,24.1,2023-08-24,15.9,2023-08-23,2023-08-24
9188,ENCISO,LA RIOJA,855.0,2024,353,2,2,0,0,1,-6.9,2024-01-20,20.7,2024-08-11,15.8,2024-07-30,2024-08-11
9188,ENCISO,LA RIOJA,855.0,2025,347,1,1,0,0,1,-7.4,2025-01-14,20.7,2025-08-11,16.2,2025-08-11,2025-08-11
9195C,"ASTÚN, LA RACA",HUESCA,2276.0,2022,365,0,0,0,0,0,-13.7,2022-04-03,18.6,2022-07-16,13.7,,
9195C,"ASTÚN, LA RACA",HUESCA,2276.0,2023,365,0,0,0,0,0,-17.2,2023-02-27,17.2,2023-08-23,13.3,,
9195C,"ASTÚN, LA RACA",HUESCA,2276.0,2024,366,0,0,0,0,0,-12.6,2024-01-08,16.6,2024-08-01,13.2,,
9195C,"ASTÚN, LA RACA",HUESCA,2276.0,2025,364,0,0,0,0,0,-14.1,2025-11-21,17.5,2025-08-16,13.6,,
9198X,CANFRANC,HUESCA,1197.0,2017,361,0,0,0,0,0,-9.9,2017-01-18,15.6,2017-06-23,13.9,,
9198X,CANFRANC,HUESCA,1197.0,2018,365,0,0,0,0,0,-8.8,2018-02-09,16.7,2018-08-04,13.5,,
9198X,CANFRANC,HUESCA,1197.0,2019,364,0,0,0,0,0,-5.5,2019-01-24,17.5,2019-06-27,14.4,,
9198X,CANFRANC,HUESCA,1197.0,2020,365,0,0,0,0,0,-5.1,2020-12-27,15.9,2020-08-01,13.6,,
9198X,CANFRANC,HUESCA,1197.0,2021,365,0,0,0,0,0,-10.0,2021-01-06,17.1,2021-08-14,13.1,,
9198X,CANFRANC,HUESCA,1197.0,2022,365,0,0,0,0,0,-5.6,2022-04-02,20.0,2022-06-19,14.5,,
9198X,CANFRANC,HUESCA,1197.0,2023,364,0,0,0,0,0,-8.2,2023-02-27,16.8,2023-08-21,14.5,,
9198X,CANFRANC,HUESCA,1197.0,2024,366,0,0,0,0,0,-6.9,2024-01-09,17.2,2024-07-19,14.6,,
9198X,CANFRANC,HUESCA,1197.0,2025,365,0,0,0,0,0,-5.0,2025-03-17,17.9,2025-08-17,15.0,,
9201K,JACA,HUESCA,823.0,2017,361,1,1,0,0,1,-10.3,2017-01-18,20.1,2017-06-19,16.5,2017-06-19,2017-06-19
9201K,JACA,HUESCA,823.0,2018,362,0,0,0,0,0,-10.6,2018-02-27,18.0,2018-08-06,15.1,,
9201K,JACA,HUESCA,823.0,2019,360,3,3,0,0,2,-7.2,2019-02-04,22.0,2019-06-27,16.5,2019-06-26,2019-07-25
9201K,JACA,HUESCA,823.0,2020,366,0,0,0,0,0,-5.6,2020-12-27,19.7,2020-08-21,15.8,,
9201K,JACA,HUESCA,823.0,2021,362,1,1,0,0,1,-11.8,2021-01-08,21.3,2021-08-14,15.1,2021-08-14,2021-08-14
9201K,JACA,HUESCA,823.0,2022,365,3,3,0,0,2,-6.4,2022-01-06,21.0,2022-06-18,17.5,2022-06-17,2022-07-18
9201X,JACA,HUESCA,832.0,2024,363,5,5,0,0,2,-4.9,2024-01-09,21.6,2024-07-28,17.2,2024-07-19,2024-08-11
9201X,JACA,HUESCA,832.0,2025,365,2,2,0,0,1,-5.6,2025-01-14,21.0,2025-08-11,17.6,2025-08-09,2025-08-11
9207,"VALLE DE HECHO, HECHO",HUESCA,860.0,2017,365,0,0,0,0,0,-10.7,2017-01-18,16.9,2017-07-30,15.1,,
9207,"VALLE DE HECHO, HECHO",HUESCA,860.0,2018,360,0,0,0,0,0,-10.9,2018-02-27,16.6,2018-07-16,14.5,,
9207,"VALLE DE HECHO, HECHO",HUESCA,860.0,2019,365,0,0,0,0,0,-5.9,2019-02-04,18.5,2019-06-27,14.8,,
9207,"VALLE DE HECHO, HECHO",HUESCA,860.0,2020,365,0,0,0,0,0,-6.0,2020-01-12,18.6,2020-08-21,14.4,,
9207,"VALLE DE HECHO, HECHO",HUESCA,860.0,2021,364,0,0,0,0,0,-14.0,2021-01-08,18.3,2021-08-12,14.0,,
9207,"VALLE DE HECHO, HECHO",HUESCA,860.0,2022,365,1,1,0,0,1,-8.0,2022-01-16,20.5,2022-06-19,15.5,2022-06-19,2022-06-19
9207,"VALLE DE HECHO, HECHO",HUESCA,860.0,2023,364,1,0,0,1,1,-10.9,2023-01-24,23.7,2023-09-04,14.9,2023-09-04,2023-09-04
9207,"VALLE DE HECHO, HECHO",HUESCA,860.0,2024,366,0,0,0,0,0,-6.9,2024-01-12,19.2,2024-07-30,15.1,,
9207,"VALLE DE HECHO, HECHO",HUESCA,860.0,2025,365,0,0,0,0,0,-7.8,2025-01-14,18.1,2025-06-25,15.5,,
9208E,ARAGÜÉS DEL PUERTO,HUESCA,1025.0,2017,360,2,2,0,0,1,-8.5,2017-01-19,20.6,2017-08-03,18.1,2017-06-19,2017-08-03
9208E,ARAGÜÉS DEL PUERTO,HUESCA,1025.0,2018,361,2,2,0,0,1,-9.4,2018-02-27,20.3,2018-08-02,16.5,2018-08-02,2018-08-06
9208E,ARAGÜÉS DEL PUERTO,HUESCA,1025.0,2019,364,9,9,0,7,5,-5.2,2019-01-11,24.9,2019-06-27,17.7,2019-06-26,2019-07-25
9208E,ARAGÜÉS DEL PUERTO,HUESCA,1025.0,2020,321,2,2,0,0,2,-4.6,2020-12-27,21.8,2020-07-31,17.3,2020-07-30,2020-07-31
9208E,ARAGÜÉS DEL PUERTO,HUESCA,1025.0,2021,361,4,3,0,1,2,-9.2,2021-01-06,23.9,2021-08-14,16.7,2021-07-22,2021-09-07
9208E,ARAGÜÉS DEL PUERTO,HUESCA,1025.0,2022,365,11,11,0,3,4,-5.5,2022-01-06,23.1,2022-06-18,19.0,2022-06-16,2022-08-13
9208E,ARAGÜÉS DEL PUERTO,HUESCA,1025.0,2023,365,9,8,0,4,5,-9.3,2023-01-24,23.5,2023-08-24,18.2,2023-07-18,2023-09-04
9208E,ARAGÜÉS DEL PUERTO,HUESCA,1025.0,2024,361,6,6,0,1,2,-4.9,2024-01-08,22.5,2024-08-11,17.7,2024-07-19,2024-08-11
9208E,ARAGÜÉS DEL PUERTO,HUESCA,1025.0,2025,365,7,7,0,0,2,-4.6,2025-11-21,22.0,2025-08-08,17.7,2025-06-24,2025-08-17
9211F,"BAILO, PUYALTO",HUESCA,722.0,2017,359,5,5,0,0,1,-8.9,2017-01-19,21.4,2017-08-03,17.9,2017-06-14,2017-08-03
9211F,"BAILO, PUYALTO",HUESCA,722.0,2018,365,2,2,0,0,1,-8.6,2018-02-27,20.6,2018-08-06,16.9,2018-07-26,2018-08-06
9211F,"BAILO, PUYALTO",HUESCA,722.0,2019,364,10,10,0,4,4,-4.4,2019-01-03,24.9,2019-06-27,18.3,2019-06-24,2019-07-25
9211F,"BAILO, PUYALTO",HUESCA,722.0,2020,366,8,8,0,2,2,-5.8,2020-01-01,23.2,2020-07-31,17.8,2020-07-27,2020-08-21
9211F,"BAILO, PUYALTO",HUESCA,722.0,2021,363,4,4,0,3,1,-9.4,2021-01-08,23.7,2021-08-14,16.7,2021-06-16,2021-08-14
9211F,"BAILO, PUYALTO",HUESCA,722.0,2022,364,9,9,0,2,4,-6.2,2022-01-22,24.2,2022-07-18,18.8,2022-06-16,2022-08-13
9211F,"BAILO, PUYALTO",HUESCA,722.0,2023,365,10,9,0,2,5,-8.0,2023-01-24,24.1,2023-08-24,18.2,2023-07-18,2023-09-04
9211F,"BAILO, PUYALTO",HUESCA,722.0,2024,366,8,8,0,4,5,-4.9,2024-01-12,24.9,2024-07-30,18.2,2024-07-18,2024-08-11
9211F,"BAILO, PUYALTO",HUESCA,722.0,2025,363,3,3,0,0,2,-6.6,2025-01-14,20.4,2025-08-08,18.4,2025-08-08,2025-08-12
9218A,ISABA/IZABA,NAVARRA,838.0,2017,364,0,0,0,0,0,-11.9,2017-01-19,16.2,2017-08-23,13.5,,
9218A,ISABA/IZABA,NAVARRA,838.0,2018,364,0,0,0,0,0,-9.5,2018-02-27,14.9,2018-07-09,13.3,,
9218A,ISABA/IZABA,NAVARRA,838.0,2019,361,0,0,0,0,0,-7.7,2019-02-04,17.1,2019-10-12,12.7,,
9218A,ISABA/IZABA,NAVARRA,838.0,2020,366,0,0,0,0,0,-5.6,2020-01-13,15.6,2020-08-21,12.9,,
9218A,ISABA/IZABA,NAVARRA,838.0,2021,365,0,0,0,0,0,-12.6,2021-01-08,16.7,2021-08-12,12.4,,
9218A,ISABA/IZABA,NAVARRA,838.0,2022,363,0,0,0,0,0,-7.9,2022-01-15,18.4,2022-10-27,13.9,,
9218A,ISABA/IZABA,NAVARRA,838.0,2023,362,1,0,0,0,1,-10.9,2023-01-25,22.0,2023-09-04,13.0,2023-09-04,2023-09-04
9218A,ISABA/IZABA,NAVARRA,838.0,2024,366,0,0,0,0,0,-8.8,2024-01-12,17.2,2024-07-30,13.5,,
9218A,ISABA/IZABA,NAVARRA,838.0,2025,364,0,0,0,0,0,-6.8,2025-01-14,17.5,2025-11-13,13.3,,
9228J,OROZ-BETELU/OROTZ-BETELU,NAVARRA,635.0,2017,365,0,0,0,0,0,-8.8,2017-01-19,18.2,2017-06-17,15.3,,
9228J,OROZ-BETELU/OROTZ-BETELU,NAVARRA,635.0,2018,362,0,0,0,0,0,-6.9,2018-02-09,19.2,2018-07-09,15.4,,
9228J,OROZ-BETELU/OROTZ-BETELU,NAVARRA,635.0,2019,365,0,0,0,0,0,-4.1,2019-02-15,17.9,2019-07-07,14.9,,
9228J,OROZ-BETELU/OROTZ-BETELU,NAVARRA,635.0,2020,366,0,0,0,0,0,-4.2,2020-01-01,18.2,2020-07-28,14.9,,
9228J,OROZ-BETELU/OROTZ-BETELU,NAVARRA,635.0,2021,365,0,0,0,0,0,-8.1,2021-01-07,18.4,2021-08-12,15.1,,
9228J,OROZ-BETELU/OROTZ-BETELU,NAVARRA,635.0,2022,364,0,0,0,0,0,-7.0,2022-01-15,19.2,2022-08-25,16.3,,
9228J,OROZ-BETELU/OROTZ-BETELU,NAVARRA,635.0,2023,365,0,0,0,0,0,-6.6,2023-01-30,18.2,2023-07-11,15.5,,
9228J,OROZ-BETELU/OROTZ-BETELU,NAVARRA,635.0,2024,360,0,0,0,0,0,-5.2,2024-12-31,19.6,2024-08-01,15.6,,
9228J,OROZ-BETELU/OROTZ-BETELU,NAVARRA,635.0,2025,361,0,0,0,0,0,-7.7,2025-01-14,18.0,2025-07-03,15.6,,
9228T,RONCESVALLES/ORREAGA,NAVARRA,947.0,2017,356,0,0,0,0,0,-10.6,2017-01-19,17.7,2017-06-19,13.9,,
9228T,RONCESVALLES/ORREAGA,NAVARRA,947.0,2018,362,0,0,0,0,0,-10.4,2018-02-27,17.2,2018-08-03,13.8,,
9228T,RONCESVALLES/ORREAGA,NAVARRA,947.0,2019,363,1,1,0,1,1,-7.0,2019-02-04,22.3,2019-06-27,14.4,2019-06-27,2019-06-27
9228T,RONCESVALLES/ORREAGA,NAVARRA,947.0,2020,364,0,0,0,0,0,-4.9,2020-01-20,17.3,2020-07-31,13.5,,
9228T,RONCESVALLES/ORREAGA,NAVARRA,947.0,2021,365,0,0,0,0,0,-8.3,2021-01-07,19.7,2021-09-07,13.3,,
9228T,RONCESVALLES/ORREAGA,NAVARRA,947.0,2022,363,0,0,0,0,0,-5.3,2022-12-11,18.8,2022-07-18,15.0,,
9228T,RONCESVALLES/ORREAGA,NAVARRA,947.0,2023,359,0,0,0,0,0,-7.6,2023-02-27,19.1,2023-08-23,13.9,,
9228T,RONCESVALLES/ORREAGA,NAVARRA,947.0,2024,366,0,0,0,0,0,-7.9,2024-01-12,19.6,2024-08-11,14.4,,
9228T,RONCESVALLES/ORREAGA,NAVARRA,947.0,2025,365,0,0,0,0,0,-7.7,2025-01-14,19.0,2025-08-11,14.8,,
9238X,NAVASCUÉS/NABASKOZE,NAVARRA,612.0,2017,364,1,1,0,0,1,-11.0,2017-01-19,20.7,2017-06-19,14.8,2017-06-19,2017-06-19
9238X,NAVASCUÉS/NABASKOZE,NAVARRA,612.0,2018,363,0,0,0,0,0,-11.8,2018-02-27,17.5,2018-06-30,13.9,,
9238X,NAVASCUÉS/NABASKOZE,NAVARRA,612.0,2019,364,1,1,0,0,1,-10.0,2019-01-04,20.3,2019-07-25,14.5,2019-07-25,2019-07-25
9238X,NAVASCUÉS/NABASKOZE,NAVARRA,612.0,2020,365,0,0,0,0,0,-7.6,2020-01-12,17.9,2020-08-11,14.3,,
9238X,NAVASCUÉS/NABASKOZE,NAVARRA,612.0,2021,365,0,0,0,0,0,-12.5,2021-01-08,18.4,2021-06-19,14.0,,
9238X,NAVASCUÉS/NABASKOZE,NAVARRA,612.0,2022,365,2,0,0,1,2,-10.1,2022-01-28,22.4,2022-10-28,15.5,2022-10-27,2022-10-28
9238X,NAVASCUÉS/NABASKOZE,NAVARRA,612.0,2023,365,1,0,0,1,1,-11.7,2023-01-25,23.2,2023-09-04,14.5,2023-09-04,2023-09-04
9238X,NAVASCUÉS/NABASKOZE,NAVARRA,612.0,2024,362,1,1,0,0,1,-8.0,2024-12-31,20.4,2024-07-30,14.7,2024-07-30,2024-07-30
9238X,NAVASCUÉS/NABASKOZE,NAVARRA,612.0,2025,365,0,0,0,0,0,-9.8,2025-01-14,18.1,2025-09-07,14.6,,
9244X,SOS DEL REY CATÓLICO,ZARAGOZA,626.0,2017,361,6,5,0,0,2,-7.4,2017-01-19,22.0,2017-07-18,18.1,2017-05-28,2017-08-03
9244X,SOS DEL REY CATÓLICO,ZARAGOZA,626.0,2018,342,0,0,0,0,0,-5.4,2018-02-27,18.2,2018-08-12,16.5,,
9244X,SOS DEL REY CATÓLICO,ZARAGOZA,626.0,2019,343,4,4,0,3,2,-3.2,2019-01-03,24.0,2019-06-27,17.3,2019-06-24,2019-07-05
9244X,SOS DEL REY CATÓLICO,ZARAGOZA,626.0,2020,332,2,2,0,0,1,-3.8,2020-01-02,20.2,2020-08-07,16.5,2020-07-31,2020-08-07
9244X,SOS DEL REY CATÓLICO,ZARAGOZA,626.0,2021,365,3,2,0,0,1,-8.8,2021-01-08,21.2,2021-07-22,16.3,2021-07-22,2021-09-07
9244X,SOS DEL REY CATÓLICO,ZARAGOZA,626.0,2022,365,7,6,0,0,2,-5.9,2022-01-22,21.5,2022-06-17,18.9,2022-06-17,2022-10-27
9244X,SOS DEL REY CATÓLICO,ZARAGOZA,626.0,2023,365,5,3,0,2,3,-5.2,2023-01-25,22.9,2023-08-24,16.9,2023-08-22,2023-09-05
9244X,SOS DEL REY CATÓLICO,ZARAGOZA,626.0,2024,366,3,3,0,3,2,-5.2,2024-01-20,24.9,2024-07-30,17.0,2024-07-30,2024-08-11
9244X,SOS DEL REY CATÓLICO,ZARAGOZA,626.0,2025,365,1,1,0,0,1,-6.6,2025-01-14,20.5,2025-08-11,17.5,2025-08-11,2025-08-11
9245X,CÁSEDA,NAVARRA,440.0,2017,362,1,1,0,0,1,-7.1,2017-01-19,20.1,2017-07-06,17.7,2017-07-06,2017-07-06
9245X,CÁSEDA,NAVARRA,440.0,2018,363,0,0,0,0,0,-5.8,2018-02-24,19.8,2018-07-31,17.6,,
9245X,CÁSEDA,NAVARRA,440.0,2019,361,6,6,0,2,3,-5.6,2019-01-04,22.3,2019-06-27,18.4,2019-06-24,2019-07-25
9245X,CÁSEDA,NAVARRA,440.0,2020,359,3,3,0,0,2,-3.5,2020-01-13,21.0,2020-08-11,17.8,2020-08-01,2020-08-11
9245X,CÁSEDA,NAVARRA,440.0,2021,358,0,0,0,0,0,-7.2,2021-01-08,19.8,2021-09-07,17.5,,
9245X,CÁSEDA,NAVARRA,440.0,2022,357,10,10,0,1,3,-5.6,2022-01-22,23.2,2022-06-17,19.1,2022-06-17,2022-08-25
9245X,CÁSEDA,NAVARRA,440.0,2023,358,7,6,0,1,5,-5.6,2023-01-25,22.9,2023-08-24,17.7,2023-08-10,2023-09-04
9245X,CÁSEDA,NAVARRA,440.0,2024,351,3,3,0,0,1,-4.3,2024-01-20,20.7,2024-07-19,17.9,2024-07-19,2024-08-12
9245X,CÁSEDA,NAVARRA,440.0,2025,355,2,2,0,0,1,-5.6,2025-01-14,20.5,2025-08-13,18.1,2025-06-22,2025-08-13
9252X,OLITE/ERRIBERRI,NAVARRA,390.0,2017,364,1,1,0,0,1,-6.3,2017-01-19,21.2,2017-07-17,17.8,2017-07-17,2017-07-17
9252X,OLITE/ERRIBERRI,NAVARRA,390.0,2018,360,5,5,0,0,3,-4.9,2018-02-24,21.3,2018-08-04,17.7,2018-07-31,2018-08-12
9252X,OLITE/ERRIBERRI,NAVARRA,390.0,2019,364,3,3,0,0,1,-5.7,2019-01-04,21.7,2019-07-25,18.3,2019-06-24,2019-07-25
9252X,OLITE/ERRIBERRI,NAVARRA,390.0,2020,366,0,0,0,0,0,-3.1,2020-01-13,19.9,2020-08-11,17.7,,
9252X,OLITE/ERRIBERRI,NAVARRA,390.0,2021,365,1,0,0,0,1,-6.2,2021-01-07,21.1,2021-09-07,17.3,2021-09-07,2021-09-07
9252X,OLITE/ERRIBERRI,NAVARRA,390.0,2022,362,4,4,0,1,1,-5.3,2022-01-23,22.7,2022-06-17,18.9,2022-06-17,2022-08-13
9252X,OLITE/ERRIBERRI,NAVARRA,390.0,2023,365,5,5,0,0,3,-3.9,2023-02-11,21.9,2023-08-23,18.1,2023-08-19,2023-08-24
9252X,OLITE/ERRIBERRI,NAVARRA,390.0,2024,364,6,6,0,1,2,-3.7,2024-01-12,23.0,2024-07-30,18.6,2024-07-09,2024-08-12
9252X,OLITE/ERRIBERRI,NAVARRA,390.0,2025,365,6,6,0,0,1,-4.5,2025-01-15,21.8,2025-08-13,18.8,2025-06-22,2025-08-25
9257X,"ESTERIBAR, EMBALSE DE EUGI",NAVARRA,615.0,2017,362,0,0,0,0,0,-7.3,2017-01-26,17.1,2017-07-17,14.9,,
9257X,"ESTERIBAR, EMBALSE DE EUGI",NAVARRA,615.0,2018,360,0,0,0,0,0,-7.9,2018-02-27,18.0,2018-08-03,15.0,,
9257X,"ESTERIBAR, EMBALSE DE EUGI",NAVARRA,615.0,2019,364,0,0,0,0,0,-3.7,2019-02-04,17.6,2019-07-06,15.1,,
9257X,"ESTERIBAR, EMBALSE DE EUGI",NAVARRA,615.0,2020,362,0,0,0,0,0,-4.2,2020-01-12,16.8,2020-07-28,14.2,,
9257X,"ESTERIBAR, EMBALSE DE EUGI",NAVARRA,615.0,2021,365,0,0,0,0,0,-8.0,2021-01-07,16.6,2021-07-03,14.8,,
9257X,"ESTERIBAR, EMBALSE DE EUGI",NAVARRA,615.0,2022,364,0,0,0,0,0,-5.8,2022-01-16,18.8,2022-08-11,16.0,,
9257X,"ESTERIBAR, EMBALSE DE EUGI",NAVARRA,615.0,2023,364,0,0,0,0,0,-5.9,2023-01-30,18.7,2023-08-22,15.4,,
9257X,"ESTERIBAR, EMBALSE DE EUGI",NAVARRA,615.0,2024,365,0,0,0,0,0,-4.5,2024-01-20,17.8,2024-08-01,15.9,,
9257X,"ESTERIBAR, EMBALSE DE EUGI",NAVARRA,615.0,2025,360,0,0,0,0,0,-6.5,2025-01-14,17.9,2025-08-13,15.8,,
9262,PAMPLONA,NAVARRA,450.0,2017,365,3,3,0,0,1,-4.4,2017-01-18,21.6,2017-06-19,18.2,2017-06-19,2017-07-17
9262,PAMPLONA,NAVARRA,450.0,2018,365,4,4,0,0,1,-2.8,2018-02-09,21.9,2018-08-07,18.7,2018-07-28,2018-08-23
9262,PAMPLONA,NAVARRA,450.0,2019,352,5,5,0,2,2,-1.4,2019-02-04,23.9,2019-07-25,18.3,2019-07-05,2019-08-09
9262,PAMPLONA,NAVARRA,450.0,2021,337,3,2,0,0,1,-5.2,2021-01-08,21.4,2021-08-12,17.8,2021-06-16,2021-09-07
9262,PAMPLONA,NAVARRA,450.0,2022,363,11,9,1,4,3,-3.7,2022-01-16,26.4,2022-06-19,19.5,2022-06-17,2022-09-13
9262,PAMPLONA,NAVARRA,450.0,2023,362,10,9,1,3,6,-2.7,2023-02-10,25.2,2023-08-24,18.4,2023-07-09,2023-09-05
9262,PAMPLONA,NAVARRA,450.0,2024,366,5,5,0,1,2,-2.3,2024-01-21,22.4,2024-07-30,18.8,2024-07-30,2024-08-24
9262,PAMPLONA,NAVARRA,450.0,2025,365,7,6,0,1,3,-4.1,2025-01-14,24.4,2025-08-13,18.4,2025-08-11,2025-09-20
9262P,MONREAL/ELO,NAVARRA,585.0,2017,358,0,0,0,0,0,-6.3,2017-01-18,19.5,2017-06-19,15.9,,
9262P,MONREAL/ELO,NAVARRA,585.0,2018,364,0,0,0,0,0,-6.7,2018-02-27,17.9,2018-07-31,15.8,,
9262P,MONREAL/ELO,NAVARRA,585.0,2019,362,1,1,0,0,1,-2.5,2019-01-11,21.1,2019-06-27,16.1,2019-06-27,2019-06-27
9262P,MONREAL/ELO,NAVARRA,585.0,2020,366,3,3,0,0,1,-2.6,2020-01-02,21.1,2020-08-11,16.2,2020-07-31,2020-08-11
9262P,MONREAL/ELO,NAVARRA,585.0,2021,345,1,0,0,0,1,-5.8,2021-01-07,21.3,2021-09-07,15.5,2021-09-07,2021-09-07
9262P,MONREAL/ELO,NAVARRA,585.0,2022,364,0,0,0,0,0,-5.0,2022-01-16,19.5,2022-07-18,17.1,,
9262P,MONREAL/ELO,NAVARRA,585.0,2023,358,3,2,0,1,2,-4.6,2023-02-10,23.2,2023-08-23,16.7,2023-08-23,2023-09-04
9262P,MONREAL/ELO,NAVARRA,585.0,2024,366,4,4,0,2,3,-3.8,2024-01-20,23.6,2024-08-11,16.7,2024-07-29,2024-08-11
9262P,MONREAL/ELO,NAVARRA,585.0,2025,363,2,2,0,0,1,-5.1,2025-01-14,21.6,2025-08-11,16.9,2025-08-11,2025-08-15
9263D,"PAMPLONA, AEROPUERTO",NAVARRA,459.0,2017,365,0,0,0,0,0,-7.2,2017-01-26,19.9,2017-07-17,16.7,,
9263D,"PAMPLONA, AEROPUERTO",NAVARRA,459.0,2018,364,0,0,0,0,0,-6.3,2018-02-27,19.4,2018-07-31,16.7,,
9263D,"PAMPLONA, AEROPUERTO",NAVARRA,459.0,2019,363,2,2,0,0,1,-3.1,2019-01-04,21.2,2019-07-25,16.6,2019-07-23,2019-07-25
9263D,"PAMPLONA, AEROPUERTO",NAVARRA,459.0,2020,363,0,0,0,0,0,-4.2,2020-01-12,19.7,2020-08-07,16.7,,
9263D,"PAMPLONA, AEROPUERTO",NAVARRA,459.0,2021,363,1,0,0,0,1,-6.6,2021-01-08,20.2,2021-09-07,16.1,2021-09-07,2021-09-07
9263D,"PAMPLONA, AEROPUERTO",NAVARRA,459.0,2022,365,2,1,0,1,1,-6.0,2022-01-16,22.4,2022-06-17,18.0,2022-06-17,2022-09-12
9263D,"PAMPLONA, AEROPUERTO",NAVARRA,459.0,2023,359,2,2,0,0,2,-5.9,2023-02-11,21.5,2023-08-24,17.6,2023-08-23,2023-08-24
9263D,"PAMPLONA, AEROPUERTO",NAVARRA,459.0,2024,366,1,1,0,1,1,-4.5,2024-01-20,22.3,2024-07-30,17.6,2024-07-30,2024-07-30
9263D,"PAMPLONA, AEROPUERTO",NAVARRA,459.0,2025,365,0,0,0,0,0,-5.5,2025-01-19,20.0,2025-08-13,17.7,,
9263X,"ARANGUREN, ILUNDAIN",NAVARRA,572.0,2017,350,0,0,0,0,0,-6.2,2017-01-18,19.5,2017-05-28,15.6,,
9263X,"ARANGUREN, ILUNDAIN",NAVARRA,572.0,2018,350,0,0,0,0,0,-6.7,2018-01-09,18.3,2018-07-31,16.2,,
9263X,"ARANGUREN, ILUNDAIN",NAVARRA,572.0,2019,310,0,0,0,0,0,-5.1,2019-02-04,18.9,2019-08-08,15.3,,
9263X,"ARANGUREN, ILUNDAIN",NAVARRA,572.0,2020,366,4,3,0,0,1,-2.0,2020-01-12,21.3,2020-09-14,16.7,2020-07-31,2020-09-14
9263X,"ARANGUREN, ILUNDAIN",NAVARRA,572.0,2022,365,5,3,0,0,2,-4.7,2022-01-16,21.4,2022-06-17,17.3,2022-06-17,2022-10-28
9263X,"ARANGUREN, ILUNDAIN",NAVARRA,572.0,2023,356,3,2,0,1,2,-6.0,2023-01-25,22.2,2023-08-23,16.9,2023-08-23,2023-09-05
9263X,"ARANGUREN, ILUNDAIN",NAVARRA,572.0,2024,366,3,3,0,2,2,-4.8,2024-01-20,24.6,2024-07-30,16.6,2024-07-29,2024-08-11
9263X,"ARANGUREN, ILUNDAIN",NAVARRA,572.0,2025,364,3,3,0,0,2,-4.5,2025-01-13,20.8,2025-08-15,17.1,2025-08-11,2025-08-16
9274X,IRURTZUN,NAVARRA,432.0,2017,365,0,0,0,0,0,-5.9,2017-01-20,19.2,2017-06-19,16.9,,
9274X,IRURTZUN,NAVARRA,432.0,2018,365,0,0,0,0,0,-4.9,2018-02-27,19.8,2018-07-31,16.9,,
9274X,IRURTZUN,NAVARRA,432.0,2019,362,0,0,0,0,0,-4.2,2019-01-04,19.2,2019-07-20,17.2,,
9274X,IRURTZUN,NAVARRA,432.0,2020,366,0,0,0,0,0,-2.3,2020-01-13,19.6,2020-08-07,16.8,,
9274X,IRURTZUN,NAVARRA,432.0,2021,364,0,0,0,0,0,-6.6,2021-01-07,20.0,2021-09-07,16.2,,
9274X,IRURTZUN,NAVARRA,432.0,2022,365,3,1,0,0,1,-6.1,2022-01-16,21.6,2022-10-27,18.3,2022-06-17,2022-10-27
9274X,IRURTZUN,NAVARRA,432.0,2023,365,3,3,0,0,3,-4.5,2023-02-10,21.1,2023-08-23,17.5,2023-08-22,2023-08-24
9274X,IRURTZUN,NAVARRA,432.0,2024,366,2,2,0,0,2,-2.8,2024-01-20,21.6,2024-07-30,17.6,2024-07-29,2024-07-30
9274X,IRURTZUN,NAVARRA,432.0,2025,361,1,0,0,0,1,-5.1,2025-01-19,20.3,2025-09-06,17.3,2025-09-06,2025-09-06
9280B,LARRAGA,NAVARRA,375.0,2017,355,1,1,0,0,1,-6.2,2017-01-19,20.8,2017-07-17,17.2,2017-07-17,2017-07-17
9280B,LARRAGA,NAVARRA,375.0,2018,354,2,2,0,0,2,-4.9,2018-02-27,20.7,2018-07-30,17.2,2018-07-30,2018-07-31
9280B,LARRAGA,NAVARRA,375.0,2019,351,2,2,0,0,1,-3.9,2019-01-05,21.7,2019-07-25,17.6,2019-07-22,2019-07-25
9280B,LARRAGA,NAVARRA,375.0,2020,349,0,0,0,0,0,-3.5,2020-01-13,20.0,2020-08-11,17.5,,
9280B,LARRAGA,NAVARRA,375.0,2021,355,1,0,0,0,1,-5.5,2021-01-07,21.7,2021-09-07,16.8,2021-09-07,2021-09-07
9280B,LARRAGA,NAVARRA,375.0,2022,356,4,4,0,1,3,-5.5,2022-01-15,22.1,2022-06-17,18.8,2022-06-17,2022-08-11
9280B,LARRAGA,NAVARRA,375.0,2023,362,4,4,0,0,3,-5.7,2023-02-12,21.6,2023-08-23,17.1,2023-08-18,2023-08-24
9280B,LARRAGA,NAVARRA,375.0,2024,356,2,2,0,0,1,-4.9,2024-01-21,22.0,2024-07-30,17.9,2024-07-30,2024-08-11
9280B,LARRAGA,NAVARRA,375.0,2025,351,2,2,0,0,1,-4.4,2025-01-19,20.6,2025-08-16,18.3,2025-06-22,2025-08-16
9287A,SAN PEDRO MANRIQUE,SORIA,1096.0,2017,365,0,0,0,0,0,-11.6,2017-01-19,15.7,2017-07-19,13.1,,
9287A,SAN PEDRO MANRIQUE,SORIA,1096.0,2018,364,0,0,0,0,0,-13.0,2018-01-09,16.1,2018-08-04,12.0,,
9287A,SAN PEDRO MANRIQUE,SORIA,1096.0,2019,354,0,0,0,0,0,-8.0,2019-01-04,18.4,2019-07-25,13.1,,
9287A,SAN PEDRO MANRIQUE,SORIA,1096.0,2020,366,0,0,0,0,0,-7.9,2020-01-12,15.2,2020-07-29,12.1,,
9287A,SAN PEDRO MANRIQUE,SORIA,1096.0,2021,346,0,0,0,0,0,-14.0,2021-01-08,16.3,2021-08-12,11.4,,
9287A,SAN PEDRO MANRIQUE,SORIA,1096.0,2022,362,0,0,0,0,0,-9.7,2022-01-16,15.2,2022-08-11,12.7,,
9287A,SAN PEDRO MANRIQUE,SORIA,1096.0,2023,361,0,0,0,0,0,-14.2,2023-02-25,19.1,2023-08-24,13.0,,
9287A,SAN PEDRO MANRIQUE,SORIA,1096.0,2024,363,0,0,0,0,0,-11.0,2024-01-20,17.1,2024-08-12,13.0,,
9287A,SAN PEDRO MANRIQUE,SORIA,1096.0,2025,341,0,0,0,0,0,-9.9,2025-01-14,16.0,2025-07-04,12.1,,
9293X,"ALFARO, LA PLANA",LA RIOJA,371.0,2021,308,5,4,0,2,1,-0.3,2021-12-18,22.6,2021-07-22,18.5,2021-07-05,2021-09-07
9293X,"ALFARO, LA PLANA",LA RIOJA,371.0,2022,363,25,23,0,7,8,-3.5,2022-01-23,24.8,2022-06-18,20.7,2022-06-14,2022-09-12
9293X,"ALFARO, LA PLANA",LA RIOJA,371.0,2023,365,10,9,1,4,7,-3.6,2023-12-27,25.4,2023-08-24,19.2,2023-07-18,2023-09-04
9293X,"ALFARO, LA PLANA",LA RIOJA,371.0,2024,366,10,10,1,4,4,-3.6,2024-01-21,25.6,2024-07-30,19.5,2024-07-11,2024-08-12
9293X,"ALFARO, LA PLANA",LA RIOJA,371.0,2025,365,20,20,0,9,4,-2.5,2025-01-14,23.2,2025-08-16,20.2,2025-06-10,2025-08-25
9294E,"BARDENAS REALES, BASE AÉREA",NAVARRA,295.0,2017,352,8,8,0,0,2,-7.6,2017-01-19,21.7,2017-06-22,19.2,2017-06-14,2017-08-26
9294E,"BARDENAS REALES, BASE AÉREA",NAVARRA,295.0,2018,363,11,11,0,0,3,-5.3,2018-02-24,21.9,2018-08-04,19.1,2018-07-10,2018-08-28
9294E,"BARDENAS REALES, BASE AÉREA",NAVARRA,295.0,2019,361,18,18,0,2,4,-6.3,2019-01-04,24.1,2019-07-25,20.0,2019-06-24,2019-08-31
9294E,"BARDENAS REALES, BASE AÉREA",NAVARRA,295.0,2020,363,15,14,0,3,3,-3.8,2020-01-12,23.3,2020-08-07,19.5,2020-06-24,2020-09-17
9294E,"BARDENAS REALES, BASE AÉREA",NAVARRA,295.0,2021,365,11,9,0,3,3,-5.6,2021-01-08,23.2,2021-08-14,18.9,2021-06-16,2021-09-07
9294E,"BARDENAS REALES, BASE AÉREA",NAVARRA,295.0,2022,358,28,26,0,10,7,-4.8,2022-01-15,25.0,2022-06-17,20.7,2022-06-14,2022-09-12
9294E,"BARDENAS REALES, BASE AÉREA",NAVARRA,295.0,2023,365,10,10,1,3,5,-4.6,2023-03-05,25.3,2023-08-24,19.2,2023-07-11,2023-08-24
9294E,"BARDENAS REALES, BASE AÉREA",NAVARRA,295.0,2024,365,18,18,1,4,7,-4.1,2024-01-21,25.8,2024-07-30,20.0,2024-07-09,2024-08-28
9294E,"BARDENAS REALES, BASE AÉREA",NAVARRA,295.0,2025,365,22,21,0,5,7,-5.3,2025-01-15,23.5,2025-08-11,20.4,2025-06-10,2025-09-07
9299X,TARAZONA,ZARAGOZA,475.0,2017,365,3,3,0,0,2,-5.4,2017-01-19,21.4,2017-07-17,17.7,2017-06-19,2017-07-17
9299X,TARAZONA,ZARAGOZA,475.0,2018,365,2,2,0,0,2,-3.9,2018-02-27,20.9,2018-08-04,17.8,2018-08-04,2018-08-05
9299X,TARAZONA,ZARAGOZA,475.0,2019,363,2,2,0,0,2,-4.0,2019-12-29,20.9,2019-07-24,18.0,2019-07-24,2019-07-25
9299X,TARAZONA,ZARAGOZA,475.0,2020,366,2,2,0,0,1,-4.8,2020-01-14,20.4,2020-08-07,17.8,2020-06-24,2020-08-07
9299X,TARAZONA,ZARAGOZA,475.0,2021,363,3,2,0,0,1,-4.8,2021-01-08,21.4,2021-09-07,17.4,2021-07-05,2021-09-07
9299X,TARAZONA,ZARAGOZA,475.0,2022,365,16,15,0,2,5,-4.1,2022-01-15,22.7,2022-06-19,19.8,2022-06-16,2022-09-12
9299X,TARAZONA,ZARAGOZA,475.0,2023,365,9,9,0,2,6,-4.1,2023-12-27,22.7,2023-08-23,18.4,2023-07-18,2023-08-24
9299X,TARAZONA,ZARAGOZA,475.0,2024,366,7,7,0,1,3,-4.8,2024-01-20,23.9,2024-07-30,18.9,2024-07-19,2024-08-12
9299X,TARAZONA,ZARAGOZA,475.0,2025,358,13,13,0,4,4,-4.3,2025-01-15,22.7,2025-08-16,19.1,2025-06-19,2025-08-25
9301X,MONTEAGUDO,NAVARRA,410.0,2017,363,3,3,0,0,2,-6.1,2017-01-19,21.1,2017-07-17,17.9,2017-06-20,2017-07-18
9301X,MONTEAGUDO,NAVARRA,410.0,2018,365,2,2,0,0,1,-3.1,2018-02-09,20.7,2018-08-05,17.9,2018-08-05,2018-08-07
9301X,MONTEAGUDO,NAVARRA,410.0,2019,364,4,4,0,1,1,-5.0,2019-01-04,23.4,2019-06-27,18.2,2019-06-27,2019-08-09
9301X,MONTEAGUDO,NAVARRA,410.0,2020,366,3,3,0,0,1,-4.3,2020-01-14,21.2,2020-07-28,18.0,2020-07-28,2020-08-01
9301X,MONTEAGUDO,NAVARRA,410.0,2021,365,2,1,0,0,1,-5.4,2021-01-08,21.6,2021-09-07,17.4,2021-07-05,2021-09-07
9301X,MONTEAGUDO,NAVARRA,410.0,2022,362,6,5,0,0,3,-4.4,2022-01-15,22.0,2022-06-19,19.2,2022-06-17,2022-09-12
9301X,MONTEAGUDO,NAVARRA,410.0,2023,365,5,5,0,0,2,-5.0,2023-12-27,21.4,2023-08-23,18.8,2023-07-11,2023-08-24
9301X,MONTEAGUDO,NAVARRA,410.0,2024,365,5,5,0,1,1,-6.9,2024-01-20,23.7,2024-07-30,19.0,2024-06-26,2024-08-07
9301X,MONTEAGUDO,NAVARRA,410.0,2025,363,9,9,0,1,2,-5.0,2025-01-14,22.1,2025-06-22,19.3,2025-06-21,2025-08-17
9302Y,TUDELA,NAVARRA,297.0,2017,363,13,13,0,1,4,-4.8,2017-01-19,22.1,2017-07-17,19.7,2017-06-19,2017-08-26
9302Y,TUDELA,NAVARRA,297.0,2018,357,16,16,0,3,9,-2.8,2018-12-31,23.0,2018-08-04,19.9,2018-07-25,2018-08-28
9302Y,TUDELA,NAVARRA,297.0,2019,364,18,18,0,4,6,-5.8,2019-01-05,23.8,2019-07-25,20.0,2019-06-24,2019-08-09
9302Y,TUDELA,NAVARRA,297.0,2020,364,17,16,0,1,4,-2.9,2020-01-13,22.4,2020-08-07,19.9,2020-06-24,2020-09-17
9302Y,TUDELA,NAVARRA,297.0,2021,364,9,8,0,0,4,-3.9,2021-01-08,22.0,2021-07-22,19.4,2021-07-19,2021-09-07
9302Y,TUDELA,NAVARRA,297.0,2022,362,34,33,0,10,8,-3.9,2022-01-23,24.1,2022-06-18,21.4,2022-06-14,2022-09-12
9302Y,TUDELA,NAVARRA,297.0,2023,363,18,17,0,7,8,-4.2,2023-12-28,24.4,2023-08-24,20.0,2023-06-25,2023-09-05
9302Y,TUDELA,NAVARRA,297.0,2024,363,22,22,1,7,7,-3.5,2024-01-21,25.1,2024-07-30,20.4,2024-06-26,2024-08-12
9302Y,TUDELA,NAVARRA,297.0,2025,355,26,26,0,12,7,-2.9,2025-01-14,23.3,2025-06-22,21.0,2025-06-10,2025-08-26
9321X,EJEA DE LOS CABALLEROS,ZARAGOZA,321.0,2017,363,9,9,0,1,3,-7.2,2017-01-19,22.1,2017-08-03,18.7,2017-06-19,2017-08-26
9321X,EJEA DE LOS CABALLEROS,ZARAGOZA,321.0,2018,362,4,4,0,0,1,-5.7,2018-02-24,20.8,2018-07-24,18.7,2018-07-24,2018-08-07
9321X,EJEA DE LOS CABALLEROS,ZARAGOZA,321.0,2019,363,13,13,0,2,4,-6.0,2019-01-04,23.6,2019-07-25,19.6,2019-06-24,2019-08-18
9321X,EJEA DE LOS CABALLEROS,ZARAGOZA,321.0,2020,366,13,12,0,1,3,-4.4,2020-01-13,22.3,2020-08-07,19.2,2020-07-09,2020-09-17
9321X,EJEA DE LOS CABALLEROS,ZARAGOZA,321.0,2021,365,8,6,0,1,2,-6.5,2021-01-08,22.2,2021-07-22,18.5,2021-06-16,2021-09-07
9321X,EJEA DE LOS CABALLEROS,ZARAGOZA,321.0,2022,365,18,16,0,6,5,-5.8,2022-01-22,23.4,2022-06-17,19.9,2022-06-16,2022-09-12
9321X,EJEA DE LOS CABALLEROS,ZARAGOZA,321.0,2023,365,15,13,0,4,6,-4.6,2023-02-02,24.4,2023-08-24,19.7,2023-07-11,2023-09-05
9336D,CASTEJON DE VALDEJASA,ZARAGOZA,543.0,2017,361,10,10,0,0,4,-6.6,2017-01-19,21.6,2017-06-22,18.4,2017-06-14,2017-08-26
9336D,CASTEJON DE VALDEJASA,ZARAGOZA,543.0,2018,361,2,2,0,0,1,-6.7,2018-02-27,20.9,2018-07-24,18.1,2018-07-24,2018-08-28
9336D,CASTEJON DE VALDEJASA,ZARAGOZA,543.0,2019,355,11,11,0,4,4,-4.0,2019-12-29,23.7,2019-07-23,18.9,2019-06-26,2019-08-31
9336D,CASTEJON DE VALDEJASA,ZARAGOZA,543.0,2020,358,9,8,0,4,2,-5.6,2020-01-14,24.0,2020-08-10,18.6,2020-07-09,2020-09-17
9336D,CASTEJON DE VALDEJASA,ZARAGOZA,543.0,2021,364,7,5,0,2,2,-6.0,2021-01-11,24.3,2021-08-14,17.8,2021-06-16,2021-09-07
9336D,CASTEJON DE VALDEJASA,ZARAGOZA,543.0,2022,364,21,20,0,12,5,-3.7,2022-04-04,24.2,2022-06-18,20.8,2022-06-14,2022-09-11
9336D,CASTEJON DE VALDEJASA,ZARAGOZA,543.0,2023,365,10,9,1,3,3,-4.1,2023-01-24,25.8,2023-08-24,19.2,2023-07-23,2023-09-04
9336D,CASTEJON DE VALDEJASA,ZARAGOZA,543.0,2024,366,11,11,1,4,5,-4.5,2024-01-20,26.0,2024-07-30,18.6,2024-07-18,2024-08-28
9336D,CASTEJON DE VALDEJASA,ZARAGOZA,543.0,2025,362,13,13,0,7,3,-5.5,2025-01-14,23.6,2025-08-11,19.6,2025-06-19,2025-08-25
9344C,ARCOS DE JALÓN,SORIA,863.0,2017,333,0,0,0,0,0,-10.7,2017-01-19,20.0,2017-07-18,17.6,,
9344C,ARCOS DE JALÓN,SORIA,863.0,2018,350,1,1,0,0,1,-9.1,2018-02-08,20.3,2018-08-12,15.9,2018-08-12,2018-08-12
9344C,ARCOS DE JALÓN,SORIA,863.0,2019,352,2,2,0,0,1,-5.1,2019-01-13,21.8,2019-07-25,16.9,2019-07-20,2019-07-25
9344C,ARCOS DE JALÓN,SORIA,863.0,2020,354,1,1,0,0,1,-6.0,2020-01-12,20.5,2020-07-28,16.0,2020-07-28,2020-07-28
9344C,ARCOS DE JALÓN,SORIA,863.0,2021,361,1,1,0,0,1,-13.6,2021-01-12,20.5,2021-08-14,15.7,2021-08-14,2021-08-14
9344C,ARCOS DE JALÓN,SORIA,863.0,2022,361,10,10,0,0,3,-7.8,2022-01-22,21.8,2022-08-03,17.5,2022-06-15,2022-08-13
9344C,ARCOS DE JALÓN,SORIA,863.0,2023,352,5,5,0,0,2,-9.2,2023-03-02,21.8,2023-07-18,17.1,2023-07-18,2023-08-25
9344C,ARCOS DE JALÓN,SORIA,863.0,2024,348,1,1,0,0,1,-6.9,2024-01-20,21.4,2024-07-31,17.8,2024-07-31,2024-07-31
9344C,ARCOS DE JALÓN,SORIA,863.0,2025,330,1,1,0,0,1,-7.7,2025-01-14,20.6,2025-08-16,17.3,2025-08-16,2025-08-16
9352A,ALMAZUL,SORIA,1000.0,2017,358,0,0,0,0,0,-10.9,2017-01-19,19.1,2017-08-04,16.5,,
9352A,ALMAZUL,SORIA,1000.0,2018,365,0,0,0,0,0,-7.8,2018-02-24,18.1,2018-08-04,14.8,,
9352A,ALMAZUL,SORIA,1000.0,2019,365,0,0,0,0,0,-5.0,2019-01-08,19.5,2019-06-27,15.9,,
9352A,ALMAZUL,SORIA,1000.0,2020,366,0,0,0,0,0,-6.9,2020-01-12,18.9,2020-07-28,15.2,,
9352A,ALMAZUL,SORIA,1000.0,2021,363,0,0,0,0,0,-12.1,2021-01-12,17.5,2021-09-07,14.6,,
9352A,ALMAZUL,SORIA,1000.0,2022,365,0,0,0,0,0,-8.5,2022-01-16,19.4,2022-07-15,16.6,,
9352A,ALMAZUL,SORIA,1000.0,2023,364,1,1,0,0,1,-8.3,2023-01-30,21.0,2023-08-21,16.3,2023-08-21,2023-08-21
9352A,ALMAZUL,SORIA,1000.0,2024,366,0,0,0,0,0,-10.5,2024-01-21,20.0,2024-08-10,16.4,,
9352A,ALMAZUL,SORIA,1000.0,2025,365,0,0,0,0,0,-8.0,2025-01-14,19.6,2025-06-22,16.0,,
9354X,ALHAMA DE ARAGON,ZARAGOZA,703.0,2017,364,4,4,0,0,3,-11.0,2017-01-19,20.9,2017-07-18,17.9,2017-06-19,2017-07-19
9354X,ALHAMA DE ARAGON,ZARAGOZA,703.0,2018,365,0,0,0,0,0,-7.2,2018-02-24,19.6,2018-08-07,16.4,,
9354X,ALHAMA DE ARAGON,ZARAGOZA,703.0,2019,361,4,4,0,1,2,-8.4,2019-01-04,23.3,2019-06-27,17.4,2019-06-26,2019-07-25
9354X,ALHAMA DE ARAGON,ZARAGOZA,703.0,2020,366,1,1,0,1,1,-6.8,2020-01-12,23.6,2020-07-28,16.6,2020-07-28,2020-07-28
9354X,ALHAMA DE ARAGON,ZARAGOZA,703.0,2021,365,0,0,0,0,0,-18.2,2021-01-12,19.8,2021-09-07,15.8,,
9354X,ALHAMA DE ARAGON,ZARAGOZA,703.0,2022,365,5,5,0,0,1,-9.0,2022-01-29,21.9,2022-08-09,18.0,2022-07-03,2022-08-31
9354X,ALHAMA DE ARAGON,ZARAGOZA,703.0,2023,365,3,3,0,0,2,-8.7,2023-02-11,20.6,2023-08-13,17.4,2023-08-13,2023-08-21
9354X,ALHAMA DE ARAGON,ZARAGOZA,703.0,2024,364,4,4,0,1,1,-7.1,2024-12-30,22.2,2024-07-28,17.8,2024-07-28,2024-08-10
9354X,ALHAMA DE ARAGON,ZARAGOZA,703.0,2025,361,2,2,0,0,1,-8.9,2025-01-14,21.1,2025-08-12,17.3,2025-06-22,2025-08-12
9374X,SANTA EULALIA DEL CAMPO,TERUEL,1000.0,2017,365,0,0,0,0,0,-10.3,2017-01-18,18.4,2017-07-21,16.7,,
9374X,SANTA EULALIA DEL CAMPO,TERUEL,1000.0,2018,360,0,0,0,0,0,-14.0,2018-02-08,16.8,2018-07-26,14.9,,
9374X,SANTA EULALIA DEL CAMPO,TERUEL,1000.0,2019,365,0,0,0,0,0,-9.8,2019-01-11,18.8,2019-07-13,15.2,,
9374X,SANTA EULALIA DEL CAMPO,TERUEL,1000.0,2020,359,0,0,0,0,0,-9.0,2020-01-12,18.8,2020-07-28,14.7,,
9374X,SANTA EULALIA DEL CAMPO,TERUEL,1000.0,2021,361,1,1,0,0,1,-23.1,2021-01-12,20.2,2021-08-14,15.2,2021-08-14,2021-08-14
9374X,SANTA EULALIA DEL CAMPO,TERUEL,1000.0,2022,354,0,0,0,0,0,-9.7,2022-01-16,18.3,2022-08-01,16.3,,
9374X,SANTA EULALIA DEL CAMPO,TERUEL,1000.0,2023,363,2,2,0,0,1,-11.9,2023-02-28,20.9,2023-07-18,16.8,2023-07-18,2023-08-10
9374X,SANTA EULALIA DEL CAMPO,TERUEL,1000.0,2024,364,0,0,0,0,0,-6.6,2024-01-12,19.0,2024-07-30,16.7,,
9374X,SANTA EULALIA DEL CAMPO,TERUEL,1000.0,2025,346,0,0,0,0,0,-9.2,2025-01-14,19.0,2025-07-10,16.1,,
9377Y,EL PEDREGAL,GUADALAJARA,1185.0,2017,360,0,0,0,0,0,-12.4,2017-01-18,19.6,2017-08-04,15.5,,
9377Y,EL PEDREGAL,GUADALAJARA,1185.0,2018,318,0,0,0,0,0,-9.4,2018-02-08,16.8,2018-08-03,14.1,,
9377Y,EL PEDREGAL,GUADALAJARA,1185.0,2019,346,1,1,0,0,1,-7.7,2019-01-11,20.1,2019-06-30,15.7,2019-06-30,2019-06-30
9377Y,EL PEDREGAL,GUADALAJARA,1185.0,2020,359,0,0,0,0,0,-4.9,2020-01-13,19.2,2020-08-10,14.5,,
9377Y,EL PEDREGAL,GUADALAJARA,1185.0,2021,338,2,1,0,1,1,-14.0,2021-01-12,22.4,2021-08-14,14.8,2021-08-14,2021-09-07
9377Y,EL PEDREGAL,GUADALAJARA,1185.0,2022,340,0,0,0,0,0,-8.1,2022-01-22,19.8,2022-08-11,16.8,,
9377Y,EL PEDREGAL,GUADALAJARA,1185.0,2023,320,3,3,0,1,2,-9.4,2023-01-30,22.6,2023-07-18,15.7,2023-07-18,2023-08-25
9377Y,EL PEDREGAL,GUADALAJARA,1185.0,2024,366,0,0,0,0,0,-7.8,2024-01-12,19.4,2024-07-20,16.2,,
9377Y,EL PEDREGAL,GUADALAJARA,1185.0,2025,357,1,1,0,0,1,-8.6,2025-01-14,20.2,2025-08-25,16.0,2025-08-25,2025-08-25
9381I,CALAMOCHA,TERUEL,884.0,2017,365,0,0,0,0,0,-10.5,2017-01-18,19.3,2017-06-23,16.5,,
9381I,CALAMOCHA,TERUEL,884.0,2018,365,0,0,0,0,0,-7.5,2018-02-24,18.4,2018-08-12,15.3,,
9381I,CALAMOCHA,TERUEL,884.0,2019,365,0,0,0,0,0,-8.1,2019-01-05,19.7,2019-06-27,16.2,,
9381I,CALAMOCHA,TERUEL,884.0,2020,366,1,1,0,0,1,-8.3,2020-01-12,20.7,2020-07-28,15.9,2020-07-28,2020-07-28
9381I,CALAMOCHA,TERUEL,884.0,2021,365,1,1,0,0,1,-21.3,2021-01-12,21.7,2021-08-14,15.8,2021-08-14,2021-08-14
9381I,CALAMOCHA,TERUEL,884.0,2022,365,1,1,0,0,1,-8.9,2022-01-28,20.3,2022-07-19,17.7,2022-07-19,2022-07-19
9381I,CALAMOCHA,TERUEL,884.0,2023,365,1,1,0,1,1,-11.8,2023-02-28,22.2,2023-07-18,17.2,2023-07-18,2023-07-18
9381I,CALAMOCHA,TERUEL,884.0,2024,366,1,1,0,0,1,-6.2,2024-12-31,20.6,2024-07-27,17.4,2024-07-27,2024-07-27
9381I,CALAMOCHA,TERUEL,884.0,2025,365,0,0,0,0,0,-9.1,2025-01-14,19.3,2025-08-25,16.2,,
9390,DAROCA,ZARAGOZA,774.0,2017,365,6,6,0,0,2,-10.1,2017-01-18,21.1,2017-06-19,17.5,2017-06-19,2017-08-26
9390,DAROCA,ZARAGOZA,774.0,2018,365,0,0,0,0,0,-7.1,2018-02-24,19.4,2018-08-12,16.2,,
9390,DAROCA,ZARAGOZA,774.0,2019,365,3,3,0,1,1,-7.4,2019-01-04,22.7,2019-07-25,17.7,2019-06-27,2019-07-25
9390,DAROCA,ZARAGOZA,774.0,2020,366,1,1,0,0,1,-7.9,2020-01-12,20.9,2020-07-28,17.0,2020-07-28,2020-07-28
9390,DAROCA,ZARAGOZA,774.0,2021,365,4,3,0,1,1,-18.5,2021-01-12,22.2,2021-07-22,16.7,2021-07-22,2021-09-07
9390,DAROCA,ZARAGOZA,774.0,2022,365,9,8,0,3,3,-8.1,2022-01-16,23.4,2022-08-03,18.7,2022-06-18,2022-09-12
9390,DAROCA,ZARAGOZA,774.0,2023,365,5,5,1,1,1,-10.7,2023-02-28,25.3,2023-07-18,18.7,2023-07-11,2023-08-21
9390,DAROCA,ZARAGOZA,774.0,2024,366,4,4,0,1,2,-6.1,2024-12-31,22.7,2024-07-27,18.4,2024-07-27,2024-08-12
9390,DAROCA,ZARAGOZA,774.0,2025,365,2,2,0,1,1,-8.6,2025-01-13,22.3,2025-08-25,17.5,2025-08-11,2025-08-25
9394X,CALATAYUD,ZARAGOZA,582.0,2017,361,7,7,0,0,2,-9.1,2017-01-19,21.2,2017-08-23,18.6,2017-06-19,2017-08-23
9394X,CALATAYUD,ZARAGOZA,582.0,2018,362,3,3,0,0,2,-5.7,2018-02-24,20.9,2018-08-02,17.8,2018-08-02,2018-08-07
9394X,CALATAYUD,ZARAGOZA,582.0,2019,361,6,6,0,1,2,-6.9,2019-01-11,22.3,2019-06-27,18.8,2019-06-27,2019-08-07
9394X,CALATAYUD,ZARAGOZA,582.0,2020,365,6,6,0,1,2,-5.3,2020-01-12,23.2,2020-07-28,17.7,2020-07-20,2020-08-10
9394X,CALATAYUD,ZARAGOZA,582.0,2021,364,0,0,0,0,0,-15.4,2021-01-12,19.6,2021-08-11,17.1,,
9394X,CALATAYUD,ZARAGOZA,582.0,2022,363,11,11,0,0,3,-7.0,2022-01-16,22.0,2022-08-03,19.5,2022-06-17,2022-08-31
9394X,CALATAYUD,ZARAGOZA,582.0,2023,362,11,11,0,1,6,-7.9,2023-01-30,22.1,2023-08-10,19.0,2023-07-11,2023-08-25
9394X,CALATAYUD,ZARAGOZA,582.0,2024,366,9,9,0,0,2,-4.6,2024-12-31,21.8,2024-07-28,19.1,2024-06-07,2024-08-12
9394X,CALATAYUD,ZARAGOZA,582.0,2025,365,2,2,0,0,1,-8.2,2025-01-15,20.4,2025-07-04,18.3,2025-07-04,2025-08-09
9427X,LA ALMUNIA DE DOÑA GODINA,ZARAGOZA,370.0,2017,359,9,9,0,0,3,-6.9,2017-01-19,21.4,2017-06-23,18.7,2017-06-15,2017-08-26
9427X,LA ALMUNIA DE DOÑA GODINA,ZARAGOZA,370.0,2018,361,5,5,0,0,2,-4.0,2018-02-24,20.9,2018-08-04,18.8,2018-07-26,2018-08-07
9427X,LA ALMUNIA DE DOÑA GODINA,ZARAGOZA,370.0,2019,363,9,9,0,1,4,-5.1,2019-01-05,22.1,2019-07-25,18.9,2019-07-07,2019-08-10
9427X,LA ALMUNIA DE DOÑA GODINA,ZARAGOZA,370.0,2020,364,2,2,0,1,2,-4.2,2020-01-12,22.4,2020-07-28,18.2,2020-07-28,2020-07-29
9427X,LA ALMUNIA DE DOÑA GODINA,ZARAGOZA,370.0,2021,365,3,2,0,1,1,-9.0,2021-01-12,22.4,2021-07-05,18.1,2021-07-05,2021-09-07
9427X,LA ALMUNIA DE DOÑA GODINA,ZARAGOZA,370.0,2022,364,22,20,0,2,4,-4.9,2022-01-23,22.1,2022-06-19,20.4,2022-06-16,2022-10-20
9427X,LA ALMUNIA DE DOÑA GODINA,ZARAGOZA,370.0,2023,365,16,16,0,3,7,-4.4,2023-12-27,22.9,2023-08-21,19.8,2023-07-10,2023-08-25
9427X,LA ALMUNIA DE DOÑA GODINA,ZARAGOZA,370.0,2024,366,13,12,0,3,3,-5.0,2024-01-20,24.6,2024-07-30,19.7,2024-07-11,2024-09-26
9427X,LA ALMUNIA DE DOÑA GODINA,ZARAGOZA,370.0,2025,361,9,9,0,1,2,-5.4,2025-01-15,23.8,2025-08-11,19.5,2025-06-22,2025-08-25
9434,"ZARAGOZA, AEROPUERTO",ZARAGOZA,249.0,2017,365,37,37,0,7,14,-4.1,2017-01-19,23.0,2017-08-04,21.1,2017-06-11,2017-08-26
9434,"ZARAGOZA, AEROPUERTO",ZARAGOZA,249.0,2018,365,30,30,0,9,16,-2.9,2018-02-24,23.8,2018-08-04,21.1,2018-06-22,2018-08-28
9434,"ZARAGOZA, AEROPUERTO",ZARAGOZA,249.0,2019,365,39,38,0,10,7,-4.9,2019-01-05,23.5,2019-07-25,21.4,2019-06-18,2019-09-01
9434,"ZARAGOZA, AEROPUERTO",ZARAGOZA,249.0,2020,366,33,32,0,8,8,-2.8,2020-01-14,23.1,2020-07-28,21.1,2020-06-24,2020-09-17
9434,"ZARAGOZA, AEROPUERTO",ZARAGOZA,249.0,2021,365,33,28,0,6,7,-3.1,2021-01-07,23.7,2021-07-22,20.9,2021-06-14,2021-09-13
9434,"ZARAGOZA, AEROPUERTO",ZARAGOZA,249.0,2022,365,57,52,0,25,17,-3.2,2022-01-23,24.8,2022-08-13,22.9,2022-06-02,2022-09-13
9434,"ZARAGOZA, AEROPUERTO",ZARAGOZA,249.0,2023,365,38,33,1,14,17,-3.1,2023-12-26,25.7,2023-08-23,21.6,2023-06-25,2023-09-17
9434,"ZARAGOZA, AEROPUERTO",ZARAGOZA,249.0,2024,366,42,40,1,16,11,-2.0,2024-01-21,28.1,2024-07-30,21.9,2024-06-06,2024-09-26
9434,"ZARAGOZA, AEROPUERTO",ZARAGOZA,249.0,2025,365,51,48,1,19,20,-3.9,2025-01-15,25.3,2025-08-11,22.1,2025-06-01,2025-09-20
9434P,"ZARAGOZA, VALDESPARTERA",ZARAGOZA,258.0,2017,364,28,28,0,4,7,-3.9,2017-01-08,23.0,2017-08-03,21.3,2017-06-11,2017-08-26
9434P,"ZARAGOZA, VALDESPARTERA",ZARAGOZA,258.0,2018,363,28,28,0,7,10,-2.7,2018-02-24,23.8,2018-08-03,21.0,2018-06-22,2018-08-28
9434P,"ZARAGOZA, VALDESPARTERA",ZARAGOZA,258.0,2019,364,37,36,0,10,8,-4.4,2019-01-05,24.1,2019-07-24,21.3,2019-06-18,2019-09-01
9434P,"ZARAGOZA, VALDESPARTERA",ZARAGOZA,258.0,2020,366,29,28,0,9,7,-3.6,2020-01-14,23.4,2020-07-30,21.0,2020-06-24,2020-09-17
9434P,"ZARAGOZA, VALDESPARTERA",ZARAGOZA,258.0,2021,365,32,27,0,6,6,-3.1,2021-01-07,23.9,2021-08-14,20.8,2021-06-14,2021-09-13
9434P,"ZARAGOZA, VALDESPARTERA",ZARAGOZA,258.0,2022,360,53,48,2,27,15,-3.6,2022-01-15,25.3,2022-06-18,22.8,2022-05-22,2022-09-13
9434P,"ZARAGOZA, VALDESPARTERA",ZARAGOZA,258.0,2023,365,38,33,1,15,17,-3.6,2023-12-26,25.9,2023-08-24,21.5,2023-06-17,2023-09-17
9434P,"ZARAGOZA, VALDESPARTERA",ZARAGOZA,258.0,2024,363,40,38,1,14,11,-1.6,2024-01-13,27.4,2024-07-30,21.5,2024-06-07,2024-09-26
9434P,"ZARAGOZA, VALDESPARTERA",ZARAGOZA,258.0,2025,365,52,49,2,21,20,-3.5,2025-01-15,25.7,2025-08-11,22.2,2025-06-10,2025-09-20
9436X,FONFRÍA,TERUEL,1255.0,2017,365,0,0,0,0,0,-9.2,2017-01-18,19.2,2017-07-30,16.8,,
9436X,FONFRÍA,TERUEL,1255.0,2018,365,0,0,0,0,0,-8.5,2018-02-09,19.2,2018-08-02,15.9,,
9436X,FONFRÍA,TERUEL,1255.0,2019,364,3,3,0,0,1,-6.1,2019-01-11,21.6,2019-06-27,16.5,2019-06-27,2019-07-23
9436X,FONFRÍA,TERUEL,1255.0,2020,366,0,0,0,0,0,-5.9,2020-01-20,19.8,2020-07-27,16.1,,
9436X,FONFRÍA,TERUEL,1255.0,2021,365,2,2,0,1,2,-9.9,2021-01-12,22.7,2021-08-14,15.6,2021-08-13,2021-08-14
9436X,FONFRÍA,TERUEL,1255.0,2022,365,7,7,0,0,4,-7.0,2022-01-06,21.2,2022-06-18,18.1,2022-06-16,2022-07-19
9436X,FONFRÍA,TERUEL,1255.0,2023,365,8,8,0,1,5,-8.0,2023-02-27,23.0,2023-07-18,17.5,2023-07-11,2023-08-25
9436X,FONFRÍA,TERUEL,1255.0,2024,366,1,1,0,0,1,-7.8,2024-01-12,20.5,2024-08-10,17.6,2024-08-10,2024-08-10
9436X,FONFRÍA,TERUEL,1255.0,2025,356,4,4,0,0,2,-5.7,2025-01-14,21.3,2025-08-17,17.4,2025-08-09,2025-08-17
9445L,"FORMIGAL, SARRIOS",HUESCA,1800.0,2022,360,1,1,0,0,1,-10.4,2022-04-02,20.4,2022-07-16,14.5,2022-07-16,2022-07-16
9445L,"FORMIGAL, SARRIOS",HUESCA,1800.0,2023,354,0,0,0,0,0,-13.5,2023-02-27,18.1,2023-07-11,15.4,,
9445L,"FORMIGAL, SARRIOS",HUESCA,1800.0,2024,353,0,0,0,0,0,-9.5,2024-01-11,17.6,2024-07-29,14.9,,
9445L,"FORMIGAL, SARRIOS",HUESCA,1800.0,2025,354,1,1,0,0,1,-9.3,2025-11-21,20.4,2025-08-17,15.8,2025-08-17,2025-08-17
9451F,"PANTICOSA, PETROSOS",HUESCA,1850.0,2020,366,0,0,0,0,0,-9.8,2020-12-25,19.5,2020-07-31,14.8,,
9451F,"PANTICOSA, PETROSOS",HUESCA,1850.0,2021,353,2,2,0,0,2,-10.7,2021-01-02,21.3,2021-08-14,14.4,2021-08-13,2021-08-14
9451F,"PANTICOSA, PETROSOS",HUESCA,1850.0,2022,365,0,0,0,0,0,-10.5,2022-04-02,19.8,2022-07-17,16.0,,
9451F,"PANTICOSA, PETROSOS",HUESCA,1850.0,2023,364,0,0,0,0,0,-13.4,2023-02-27,19.9,2023-08-23,16.3,,
9451F,"PANTICOSA, PETROSOS",HUESCA,1850.0,2024,364,0,0,0,0,0,-8.7,2024-01-11,19.7,2024-08-01,16.0,,
9451F,"PANTICOSA, PETROSOS",HUESCA,1850.0,2025,365,2,2,0,0,1,-9.6,2025-11-21,20.9,2025-08-17,16.6,2025-08-11,2025-08-17
9453X,"BIESCAS, EMBALSE DE BÚBAL",HUESCA,1100.0,2017,363,0,0,0,0,0,-11.3,2017-01-18,16.0,2017-08-01,14.3,,
9453X,"BIESCAS, EMBALSE DE BÚBAL",HUESCA,1100.0,2018,365,0,0,0,0,0,-10.1,2018-02-27,15.2,2018-08-03,13.2,,
9453X,"BIESCAS, EMBALSE DE BÚBAL",HUESCA,1100.0,2019,364,0,0,0,0,0,-6.6,2019-02-04,17.2,2019-06-26,13.9,,
9453X,"BIESCAS, EMBALSE DE BÚBAL",HUESCA,1100.0,2020,364,0,0,0,0,0,-5.6,2020-12-05,15.8,2020-08-12,13.4,,
9453X,"BIESCAS, EMBALSE DE BÚBAL",HUESCA,1100.0,2021,364,0,0,0,0,0,-12.1,2021-01-08,15.3,2021-08-14,12.7,,
9453X,"BIESCAS, EMBALSE DE BÚBAL",HUESCA,1100.0,2022,365,0,0,0,0,0,-6.8,2022-04-04,16.2,2022-06-17,14.0,,
9453X,"BIESCAS, EMBALSE DE BÚBAL",HUESCA,1100.0,2023,364,0,0,0,0,0,-8.7,2023-01-30,16.6,2023-07-18,14.3,,
9453X,"BIESCAS, EMBALSE DE BÚBAL",HUESCA,1100.0,2024,366,0,0,0,0,0,-6.5,2024-01-09,17.8,2024-07-28,14.3,,
9453X,"BIESCAS, EMBALSE DE BÚBAL",HUESCA,1100.0,2025,363,0,0,0,0,0,-5.4,2025-02-02,15.8,2025-08-18,14.0,,
9460X,SABIÑÁNIGO,HUESCA,775.0,2017,365,0,0,0,0,0,-11.0,2017-01-18,19.6,2017-08-25,16.2,,
9460X,SABIÑÁNIGO,HUESCA,775.0,2018,364,0,0,0,0,0,-10.2,2018-02-27,17.8,2018-08-06,15.4,,
9460X,SABIÑÁNIGO,HUESCA,775.0,2019,362,1,1,0,1,1,-8.7,2019-01-11,23.2,2019-06-26,16.2,2019-06-26,2019-06-26
9460X,SABIÑÁNIGO,HUESCA,775.0,2020,366,0,0,0,0,0,-7.0,2020-01-12,19.7,2020-08-09,16.2,,
9460X,SABIÑÁNIGO,HUESCA,775.0,2021,365,0,0,0,0,0,-15.0,2021-01-12,19.5,2021-08-12,15.1,,
9460X,SABIÑÁNIGO,HUESCA,775.0,2022,364,0,0,0,0,0,-8.6,2022-01-16,19.9,2022-06-17,16.4,,
9460X,SABIÑÁNIGO,HUESCA,775.0,2023,365,2,1,0,0,1,-14.5,2023-01-21,21.0,2023-09-04,16.2,2023-08-14,2023-09-04
9460X,SABIÑÁNIGO,HUESCA,775.0,2024,366,1,1,0,1,1,-6.5,2024-01-09,22.1,2024-07-30,16.7,2024-07-30,2024-07-30
9460X,SABIÑÁNIGO,HUESCA,775.0,2025,365,0,0,0,0,0,-8.2,2025-01-14,19.1,2025-06-22,16.3,,
9491X,ALMUDÉVAR,HUESCA,390.0,2017,355,5,5,0,0,2,-7.6,2017-01-19,21.5,2017-08-07,18.2,2017-06-23,2017-08-07
9491X,ALMUDÉVAR,HUESCA,390.0,2018,360,1,1,0,0,1,-6.3,2018-02-24,20.7,2018-08-07,18.2,2018-08-07,2018-08-07
9491X,ALMUDÉVAR,HUESCA,390.0,2019,362,4,4,0,0,1,-5.9,2019-01-03,21.2,2019-06-30,18.4,2019-06-30,2019-08-09
9491X,ALMUDÉVAR,HUESCA,390.0,2020,364,3,3,0,0,2,-5.4,2020-01-14,21.6,2020-07-28,18.2,2020-07-28,2020-08-10
9491X,ALMUDÉVAR,HUESCA,390.0,2021,362,3,2,0,0,1,-11.4,2021-01-12,20.8,2021-08-12,17.7,2021-07-22,2021-09-07
9491X,ALMUDÉVAR,HUESCA,390.0,2022,364,18,17,0,2,4,-6.0,2022-01-22,23.6,2022-06-17,19.7,2022-06-15,2022-09-12
9491X,ALMUDÉVAR,HUESCA,390.0,2023,365,18,17,1,3,8,-6.0,2023-01-29,25.3,2023-08-24,19.8,2023-07-09,2023-09-04
9491X,ALMUDÉVAR,HUESCA,390.0,2024,366,13,13,0,4,4,-4.5,2024-01-13,24.8,2024-07-30,19.3,2024-07-11,2024-08-28
9491X,ALMUDÉVAR,HUESCA,390.0,2025,359,14,14,0,1,2,-6.8,2025-01-15,23.2,2025-08-11,19.5,2025-06-21,2025-08-26
9495Y,LECIÑENA,ZARAGOZA,405.0,2017,364,13,13,0,1,3,-9.6,2017-01-18,23.3,2017-08-03,19.5,2017-06-14,2017-08-26
9495Y,LECIÑENA,ZARAGOZA,405.0,2018,365,7,7,0,0,2,-8.1,2018-02-27,21.8,2018-07-29,18.9,2018-06-27,2018-08-28
9495Y,LECIÑENA,ZARAGOZA,405.0,2019,364,14,14,0,6,3,-8.5,2019-01-04,24.6,2019-07-23,19.6,2019-06-18,2019-08-18
9495Y,LECIÑENA,ZARAGOZA,405.0,2020,365,12,11,0,7,3,-5.5,2020-01-13,23.9,2020-08-10,18.7,2020-07-09,2020-09-17
9495Y,LECIÑENA,ZARAGOZA,405.0,2021,363,8,6,0,1,2,-12.2,2021-01-11,23.1,2021-07-22,18.7,2021-07-20,2021-09-13
9495Y,LECIÑENA,ZARAGOZA,405.0,2022,364,28,23,1,9,7,-6.4,2022-01-23,25.1,2022-08-03,20.7,2022-05-19,2022-09-13
9495Y,LECIÑENA,ZARAGOZA,405.0,2023,365,19,18,0,8,6,-7.3,2023-12-27,24.1,2023-08-22,20.2,2023-07-11,2023-09-04
9495Y,LECIÑENA,ZARAGOZA,405.0,2024,355,13,13,1,3,4,-4.8,2024-01-12,25.1,2024-07-30,19.5,2024-07-09,2024-08-28
9495Y,LECIÑENA,ZARAGOZA,405.0,2025,353,16,16,0,4,4,-7.5,2025-01-13,22.5,2025-07-01,19.8,2025-06-11,2025-08-26
9501X,VALMADRID,ZARAGOZA,535.0,2017,355,3,3,0,0,2,-5.6,2017-01-26,21.2,2017-06-18,18.5,2017-06-18,2017-08-04
9501X,VALMADRID,ZARAGOZA,535.0,2018,351,6,6,0,1,4,-5.1,2018-02-24,22.1,2018-08-04,18.9,2018-07-09,2018-08-06
9501X,VALMADRID,ZARAGOZA,535.0,2019,359,4,4,0,0,2,-3.9,2019-12-29,21.8,2019-08-09,18.0,2019-07-12,2019-08-09
9501X,VALMADRID,ZARAGOZA,535.0,2020,363,2,2,0,0,1,-4.9,2020-01-02,21.0,2020-07-28,17.8,2020-07-28,2020-08-27
9501X,VALMADRID,ZARAGOZA,535.0,2021,359,4,4,0,0,1,-4.1,2021-12-20,21.3,2021-08-12,18.0,2021-07-05,2021-08-27
9501X,VALMADRID,ZARAGOZA,535.0,2022,360,13,13,1,1,4,-4.8,2022-01-23,25.7,2022-08-13,19.4,2022-06-15,2022-08-14
9501X,VALMADRID,ZARAGOZA,535.0,2023,361,10,9,0,3,5,-4.0,2023-02-12,22.9,2023-08-10,18.7,2023-07-11,2023-09-05
9501X,VALMADRID,ZARAGOZA,535.0,2024,366,10,10,0,0,3,-3.4,2024-12-29,21.4,2024-07-30,19.1,2024-07-11,2024-08-28
9501X,VALMADRID,ZARAGOZA,535.0,2025,365,13,13,0,2,3,-5.0,2025-01-02,24.2,2025-08-11,19.4,2025-06-22,2025-08-17
9510X,QUINTO,ZARAGOZA,205.0,2017,364,27,27,0,2,5,-6.7,2017-12-07,22.2,2017-06-23,20.4,2017-06-16,2017-08-26
9510X,QUINTO,ZARAGOZA,205.0,2018,364,29,29,0,4,10,-4.9,2018-02-24,22.8,2018-08-05,20.6,2018-06-22,2018-08-28
9510X,QUINTO,ZARAGOZA,205.0,2019,364,23,23,0,2,7,-4.8,2019-01-03,22.2,2019-07-13,20.4,2019-06-26,2019-08-15
9510X,QUINTO,ZARAGOZA,205.0,2020,363,19,18,0,1,5,-4.4,2020-01-12,22.5,2020-08-01,20.1,2020-07-01,2020-09-17
9510X,QUINTO,ZARAGOZA,205.0,2021,365,19,16,0,1,5,-7.5,2021-01-12,22.7,2021-07-22,20.1,2021-06-15,2021-09-13
9510X,QUINTO,ZARAGOZA,205.0,2022,361,39,36,0,8,17,-6.6,2022-01-16,24.0,2022-08-07,21.4,2022-06-16,2022-09-12
9510X,QUINTO,ZARAGOZA,205.0,2023,365,35,33,0,13,16,-5.7,2023-01-30,24.5,2023-07-11,21.5,2023-06-26,2023-09-06
9510X,QUINTO,ZARAGOZA,205.0,2024,359,33,30,1,7,8,-4.1,2024-01-13,25.2,2024-07-30,20.8,2024-06-18,2024-09-26
9510X,QUINTO,ZARAGOZA,205.0,2025,362,35,34,0,8,9,-7.1,2025-01-15,23.4,2025-07-02,21.1,2025-06-11,2025-09-07
9513X,MUNIESA,TERUEL,800.0,2017,363,3,3,0,0,1,-7.3,2017-01-02,22.0,2017-06-22,17.9,2017-06-22,2017-08-25
9513X,MUNIESA,TERUEL,800.0,2018,364,3,3,0,0,2,-5.1,2018-02-24,20.6,2018-08-06,17.2,2018-08-03,2018-08-06
9513X,MUNIESA,TERUEL,800.0,2019,363,7,7,0,2,2,-4.3,2019-12-31,24.1,2019-07-25,17.9,2019-06-18,2019-08-09
9513X,MUNIESA,TERUEL,800.0,2020,365,2,2,0,0,2,-3.1,2020-12-27,21.3,2020-08-20,17.5,2020-08-20,2020-08-21
9513X,MUNIESA,TERUEL,800.0,2021,364,2,2,0,2,1,-7.1,2021-01-12,24.0,2021-07-22,16.8,2021-07-22,2021-08-14
9513X,MUNIESA,TERUEL,800.0,2022,365,14,14,1,5,4,-6.4,2022-01-22,25.2,2022-06-18,19.2,2022-06-16,2022-08-13
9513X,MUNIESA,TERUEL,800.0,2023,365,11,11,0,4,4,-5.8,2023-01-30,24.5,2023-07-18,18.9,2023-07-09,2023-08-25
9513X,MUNIESA,TERUEL,800.0,2024,366,12,12,1,3,4,-5.3,2024-12-31,25.4,2024-07-31,18.9,2024-07-09,2024-08-12
9513X,MUNIESA,TERUEL,800.0,2025,365,10,10,0,2,3,-6.0,2025-01-14,24.3,2025-08-11,19.4,2025-06-21,2025-08-17
9531Y,MONTALBÁN,TERUEL,895.0,2017,364,5,5,0,0,1,-10.5,2017-01-18,21.5,2017-06-23,17.7,2017-06-14,2017-08-25
9531Y,MONTALBÁN,TERUEL,895.0,2018,365,0,0,0,0,0,-7.7,2018-02-09,19.4,2018-07-26,15.8,,
9531Y,MONTALBÁN,TERUEL,895.0,2019,362,7,7,0,0,2,-7.8,2019-01-11,22.0,2019-06-27,17.8,2019-06-18,2019-08-06
9531Y,MONTALBÁN,TERUEL,895.0,2020,365,3,3,0,0,2,-4.1,2020-01-13,20.9,2020-07-28,16.5,2020-07-27,2020-08-07
9531Y,MONTALBÁN,TERUEL,895.0,2021,365,4,3,1,2,2,-14.6,2021-01-12,25.1,2021-08-14,17.0,2021-07-22,2021-09-07
9531Y,MONTALBÁN,TERUEL,895.0,2022,365,12,11,0,3,3,-8.4,2022-01-22,23.0,2022-08-13,18.7,2022-06-13,2022-09-12
9531Y,MONTALBÁN,TERUEL,895.0,2023,365,9,9,0,1,1,-8.7,2023-02-28,24.1,2023-07-18,18.7,2023-07-11,2023-08-25
9531Y,MONTALBÁN,TERUEL,895.0,2024,366,7,7,0,1,2,-5.0,2024-12-31,22.6,2024-07-31,17.8,2024-06-06,2024-08-12
9531Y,MONTALBÁN,TERUEL,895.0,2025,365,1,1,0,0,1,-9.3,2025-01-14,20.3,2025-08-08,17.1,2025-08-08,2025-08-08
9546B,HIJAR,TERUEL,305.0,2017,361,23,23,0,1,5,-4.0,2017-01-19,23.4,2017-08-04,20.2,2017-06-15,2017-08-25
9546B,HIJAR,TERUEL,305.0,2018,364,23,23,0,7,10,-4.0,2018-12-31,23.8,2018-08-03,20.5,2018-06-22,2018-08-12
9546B,HIJAR,TERUEL,305.0,2019,363,17,17,0,5,6,-5.0,2019-01-04,23.3,2019-07-24,19.9,2019-06-29,2019-08-15
9546B,HIJAR,TERUEL,305.0,2020,366,15,15,0,4,7,-6.0,2020-01-14,23.2,2020-07-28,19.8,2020-06-29,2020-08-27
9546B,HIJAR,TERUEL,305.0,2021,365,20,19,0,1,5,-2.9,2021-01-07,22.2,2021-08-14,20.1,2021-06-15,2021-09-07
9546B,HIJAR,TERUEL,305.0,2022,359,44,39,1,10,14,-3.7,2022-01-23,27.5,2022-08-13,21.5,2022-06-13,2022-09-12
9546B,HIJAR,TERUEL,305.0,2023,365,37,36,0,8,17,-5.6,2023-12-28,24.9,2023-08-24,21.3,2023-06-25,2023-09-04
9546B,HIJAR,TERUEL,305.0,2024,366,35,35,1,11,11,-2.2,2024-01-13,27.0,2024-07-30,21.2,2024-07-04,2024-08-28
9546B,HIJAR,TERUEL,305.0,2025,365,38,38,1,12,13,-2.4,2025-01-14,26.2,2025-08-11,21.7,2025-06-01,2025-08-25
9550C,"ANDORRA, HORCALLANA",TERUEL,762.0,2017,355,14,14,0,3,3,-6.5,2017-01-18,22.6,2017-06-22,19.8,2017-06-11,2017-08-25
9550C,"ANDORRA, HORCALLANA",TERUEL,762.0,2018,363,8,8,0,2,3,-4.2,2018-02-09,23.1,2018-08-03,18.7,2018-07-24,2018-08-06
9550C,"ANDORRA, HORCALLANA",TERUEL,762.0,2019,362,18,18,0,9,4,-3.1,2019-01-11,24.3,2019-06-29,19.6,2019-06-23,2019-08-09
9550C,"ANDORRA, HORCALLANA",TERUEL,762.0,2020,365,12,12,0,2,2,-4.0,2020-01-01,22.3,2020-08-10,19.2,2020-07-09,2020-08-27
9550C,"ANDORRA, HORCALLANA",TERUEL,762.0,2021,364,9,7,1,3,3,-5.9,2021-01-12,25.5,2021-08-14,18.9,2021-07-21,2021-09-08
9550C,"ANDORRA, HORCALLANA",TERUEL,762.0,2022,361,27,25,1,12,9,-4.1,2022-01-22,25.1,2022-08-13,21.0,2022-06-14,2022-09-12
9550C,"ANDORRA, HORCALLANA",TERUEL,762.0,2023,357,19,19,1,11,8,-4.6,2023-01-30,25.7,2023-07-18,20.2,2023-06-25,2023-08-25
9550C,"ANDORRA, HORCALLANA",TERUEL,762.0,2024,355,18,18,1,9,6,-5.2,2024-12-31,26.7,2024-07-31,20.2,2024-07-11,2024-08-22
9550C,"ANDORRA, HORCALLANA",TERUEL,762.0,2025,356,25,25,0,9,11,-4.2,2025-01-01,24.9,2025-08-16,20.6,2025-06-17,2025-08-25
9561X,CASTELLOTE,TERUEL,755.0,2017,365,21,21,0,4,4,-5.8,2017-01-19,23.5,2017-06-23,20.1,2017-06-14,2017-08-25
9561X,CASTELLOTE,TERUEL,755.0,2018,365,10,10,0,3,6,-3.4,2018-02-24,23.0,2018-08-03,19.3,2018-07-24,2018-08-07
9561X,CASTELLOTE,TERUEL,755.0,2019,365,22,22,0,7,6,-4.0,2019-12-31,24.2,2019-06-27,20.5,2019-06-26,2019-08-18
9561X,CASTELLOTE,TERUEL,755.0,2020,366,16,16,0,4,3,-2.4,2020-01-01,23.8,2020-07-28,19.5,2020-07-09,2020-08-27
9561X,CASTELLOTE,TERUEL,755.0,2021,358,12,10,1,3,5,-6.2,2021-01-12,26.7,2021-08-14,19.2,2021-06-16,2021-09-08
9561X,CASTELLOTE,TERUEL,755.0,2022,365,33,31,0,14,10,-4.3,2022-01-22,24.7,2022-08-13,21.5,2022-05-22,2022-09-12
9561X,CASTELLOTE,TERUEL,755.0,2023,365,28,28,2,13,8,-4.5,2023-01-30,28.5,2023-07-18,20.9,2023-06-25,2023-08-25
9561X,CASTELLOTE,TERUEL,755.0,2024,366,26,26,3,7,9,-4.4,2024-12-31,25.4,2024-07-19,20.9,2024-06-06,2024-08-28
9561X,CASTELLOTE,TERUEL,755.0,2025,365,30,30,0,8,7,-4.6,2025-01-14,24.6,2025-06-25,20.8,2025-06-11,2025-08-26
9562X,MORELLA,CASTELLON,990.0,2017,364,7,7,0,1,3,-7.6,2017-01-18,22.8,2017-06-15,18.4,2017-06-14,2017-08-04
9562X,MORELLA,CASTELLON,990.0,2018,363,3,3,0,0,1,-4.9,2018-02-09,21.7,2018-08-03,18.0,2018-07-27,2018-08-06
9562X,MORELLA,CASTELLON,990.0,2019,353,13,13,0,4,5,-4.1,2019-01-11,23.8,2019-06-28,19.0,2019-06-28,2019-08-18
9562X,MORELLA,CASTELLON,990.0,2020,365,8,8,0,0,4,-4.0,2020-01-20,21.4,2020-07-31,18.4,2020-07-27,2020-08-10
9562X,MORELLA,CASTELLON,990.0,2021,364,5,5,0,3,3,-4.8,2021-01-09,23.8,2021-08-14,17.6,2021-07-22,2021-08-15
9562X,MORELLA,CASTELLON,990.0,2022,365,21,20,0,4,8,-5.4,2022-01-22,23.3,2022-07-16,20.5,2022-05-22,2022-08-14
9562X,MORELLA,CASTELLON,990.0,2023,344,16,16,0,8,8,-5.4,2023-02-28,24.8,2023-07-18,19.9,2023-07-09,2023-08-25
9562X,MORELLA,CASTELLON,990.0,2024,362,17,17,0,5,5,-3.9,2024-01-12,24.0,2024-07-31,19.9,2024-07-10,2024-08-12
9562X,MORELLA,CASTELLON,990.0,2025,360,16,16,0,4,6,-4.4,2025-01-14,23.6,2025-08-11,19.8,2025-06-24,2025-08-17
9563X,CASTELLFORT,CASTELLON,1220.0,2017,359,8,8,0,0,2,-8.8,2017-01-18,21.9,2017-06-15,18.2,2017-06-15,2017-08-04
9563X,CASTELLFORT,CASTELLON,1220.0,2018,362,5,5,0,0,2,-5.3,2018-02-09,21.5,2018-08-03,17.3,2018-07-15,2018-08-06
9563X,CASTELLFORT,CASTELLON,1220.0,2019,350,11,11,0,2,3,-5.4,2019-01-11,23.2,2019-06-28,18.3,2019-06-28,2019-08-18
9563X,CASTELLFORT,CASTELLON,1220.0,2020,363,3,3,0,0,3,-4.1,2020-12-26,20.3,2020-08-09,17.6,2020-08-07,2020-08-09
9563X,CASTELLFORT,CASTELLON,1220.0,2021,360,4,4,0,2,2,-6.8,2021-01-11,24.2,2021-08-14,16.9,2021-07-22,2021-08-14
9563X,CASTELLFORT,CASTELLON,1220.0,2022,363,14,14,0,1,6,-4.7,2022-01-06,22.5,2022-07-16,19.5,2022-06-15,2022-08-12
9563X,CASTELLFORT,CASTELLON,1220.0,2023,364,14,14,0,9,8,-8.6,2023-02-27,25.0,2023-07-18,19.5,2023-07-09,2023-08-25
9563X,CASTELLFORT,CASTELLON,1220.0,2024,364,12,12,0,5,4,-4.3,2024-01-12,23.5,2024-07-19,19.1,2024-07-11,2024-08-11
9563X,CASTELLFORT,CASTELLON,1220.0,2025,358,17,17,0,4,4,-5.2,2025-01-14,24.3,2025-08-17,19.9,2025-06-21,2025-08-17
9569A,CALANDA,TERUEL,466.0,2017,361,27,26,0,6,6,-6.1,2017-12-25,24.7,2017-06-19,20.9,2017-05-28,2017-08-25
9569A,CALANDA,TERUEL,466.0,2018,364,19,19,0,6,9,-2.7,2018-02-24,24.0,2018-08-07,20.2,2018-07-03,2018-08-16
9569A,CALANDA,TERUEL,466.0,2019,358,27,27,1,12,5,-5.1,2019-01-05,25.6,2019-06-30,20.9,2019-06-18,2019-08-31
9569A,CALANDA,TERUEL,466.0,2020,361,16,15,0,4,4,-3.5,2020-01-02,22.6,2020-08-09,20.0,2020-06-28,2020-09-17
9569A,CALANDA,TERUEL,466.0,2021,363,16,14,0,2,4,-4.0,2021-01-11,23.8,2021-07-23,19.9,2021-06-15,2021-09-07
9569A,CALANDA,TERUEL,466.0,2022,365,38,36,2,18,7,-2.7,2022-01-22,26.8,2022-08-13,22.0,2022-05-19,2022-09-12
9569A,CALANDA,TERUEL,466.0,2023,365,30,29,2,9,8,-3.8,2023-12-27,26.8,2023-08-10,21.2,2023-06-25,2023-09-04
9569A,CALANDA,TERUEL,466.0,2024,365,29,29,0,11,10,-3.0,2024-12-29,24.9,2024-07-30,21.3,2024-06-07,2024-08-28
9569A,CALANDA,TERUEL,466.0,2025,365,35,33,2,14,11,-3.4,2025-01-13,26.8,2025-08-11,21.5,2025-05-30,2025-09-15
9573X,ALCAÑIZ,TERUEL,334.0,2017,364,5,5,0,0,1,-6.4,2017-12-07,20.8,2017-06-23,18.7,2017-06-19,2017-08-05
9573X,ALCAÑIZ,TERUEL,334.0,2018,362,7,7,0,0,4,-4.2,2018-02-24,21.4,2018-07-31,18.8,2018-07-25,2018-08-06
9573X,ALCAÑIZ,TERUEL,334.0,2019,365,5,5,0,0,1,-5.9,2019-01-05,21.5,2019-08-09,18.4,2019-07-05,2019-08-09
9573X,ALCAÑIZ,TERUEL,334.0,2020,366,2,2,0,0,1,-5.6,2020-01-13,21.5,2020-07-28,17.5,2020-07-28,2020-08-08
9573X,ALCAÑIZ,TERUEL,334.0,2021,333,0,0,0,0,0,-6.7,2021-01-12,19.7,2021-08-15,18.2,,
9573X,ALCAÑIZ,TERUEL,334.0,2022,365,22,21,0,3,3,-6.3,2022-01-23,23.3,2022-08-13,20.1,2022-06-17,2022-09-12
9573X,ALCAÑIZ,TERUEL,334.0,2023,365,17,17,0,4,6,-6.6,2023-12-28,22.6,2023-08-10,20.0,2023-06-26,2023-08-25
9573X,ALCAÑIZ,TERUEL,334.0,2024,366,18,18,0,6,4,-3.6,2024-12-17,23.9,2024-07-30,20.0,2024-06-07,2024-08-31
9573X,ALCAÑIZ,TERUEL,334.0,2025,365,19,19,0,2,4,-5.3,2025-01-14,24.2,2025-08-11,20.1,2025-06-22,2025-08-25
9574B,"CASPE, PLANA DEL PILÓN",ZARAGOZA,215.0,2019,365,38,38,0,13,9,-2.8,2019-01-02,23.6,2019-07-13,21.4,2019-06-24,2019-08-31
9574B,"CASPE, PLANA DEL PILÓN",ZARAGOZA,215.0,2020,365,30,29,0,7,8,-3.3,2020-01-12,23.1,2020-07-27,21.2,2020-06-28,2020-09-15
9574B,"CASPE, PLANA DEL PILÓN",ZARAGOZA,215.0,2021,359,32,27,0,6,6,-2.7,2021-01-07,23.3,2021-07-23,20.9,2021-06-15,2021-09-14
9574B,"CASPE, PLANA DEL PILÓN",ZARAGOZA,215.0,2022,359,50,46,0,18,18,-4.7,2022-01-19,24.9,2022-08-13,22.0,2022-06-13,2022-09-12
9574B,"CASPE, PLANA DEL PILÓN",ZARAGOZA,215.0,2023,365,42,39,0,18,17,-3.2,2023-12-28,25.0,2023-08-24,22.0,2023-06-17,2023-09-06
9574B,"CASPE, PLANA DEL PILÓN",ZARAGOZA,215.0,2024,366,43,42,0,17,11,-3.3,2024-01-13,24.2,2024-07-30,21.9,2024-06-07,2024-09-02
9574B,"CASPE, PLANA DEL PILÓN",ZARAGOZA,215.0,2025,365,46,45,1,22,13,-4.4,2025-01-15,25.4,2025-08-11,22.1,2025-06-01,2025-09-07
9576C,BUJARALOZ,ZARAGOZA,357.0,2017,364,13,13,0,2,3,-7.4,2017-01-18,22.3,2017-08-03,19.6,2017-06-15,2017-08-18
9585,LA MOLINA,GIRONA,1699.0,2017,356,0,0,0,0,0,-14.8,2017-01-17,17.2,2017-07-31,13.3,,
9585,LA MOLINA,GIRONA,1699.0,2018,354,0,0,0,0,0,-15.6,2018-02-13,14.3,2018-07-27,11.4,,
9585,LA MOLINA,GIRONA,1699.0,2019,352,0,0,0,0,0,-10.2,2019-01-11,18.0,2019-06-27,14.4,,
9585,LA MOLINA,GIRONA,1699.0,2020,364,0,0,0,0,0,-8.3,2020-12-05,16.5,2020-08-08,13.1,,
9585,LA MOLINA,GIRONA,1699.0,2021,357,0,0,0,0,0,-10.8,2021-01-05,17.7,2021-08-15,11.9,,
9585,LA MOLINA,GIRONA,1699.0,2022,363,0,0,0,0,0,-10.2,2022-04-03,15.8,2022-07-23,13.8,,
9585,LA MOLINA,GIRONA,1699.0,2023,364,0,0,0,0,0,-13.2,2023-02-27,20.0,2023-07-18,14.8,,
9585,LA MOLINA,GIRONA,1699.0,2024,362,0,0,0,0,0,-8.6,2024-01-08,17.3,2024-07-29,13.4,,
9585,LA MOLINA,GIRONA,1699.0,2025,360,0,0,0,0,0,-8.7,2025-11-21,17.3,2025-06-13,13.9,,
9590,MARTINET,LLEIDA,1038.0,2017,362,0,0,0,0,0,-15.5,2017-01-18,16.4,2017-08-06,13.6,,
9590,MARTINET,LLEIDA,1038.0,2018,352,0,0,0,0,0,-16.7,2018-02-09,14.6,2018-07-27,12.8,,
9590,MARTINET,LLEIDA,1038.0,2019,365,0,0,0,0,0,-11.2,2019-01-22,15.8,2019-08-11,13.0,,
9590,MARTINET,LLEIDA,1038.0,2020,365,0,0,0,0,0,-8.6,2020-01-12,17.3,2020-06-30,13.1,,
9590,MARTINET,LLEIDA,1038.0,2021,364,0,0,0,0,0,-13.7,2021-01-06,18.7,2021-08-12,12.8,,
9590,MARTINET,LLEIDA,1038.0,2022,365,0,0,0,0,0,-11.5,2022-01-16,16.8,2022-07-23,13.6,,
9590,MARTINET,LLEIDA,1038.0,2023,365,0,0,0,0,0,-11.9,2023-01-21,18.3,2023-07-19,14.3,,
9590,MARTINET,LLEIDA,1038.0,2024,366,0,0,0,0,0,-11.4,2024-01-09,19.0,2024-07-19,13.5,,
9590,MARTINET,LLEIDA,1038.0,2025,364,0,0,0,0,0,-11.1,2025-01-14,15.6,2025-06-15,13.4,,
9590D,CAP DE REC,LLEIDA,1940.0,2021,315,0,0,0,0,0,-12.5,2021-01-05,17.5,2021-08-15,11.0,,
9590D,CAP DE REC,LLEIDA,1940.0,2022,363,0,0,0,0,0,-13.6,2022-04-03,14.3,2022-06-17,12.5,,
9590D,CAP DE REC,LLEIDA,1940.0,2023,364,0,0,0,0,0,-15.2,2023-02-27,18.9,2023-07-18,12.6,,
9590D,CAP DE REC,LLEIDA,1940.0,2024,366,0,0,0,0,0,-10.1,2024-01-08,14.9,2024-07-31,11.9,,
9590D,CAP DE REC,LLEIDA,1940.0,2025,365,0,0,0,0,0,-10.4,2025-11-21,14.8,2025-08-10,11.7,,
9619,LA SEU D'URGELL,LLEIDA,677.0,2017,354,0,0,0,0,0,-9.3,2017-12-03,18.3,2017-08-06,15.9,,
9619,LA SEU D'URGELL,LLEIDA,677.0,2018,363,0,0,0,0,0,-9.1,2018-02-09,18.2,2018-06-26,15.6,,
9619,LA SEU D'URGELL,LLEIDA,677.0,2019,363,0,0,0,0,0,-8.0,2019-01-22,18.5,2019-08-11,15.0,,
9619,LA SEU D'URGELL,LLEIDA,677.0,2020,337,0,0,0,0,0,-7.2,2020-01-12,18.5,2020-06-30,14.7,,
9619,LA SEU D'URGELL,LLEIDA,677.0,2021,363,0,0,0,0,0,-10.4,2021-01-08,17.9,2021-08-12,14.9,,
9619,LA SEU D'URGELL,LLEIDA,677.0,2022,345,0,0,0,0,0,-9.8,2022-01-16,18.3,2022-07-31,15.7,,
9619,LA SEU D'URGELL,LLEIDA,677.0,2023,357,0,0,0,0,0,-8.3,2023-01-27,18.8,2023-07-16,16.2,,
9632X,TUIXENT,LLEIDA,1196.0,2017,356,1,1,0,0,1,-12.3,2017-01-18,20.1,2017-07-31,14.4,2017-07-31,2017-07-31
9632X,TUIXENT,LLEIDA,1196.0,2018,356,0,0,0,0,0,-11.6,2018-02-13,15.3,2018-07-27,13.5,,
9632X,TUIXENT,LLEIDA,1196.0,2019,359,0,0,0,0,0,-8.9,2019-01-22,18.0,2019-06-26,14.5,,
9632X,TUIXENT,LLEIDA,1196.0,2020,362,0,0,0,0,0,-6.5,2020-12-05,17.5,2020-07-28,14.1,,
9632X,TUIXENT,LLEIDA,1196.0,2021,337,0,0,0,0,0,-9.9,2021-01-06,18.1,2021-08-12,13.2,,
9632X,TUIXENT,LLEIDA,1196.0,2022,350,0,0,0,0,0,-8.5,2022-04-03,16.9,2022-07-25,14.8,,
9632X,TUIXENT,LLEIDA,1196.0,2023,365,0,0,0,0,0,-11.0,2023-01-21,19.3,2023-07-19,15.5,,
9632X,TUIXENT,LLEIDA,1196.0,2024,317,0,0,0,0,0,-6.1,2024-01-08,17.6,2024-07-19,14.7,,
9632X,TUIXENT,LLEIDA,1196.0,2025,362,0,0,0,0,0,-5.7,2025-01-14,16.5,2025-07-18,14.1,,
9638D,COLL DE NARGÓ,LLEIDA,609.0,2017,364,0,0,0,0,0,-8.0,2017-01-06,19.9,2017-08-05,17.7,,
9638D,COLL DE NARGÓ,LLEIDA,609.0,2018,362,0,0,0,0,0,-8.1,2018-02-09,19.0,2018-06-24,16.8,,
9638D,COLL DE NARGÓ,LLEIDA,609.0,2019,361,0,0,0,0,0,-5.5,2019-01-19,19.6,2019-08-11,17.1,,
9638D,COLL DE NARGÓ,LLEIDA,609.0,2020,366,1,1,0,0,1,-5.7,2020-01-12,20.2,2020-08-08,16.8,2020-08-08,2020-08-08
9638D,COLL DE NARGÓ,LLEIDA,609.0,2021,353,0,0,0,0,0,-9.3,2021-01-06,19.0,2021-08-23,15.8,,
9638D,COLL DE NARGÓ,LLEIDA,609.0,2022,330,1,1,0,0,1,-7.8,2022-01-16,20.5,2022-07-23,17.7,2022-07-23,2022-07-23
9638D,COLL DE NARGÓ,LLEIDA,609.0,2023,352,4,4,0,2,1,-7.6,2023-01-27,23.1,2023-07-19,18.0,2023-07-11,2023-08-21
9638D,COLL DE NARGÓ,LLEIDA,609.0,2024,366,2,2,0,0,1,-4.6,2024-01-09,20.6,2024-07-19,17.6,2024-07-19,2024-08-07
9638D,COLL DE NARGÓ,LLEIDA,609.0,2025,365,0,0,0,0,0,-8.3,2025-01-15,19.0,2025-07-18,17.0,,
9647X,TORÀ,LLEIDA,435.0,2017,364,1,1,0,0,1,-11.1,2017-01-18,20.1,2017-06-25,17.5,2017-06-25,2017-06-25
9647X,TORÀ,LLEIDA,435.0,2018,365,0,0,0,0,0,-8.0,2018-02-09,20.0,2018-08-31,17.2,,
9647X,TORÀ,LLEIDA,435.0,2019,365,1,1,0,0,1,-8.3,2019-01-11,21.2,2019-08-07,17.1,2019-08-07,2019-08-07
9647X,TORÀ,LLEIDA,435.0,2020,365,0,0,0,0,0,-6.4,2020-01-13,19.6,2020-06-30,17.3,,
9647X,TORÀ,LLEIDA,435.0,2021,365,1,1,0,1,1,-7.2,2021-01-06,23.0,2021-08-12,16.8,2021-08-12,2021-08-12
9647X,TORÀ,LLEIDA,435.0,2022,363,1,1,0,0,1,-9.2,2022-01-16,20.4,2022-07-30,17.2,2022-07-30,2022-07-30
9647X,TORÀ,LLEIDA,435.0,2023,362,7,5,0,0,2,-9.4,2023-01-30,21.7,2023-07-19,19.0,2023-07-16,2023-09-04
9647X,TORÀ,LLEIDA,435.0,2024,356,1,1,0,1,1,-5.7,2024-01-09,22.3,2024-07-19,18.0,2024-07-19,2024-07-19
9647X,TORÀ,LLEIDA,435.0,2025,365,2,2,0,0,1,-8.7,2025-01-14,20.6,2025-07-19,17.2,2025-07-19,2025-08-19
9650X,ARTESA DE SEGRE,LLEIDA,400.0,2017,363,8,8,0,1,4,-8.6,2017-12-04,22.6,2017-08-05,19.4,2017-06-25,2017-08-05
9650X,ARTESA DE SEGRE,LLEIDA,400.0,2018,365,6,6,0,0,3,-7.6,2018-02-09,21.3,2018-08-02,18.7,2018-07-30,2018-08-06
9650X,ARTESA DE SEGRE,LLEIDA,400.0,2019,359,4,4,0,0,2,-6.8,2019-01-11,21.6,2019-06-26,18.7,2019-06-26,2019-08-07
9650X,ARTESA DE SEGRE,LLEIDA,400.0,2020,365,5,5,0,0,3,-6.6,2020-12-27,21.3,2020-08-01,18.9,2020-07-28,2020-08-10
9650X,ARTESA DE SEGRE,LLEIDA,400.0,2021,365,4,4,0,1,4,-7.3,2021-01-05,22.6,2021-08-12,18.1,2021-08-12,2021-08-15
9650X,ARTESA DE SEGRE,LLEIDA,400.0,2022,365,11,11,0,1,3,-8.3,2022-01-16,22.3,2022-06-15,19.8,2022-06-15,2022-08-24
9650X,ARTESA DE SEGRE,LLEIDA,400.0,2023,365,15,14,0,2,7,-7.9,2023-12-27,23.3,2023-07-19,19.9,2023-07-11,2023-09-04
9650X,ARTESA DE SEGRE,LLEIDA,400.0,2024,366,13,13,0,1,6,-5.1,2024-01-08,22.3,2024-07-19,19.7,2024-07-11,2024-08-11
9650X,ARTESA DE SEGRE,LLEIDA,400.0,2025,362,9,9,0,1,2,-7.3,2025-01-13,22.5,2025-06-29,19.3,2025-06-21,2025-08-26
9657X,ESTERRI D'ÀNEU,LLEIDA,952.0,2018,335,0,0,0,0,0,-13.5,2018-02-09,14.9,2018-06-28,12.7,,
9657X,ESTERRI D'ÀNEU,LLEIDA,952.0,2019,363,0,0,0,0,0,-7.2,2019-02-04,18.0,2019-08-11,12.9,,
9657X,ESTERRI D'ÀNEU,LLEIDA,952.0,2020,366,0,0,0,0,0,-7.9,2020-12-27,16.5,2020-07-28,13.8,,
9657X,ESTERRI D'ÀNEU,LLEIDA,952.0,2022,304,0,0,0,0,0,-8.8,2022-01-16,15.4,2022-08-25,12.4,,
9657X,ESTERRI D'ÀNEU,LLEIDA,952.0,2025,364,0,0,0,0,0,-8.2,2025-01-14,17.1,2025-07-28,12.9,,
9660,SANT MAURICI (LLAC),LLEIDA,1907.0,2017,326,0,0,0,0,0,-9.3,2017-12-16,19.0,2017-06-23,15.1,,
9660,SANT MAURICI (LLAC),LLEIDA,1907.0,2019,365,0,0,0,0,0,-11.4,2019-02-03,16.1,2019-08-10,12.2,,
9660,SANT MAURICI (LLAC),LLEIDA,1907.0,2020,366,0,0,0,0,0,-10.7,2020-12-26,14.5,2020-08-08,11.7,,
9660,SANT MAURICI (LLAC),LLEIDA,1907.0,2021,363,0,0,0,0,0,-13.7,2021-01-07,15.3,2021-08-15,10.7,,
9660,SANT MAURICI (LLAC),LLEIDA,1907.0,2022,365,0,0,0,0,0,-13.0,2022-04-04,16.7,2022-07-17,12.4,,
9660,SANT MAURICI (LLAC),LLEIDA,1907.0,2023,365,0,0,0,0,0,-13.9,2023-02-27,15.7,2023-07-20,12.6,,
9660,SANT MAURICI (LLAC),LLEIDA,1907.0,2024,365,0,0,0,0,0,-12.2,2024-01-09,15.4,2024-07-30,12.2,,
9660,SANT MAURICI (LLAC),LLEIDA,1907.0,2025,364,0,0,0,0,0,-10.7,2025-03-16,16.1,2025-08-17,11.8,,
9677,PORT AINÉ,LLEIDA,2410.0,2021,311,0,0,0,0,0,-15.8,2021-01-03,15.4,2021-08-13,9.2,,
9677,PORT AINÉ,LLEIDA,2410.0,2022,357,0,0,0,0,0,-15.0,2022-04-01,15.6,2022-06-17,12.2,,
9677,PORT AINÉ,LLEIDA,2410.0,2023,331,0,0,0,0,0,-18.6,2023-02-27,16.1,2023-08-24,12.1,,
9677,PORT AINÉ,LLEIDA,2410.0,2024,364,0,0,0,0,0,-13.0,2024-01-08,14.9,2024-07-29,12.3,,
9677,PORT AINÉ,LLEIDA,2410.0,2025,365,0,0,0,0,0,-14.3,2025-11-22,16.0,2025-08-10,11.6,,
9689X,TORRE DE CABDELLA,LLEIDA,1273.0,2017,364,0,0,0,0,0,-10.8,2017-01-18,17.6,2017-08-04,15.5,,
9689X,TORRE DE CABDELLA,LLEIDA,1273.0,2018,365,0,0,0,0,0,-9.2,2018-02-13,16.5,2018-08-03,14.4,,
9689X,TORRE DE CABDELLA,LLEIDA,1273.0,2019,365,0,0,0,0,0,-6.5,2019-11-16,19.2,2019-06-27,15.8,,
9689X,TORRE DE CABDELLA,LLEIDA,1273.0,2020,350,0,0,0,0,0,-6.3,2020-12-05,18.4,2020-08-01,14.5,,
9689X,TORRE DE CABDELLA,LLEIDA,1273.0,2021,344,0,0,0,0,0,-8.1,2021-01-05,18.9,2021-08-14,13.8,,
9689X,TORRE DE CABDELLA,LLEIDA,1273.0,2022,361,0,0,0,0,0,-6.2,2022-04-03,18.0,2022-07-22,15.7,,
9689X,TORRE DE CABDELLA,LLEIDA,1273.0,2023,363,0,0,0,0,0,-8.3,2023-01-21,19.1,2023-08-21,16.0,,
9689X,TORRE DE CABDELLA,LLEIDA,1273.0,2024,365,0,0,0,0,0,-5.7,2024-01-09,18.1,2024-07-30,15.8,,
9689X,TORRE DE CABDELLA,LLEIDA,1273.0,2025,364,0,0,0,0,0,-4.8,2025-11-21,19.5,2025-08-10,15.0,,
9698U,TALARN,LLEIDA,807.0,2017,362,9,9,0,2,4,-8.3,2017-01-18,22.2,2017-07-31,18.8,2017-06-24,2017-08-06
9698U,TALARN,LLEIDA,807.0,2018,360,3,3,0,0,3,-6.4,2018-02-08,20.5,2018-08-04,17.2,2018-08-03,2018-08-05
9698U,TALARN,LLEIDA,807.0,2019,355,8,8,0,0,4,-4.6,2019-01-19,21.2,2019-06-26,19.0,2019-06-26,2019-08-11
9698U,TALARN,LLEIDA,807.0,2020,355,3,3,0,0,1,-4.3,2020-12-27,21.3,2020-07-28,17.9,2020-07-28,2020-08-08
9698U,TALARN,LLEIDA,807.0,2021,329,0,0,0,0,0,-6.8,2021-01-06,19.3,2021-07-23,16.5,,
9698U,TALARN,LLEIDA,807.0,2022,341,9,9,0,0,3,-4.4,2022-01-16,21.6,2022-07-25,19.3,2022-06-17,2022-07-25
9698U,TALARN,LLEIDA,807.0,2023,361,15,14,0,2,3,-6.0,2023-03-01,22.9,2023-07-19,19.4,2023-07-10,2023-09-04
9698U,TALARN,LLEIDA,807.0,2025,310,6,6,0,0,2,-4.0,2025-12-31,20.8,2025-07-18,18.5,2025-06-29,2025-08-17
9707,LLIMIANA,LLEIDA,515.0,2017,362,9,9,0,2,4,-9.2,2017-01-18,22.2,2017-07-31,19.3,2017-06-25,2017-08-06
9707,LLIMIANA,LLEIDA,515.0,2018,303,1,1,0,0,1,-7.4,2018-02-09,20.2,2018-07-27,17.7,2018-07-27,2018-07-27
9707,LLIMIANA,LLEIDA,515.0,2019,326,3,3,0,1,2,-3.7,2019-02-13,22.2,2019-08-10,18.5,2019-08-07,2019-08-11
9707,LLIMIANA,LLEIDA,515.0,2020,344,4,4,0,0,1,-6.3,2020-12-27,20.8,2020-08-08,17.9,2020-06-30,2020-08-12
9707,LLIMIANA,LLEIDA,515.0,2021,362,3,3,0,2,2,-8.4,2021-01-06,22.4,2021-08-12,17.9,2021-08-12,2021-08-15
9707,LLIMIANA,LLEIDA,515.0,2022,361,5,5,0,0,2,-8.7,2022-01-16,21.8,2022-07-23,19.3,2022-07-23,2022-08-13
9707,LLIMIANA,LLEIDA,515.0,2023,315,16,16,0,3,4,-6.4,2023-01-30,23.1,2023-07-19,20.0,2023-07-11,2023-08-26
9707,LLIMIANA,LLEIDA,515.0,2024,359,12,12,0,1,3,-6.7,2024-01-08,22.2,2024-07-19,19.0,2024-07-16,2024-08-31
9707,LLIMIANA,LLEIDA,515.0,2025,360,2,2,0,0,1,-8.2,2025-01-14,20.5,2025-07-18,18.0,2025-06-29,2025-07-18
9718X,TORDERA - GRANYANELLA,LLEIDA,463.0,2017,341,21,21,0,3,9,-4.1,2017-12-03,24.0,2017-08-03,20.3,2017-06-15,2017-08-18
9718X,TORDERA - GRANYANELLA,LLEIDA,463.0,2018,361,12,12,0,4,8,-3.9,2018-02-08,23.1,2018-08-06,19.5,2018-07-27,2018-08-12
9718X,TORDERA - GRANYANELLA,LLEIDA,463.0,2019,355,25,25,0,4,8,-4.6,2019-01-11,22.4,2019-06-29,20.6,2019-06-27,2019-08-19
9718X,TORDERA - GRANYANELLA,LLEIDA,463.0,2020,359,18,18,0,3,6,-6.1,2020-01-13,23.6,2020-08-01,19.9,2020-07-02,2020-08-27
9718X,TORDERA - GRANYANELLA,LLEIDA,463.0,2021,346,11,10,0,5,5,-6.2,2021-01-12,24.5,2021-08-15,19.3,2021-07-22,2021-09-07
9718X,TORDERA - GRANYANELLA,LLEIDA,463.0,2022,346,38,38,0,12,11,-3.7,2022-01-16,23.4,2022-07-18,21.2,2022-06-13,2022-08-21
9718X,TORDERA - GRANYANELLA,LLEIDA,463.0,2023,343,38,36,1,9,8,-4.3,2023-12-27,25.1,2023-08-22,21.2,2023-06-21,2023-09-05
9718X,TORDERA - GRANYANELLA,LLEIDA,463.0,2024,330,24,24,1,11,8,-3.0,2024-12-31,25.9,2024-08-01,20.9,2024-06-28,2024-08-31
9718X,TORDERA - GRANYANELLA,LLEIDA,463.0,2025,324,20,20,0,4,9,-4.6,2025-01-14,24.0,2025-08-18,20.6,2025-06-14,2025-08-18
9720X,TÀRREGA,LLEIDA,388.0,2018,347,18,18,0,6,14,-3.7,2018-02-09,23.1,2018-08-03,20.1,2018-07-04,2018-08-31
9724X,OS DE BALAGUER,LLEIDA,520.0,2017,323,9,9,1,1,4,-9.3,2017-01-18,25.1,2017-07-31,19.1,2017-06-18,2017-08-18
9724X,OS DE BALAGUER,LLEIDA,520.0,2018,350,6,6,0,0,3,-6.9,2018-02-13,21.2,2018-08-04,18.0,2018-08-01,2018-08-08
9724X,OS DE BALAGUER,LLEIDA,520.0,2019,361,10,10,1,3,4,-7.5,2019-01-11,25.5,2019-06-26,19.0,2019-06-26,2019-08-11
9724X,OS DE BALAGUER,LLEIDA,520.0,2020,306,0,0,0,0,0,-5.5,2020-01-14,19.7,2020-08-27,17.3,,
9724X,OS DE BALAGUER,LLEIDA,520.0,2021,364,4,4,0,2,2,-6.5,2021-01-06,23.9,2021-08-12,17.9,2021-07-23,2021-08-15
9724X,OS DE BALAGUER,LLEIDA,520.0,2022,353,18,18,0,0,5,-5.9,2022-01-22,22.0,2022-07-15,20.0,2022-06-16,2022-08-13
9724X,OS DE BALAGUER,LLEIDA,520.0,2023,343,19,19,0,9,7,-7.3,2023-03-01,24.5,2023-08-22,20.2,2023-07-09,2023-08-26
9724X,OS DE BALAGUER,LLEIDA,520.0,2024,346,15,15,0,2,4,-4.2,2024-01-13,23.3,2024-08-01,19.6,2024-06-18,2024-08-29
9724X,OS DE BALAGUER,LLEIDA,520.0,2025,336,12,12,0,3,3,-6.9,2025-01-14,22.9,2025-08-11,19.7,2025-06-24,2025-08-26
9726E,LLORAC,TARRAGONA,657.0,2017,363,0,0,0,0,0,-11.6,2017-01-17,19.0,2017-07-31,15.9,,
9726E,LLORAC,TARRAGONA,657.0,2018,365,0,0,0,0,0,-11.7,2018-02-13,18.4,2018-08-31,15.3,,
9726E,LLORAC,TARRAGONA,657.0,2019,364,0,0,0,0,0,-7.1,2019-01-04,19.8,2019-08-10,15.5,,
9726E,LLORAC,TARRAGONA,657.0,2020,366,0,0,0,0,0,-6.8,2020-01-13,18.5,2020-07-24,15.4,,
9726E,LLORAC,TARRAGONA,657.0,2021,362,0,0,0,0,0,-10.1,2021-01-06,18.5,2021-09-07,15.2,,
9726E,LLORAC,TARRAGONA,657.0,2022,365,0,0,0,0,0,-10.2,2022-01-16,18.9,2022-06-20,15.7,,
9726E,LLORAC,TARRAGONA,657.0,2023,348,2,1,0,0,1,-9.5,2023-01-23,20.4,2023-07-15,17.2,2023-07-15,2023-09-04
9726E,LLORAC,TARRAGONA,657.0,2024,366,1,1,0,0,1,-8.1,2024-12-30,20.3,2024-07-19,15.8,2024-07-19,2024-07-19
9726E,LLORAC,TARRAGONA,657.0,2025,365,1,1,0,0,1,-9.8,2025-01-13,20.2,2025-07-11,15.9,2025-07-11,2025-07-11
9729X,MOLLERUSSA,LLEIDA,252.0,2017,346,15,15,0,0,4,-7.8,2017-01-18,21.9,2017-07-31,19.6,2017-06-16,2017-08-19
9729X,MOLLERUSSA,LLEIDA,252.0,2018,355,10,10,0,0,6,-4.3,2018-02-13,22.0,2018-08-05,19.4,2018-07-09,2018-08-09
9729X,MOLLERUSSA,LLEIDA,252.0,2019,364,12,12,0,2,3,-5.2,2019-01-06,23.5,2019-06-26,19.2,2019-06-26,2019-08-19
9729X,MOLLERUSSA,LLEIDA,252.0,2020,335,8,8,0,0,2,-3.2,2020-01-12,21.6,2020-07-28,19.2,2020-07-02,2020-08-27
9729X,MOLLERUSSA,LLEIDA,252.0,2021,339,4,4,0,1,4,-7.4,2021-01-12,22.2,2021-08-12,19.0,2021-08-12,2021-08-15
9729X,MOLLERUSSA,LLEIDA,252.0,2022,354,19,18,0,1,6,-5.8,2022-01-17,22.2,2022-08-15,20.2,2022-06-15,2022-09-05
9729X,MOLLERUSSA,LLEIDA,252.0,2023,353,38,35,0,9,13,-4.9,2023-01-21,25.0,2023-07-19,21.5,2023-06-26,2023-09-05
9729X,MOLLERUSSA,LLEIDA,252.0,2024,363,22,22,0,1,4,-4.3,2024-01-13,23.3,2024-07-19,20.4,2024-07-11,2024-08-31
9729X,MOLLERUSSA,LLEIDA,252.0,2025,359,23,22,0,1,4,-5.8,2025-01-15,22.2,2025-08-12,20.3,2025-06-10,2025-09-08
9744B,VALL DE BOÍ,LLEIDA,1089.0,2017,364,0,0,0,0,0,-16.6,2017-01-18,16.4,2017-06-25,12.5,,
9744B,VALL DE BOÍ,LLEIDA,1089.0,2018,364,0,0,0,0,0,-13.6,2018-02-09,14.8,2018-06-26,12.0,,
9744B,VALL DE BOÍ,LLEIDA,1089.0,2019,363,0,0,0,0,0,-7.7,2019-11-16,15.6,2019-07-08,12.5,,
9744B,VALL DE BOÍ,LLEIDA,1089.0,2020,366,0,0,0,0,0,-8.2,2020-12-05,16.4,2020-06-30,12.5,,
9744B,VALL DE BOÍ,LLEIDA,1089.0,2021,350,0,0,0,0,0,-12.6,2021-01-08,14.6,2021-08-24,11.6,,
9744B,VALL DE BOÍ,LLEIDA,1089.0,2022,364,0,0,0,0,0,-8.9,2022-01-16,16.4,2022-07-30,12.6,,
9744B,VALL DE BOÍ,LLEIDA,1089.0,2023,363,0,0,0,0,0,-9.7,2023-01-21,15.7,2023-07-19,13.2,,
9744B,VALL DE BOÍ,LLEIDA,1089.0,2024,355,0,0,0,0,0,-8.6,2024-01-09,14.9,2024-07-19,12.8,,
9744B,VALL DE BOÍ,LLEIDA,1089.0,2025,349,0,0,0,0,0,-8.0,2025-01-18,13.9,2025-09-08,12.5,,
9751,SOPEIRA,HUESCA,760.0,2017,360,1,1,0,0,1,-8.0,2017-01-18,20.5,2017-06-25,18.0,2017-06-25,2017-06-25
9751,SOPEIRA,HUESCA,760.0,2018,365,0,0,0,0,0,-7.4,2018-02-09,19.6,2018-08-05,17.2,,
9751,SOPEIRA,HUESCA,760.0,2019,365,2,2,0,0,1,-4.6,2019-01-22,21.6,2019-08-11,18.0,2019-07-08,2019-08-11
9751,SOPEIRA,HUESCA,760.0,2020,366,0,0,0,0,0,-3.2,2020-12-27,20.0,2020-06-30,17.3,,
9751,SOPEIRA,HUESCA,760.0,2021,359,0,0,0,0,0,-7.8,2021-01-08,19.9,2021-08-15,16.6,,
9751,SOPEIRA,HUESCA,760.0,2022,364,0,0,0,0,0,-5.2,2022-01-16,20.0,2022-07-23,18.2,,
9751,SOPEIRA,HUESCA,760.0,2023,365,5,5,0,0,1,-4.8,2023-01-21,21.9,2023-07-19,18.2,2023-07-11,2023-08-21
9751,SOPEIRA,HUESCA,760.0,2024,366,3,3,0,0,1,-3.9,2024-01-09,20.7,2024-07-19,17.9,2024-07-19,2024-08-07
9751,SOPEIRA,HUESCA,760.0,2025,360,0,0,0,0,0,-4.4,2025-01-13,19.7,2025-07-18,17.4,,
9756X,BENABARRE,HUESCA,765.0,2017,365,1,1,0,0,1,-7.3,2017-01-18,21.1,2017-08-02,18.1,2017-08-02,2017-08-02
9756X,BENABARRE,HUESCA,765.0,2018,364,2,2,0,0,1,-6.6,2018-02-08,20.7,2018-08-03,16.8,2018-08-03,2018-08-06
9756X,BENABARRE,HUESCA,765.0,2019,365,2,2,0,0,2,-5.4,2019-02-04,21.0,2019-06-26,18.2,2019-06-26,2019-06-27
9756X,BENABARRE,HUESCA,765.0,2020,366,3,3,0,0,1,-4.5,2020-12-26,21.0,2020-07-28,17.7,2020-07-28,2020-08-09
9756X,BENABARRE,HUESCA,765.0,2021,363,4,4,0,0,2,-7.8,2021-01-08,21.5,2021-08-14,16.4,2021-07-22,2021-08-15
9756X,BENABARRE,HUESCA,765.0,2022,364,8,8,0,0,5,-5.6,2022-04-03,21.6,2022-06-18,18.9,2022-06-15,2022-08-13
9756X,BENABARRE,HUESCA,765.0,2023,364,13,12,0,1,6,-7.0,2023-02-27,22.1,2023-07-18,19.3,2023-07-10,2023-09-04
9756X,BENABARRE,HUESCA,765.0,2024,366,8,8,0,2,3,-4.6,2024-01-08,22.7,2024-07-20,18.2,2024-07-19,2024-08-11
9756X,BENABARRE,HUESCA,765.0,2025,363,5,5,0,0,1,-5.5,2025-01-13,22.0,2025-06-24,18.0,2025-06-24,2025-08-14
9771C,LLEIDA,LLEIDA,186.0,2017,365,27,27,0,3,9,-7.1,2017-01-18,23.5,2017-08-05,20.7,2017-06-16,2017-08-25
9771C,LLEIDA,LLEIDA,186.0,2018,365,20,19,0,5,12,-5.1,2018-02-09,22.9,2018-08-04,20.2,2018-06-28,2018-09-03
9771C,LLEIDA,LLEIDA,186.0,2019,365,26,25,0,3,8,-4.8,2019-01-11,23.5,2019-06-26,20.9,2019-06-26,2019-09-01
9771C,LLEIDA,LLEIDA,186.0,2020,366,27,27,0,3,7,-3.4,2020-01-12,23.3,2020-07-28,20.7,2020-06-29,2020-08-27
9771C,LLEIDA,LLEIDA,186.0,2021,365,17,14,0,3,5,-5.9,2021-01-12,22.8,2021-08-12,20.0,2021-06-16,2021-09-14
9771C,LLEIDA,LLEIDA,186.0,2022,365,49,43,0,10,20,-5.4,2022-01-23,23.7,2022-08-13,21.6,2022-06-12,2022-09-12
9771C,LLEIDA,LLEIDA,186.0,2023,365,37,36,0,18,15,-4.0,2023-01-30,24.9,2023-07-19,22.0,2023-06-26,2023-09-04
9771C,LLEIDA,LLEIDA,186.0,2024,366,38,37,0,12,10,-2.6,2024-12-17,23.7,2024-07-19,21.6,2024-06-08,2024-09-01
9771C,LLEIDA,LLEIDA,186.0,2025,365,48,46,0,9,13,-5.6,2025-01-14,23.8,2025-08-11,21.3,2025-06-10,2025-09-13
9772X,LA POBLA DE CÉRVOLES,LLEIDA,673.0,2017,360,22,22,0,3,4,-6.7,2017-01-18,24.2,2017-08-03,20.1,2017-06-14,2017-08-25
9772X,LA POBLA DE CÉRVOLES,LLEIDA,673.0,2018,365,13,12,0,4,7,-4.3,2018-02-09,24.0,2018-08-06,19.5,2018-07-09,2018-09-03
9772X,LA POBLA DE CÉRVOLES,LLEIDA,673.0,2019,365,23,22,0,4,5,-3.9,2019-01-11,23.1,2019-06-27,20.2,2019-06-27,2019-09-01
9772X,LA POBLA DE CÉRVOLES,LLEIDA,673.0,2020,365,17,17,0,4,5,-2.4,2020-01-02,23.9,2020-07-31,19.9,2020-07-01,2020-08-26
9772X,LA POBLA DE CÉRVOLES,LLEIDA,673.0,2021,365,12,11,1,6,4,-4.5,2021-01-11,25.5,2021-08-14,19.5,2021-06-14,2021-09-07
9772X,LA POBLA DE CÉRVOLES,LLEIDA,673.0,2022,365,39,34,0,15,9,-4.6,2022-01-23,24.3,2022-07-13,21.3,2022-05-22,2022-09-12
9772X,LA POBLA DE CÉRVOLES,LLEIDA,673.0,2023,365,35,34,1,8,9,-5.5,2023-01-21,25.3,2023-07-11,21.1,2023-06-26,2023-09-04
9772X,LA POBLA DE CÉRVOLES,LLEIDA,673.0,2024,366,25,25,1,13,8,-6.2,2024-12-31,25.8,2024-07-20,20.8,2024-06-07,2024-08-24
9772X,LA POBLA DE CÉRVOLES,LLEIDA,673.0,2025,358,24,24,0,5,8,-4.2,2025-01-01,24.2,2025-06-24,20.6,2025-06-14,2025-08-25
9775X,EL SOLERÀS,LLEIDA,392.0,2017,365,25,25,0,2,5,-5.3,2017-01-18,22.7,2017-08-25,20.5,2017-06-14,2017-08-27
9775X,EL SOLERÀS,LLEIDA,392.0,2018,364,15,15,0,8,7,-4.4,2018-02-09,24.4,2018-08-07,19.6,2018-06-22,2018-08-12
9775X,EL SOLERÀS,LLEIDA,392.0,2019,365,26,25,0,6,7,-3.8,2019-01-03,23.1,2019-08-07,20.6,2019-06-18,2019-09-01
9775X,EL SOLERÀS,LLEIDA,392.0,2020,366,15,15,0,2,3,-5.2,2020-01-13,23.9,2020-08-08,19.8,2020-06-27,2020-08-27
9775X,EL SOLERÀS,LLEIDA,392.0,2021,363,14,13,1,4,5,-4.5,2021-01-06,25.9,2021-07-23,19.9,2021-06-27,2021-09-07
9775X,EL SOLERÀS,LLEIDA,392.0,2022,364,23,23,0,5,7,-4.7,2022-01-16,22.6,2022-08-13,20.3,2022-06-15,2022-08-15
9775X,EL SOLERÀS,LLEIDA,392.0,2023,358,24,23,1,7,6,-5.5,2023-01-23,25.8,2023-08-25,20.5,2023-06-26,2023-09-04
9775X,EL SOLERÀS,LLEIDA,392.0,2024,366,19,19,0,5,4,-3.1,2024-01-13,25.0,2024-07-20,20.1,2024-06-06,2024-08-31
9775X,EL SOLERÀS,LLEIDA,392.0,2025,365,19,18,0,3,4,-5.5,2025-01-14,22.8,2025-08-18,20.1,2025-06-10,2025-09-08
9776D,ELS TORMS,LLEIDA,495.0,2017,348,17,17,0,3,4,-5.9,2017-01-18,23.3,2017-08-03,20.0,2017-06-15,2017-08-27
9776D,ELS TORMS,LLEIDA,495.0,2018,346,12,12,0,4,8,-3.9,2018-02-09,24.2,2018-08-06,19.3,2018-07-27,2018-08-12
9776D,ELS TORMS,LLEIDA,495.0,2019,340,23,22,1,7,6,-6.2,2019-01-05,25.5,2019-06-29,20.5,2019-06-29,2019-09-01
9776D,ELS TORMS,LLEIDA,495.0,2020,358,13,12,0,3,4,-2.9,2020-01-13,23.5,2020-08-08,19.5,2020-07-24,2020-09-15
9776D,ELS TORMS,LLEIDA,495.0,2022,359,34,32,0,10,9,-3.0,2022-01-22,24.5,2022-08-13,21.3,2022-05-22,2022-09-12
9776D,ELS TORMS,LLEIDA,495.0,2023,361,29,28,2,7,9,-4.3,2023-01-23,25.8,2023-08-22,21.1,2023-06-26,2023-09-04
9776D,ELS TORMS,LLEIDA,495.0,2024,359,25,25,2,7,8,-2.9,2024-12-31,26.9,2024-07-31,20.8,2024-06-07,2024-08-31
9784P,BIELSA,HUESCA,992.0,2017,365,0,0,0,0,0,-12.5,2017-01-18,15.9,2017-08-07,14.2,,
9784P,BIELSA,HUESCA,992.0,2018,364,0,0,0,0,0,-8.9,2018-02-27,15.7,2018-07-14,13.2,,
9784P,BIELSA,HUESCA,992.0,2019,364,0,0,0,0,0,-5.2,2019-11-16,18.3,2019-08-10,14.2,,
9784P,BIELSA,HUESCA,992.0,2020,364,0,0,0,0,0,-5.1,2020-12-31,16.3,2020-07-22,13.8,,
9784P,BIELSA,HUESCA,992.0,2021,363,0,0,0,0,0,-10.0,2021-01-06,15.7,2021-08-12,12.5,,
9784P,BIELSA,HUESCA,992.0,2022,363,0,0,0,0,0,-5.9,2022-01-15,16.8,2022-07-23,14.7,,
9784P,BIELSA,HUESCA,992.0,2023,365,0,0,0,0,0,-7.9,2023-01-24,17.0,2023-07-15,14.4,,
9784P,BIELSA,HUESCA,992.0,2024,366,0,0,0,0,0,-5.5,2024-01-09,16.8,2024-08-07,14.3,,
9784P,BIELSA,HUESCA,992.0,2025,365,0,0,0,0,0,-4.9,2025-01-14,16.6,2025-07-11,13.9,,
9808X,"AÍNSA-SOBRARBE, LA SERRETA",HUESCA,610.0,2017,354,3,3,0,0,1,-7.7,2017-01-18,20.3,2017-06-23,18.1,2017-06-23,2017-08-04
9808X,"AÍNSA-SOBRARBE, LA SERRETA",HUESCA,610.0,2018,362,1,1,0,0,1,-6.1,2018-02-09,20.2,2018-08-05,17.4,2018-08-05,2018-08-05
9808X,"AÍNSA-SOBRARBE, LA SERRETA",HUESCA,610.0,2019,365,1,1,0,0,1,-6.1,2019-01-19,21.1,2019-08-11,18.6,2019-08-11,2019-08-11
9808X,"AÍNSA-SOBRARBE, LA SERRETA",HUESCA,610.0,2020,365,4,4,0,0,1,-4.7,2020-01-13,20.3,2020-07-22,18.1,2020-06-30,2020-08-08
9808X,"AÍNSA-SOBRARBE, LA SERRETA",HUESCA,610.0,2021,365,3,3,0,0,2,-8.4,2021-01-08,20.4,2021-08-14,17.4,2021-08-12,2021-08-15
9808X,"AÍNSA-SOBRARBE, LA SERRETA",HUESCA,610.0,2022,365,10,10,0,1,4,-6.4,2022-01-16,22.1,2022-06-17,19.1,2022-06-17,2022-08-13
9808X,"AÍNSA-SOBRARBE, LA SERRETA",HUESCA,610.0,2023,365,10,10,0,1,3,-6.0,2023-01-21,22.4,2023-08-21,18.8,2023-07-11,2023-08-25
9808X,"AÍNSA-SOBRARBE, LA SERRETA",HUESCA,610.0,2024,366,6,6,0,1,2,-4.2,2024-01-09,22.2,2024-07-30,18.7,2024-07-19,2024-08-11
9808X,"AÍNSA-SOBRARBE, LA SERRETA",HUESCA,610.0,2025,364,1,1,0,0,1,-6.2,2025-01-14,20.8,2025-07-18,18.2,2025-07-18,2025-07-18
9812M,"PARADOR DE ORDESA, PARQUE NACIONAL ORDESA Y MONTEPERDIDO",HUESCA,1206.0,2023,333,0,0,0,0,0,-7.3,2023-02-27,19.6,2023-08-21,15.9,,
9812M,"PARADOR DE ORDESA, PARQUE NACIONAL ORDESA Y MONTEPERDIDO",HUESCA,1206.0,2024,363,0,0,0,0,0,-4.2,2024-01-09,19.0,2024-08-10,15.9,,
9812M,"PARADOR DE ORDESA, PARQUE NACIONAL ORDESA Y MONTEPERDIDO",HUESCA,1206.0,2025,355,0,0,0,0,0,-3.9,2025-02-09,19.3,2025-08-17,15.8,,
9814I,"TORLA-ORDESA, EL CEBOLLAR",HUESCA,1905.0,2020,365,0,0,0,0,0,-9.8,2020-12-25,17.3,2020-07-31,14.0,,
9814I,"TORLA-ORDESA, EL CEBOLLAR",HUESCA,1905.0,2021,365,0,0,0,0,0,-10.8,2021-01-02,19.1,2021-08-13,12.8,,
9814I,"TORLA-ORDESA, EL CEBOLLAR",HUESCA,1905.0,2022,365,0,0,0,0,0,-10.4,2022-04-02,18.9,2022-07-17,15.4,,
9814I,"TORLA-ORDESA, EL CEBOLLAR",HUESCA,1905.0,2023,364,0,0,0,0,0,-13.8,2023-02-27,18.9,2023-08-24,14.6,,
9814I,"TORLA-ORDESA, EL CEBOLLAR",HUESCA,1905.0,2024,365,0,0,0,0,0,-8.2,2024-01-08,18.8,2024-08-01,15.3,,
9814I,"TORLA-ORDESA, EL CEBOLLAR",HUESCA,1905.0,2025,365,0,0,0,0,0,-10.0,2025-11-21,19.1,2025-08-17,14.9,,
9814X,TORLA - ORDESA,HUESCA,1076.0,2017,328,0,0,0,0,0,-10.3,2017-01-18,17.8,2017-07-30,15.5,,
9814X,TORLA - ORDESA,HUESCA,1076.0,2018,365,0,0,0,0,0,-7.4,2018-02-13,17.7,2018-08-05,14.7,,
9814X,TORLA - ORDESA,HUESCA,1076.0,2019,361,0,0,0,0,0,-5.5,2019-11-16,18.7,2019-06-29,16.4,,
9814X,TORLA - ORDESA,HUESCA,1076.0,2020,366,0,0,0,0,0,-4.4,2020-12-05,17.8,2020-08-01,15.2,,
9814X,TORLA - ORDESA,HUESCA,1076.0,2021,362,0,0,0,0,0,-8.6,2021-01-06,18.5,2021-08-13,14.0,,
9814X,TORLA - ORDESA,HUESCA,1076.0,2022,359,0,0,0,0,0,-5.2,2022-04-04,19.7,2022-06-17,16.3,,
9814X,TORLA - ORDESA,HUESCA,1076.0,2023,365,0,0,0,0,0,-7.5,2023-01-21,19.2,2023-08-21,16.1,,
9814X,TORLA - ORDESA,HUESCA,1076.0,2024,366,0,0,0,0,0,-4.4,2024-01-11,19.3,2024-07-30,16.2,,
9814X,TORLA - ORDESA,HUESCA,1076.0,2025,365,0,0,0,0,0,-3.4,2025-03-17,18.7,2025-08-17,15.9,,
9838B,BENASQUE,HUESCA,1120.0,2017,364,0,0,0,0,0,-17.3,2017-01-18,15.7,2017-06-25,12.9,,
9838B,BENASQUE,HUESCA,1120.0,2018,365,0,0,0,0,0,-13.5,2018-02-09,15.0,2018-06-26,11.9,,
9838B,BENASQUE,HUESCA,1120.0,2019,365,0,0,0,0,0,-9.5,2019-11-16,17.6,2019-08-10,12.9,,
9838B,BENASQUE,HUESCA,1120.0,2020,366,0,0,0,0,0,-10.2,2020-12-31,15.5,2020-06-30,12.0,,
9838B,BENASQUE,HUESCA,1120.0,2021,365,0,0,0,0,0,-13.8,2021-01-08,14.6,2021-07-28,11.1,,
9838B,BENASQUE,HUESCA,1120.0,2022,365,0,0,0,0,0,-8.6,2022-01-15,16.3,2022-07-07,12.7,,
9838B,BENASQUE,HUESCA,1120.0,2023,362,0,0,0,0,0,-10.9,2023-01-24,15.8,2023-07-15,13.0,,
9838B,BENASQUE,HUESCA,1120.0,2024,366,0,0,0,0,0,-9.9,2024-01-09,14.9,2024-08-07,12.9,,
9838B,BENASQUE,HUESCA,1120.0,2025,364,0,0,0,0,0,-7.7,2025-01-14,15.1,2025-07-28,12.3,,
9839V,"CERLER, COGULLA",HUESCA,2374.0,2020,366,0,0,0,0,0,-13.7,2020-12-26,15.1,2020-07-31,11.7,,
9839V,"CERLER, COGULLA",HUESCA,2374.0,2021,365,0,0,0,0,0,-13.1,2021-01-03,15.5,2021-08-15,10.6,,
9839V,"CERLER, COGULLA",HUESCA,2374.0,2022,365,0,0,0,0,0,-14.8,2022-04-01,16.0,2022-07-16,12.4,,
9839V,"CERLER, COGULLA",HUESCA,2374.0,2023,365,0,0,0,0,0,-17.7,2023-02-27,16.3,2023-08-23,12.6,,
9839V,"CERLER, COGULLA",HUESCA,2374.0,2024,366,0,0,0,0,0,-11.6,2024-01-07,15.3,2024-07-29,12.5,,
9839V,"CERLER, COGULLA",HUESCA,2374.0,2025,365,0,0,0,0,0,-14.0,2025-11-21,17.1,2025-08-10,12.8,,
9843A,SEIRA,HUESCA,825.0,2017,358,0,0,0,0,0,-10.3,2017-01-18,18.0,2017-08-23,15.8,,
9843A,SEIRA,HUESCA,825.0,2018,365,0,0,0,0,0,-8.6,2018-02-09,16.9,2018-07-13,14.8,,
9843A,SEIRA,HUESCA,825.0,2019,365,0,0,0,0,0,-5.5,2019-01-19,18.9,2019-08-10,16.2,,
9843A,SEIRA,HUESCA,825.0,2020,364,0,0,0,0,0,-4.8,2020-12-05,18.2,2020-06-30,15.4,,
9843A,SEIRA,HUESCA,825.0,2021,365,0,0,0,0,0,-9.3,2021-01-08,17.6,2021-08-12,14.7,,
9843A,SEIRA,HUESCA,825.0,2022,365,0,0,0,0,0,-5.9,2022-01-22,18.3,2022-07-30,16.1,,
9843A,SEIRA,HUESCA,825.0,2023,365,0,0,0,0,0,-7.3,2023-01-21,18.6,2023-07-18,16.5,,
9843A,SEIRA,HUESCA,825.0,2024,366,0,0,0,0,0,-5.5,2024-01-09,19.0,2024-08-07,16.1,,
9843A,SEIRA,HUESCA,825.0,2025,364,0,0,0,0,0,-6.1,2025-01-15,17.8,2025-07-11,15.5,,
9855E,"CAPELLA, LAGUARRES",HUESCA,600.0,2017,364,3,3,0,0,1,-8.9,2017-01-18,20.5,2017-06-23,18.0,2017-06-23,2017-08-05
9855E,"CAPELLA, LAGUARRES",HUESCA,600.0,2018,360,2,2,0,0,1,-7.3,2018-02-08,20.2,2018-08-05,16.8,2018-08-03,2018-08-05
9855E,"CAPELLA, LAGUARRES",HUESCA,600.0,2019,365,2,2,0,0,1,-7.5,2019-01-11,20.4,2019-08-11,17.5,2019-07-08,2019-08-11
9855E,"CAPELLA, LAGUARRES",HUESCA,600.0,2020,366,1,1,0,0,1,-6.6,2020-12-27,20.3,2020-06-30,17.5,2020-06-30,2020-06-30
9855E,"CAPELLA, LAGUARRES",HUESCA,600.0,2021,365,0,0,0,0,0,-10.3,2021-01-14,20.0,2021-08-12,16.4,,
9855E,"CAPELLA, LAGUARRES",HUESCA,600.0,2022,365,4,4,0,0,1,-7.7,2022-01-16,21.4,2022-06-18,18.7,2022-06-18,2022-08-13
9855E,"CAPELLA, LAGUARRES",HUESCA,600.0,2023,365,8,8,0,0,2,-7.3,2023-01-21,22.0,2023-07-19,18.6,2023-07-11,2023-08-25
9855E,"CAPELLA, LAGUARRES",HUESCA,600.0,2024,366,7,7,0,0,3,-6.1,2024-12-31,21.8,2024-08-10,18.3,2024-07-19,2024-08-11
9855E,"CAPELLA, LAGUARRES",HUESCA,600.0,2025,357,1,1,0,0,1,-8.1,2025-01-14,20.6,2025-07-18,17.8,2025-07-18,2025-07-18
9866C,BARBASTRO,HUESCA,305.0,2017,363,3,3,0,0,1,-9.4,2017-01-18,21.0,2017-06-25,18.7,2017-06-22,2017-08-03
9866C,BARBASTRO,HUESCA,305.0,2018,362,5,5,0,0,3,-6.4,2018-02-08,21.3,2018-08-08,18.2,2018-08-07,2018-08-22
9866C,BARBASTRO,HUESCA,305.0,2019,364,4,4,0,0,1,-7.5,2019-01-11,21.0,2019-08-07,18.0,2019-07-08,2019-08-11
9866C,BARBASTRO,HUESCA,305.0,2020,356,5,5,0,1,2,-5.5,2020-12-27,22.2,2020-08-09,18.6,2020-06-30,2020-08-09
9866C,BARBASTRO,HUESCA,305.0,2021,365,3,3,0,2,1,-7.8,2021-01-06,22.6,2021-08-12,17.9,2021-07-21,2021-08-15
9866C,BARBASTRO,HUESCA,305.0,2022,363,13,13,0,3,7,-7.5,2022-01-16,22.6,2022-08-07,19.5,2022-06-17,2022-08-13
9866C,BARBASTRO,HUESCA,305.0,2023,365,15,15,0,5,7,-6.9,2023-01-30,23.4,2023-08-22,19.3,2023-07-06,2023-08-26
9866C,BARBASTRO,HUESCA,305.0,2024,362,5,5,0,1,1,-5.1,2024-01-08,23.1,2024-07-30,18.7,2024-07-19,2024-08-10
9866C,BARBASTRO,HUESCA,305.0,2025,365,21,21,0,2,6,-7.2,2025-01-13,23.1,2025-07-01,20.3,2025-06-10,2025-08-26
9894Y,SARIÑENA,HUESCA,300.0,2017,361,7,7,0,0,2,-7.6,2017-01-19,21.9,2017-08-07,19.5,2017-06-19,2017-08-07
9894Y,SARIÑENA,HUESCA,300.0,2018,364,8,8,0,1,3,-5.4,2018-02-09,22.4,2018-08-07,19.2,2018-07-09,2018-08-28
9894Y,SARIÑENA,HUESCA,300.0,2019,365,13,13,0,0,3,-5.3,2019-01-11,21.1,2019-08-07,19.3,2019-07-03,2019-08-18
9894Y,SARIÑENA,HUESCA,300.0,2020,365,10,10,0,1,4,-4.0,2020-01-15,22.5,2020-08-09,19.3,2020-06-28,2020-08-11
9894Y,SARIÑENA,HUESCA,300.0,2021,364,8,7,0,0,2,-8.1,2021-01-11,21.0,2021-08-12,18.9,2021-06-16,2021-09-07
9894Y,SARIÑENA,HUESCA,300.0,2022,363,26,24,0,2,5,-5.9,2022-01-22,22.2,2022-08-09,20.6,2022-06-15,2022-09-05
9894Y,SARIÑENA,HUESCA,300.0,2023,365,22,21,0,1,6,-5.4,2023-03-01,22.2,2023-07-18,20.3,2023-07-09,2023-09-04
9894Y,SARIÑENA,HUESCA,300.0,2024,366,15,15,0,1,5,-3.7,2024-01-12,22.4,2024-07-30,19.8,2024-07-11,2024-08-28
9894Y,SARIÑENA,HUESCA,300.0,2025,360,14,14,0,1,3,-6.9,2025-01-14,22.5,2025-07-01,19.7,2025-06-22,2025-08-25
9898,"HUESCA, AEROPUERTO",HUESCA,546.0,2017,365,12,12,0,3,3,-6.9,2017-01-18,23.0,2017-08-04,19.6,2017-06-15,2017-08-25
9898,"HUESCA, AEROPUERTO",HUESCA,546.0,2018,365,9,9,0,1,7,-5.3,2018-02-27,22.9,2018-08-04,18.9,2018-07-30,2018-08-08
9898,"HUESCA, AEROPUERTO",HUESCA,546.0,2019,365,16,16,0,4,5,-5.8,2019-01-03,24.9,2019-06-29,19.9,2019-06-27,2019-08-09
9898,"HUESCA, AEROPUERTO",HUESCA,546.0,2020,366,12,12,0,3,5,-3.7,2020-12-27,23.0,2020-08-09,19.1,2020-07-28,2020-08-27
9898,"HUESCA, AEROPUERTO",HUESCA,546.0,2021,365,4,4,0,2,2,-7.4,2021-01-12,22.7,2021-07-23,18.5,2021-07-22,2021-08-14
9898,"HUESCA, AEROPUERTO",HUESCA,546.0,2022,365,28,27,0,7,8,-5.0,2022-01-22,24.0,2022-06-17,20.7,2022-06-13,2022-09-05
9898,"HUESCA, AEROPUERTO",HUESCA,546.0,2023,365,21,20,1,7,8,-6.2,2023-03-01,25.2,2023-08-22,20.2,2023-07-09,2023-09-04
9898,"HUESCA, AEROPUERTO",HUESCA,546.0,2024,366,16,16,0,3,7,-3.5,2024-01-20,24.6,2024-07-31,19.8,2024-07-11,2024-08-11
9898,"HUESCA, AEROPUERTO",HUESCA,546.0,2025,365,25,25,1,7,10,-5.2,2025-01-13,25.1,2025-08-17,20.6,2025-06-20,2025-08-26
9901X,HUESCA,HUESCA,463.0,2017,365,30,30,0,8,9,-7.0,2017-01-18,22.8,2017-08-02,21.0,2017-06-13,2017-08-26
9901X,HUESCA,HUESCA,463.0,2018,365,21,21,0,6,11,-4.3,2018-02-27,23.3,2018-08-04,20.2,2018-06-27,2018-08-28
9901X,HUESCA,HUESCA,463.0,2019,363,29,29,0,12,7,-5.4,2019-01-04,23.5,2019-07-25,21.3,2019-06-24,2019-08-25
9901X,HUESCA,HUESCA,463.0,2020,366,28,26,0,7,7,-4.3,2020-01-14,24.0,2020-08-09,20.7,2020-06-28,2020-09-17
9901X,HUESCA,HUESCA,463.0,2021,365,13,11,0,3,2,-7.6,2021-01-12,23.3,2021-07-23,19.8,2021-06-13,2021-09-07
9901X,HUESCA,HUESCA,463.0,2022,365,44,39,1,19,12,-5.0,2022-01-22,25.4,2022-06-17,22.1,2022-06-14,2022-09-12
9901X,HUESCA,HUESCA,463.0,2023,365,29,27,1,12,9,-4.8,2023-01-21,25.2,2023-08-24,21.1,2023-07-09,2023-09-06
9901X,HUESCA,HUESCA,463.0,2024,366,30,30,0,13,8,-3.1,2024-12-31,24.7,2024-07-30,21.4,2024-06-07,2024-08-29
9901X,HUESCA,HUESCA,463.0,2025,362,43,42,0,23,12,-4.7,2025-01-14,24.4,2025-08-11,22.3,2025-06-11,2025-09-07
9908X,LANAJA,HUESCA,380.0,2017,365,11,11,0,0,3,-5.9,2017-01-19,22.0,2017-08-03,19.3,2017-06-15,2017-08-07
9908X,LANAJA,HUESCA,380.0,2018,357,13,12,0,1,7,-5.1,2018-02-27,22.4,2018-08-06,19.4,2018-07-09,2018-09-03
9908X,LANAJA,HUESCA,380.0,2019,364,21,21,0,3,6,-5.4,2019-01-05,24.3,2019-06-29,20.2,2019-06-27,2019-08-31
9908X,LANAJA,HUESCA,380.0,2020,363,11,11,0,2,5,-5.3,2020-01-13,23.1,2020-08-09,19.1,2020-07-09,2020-08-11
9908X,LANAJA,HUESCA,380.0,2021,361,5,5,0,0,2,-7.3,2021-01-12,21.2,2021-07-22,18.6,2021-06-15,2021-08-12
9908X,LANAJA,HUESCA,380.0,2022,359,34,32,0,13,9,-3.7,2022-01-22,24.5,2022-06-17,21.1,2022-06-13,2022-09-05
9908X,LANAJA,HUESCA,380.0,2023,365,23,22,1,7,10,-5.5,2023-12-27,25.2,2023-08-24,20.9,2023-07-09,2023-09-04
9908X,LANAJA,HUESCA,380.0,2024,365,19,19,0,3,7,-2.5,2024-01-12,23.6,2024-07-30,20.0,2024-07-11,2024-08-28
9908X,LANAJA,HUESCA,380.0,2025,357,31,31,0,7,11,-4.3,2025-01-14,24.0,2025-08-11,21.0,2025-06-17,2025-08-26
9911X,BALLOBAR,HUESCA,178.0,2017,358,22,22,0,3,9,-6.2,2017-01-18,22.9,2017-08-05,20.3,2017-06-16,2017-08-25
9911X,BALLOBAR,HUESCA,178.0,2018,363,19,18,0,3,9,-4.3,2018-02-24,23.1,2018-08-04,20.1,2018-06-22,2018-09-02
9911X,BALLOBAR,HUESCA,178.0,2019,364,21,20,0,4,6,-3.9,2019-01-07,23.0,2019-07-26,20.2,2019-06-26,2019-09-01
9911X,BALLOBAR,HUESCA,178.0,2020,364,23,23,0,2,6,-3.6,2020-12-27,22.4,2020-08-08,20.4,2020-06-28,2020-08-28
9911X,BALLOBAR,HUESCA,178.0,2021,365,13,9,0,2,2,-6.8,2021-01-12,22.7,2021-08-12,19.8,2021-06-15,2021-09-14
9911X,BALLOBAR,HUESCA,178.0,2022,356,32,29,0,2,6,-6.1,2022-01-16,23.1,2022-08-09,20.6,2022-06-12,2022-09-12
9911X,BALLOBAR,HUESCA,178.0,2023,365,31,30,0,18,9,-5.4,2023-01-29,23.9,2023-07-17,21.7,2023-06-26,2023-09-04
9911X,BALLOBAR,HUESCA,178.0,2024,366,32,31,0,7,6,-3.6,2024-12-17,23.6,2024-07-30,20.8,2024-06-18,2024-09-01
9911X,BALLOBAR,HUESCA,178.0,2025,353,38,35,0,9,9,-6.3,2025-01-13,23.1,2025-07-11,21.0,2025-06-11,2025-09-13
9918Y,"TAMARITE DE LITERA, LA MELUSA",HUESCA,218.0,2017,365,6,6,0,0,1,-8.7,2017-01-18,20.9,2017-08-07,18.7,2017-06-23,2017-08-07
9918Y,"TAMARITE DE LITERA, LA MELUSA",HUESCA,218.0,2018,365,4,4,0,0,2,-6.0,2018-02-09,21.2,2018-08-08,18.4,2018-07-24,2018-08-08
9918Y,"TAMARITE DE LITERA, LA MELUSA",HUESCA,218.0,2019,363,6,6,0,1,2,-7.0,2019-01-11,22.9,2019-08-07,18.4,2019-07-20,2019-08-18
9918Y,"TAMARITE DE LITERA, LA MELUSA",HUESCA,218.0,2020,366,8,8,0,0,2,-4.0,2020-12-27,21.3,2020-07-28,18.7,2020-06-30,2020-08-27
9918Y,"TAMARITE DE LITERA, LA MELUSA",HUESCA,218.0,2021,365,3,1,0,0,1,-6.8,2021-01-06,21.5,2021-09-07,18.6,2021-08-12,2021-09-09
9918Y,"TAMARITE DE LITERA, LA MELUSA",HUESCA,218.0,2022,365,11,9,0,0,2,-7.3,2022-01-15,21.9,2022-09-05,19.5,2022-06-20,2022-09-05
9918Y,"TAMARITE DE LITERA, LA MELUSA",HUESCA,218.0,2023,365,22,22,0,4,3,-6.5,2023-01-30,23.3,2023-07-19,20.5,2023-07-05,2023-08-26
9918Y,"TAMARITE DE LITERA, LA MELUSA",HUESCA,218.0,2024,365,12,11,0,1,2,-4.7,2024-12-21,22.2,2024-07-31,19.6,2024-07-09,2024-09-01
9918Y,"TAMARITE DE LITERA, LA MELUSA",HUESCA,218.0,2025,365,14,13,0,0,3,-7.7,2025-01-14,22.0,2025-07-11,19.7,2025-06-21,2025-09-08
9924X,FRAGA,HUESCA,170.0,2017,365,36,36,0,8,9,-5.3,2017-12-04,23.8,2017-08-05,21.3,2017-06-16,2017-08-27
9924X,FRAGA,HUESCA,170.0,2018,365,38,36,0,8,17,-3.4,2018-02-09,24.5,2018-08-04,20.9,2018-06-22,2018-09-03
9924X,FRAGA,HUESCA,170.0,2019,365,34,33,0,11,9,-3.8,2019-01-07,23.8,2019-08-11,21.6,2019-06-26,2019-09-01
9924X,FRAGA,HUESCA,170.0,2020,363,37,36,0,10,8,-2.7,2020-12-27,23.8,2020-07-28,21.2,2020-06-28,2020-09-18
9924X,FRAGA,HUESCA,170.0,2021,365,32,25,0,5,5,-5.7,2021-01-12,23.8,2021-08-12,21.0,2021-06-15,2021-09-14
9924X,FRAGA,HUESCA,170.0,2022,365,55,48,0,20,20,-5.6,2022-01-15,24.2,2022-08-09,22.1,2022-05-23,2022-09-12
9924X,FRAGA,HUESCA,170.0,2023,364,43,41,0,24,18,-3.7,2023-01-29,24.5,2023-07-19,22.7,2023-06-25,2023-09-05
9924X,FRAGA,HUESCA,170.0,2024,364,43,41,0,17,8,-2.7,2024-12-17,24.5,2024-07-20,22.0,2024-06-07,2024-09-07
9924X,FRAGA,HUESCA,170.0,2025,351,52,48,0,14,13,-5.5,2025-01-15,24.2,2025-07-18,21.9,2025-06-10,2025-09-17
9935X,VALDERROBRES,TERUEL,483.0,2017,364,0,0,0,0,0,-8.6,2017-01-18,19.8,2017-07-18,18.0,,
9935X,VALDERROBRES,TERUEL,483.0,2018,364,1,1,0,0,1,-6.4,2018-02-09,20.6,2018-08-07,16.8,2018-08-07,2018-08-07
9935X,VALDERROBRES,TERUEL,483.0,2019,364,2,2,0,0,1,-6.3,2019-01-04,20.4,2019-08-07,17.3,2019-07-01,2019-08-07
9935X,VALDERROBRES,TERUEL,483.0,2020,366,1,1,0,1,1,-5.9,2020-01-13,22.1,2020-07-28,16.4,2020-07-28,2020-07-28
9935X,VALDERROBRES,TERUEL,483.0,2021,363,2,2,0,0,1,-9.7,2021-01-12,20.4,2021-08-14,16.6,2021-07-23,2021-08-14
9935X,VALDERROBRES,TERUEL,483.0,2022,365,2,2,0,0,1,-7.5,2022-01-14,21.1,2022-06-19,17.7,2022-06-19,2022-08-07
9935X,VALDERROBRES,TERUEL,483.0,2023,365,3,3,0,0,1,-6.8,2023-01-30,21.7,2023-07-19,17.6,2023-07-15,2023-07-24
9935X,VALDERROBRES,TERUEL,483.0,2024,365,4,4,0,0,2,-5.4,2024-01-12,22.0,2024-07-19,18.0,2024-07-19,2024-07-31
9935X,VALDERROBRES,TERUEL,483.0,2025,365,1,1,0,0,1,-7.9,2025-01-14,20.5,2025-08-11,17.5,2025-08-11,2025-08-11
9946X,HORTA DE SANT JOAN,TARRAGONA,495.0,2017,365,14,14,0,4,3,-4.4,2017-01-18,22.8,2017-08-25,19.8,2017-06-16,2017-08-26
9946X,HORTA DE SANT JOAN,TARRAGONA,495.0,2018,360,7,7,0,3,6,-3.7,2018-02-09,23.2,2018-08-07,19.0,2018-07-28,2018-08-07
9946X,HORTA DE SANT JOAN,TARRAGONA,495.0,2019,365,18,18,0,1,5,-2.6,2019-01-05,22.9,2019-07-20,19.9,2019-06-26,2019-08-18
9946X,HORTA DE SANT JOAN,TARRAGONA,495.0,2022,330,19,19,1,4,4,-3.2,2022-01-22,25.8,2022-08-13,20.2,2022-06-17,2022-08-31
9946X,HORTA DE SANT JOAN,TARRAGONA,495.0,2023,364,29,27,0,9,6,-3.0,2023-02-12,24.1,2023-08-14,20.9,2023-06-26,2023-09-05
9946X,HORTA DE SANT JOAN,TARRAGONA,495.0,2024,366,19,19,0,3,4,-2.1,2024-01-12,22.7,2024-07-31,20.1,2024-06-08,2024-08-29
9946X,HORTA DE SANT JOAN,TARRAGONA,495.0,2025,348,25,25,0,5,9,-3.9,2025-01-14,23.7,2025-08-11,20.5,2025-06-20,2025-08-27
9947X,LA POBLA DE MASSALUCA,TARRAGONA,370.0,2017,361,34,34,0,3,6,-3.8,2017-01-18,24.1,2017-08-03,21.0,2017-06-14,2017-08-27
9947X,LA POBLA DE MASSALUCA,TARRAGONA,370.0,2018,364,31,29,0,7,16,-2.1,2018-02-27,24.2,2018-08-06,20.6,2018-06-22,2018-09-23
9947X,LA POBLA DE MASSALUCA,TARRAGONA,370.0,2019,365,33,33,0,13,9,-3.6,2019-01-05,24.2,2019-06-29,21.5,2019-06-27,2019-08-31
9947X,LA POBLA DE MASSALUCA,TARRAGONA,370.0,2020,365,29,28,0,9,7,-4.6,2020-01-13,24.0,2020-07-28,20.9,2020-06-28,2020-09-14
9947X,LA POBLA DE MASSALUCA,TARRAGONA,370.0,2021,360,29,23,0,5,5,-3.6,2021-01-07,23.5,2021-07-23,20.8,2021-06-14,2021-09-14
9947X,LA POBLA DE MASSALUCA,TARRAGONA,370.0,2022,356,45,38,1,16,13,-2.8,2022-01-23,25.2,2022-08-13,21.9,2022-06-13,2022-09-12
9947X,LA POBLA DE MASSALUCA,TARRAGONA,370.0,2023,364,38,36,2,21,18,-4.9,2023-12-28,26.5,2023-08-24,22.1,2023-06-25,2023-09-05
9947X,LA POBLA DE MASSALUCA,TARRAGONA,370.0,2024,364,38,37,0,15,11,-1.1,2024-01-13,24.5,2024-07-31,21.8,2024-06-08,2024-09-07
9947X,LA POBLA DE MASSALUCA,TARRAGONA,370.0,2025,357,49,41,2,18,13,-2.1,2025-01-15,26.1,2025-08-11,22.0,2025-05-31,2025-09-19
9961X,CABACÉS,TARRAGONA,363.0,2017,365,41,41,0,17,9,-4.1,2017-01-18,24.9,2017-06-14,21.8,2017-06-14,2017-08-27
9961X,CABACÉS,TARRAGONA,363.0,2018,359,33,31,1,12,17,-3.2,2018-02-13,25.3,2018-08-07,21.2,2018-06-22,2018-09-03
9961X,CABACÉS,TARRAGONA,363.0,2019,363,34,33,2,16,9,-4.1,2019-01-05,27.2,2019-06-30,21.6,2019-06-18,2019-09-01
9961X,CABACÉS,TARRAGONA,363.0,2020,366,33,30,2,14,5,-3.4,2020-01-13,25.2,2020-08-10,21.6,2020-06-23,2020-09-18
9961X,CABACÉS,TARRAGONA,363.0,2021,365,30,23,2,10,5,-3.3,2021-01-11,26.5,2021-07-23,21.0,2021-06-16,2021-09-13
9961X,CABACÉS,TARRAGONA,363.0,2022,365,59,50,3,38,20,-3.0,2022-01-15,26.2,2022-08-03,23.1,2022-05-19,2022-09-12
9961X,CABACÉS,TARRAGONA,363.0,2023,365,50,42,2,25,19,-4.0,2023-12-27,26.4,2023-07-11,23.1,2023-06-17,2023-10-03
9961X,CABACÉS,TARRAGONA,363.0,2024,366,42,41,2,23,9,-1.8,2024-12-31,28.3,2024-07-31,22.5,2024-06-06,2024-09-07
9961X,CABACÉS,TARRAGONA,363.0,2025,363,57,48,2,17,13,-3.2,2025-01-14,25.6,2025-06-24,22.0,2025-06-10,2025-09-20
9975X,RASQUERA,TARRAGONA,112.0,2017,364,43,42,0,20,7,-4.1,2017-01-07,24.3,2017-07-31,22.1,2017-06-14,2017-09-06
9975X,RASQUERA,TARRAGONA,112.0,2018,364,41,39,1,16,17,-2.5,2018-02-09,25.3,2018-08-07,21.6,2018-06-24,2018-09-05
9975X,RASQUERA,TARRAGONA,112.0,2020,366,32,32,0,12,5,-2.3,2020-01-12,24.1,2020-07-28,21.1,2020-06-27,2020-08-28
9975X,RASQUERA,TARRAGONA,112.0,2021,365,30,23,0,8,6,-2.1,2021-01-06,23.3,2021-09-07,20.7,2021-06-27,2021-09-13
9975X,RASQUERA,TARRAGONA,112.0,2022,343,42,36,0,22,19,-5.3,2022-01-14,24.9,2022-07-24,22.5,2022-06-08,2022-10-17
9975X,RASQUERA,TARRAGONA,112.0,2023,344,56,48,0,28,19,-4.5,2023-02-11,25.0,2023-08-16,23.4,2023-06-17,2023-10-06
9975X,RASQUERA,TARRAGONA,112.0,2024,326,42,40,1,14,9,-2.5,2024-01-13,25.4,2024-08-23,21.6,2024-06-07,2024-09-08
9975X,RASQUERA,TARRAGONA,112.0,2025,365,57,46,0,19,10,-5.7,2025-01-15,24.3,2025-07-11,22.1,2025-06-09,2025-09-20
9981A,ESTACIÓN DE TORTOSA (ROQUETES),TARRAGONA,50.0,2017,365,61,57,1,31,15,-0.8,2017-01-07,25.5,2017-08-05,22.8,2017-06-14,2017-09-14
9981A,ESTACIÓN DE TORTOSA (ROQUETES),TARRAGONA,50.0,2018,365,71,63,1,23,16,0.0,2018-02-09,26.8,2018-08-05,22.8,2018-06-12,2018-09-26
9981A,ESTACIÓN DE TORTOSA (ROQUETES),TARRAGONA,50.0,2019,365,53,48,1,25,18,-0.1,2019-02-17,25.3,2019-08-10,22.3,2019-06-25,2019-10-01
9981A,ESTACIÓN DE TORTOSA (ROQUETES),TARRAGONA,50.0,2020,366,57,54,0,20,12,-0.9,2020-01-13,24.7,2020-07-28,22.1,2020-06-27,2020-09-20
9981A,ESTACIÓN DE TORTOSA (ROQUETES),TARRAGONA,50.0,2021,365,52,43,0,14,8,0.6,2021-01-09,24.0,2021-08-14,21.8,2021-06-09,2021-09-14
9981A,ESTACIÓN DE TORTOSA (ROQUETES),TARRAGONA,50.0,2022,365,81,69,2,39,39,-0.2,2022-01-16,25.7,2022-08-14,23.3,2022-06-02,2022-10-17
9981A,ESTACIÓN DE TORTOSA (ROQUETES),TARRAGONA,50.0,2023,365,73,64,3,43,27,-0.6,2023-02-12,25.6,2023-07-24,23.7,2023-06-15,2023-10-04
9981A,ESTACIÓN DE TORTOSA (ROQUETES),TARRAGONA,50.0,2024,366,63,59,1,40,27,0.6,2024-01-13,25.4,2024-08-23,23.0,2024-06-08,2024-09-10
9981A,ESTACIÓN DE TORTOSA (ROQUETES),TARRAGONA,50.0,2025,365,87,76,3,38,28,-1.7,2025-01-15,25.7,2025-07-03,23.1,2025-06-02,2025-09-19
9987P,SANT JAUME D'ENVEJA,TARRAGONA,1.0,2017,304,77,70,1,51,19,1.5,2017-01-07,25.3,2017-08-01,23.5,2017-06-02,2017-10-15
9987P,SANT JAUME D'ENVEJA,TARRAGONA,1.0,2018,331,79,67,3,49,25,1.5,2018-02-24,25.7,2018-08-06,23.4,2018-06-09,2018-09-15
9987P,SANT JAUME D'ENVEJA,TARRAGONA,1.0,2019,300,71,66,1,37,35,2.1,2019-01-12,25.2,2019-08-11,23.7,2019-06-20,2019-10-13
9988B,CAP DE VAQUÈIRA,LLEIDA,2467.0,2021,310,0,0,0,0,0,-16.1,2021-01-03,16.0,2021-08-14,9.5,,
9988B,CAP DE VAQUÈIRA,LLEIDA,2467.0,2022,365,0,0,0,0,0,-15.2,2022-01-06,16.7,2022-07-18,12.5,,
9988B,CAP DE VAQUÈIRA,LLEIDA,2467.0,2023,348,0,0,0,0,0,-18.7,2023-02-27,16.8,2023-07-11,12.7,,
9988B,CAP DE VAQUÈIRA,LLEIDA,2467.0,2024,366,0,0,0,0,0,-13.7,2024-01-08,15.0,2024-07-28,12.1,,
9988B,CAP DE VAQUÈIRA,LLEIDA,2467.0,2025,364,0,0,0,0,0,-14.7,2025-11-21,15.6,2025-08-10,12.5,,
9990X,"NAUT ARAN, ARTIES",LLEIDA,1161.0,2017,364,0,0,0,0,0,-14.7,2017-01-18,18.0,2017-06-19,15.3,,
9990X,"NAUT ARAN, ARTIES",LLEIDA,1161.0,2018,352,0,0,0,0,0,-11.9,2018-02-27,16.8,2018-07-27,13.4,,
9990X,"NAUT ARAN, ARTIES",LLEIDA,1161.0,2019,364,0,0,0,0,0,-12.1,2019-02-04,19.7,2019-07-20,15.4,,
9990X,"NAUT ARAN, ARTIES",LLEIDA,1161.0,2021,328,0,0,0,0,0,-12.7,2021-01-08,18.5,2021-08-14,13.6,,
9990X,"NAUT ARAN, ARTIES",LLEIDA,1161.0,2022,364,0,0,0,0,0,-8.0,2022-01-06,20.0,2022-07-19,15.2,,
9990X,"NAUT ARAN, ARTIES",LLEIDA,1161.0,2025,321,0,0,0,0,0,-8.7,2025-01-13,17.0,2025-08-26,14.3,,
9994X,BOSSÒST,LLEIDA,722.0,2017,364,1,1,0,1,1,-10.6,2017-01-19,22.5,2017-07-18,15.8,2017-07-18,2017-07-18
9994X,BOSSÒST,LLEIDA,722.0,2019,359,0,0,0,0,0,-7.5,2019-01-03,18.8,2019-07-25,14.7,,
9994X,BOSSÒST,LLEIDA,722.0,2020,364,0,0,0,0,0,-7.7,2020-12-27,18.1,2020-08-09,15.0,,
9994X,BOSSÒST,LLEIDA,722.0,2021,340,0,0,0,0,0,-10.5,2021-01-06,17.3,2021-08-15,14.4,,
9994X,BOSSÒST,LLEIDA,722.0,2022,365,1,1,0,0,1,-5.3,2022-01-16,21.5,2022-07-19,15.8,2022-07-19,2022-07-19
9994X,BOSSÒST,LLEIDA,722.0,2023,353,0,0,0,0,0,-9.6,2023-01-24,17.9,2023-08-24,15.5,,
9994X,BOSSÒST,LLEIDA,722.0,2024,364,0,0,0,0,0,-5.9,2024-01-10,19.3,2024-07-31,15.7,,
9994X,BOSSÒST,LLEIDA,722.0,2025,332,0,0,0,0,0,-6.2,2025-01-14,18.4,2025-08-26,15.5,,
9995Y,VALCARLOS/LUZAIDE,NAVARRA,334.0,2017,361,1,0,0,0,1,-4.8,2017-01-20,20.3,2017-10-15,17.1,2017-10-15,2017-10-15
9995Y,VALCARLOS/LUZAIDE,NAVARRA,334.0,2018,360,0,0,0,0,0,-7.3,2018-02-27,19.3,2018-07-25,17.2,,
9995Y,VALCARLOS/LUZAIDE,NAVARRA,334.0,2019,360,1,1,0,0,1,-3.1,2019-01-04,20.4,2019-07-25,17.2,2019-07-25,2019-07-25
9995Y,VALCARLOS/LUZAIDE,NAVARRA,334.0,2020,365,1,1,0,0,1,-1.4,2020-01-20,20.3,2020-08-07,16.8,2020-08-07,2020-08-07
9995Y,VALCARLOS/LUZAIDE,NAVARRA,334.0,2021,364,0,0,0,0,0,-4.9,2021-01-08,19.6,2021-10-19,16.8,,
9995Y,VALCARLOS/LUZAIDE,NAVARRA,334.0,2022,365,1,1,0,0,1,-3.1,2022-01-22,21.8,2022-08-11,18.2,2022-08-11,2022-08-11
9995Y,VALCARLOS/LUZAIDE,NAVARRA,334.0,2023,357,2,2,0,0,1,-3.5,2023-01-21,21.2,2023-08-24,17.2,2023-08-22,2023-08-24
9995Y,VALCARLOS/LUZAIDE,NAVARRA,334.0,2024,365,0,0,0,0,0,-3.5,2024-01-20,19.1,2024-07-19,17.8,,
9995Y,VALCARLOS/LUZAIDE,NAVARRA,334.0,2025,364,0,0,0,0,0,-3.0,2025-01-14,19.9,2025-08-13,17.5,,
9998X,BELLO,TERUEL,1006.0,2017,352,0,0,0,0,0,-11.7,2017-12-06,19.2,2017-07-31,15.7,,
9998X,BELLO,TERUEL,1006.0,2018,350,0,0,0,0,0,-9.0,2018-02-24,16.8,2018-08-28,13.6,,
9998X,BELLO,TERUEL,1006.0,2019,353,1,1,0,0,1,-8.8,2019-01-04,21.4,2019-06-27,14.4,2019-06-27,2019-06-27
9998X,BELLO,TERUEL,1006.0,2020,353,0,0,0,0,0,-8.8,2020-01-12,19.5,2020-07-28,13.7,,
9998X,BELLO,TERUEL,1006.0,2021,357,1,1,0,0,1,-25.4,2021-01-12,20.1,2021-08-14,14.5,2021-08-14,2021-08-14
9998X,BELLO,TERUEL,1006.0,2022,356,0,0,0,0,0,-9.2,2022-01-16,19.8,2022-07-19,15.9,,
9998X,BELLO,TERUEL,1006.0,2023,360,1,1,0,1,1,-13.6,2023-02-28,22.1,2023-07-18,15.9,2023-07-18,2023-07-18
9998X,BELLO,TERUEL,1006.0,2024,360,0,0,0,0,0,-7.1,2024-01-12,19.4,2024-08-12,16.0,,
9998X,BELLO,TERUEL,1006.0,2025,350,0,0,0,0,0,-9.1,2025-01-14,18.3,2025-08-25,14.0,,
B013X,"ESCORCA, LLUC",ILLES BALEARS,490.0,2017,360,8,8,1,2,3,-2.9,2017-12-06,27.3,2017-08-02,18.2,2017-07-08,2017-08-08
B013X,"ESCORCA, LLUC",ILLES BALEARS,490.0,2018,363,1,1,0,0,1,-3.0,2018-02-11,20.8,2018-08-08,17.2,2018-08-08,2018-08-08
B013X,"ESCORCA, LLUC",ILLES BALEARS,490.0,2019,360,8,8,1,2,4,-4.4,2019-01-25,25.1,2019-06-26,18.5,2019-06-24,2019-08-18
B013X,"ESCORCA, LLUC",ILLES BALEARS,490.0,2020,365,7,7,0,0,2,-2.4,2020-01-13,21.6,2020-07-31,18.8,2020-07-28,2020-08-21
B013X,"ESCORCA, LLUC",ILLES BALEARS,490.0,2021,362,11,9,0,4,2,-1.2,2021-01-19,22.8,2021-07-24,19.0,2021-06-16,2021-09-14
B013X,"ESCORCA, LLUC",ILLES BALEARS,490.0,2022,365,15,12,2,3,3,-4.0,2022-01-18,26.4,2022-08-14,19.8,2022-06-19,2022-09-14
B013X,"ESCORCA, LLUC",ILLES BALEARS,490.0,2023,357,28,25,1,13,7,-3.2,2023-03-05,26.0,2023-08-15,21.2,2023-06-20,2023-09-17
B013X,"ESCORCA, LLUC",ILLES BALEARS,490.0,2024,363,9,6,0,1,2,-2.1,2024-01-22,24.5,2024-07-28,19.0,2024-04-07,2024-10-14
B013X,"ESCORCA, LLUC",ILLES BALEARS,490.0,2025,363,9,8,0,4,2,-1.1,2025-02-05,24.0,2025-06-13,18.4,2025-06-12,2025-09-08
B051A,"SÓLLER, PUERTO",BALEARES,5.0,2021,365,99,72,6,59,49,4.5,2021-01-06,27.2,2021-09-14,23.6,2021-06-01,2021-10-31
B051A,"SÓLLER, PUERTO",BALEARES,5.0,2022,365,113,85,17,81,81,4.2,2022-01-18,29.9,2022-08-14,25.0,2022-05-23,2022-10-26
B051A,"SÓLLER, PUERTO",BALEARES,5.0,2023,365,96,74,23,69,70,3.5,2023-02-27,26.7,2023-07-12,25.2,2023-06-13,2023-10-25
B051A,"SÓLLER, PUERTO",BALEARES,5.0,2024,366,91,73,6,56,40,5.9,2024-01-21,25.6,2024-08-09,23.8,2024-06-07,2024-10-30
B051A,"SÓLLER, PUERTO",BALEARES,5.0,2025,365,111,88,6,77,94,5.3,2025-02-07,26.6,2025-08-19,24.4,2025-06-01,2025-10-22
B087X,BANYALBUFAR,ILLES BALEARS,60.0,2017,359,80,72,4,51,37,3.0,2017-01-17,28.4,2017-08-02,23.9,2017-06-14,2017-09-14
B087X,BANYALBUFAR,ILLES BALEARS,60.0,2018,363,94,70,3,50,52,3.7,2018-02-13,26.1,2018-08-05,23.3,2018-06-20,2018-09-26
B087X,BANYALBUFAR,ILLES BALEARS,60.0,2019,362,79,65,4,49,39,5.2,2019-01-12,27.8,2019-07-07,23.7,2019-06-25,2019-11-02
B087X,BANYALBUFAR,ILLES BALEARS,60.0,2020,364,86,68,6,47,68,6.1,2020-12-25,25.7,2020-08-12,23.7,2020-06-22,2020-10-22
B087X,BANYALBUFAR,ILLES BALEARS,60.0,2021,365,97,71,5,52,43,3.9,2021-01-02,27.5,2021-09-14,23.5,2021-05-09,2021-10-31
B087X,BANYALBUFAR,ILLES BALEARS,60.0,2022,362,119,83,23,85,46,6.2,2022-01-26,30.3,2022-08-13,25.4,2022-05-20,2022-10-27
B087X,BANYALBUFAR,ILLES BALEARS,60.0,2023,365,103,77,18,70,51,3.9,2023-01-21,27.5,2023-08-15,25.0,2023-06-09,2023-10-26
B087X,BANYALBUFAR,ILLES BALEARS,60.0,2024,360,96,74,11,61,40,7.1,2024-01-12,26.2,2024-07-30,24.4,2024-04-07,2024-10-30
B087X,BANYALBUFAR,ILLES BALEARS,60.0,2025,365,112,87,15,83,73,6.5,2025-02-07,26.5,2025-08-18,25.0,2025-05-31,2025-11-13
B103B,ANDRATX - SANT ELM,BALEARES,52.0,2019,357,35,29,1,13,7,1.1,2019-01-12,26.7,2019-07-07,21.4,2019-07-01,2019-10-12
B103B,ANDRATX - SANT ELM,BALEARES,52.0,2020,362,22,20,0,2,8,2.0,2020-01-13,23.7,2020-08-10,20.4,2020-07-03,2020-10-21
B103B,ANDRATX - SANT ELM,BALEARES,52.0,2021,359,42,30,1,15,7,0.1,2021-01-06,25.2,2021-09-14,21.8,2021-06-17,2021-10-03
B103B,ANDRATX - SANT ELM,BALEARES,52.0,2022,358,63,45,2,31,25,1.3,2022-01-28,26.5,2022-08-14,23.1,2022-05-22,2022-10-26
B103B,ANDRATX - SANT ELM,BALEARES,52.0,2023,339,61,51,3,30,17,1.1,2023-01-24,26.1,2023-07-12,23.1,2023-06-19,2023-10-19
B103B,ANDRATX - SANT ELM,BALEARES,52.0,2024,366,59,43,0,7,13,2.9,2024-01-21,23.1,2024-04-07,21.2,2024-04-07,2024-10-30
B103B,ANDRATX - SANT ELM,BALEARES,52.0,2025,353,56,49,2,15,12,2.6,2025-02-07,25.2,2025-07-18,22.0,2025-06-10,2025-09-29
B158X,"CALVIÀ, ES CAPDELLÀ",BALEARES,50.0,2017,351,19,19,2,6,6,0.4,2017-01-18,26.5,2017-08-02,20.1,2017-06-26,2017-08-31
B158X,"CALVIÀ, ES CAPDELLÀ",BALEARES,50.0,2018,352,28,21,0,9,14,-0.3,2018-02-11,24.8,2018-08-09,20.8,2018-07-10,2018-09-18
B158X,"CALVIÀ, ES CAPDELLÀ",BALEARES,50.0,2019,357,26,20,1,6,3,-0.9,2019-02-16,25.4,2019-07-07,20.8,2019-06-24,2019-09-22
B158X,"CALVIÀ, ES CAPDELLÀ",BALEARES,50.0,2020,365,18,18,0,1,7,0.4,2020-12-27,22.2,2020-08-21,19.9,2020-06-27,2020-08-24
B158X,"CALVIÀ, ES CAPDELLÀ",BALEARES,50.0,2021,365,29,22,0,8,3,-0.5,2021-01-06,24.6,2021-08-11,20.7,2021-06-17,2021-09-25
B158X,"CALVIÀ, ES CAPDELLÀ",BALEARES,50.0,2022,335,41,29,0,12,8,1.7,2022-01-07,24.7,2022-08-14,21.5,2022-06-19,2022-09-24
B158X,"CALVIÀ, ES CAPDELLÀ",BALEARES,50.0,2023,354,40,32,0,14,10,0.2,2023-02-11,24.5,2023-07-22,21.6,2023-06-19,2023-10-19
B158X,"CALVIÀ, ES CAPDELLÀ",BALEARES,50.0,2024,366,36,30,0,2,5,0.9,2024-12-26,22.4,2024-08-03,20.7,2024-06-08,2024-10-30
B158X,"CALVIÀ, ES CAPDELLÀ",BALEARES,50.0,2025,363,45,39,0,6,7,1.4,2025-01-12,23.9,2025-08-19,21.2,2025-06-16,2025-10-22
B228,"PALMA, PUERTO",BALEARES,3.0,2017,365,89,75,12,63,36,2.5,2017-01-17,28.9,2017-08-02,24.3,2017-05-29,2017-09-22
B228,"PALMA, PUERTO",BALEARES,3.0,2018,365,101,74,9,72,99,2.7,2018-02-11,28.0,2018-08-05,24.3,2018-06-13,2018-09-27
B228,"PALMA, PUERTO",BALEARES,3.0,2019,363,96,70,8,72,76,4.3,2019-01-12,27.5,2019-07-07,24.6,2019-06-09,2019-10-13
B228,"PALMA, PUERTO",BALEARES,3.0,2020,366,93,73,12,63,68,4.8,2020-12-27,27.5,2020-07-30,24.4,2020-06-12,2020-10-22
B228,"PALMA, PUERTO",BALEARES,3.0,2021,365,114,83,8,80,89,3.1,2021-01-06,27.3,2021-08-11,24.2,2021-06-03,2021-10-31
B228,"PALMA, PUERTO",BALEARES,3.0,2022,364,123,89,36,89,92,4.5,2022-01-17,29.0,2022-08-14,25.5,2022-05-20,2022-10-23
B228,"PALMA, PUERTO",BALEARES,3.0,2023,365,118,83,36,83,80,3.5,2023-02-27,27.5,2023-07-20,26.3,2023-04-29,2023-10-26
B228,"PALMA, PUERTO",BALEARES,3.0,2024,365,111,83,22,77,82,6.3,2024-01-21,26.8,2024-08-03,25.1,2024-05-27,2024-11-04
B228,"PALMA, PUERTO",BALEARES,3.0,2025,364,118,89,32,102,108,5.5,2025-01-15,27.0,2025-08-19,25.6,2025-05-03,2025-10-22
B236C,"PALMA, UNIVERSITAT",BALEARES,95.0,2017,362,12,12,0,5,6,-0.8,2017-12-04,24.5,2017-08-01,18.9,2017-07-08,2017-08-30
B236C,"PALMA, UNIVERSITAT",BALEARES,95.0,2018,333,18,15,0,3,14,-2.5,2018-02-11,24.0,2018-08-05,20.1,2018-07-10,2018-09-18
B236C,"PALMA, UNIVERSITAT",BALEARES,95.0,2019,357,11,9,0,3,2,-2.5,2019-02-13,25.0,2019-07-07,19.1,2019-07-07,2019-09-21
B236C,"PALMA, UNIVERSITAT",BALEARES,95.0,2020,356,7,7,0,0,3,-1.2,2020-12-27,20.7,2020-08-21,18.8,2020-06-27,2020-08-23
B236C,"PALMA, UNIVERSITAT",BALEARES,95.0,2021,365,19,12,0,4,3,-2.2,2021-01-06,24.2,2021-08-11,20.1,2021-06-19,2021-09-25
B236C,"PALMA, UNIVERSITAT",BALEARES,95.0,2022,363,23,20,0,5,3,-1.7,2022-01-18,24.6,2022-09-14,20.3,2022-06-21,2022-09-14
B236C,"PALMA, UNIVERSITAT",BALEARES,95.0,2023,365,26,24,0,8,6,-2.0,2023-02-11,24.5,2023-07-31,20.9,2023-06-21,2023-09-04
B236C,"PALMA, UNIVERSITAT",BALEARES,95.0,2024,365,9,8,0,0,2,-0.3,2024-12-26,21.0,2024-08-03,19.1,2024-06-08,2024-10-29
B236C,"PALMA, UNIVERSITAT",BALEARES,95.0,2025,365,11,10,0,2,3,-0.1,2025-02-07,22.7,2025-08-28,19.8,2025-06-16,2025-09-08
B248,"SIERRA DE ALFABIA, BUNYOLA",ILLES BALEARS,1030.0,2017,364,24,24,0,11,10,-5.4,2017-01-17,24.4,2017-08-01,21.1,2017-06-15,2017-08-28
B248,"SIERRA DE ALFABIA, BUNYOLA",ILLES BALEARS,1030.0,2018,350,12,12,0,2,8,-3.9,2018-02-27,22.4,2018-07-30,19.7,2018-07-03,2018-08-05
B248,"SIERRA DE ALFABIA, BUNYOLA",ILLES BALEARS,1030.0,2019,365,25,25,1,12,8,-1.9,2019-01-11,25.1,2019-06-29,21.1,2019-06-25,2019-08-18
B248,"SIERRA DE ALFABIA, BUNYOLA",ILLES BALEARS,1030.0,2020,364,21,21,1,6,7,-1.1,2020-12-25,25.4,2020-07-31,20.3,2020-06-30,2020-08-27
B248,"SIERRA DE ALFABIA, BUNYOLA",ILLES BALEARS,1030.0,2021,362,18,18,2,7,6,-1.9,2021-01-03,27.2,2021-08-13,20.0,2021-06-14,2021-08-27
B248,"SIERRA DE ALFABIA, BUNYOLA",ILLES BALEARS,1030.0,2022,365,43,39,0,18,15,-0.7,2022-04-02,24.9,2022-06-17,22.0,2022-05-21,2022-09-12
B248,"SIERRA DE ALFABIA, BUNYOLA",ILLES BALEARS,1030.0,2023,355,36,35,5,15,15,-2.4,2023-01-21,28.3,2023-07-18,21.6,2023-06-19,2023-09-04
B248,"SIERRA DE ALFABIA, BUNYOLA",ILLES BALEARS,1030.0,2024,322,22,21,5,13,9,1.1,2024-03-03,28.9,2024-08-01,21.1,2024-07-24,2024-09-01
B248,"SIERRA DE ALFABIA, BUNYOLA",ILLES BALEARS,1030.0,2025,364,51,47,1,25,13,0.9,2025-01-12,25.5,2025-08-17,22.5,2025-05-30,2025-09-18
B275E,"SON BONET, AEROPUERTO",BALEARES,47.0,2022,363,93,75,5,58,28,0.9,2022-01-18,28.1,2022-08-14,23.8,2022-05-20,2022-09-17
B275E,"SON BONET, AEROPUERTO",BALEARES,47.0,2023,362,80,65,11,50,32,1.6,2023-02-11,26.6,2023-07-20,24.4,2023-06-14,2023-10-19
B275E,"SON BONET, AEROPUERTO",BALEARES,47.0,2024,363,75,63,0,38,22,3.0,2024-12-26,24.8,2024-07-28,23.2,2024-06-08,2024-10-31
B275E,"SON BONET, AEROPUERTO",BALEARES,47.0,2025,356,83,75,1,45,45,2.0,2025-01-15,25.9,2025-07-07,23.6,2025-06-03,2025-09-14
B278,"PALMA DE MALLORCA, AEROPUERTO",BALEARES,5.0,2017,365,43,43,3,18,10,-0.7,2017-12-04,27.4,2017-08-02,21.9,2017-06-19,2017-08-31
B278,"PALMA DE MALLORCA, AEROPUERTO",BALEARES,5.0,2018,365,44,33,0,16,15,-2.3,2018-02-11,23.9,2018-08-09,21.8,2018-07-01,2018-09-25
B278,"PALMA DE MALLORCA, AEROPUERTO",BALEARES,5.0,2019,365,42,38,1,13,8,-1.8,2019-01-12,25.6,2019-07-07,21.6,2019-06-24,2019-09-22
B278,"PALMA DE MALLORCA, AEROPUERTO",BALEARES,5.0,2020,366,28,26,0,4,7,-1.7,2020-12-27,23.7,2020-08-02,20.8,2020-06-27,2020-09-23
B278,"PALMA DE MALLORCA, AEROPUERTO",BALEARES,5.0,2021,365,51,32,1,20,10,-2.4,2021-01-06,25.7,2021-08-11,22.1,2021-06-16,2021-10-31
B278,"PALMA DE MALLORCA, AEROPUERTO",BALEARES,5.0,2022,365,59,45,1,19,24,-2.2,2022-01-18,25.1,2022-09-14,22.2,2022-06-03,2022-09-24
B278,"PALMA DE MALLORCA, AEROPUERTO",BALEARES,5.0,2023,365,58,50,3,33,15,-1.4,2023-02-04,25.9,2023-07-20,23.0,2023-06-19,2023-10-19
B278,"PALMA DE MALLORCA, AEROPUERTO",BALEARES,5.0,2024,366,53,47,0,7,11,-0.3,2024-12-26,24.3,2024-07-28,21.6,2024-06-08,2024-10-29
B278,"PALMA DE MALLORCA, AEROPUERTO",BALEARES,5.0,2025,365,53,48,0,13,15,-1.6,2025-01-15,24.1,2025-07-07,21.7,2025-06-16,2025-09-21
B301,"LLUCMAJOR, RADAR",BALEARES,113.0,2017,362,61,58,3,24,20,1.6,2017-01-17,26.7,2017-08-02,22.2,2017-06-14,2017-09-25
B301,"LLUCMAJOR, RADAR",BALEARES,113.0,2018,363,77,58,1,21,24,2.0,2018-02-10,25.2,2018-08-05,22.1,2018-06-23,2018-09-24
B301,"LLUCMAJOR, RADAR",BALEARES,113.0,2019,355,74,62,2,28,27,3.4,2019-01-11,26.3,2019-07-08,22.5,2019-06-24,2019-10-19
B301,"LLUCMAJOR, RADAR",BALEARES,113.0,2020,366,62,51,0,22,20,4.1,2020-12-25,24.6,2020-08-22,22.2,2020-06-25,2020-09-24
B301,"LLUCMAJOR, RADAR",BALEARES,113.0,2021,364,76,56,0,16,26,2.1,2021-01-03,25.0,2021-08-11,21.9,2021-06-14,2021-10-03
B301,"LLUCMAJOR, RADAR",BALEARES,113.0,2022,365,94,74,3,59,79,4.2,2022-01-17,26.0,2022-08-14,23.4,2022-06-14,2022-10-22
B301,"LLUCMAJOR, RADAR",BALEARES,113.0,2023,365,82,64,5,45,40,2.8,2023-01-23,25.4,2023-07-19,23.5,2023-06-19,2023-10-26
B301,"LLUCMAJOR, RADAR",BALEARES,113.0,2024,366,70,59,0,33,22,5.6,2024-04-24,25.0,2024-07-30,22.6,2024-06-08,2024-10-09
B301,"LLUCMAJOR, RADAR",BALEARES,113.0,2025,365,89,70,0,40,28,5.6,2025-01-15,24.6,2025-08-17,23.1,2025-06-14,2025-10-22
B334X,LLUCMAJOR,BALEARES,140.0,2017,362,53,52,3,21,13,1.1,2017-12-02,26.4,2017-08-01,22.4,2017-06-14,2017-09-01
B334X,LLUCMAJOR,BALEARES,140.0,2018,363,52,41,1,19,15,0.1,2018-02-11,26.0,2018-08-05,22.1,2018-06-30,2018-09-18
B334X,LLUCMAJOR,BALEARES,140.0,2019,365,58,50,2,23,13,0.8,2019-01-25,26.5,2019-07-08,22.5,2019-06-24,2019-09-22
B334X,LLUCMAJOR,BALEARES,140.0,2020,366,44,43,0,16,15,0.9,2020-12-27,24.5,2020-08-22,21.7,2020-06-27,2020-09-18
B334X,LLUCMAJOR,BALEARES,140.0,2021,364,64,47,2,17,13,-0.2,2021-01-06,25.8,2021-08-11,21.9,2021-06-15,2021-09-26
B334X,LLUCMAJOR,BALEARES,140.0,2022,362,81,66,1,37,34,0.9,2022-01-17,25.4,2022-08-14,22.9,2022-06-03,2022-09-15
B334X,LLUCMAJOR,BALEARES,140.0,2023,365,64,55,2,39,22,0.4,2023-02-27,25.7,2023-07-20,23.4,2023-06-19,2023-10-19
B334X,LLUCMAJOR,BALEARES,140.0,2024,365,53,48,0,21,21,1.9,2024-01-09,23.8,2024-07-28,22.2,2024-06-08,2024-10-30
B334X,LLUCMAJOR,BALEARES,140.0,2025,365,64,56,0,28,19,2.2,2025-01-15,24.4,2025-08-26,22.4,2025-06-14,2025-09-21
B341X,PORRERES,BALEARES,149.0,2023,364,63,54,1,28,22,0.5,2023-02-27,25.3,2023-07-20,22.6,2023-06-19,2023-10-19
B341X,PORRERES,BALEARES,149.0,2024,366,51,45,0,13,20,4.0,2024-01-09,23.1,2024-08-10,21.7,2024-06-08,2024-10-07
B341X,PORRERES,BALEARES,149.0,2025,363,59,51,0,13,16,4.2,2025-02-08,23.9,2025-08-17,21.9,2025-06-15,2025-09-21
B346X,PORRERES,ILLES BALEARS,120.0,2017,328,47,47,3,20,10,1.6,2017-12-04,26.1,2017-08-03,22.3,2017-06-16,2017-08-31
B346X,PORRERES,ILLES BALEARS,120.0,2018,334,43,31,0,9,12,0.1,2018-02-11,24.7,2018-08-05,21.4,2018-06-29,2018-09-18
B346X,PORRERES,ILLES BALEARS,120.0,2019,361,43,36,1,11,8,0.8,2019-01-25,25.1,2019-07-08,21.6,2019-06-24,2019-09-22
B346X,PORRERES,ILLES BALEARS,120.0,2020,345,39,37,0,11,11,-0.3,2020-12-27,23.7,2020-08-02,21.6,2020-06-27,2020-09-23
B346X,PORRERES,ILLES BALEARS,120.0,2021,344,62,47,2,20,13,-1.1,2021-01-06,25.8,2021-08-11,22.3,2021-06-12,2021-09-26
B362X,"CAMPOS, CAN SION",ILLES BALEARS,40.0,2017,363,25,25,1,8,10,-2.2,2017-01-15,25.2,2017-08-03,20.7,2017-07-08,2017-08-31
B362X,"CAMPOS, CAN SION",ILLES BALEARS,40.0,2018,365,26,15,0,4,9,-3.2,2018-02-11,22.6,2018-09-12,20.8,2018-07-10,2018-09-25
B362X,"CAMPOS, CAN SION",ILLES BALEARS,40.0,2019,365,30,21,1,6,6,-3.0,2019-01-25,26.2,2019-07-07,20.6,2019-06-24,2019-09-22
B362X,"CAMPOS, CAN SION",ILLES BALEARS,40.0,2020,366,11,11,0,2,3,-3.0,2020-12-27,22.8,2020-08-21,19.3,2020-07-01,2020-08-23
B362X,"CAMPOS, CAN SION",ILLES BALEARS,40.0,2021,363,19,14,1,6,6,-3.7,2021-01-06,25.4,2021-08-11,20.2,2021-06-19,2021-09-25
B362X,"CAMPOS, CAN SION",ILLES BALEARS,40.0,2022,362,19,13,0,5,4,-3.8,2022-01-17,24.6,2022-09-14,20.1,2022-06-22,2022-09-14
B362X,"CAMPOS, CAN SION",ILLES BALEARS,40.0,2023,365,30,25,0,16,7,-3.2,2023-02-02,24.8,2023-07-21,21.6,2023-06-19,2023-10-19
B362X,"CAMPOS, CAN SION",ILLES BALEARS,40.0,2024,366,16,12,0,2,2,-1.6,2024-01-09,23.1,2024-07-28,20.0,2024-06-08,2024-10-30
B362X,"CAMPOS, CAN SION",ILLES BALEARS,40.0,2025,363,15,13,0,4,3,-1.9,2025-11-22,23.9,2025-08-27,19.7,2025-07-06,2025-09-08
B373X,"CAMPOS, SALINES LLEVANT",BALEARES,3.0,2017,362,39,39,3,18,10,-1.8,2017-12-04,26.4,2017-08-02,22.0,2017-06-19,2017-08-31
B373X,"CAMPOS, SALINES LLEVANT",BALEARES,3.0,2018,365,48,34,0,17,15,-2.8,2018-02-11,24.2,2018-08-05,21.9,2018-06-30,2018-09-25
B373X,"CAMPOS, SALINES LLEVANT",BALEARES,3.0,2019,361,49,38,2,15,9,-2.9,2019-01-25,26.6,2019-07-07,21.9,2019-06-24,2019-11-02
B373X,"CAMPOS, SALINES LLEVANT",BALEARES,3.0,2020,365,32,30,0,6,8,-3.1,2020-12-27,24.1,2020-08-21,21.2,2020-06-27,2020-09-23
B373X,"CAMPOS, SALINES LLEVANT",BALEARES,3.0,2021,365,52,35,2,18,8,-3.9,2021-01-06,25.9,2021-08-11,22.0,2021-06-12,2021-10-31
B373X,"CAMPOS, SALINES LLEVANT",BALEARES,3.0,2022,364,55,43,1,16,9,-3.7,2022-01-17,25.4,2022-09-14,22.0,2022-06-03,2022-09-15
B373X,"CAMPOS, SALINES LLEVANT",BALEARES,3.0,2023,365,58,45,3,33,11,-3.0,2023-02-11,26.3,2023-07-21,23.6,2023-06-19,2023-10-25
B373X,"CAMPOS, SALINES LLEVANT",BALEARES,3.0,2024,359,51,40,0,15,9,-0.6,2024-01-09,24.0,2024-07-28,21.9,2024-06-08,2024-10-30
B373X,"CAMPOS, SALINES LLEVANT",BALEARES,3.0,2025,365,48,37,0,18,12,-1.0,2025-01-15,24.9,2025-08-27,22.0,2025-06-14,2025-10-22
B398A,"CABRERA, PARQUE NACIONAL DE CABRERA",BALEARES,165.0,2021,363,104,76,0,64,44,4.9,2021-01-03,24.7,2021-08-14,23.6,2021-06-10,2021-10-03
B398A,"CABRERA, PARQUE NACIONAL DE CABRERA",BALEARES,165.0,2024,366,95,68,2,51,49,7.1,2024-01-05,25.2,2024-07-30,24.1,2024-06-17,2024-10-31
B410B,SANTANYÍ,BALEARES,45.0,2017,363,68,62,3,32,20,0.8,2017-12-02,26.4,2017-08-02,23.1,2017-06-14,2017-09-14
B410B,SANTANYÍ,BALEARES,45.0,2018,358,77,58,3,32,30,1.1,2018-02-11,25.7,2018-08-09,22.9,2018-06-29,2018-09-25
B410B,SANTANYÍ,BALEARES,45.0,2019,361,73,60,2,39,30,1.2,2019-01-11,26.8,2019-07-07,22.9,2019-06-24,2019-10-13
B410B,SANTANYÍ,BALEARES,45.0,2020,343,51,44,0,25,20,2.2,2020-12-26,24.8,2020-08-21,22.4,2020-07-06,2020-10-21
B410B,SANTANYÍ,BALEARES,45.0,2021,357,78,58,1,35,21,1.7,2021-01-13,25.1,2021-08-12,22.4,2021-06-15,2021-10-03
B410B,SANTANYÍ,BALEARES,45.0,2022,359,89,74,1,52,23,2.3,2022-01-17,25.7,2022-09-14,23.6,2022-06-03,2022-10-17
B410B,SANTANYÍ,BALEARES,45.0,2023,362,80,64,4,52,33,0.1,2023-02-27,26.2,2023-07-20,24.0,2023-06-19,2023-10-19
B410B,SANTANYÍ,BALEARES,45.0,2024,366,77,61,1,36,23,3.9,2024-01-09,25.1,2024-07-28,23.2,2024-06-08,2024-11-04
B410B,SANTANYÍ,BALEARES,45.0,2025,360,87,68,2,46,24,2.3,2025-11-22,25.4,2025-07-07,23.1,2025-06-02,2025-10-22
B434X,PORTOCOLOM  ,ILLES BALEARS,17.0,2017,363,79,67,4,40,36,2.2,2017-01-17,27.1,2017-08-02,23.6,2017-05-29,2017-10-16
B434X,PORTOCOLOM  ,ILLES BALEARS,17.0,2018,334,73,64,4,35,65,2.9,2018-02-24,26.9,2018-08-09,23.2,2018-06-23,2018-09-09
B434X,PORTOCOLOM  ,ILLES BALEARS,17.0,2019,363,87,65,5,45,30,4.0,2019-02-05,27.0,2019-07-07,23.3,2019-06-24,2019-10-13
B434X,PORTOCOLOM  ,ILLES BALEARS,17.0,2020,330,73,58,1,39,40,5.9,2020-01-13,25.7,2020-08-21,22.9,2020-06-26,2020-11-06
B434X,PORTOCOLOM  ,ILLES BALEARS,17.0,2021,345,95,67,3,46,65,5.3,2021-12-02,25.8,2021-08-11,23.3,2021-06-15,2021-10-31
B434X,PORTOCOLOM  ,ILLES BALEARS,17.0,2022,352,102,78,8,67,58,4.1,2022-01-17,26.8,2022-09-13,24.1,2022-06-03,2022-10-22
B434X,PORTOCOLOM  ,ILLES BALEARS,17.0,2023,359,89,68,16,58,45,1.2,2023-02-27,26.6,2023-07-21,24.9,2023-06-14,2023-10-19
B434X,PORTOCOLOM  ,ILLES BALEARS,17.0,2024,363,88,66,2,49,39,5.6,2024-01-08,25.6,2024-07-28,23.5,2024-06-08,2024-11-04
B434X,PORTOCOLOM  ,ILLES BALEARS,17.0,2025,349,95,74,2,50,33,5.3,2025-02-09,25.4,2025-08-19,23.6,2025-06-03,2025-10-22
B496X,SON SERVERA,BALEARES,25.0,2017,360,42,42,1,14,10,2.9,2017-01-17,26.5,2017-08-02,21.5,2017-06-16,2017-08-31
B496X,SON SERVERA,BALEARES,25.0,2018,351,46,32,2,13,14,1.7,2018-02-24,25.5,2018-08-05,21.5,2018-07-01,2018-09-26
B496X,SON SERVERA,BALEARES,25.0,2019,361,52,41,2,14,10,2.3,2019-02-13,25.9,2019-07-08,21.8,2019-06-25,2019-10-12
B496X,SON SERVERA,BALEARES,25.0,2020,365,34,33,0,6,18,1.2,2020-12-27,24.2,2020-08-21,20.6,2020-06-27,2020-09-19
B496X,SON SERVERA,BALEARES,25.0,2021,365,49,34,1,15,13,-0.1,2021-01-05,25.6,2021-08-11,21.4,2021-06-15,2021-09-25
B496X,SON SERVERA,BALEARES,25.0,2022,362,63,49,1,21,24,1.1,2022-01-18,25.4,2022-09-14,22.2,2022-06-03,2022-09-16
B496X,SON SERVERA,BALEARES,25.0,2023,365,58,47,3,26,15,1.3,2023-01-20,25.7,2023-07-20,22.9,2023-06-19,2023-10-23
B496X,SON SERVERA,BALEARES,25.0,2024,366,48,40,0,11,18,3.1,2024-01-13,23.0,2024-08-03,21.3,2024-06-08,2024-11-04
B496X,SON SERVERA,BALEARES,25.0,2025,365,50,41,0,7,11,3.2,2025-02-09,24.0,2025-07-07,21.5,2025-06-25,2025-09-21
B526X,ARTÀ,BALEARES,110.0,2017,364,28,28,1,8,7,1.3,2017-01-07,25.7,2017-08-02,20.7,2017-06-18,2017-08-30
B526X,ARTÀ,BALEARES,110.0,2018,364,26,21,0,4,10,-0.2,2018-02-24,24.8,2018-08-05,20.9,2018-07-01,2018-09-18
B526X,ARTÀ,BALEARES,110.0,2019,365,34,27,2,8,7,0.5,2019-02-13,26.4,2019-07-07,20.9,2019-06-25,2019-09-22
B526X,ARTÀ,BALEARES,110.0,2020,366,14,12,0,3,4,0.5,2020-12-27,23.0,2020-08-21,19.8,2020-08-01,2020-09-19
B526X,ARTÀ,BALEARES,110.0,2021,365,32,23,1,7,8,-1.4,2021-01-06,25.1,2021-08-11,21.0,2021-06-17,2021-09-25
B526X,ARTÀ,BALEARES,110.0,2022,363,51,39,1,10,9,-0.2,2022-01-17,25.3,2022-09-14,21.5,2022-06-03,2022-09-15
B526X,ARTÀ,BALEARES,110.0,2023,365,40,35,2,20,8,-0.1,2023-02-11,25.2,2023-07-12,22.2,2023-06-19,2023-09-18
B526X,ARTÀ,BALEARES,110.0,2024,366,26,20,0,1,4,1.4,2024-01-09,22.4,2024-08-25,20.4,2024-06-08,2024-10-29
B526X,ARTÀ,BALEARES,110.0,2025,364,29,27,0,7,7,2.3,2025-02-09,22.7,2025-07-07,20.7,2025-06-26,2025-09-08
B569X,CAPDEPERA,BALEARES,57.0,2017,335,87,74,5,59,26,2.3,2017-12-02,25.8,2017-08-03,23.9,2017-06-12,2017-10-17
B569X,CAPDEPERA,BALEARES,57.0,2018,319,107,76,10,85,103,2.2,2018-02-27,27.3,2018-08-05,24.5,2018-06-17,2018-10-05
B569X,CAPDEPERA,BALEARES,57.0,2020,357,99,76,17,76,76,6.7,2020-12-25,26.7,2020-08-21,25.0,2020-05-21,2020-11-06
B569X,CAPDEPERA,BALEARES,57.0,2021,353,110,79,12,83,32,4.8,2021-01-03,26.6,2021-08-15,24.8,2021-06-03,2021-10-31
B569X,CAPDEPERA,BALEARES,57.0,2022,354,137,83,52,101,47,7.1,2022-04-01,28.4,2022-08-14,26.3,2022-05-20,2022-11-03
B569X,CAPDEPERA,BALEARES,57.0,2023,344,115,68,35,87,61,5.9,2023-01-21,26.7,2023-08-17,25.9,2023-06-07,2023-10-26
B569X,CAPDEPERA,BALEARES,57.0,2024,357,118,80,22,71,80,8.0,2024-04-24,27.2,2024-08-10,25.2,2024-06-07,2024-11-05
B569X,CAPDEPERA,BALEARES,57.0,2025,351,129,91,31,97,94,6.6,2025-11-21,28.3,2025-08-17,25.5,2025-05-30,2025-11-13
B603X,ARTÀ-COLÒNIA DE SANT PERE,BALEARES,99.0,2017,333,53,48,3,27,19,2.1,2017-01-17,27.8,2017-08-02,22.6,2017-07-08,2017-09-25
B603X,ARTÀ-COLÒNIA DE SANT PERE,BALEARES,99.0,2018,363,78,60,2,25,23,3.0,2018-02-24,26.0,2018-08-03,22.7,2018-06-27,2018-09-25
B603X,ARTÀ-COLÒNIA DE SANT PERE,BALEARES,99.0,2019,365,82,65,3,39,33,4.3,2019-02-16,26.7,2019-07-07,22.7,2019-06-26,2019-10-01
B603X,ARTÀ-COLÒNIA DE SANT PERE,BALEARES,99.0,2020,365,65,56,0,31,40,5.1,2020-12-25,24.6,2020-08-02,22.8,2020-06-27,2020-09-24
B603X,ARTÀ-COLÒNIA DE SANT PERE,BALEARES,99.0,2021,342,78,59,2,33,23,3.1,2021-01-06,28.9,2021-08-15,22.9,2021-06-14,2021-10-03
B603X,ARTÀ-COLÒNIA DE SANT PERE,BALEARES,99.0,2022,325,90,69,7,68,42,5.4,2022-01-17,27.9,2022-08-14,24.0,2022-06-04,2022-10-25
B603X,ARTÀ-COLÒNIA DE SANT PERE,BALEARES,99.0,2023,365,91,68,7,55,46,3.3,2023-01-21,25.7,2023-07-19,24.5,2023-06-17,2023-10-19
B603X,ARTÀ-COLÒNIA DE SANT PERE,BALEARES,99.0,2024,363,78,63,2,41,30,5.5,2024-01-08,27.1,2024-07-20,23.5,2024-04-07,2024-10-31
B603X,ARTÀ-COLÒNIA DE SANT PERE,BALEARES,99.0,2025,362,95,77,2,48,28,4.3,2025-11-21,25.2,2025-08-17,23.8,2025-06-01,2025-09-29
B605X,"MURO, S'ALBUFERA",BALEARES,2.0,2017,363,32,31,0,11,7,0.5,2017-01-07,24.9,2017-08-03,21.2,2017-06-28,2017-09-01
B605X,"MURO, S'ALBUFERA",BALEARES,2.0,2018,346,32,26,0,5,14,0.0,2018-02-24,23.2,2018-08-06,20.9,2018-07-01,2018-09-26
B605X,"MURO, S'ALBUFERA",BALEARES,2.0,2019,360,29,21,1,12,7,-0.1,2019-02-13,26.3,2019-07-07,20.8,2019-07-06,2019-09-21
B605X,"MURO, S'ALBUFERA",BALEARES,2.0,2020,362,21,21,1,3,4,0.0,2020-01-13,25.5,2020-08-02,20.1,2020-06-27,2020-08-26
B605X,"MURO, S'ALBUFERA",BALEARES,2.0,2021,364,41,30,0,12,13,-0.7,2021-01-06,24.4,2021-07-24,21.5,2021-06-17,2021-09-25
B605X,"MURO, S'ALBUFERA",BALEARES,2.0,2022,363,54,42,1,12,15,-1.3,2022-01-18,25.3,2022-09-14,21.5,2022-06-03,2022-09-15
B605X,"MURO, S'ALBUFERA",BALEARES,2.0,2023,365,51,44,1,30,11,-0.3,2023-01-31,25.6,2023-07-20,23.1,2023-06-19,2023-09-18
B605X,"MURO, S'ALBUFERA",BALEARES,2.0,2024,366,38,32,0,5,5,0.5,2024-01-13,23.0,2024-08-02,20.9,2024-06-08,2024-10-31
B605X,"MURO, S'ALBUFERA",BALEARES,2.0,2025,364,41,37,0,9,14,2.0,2025-02-09,24.6,2025-07-07,20.9,2025-06-23,2025-10-10
B614E,MANACOR,BALEARES,100.0,2017,356,38,38,2,14,12,0.0,2017-01-07,26.1,2017-08-02,21.3,2017-06-16,2017-08-31
B614E,MANACOR,BALEARES,100.0,2018,362,39,29,1,6,14,-0.8,2018-02-24,25.1,2018-08-05,21.1,2018-07-01,2018-09-18
B614E,MANACOR,BALEARES,100.0,2019,358,41,33,2,10,9,-0.2,2019-01-25,25.8,2019-07-07,21.4,2019-06-25,2019-09-22
B614E,MANACOR,BALEARES,100.0,2020,362,30,27,0,5,9,-1.4,2020-12-27,24.4,2020-08-21,20.7,2020-06-27,2020-09-24
B614E,MANACOR,BALEARES,100.0,2021,365,44,31,0,11,8,-2.2,2021-01-06,25.0,2021-08-11,21.6,2021-06-15,2021-09-26
B614E,MANACOR,BALEARES,100.0,2022,364,64,50,1,13,24,-0.9,2022-01-17,25.2,2022-09-14,21.8,2022-06-03,2022-09-15
B614E,MANACOR,BALEARES,100.0,2023,365,47,41,1,24,11,-0.8,2023-02-11,25.9,2023-07-20,22.4,2023-06-19,2023-10-19
B614E,MANACOR,BALEARES,100.0,2024,366,42,33,0,5,13,0.1,2024-01-08,22.6,2024-08-02,21.1,2024-06-08,2024-10-29
B614E,MANACOR,BALEARES,100.0,2025,363,37,34,0,11,10,1.2,2025-02-09,23.2,2025-07-07,21.1,2025-06-16,2025-10-22
B640X,PETRA,BALEARES,95.0,2022,363,49,37,1,9,13,-1.3,2022-01-19,25.1,2022-09-14,21.3,2022-06-21,2022-09-15
B640X,PETRA,BALEARES,95.0,2023,363,42,37,1,20,11,-1.3,2023-02-27,25.1,2023-07-20,22.3,2023-06-20,2023-09-17
B640X,PETRA,BALEARES,95.0,2024,365,39,33,0,6,11,0.7,2024-12-30,23.2,2024-08-11,20.7,2024-06-08,2024-10-29
B640X,PETRA,BALEARES,95.0,2025,360,34,32,0,5,10,1.1,2025-02-09,22.7,2025-07-07,20.7,2025-06-26,2025-09-08
B644B,SINEU,ILLES BALEARS,120.0,2017,362,42,42,3,10,10,-0.6,2017-01-07,26.5,2017-08-02,21.4,2017-06-16,2017-08-30
B644B,SINEU,ILLES BALEARS,120.0,2018,353,37,32,0,10,16,-0.8,2018-02-24,24.2,2018-08-05,21.2,2018-07-01,2018-09-16
B644B,SINEU,ILLES BALEARS,120.0,2019,362,41,33,1,13,8,-0.2,2019-01-25,26.4,2019-07-07,21.7,2019-06-29,2019-09-22
B644B,SINEU,ILLES BALEARS,120.0,2020,365,35,33,0,8,12,0.0,2020-12-27,24.1,2020-08-21,20.8,2020-06-27,2020-09-24
B644B,SINEU,ILLES BALEARS,120.0,2021,355,44,32,0,9,8,-1.8,2021-01-06,25.0,2021-08-12,21.5,2021-06-15,2021-09-25
B644B,SINEU,ILLES BALEARS,120.0,2022,363,65,51,2,19,26,-1.3,2022-01-17,25.9,2022-08-14,22.2,2022-06-03,2022-09-15
B644B,SINEU,ILLES BALEARS,120.0,2023,365,53,45,2,29,11,-1.7,2023-02-11,25.4,2023-07-20,23.0,2023-06-19,2023-10-19
B644B,SINEU,ILLES BALEARS,120.0,2024,366,44,39,0,8,11,0.2,2024-01-08,24.0,2024-08-03,21.3,2024-06-08,2024-09-26
B644B,SINEU,ILLES BALEARS,120.0,2025,363,44,41,0,15,11,0.9,2025-01-15,23.9,2025-07-07,21.8,2025-06-16,2025-10-22
B656A,SANTA MARÍA DEL CAMÍ,BALEARES,121.0,2017,353,21,21,3,10,7,-0.8,2017-12-05,25.7,2017-08-02,20.8,2017-06-28,2017-08-30
B656A,SANTA MARÍA DEL CAMÍ,BALEARES,121.0,2018,358,24,20,0,4,12,-2.6,2018-02-24,23.1,2018-08-05,20.5,2018-07-10,2018-09-12
B656A,SANTA MARÍA DEL CAMÍ,BALEARES,121.0,2019,340,35,29,1,11,8,-1.4,2019-02-16,25.1,2019-07-07,21.1,2019-06-24,2019-09-22
B656A,SANTA MARÍA DEL CAMÍ,BALEARES,121.0,2020,355,24,24,0,2,7,-1.1,2020-01-13,23.1,2020-08-21,20.6,2020-06-27,2020-08-24
B656A,SANTA MARÍA DEL CAMÍ,BALEARES,121.0,2021,352,38,27,0,13,11,-2.3,2021-01-06,24.5,2021-08-12,21.2,2021-06-16,2021-09-25
B656A,SANTA MARÍA DEL CAMÍ,BALEARES,121.0,2022,356,61,49,1,15,22,-1.6,2022-01-17,25.8,2022-08-14,21.8,2022-06-03,2022-09-15
B656A,SANTA MARÍA DEL CAMÍ,BALEARES,121.0,2023,360,55,46,2,30,11,-0.8,2023-02-11,25.2,2023-07-20,22.9,2023-06-19,2023-10-19
B656A,SANTA MARÍA DEL CAMÍ,BALEARES,121.0,2024,366,51,45,0,5,13,0.2,2024-12-26,23.5,2024-08-02,21.2,2024-06-08,2024-10-30
B656A,SANTA MARÍA DEL CAMÍ,BALEARES,121.0,2025,359,50,46,0,10,14,0.5,2025-01-15,23.6,2025-07-07,21.6,2025-06-16,2025-09-15
B662X,BINISSALEM,BALEARES,105.0,2017,363,30,30,3,10,10,-0.9,2017-01-07,26.4,2017-08-03,21.2,2017-06-16,2017-08-31
B662X,BINISSALEM,BALEARES,105.0,2018,352,27,23,0,7,14,-1.9,2018-02-24,23.3,2018-08-09,20.7,2018-07-02,2018-09-18
B662X,BINISSALEM,BALEARES,105.0,2019,362,28,21,1,10,7,-2.2,2019-02-13,26.9,2019-07-07,21.0,2019-06-26,2019-09-22
B662X,BINISSALEM,BALEARES,105.0,2020,353,16,16,0,3,3,-1.9,2020-12-27,22.9,2020-08-02,19.8,2020-06-27,2020-08-23
B662X,BINISSALEM,BALEARES,105.0,2021,360,32,25,0,8,11,-1.6,2021-01-05,23.8,2021-08-11,20.9,2021-06-17,2021-09-25
B662X,BINISSALEM,BALEARES,105.0,2022,356,48,38,0,13,8,-2.9,2022-01-17,25.0,2022-08-14,21.3,2022-06-03,2022-09-15
B662X,BINISSALEM,BALEARES,105.0,2023,362,44,40,0,23,8,-2.3,2023-02-11,24.8,2023-07-20,22.2,2023-06-20,2023-10-19
B662X,BINISSALEM,BALEARES,105.0,2024,366,31,27,0,3,5,-0.4,2024-12-26,23.1,2024-08-02,20.5,2024-06-08,2024-10-07
B662X,BINISSALEM,BALEARES,105.0,2025,351,30,28,0,6,5,0.0,2025-02-07,23.7,2025-07-07,20.6,2025-06-23,2025-09-15
B684A,"ESCORCA, SON TORRELLA",ILLES BALEARS,842.0,2017,360,2,2,1,2,2,-4.2,2017-02-10,25.7,2017-08-02,15.5,2017-08-01,2017-08-02
B684A,"ESCORCA, SON TORRELLA",ILLES BALEARS,842.0,2018,359,0,0,0,0,0,-5.3,2018-02-11,18.9,2018-08-05,14.6,,
B684A,"ESCORCA, SON TORRELLA",ILLES BALEARS,842.0,2019,361,0,0,0,0,0,-4.7,2019-02-13,19.8,2019-07-07,16.0,,
B684A,"ESCORCA, SON TORRELLA",ILLES BALEARS,842.0,2020,365,0,0,0,0,0,-2.5,2020-01-12,17.6,2020-07-31,15.0,,
B684A,"ESCORCA, SON TORRELLA",ILLES BALEARS,842.0,2021,355,0,0,0,0,0,-3.7,2021-01-06,20.0,2021-08-11,15.8,,
B684A,"ESCORCA, SON TORRELLA",ILLES BALEARS,842.0,2022,360,0,0,0,0,0,-5.3,2022-01-19,19.2,2022-08-13,16.1,,
B684A,"ESCORCA, SON TORRELLA",ILLES BALEARS,842.0,2023,364,1,1,0,0,1,-4.3,2023-02-11,20.9,2023-07-24,16.9,2023-07-24,2023-07-24
B684A,"ESCORCA, SON TORRELLA",ILLES BALEARS,842.0,2024,366,0,0,0,0,0,-3.0,2024-01-22,18.0,2024-09-26,15.5,,
B684A,"ESCORCA, SON TORRELLA",ILLES BALEARS,842.0,2025,359,0,0,0,0,0,-2.7,2025-02-07,18.4,2025-09-08,15.5,,
B691Y,SA POBLA,BALEARES,32.0,2017,355,36,36,3,11,7,0.0,2017-01-07,26.4,2017-08-02,21.2,2017-06-23,2017-08-31
B691Y,SA POBLA,BALEARES,32.0,2018,349,35,29,0,10,17,-0.3,2018-02-24,23.4,2018-08-09,21.1,2018-07-02,2018-09-25
B691Y,SA POBLA,BALEARES,32.0,2019,365,40,32,1,14,7,-0.7,2019-02-13,27.7,2019-07-07,21.3,2019-06-25,2019-09-22
B691Y,SA POBLA,BALEARES,32.0,2020,354,18,18,0,4,4,-0.8,2020-01-13,23.1,2020-08-02,20.0,2020-06-27,2020-08-24
B691Y,SA POBLA,BALEARES,32.0,2021,363,37,28,0,10,13,-0.9,2021-01-06,24.8,2021-08-11,21.3,2021-06-17,2021-09-25
B691Y,SA POBLA,BALEARES,32.0,2022,354,52,41,2,13,8,-1.5,2022-01-30,25.6,2022-08-14,21.7,2022-06-03,2022-09-15
B691Y,SA POBLA,BALEARES,32.0,2023,351,52,45,2,29,11,-0.2,2023-01-31,25.8,2023-07-20,22.9,2023-06-19,2023-10-19
B691Y,SA POBLA,BALEARES,32.0,2024,363,33,27,0,4,4,0.7,2024-01-13,23.9,2024-08-03,20.6,2024-06-08,2024-10-07
B691Y,SA POBLA,BALEARES,32.0,2025,359,36,33,0,7,9,0.8,2025-01-15,24.5,2025-07-07,21.0,2025-06-16,2025-09-15
B760X,POLLENÇA,BALEARES,45.0,2017,364,47,47,3,14,10,2.1,2017-01-01,27.6,2017-08-02,21.6,2017-06-16,2017-08-31
B760X,POLLENÇA,BALEARES,45.0,2018,363,36,31,2,11,16,0.4,2018-02-11,25.6,2018-08-08,21.4,2018-07-02,2018-09-18
B760X,POLLENÇA,BALEARES,45.0,2019,349,50,45,1,12,11,-0.6,2019-02-13,27.4,2019-07-07,21.6,2019-06-26,2019-09-21
B760X,POLLENÇA,BALEARES,45.0,2020,353,39,38,0,7,18,0.9,2020-01-13,23.5,2020-08-21,21.0,2020-06-27,2020-09-19
B760X,POLLENÇA,BALEARES,45.0,2021,359,46,34,1,13,13,1.0,2021-01-06,25.2,2021-08-11,21.6,2021-06-15,2021-09-25
B760X,POLLENÇA,BALEARES,45.0,2022,357,75,59,3,36,19,-0.4,2022-01-18,27.9,2022-08-14,22.8,2022-05-20,2022-09-16
B760X,POLLENÇA,BALEARES,45.0,2023,365,67,59,6,41,18,0.9,2023-02-04,26.4,2023-08-15,23.3,2023-03-11,2023-09-18
B760X,POLLENÇA,BALEARES,45.0,2024,366,57,51,0,13,22,1.4,2024-01-13,24.6,2024-08-02,21.6,2024-06-08,2024-09-27
B760X,POLLENÇA,BALEARES,45.0,2025,365,63,55,1,14,16,3.0,2025-03-16,25.5,2025-07-07,21.9,2025-06-13,2025-09-17
B780X,PORT DE POLLENÇA,BALEARES,2.0,2017,364,51,51,3,27,11,2.7,2017-01-25,26.2,2017-08-03,22.6,2017-06-16,2017-08-31
B780X,PORT DE POLLENÇA,BALEARES,2.0,2018,346,55,46,3,20,18,0.7,2018-02-24,27.0,2018-08-05,22.3,2018-06-30,2018-10-03
B780X,PORT DE POLLENÇA,BALEARES,2.0,2019,356,53,44,2,18,11,1.1,2019-02-13,26.9,2019-07-07,22.0,2019-06-25,2019-09-22
B780X,PORT DE POLLENÇA,BALEARES,2.0,2020,362,48,45,1,17,23,2.1,2020-01-13,25.7,2020-08-02,21.8,2020-06-27,2020-09-19
B780X,PORT DE POLLENÇA,BALEARES,2.0,2021,363,58,40,1,21,13,1.2,2021-01-06,25.3,2021-08-11,22.5,2021-06-15,2021-09-25
B780X,PORT DE POLLENÇA,BALEARES,2.0,2022,365,79,64,1,40,34,0.1,2022-01-18,27.0,2022-08-14,23.2,2022-06-03,2022-10-19
B780X,PORT DE POLLENÇA,BALEARES,2.0,2023,315,69,59,5,41,24,1.1,2023-02-11,26.5,2023-07-24,24.2,2023-06-19,2023-09-19
B780X,PORT DE POLLENÇA,BALEARES,2.0,2024,366,63,54,0,16,22,2.1,2024-01-13,24.6,2024-08-02,22.0,2024-06-08,2024-10-31
B780X,PORT DE POLLENÇA,BALEARES,2.0,2025,365,73,60,1,27,16,3.2,2025-03-16,25.7,2025-07-07,22.3,2025-06-13,2025-09-21
B800X,"LA MOLA, MAÓ",ILLES BALEARS,78.0,2017,336,83,69,6,53,21,3.4,2017-12-02,26.3,2017-08-02,24.0,2017-05-30,2017-10-17
B800X,"LA MOLA, MAÓ",ILLES BALEARS,78.0,2018,316,78,57,5,50,21,1.9,2018-03-20,26.6,2018-08-09,23.7,2018-06-18,2018-10-04
B800X,"LA MOLA, MAÓ",ILLES BALEARS,78.0,2019,347,93,66,4,61,26,4.8,2019-01-10,25.8,2019-07-08,24.1,2019-06-24,2019-11-02
B800X,"LA MOLA, MAÓ",ILLES BALEARS,78.0,2020,341,83,62,5,45,29,5.8,2020-12-26,26.0,2020-08-11,24.0,2020-06-22,2020-10-22
B800X,"LA MOLA, MAÓ",ILLES BALEARS,78.0,2021,331,96,70,2,56,35,4.5,2021-01-06,25.2,2021-08-15,23.9,2021-06-12,2021-10-03
B800X,"LA MOLA, MAÓ",ILLES BALEARS,78.0,2023,322,98,70,8,63,51,4.4,2023-01-22,25.5,2023-07-20,24.6,2023-06-08,2023-10-19
B800X,"LA MOLA, MAÓ",ILLES BALEARS,78.0,2024,354,83,66,5,42,37,5.8,2024-01-08,25.9,2024-08-12,23.8,2024-06-08,2024-11-04
B800X,"LA MOLA, MAÓ",ILLES BALEARS,78.0,2025,354,102,78,1,59,36,5.6,2025-11-21,25.7,2025-08-27,23.4,2025-06-03,2025-10-22
B825B,ES MERCADAL,ILLES BALEARS,80.0,2017,349,64,60,3,24,20,2.5,2017-12-02,26.7,2017-08-02,22.2,2017-06-14,2017-09-06
B825B,ES MERCADAL,ILLES BALEARS,80.0,2018,357,64,51,0,19,13,1.5,2018-03-20,24.6,2018-08-04,22.2,2018-07-01,2018-09-24
B825B,ES MERCADAL,ILLES BALEARS,80.0,2019,355,77,63,2,25,34,4.5,2019-04-04,25.7,2019-07-08,22.2,2019-06-24,2019-10-02
B825B,ES MERCADAL,ILLES BALEARS,80.0,2020,366,53,47,0,17,22,3.9,2020-03-25,24.7,2020-08-21,21.9,2020-06-25,2020-09-24
B825B,ES MERCADAL,ILLES BALEARS,80.0,2021,365,68,48,0,23,14,2.7,2021-01-05,24.4,2021-08-15,22.3,2021-06-15,2021-09-25
B825B,ES MERCADAL,ILLES BALEARS,80.0,2022,365,94,74,3,48,46,4.8,2022-03-08,25.9,2022-09-14,23.0,2022-06-03,2022-10-23
B825B,ES MERCADAL,ILLES BALEARS,80.0,2023,365,83,65,0,44,32,3.7,2023-03-02,25.0,2023-08-02,23.4,2023-06-16,2023-10-23
B825B,ES MERCADAL,ILLES BALEARS,80.0,2024,366,69,54,0,26,30,4.4,2024-01-08,23.8,2024-09-07,22.3,2024-06-08,2024-10-30
B825B,ES MERCADAL,ILLES BALEARS,80.0,2025,359,72,63,1,31,18,5.6,2025-11-21,25.2,2025-08-27,22.6,2025-06-03,2025-09-20
B860X,CIUTADELLA,ILLES BALEARS,20.0,2017,348,61,57,5,28,13,2.7,2017-02-10,27.5,2017-08-03,22.8,2017-06-16,2017-09-14
B860X,CIUTADELLA,ILLES BALEARS,20.0,2018,344,75,57,2,33,34,2.4,2018-02-24,25.7,2018-08-04,22.6,2018-06-19,2018-09-25
B860X,CIUTADELLA,ILLES BALEARS,20.0,2019,362,76,58,2,26,14,3.2,2019-02-14,25.9,2019-07-07,22.4,2019-06-25,2019-10-19
B860X,CIUTADELLA,ILLES BALEARS,20.0,2020,366,55,48,0,26,23,3.7,2020-03-27,24.9,2020-08-02,22.4,2020-06-27,2020-10-21
B860X,CIUTADELLA,ILLES BALEARS,20.0,2021,365,75,53,2,29,11,1.7,2021-01-06,25.3,2021-08-15,22.7,2021-06-12,2021-10-03
B860X,CIUTADELLA,ILLES BALEARS,20.0,2022,365,92,74,5,61,46,2.3,2022-01-17,27.0,2022-09-14,23.6,2022-06-03,2022-10-23
B860X,CIUTADELLA,ILLES BALEARS,20.0,2023,359,81,63,5,48,39,0.8,2023-02-11,25.8,2023-08-02,24.1,2023-06-19,2023-10-26
B860X,CIUTADELLA,ILLES BALEARS,20.0,2024,366,68,57,0,34,27,4.1,2024-01-13,24.7,2024-08-02,22.7,2024-06-08,2024-10-30
B860X,CIUTADELLA,ILLES BALEARS,20.0,2025,365,80,65,2,40,17,4.5,2025-02-05,25.5,2025-07-17,23.2,2025-06-04,2025-09-22
B870C,"CIUTADELLA, CALA GALDANA",BALEARES,43.0,2017,362,28,26,2,10,7,0.9,2017-01-06,25.7,2017-08-01,20.6,2017-06-18,2017-09-14
B870C,"CIUTADELLA, CALA GALDANA",BALEARES,43.0,2018,355,18,14,0,5,8,-0.2,2018-02-24,24.8,2018-08-09,20.0,2018-07-12,2018-10-14
B870C,"CIUTADELLA, CALA GALDANA",BALEARES,43.0,2019,359,29,20,0,9,7,0.3,2019-02-13,24.6,2019-08-18,21.2,2019-06-24,2019-10-19
B870C,"CIUTADELLA, CALA GALDANA",BALEARES,43.0,2020,365,13,11,0,2,3,0.8,2020-03-26,23.1,2020-08-21,19.7,2020-07-06,2020-10-21
B870C,"CIUTADELLA, CALA GALDANA",BALEARES,43.0,2021,347,30,18,0,14,5,-1.5,2021-01-06,24.8,2021-08-11,21.1,2021-06-17,2021-10-03
B870C,"CIUTADELLA, CALA GALDANA",BALEARES,43.0,2022,358,56,39,1,15,8,-0.6,2022-01-17,26.2,2022-08-13,21.5,2022-06-03,2022-10-23
B870C,"CIUTADELLA, CALA GALDANA",BALEARES,43.0,2023,337,50,44,0,25,13,-1.0,2023-02-11,24.9,2023-07-20,22.7,2023-06-19,2023-09-21
B870C,"CIUTADELLA, CALA GALDANA",BALEARES,43.0,2024,364,40,30,0,8,4,0.9,2024-01-08,23.4,2024-07-28,21.1,2024-06-08,2024-10-30
B870C,"CIUTADELLA, CALA GALDANA",BALEARES,43.0,2025,355,27,23,0,6,4,2.5,2025-03-16,24.2,2025-08-27,20.8,2025-06-04,2025-09-21
B893,"MENORCA, AEROPUERTO",BALEARES,91.0,2017,364,58,55,5,32,20,1.4,2017-01-17,26.2,2017-08-02,22.7,2017-06-14,2017-09-14
B893,"MENORCA, AEROPUERTO",BALEARES,91.0,2018,363,65,51,2,15,17,2.0,2018-02-09,25.3,2018-08-09,21.9,2018-06-28,2018-09-23
B893,"MENORCA, AEROPUERTO",BALEARES,91.0,2019,365,59,47,0,20,12,1.6,2019-02-15,24.8,2019-07-07,22.1,2019-06-26,2019-10-13
B893,"MENORCA, AEROPUERTO",BALEARES,91.0,2020,366,49,42,0,18,15,2.5,2020-03-26,24.6,2020-08-02,22.0,2020-06-29,2020-09-24
B893,"MENORCA, AEROPUERTO",BALEARES,91.0,2021,365,65,46,0,27,12,-0.6,2021-01-06,24.6,2021-08-11,22.6,2021-06-15,2021-10-03
B893,"MENORCA, AEROPUERTO",BALEARES,91.0,2022,365,87,67,9,52,30,1.2,2022-01-27,28.8,2022-09-14,24.2,2022-06-03,2022-10-22
B893,"MENORCA, AEROPUERTO",BALEARES,91.0,2023,365,72,56,0,37,23,0.4,2023-02-11,24.8,2023-08-02,23.1,2023-06-19,2023-10-20
B893,"MENORCA, AEROPUERTO",BALEARES,91.0,2024,366,62,47,0,23,15,2.0,2024-01-22,24.7,2024-08-02,22.2,2024-06-08,2024-10-31
B893,"MENORCA, AEROPUERTO",BALEARES,91.0,2025,365,46,40,0,17,9,2.8,2025-02-10,24.2,2025-08-27,21.9,2025-06-12,2025-09-22
B908X,SANT JOAN DE LABRITJA,ILLES BALEARS,110.0,2017,327,25,25,1,4,4,-1.8,2017-12-04,27.7,2017-08-02,20.8,2017-06-19,2017-08-28
B908X,SANT JOAN DE LABRITJA,ILLES BALEARS,110.0,2018,365,28,22,0,9,14,-1.5,2018-02-10,24.6,2018-08-08,20.4,2018-07-15,2018-09-26
B908X,SANT JOAN DE LABRITJA,ILLES BALEARS,110.0,2020,364,12,12,0,0,2,-2.1,2020-12-27,21.5,2020-08-02,19.6,2020-07-01,2020-08-24
B908X,SANT JOAN DE LABRITJA,ILLES BALEARS,110.0,2021,364,27,20,0,8,5,-3.5,2021-01-06,24.1,2021-08-16,21.0,2021-07-06,2021-09-25
B908X,SANT JOAN DE LABRITJA,ILLES BALEARS,110.0,2022,360,32,25,0,10,5,-2.0,2022-01-07,23.6,2022-09-12,21.2,2022-06-20,2022-09-24
B908X,SANT JOAN DE LABRITJA,ILLES BALEARS,110.0,2023,364,39,34,1,8,8,-1.8,2023-01-22,25.3,2023-07-21,21.6,2023-06-19,2023-09-17
B908X,SANT JOAN DE LABRITJA,ILLES BALEARS,110.0,2024,366,33,29,0,3,5,-0.5,2024-01-08,23.4,2024-07-13,20.7,2024-06-27,2024-10-29
B908X,SANT JOAN DE LABRITJA,ILLES BALEARS,110.0,2025,365,25,20,0,7,3,0.4,2025-01-15,24.3,2025-07-18,20.5,2025-06-12,2025-10-22
B925,SANT ANTONI DE PORTMANY,BALEARES,32.0,2019,364,45,39,1,15,8,-0.3,2019-01-12,28.1,2019-07-07,21.6,2019-06-25,2019-11-02
B925,SANT ANTONI DE PORTMANY,BALEARES,32.0,2020,357,38,34,0,6,10,0.4,2020-12-27,23.9,2020-08-21,21.0,2020-07-01,2020-11-06
B925,SANT ANTONI DE PORTMANY,BALEARES,32.0,2021,361,54,38,3,21,13,-1.3,2021-01-06,25.4,2021-08-15,22.5,2021-06-17,2021-11-01
B925,SANT ANTONI DE PORTMANY,BALEARES,32.0,2022,355,61,47,1,19,21,-0.2,2022-01-07,25.4,2022-08-13,22.2,2022-06-15,2022-09-24
B925,SANT ANTONI DE PORTMANY,BALEARES,32.0,2023,365,67,58,2,31,32,-0.1,2023-01-22,26.3,2023-07-21,22.9,2023-06-19,2023-10-26
B925,SANT ANTONI DE PORTMANY,BALEARES,32.0,2024,347,64,51,0,22,20,1.8,2024-01-08,23.7,2024-07-28,22.3,2024-06-08,2024-10-29
B925,SANT ANTONI DE PORTMANY,BALEARES,32.0,2025,364,59,53,0,18,24,1.3,2025-01-15,24.9,2025-07-21,22.0,2025-06-10,2025-10-22
B954,"IBIZA, AEROPUERTO",ILLES BALEARS,6.0,2017,364,72,65,4,39,36,1.4,2017-12-04,27.9,2017-08-02,23.4,2017-06-14,2017-10-15
B954,"IBIZA, AEROPUERTO",ILLES BALEARS,6.0,2018,365,83,62,6,48,28,1.6,2018-02-11,26.5,2018-08-09,23.6,2018-06-23,2018-09-26
B954,"IBIZA, AEROPUERTO",ILLES BALEARS,6.0,2019,365,81,62,1,41,26,0.4,2019-01-12,26.8,2019-07-07,23.2,2019-06-21,2019-11-02
B954,"IBIZA, AEROPUERTO",ILLES BALEARS,6.0,2020,365,71,59,0,27,20,1.7,2020-01-13,25.0,2020-08-21,22.2,2020-06-19,2020-11-06
B954,"IBIZA, AEROPUERTO",ILLES BALEARS,6.0,2021,365,88,64,4,40,62,0.0,2021-01-06,25.9,2021-08-11,23.6,2021-06-16,2021-11-01
B954,"IBIZA, AEROPUERTO",ILLES BALEARS,6.0,2022,362,84,63,6,56,32,1.2,2022-01-07,25.7,2022-09-03,24.1,2022-06-03,2022-10-18
B954,"IBIZA, AEROPUERTO",ILLES BALEARS,6.0,2023,364,91,71,10,61,39,1.1,2023-01-22,27.0,2023-08-01,24.2,2023-06-07,2023-10-27
B954,"IBIZA, AEROPUERTO",ILLES BALEARS,6.0,2024,366,85,64,3,52,21,2.8,2024-01-12,25.2,2024-07-28,23.9,2024-06-08,2024-10-29
B954,"IBIZA, AEROPUERTO",ILLES BALEARS,6.0,2025,363,93,74,2,46,33,2.4,2025-02-05,26.0,2025-07-22,23.2,2025-06-12,2025-10-22
B957,EIVISSA,BALEARES,3.0,2017,363,60,56,4,28,13,0.8,2017-12-04,28.1,2017-08-02,22.8,2017-06-14,2017-09-14
B957,EIVISSA,BALEARES,3.0,2018,363,73,54,5,29,23,0.7,2018-02-10,26.5,2018-08-07,22.8,2018-06-23,2018-09-26
B957,EIVISSA,BALEARES,3.0,2019,358,67,57,1,23,15,-0.1,2019-01-12,26.6,2019-07-07,22.7,2019-06-19,2019-11-02
B957,EIVISSA,BALEARES,3.0,2020,355,53,48,0,16,11,0.5,2020-12-27,24.9,2020-08-21,21.9,2020-06-26,2020-11-06
B957,EIVISSA,BALEARES,3.0,2021,364,72,53,2,26,44,-0.6,2021-01-06,25.5,2021-08-11,23.2,2021-06-16,2021-09-25
B957,EIVISSA,BALEARES,3.0,2022,361,78,60,1,40,25,0.4,2022-01-07,26.7,2022-08-13,23.0,2022-06-03,2022-10-18
B957,EIVISSA,BALEARES,3.0,2023,363,78,63,6,48,32,0.9,2023-01-22,26.4,2023-08-26,23.9,2023-06-18,2023-10-23
B957,EIVISSA,BALEARES,3.0,2024,366,70,57,0,39,20,2.5,2024-01-12,24.7,2024-07-20,23.2,2024-06-08,2024-10-29
B957,EIVISSA,BALEARES,3.0,2025,359,79,64,5,36,25,2.5,2025-11-28,25.8,2025-07-22,23.0,2025-06-12,2025-10-22
B986,FORMENTERA,BALEARES,24.0,2017,346,69,63,2,42,15,2.8,2017-12-13,27.7,2017-08-02,23.5,2017-06-13,2017-10-16
B986,FORMENTERA,BALEARES,24.0,2018,365,84,62,5,40,33,2.1,2018-02-10,25.8,2018-08-10,23.5,2018-06-23,2018-09-26
B986,FORMENTERA,BALEARES,24.0,2019,347,84,64,1,44,26,0.5,2019-01-12,25.9,2019-07-07,23.8,2019-06-24,2019-10-19
B986,FORMENTERA,BALEARES,24.0,2020,365,71,60,3,34,21,3.5,2020-01-12,25.9,2020-08-21,23.2,2020-06-06,2020-10-21
B986,FORMENTERA,BALEARES,24.0,2021,365,87,64,4,50,50,1.7,2021-01-06,25.3,2021-08-16,24.2,2021-06-11,2021-11-01
B986,FORMENTERA,BALEARES,24.0,2022,362,97,72,13,68,26,1.3,2022-01-07,27.8,2022-08-13,24.1,2022-05-29,2022-10-23
B986,FORMENTERA,BALEARES,24.0,2023,364,92,71,13,64,61,1.6,2023-03-04,26.8,2023-07-23,24.8,2023-06-10,2023-10-26
B986,FORMENTERA,BALEARES,24.0,2024,366,93,68,12,59,35,4.2,2024-12-21,26.3,2024-08-08,24.4,2024-06-07,2024-10-29
B986,FORMENTERA,BALEARES,24.0,2025,361,114,83,11,64,36,3.4,2025-11-28,26.1,2025-07-18,24.5,2025-06-02,2025-10-23
C018J,TÍAS,LAS PALMAS,376.0,2017,362,15,6,3,6,4,8.9,2017-03-26,27.5,2017-10-13,19.6,2017-03-10,2017-10-27
C018J,TÍAS,LAS PALMAS,376.0,2018,363,2,0,0,1,2,6.8,2018-02-08,22.1,2018-09-13,18.6,2018-09-13,2018-09-14
C018J,TÍAS,LAS PALMAS,376.0,2019,361,3,1,0,0,1,9.9,2019-02-08,20.7,2019-10-28,18.4,2019-08-17,2019-10-28
C018J,TÍAS,LAS PALMAS,376.0,2020,365,9,2,1,3,3,9.7,2020-03-23,25.2,2020-08-26,19.4,2020-08-26,2020-11-17
C018J,TÍAS,LAS PALMAS,376.0,2021,364,4,3,1,2,2,7.4,2021-02-06,26.1,2021-08-16,18.8,2021-07-12,2021-10-17
C018J,TÍAS,LAS PALMAS,376.0,2022,365,14,6,0,1,3,8.1,2022-03-14,22.6,2022-07-25,19.2,2022-04-17,2022-11-16
C018J,TÍAS,LAS PALMAS,376.0,2023,363,29,12,2,11,14,8.8,2023-02-16,28.3,2023-10-08,20.9,2023-03-12,2023-11-15
C018J,TÍAS,LAS PALMAS,376.0,2024,364,8,2,0,2,3,10.8,2024-03-22,24.8,2024-11-09,19.3,2024-04-11,2024-11-22
C018J,TÍAS,LAS PALMAS,376.0,2025,362,10,5,1,7,4,9.5,2025-02-10,26.4,2025-08-10,19.2,2025-07-16,2025-11-04
C019V,YAIZA PLAYA BLANCA,LAS PALMAS,6.0,2017,364,128,77,0,31,41,10.9,2017-01-20,24.8,2017-10-13,22.3,2017-03-10,2017-11-26
C019V,YAIZA PLAYA BLANCA,LAS PALMAS,6.0,2018,365,92,49,0,10,29,10.0,2018-01-30,23.9,2018-09-13,21.7,2018-07-04,2018-12-06
C019V,YAIZA PLAYA BLANCA,LAS PALMAS,6.0,2019,362,96,60,0,7,40,11.7,2019-01-05,23.5,2019-08-17,21.7,2019-06-24,2019-12-27
C019V,YAIZA PLAYA BLANCA,LAS PALMAS,6.0,2020,366,132,83,0,27,91,11.5,2020-01-18,24.3,2020-08-27,22.3,2020-02-04,2020-11-18
C019V,YAIZA PLAYA BLANCA,LAS PALMAS,6.0,2021,351,89,50,1,18,21,11.5,2021-02-19,26.1,2021-08-17,22.0,2021-03-24,2021-10-23
C019V,YAIZA PLAYA BLANCA,LAS PALMAS,6.0,2022,365,125,69,0,25,46,12.0,2022-03-14,24.4,2022-07-26,22.2,2022-02-01,2022-12-29
C019V,YAIZA PLAYA BLANCA,LAS PALMAS,6.0,2023,364,157,88,1,62,86,11.5,2023-02-04,29.5,2023-10-08,23.3,2023-03-30,2023-12-16
C019V,YAIZA PLAYA BLANCA,LAS PALMAS,6.0,2024,366,125,60,1,29,56,12.3,2024-01-07,25.9,2024-11-09,22.3,2024-01-12,2024-12-17
C019V,YAIZA PLAYA BLANCA,LAS PALMAS,6.0,2025,365,129,78,0,45,78,11.9,2025-02-10,24.5,2025-08-10,22.6,2025-06-13,2025-11-23
C029O,LANZAROTE AEROPUERTO,LAS PALMAS,14.0,2017,365,112,70,2,18,38,10.2,2017-01-26,25.9,2017-10-13,22.0,2017-03-10,2017-11-09
C029O,LANZAROTE AEROPUERTO,LAS PALMAS,14.0,2018,363,79,43,0,8,23,7.6,2018-02-07,23.3,2018-09-14,21.6,2018-06-29,2018-10-17
C029O,LANZAROTE AEROPUERTO,LAS PALMAS,14.0,2019,364,83,53,0,4,32,10.8,2019-02-09,22.6,2019-08-25,21.3,2019-06-02,2019-11-02
C029O,LANZAROTE AEROPUERTO,LAS PALMAS,14.0,2020,362,112,75,0,21,61,10.3,2020-01-22,24.8,2020-08-26,22.3,2020-02-24,2020-10-31
C029O,LANZAROTE AEROPUERTO,LAS PALMAS,14.0,2021,363,74,42,1,7,13,10.4,2021-01-20,26.9,2021-08-16,21.5,2021-06-10,2021-10-23
C029O,LANZAROTE AEROPUERTO,LAS PALMAS,14.0,2022,361,94,54,0,19,40,9.5,2022-03-14,24.2,2022-07-26,22.1,2022-04-17,2022-12-27
C029O,LANZAROTE AEROPUERTO,LAS PALMAS,14.0,2023,364,139,86,3,48,98,10.4,2023-02-16,27.6,2023-10-08,23.2,2023-03-30,2023-11-16
C029O,LANZAROTE AEROPUERTO,LAS PALMAS,14.0,2024,366,99,57,0,19,48,11.9,2024-03-24,24.6,2024-04-11,22.1,2024-04-11,2024-11-28
C029O,LANZAROTE AEROPUERTO,LAS PALMAS,14.0,2025,365,114,71,4,32,52,11.2,2025-01-05,27.4,2025-08-10,22.6,2025-06-13,2025-11-09
C038N,HARÍA,LAS PALMAS,277.0,2017,358,18,12,3,9,4,7.3,2017-03-26,26.1,2017-08-07,20.0,2017-06-23,2017-11-25
C038N,HARÍA,LAS PALMAS,277.0,2018,364,9,2,0,0,2,8.3,2018-02-08,21.8,2018-08-06,19.7,2018-08-06,2018-10-10
C038N,HARÍA,LAS PALMAS,277.0,2019,363,7,5,0,1,2,8.7,2019-01-10,22.5,2019-08-17,19.5,2019-06-02,2019-10-27
C038N,HARÍA,LAS PALMAS,277.0,2020,364,26,14,2,7,7,8.7,2020-01-15,26.8,2020-08-27,20.4,2020-07-06,2020-11-16
C038N,HARÍA,LAS PALMAS,277.0,2021,364,17,10,1,5,5,8.9,2021-01-19,25.3,2021-08-16,20.0,2021-06-10,2021-10-01
C038N,HARÍA,LAS PALMAS,277.0,2022,363,23,13,2,6,4,8.7,2022-03-14,27.3,2022-07-10,20.2,2022-07-09,2022-10-04
C038N,HARÍA,LAS PALMAS,277.0,2023,364,48,27,1,19,15,7.9,2023-02-16,25.4,2023-10-08,22.1,2023-06-27,2023-10-17
C038N,HARÍA,LAS PALMAS,277.0,2024,360,22,12,0,4,6,10.7,2024-03-24,24.2,2024-07-25,20.4,2024-01-14,2024-11-30
C038N,HARÍA,LAS PALMAS,277.0,2025,364,33,24,2,8,15,8.8,2025-02-09,27.5,2025-08-11,20.3,2025-07-16,2025-09-21
C048W,TINAJO,LAS PALMAS,275.0,2017,364,15,6,2,5,4,7.7,2017-03-26,27.0,2017-10-13,19.8,2017-03-10,2017-11-25
C048W,TINAJO,LAS PALMAS,275.0,2018,364,6,1,0,1,2,7.6,2018-02-08,22.6,2018-09-13,19.6,2018-08-06,2018-09-29
C048W,TINAJO,LAS PALMAS,275.0,2019,356,3,1,0,0,1,8.9,2019-02-09,21.2,2019-10-26,19.4,2019-08-17,2019-10-28
C048W,TINAJO,LAS PALMAS,275.0,2020,364,15,5,0,1,3,9.8,2020-01-17,22.7,2020-08-27,20.0,2020-02-24,2020-11-16
C048W,TINAJO,LAS PALMAS,275.0,2021,363,10,4,0,1,3,8.8,2021-01-18,23.3,2021-08-17,19.7,2021-07-12,2021-09-17
C048W,TINAJO,LAS PALMAS,275.0,2022,357,15,6,0,0,4,9.2,2022-03-14,22.0,2022-07-26,19.9,2022-04-17,2022-09-23
C048W,TINAJO,LAS PALMAS,275.0,2023,364,49,27,2,10,10,9.2,2023-02-16,27.8,2023-10-08,21.4,2023-06-25,2023-11-14
C048W,TINAJO,LAS PALMAS,275.0,2024,363,14,5,0,1,5,10.6,2024-12-13,23.5,2024-11-09,19.8,2024-08-17,2024-11-30
C048W,TINAJO,LAS PALMAS,275.0,2025,364,20,15,0,4,5,8.3,2025-02-09,24.6,2025-09-18,20.1,2025-07-17,2025-09-20
C101A,ROQUE DE LOS MUCHACHOS,SANTA CRUZ DE TENERIFE,2223.0,2020,366,2,2,0,0,1,-3.5,2020-01-23,20.4,2020-08-26,18.0,2020-07-07,2020-08-26
C101A,ROQUE DE LOS MUCHACHOS,SANTA CRUZ DE TENERIFE,2223.0,2021,357,1,1,0,0,1,-4.1,2021-01-11,20.2,2021-07-18,16.8,2021-07-18,2021-07-18
C101A,ROQUE DE LOS MUCHACHOS,SANTA CRUZ DE TENERIFE,2223.0,2022,365,4,4,0,0,2,-3.4,2022-04-05,21.2,2022-07-10,17.0,2022-07-10,2022-08-03
C101A,ROQUE DE LOS MUCHACHOS,SANTA CRUZ DE TENERIFE,2223.0,2023,364,8,8,0,0,5,-3.3,2023-01-31,21.8,2023-08-11,17.4,2023-07-12,2023-08-14
C101A,ROQUE DE LOS MUCHACHOS,SANTA CRUZ DE TENERIFE,2223.0,2024,366,8,8,0,0,3,-2.4,2024-03-03,21.8,2024-07-24,18.4,2024-07-12,2024-08-10
C101A,ROQUE DE LOS MUCHACHOS,SANTA CRUZ DE TENERIFE,2223.0,2025,365,1,1,0,0,1,-2.9,2025-04-02,20.7,2025-08-10,17.5,2025-08-10,2025-08-10
C117A,PUNTAGORDA,STA. CRUZ DE TENERIFE,684.0,2017,363,29,21,4,13,4,7.1,2017-03-24,26.7,2017-07-28,21.7,2017-03-10,2017-11-12
C117A,PUNTAGORDA,STA. CRUZ DE TENERIFE,684.0,2018,365,12,6,0,10,4,7.8,2018-03-17,24.5,2018-07-10,17.1,2018-07-10,2018-09-27
C117A,PUNTAGORDA,STA. CRUZ DE TENERIFE,684.0,2019,363,15,7,3,9,4,7.4,2019-01-23,27.7,2019-08-18,19.7,2019-06-03,2019-11-03
C117A,PUNTAGORDA,STA. CRUZ DE TENERIFE,684.0,2020,366,30,16,9,16,7,7.5,2020-01-22,30.6,2020-08-26,21.6,2020-05-23,2020-11-01
C117A,PUNTAGORDA,STA. CRUZ DE TENERIFE,684.0,2021,365,25,15,5,17,6,5.5,2021-02-05,32.7,2021-08-17,21.4,2021-06-09,2021-10-21
C117A,PUNTAGORDA,STA. CRUZ DE TENERIFE,684.0,2022,364,24,20,3,12,8,6.7,2022-03-15,26.4,2022-07-21,20.7,2022-04-17,2022-10-05
C117A,PUNTAGORDA,STA. CRUZ DE TENERIFE,684.0,2023,365,41,18,11,32,14,7.8,2023-02-11,34.6,2023-08-12,24.2,2023-03-25,2023-11-21
C117A,PUNTAGORDA,STA. CRUZ DE TENERIFE,684.0,2024,366,22,14,1,13,5,6.4,2024-12-24,25.3,2024-04-12,21.1,2024-04-11,2024-12-16
C117A,PUNTAGORDA,STA. CRUZ DE TENERIFE,684.0,2025,361,16,10,4,12,6,8.4,2025-03-05,26.7,2025-07-17,19.6,2025-07-16,2025-11-03
C117Z,TIJARAFE,STA. CRUZ DE TENERIFE,733.0,2017,318,39,24,8,24,5,7.7,2017-03-26,27.4,2017-08-24,22.7,2017-03-09,2017-11-12
C117Z,TIJARAFE,STA. CRUZ DE TENERIFE,733.0,2018,363,11,5,2,9,4,8.2,2018-01-29,26.4,2018-08-06,17.5,2018-07-10,2018-09-27
C117Z,TIJARAFE,STA. CRUZ DE TENERIFE,733.0,2019,351,18,9,7,9,4,8.4,2019-02-19,29.4,2019-08-18,20.0,2019-06-03,2019-11-30
C117Z,TIJARAFE,STA. CRUZ DE TENERIFE,733.0,2020,366,33,19,10,21,8,7.7,2020-03-23,31.0,2020-08-26,22.5,2020-05-23,2020-11-17
C117Z,TIJARAFE,STA. CRUZ DE TENERIFE,733.0,2021,365,31,18,8,18,8,5.5,2021-02-05,33.9,2021-08-17,21.9,2021-05-21,2021-10-21
C117Z,TIJARAFE,STA. CRUZ DE TENERIFE,733.0,2022,365,25,21,5,14,7,7.3,2022-03-15,28.0,2022-07-26,20.9,2022-04-17,2022-10-05
C117Z,TIJARAFE,STA. CRUZ DE TENERIFE,733.0,2023,365,52,22,16,34,16,8.0,2023-02-16,34.7,2023-08-12,25.0,2023-03-12,2023-11-21
C117Z,TIJARAFE,STA. CRUZ DE TENERIFE,733.0,2024,330,21,12,1,10,6,9.2,2024-03-29,25.4,2024-07-25,21.3,2024-04-11,2024-11-10
C117Z,TIJARAFE,STA. CRUZ DE TENERIFE,733.0,2025,365,18,11,4,13,7,8.6,2025-03-09,27.6,2025-07-17,19.9,2025-07-16,2025-11-04
C126A,EL PASO,SANTA CRUZ DE TENERIFE,844.0,2017,364,31,25,7,18,5,3.1,2017-03-04,27.9,2017-08-24,22.0,2017-06-23,2017-10-15
C126A,EL PASO,SANTA CRUZ DE TENERIFE,844.0,2018,365,11,8,2,5,4,4.1,2018-01-31,26.8,2018-08-06,18.7,2018-07-10,2018-09-27
C126A,EL PASO,SANTA CRUZ DE TENERIFE,844.0,2019,365,20,15,3,13,5,2.9,2019-01-10,28.6,2019-08-18,21.1,2019-06-02,2019-11-02
C126A,EL PASO,SANTA CRUZ DE TENERIFE,844.0,2020,366,41,28,11,30,7,3.9,2020-01-16,27.8,2020-08-26,23.4,2020-05-23,2020-11-01
C126A,EL PASO,SANTA CRUZ DE TENERIFE,844.0,2021,365,29,20,7,18,8,2.8,2021-01-18,29.7,2021-08-16,21.9,2021-05-21,2021-10-20
C126A,EL PASO,SANTA CRUZ DE TENERIFE,844.0,2022,364,25,25,9,18,9,4.2,2022-03-25,27.1,2022-07-26,22.0,2022-06-08,2022-08-25
C126A,EL PASO,SANTA CRUZ DE TENERIFE,844.0,2023,365,35,23,7,15,9,3.6,2023-02-07,29.9,2023-07-13,21.4,2023-03-26,2023-10-14
C126A,EL PASO,SANTA CRUZ DE TENERIFE,844.0,2024,366,26,23,4,15,6,5.1,2024-03-27,26.6,2024-08-22,21.1,2024-04-11,2024-10-04
C126A,EL PASO,SANTA CRUZ DE TENERIFE,844.0,2025,344,22,17,3,15,7,3.5,2025-01-09,28.3,2025-07-17,21.7,2025-07-04,2025-09-19
C129V,FUENCALIENTE,STA. CRUZ DE TENERIFE,19.0,2017,351,151,72,0,44,37,13.9,2017-03-26,23.5,2017-10-27,22.6,2017-03-11,2017-12-01
C129V,FUENCALIENTE,STA. CRUZ DE TENERIFE,19.0,2018,365,117,63,0,29,108,13.8,2018-02-09,23.3,2018-09-13,22.4,2018-06-26,2018-12-06
C129V,FUENCALIENTE,STA. CRUZ DE TENERIFE,19.0,2019,364,131,71,0,36,92,14.2,2019-04-02,23.4,2019-08-17,22.3,2019-06-03,2019-11-30
C129V,FUENCALIENTE,STA. CRUZ DE TENERIFE,19.0,2020,366,159,84,0,53,66,12.7,2020-01-22,24.5,2020-09-08,22.8,2020-02-23,2020-11-23
C129V,FUENCALIENTE,STA. CRUZ DE TENERIFE,19.0,2021,362,140,71,2,48,114,11.8,2021-02-05,27.6,2021-08-17,23.0,2021-05-21,2021-12-31
C129V,FUENCALIENTE,STA. CRUZ DE TENERIFE,19.0,2022,363,147,70,0,37,51,13.0,2022-03-15,24.1,2022-07-26,22.5,2022-02-10,2022-12-31
C129V,FUENCALIENTE,STA. CRUZ DE TENERIFE,19.0,2023,365,180,86,1,108,148,13.4,2023-02-16,25.1,2023-10-11,24.0,2023-03-30,2023-12-09
C129V,FUENCALIENTE,STA. CRUZ DE TENERIFE,19.0,2024,366,162,80,0,55,109,14.7,2024-12-23,23.2,2024-08-21,22.6,2024-01-12,2024-12-17
C129V,FUENCALIENTE,STA. CRUZ DE TENERIFE,19.0,2025,361,151,81,0,70,98,14.2,2025-03-05,24.9,2025-09-20,22.9,2025-06-03,2025-11-25
C129Z,TAZACORTE,SANTA CRUZ DE TENERIFE,62.0,2019,363,90,51,0,6,27,13.6,2019-04-02,23.4,2019-08-18,21.2,2019-06-18,2019-11-08
C129Z,TAZACORTE,SANTA CRUZ DE TENERIFE,62.0,2020,363,117,59,0,18,81,13.5,2020-03-23,23.8,2020-08-28,22.0,2020-02-23,2020-11-18
C129Z,TAZACORTE,SANTA CRUZ DE TENERIFE,62.0,2021,335,89,52,1,18,34,11.2,2021-02-05,29.3,2021-08-17,22.1,2021-05-21,2021-10-24
C129Z,TAZACORTE,SANTA CRUZ DE TENERIFE,62.0,2022,336,111,57,0,16,44,13.5,2022-03-15,23.2,2022-08-22,22.0,2022-01-16,2022-12-29
C129Z,TAZACORTE,SANTA CRUZ DE TENERIFE,62.0,2023,365,154,84,0,45,104,13.5,2023-02-11,25.0,2023-08-26,22.9,2023-03-30,2023-11-22
C129Z,TAZACORTE,SANTA CRUZ DE TENERIFE,62.0,2024,363,117,63,0,12,44,14.6,2024-03-24,23.3,2024-12-16,21.7,2024-04-12,2024-12-17
C139E,LA PALMA AEROPUERTO,SANTA CRUZ DE TENERIFE,33.0,2017,323,150,77,0,41,95,13.4,2017-03-25,23.8,2017-10-15,22.6,2017-03-10,2017-11-27
C139E,LA PALMA AEROPUERTO,SANTA CRUZ DE TENERIFE,33.0,2018,362,107,60,0,25,41,12.8,2018-02-24,23.1,2018-09-13,22.2,2018-06-19,2018-11-02
C139E,LA PALMA AEROPUERTO,SANTA CRUZ DE TENERIFE,33.0,2019,363,111,59,0,24,46,13.2,2019-04-02,23.1,2019-08-10,22.1,2019-06-03,2019-11-04
C139E,LA PALMA AEROPUERTO,SANTA CRUZ DE TENERIFE,33.0,2020,365,137,79,0,32,66,13.3,2020-03-28,23.6,2020-08-27,22.4,2020-02-23,2020-11-22
C139E,LA PALMA AEROPUERTO,SANTA CRUZ DE TENERIFE,33.0,2021,364,116,63,1,30,62,11.0,2021-02-05,26.7,2021-08-17,22.6,2021-05-21,2021-11-03
C139E,LA PALMA AEROPUERTO,SANTA CRUZ DE TENERIFE,33.0,2022,365,128,63,0,30,27,13.5,2022-12-26,23.9,2022-07-26,22.3,2022-05-18,2022-12-13
C139E,LA PALMA AEROPUERTO,SANTA CRUZ DE TENERIFE,33.0,2023,365,163,85,0,88,130,12.4,2023-02-16,24.8,2023-08-21,23.6,2023-03-30,2023-11-25
C139E,LA PALMA AEROPUERTO,SANTA CRUZ DE TENERIFE,33.0,2024,365,121,62,0,30,61,14.1,2024-12-23,23.4,2024-12-16,22.2,2024-01-16,2024-12-16
C139E,LA PALMA AEROPUERTO,SANTA CRUZ DE TENERIFE,33.0,2025,365,139,75,0,53,76,13.6,2025-12-13,24.3,2025-09-20,22.6,2025-06-07,2025-11-25
C148F,SAN ANDRÉS Y SAUCES,STA. CRUZ DE TENERIFE,362.0,2017,364,4,2,0,0,2,10.4,2017-03-26,20.7,2017-10-15,19.4,2017-08-08,2017-10-15
C148F,SAN ANDRÉS Y SAUCES,STA. CRUZ DE TENERIFE,362.0,2018,365,0,0,0,0,0,10.4,2018-02-06,20.0,2018-09-13,19.0,,
C148F,SAN ANDRÉS Y SAUCES,STA. CRUZ DE TENERIFE,362.0,2019,315,2,2,0,0,1,10.7,2019-04-02,20.7,2019-08-17,19.0,2019-08-10,2019-08-17
C148F,SAN ANDRÉS Y SAUCES,STA. CRUZ DE TENERIFE,362.0,2020,366,7,1,0,0,2,10.2,2020-01-22,21.8,2020-08-27,19.3,2020-08-27,2020-09-26
C148F,SAN ANDRÉS Y SAUCES,STA. CRUZ DE TENERIFE,362.0,2021,365,11,5,2,3,5,8.2,2021-02-05,26.1,2021-08-17,19.3,2021-08-16,2021-10-19
C148F,SAN ANDRÉS Y SAUCES,STA. CRUZ DE TENERIFE,362.0,2022,365,2,1,0,0,1,9.8,2022-03-14,20.3,2022-09-16,18.8,2022-07-26,2022-09-16
C148F,SAN ANDRÉS Y SAUCES,STA. CRUZ DE TENERIFE,362.0,2023,365,26,12,1,9,13,10.1,2023-02-15,25.1,2023-10-07,21.1,2023-03-31,2023-10-16
C148F,SAN ANDRÉS Y SAUCES,STA. CRUZ DE TENERIFE,362.0,2024,366,2,0,0,0,1,12.2,2024-03-29,20.8,2024-04-12,19.0,2024-04-12,2024-12-16
C148F,SAN ANDRÉS Y SAUCES,STA. CRUZ DE TENERIFE,362.0,2025,365,4,1,0,1,3,11.0,2025-03-03,22.5,2025-07-17,19.2,2025-07-17,2025-09-20
C229J,PÁJARA,LAS PALMAS,15.0,2017,330,173,76,12,113,122,13.1,2017-01-10,28.4,2017-10-14,24.4,2017-03-10,2017-11-28
C229J,PÁJARA,LAS PALMAS,15.0,2018,330,97,58,0,18,28,10.2,2018-02-08,23.8,2018-09-13,22.1,2018-03-28,2018-12-06
C229J,PÁJARA,LAS PALMAS,15.0,2019,355,134,70,1,34,37,13.5,2019-03-25,25.1,2019-08-17,22.5,2019-05-27,2019-12-28
C229J,PÁJARA,LAS PALMAS,15.0,2020,364,165,87,3,62,52,11.9,2020-03-12,25.8,2020-09-09,23.2,2020-01-30,2020-11-24
C229J,PÁJARA,LAS PALMAS,15.0,2021,349,133,68,2,42,66,12.0,2021-02-06,26.9,2021-08-17,22.7,2021-03-24,2021-12-31
C229J,PÁJARA,LAS PALMAS,15.0,2022,353,173,84,3,79,46,11.6,2022-01-18,26.4,2022-04-17,23.6,2022-01-01,2022-12-29
C229J,PÁJARA,LAS PALMAS,15.0,2023,332,177,72,12,120,106,12.6,2023-02-10,30.1,2023-10-08,24.8,2023-03-30,2023-12-29
C229J,PÁJARA,LAS PALMAS,15.0,2024,355,184,87,2,78,92,13.8,2024-03-22,25.6,2024-11-09,24.1,2024-01-12,2024-12-17
C229J,PÁJARA,LAS PALMAS,15.0,2025,348,162,87,5,69,128,14.2,2025-12-13,26.1,2025-07-18,23.7,2025-06-01,2025-11-24
C239N,"TUINEJE,PUERTO GRAN TARAJAL",LAS PALMAS,1.0,2017,364,145,78,3,49,70,9.8,2017-01-26,25.9,2017-10-14,24.3,2017-03-10,2017-11-26
C239N,"TUINEJE,PUERTO GRAN TARAJAL",LAS PALMAS,1.0,2018,363,106,59,0,30,52,9.0,2018-01-31,24.4,2018-08-14,22.4,2018-03-28,2018-12-06
C239N,"TUINEJE,PUERTO GRAN TARAJAL",LAS PALMAS,1.0,2019,363,102,61,3,28,28,10.7,2019-01-10,27.5,2019-08-17,22.4,2019-06-02,2019-11-03
C239N,"TUINEJE,PUERTO GRAN TARAJAL",LAS PALMAS,1.0,2020,366,134,81,5,44,69,9.0,2020-01-22,26.6,2020-09-08,23.1,2020-02-03,2020-11-21
C239N,"TUINEJE,PUERTO GRAN TARAJAL",LAS PALMAS,1.0,2021,364,98,57,4,29,27,9.3,2021-01-20,29.8,2021-08-17,22.5,2021-03-25,2021-10-23
C239N,"TUINEJE,PUERTO GRAN TARAJAL",LAS PALMAS,1.0,2022,365,131,68,3,43,74,10.0,2022-02-21,28.0,2022-07-26,23.2,2022-02-08,2022-12-28
C239N,"TUINEJE,PUERTO GRAN TARAJAL",LAS PALMAS,1.0,2023,365,147,80,14,79,73,9.9,2023-02-09,28.6,2023-10-09,24.7,2023-03-25,2023-11-21
C239N,"TUINEJE,PUERTO GRAN TARAJAL",LAS PALMAS,1.0,2024,366,126,66,1,35,61,11.7,2024-12-13,25.7,2024-08-03,22.6,2024-01-16,2024-12-17
C239N,"TUINEJE,PUERTO GRAN TARAJAL",LAS PALMAS,1.0,2025,364,123,76,7,44,61,9.2,2025-01-05,28.4,2025-07-17,23.3,2025-05-10,2025-11-23
C248E,ANTIGUA,LAS PALMAS,252.0,2018,348,7,2,0,0,2,7.3,2018-01-29,21.9,2018-08-14,19.5,2018-08-13,2018-09-24
C248E,ANTIGUA,LAS PALMAS,252.0,2019,351,10,4,2,2,3,8.4,2019-01-16,26.5,2019-08-17,19.5,2019-08-17,2019-10-28
C248E,ANTIGUA,LAS PALMAS,252.0,2020,349,17,8,2,4,6,8.0,2020-01-15,27.4,2020-08-26,20.0,2020-07-19,2020-09-25
C248E,ANTIGUA,LAS PALMAS,252.0,2021,357,11,4,2,3,3,9.1,2021-01-18,27.1,2021-08-17,19.7,2021-07-12,2021-10-02
C248E,ANTIGUA,LAS PALMAS,252.0,2022,363,17,9,1,5,4,8.3,2022-02-21,26.0,2022-07-26,20.0,2022-07-10,2022-10-04
C248E,ANTIGUA,LAS PALMAS,252.0,2023,364,46,26,2,16,16,8.1,2023-02-09,26.2,2023-08-13,21.8,2023-03-30,2023-11-15
C248E,ANTIGUA,LAS PALMAS,252.0,2024,365,17,8,0,1,5,9.7,2024-03-27,22.1,2024-08-19,19.9,2024-04-11,2024-11-22
C248E,ANTIGUA,LAS PALMAS,252.0,2025,361,27,15,1,7,6,9.3,2025-01-05,25.2,2025-09-19,20.3,2025-07-16,2025-10-23
C249I,FUERTEVENTURA AEROPUERTO,LAS PALMAS,25.0,2017,361,157,82,2,53,52,11.4,2017-02-13,25.5,2017-08-07,23.2,2017-04-17,2017-11-25
C249I,FUERTEVENTURA AEROPUERTO,LAS PALMAS,25.0,2018,361,101,55,0,28,47,9.5,2018-02-08,23.2,2018-09-13,22.2,2018-06-22,2018-11-04
C249I,FUERTEVENTURA AEROPUERTO,LAS PALMAS,25.0,2019,362,113,63,0,17,59,12.2,2019-02-05,24.3,2019-08-16,22.0,2019-05-27,2019-11-03
C249I,FUERTEVENTURA AEROPUERTO,LAS PALMAS,25.0,2020,365,140,86,2,45,78,10.5,2020-01-15,26.7,2020-07-19,22.6,2020-02-24,2020-11-17
C249I,FUERTEVENTURA AEROPUERTO,LAS PALMAS,25.0,2021,360,113,62,1,30,86,10.9,2021-01-20,25.7,2021-08-17,22.4,2021-05-20,2021-11-01
C249I,FUERTEVENTURA AEROPUERTO,LAS PALMAS,25.0,2022,365,147,73,2,41,100,10.2,2022-03-14,26.5,2022-07-10,22.9,2022-05-10,2022-12-27
C249I,FUERTEVENTURA AEROPUERTO,LAS PALMAS,25.0,2023,358,152,84,3,71,43,11.6,2023-02-09,26.0,2023-07-13,23.7,2023-03-30,2023-11-16
C249I,FUERTEVENTURA AEROPUERTO,LAS PALMAS,25.0,2024,363,112,60,0,21,62,12.5,2024-03-24,24.4,2024-07-24,22.1,2024-01-16,2024-12-04
C249I,FUERTEVENTURA AEROPUERTO,LAS PALMAS,25.0,2025,365,124,75,4,41,58,11.0,2025-01-05,28.4,2025-07-17,22.7,2025-06-13,2025-11-09
C258K,LA OLIVA,LAS PALMAS,217.0,2017,364,33,19,1,8,5,7.3,2017-03-26,25.2,2017-10-14,20.4,2017-03-10,2017-11-26
C258K,LA OLIVA,LAS PALMAS,217.0,2018,364,19,3,0,0,4,7.9,2018-01-31,21.7,2018-08-13,20.1,2018-08-06,2018-10-14
C258K,LA OLIVA,LAS PALMAS,217.0,2019,361,10,4,0,1,3,8.6,2019-01-10,22.9,2019-08-17,19.6,2019-08-17,2019-10-28
C258K,LA OLIVA,LAS PALMAS,217.0,2020,366,26,11,1,3,5,7.6,2020-01-22,26.4,2020-08-26,20.3,2020-07-07,2020-11-17
C258K,LA OLIVA,LAS PALMAS,217.0,2021,363,18,6,1,2,6,8.8,2021-01-20,26.0,2021-08-17,20.0,2021-07-12,2021-10-01
C258K,LA OLIVA,LAS PALMAS,217.0,2022,364,26,15,0,1,5,7.7,2022-02-21,22.7,2022-07-26,20.3,2022-07-10,2022-10-04
C258K,LA OLIVA,LAS PALMAS,217.0,2023,364,63,38,1,17,17,7.8,2023-01-30,25.8,2023-08-12,21.9,2023-03-30,2023-11-15
C258K,LA OLIVA,LAS PALMAS,217.0,2024,366,28,14,0,2,6,9.6,2024-03-24,22.4,2024-01-15,20.3,2024-01-12,2024-11-23
C258K,LA OLIVA,LAS PALMAS,217.0,2025,365,42,26,0,6,11,9.1,2025-03-02,23.8,2025-09-18,20.7,2025-07-16,2025-10-23
C314Z,"VALLEHERMOSO, ALTO IGUALERO  ",STA. CRUZ DE TENERIFE,1474.0,2017,351,40,32,6,23,7,2.5,2017-03-04,26.2,2017-07-27,22.6,2017-06-22,2017-10-14
C314Z,"VALLEHERMOSO, ALTO IGUALERO  ",STA. CRUZ DE TENERIFE,1474.0,2018,344,12,10,0,3,4,1.3,2018-02-08,23.7,2018-07-09,19.1,2018-07-09,2018-09-25
C314Z,"VALLEHERMOSO, ALTO IGUALERO  ",STA. CRUZ DE TENERIFE,1474.0,2019,364,18,14,1,10,5,2.7,2019-02-19,25.5,2019-08-17,19.9,2019-08-08,2019-10-02
C314Z,"VALLEHERMOSO, ALTO IGUALERO  ",STA. CRUZ DE TENERIFE,1474.0,2020,322,30,17,4,8,4,1.9,2020-01-22,26.1,2020-07-07,20.7,2020-05-25,2020-10-12
C314Z,"VALLEHERMOSO, ALTO IGUALERO  ",STA. CRUZ DE TENERIFE,1474.0,2021,365,27,20,4,15,8,0.9,2021-02-05,26.2,2021-07-18,21.0,2021-06-10,2021-10-02
C314Z,"VALLEHERMOSO, ALTO IGUALERO  ",STA. CRUZ DE TENERIFE,1474.0,2022,365,27,27,0,16,10,1.4,2022-03-14,24.9,2022-07-26,21.8,2022-07-06,2022-08-24
C314Z,"VALLEHERMOSO, ALTO IGUALERO  ",STA. CRUZ DE TENERIFE,1474.0,2023,363,36,27,4,16,11,2.5,2023-02-05,26.5,2023-08-13,21.3,2023-06-28,2023-10-10
C314Z,"VALLEHERMOSO, ALTO IGUALERO  ",STA. CRUZ DE TENERIFE,1474.0,2024,341,25,22,3,13,5,3.2,2024-03-27,26.5,2024-08-10,21.1,2024-04-11,2024-10-04
C314Z,"VALLEHERMOSO, ALTO IGUALERO  ",STA. CRUZ DE TENERIFE,1474.0,2025,365,25,23,4,18,12,2.4,2025-12-23,25.8,2025-08-11,22.0,2025-06-28,2025-09-18
C316I,ARURE,STA. CRUZ DE TENERIFE,916.0,2019,365,21,14,5,12,6,5.8,2019-02-21,26.6,2019-08-17,20.7,2019-06-03,2019-10-27
C316I,ARURE,STA. CRUZ DE TENERIFE,916.0,2020,366,33,20,8,17,5,5.4,2020-01-22,28.2,2020-07-07,21.8,2020-05-24,2020-10-12
C316I,ARURE,STA. CRUZ DE TENERIFE,916.0,2021,365,36,25,10,22,9,4.7,2021-02-05,30.0,2021-08-16,22.8,2021-06-09,2021-10-20
C316I,ARURE,STA. CRUZ DE TENERIFE,916.0,2022,365,28,26,6,23,9,5.7,2022-03-15,28.1,2022-07-26,23.1,2022-06-11,2022-10-04
C316I,ARURE,STA. CRUZ DE TENERIFE,916.0,2023,365,46,26,10,32,15,6.5,2023-02-02,28.2,2023-08-12,23.9,2023-03-26,2023-11-15
C316I,ARURE,STA. CRUZ DE TENERIFE,916.0,2024,364,33,25,2,18,9,7.7,2024-03-27,25.8,2024-07-25,21.9,2024-04-11,2024-11-09
C316I,ARURE,STA. CRUZ DE TENERIFE,916.0,2025,365,29,21,8,22,9,7.2,2025-03-03,27.0,2025-08-12,23.5,2025-06-28,2025-11-03
C317B,AGULO,STA. CRUZ DE TENERIFE,765.0,2017,362,20,11,2,9,4,7.4,2017-03-26,25.7,2017-10-13,20.6,2017-03-09,2017-10-28
C317B,AGULO,STA. CRUZ DE TENERIFE,765.0,2018,365,5,3,0,1,2,7.3,2018-02-08,22.5,2018-09-26,16.7,2018-08-14,2018-09-26
C317B,AGULO,STA. CRUZ DE TENERIFE,765.0,2019,365,2,0,0,0,1,7.3,2019-02-21,20.7,2019-10-27,16.9,2019-10-27,2019-10-29
C317B,AGULO,STA. CRUZ DE TENERIFE,765.0,2020,353,10,6,1,3,2,7.0,2020-01-22,27.4,2020-08-27,18.9,2020-05-26,2020-11-17
C317B,AGULO,STA. CRUZ DE TENERIFE,765.0,2021,365,13,10,0,5,5,6.2,2021-02-05,24.3,2021-08-16,17.8,2021-06-10,2021-10-18
C317B,AGULO,STA. CRUZ DE TENERIFE,765.0,2022,360,7,5,0,4,3,6.5,2022-01-28,24.2,2022-07-26,16.9,2022-07-10,2022-12-13
C317B,AGULO,STA. CRUZ DE TENERIFE,765.0,2023,360,24,11,0,10,8,6.7,2023-02-02,24.5,2023-10-06,20.9,2023-03-31,2023-11-21
C317B,AGULO,STA. CRUZ DE TENERIFE,765.0,2024,366,11,1,0,4,5,9.1,2024-03-27,22.9,2024-07-25,18.0,2024-04-12,2024-11-22
C317B,AGULO,STA. CRUZ DE TENERIFE,765.0,2025,360,14,8,0,9,4,8.0,2025-03-05,24.1,2025-09-19,17.3,2025-07-16,2025-11-04
C319W,"VALLEHERMOSO, DAMA",STA. CRUZ DE TENERIFE,190.0,2017,363,43,30,0,8,11,10.6,2017-01-20,24.7,2017-10-14,21.5,2017-06-17,2017-11-26
C319W,"VALLEHERMOSO, DAMA",STA. CRUZ DE TENERIFE,190.0,2018,365,23,6,0,3,5,9.6,2018-02-14,23.3,2018-09-13,20.4,2018-07-11,2018-12-06
C319W,"VALLEHERMOSO, DAMA",STA. CRUZ DE TENERIFE,190.0,2019,365,17,10,0,4,3,9.8,2019-01-15,23.5,2019-08-18,20.0,2019-08-08,2019-11-03
C319W,"VALLEHERMOSO, DAMA",STA. CRUZ DE TENERIFE,190.0,2020,365,43,21,2,10,8,10.5,2020-01-17,25.4,2020-08-27,21.1,2020-02-04,2020-11-15
C319W,"VALLEHERMOSO, DAMA",STA. CRUZ DE TENERIFE,190.0,2021,365,35,16,2,4,16,10.2,2021-01-18,26.7,2021-08-18,20.7,2021-06-09,2021-10-20
C319W,"VALLEHERMOSO, DAMA",STA. CRUZ DE TENERIFE,190.0,2022,365,45,21,0,8,9,11.0,2022-02-22,24.4,2022-07-26,21.3,2022-02-10,2022-10-14
C319W,"VALLEHERMOSO, DAMA",STA. CRUZ DE TENERIFE,190.0,2023,365,85,46,3,31,17,10.7,2023-02-08,29.4,2023-08-12,23.5,2023-03-30,2023-11-21
C319W,"VALLEHERMOSO, DAMA",STA. CRUZ DE TENERIFE,190.0,2024,366,30,17,0,8,6,11.5,2024-12-31,24.2,2024-12-16,20.8,2024-01-25,2024-12-17
C319W,"VALLEHERMOSO, DAMA",STA. CRUZ DE TENERIFE,190.0,2025,365,52,34,1,9,14,10.7,2025-03-03,26.7,2025-09-19,21.5,2025-07-05,2025-10-28
C328W,HERMIGUA,STA. CRUZ DE TENERIFE,252.0,2017,364,31,14,0,2,3,8.6,2017-12-25,22.5,2017-10-26,20.4,2017-04-16,2017-11-26
C328W,HERMIGUA,STA. CRUZ DE TENERIFE,252.0,2018,328,21,9,0,0,4,9.2,2018-12-27,21.1,2018-09-14,20.1,2018-07-31,2018-10-03
C328W,HERMIGUA,STA. CRUZ DE TENERIFE,252.0,2019,365,19,11,0,0,3,8.2,2019-02-09,20.7,2019-08-11,20.1,2019-07-26,2019-11-01
C328W,HERMIGUA,STA. CRUZ DE TENERIFE,252.0,2020,366,41,26,0,2,7,9.3,2020-01-04,22.7,2020-08-27,20.4,2020-02-24,2020-10-11
C328W,HERMIGUA,STA. CRUZ DE TENERIFE,252.0,2021,365,19,5,0,0,4,8.7,2021-02-20,21.5,2021-09-01,20.1,2021-07-12,2021-10-08
C328W,HERMIGUA,STA. CRUZ DE TENERIFE,252.0,2022,365,59,27,0,0,6,9.5,2022-03-11,22.0,2022-07-25,21.0,2022-07-18,2022-11-05
C328W,HERMIGUA,STA. CRUZ DE TENERIFE,252.0,2023,365,82,49,1,6,11,10.3,2023-02-06,25.2,2023-10-07,21.4,2023-06-23,2023-11-21
C328W,HERMIGUA,STA. CRUZ DE TENERIFE,252.0,2024,366,53,29,0,2,9,10.7,2024-01-01,23.5,2024-12-16,20.8,2024-07-11,2024-12-17
C328W,HERMIGUA,STA. CRUZ DE TENERIFE,252.0,2025,337,39,12,1,2,9,10.0,2025-01-20,25.6,2025-09-20,20.7,2025-07-01,2025-10-23
C329B,"LA GOMERA, AEROPUERTO",STA. CRUZ DE TENERIFE,219.0,2017,364,107,48,2,23,32,12.6,2017-03-26,25.5,2017-08-23,22.4,2017-03-09,2017-11-27
C329B,"LA GOMERA, AEROPUERTO",STA. CRUZ DE TENERIFE,219.0,2018,365,49,17,0,8,13,12.6,2018-02-06,24.5,2018-09-13,21.3,2018-07-10,2018-12-06
C329B,"LA GOMERA, AEROPUERTO",STA. CRUZ DE TENERIFE,219.0,2019,365,52,28,1,9,14,13.0,2019-02-09,25.8,2019-08-18,20.9,2019-02-11,2019-11-30
C329B,"LA GOMERA, AEROPUERTO",STA. CRUZ DE TENERIFE,219.0,2021,365,77,35,2,10,28,10.8,2021-02-05,28.1,2021-08-17,21.7,2021-05-21,2021-12-31
C329B,"LA GOMERA, AEROPUERTO",STA. CRUZ DE TENERIFE,219.0,2022,365,91,39,0,14,22,11.8,2022-03-15,24.6,2022-08-21,21.8,2022-01-01,2022-12-28
C329B,"LA GOMERA, AEROPUERTO",STA. CRUZ DE TENERIFE,219.0,2023,365,154,76,15,49,82,12.2,2023-02-10,28.5,2023-08-12,24.8,2023-03-29,2023-12-13
C329B,"LA GOMERA, AEROPUERTO",STA. CRUZ DE TENERIFE,219.0,2024,366,79,38,0,12,8,14.1,2024-03-23,23.9,2024-11-10,21.6,2024-02-09,2024-12-16
C329B,"LA GOMERA, AEROPUERTO",STA. CRUZ DE TENERIFE,219.0,2025,364,93,48,4,17,45,13.1,2025-03-03,26.6,2025-09-18,22.0,2025-07-04,2025-11-25
C329Z,SAN SEBASTIÁN DE LA GOMERA,STA. CRUZ DE TENERIFE,15.0,2017,364,176,92,3,93,148,13.1,2017-03-26,25.7,2017-10-14,23.5,2017-03-10,2017-11-26
C329Z,SAN SEBASTIÁN DE LA GOMERA,STA. CRUZ DE TENERIFE,15.0,2018,364,121,67,0,52,78,12.7,2018-02-24,24.0,2018-09-14,22.7,2018-06-22,2018-12-06
C329Z,SAN SEBASTIÁN DE LA GOMERA,STA. CRUZ DE TENERIFE,15.0,2019,363,148,77,0,60,51,12.6,2019-02-09,24.5,2019-08-18,22.8,2019-02-11,2019-11-30
C329Z,SAN SEBASTIÁN DE LA GOMERA,STA. CRUZ DE TENERIFE,15.0,2020,365,171,90,3,80,130,13.3,2020-01-22,27.8,2020-08-23,23.1,2020-02-04,2020-11-24
C329Z,SAN SEBASTIÁN DE LA GOMERA,STA. CRUZ DE TENERIFE,15.0,2021,363,156,82,2,82,100,12.1,2021-02-05,27.5,2021-08-18,23.4,2021-05-10,2021-11-22
C329Z,SAN SEBASTIÁN DE LA GOMERA,STA. CRUZ DE TENERIFE,15.0,2022,365,164,86,1,85,107,13.3,2022-02-22,26.9,2022-08-22,23.7,2022-04-18,2022-12-31
C329Z,SAN SEBASTIÁN DE LA GOMERA,STA. CRUZ DE TENERIFE,15.0,2023,333,187,88,24,134,105,13.1,2023-02-11,28.4,2023-07-14,25.4,2023-03-24,2023-11-25
C329Z,SAN SEBASTIÁN DE LA GOMERA,STA. CRUZ DE TENERIFE,15.0,2025,365,172,90,4,97,129,13.6,2025-03-03,25.8,2025-08-18,23.7,2025-05-22,2025-11-30
C406G,"LA OROTAVA, CAÑADAS TEIDE",SANTA CRUZ DE TENERIFE,2150.0,2017,355,1,1,0,0,1,-3.8,2017-03-25,20.9,2017-08-07,16.1,2017-08-07,2017-08-07
C406G,"LA OROTAVA, CAÑADAS TEIDE",SANTA CRUZ DE TENERIFE,2150.0,2018,359,0,0,0,0,0,-5.9,2018-02-22,18.5,2018-07-24,15.3,,
C406G,"LA OROTAVA, CAÑADAS TEIDE",SANTA CRUZ DE TENERIFE,2150.0,2019,364,0,0,0,0,0,-4.9,2019-01-17,20.0,2019-07-27,15.3,,
C406G,"LA OROTAVA, CAÑADAS TEIDE",SANTA CRUZ DE TENERIFE,2150.0,2020,330,0,0,0,0,0,-8.5,2020-01-22,19.6,2020-07-09,15.3,,
C406G,"LA OROTAVA, CAÑADAS TEIDE",SANTA CRUZ DE TENERIFE,2150.0,2021,348,0,0,0,0,0,-4.7,2021-01-12,19.9,2021-08-17,16.3,,
C406G,"LA OROTAVA, CAÑADAS TEIDE",SANTA CRUZ DE TENERIFE,2150.0,2022,353,1,1,0,0,1,-4.7,2022-01-28,20.2,2022-07-26,16.0,2022-07-26,2022-07-26
C406G,"LA OROTAVA, CAÑADAS TEIDE",SANTA CRUZ DE TENERIFE,2150.0,2023,365,4,4,0,0,2,-6.8,2023-02-09,21.6,2023-07-14,16.9,2023-07-13,2023-08-12
C406G,"LA OROTAVA, CAÑADAS TEIDE",SANTA CRUZ DE TENERIFE,2150.0,2024,356,2,2,0,0,1,-3.6,2024-12-13,20.6,2024-07-03,16.9,2024-07-03,2024-07-15
C406G,"LA OROTAVA, CAÑADAS TEIDE",SANTA CRUZ DE TENERIFE,2150.0,2025,357,0,0,0,0,0,-5.7,2025-03-05,19.9,2025-07-05,15.8,,
C419L,LOMO DEL BALO,SANTA CRUZ DE TENERIFE,403.0,2019,322,11,6,0,2,4,10.1,2019-02-09,23.7,2019-08-18,19.3,2019-06-03,2019-11-30
C419L,LOMO DEL BALO,SANTA CRUZ DE TENERIFE,403.0,2020,348,29,12,2,9,7,10.9,2020-01-22,30.1,2020-08-27,20.8,2020-02-04,2020-11-17
C419L,LOMO DEL BALO,SANTA CRUZ DE TENERIFE,403.0,2021,357,18,11,2,8,6,9.9,2021-02-05,26.3,2021-08-18,20.0,2021-06-10,2021-10-20
C419L,LOMO DEL BALO,SANTA CRUZ DE TENERIFE,403.0,2022,361,20,13,1,7,4,9.2,2022-03-15,26.1,2022-07-24,20.1,2022-02-10,2022-10-28
C419L,LOMO DEL BALO,SANTA CRUZ DE TENERIFE,403.0,2023,365,52,27,14,30,16,10.3,2023-02-16,26.6,2023-10-06,23.8,2023-03-30,2023-11-21
C419L,LOMO DEL BALO,SANTA CRUZ DE TENERIFE,403.0,2024,364,23,10,0,5,5,11.9,2024-03-24,24.6,2024-04-12,20.4,2024-04-11,2024-12-16
C419L,LOMO DEL BALO,SANTA CRUZ DE TENERIFE,403.0,2025,364,28,18,3,7,8,10.4,2025-12-13,25.8,2025-09-18,20.8,2025-07-16,2025-11-04
C419X,ADEJE,SANTA CRUZ DE TENERIFE,130.0,2017,363,87,53,0,12,12,12.3,2017-12-19,23.5,2017-10-14,21.8,2017-01-07,2017-11-27
C419X,ADEJE,SANTA CRUZ DE TENERIFE,130.0,2018,365,59,27,0,5,10,10.6,2018-02-14,23.6,2018-12-05,21.1,2018-06-30,2018-12-06
C419X,ADEJE,SANTA CRUZ DE TENERIFE,130.0,2019,365,52,34,0,3,7,10.9,2019-01-15,22.8,2019-10-27,20.8,2019-06-27,2019-11-04
C419X,ADEJE,SANTA CRUZ DE TENERIFE,130.0,2020,362,91,45,0,14,20,11.4,2020-01-19,25.0,2020-02-04,21.9,2020-02-03,2020-11-14
C419X,ADEJE,SANTA CRUZ DE TENERIFE,130.0,2021,365,56,28,0,1,10,11.9,2021-03-23,22.1,2021-09-11,21.2,2021-05-22,2021-10-22
C419X,ADEJE,SANTA CRUZ DE TENERIFE,130.0,2022,365,77,42,0,5,17,12.2,2022-02-23,22.6,2022-09-02,21.4,2022-02-10,2022-12-30
C419X,ADEJE,SANTA CRUZ DE TENERIFE,130.0,2023,365,118,70,1,38,29,11.8,2023-02-08,25.4,2023-10-08,22.6,2023-06-06,2023-11-22
C419X,ADEJE,SANTA CRUZ DE TENERIFE,130.0,2024,366,69,45,2,8,11,13.1,2024-12-23,25.5,2024-11-21,21.5,2024-01-11,2024-12-17
C419X,ADEJE,SANTA CRUZ DE TENERIFE,130.0,2025,363,91,53,0,10,32,8.6,2025-12-13,25.0,2025-09-20,21.6,2025-06-12,2025-11-12
C428T,ARICO,SANTA CRUZ DE TENERIFE,418.0,2017,363,27,16,0,10,3,9.4,2017-03-24,24.9,2017-06-24,20.7,2017-03-08,2017-10-28
C428T,ARICO,SANTA CRUZ DE TENERIFE,418.0,2018,365,5,3,0,1,2,9.3,2018-02-08,22.3,2018-08-06,18.7,2018-08-06,2018-09-14
C428T,ARICO,SANTA CRUZ DE TENERIFE,418.0,2019,364,9,5,0,3,3,9.6,2019-02-19,23.7,2019-08-17,18.8,2019-06-03,2019-10-29
C428T,ARICO,SANTA CRUZ DE TENERIFE,418.0,2020,366,23,11,1,5,6,9.6,2020-01-22,26.4,2020-08-27,20.3,2020-02-04,2020-11-17
C428T,ARICO,SANTA CRUZ DE TENERIFE,418.0,2021,365,10,7,2,4,4,10.1,2021-02-05,27.1,2021-08-17,19.6,2021-05-21,2021-10-18
C428T,ARICO,SANTA CRUZ DE TENERIFE,418.0,2022,364,13,10,0,5,4,10.0,2022-12-26,24.4,2022-07-10,19.3,2022-07-09,2022-10-04
C428T,ARICO,SANTA CRUZ DE TENERIFE,418.0,2023,365,38,19,1,25,14,10.1,2023-01-30,26.5,2023-10-08,22.6,2023-03-30,2023-11-20
C428T,ARICO,SANTA CRUZ DE TENERIFE,418.0,2024,366,18,6,0,2,3,10.7,2024-03-23,24.6,2024-07-25,20.0,2024-01-12,2024-12-16
C428T,ARICO,SANTA CRUZ DE TENERIFE,418.0,2025,365,13,8,2,5,5,9.5,2025-12-13,25.4,2025-08-11,19.7,2025-07-17,2025-09-21
C429I,TENERIFE SUR AEROPUERTO,SANTA CRUZ DE TENERIFE,64.0,2017,362,126,68,2,38,30,11.9,2017-03-04,25.1,2017-10-14,22.9,2017-03-10,2017-11-25
C429I,TENERIFE SUR AEROPUERTO,SANTA CRUZ DE TENERIFE,64.0,2018,363,89,48,1,14,24,10.8,2018-01-30,25.2,2018-09-13,21.7,2018-06-20,2018-12-06
C429I,TENERIFE SUR AEROPUERTO,SANTA CRUZ DE TENERIFE,64.0,2019,364,83,45,0,8,18,12.0,2019-02-10,24.5,2019-08-17,21.8,2019-06-03,2019-11-13
C429I,TENERIFE SUR AEROPUERTO,SANTA CRUZ DE TENERIFE,64.0,2020,365,137,70,1,28,32,10.7,2020-01-22,27.2,2020-09-08,22.9,2020-02-04,2020-11-23
C429I,TENERIFE SUR AEROPUERTO,SANTA CRUZ DE TENERIFE,64.0,2021,364,83,41,3,22,27,10.8,2021-12-18,30.6,2021-08-17,22.3,2021-05-21,2021-10-24
C429I,TENERIFE SUR AEROPUERTO,SANTA CRUZ DE TENERIFE,64.0,2022,365,102,55,1,28,49,10.8,2022-02-23,25.2,2022-07-26,22.5,2022-06-04,2022-12-28
C429I,TENERIFE SUR AEROPUERTO,SANTA CRUZ DE TENERIFE,64.0,2023,365,148,75,12,70,56,11.1,2023-02-01,27.0,2023-07-13,24.7,2023-03-30,2023-11-22
C429I,TENERIFE SUR AEROPUERTO,SANTA CRUZ DE TENERIFE,64.0,2024,365,97,51,0,15,16,12.1,2024-12-23,23.7,2024-08-20,22.0,2024-04-11,2024-12-16
C429I,TENERIFE SUR AEROPUERTO,SANTA CRUZ DE TENERIFE,64.0,2025,363,134,73,4,53,60,10.3,2025-02-10,28.6,2025-07-17,23.1,2025-05-31,2025-11-25
C430E,IZAÑA,SANTA CRUZ DE TENERIFE,2369.0,2017,365,1,1,0,0,1,-4.7,2017-02-12,20.6,2017-08-20,17.4,2017-08-20,2017-08-20
C430E,IZAÑA,SANTA CRUZ DE TENERIFE,2369.0,2018,365,0,0,0,0,0,-6.3,2018-01-30,18.7,2018-07-25,15.9,,
C430E,IZAÑA,SANTA CRUZ DE TENERIFE,2369.0,2019,365,0,0,0,0,0,-4.2,2019-04-06,19.8,2019-08-23,14.8,,
C430E,IZAÑA,SANTA CRUZ DE TENERIFE,2369.0,2020,366,0,0,0,0,0,-5.2,2020-01-22,19.8,2020-07-07,16.9,,
C430E,IZAÑA,SANTA CRUZ DE TENERIFE,2369.0,2021,365,0,0,0,0,0,-6.2,2021-01-13,19.8,2021-08-15,16.8,,
C430E,IZAÑA,SANTA CRUZ DE TENERIFE,2369.0,2022,365,0,0,0,0,0,-5.9,2022-04-05,19.4,2022-07-15,17.2,,
C430E,IZAÑA,SANTA CRUZ DE TENERIFE,2369.0,2023,365,3,3,0,0,3,-4.8,2023-02-17,20.5,2023-07-13,16.9,2023-07-11,2023-07-13
C430E,IZAÑA,SANTA CRUZ DE TENERIFE,2369.0,2024,366,2,2,0,0,1,-3.7,2024-03-03,21.4,2024-07-12,18.2,2024-07-12,2024-07-24
C430E,IZAÑA,SANTA CRUZ DE TENERIFE,2369.0,2025,365,0,0,0,0,0,-3.8,2025-03-05,19.1,2025-08-11,17.3,,
C438N,CANDELARIA,SANTA CRUZ DE TENERIFE,463.0,2017,364,38,25,2,15,9,8.2,2017-03-26,25.4,2017-08-23,21.6,2017-03-08,2017-10-28
C438N,CANDELARIA,SANTA CRUZ DE TENERIFE,463.0,2018,365,10,7,1,4,2,8.0,2018-03-23,25.7,2018-08-06,18.7,2018-07-10,2018-09-24
C438N,CANDELARIA,SANTA CRUZ DE TENERIFE,463.0,2019,358,10,7,0,4,3,8.5,2019-01-10,24.5,2019-08-17,19.3,2019-06-03,2019-11-02
C438N,CANDELARIA,SANTA CRUZ DE TENERIFE,463.0,2020,366,36,24,2,15,8,8.6,2020-01-22,27.2,2020-08-27,21.4,2020-05-24,2020-11-17
C438N,CANDELARIA,SANTA CRUZ DE TENERIFE,463.0,2021,365,12,10,3,8,4,8.1,2021-02-05,27.1,2021-08-17,19.8,2021-05-21,2021-10-18
C438N,CANDELARIA,SANTA CRUZ DE TENERIFE,463.0,2022,365,14,13,6,10,4,8.6,2022-03-15,27.4,2022-07-10,19.7,2022-07-08,2022-09-16
C438N,CANDELARIA,SANTA CRUZ DE TENERIFE,463.0,2023,365,44,25,4,26,14,8.7,2023-02-10,25.5,2023-08-23,23.1,2023-03-12,2023-11-15
C438N,CANDELARIA,SANTA CRUZ DE TENERIFE,463.0,2024,366,20,12,2,8,4,10.1,2024-03-12,26.7,2024-08-17,20.4,2024-04-11,2024-12-16
C438N,CANDELARIA,SANTA CRUZ DE TENERIFE,463.0,2025,365,20,14,0,9,5,9.4,2025-03-05,24.8,2025-07-17,20.2,2025-07-05,2025-09-21
C439J,GÜÍMAR,SANTA CRUZ DE TENERIFE,115.0,2017,365,57,30,0,10,10,10.1,2017-12-25,24.7,2017-10-14,21.3,2017-03-10,2017-10-27
C439J,GÜÍMAR,SANTA CRUZ DE TENERIFE,115.0,2018,365,28,16,0,1,5,9.7,2018-01-30,22.4,2018-09-13,20.7,2018-07-04,2018-10-18
C439J,GÜÍMAR,SANTA CRUZ DE TENERIFE,115.0,2019,365,24,19,0,3,5,10.0,2019-01-13,23.3,2019-08-17,20.2,2019-06-19,2019-11-01
C439J,GÜÍMAR,SANTA CRUZ DE TENERIFE,115.0,2020,366,58,35,0,12,9,10.5,2020-01-22,23.7,2020-08-27,21.7,2020-02-23,2020-11-03
C439J,GÜÍMAR,SANTA CRUZ DE TENERIFE,115.0,2021,365,40,19,0,5,8,10.8,2021-01-10,25.0,2021-08-17,20.9,2021-05-20,2021-09-30
C439J,GÜÍMAR,SANTA CRUZ DE TENERIFE,115.0,2022,364,53,35,0,11,13,11.1,2022-01-30,23.9,2022-07-26,21.5,2022-06-20,2022-10-14
C439J,GÜÍMAR,SANTA CRUZ DE TENERIFE,115.0,2023,364,77,45,0,31,14,10.3,2023-02-08,24.9,2023-10-08,22.6,2023-03-31,2023-11-15
C439J,GÜÍMAR,SANTA CRUZ DE TENERIFE,115.0,2024,366,42,30,0,8,7,12.0,2024-03-27,23.5,2024-08-17,21.1,2024-04-11,2024-12-16
C439J,GÜÍMAR,SANTA CRUZ DE TENERIFE,115.0,2025,359,49,32,0,11,16,10.5,2025-02-10,25.0,2025-07-18,21.6,2025-07-06,2025-10-22
C446G,"SAN CRISTÓBAL DE LA LAGUNA,LLANO DE LOS LOROS",STA. CRUZ DE TENERIFE,868.0,2017,362,20,18,0,12,5,5.6,2017-02-13,24.5,2017-08-08,20.5,2017-06-23,2017-10-14
C446G,"SAN CRISTÓBAL DE LA LAGUNA,LLANO DE LOS LOROS",STA. CRUZ DE TENERIFE,868.0,2018,363,6,3,0,1,3,5.2,2018-02-08,23.4,2018-08-06,15.7,2018-08-06,2018-09-26
C446G,"SAN CRISTÓBAL DE LA LAGUNA,LLANO DE LOS LOROS",STA. CRUZ DE TENERIFE,868.0,2019,364,10,7,0,0,3,4.8,2019-02-09,22.0,2019-08-24,17.1,2019-08-09,2019-10-02
C446G,"SAN CRISTÓBAL DE LA LAGUNA,LLANO DE LOS LOROS",STA. CRUZ DE TENERIFE,868.0,2020,366,13,8,2,7,2,5.8,2020-01-22,28.3,2020-08-27,18.6,2020-05-27,2020-09-21
C446G,"SAN CRISTÓBAL DE LA LAGUNA,LLANO DE LOS LOROS",STA. CRUZ DE TENERIFE,868.0,2021,365,17,13,3,5,6,4.0,2021-02-05,27.2,2021-08-16,19.2,2021-06-10,2021-10-02
C446G,"SAN CRISTÓBAL DE LA LAGUNA,LLANO DE LOS LOROS",STA. CRUZ DE TENERIFE,868.0,2022,365,11,11,0,8,3,5.0,2022-02-22,24.7,2022-07-26,18.7,2022-07-09,2022-08-22
C446G,"SAN CRISTÓBAL DE LA LAGUNA,LLANO DE LOS LOROS",STA. CRUZ DE TENERIFE,868.0,2023,364,27,15,3,16,10,5.4,2023-02-16,28.0,2023-08-12,21.5,2023-06-28,2023-10-15
C446G,"SAN CRISTÓBAL DE LA LAGUNA,LLANO DE LOS LOROS",STA. CRUZ DE TENERIFE,868.0,2024,366,8,6,0,2,3,7.5,2024-03-22,22.8,2024-07-25,18.5,2024-04-11,2024-07-26
C446G,"SAN CRISTÓBAL DE LA LAGUNA,LLANO DE LOS LOROS",STA. CRUZ DE TENERIFE,868.0,2025,363,17,13,1,9,8,6.2,2025-04-03,25.2,2025-08-11,19.5,2025-07-16,2025-09-20
C447A,TENERIFE NORTE AEROPUERTO,SANTA CRUZ DE TENERIFE,632.0,2017,362,12,8,0,8,4,6.1,2017-03-26,24.8,2017-08-22,19.2,2017-04-16,2017-10-26
C447A,TENERIFE NORTE AEROPUERTO,SANTA CRUZ DE TENERIFE,632.0,2018,365,7,5,0,2,3,6.3,2018-02-24,22.6,2018-08-14,17.2,2018-08-13,2018-09-26
C447A,TENERIFE NORTE AEROPUERTO,SANTA CRUZ DE TENERIFE,632.0,2019,362,7,4,1,4,3,7.4,2019-03-26,25.7,2019-08-17,17.6,2019-06-03,2019-10-03
C447A,TENERIFE NORTE AEROPUERTO,SANTA CRUZ DE TENERIFE,632.0,2020,365,14,6,2,7,4,6.4,2020-01-24,29.0,2020-08-27,19.3,2020-05-24,2020-11-17
C447A,TENERIFE NORTE AEROPUERTO,SANTA CRUZ DE TENERIFE,632.0,2021,365,13,10,3,8,5,4.6,2021-02-05,27.4,2021-08-16,18.8,2021-06-10,2021-10-18
C447A,TENERIFE NORTE AEROPUERTO,SANTA CRUZ DE TENERIFE,632.0,2022,364,5,5,1,4,3,4.6,2022-02-23,27.6,2022-07-26,17.9,2022-07-10,2022-08-21
C447A,TENERIFE NORTE AEROPUERTO,SANTA CRUZ DE TENERIFE,632.0,2023,365,29,14,2,13,14,5.3,2023-02-25,25.5,2023-10-09,21.7,2023-03-31,2023-10-16
C447A,TENERIFE NORTE AEROPUERTO,SANTA CRUZ DE TENERIFE,632.0,2024,364,5,2,0,2,2,9.3,2024-12-13,22.4,2024-04-12,18.1,2024-04-11,2024-07-25
C447A,TENERIFE NORTE AEROPUERTO,SANTA CRUZ DE TENERIFE,632.0,2025,364,12,6,0,9,5,6.8,2025-03-05,25.0,2025-07-16,18.4,2025-07-16,2025-11-03
C449C,STA.CRUZ DE TENERIFE,SANTA CRUZ DE TENERIFE,36.0,2017,365,172,86,4,80,98,13.7,2017-03-25,26.1,2017-08-23,23.8,2017-03-10,2017-11-30
C449C,STA.CRUZ DE TENERIFE,SANTA CRUZ DE TENERIFE,36.0,2018,365,110,59,0,38,96,12.8,2018-01-30,24.2,2018-08-07,22.5,2018-06-28,2018-11-03
C449C,STA.CRUZ DE TENERIFE,SANTA CRUZ DE TENERIFE,36.0,2019,365,140,77,1,28,116,13.7,2019-02-10,25.7,2019-08-17,22.4,2019-06-03,2019-11-23
C449C,STA.CRUZ DE TENERIFE,SANTA CRUZ DE TENERIFE,36.0,2020,366,157,88,4,68,129,13.4,2020-01-22,26.1,2020-07-19,23.4,2020-02-24,2020-11-21
C449C,STA.CRUZ DE TENERIFE,SANTA CRUZ DE TENERIFE,36.0,2021,365,138,75,3,55,95,11.8,2021-02-05,26.6,2021-08-17,23.0,2021-05-10,2021-11-06
C449C,STA.CRUZ DE TENERIFE,SANTA CRUZ DE TENERIFE,36.0,2022,365,163,82,3,62,105,13.3,2022-03-14,26.6,2022-08-22,23.4,2022-02-10,2022-12-11
C449C,STA.CRUZ DE TENERIFE,SANTA CRUZ DE TENERIFE,36.0,2023,365,182,90,19,115,144,13.2,2023-02-05,28.4,2023-07-14,25.1,2023-03-29,2023-11-25
C449C,STA.CRUZ DE TENERIFE,SANTA CRUZ DE TENERIFE,36.0,2024,366,166,85,1,71,102,14.5,2024-03-23,26.3,2024-08-17,23.2,2024-02-10,2024-12-16
C449C,STA.CRUZ DE TENERIFE,SANTA CRUZ DE TENERIFE,36.0,2025,361,156,84,3,78,140,13.8,2025-12-13,26.2,2025-08-18,23.4,2025-05-22,2025-11-24
C449F,ANAGA,SANTA CRUZ DE TENERIFE,19.0,2017,364,146,83,3,64,53,11.9,2017-03-26,26.9,2017-06-24,23.3,2017-01-07,2017-11-26
C449F,ANAGA,SANTA CRUZ DE TENERIFE,19.0,2018,364,109,63,0,36,43,11.7,2018-01-30,25.0,2018-08-25,22.4,2018-06-27,2018-11-03
C449F,ANAGA,SANTA CRUZ DE TENERIFE,19.0,2019,365,127,73,2,41,64,12.0,2019-02-10,25.9,2019-08-17,22.5,2019-06-03,2019-11-13
C449F,ANAGA,SANTA CRUZ DE TENERIFE,19.0,2020,366,138,82,2,59,37,11.2,2020-01-22,25.9,2020-07-19,23.1,2020-02-23,2020-11-03
C449F,ANAGA,SANTA CRUZ DE TENERIFE,19.0,2021,365,125,72,4,40,35,11.4,2021-02-05,30.5,2021-08-17,22.9,2021-05-21,2021-11-04
C449F,ANAGA,SANTA CRUZ DE TENERIFE,19.0,2022,364,136,79,2,67,56,12.3,2022-02-22,29.2,2022-07-10,23.3,2022-05-18,2022-12-28
C449F,ANAGA,SANTA CRUZ DE TENERIFE,19.0,2023,365,162,85,15,97,129,11.3,2023-02-16,27.8,2023-08-22,24.5,2023-03-30,2023-11-21
C449F,ANAGA,SANTA CRUZ DE TENERIFE,19.0,2024,366,137,80,0,67,61,14.5,2024-01-28,24.8,2024-08-20,23.0,2024-04-12,2024-12-16
C449F,ANAGA,SANTA CRUZ DE TENERIFE,19.0,2025,365,146,84,4,69,68,12.1,2025-02-10,26.6,2025-07-17,23.4,2025-05-22,2025-11-09
C457I,LA VICTORIA DE ACENTEJO,SANTA CRUZ DE TENERIFE,567.0,2017,354,4,0,0,2,2,6.8,2017-12-25,22.7,2017-10-14,17.9,2017-04-16,2017-10-26
C457I,LA VICTORIA DE ACENTEJO,SANTA CRUZ DE TENERIFE,567.0,2018,365,2,2,0,0,1,6.2,2018-03-23,20.2,2018-08-14,16.2,2018-08-14,2018-08-24
C457I,LA VICTORIA DE ACENTEJO,SANTA CRUZ DE TENERIFE,567.0,2019,364,0,0,0,0,0,6.3,2019-01-10,19.4,2019-10-30,16.0,,
C457I,LA VICTORIA DE ACENTEJO,SANTA CRUZ DE TENERIFE,567.0,2020,365,8,2,0,4,2,6.9,2020-01-22,22.9,2020-09-08,18.5,2020-02-24,2020-11-01
C457I,LA VICTORIA DE ACENTEJO,SANTA CRUZ DE TENERIFE,567.0,2021,357,3,2,0,1,2,6.3,2021-01-18,22.6,2021-08-18,16.7,2021-08-18,2021-10-18
C457I,LA VICTORIA DE ACENTEJO,SANTA CRUZ DE TENERIFE,567.0,2022,365,6,5,0,2,3,7.1,2022-03-08,23.5,2022-07-24,17.6,2022-07-10,2022-10-04
C457I,LA VICTORIA DE ACENTEJO,SANTA CRUZ DE TENERIFE,567.0,2023,365,24,9,2,14,13,7.4,2023-02-02,27.9,2023-10-04,21.2,2023-03-31,2023-11-16
C457I,LA VICTORIA DE ACENTEJO,SANTA CRUZ DE TENERIFE,567.0,2024,366,6,1,0,1,2,8.6,2024-03-20,24.8,2024-04-11,17.7,2024-04-11,2024-11-10
C457I,LA VICTORIA DE ACENTEJO,SANTA CRUZ DE TENERIFE,567.0,2025,352,8,3,0,6,4,7.5,2025-03-05,23.8,2025-09-18,17.6,2025-07-17,2025-11-03
C458A,TACORONTE,STA. CRUZ DE TENERIFE,310.0,2017,359,16,6,0,4,4,10.0,2017-02-13,23.3,2017-10-28,19.9,2017-03-10,2017-10-28
C458A,TACORONTE,STA. CRUZ DE TENERIFE,310.0,2018,358,3,0,0,0,2,9.2,2018-01-25,21.9,2018-09-13,19.1,2018-09-13,2018-09-29
C458A,TACORONTE,STA. CRUZ DE TENERIFE,310.0,2019,360,3,0,0,0,2,9.8,2019-02-08,21.1,2019-10-30,19.1,2019-10-27,2019-10-30
C458A,TACORONTE,STA. CRUZ DE TENERIFE,310.0,2020,366,14,4,0,1,3,9.6,2020-01-22,22.5,2020-08-27,19.8,2020-02-25,2020-11-22
C458A,TACORONTE,STA. CRUZ DE TENERIFE,310.0,2021,365,9,3,0,1,3,8.6,2021-02-04,22.1,2021-08-17,19.1,2021-08-17,2021-10-18
C458A,TACORONTE,STA. CRUZ DE TENERIFE,310.0,2022,365,13,5,0,1,3,9.7,2022-02-22,22.6,2022-10-04,19.8,2022-07-25,2022-10-04
C458A,TACORONTE,STA. CRUZ DE TENERIFE,310.0,2023,365,47,25,6,18,14,9.3,2023-02-16,27.0,2023-10-07,21.9,2023-03-31,2023-11-21
C458A,TACORONTE,STA. CRUZ DE TENERIFE,310.0,2024,358,16,11,0,1,4,12.1,2024-03-12,22.2,2024-11-09,19.9,2024-04-12,2024-12-16
C458A,TACORONTE,STA. CRUZ DE TENERIFE,310.0,2025,365,17,9,1,4,5,10.2,2025-03-05,25.8,2025-09-20,20.0,2025-07-17,2025-11-03
C459Z,PUERTO DE LA CRUZ,SANTA CRUZ DE TENERIFE,25.0,2017,359,144,76,0,33,56,13.4,2017-03-04,23.7,2017-10-15,22.6,2017-03-10,2017-11-27
C459Z,PUERTO DE LA CRUZ,SANTA CRUZ DE TENERIFE,25.0,2018,354,85,53,0,10,32,11.7,2018-01-30,23.2,2018-09-14,21.9,2018-06-20,2018-10-17
C459Z,PUERTO DE LA CRUZ,SANTA CRUZ DE TENERIFE,25.0,2019,362,102,54,0,16,44,12.1,2019-02-09,23.1,2019-08-26,21.8,2019-06-18,2019-11-02
C459Z,PUERTO DE LA CRUZ,SANTA CRUZ DE TENERIFE,25.0,2020,366,144,83,0,28,66,13.3,2020-01-22,23.5,2020-08-27,22.3,2020-02-04,2020-11-18
C459Z,PUERTO DE LA CRUZ,SANTA CRUZ DE TENERIFE,25.0,2021,360,102,55,0,17,45,11.9,2021-02-05,23.4,2021-08-17,22.0,2021-06-09,2021-11-22
C459Z,PUERTO DE LA CRUZ,SANTA CRUZ DE TENERIFE,25.0,2022,362,104,60,0,16,29,13.0,2022-02-22,23.2,2022-09-16,22.0,2022-05-31,2022-12-28
C459Z,PUERTO DE LA CRUZ,SANTA CRUZ DE TENERIFE,25.0,2023,365,155,88,5,71,128,12.4,2023-02-16,26.6,2023-10-08,23.7,2023-03-31,2023-11-22
C459Z,PUERTO DE LA CRUZ,SANTA CRUZ DE TENERIFE,25.0,2024,366,122,63,0,29,47,14.5,2024-12-30,23.8,2024-12-16,22.4,2024-01-16,2024-12-17
C459Z,PUERTO DE LA CRUZ,SANTA CRUZ DE TENERIFE,25.0,2025,363,132,75,1,56,72,13.0,2025-03-05,26.8,2025-09-20,22.9,2025-05-31,2025-11-06
C468X,SAN JUAN DE LA RAMBLA,SANTA CRUZ DE TENERIFE,667.0,2020,366,7,5,1,4,2,6.7,2020-02-22,27.0,2020-08-27,18.1,2020-07-07,2020-10-13
C468X,SAN JUAN DE LA RAMBLA,SANTA CRUZ DE TENERIFE,667.0,2021,364,9,6,2,4,4,5.8,2021-02-05,27.3,2021-08-16,16.5,2021-06-10,2021-10-18
C468X,SAN JUAN DE LA RAMBLA,SANTA CRUZ DE TENERIFE,667.0,2022,364,6,5,0,4,3,6.3,2022-03-15,24.7,2022-07-26,16.9,2022-07-10,2022-10-04
C468X,SAN JUAN DE LA RAMBLA,SANTA CRUZ DE TENERIFE,667.0,2023,365,25,9,2,19,14,6.5,2023-02-16,27.0,2023-10-04,22.1,2023-03-31,2023-11-15
C468X,SAN JUAN DE LA RAMBLA,SANTA CRUZ DE TENERIFE,667.0,2024,364,8,1,0,1,5,7.9,2024-03-27,23.1,2024-04-12,17.7,2024-04-11,2024-11-10
C468X,SAN JUAN DE LA RAMBLA,SANTA CRUZ DE TENERIFE,667.0,2025,360,9,3,0,6,4,7.0,2025-03-05,23.6,2025-09-18,16.9,2025-07-16,2025-11-04
C611E,VEGA DE SAN MATEO,LAS PALMAS,1702.0,2017,365,24,23,0,10,6,-0.4,2017-03-26,23.7,2017-08-08,20.5,2017-06-23,2017-10-13
C611E,VEGA DE SAN MATEO,LAS PALMAS,1702.0,2018,357,3,3,0,1,2,-1.2,2018-02-08,22.6,2018-07-09,18.4,2018-07-09,2018-07-23
C611E,VEGA DE SAN MATEO,LAS PALMAS,1702.0,2019,342,11,8,0,4,4,0.1,2019-02-19,23.5,2019-08-17,18.8,2019-08-08,2019-10-02
C611E,VEGA DE SAN MATEO,LAS PALMAS,1702.0,2020,355,16,16,0,5,4,-1.8,2020-01-22,23.2,2020-07-07,19.8,2020-07-01,2020-08-27
C611E,VEGA DE SAN MATEO,LAS PALMAS,1702.0,2021,355,16,12,0,6,5,-0.1,2021-02-05,23.9,2021-08-15,19.4,2021-07-12,2021-10-01
C611E,VEGA DE SAN MATEO,LAS PALMAS,1702.0,2022,363,23,23,0,3,9,-0.4,2022-02-21,22.5,2022-07-14,20.4,2022-07-08,2022-08-23
C611E,VEGA DE SAN MATEO,LAS PALMAS,1702.0,2023,363,12,12,1,5,5,-1.7,2023-02-06,25.2,2023-08-11,19.3,2023-06-26,2023-08-15
C611E,VEGA DE SAN MATEO,LAS PALMAS,1702.0,2024,364,12,12,0,4,4,0.9,2024-03-23,23.1,2024-07-24,19.5,2024-07-13,2024-08-13
C611E,VEGA DE SAN MATEO,LAS PALMAS,1702.0,2025,357,17,17,0,8,8,-0.2,2025-03-05,24.5,2025-08-10,19.8,2025-06-28,2025-08-17
C612F,"TEJEDA, CRUZ DE TEJEDA",LAS PALMAS,1514.0,2017,362,35,30,2,15,7,1.2,2017-01-25,25.7,2017-08-08,21.9,2017-06-22,2017-10-14
C612F,"TEJEDA, CRUZ DE TEJEDA",LAS PALMAS,1514.0,2018,364,14,14,0,4,4,0.1,2018-02-08,23.0,2018-07-09,19.5,2018-07-09,2018-08-24
C612F,"TEJEDA, CRUZ DE TEJEDA",LAS PALMAS,1514.0,2019,359,17,9,0,7,6,1.7,2019-02-19,23.9,2019-08-17,19.7,2019-05-16,2019-10-02
C612F,"TEJEDA, CRUZ DE TEJEDA",LAS PALMAS,1514.0,2020,364,30,19,1,9,5,1.4,2020-01-22,26.1,2020-07-07,20.7,2020-07-01,2020-10-13
C612F,"TEJEDA, CRUZ DE TEJEDA",LAS PALMAS,1514.0,2021,360,24,16,1,13,6,0.6,2021-02-05,25.6,2021-08-15,20.6,2021-07-03,2021-10-02
C612F,"TEJEDA, CRUZ DE TEJEDA",LAS PALMAS,1514.0,2022,357,29,29,0,8,10,0.8,2022-03-15,23.7,2022-07-25,21.5,2022-07-08,2022-08-23
C612F,"TEJEDA, CRUZ DE TEJEDA",LAS PALMAS,1514.0,2023,362,29,25,3,12,7,1.4,2023-02-16,27.0,2023-08-13,21.0,2023-06-27,2023-10-09
C612F,"TEJEDA, CRUZ DE TEJEDA",LAS PALMAS,1514.0,2024,364,20,20,0,13,5,2.7,2024-03-23,24.5,2024-08-10,20.5,2024-07-13,2024-08-27
C612F,"TEJEDA, CRUZ DE TEJEDA",LAS PALMAS,1514.0,2025,360,28,27,3,18,10,2.1,2025-12-13,25.8,2025-08-11,21.8,2025-06-01,2025-09-18
C614H,TEJEDA,LAS PALMAS,1060.0,2018,356,47,37,12,33,14,3.9,2018-02-08,29.5,2018-07-09,23.8,2018-06-27,2018-09-27
C614H,TEJEDA,LAS PALMAS,1060.0,2019,363,57,32,10,37,11,5.6,2019-01-12,30.1,2019-08-16,23.9,2019-05-12,2019-10-30
C614H,TEJEDA,LAS PALMAS,1060.0,2020,357,91,55,29,62,28,6.3,2020-01-22,32.0,2020-07-07,26.2,2020-03-04,2020-11-17
C614H,TEJEDA,LAS PALMAS,1060.0,2021,361,65,44,26,47,15,5.0,2021-02-05,30.9,2021-08-15,26.0,2021-05-21,2021-10-20
C614H,TEJEDA,LAS PALMAS,1060.0,2022,346,72,48,28,44,15,6.2,2022-03-08,29.8,2022-08-06,26.7,2022-04-17,2022-11-13
C614H,TEJEDA,LAS PALMAS,1060.0,2023,364,75,42,31,55,18,5.3,2023-02-16,32.4,2023-08-13,26.1,2023-03-12,2023-11-21
C614H,TEJEDA,LAS PALMAS,1060.0,2024,353,60,40,22,44,17,8.1,2024-12-22,30.5,2024-08-13,25.9,2024-04-05,2024-11-27
C614H,TEJEDA,LAS PALMAS,1060.0,2025,361,52,35,23,44,12,5.0,2025-12-13,30.4,2025-08-11,25.9,2025-06-01,2025-11-04
C619X,AGAETE,LAS PALMAS,5.0,2017,347,174,85,0,61,78,13.7,2017-03-24,24.2,2017-10-27,23.0,2017-03-10,2017-11-30
C619X,AGAETE,LAS PALMAS,5.0,2018,342,100,49,0,42,93,12.3,2018-02-08,24.2,2018-08-14,22.5,2018-06-21,2018-11-02
C619X,AGAETE,LAS PALMAS,5.0,2019,361,134,72,1,35,108,13.8,2019-04-04,25.8,2019-08-18,22.3,2019-06-04,2019-11-30
C619X,AGAETE,LAS PALMAS,5.0,2020,363,168,89,2,62,88,13.9,2020-01-22,27.4,2020-09-08,23.2,2020-02-23,2020-11-24
C619X,AGAETE,LAS PALMAS,5.0,2021,364,128,66,2,46,94,13.0,2021-02-05,27.3,2021-08-18,23.0,2021-01-06,2021-11-22
C619X,AGAETE,LAS PALMAS,5.0,2022,364,168,77,0,60,90,13.8,2022-02-22,24.3,2022-08-21,22.8,2022-04-18,2022-12-29
C619X,AGAETE,LAS PALMAS,5.0,2023,363,183,90,11,124,100,13.4,2023-02-16,28.5,2023-07-13,24.3,2023-03-30,2023-12-09
C619X,AGAETE,LAS PALMAS,5.0,2024,364,163,76,0,62,109,13.1,2024-03-23,23.6,2024-08-19,22.7,2024-01-12,2024-12-16
C619X,AGAETE,LAS PALMAS,5.0,2025,364,156,84,1,66,71,13.3,2025-12-13,29.0,2025-09-20,23.1,2025-05-10,2025-11-24
C619Y,LA ALDEA DE SAN NICOLÁS,LAS PALMAS,13.0,2017,352,105,68,0,30,20,7.9,2017-12-25,24.1,2017-10-14,22.4,2017-04-27,2017-10-22
C619Y,LA ALDEA DE SAN NICOLÁS,LAS PALMAS,13.0,2018,365,86,55,0,19,22,7.6,2018-01-05,24.2,2018-09-13,22.1,2018-06-21,2018-11-03
C619Y,LA ALDEA DE SAN NICOLÁS,LAS PALMAS,13.0,2019,362,89,61,0,19,13,6.2,2019-02-07,23.9,2019-08-18,22.1,2019-06-05,2019-11-14
C619Y,LA ALDEA DE SAN NICOLÁS,LAS PALMAS,13.0,2020,363,115,77,0,48,27,7.7,2020-01-17,24.7,2020-08-27,22.7,2020-02-23,2020-10-28
C619Y,LA ALDEA DE SAN NICOLÁS,LAS PALMAS,13.0,2021,363,86,55,1,21,23,7.0,2021-01-18,25.6,2021-08-17,22.2,2021-01-07,2021-11-05
C619Y,LA ALDEA DE SAN NICOLÁS,LAS PALMAS,13.0,2022,363,116,78,0,45,35,8.9,2022-01-04,24.5,2022-07-24,22.7,2022-05-20,2022-12-08
C619Y,LA ALDEA DE SAN NICOLÁS,LAS PALMAS,13.0,2023,364,126,79,3,67,37,8.4,2023-02-04,25.6,2023-08-20,23.4,2023-03-30,2023-11-08
C619Y,LA ALDEA DE SAN NICOLÁS,LAS PALMAS,13.0,2024,365,114,74,0,37,35,10.2,2024-12-30,23.7,2024-08-20,22.5,2024-01-16,2024-12-04
C619Y,LA ALDEA DE SAN NICOLÁS,LAS PALMAS,13.0,2025,365,114,75,3,46,29,8.0,2025-02-10,29.7,2025-09-20,23.1,2025-06-03,2025-11-09
C623I,"SAN BARTOLOME TIRAJANA, CUEVAS DEL PINAR",LAS PALMAS,1220.0,2017,363,58,41,29,47,12,3.9,2017-01-25,29.8,2017-08-10,26.2,2017-06-21,2017-10-25
C623I,"SAN BARTOLOME TIRAJANA, CUEVAS DEL PINAR",LAS PALMAS,1220.0,2018,365,45,37,6,29,14,3.1,2018-02-08,29.6,2018-07-10,22.7,2018-07-04,2018-09-27
C623I,"SAN BARTOLOME TIRAJANA, CUEVAS DEL PINAR",LAS PALMAS,1220.0,2019,361,56,38,10,32,15,3.9,2019-02-19,28.8,2019-08-18,23.2,2019-05-12,2019-10-30
C623I,"SAN BARTOLOME TIRAJANA, CUEVAS DEL PINAR",LAS PALMAS,1220.0,2020,360,89,59,27,57,20,4.5,2020-01-22,30.6,2020-07-08,26.8,2020-05-23,2020-10-14
C623I,"SAN BARTOLOME TIRAJANA, CUEVAS DEL PINAR",LAS PALMAS,1220.0,2021,364,68,45,19,44,12,4.0,2021-02-05,29.8,2021-08-16,25.1,2021-05-20,2021-10-20
C623I,"SAN BARTOLOME TIRAJANA, CUEVAS DEL PINAR",LAS PALMAS,1220.0,2022,362,65,54,27,41,28,3.7,2022-03-15,30.0,2022-07-10,26.4,2022-04-17,2022-10-31
C623I,"SAN BARTOLOME TIRAJANA, CUEVAS DEL PINAR",LAS PALMAS,1220.0,2023,364,69,48,23,49,17,4.4,2023-01-27,31.6,2023-07-13,25.8,2023-03-26,2023-10-16
C623I,"SAN BARTOLOME TIRAJANA, CUEVAS DEL PINAR",LAS PALMAS,1220.0,2024,365,57,45,22,42,23,5.3,2024-03-23,29.7,2024-07-12,25.6,2024-04-11,2024-11-08
C623I,"SAN BARTOLOME TIRAJANA, CUEVAS DEL PINAR",LAS PALMAS,1220.0,2025,364,65,45,27,45,18,4.8,2025-12-13,29.2,2025-08-10,26.3,2025-06-01,2025-11-04
C625O,"SAN BARTOLOME TIRAJANA, LOMO PEDRO ALFONSO",LAS PALMAS,806.0,2017,364,78,42,30,59,12,7.8,2017-01-18,30.2,2017-08-23,27.0,2017-03-07,2017-11-11
C625O,"SAN BARTOLOME TIRAJANA, LOMO PEDRO ALFONSO",LAS PALMAS,806.0,2018,365,35,27,8,23,6,6.6,2018-02-08,30.1,2018-07-10,23.0,2018-07-05,2018-09-28
C625O,"SAN BARTOLOME TIRAJANA, LOMO PEDRO ALFONSO",LAS PALMAS,806.0,2019,360,56,36,11,32,25,7.6,2019-02-19,32.6,2019-08-18,23.5,2019-05-12,2019-11-30
C625O,"SAN BARTOLOME TIRAJANA, LOMO PEDRO ALFONSO",LAS PALMAS,806.0,2020,364,84,49,23,61,19,7.8,2020-01-22,32.9,2020-08-26,26.6,2020-03-08,2020-11-18
C625O,"SAN BARTOLOME TIRAJANA, LOMO PEDRO ALFONSO",LAS PALMAS,806.0,2021,361,50,32,22,39,9,6.7,2021-02-05,32.9,2021-08-17,25.9,2021-05-21,2021-10-21
C625O,"SAN BARTOLOME TIRAJANA, LOMO PEDRO ALFONSO",LAS PALMAS,806.0,2022,364,67,45,24,46,27,6.9,2022-03-15,32.0,2022-07-26,26.7,2022-04-17,2022-11-16
C625O,"SAN BARTOLOME TIRAJANA, LOMO PEDRO ALFONSO",LAS PALMAS,806.0,2023,365,80,39,37,57,18,7.9,2023-02-16,35.5,2023-08-11,26.3,2023-03-12,2023-11-21
C625O,"SAN BARTOLOME TIRAJANA, LOMO PEDRO ALFONSO",LAS PALMAS,806.0,2024,363,60,41,21,45,17,7.7,2024-03-23,29.9,2024-08-13,25.5,2024-03-16,2024-11-27
C625O,"SAN BARTOLOME TIRAJANA, LOMO PEDRO ALFONSO",LAS PALMAS,806.0,2025,363,53,36,25,43,17,7.3,2025-12-13,30.8,2025-08-10,26.3,2025-06-01,2025-11-04
C628B,"LA ALDEA DE SAN NICOLÁS, TASARTE",LAS PALMAS,318.0,2017,361,71,40,7,33,12,10.6,2017-01-26,27.3,2017-10-14,23.0,2017-03-10,2017-11-27
C628B,"LA ALDEA DE SAN NICOLÁS, TASARTE",LAS PALMAS,318.0,2018,365,34,18,0,6,6,10.7,2018-02-07,24.5,2018-08-14,20.7,2018-07-10,2018-12-06
C628B,"LA ALDEA DE SAN NICOLÁS, TASARTE",LAS PALMAS,318.0,2019,361,46,27,2,11,7,10.2,2019-02-08,27.1,2019-08-18,21.3,2019-06-03,2019-11-30
C628B,"LA ALDEA DE SAN NICOLÁS, TASARTE",LAS PALMAS,318.0,2020,364,82,46,6,24,14,10.6,2020-01-05,28.8,2020-08-27,22.9,2020-02-03,2020-11-18
C628B,"LA ALDEA DE SAN NICOLÁS, TASARTE",LAS PALMAS,318.0,2021,353,45,25,3,12,7,10.4,2021-01-19,30.3,2021-08-18,21.6,2021-03-25,2021-10-20
C628B,"LA ALDEA DE SAN NICOLÁS, TASARTE",LAS PALMAS,318.0,2022,363,67,37,4,20,13,11.0,2022-03-14,26.4,2022-07-24,22.1,2022-02-08,2022-12-29
C628B,"LA ALDEA DE SAN NICOLÁS, TASARTE",LAS PALMAS,318.0,2023,359,98,55,21,44,20,10.8,2023-02-10,34.6,2023-08-12,25.5,2023-03-29,2023-11-21
C628B,"LA ALDEA DE SAN NICOLÁS, TASARTE",LAS PALMAS,318.0,2024,365,62,37,2,25,8,12.4,2024-03-23,26.3,2024-04-11,22.5,2024-01-15,2024-12-16
C628B,"LA ALDEA DE SAN NICOLÁS, TASARTE",LAS PALMAS,318.0,2025,363,65,44,7,21,19,11.2,2025-12-13,29.7,2025-09-20,22.7,2025-06-29,2025-11-24
C629Q,"MOGÁN, PUERTO RICO",LAS PALMAS,10.0,2017,363,186,88,1,66,90,14.7,2017-01-26,25.3,2017-10-14,23.1,2017-01-07,2017-11-30
C629Q,"MOGÁN, PUERTO RICO",LAS PALMAS,10.0,2018,363,126,65,0,33,112,13.6,2018-01-31,23.7,2018-09-24,22.4,2018-06-27,2018-12-23
C629Q,"MOGÁN, PUERTO RICO",LAS PALMAS,10.0,2019,363,146,81,0,21,124,14.2,2019-01-05,22.9,2019-08-25,22.1,2019-02-14,2019-11-30
C629Q,"MOGÁN, PUERTO RICO",LAS PALMAS,10.0,2020,364,171,90,0,70,141,14.5,2020-01-17,24.9,2020-08-28,23.2,2020-02-04,2020-11-24
C629Q,"MOGÁN, PUERTO RICO",LAS PALMAS,10.0,2021,365,138,73,1,44,116,13.2,2021-02-05,25.9,2021-03-25,22.5,2021-03-25,2021-11-22
C629Q,"MOGÁN, PUERTO RICO",LAS PALMAS,10.0,2022,365,177,87,0,67,152,14.1,2022-03-15,23.8,2022-07-26,22.9,2022-02-03,2022-12-30
C629Q,"MOGÁN, PUERTO RICO",LAS PALMAS,10.0,2023,365,189,92,9,126,160,14.4,2023-02-10,25.6,2023-10-10,24.5,2023-03-30,2023-11-23
C629Q,"MOGÁN, PUERTO RICO",LAS PALMAS,10.0,2024,364,185,88,1,46,89,14.3,2024-03-23,25.4,2024-12-16,22.5,2024-01-15,2024-12-24
C629Q,"MOGÁN, PUERTO RICO",LAS PALMAS,10.0,2025,362,161,86,1,65,98,14.2,2025-12-13,26.0,2025-09-20,23.2,2025-05-25,2025-11-25
C629X,"MOGÁN, PUERTO",LAS PALMAS,10.0,2017,363,121,61,2,27,50,13.4,2017-01-26,25.7,2017-10-27,22.6,2017-01-07,2017-11-28
C629X,"MOGÁN, PUERTO",LAS PALMAS,10.0,2018,361,79,37,0,9,16,12.1,2018-01-25,23.6,2018-09-24,21.4,2018-07-10,2018-12-25
C629X,"MOGÁN, PUERTO",LAS PALMAS,10.0,2019,349,100,57,0,10,32,12.3,2019-02-09,23.0,2019-08-25,21.8,2019-02-14,2019-11-06
C629X,"MOGÁN, PUERTO",LAS PALMAS,10.0,2020,361,153,85,1,55,95,12.9,2020-01-05,25.7,2020-02-23,23.0,2020-02-04,2020-11-22
C629X,"MOGÁN, PUERTO",LAS PALMAS,10.0,2021,353,107,63,1,25,45,11.9,2021-01-18,25.3,2021-08-18,22.3,2021-05-21,2021-11-03
C629X,"MOGÁN, PUERTO",LAS PALMAS,10.0,2022,350,123,64,0,39,76,12.9,2022-02-22,23.8,2022-07-26,22.6,2022-01-19,2022-12-30
C629X,"MOGÁN, PUERTO",LAS PALMAS,10.0,2023,365,152,84,5,73,108,12.6,2023-02-03,26.5,2023-10-09,24.1,2023-03-30,2023-11-21
C629X,"MOGÁN, PUERTO",LAS PALMAS,10.0,2024,366,124,63,1,18,48,13.6,2024-03-23,25.9,2024-12-16,22.0,2024-01-15,2024-12-17
C629X,"MOGÁN, PUERTO",LAS PALMAS,10.0,2025,365,123,73,0,40,72,13.0,2025-02-10,25.0,2025-09-20,22.7,2025-06-02,2025-11-24
C635B,"SAN BARTOLOME TIRAJANA, LAS TIRAJANAS",LAS PALMAS,960.0,2017,364,59,41,25,41,12,4.8,2017-01-18,29.9,2017-08-23,26.1,2017-05-18,2017-10-24
C635B,"SAN BARTOLOME TIRAJANA, LAS TIRAJANAS",LAS PALMAS,960.0,2018,365,39,33,5,21,8,5.3,2018-02-08,30.0,2018-07-10,22.3,2018-07-04,2018-09-27
C635B,"SAN BARTOLOME TIRAJANA, LAS TIRAJANAS",LAS PALMAS,960.0,2019,359,52,32,10,29,15,4.9,2019-01-11,30.8,2019-08-18,23.4,2019-05-12,2019-11-02
C635B,"SAN BARTOLOME TIRAJANA, LAS TIRAJANAS",LAS PALMAS,960.0,2020,361,80,54,23,53,30,5.6,2020-01-22,30.8,2020-08-26,25.9,2020-05-23,2020-10-13
C635B,"SAN BARTOLOME TIRAJANA, LAS TIRAJANAS",LAS PALMAS,960.0,2021,360,58,37,19,37,10,5.4,2021-01-15,32.3,2021-08-16,25.1,2021-05-17,2021-10-21
C635B,"SAN BARTOLOME TIRAJANA, LAS TIRAJANAS",LAS PALMAS,960.0,2022,363,60,49,23,35,28,5.5,2022-04-07,31.4,2022-07-10,25.8,2022-04-17,2022-10-31
C635B,"SAN BARTOLOME TIRAJANA, LAS TIRAJANAS",LAS PALMAS,960.0,2023,365,68,43,22,48,18,5.3,2023-02-05,33.6,2023-08-11,25.2,2023-03-26,2023-11-14
C635B,"SAN BARTOLOME TIRAJANA, LAS TIRAJANAS",LAS PALMAS,960.0,2024,364,53,42,15,37,17,6.6,2024-03-23,30.3,2024-08-03,24.5,2024-04-10,2024-11-08
C635B,"SAN BARTOLOME TIRAJANA, LAS TIRAJANAS",LAS PALMAS,960.0,2025,362,54,38,18,40,9,5.9,2025-12-13,30.2,2025-08-10,25.0,2025-06-01,2025-11-04
C639M,"MASPALOMAS, C. INSULAR TURISMO",LAS PALMAS,45.0,2017,363,159,84,3,44,53,12.9,2017-03-18,25.4,2017-10-15,23.2,2017-03-10,2017-11-27
C639M,"MASPALOMAS, C. INSULAR TURISMO",LAS PALMAS,45.0,2018,364,114,61,0,20,92,12.0,2018-01-31,24.8,2018-09-24,22.1,2018-03-28,2018-12-06
C639M,"MASPALOMAS, C. INSULAR TURISMO",LAS PALMAS,45.0,2019,361,123,71,0,17,40,13.2,2019-01-10,24.2,2019-08-25,22.0,2019-06-03,2019-11-08
C639M,"MASPALOMAS, C. INSULAR TURISMO",LAS PALMAS,45.0,2020,362,159,87,5,43,75,13.5,2020-01-28,26.5,2020-09-09,22.9,2020-02-03,2020-11-23
C639M,"MASPALOMAS, C. INSULAR TURISMO",LAS PALMAS,45.0,2021,365,126,69,2,26,103,12.0,2021-01-18,29.2,2021-08-17,22.3,2021-03-25,2021-11-03
C639M,"MASPALOMAS, C. INSULAR TURISMO",LAS PALMAS,45.0,2022,364,141,71,0,44,94,12.8,2022-03-15,24.7,2022-07-26,22.8,2022-02-07,2022-12-29
C639M,"MASPALOMAS, C. INSULAR TURISMO",LAS PALMAS,45.0,2023,362,172,88,16,112,128,13.1,2023-02-06,30.0,2023-10-09,24.6,2023-03-30,2023-11-21
C639M,"MASPALOMAS, C. INSULAR TURISMO",LAS PALMAS,45.0,2024,362,152,74,1,25,78,13.6,2024-03-23,25.2,2024-04-11,22.4,2024-01-16,2024-12-17
C639M,"MASPALOMAS, C. INSULAR TURISMO",LAS PALMAS,45.0,2025,360,137,78,3,45,95,13.1,2025-02-10,27.9,2025-09-20,23.2,2025-06-03,2025-11-24
C639U,"SAN BARTOLOME TIRAJANA, EL MATORRAL",LAS PALMAS,41.0,2017,358,105,61,2,32,27,10.2,2017-01-26,26.0,2017-08-18,22.3,2017-03-10,2017-11-06
C639U,"SAN BARTOLOME TIRAJANA, EL MATORRAL",LAS PALMAS,41.0,2018,365,77,44,0,8,20,9.4,2018-01-31,23.8,2018-08-14,21.6,2018-06-30,2018-10-18
C639U,"SAN BARTOLOME TIRAJANA, EL MATORRAL",LAS PALMAS,41.0,2019,364,95,51,1,16,20,11.8,2019-02-26,25.1,2019-08-18,22.0,2019-07-01,2019-11-04
C639U,"SAN BARTOLOME TIRAJANA, EL MATORRAL",LAS PALMAS,41.0,2020,365,126,71,5,29,30,10.5,2020-01-23,29.2,2020-09-08,22.5,2020-02-23,2020-11-22
C639U,"SAN BARTOLOME TIRAJANA, EL MATORRAL",LAS PALMAS,41.0,2021,361,80,42,3,20,12,10.3,2021-02-06,28.9,2021-08-17,22.2,2021-05-19,2021-10-26
C639U,"SAN BARTOLOME TIRAJANA, EL MATORRAL",LAS PALMAS,41.0,2022,363,108,56,4,25,37,10.2,2022-03-15,27.2,2022-07-10,22.3,2022-04-17,2022-12-08
C639U,"SAN BARTOLOME TIRAJANA, EL MATORRAL",LAS PALMAS,41.0,2023,364,140,72,17,67,39,11.4,2023-02-17,29.4,2023-07-13,25.0,2023-03-30,2023-11-21
C639U,"SAN BARTOLOME TIRAJANA, EL MATORRAL",LAS PALMAS,41.0,2024,363,91,48,0,28,18,12.2,2024-03-07,25.0,2024-04-11,22.3,2024-04-11,2024-11-22
C639U,"SAN BARTOLOME TIRAJANA, EL MATORRAL",LAS PALMAS,41.0,2025,363,109,65,5,38,24,11.2,2025-01-05,30.6,2025-07-17,22.7,2025-06-13,2025-11-09
C648C,AGÜIMES,LAS PALMAS,306.0,2017,360,63,34,14,30,12,9.6,2017-03-18,31.5,2017-06-24,24.0,2017-03-08,2017-10-28
C648C,AGÜIMES,LAS PALMAS,306.0,2018,362,25,15,4,12,4,8.9,2018-02-08,29.4,2018-07-10,20.6,2018-07-09,2018-09-29
C648C,AGÜIMES,LAS PALMAS,306.0,2019,356,36,24,7,17,10,10.3,2019-01-10,30.5,2019-08-18,22.0,2019-05-24,2019-11-02
C648C,AGÜIMES,LAS PALMAS,306.0,2020,358,64,36,15,37,14,10.2,2020-01-22,31.1,2020-08-27,24.2,2020-02-23,2020-11-18
C648C,AGÜIMES,LAS PALMAS,306.0,2021,364,53,28,14,24,7,10.3,2021-02-06,33.5,2021-08-16,23.3,2021-05-17,2021-10-21
C648C,AGÜIMES,LAS PALMAS,306.0,2022,365,58,36,10,25,12,10.0,2022-03-14,33.8,2022-07-10,23.3,2022-04-16,2022-11-14
C648C,AGÜIMES,LAS PALMAS,306.0,2023,363,87,41,26,49,21,10.5,2023-02-16,34.1,2023-08-12,26.1,2023-03-24,2023-11-21
C648C,AGÜIMES,LAS PALMAS,306.0,2024,366,59,36,11,25,12,11.1,2024-03-23,28.8,2024-08-17,22.5,2024-04-11,2024-11-30
C648C,AGÜIMES,LAS PALMAS,306.0,2025,365,51,33,13,24,16,9.4,2025-12-13,31.3,2025-07-17,22.7,2025-06-27,2025-11-05
C648N,"TELDE, CENTRO FORESTAL DORAMAS",LAS PALMAS,344.0,2017,364,50,31,6,25,11,8.8,2017-03-26,28.0,2017-06-24,22.7,2017-03-09,2017-11-26
C648N,"TELDE, CENTRO FORESTAL DORAMAS",LAS PALMAS,344.0,2018,364,13,8,1,4,3,9.1,2018-02-08,25.4,2018-08-06,19.8,2018-07-10,2018-09-29
C648N,"TELDE, CENTRO FORESTAL DORAMAS",LAS PALMAS,344.0,2019,363,25,15,2,8,5,8.8,2019-01-10,27.7,2019-08-24,20.4,2019-06-02,2019-11-02
C648N,"TELDE, CENTRO FORESTAL DORAMAS",LAS PALMAS,344.0,2020,361,44,22,6,19,11,9.6,2020-01-22,31.2,2020-08-27,22.1,2020-02-24,2020-11-18
C648N,"TELDE, CENTRO FORESTAL DORAMAS",LAS PALMAS,344.0,2021,343,30,19,4,9,6,9.5,2021-01-19,28.9,2021-08-17,20.6,2021-05-21,2021-10-19
C648N,"TELDE, CENTRO FORESTAL DORAMAS",LAS PALMAS,344.0,2022,350,26,16,7,12,5,9.3,2022-02-21,29.1,2022-07-10,20.8,2022-05-10,2022-10-05
C648N,"TELDE, CENTRO FORESTAL DORAMAS",LAS PALMAS,344.0,2023,362,56,31,13,28,16,9.6,2023-02-16,27.9,2023-06-29,24.0,2023-03-29,2023-11-16
C648N,"TELDE, CENTRO FORESTAL DORAMAS",LAS PALMAS,344.0,2024,362,31,23,5,12,6,10.4,2024-03-24,27.2,2024-07-25,21.2,2024-04-11,2024-12-16
C648N,"TELDE, CENTRO FORESTAL DORAMAS",LAS PALMAS,344.0,2025,362,37,22,7,14,8,9.7,2025-02-10,28.8,2025-07-17,21.2,2025-07-16,2025-11-05
C649I,GRAN CANARIA AEROPUERTO,LAS PALMAS,24.0,2017,359,133,73,1,42,42,12.4,2017-01-26,25.3,2017-07-28,22.6,2017-03-10,2017-11-07
C649I,GRAN CANARIA AEROPUERTO,LAS PALMAS,24.0,2018,353,101,57,0,14,29,10.6,2018-02-08,23.7,2018-09-13,22.0,2018-06-28,2018-10-17
C649I,GRAN CANARIA AEROPUERTO,LAS PALMAS,24.0,2019,350,118,65,0,13,48,13.1,2019-03-26,23.9,2019-08-18,22.0,2019-06-03,2019-11-08
C649I,GRAN CANARIA AEROPUERTO,LAS PALMAS,24.0,2020,362,139,79,4,38,56,10.8,2020-01-30,26.9,2020-09-08,22.6,2020-02-23,2020-11-18
C649I,GRAN CANARIA AEROPUERTO,LAS PALMAS,24.0,2021,345,115,62,3,27,93,11.6,2021-02-06,26.9,2021-08-17,22.3,2021-05-22,2021-11-03
C649I,GRAN CANARIA AEROPUERTO,LAS PALMAS,24.0,2022,361,119,61,1,26,67,11.9,2022-03-15,25.7,2022-07-26,22.3,2022-05-10,2022-11-23
C649I,GRAN CANARIA AEROPUERTO,LAS PALMAS,24.0,2023,354,156,80,13,83,67,12.1,2023-02-16,27.8,2023-10-09,24.2,2023-03-30,2023-11-21
C649I,GRAN CANARIA AEROPUERTO,LAS PALMAS,24.0,2024,356,145,67,0,53,34,13.1,2024-03-24,24.2,2024-07-25,22.5,2024-04-11,2024-12-16
C649I,GRAN CANARIA AEROPUERTO,LAS PALMAS,24.0,2025,347,132,77,5,52,66,11.0,2025-12-13,28.7,2025-07-17,23.0,2025-06-13,2025-11-24
C649R,"TELDE, MELENARA",LAS PALMAS,9.0,2017,364,138,80,0,41,64,10.3,2017-01-26,24.2,2017-10-14,22.6,2017-05-16,2017-11-26
C649R,"TELDE, MELENARA",LAS PALMAS,9.0,2018,352,106,63,0,26,95,10.3,2018-01-30,22.9,2018-09-18,22.2,2018-06-20,2018-11-03
C649R,"TELDE, MELENARA",LAS PALMAS,9.0,2019,362,124,70,0,24,71,10.3,2019-01-13,23.0,2019-08-17,22.2,2019-06-03,2019-11-08
C649R,"TELDE, MELENARA",LAS PALMAS,9.0,2020,358,136,78,3,47,56,9.8,2020-01-16,25.7,2020-09-08,22.7,2020-02-23,2020-11-19
C649R,"TELDE, MELENARA",LAS PALMAS,9.0,2021,362,119,66,2,31,56,11.4,2021-01-20,25.5,2021-08-18,22.4,2021-05-21,2021-11-06
C649R,"TELDE, MELENARA",LAS PALMAS,9.0,2022,364,142,78,1,53,78,11.7,2022-01-23,25.2,2022-07-26,22.6,2022-05-11,2022-11-29
C649R,"TELDE, MELENARA",LAS PALMAS,9.0,2023,363,143,79,1,89,69,11.6,2023-02-26,25.1,2023-07-13,23.6,2023-03-30,2023-11-14
C649R,"TELDE, MELENARA",LAS PALMAS,9.0,2024,364,125,70,0,41,69,11.6,2024-01-28,23.3,2024-08-18,22.4,2024-04-11,2024-12-16
C649R,"TELDE, MELENARA",LAS PALMAS,9.0,2025,363,131,79,3,60,59,11.5,2025-01-03,26.3,2025-07-17,23.0,2025-05-25,2025-11-10
C656V,TEROR,LAS PALMAS,683.0,2017,365,7,4,0,2,2,4.7,2017-02-14,22.5,2017-10-14,18.6,2017-06-24,2017-10-26
C656V,TEROR,LAS PALMAS,683.0,2018,364,1,1,0,0,1,4.3,2018-02-14,20.4,2018-08-13,16.1,2018-08-13,2018-08-13
C656V,TEROR,LAS PALMAS,683.0,2019,359,2,1,0,1,1,3.4,2019-01-10,22.1,2019-08-24,16.0,2019-08-24,2019-10-27
C656V,TEROR,LAS PALMAS,683.0,2020,365,5,3,0,3,1,4.7,2020-01-22,24.5,2020-08-27,17.4,2020-07-07,2020-09-16
C656V,TEROR,LAS PALMAS,683.0,2021,361,7,6,0,2,3,5.4,2021-01-18,23.4,2021-08-16,17.1,2021-06-10,2021-09-11
C656V,TEROR,LAS PALMAS,683.0,2022,364,7,7,0,4,3,3.6,2022-02-22,22.8,2022-07-10,17.3,2022-07-09,2022-08-22
C656V,TEROR,LAS PALMAS,683.0,2023,365,18,11,2,4,5,5.1,2023-02-03,25.6,2023-08-12,20.0,2023-06-28,2023-10-14
C656V,TEROR,LAS PALMAS,683.0,2024,361,1,1,0,1,1,6.9,2024-05-04,22.7,2024-07-25,16.8,2024-07-25,2024-07-25
C656V,TEROR,LAS PALMAS,683.0,2025,362,9,5,0,3,4,4.2,2025-02-09,23.4,2025-09-19,17.4,2025-07-16,2025-09-20
C658L,LAS PALMAS DE G.C. (TAFIRA CMT),LAS PALMAS,269.0,2017,364,46,23,1,6,7,10.5,2017-03-26,25.2,2017-10-15,21.0,2017-03-10,2017-11-25
C658L,LAS PALMAS DE G.C. (TAFIRA CMT),LAS PALMAS,269.0,2018,364,13,3,0,1,3,10.0,2018-02-08,22.3,2018-09-13,20.0,2018-08-07,2018-10-14
C658L,LAS PALMAS DE G.C. (TAFIRA CMT),LAS PALMAS,269.0,2019,365,18,6,0,2,5,10.4,2019-01-13,23.3,2019-10-28,20.0,2019-08-11,2019-11-01
C658L,LAS PALMAS DE G.C. (TAFIRA CMT),LAS PALMAS,269.0,2020,364,47,21,0,5,8,10.0,2020-01-22,23.9,2020-08-27,20.7,2020-02-24,2020-11-18
C658L,LAS PALMAS DE G.C. (TAFIRA CMT),LAS PALMAS,269.0,2021,364,19,9,0,2,6,10.0,2021-02-05,24.1,2021-08-18,20.1,2021-07-12,2021-09-29
C658L,LAS PALMAS DE G.C. (TAFIRA CMT),LAS PALMAS,269.0,2022,365,30,10,0,3,11,10.3,2022-02-22,24.8,2022-07-24,20.5,2022-07-24,2022-11-14
C658L,LAS PALMAS DE G.C. (TAFIRA CMT),LAS PALMAS,269.0,2023,365,76,43,3,18,15,10.7,2023-01-30,29.4,2023-10-09,22.0,2023-06-07,2023-11-21
C658L,LAS PALMAS DE G.C. (TAFIRA CMT),LAS PALMAS,269.0,2024,366,29,16,0,2,5,11.5,2024-03-23,24.6,2024-11-09,20.3,2024-04-11,2024-12-01
C658L,LAS PALMAS DE G.C. (TAFIRA CMT),LAS PALMAS,269.0,2025,365,39,26,1,4,14,9.4,2025-12-13,26.4,2025-09-20,20.5,2025-07-16,2025-10-24
C658X,"LAS PALMAS DE GRAN CANARIA, TAFIRA",LAS PALMAS,269.0,2017,362,34,18,0,5,6,10.1,2017-03-26,23.8,2017-10-14,20.5,2017-03-10,2017-10-27
C658X,"LAS PALMAS DE GRAN CANARIA, TAFIRA",LAS PALMAS,269.0,2018,362,11,2,0,1,3,9.6,2018-02-08,22.3,2018-09-13,19.9,2018-08-13,2018-10-14
C658X,"LAS PALMAS DE GRAN CANARIA, TAFIRA",LAS PALMAS,269.0,2019,357,10,4,0,2,5,10.3,2019-01-13,23.1,2019-10-28,19.7,2019-08-17,2019-10-30
C658X,"LAS PALMAS DE GRAN CANARIA, TAFIRA",LAS PALMAS,269.0,2020,364,29,11,0,3,7,9.7,2020-01-22,23.6,2020-08-27,20.4,2020-02-24,2020-11-17
C658X,"LAS PALMAS DE GRAN CANARIA, TAFIRA",LAS PALMAS,269.0,2021,360,14,5,0,2,6,9.9,2021-02-05,23.8,2021-08-18,19.8,2021-07-12,2021-09-28
C658X,"LAS PALMAS DE GRAN CANARIA, TAFIRA",LAS PALMAS,269.0,2022,365,26,9,0,2,6,10.2,2022-02-22,23.2,2022-07-26,20.2,2022-07-24,2022-11-14
C658X,"LAS PALMAS DE GRAN CANARIA, TAFIRA",LAS PALMAS,269.0,2023,360,72,46,2,15,15,10.7,2023-01-30,26.6,2023-10-09,21.6,2023-06-07,2023-11-21
C658X,"LAS PALMAS DE GRAN CANARIA, TAFIRA",LAS PALMAS,269.0,2024,361,18,11,0,2,4,11.4,2024-03-23,22.5,2024-11-28,20.0,2024-04-11,2024-11-28
C658X,"LAS PALMAS DE GRAN CANARIA, TAFIRA",LAS PALMAS,269.0,2025,365,37,25,1,4,19,10.5,2025-12-13,26.3,2025-09-20,20.6,2025-07-17,2025-10-23
C659H,"LAS PALMAS DE GRAN CANARIA, SAN CRISTOBAL",LAS PALMAS,55.0,2017,360,137,70,0,14,52,12.6,2017-03-25,24.2,2017-10-14,22.0,2017-03-10,2017-11-27
C659H,"LAS PALMAS DE GRAN CANARIA, SAN CRISTOBAL",LAS PALMAS,55.0,2018,333,99,51,0,12,47,10.5,2018-02-08,23.0,2018-09-13,21.9,2018-06-29,2018-12-06
C659H,"LAS PALMAS DE GRAN CANARIA, SAN CRISTOBAL",LAS PALMAS,55.0,2019,361,129,70,0,6,92,12.8,2019-01-17,22.5,2019-10-27,21.7,2019-06-03,2019-11-03
C659H,"LAS PALMAS DE GRAN CANARIA, SAN CRISTOBAL",LAS PALMAS,55.0,2020,350,137,77,0,24,56,12.4,2020-03-23,24.8,2020-09-08,22.2,2020-02-23,2020-11-22
C659H,"LAS PALMAS DE GRAN CANARIA, SAN CRISTOBAL",LAS PALMAS,55.0,2021,323,94,45,0,19,16,11.0,2021-02-05,24.5,2021-08-17,22.2,2021-03-25,2021-11-02
C659H,"LAS PALMAS DE GRAN CANARIA, SAN CRISTOBAL",LAS PALMAS,55.0,2022,342,101,42,0,24,19,12.2,2022-03-15,24.2,2022-07-26,22.2,2022-07-09,2022-11-25
C659H,"LAS PALMAS DE GRAN CANARIA, SAN CRISTOBAL",LAS PALMAS,55.0,2024,355,125,53,0,18,99,12.7,2024-03-22,23.3,2024-11-21,22.0,2024-04-11,2024-12-16
C659H,"LAS PALMAS DE GRAN CANARIA, SAN CRISTOBAL",LAS PALMAS,55.0,2025,347,138,71,3,47,71,12.6,2025-03-04,28.4,2025-09-20,22.9,2025-06-17,2025-11-24
C659M,"LAS PALMAS DE GRAN CANARIA, PL. DE LA FERIA",LAS PALMAS,15.0,2017,347,186,82,0,71,94,13.7,2017-03-25,24.9,2017-10-15,22.9,2017-03-10,2017-11-30
C659M,"LAS PALMAS DE GRAN CANARIA, PL. DE LA FERIA",LAS PALMAS,15.0,2018,365,122,69,0,64,115,12.1,2018-02-08,23.7,2018-09-13,22.7,2018-06-20,2018-11-03
C659M,"LAS PALMAS DE GRAN CANARIA, PL. DE LA FERIA",LAS PALMAS,15.0,2019,351,142,76,0,57,97,14.5,2019-04-04,23.1,2019-10-29,22.4,2019-06-03,2019-11-23
C659M,"LAS PALMAS DE GRAN CANARIA, PL. DE LA FERIA",LAS PALMAS,15.0,2020,316,130,85,0,71,83,12.0,2020-06-10,24.7,2020-09-08,23.2,2020-02-23,2020-11-21
C659M,"LAS PALMAS DE GRAN CANARIA, PL. DE LA FERIA",LAS PALMAS,15.0,2021,355,134,68,0,56,56,12.1,2021-02-05,24.9,2021-08-17,23.0,2021-03-25,2021-11-12
C659M,"LAS PALMAS DE GRAN CANARIA, PL. DE LA FERIA",LAS PALMAS,15.0,2022,365,183,87,0,75,132,13.3,2022-03-15,24.1,2022-07-26,23.0,2022-05-10,2022-12-30
C659M,"LAS PALMAS DE GRAN CANARIA, PL. DE LA FERIA",LAS PALMAS,15.0,2023,327,157,57,9,103,97,13.4,2023-02-10,26.9,2023-10-09,24.1,2023-04-30,2023-12-08
C659M,"LAS PALMAS DE GRAN CANARIA, PL. DE LA FERIA",LAS PALMAS,15.0,2024,363,174,78,0,75,63,14.7,2024-03-23,23.6,2024-10-10,22.8,2024-02-10,2024-12-17
C665T,VALLESECO,LAS PALMAS,900.0,2017,363,26,20,0,10,7,5.5,2017-02-14,24.2,2017-08-25,20.6,2017-06-23,2017-10-26
C665T,VALLESECO,LAS PALMAS,900.0,2018,364,7,6,0,1,3,4.9,2018-02-08,22.3,2018-08-24,16.6,2018-07-10,2018-09-26
C665T,VALLESECO,LAS PALMAS,900.0,2019,362,11,7,0,6,4,4.4,2019-02-08,24.4,2019-08-17,18.2,2019-08-16,2019-10-27
C665T,VALLESECO,LAS PALMAS,900.0,2020,363,26,17,2,10,4,6.2,2020-01-22,27.2,2020-08-27,20.8,2020-05-26,2020-11-15
C665T,VALLESECO,LAS PALMAS,900.0,2021,365,20,13,2,7,6,5.0,2021-01-18,25.5,2021-08-16,20.4,2021-06-10,2021-10-17
C665T,VALLESECO,LAS PALMAS,900.0,2022,363,16,15,2,11,4,5.2,2022-03-14,26.9,2022-07-25,19.5,2022-07-09,2022-10-28
C665T,VALLESECO,LAS PALMAS,900.0,2023,362,31,16,4,18,9,5.9,2023-02-16,28.1,2023-08-12,21.9,2023-06-27,2023-10-16
C665T,VALLESECO,LAS PALMAS,900.0,2024,349,13,8,0,3,3,6.3,2024-03-23,24.8,2024-07-25,19.2,2024-04-12,2024-11-23
C665T,VALLESECO,LAS PALMAS,900.0,2025,364,23,16,1,17,8,6.5,2025-12-13,26.2,2025-08-10,21.5,2025-06-29,2025-11-04
C668V,AGAETE - SUERTE ALTA,LAS PALMAS,352.0,2018,364,11,6,0,3,3,8.8,2018-02-08,23.9,2018-08-13,19.6,2018-08-07,2018-09-29
C668V,AGAETE - SUERTE ALTA,LAS PALMAS,352.0,2019,356,19,10,1,5,5,11.0,2019-01-11,27.7,2019-08-18,20.1,2019-07-25,2019-10-31
C668V,AGAETE - SUERTE ALTA,LAS PALMAS,352.0,2020,364,39,19,7,20,13,10.7,2020-01-22,32.1,2020-08-27,22.2,2020-02-23,2020-11-17
C668V,AGAETE - SUERTE ALTA,LAS PALMAS,352.0,2021,364,31,14,5,11,5,9.6,2021-02-05,32.3,2021-08-17,21.2,2021-05-17,2021-10-20
C668V,AGAETE - SUERTE ALTA,LAS PALMAS,352.0,2022,361,35,17,2,9,5,10.3,2022-03-14,26.3,2022-07-24,20.8,2022-04-17,2022-11-16
C668V,AGAETE - SUERTE ALTA,LAS PALMAS,352.0,2023,364,68,31,17,39,17,9.7,2023-02-16,29.4,2023-10-07,24.9,2023-03-30,2023-11-21
C668V,AGAETE - SUERTE ALTA,LAS PALMAS,352.0,2024,366,35,16,3,13,5,9.4,2024-03-23,28.9,2024-08-03,21.1,2024-01-16,2024-12-16
C668V,AGAETE - SUERTE ALTA,LAS PALMAS,352.0,2025,363,27,15,5,9,5,9.5,2025-12-13,28.3,2025-09-18,20.4,2025-07-16,2025-11-05
C669B,ARUCAS,LAS PALMAS,86.0,2017,362,107,57,0,10,18,10.4,2017-01-26,24.0,2017-10-26,21.8,2017-06-12,2017-11-26
C669B,ARUCAS,LAS PALMAS,86.0,2018,363,79,40,0,4,18,11.6,2018-02-08,22.5,2018-09-13,21.4,2018-06-29,2018-10-17
C669B,ARUCAS,LAS PALMAS,86.0,2019,360,75,46,0,1,12,10.4,2019-02-26,23.7,2019-10-27,21.2,2019-06-25,2019-11-01
C669B,ARUCAS,LAS PALMAS,86.0,2020,362,125,77,0,9,39,10.9,2020-01-23,23.4,2020-08-27,21.7,2020-02-23,2020-11-21
C669B,ARUCAS,LAS PALMAS,86.0,2021,360,77,39,0,6,12,10.9,2021-02-05,22.7,2021-09-09,21.5,2021-07-06,2021-10-26
C669B,ARUCAS,LAS PALMAS,86.0,2022,363,94,54,0,8,22,11.8,2022-01-23,22.7,2022-09-16,21.8,2022-06-09,2022-11-06
C669B,ARUCAS,LAS PALMAS,86.0,2023,364,136,79,3,37,56,11.0,2023-01-30,26.2,2023-10-07,22.6,2023-06-02,2023-11-21
C669B,ARUCAS,LAS PALMAS,86.0,2024,365,88,47,0,4,50,12.9,2024-01-31,22.8,2024-08-19,21.6,2024-07-09,2024-12-16
C669B,ARUCAS,LAS PALMAS,86.0,2025,359,104,58,1,19,34,11.2,2025-01-16,25.1,2025-09-20,22.1,2025-06-26,2025-11-06
C689E,MASPALOMAS,LAS PALMAS,6.0,2017,331,100,56,0,15,17,12.8,2017-01-18,24.2,2017-10-27,21.9,2017-03-10,2017-11-27
C689E,MASPALOMAS,LAS PALMAS,6.0,2018,361,62,27,0,6,8,11.4,2018-01-31,23.6,2018-09-13,21.5,2018-03-28,2018-12-06
C839X,LA GRACIOSA,LAS PALMAS,19.0,2017,347,116,68,1,9,25,9.9,2017-03-26,25.8,2017-10-14,21.7,2017-03-10,2017-11-26
C839X,LA GRACIOSA,LAS PALMAS,19.0,2018,351,88,52,0,8,54,9.5,2018-02-08,23.4,2018-09-13,21.6,2018-07-06,2018-10-18
C839X,LA GRACIOSA,LAS PALMAS,19.0,2019,365,89,50,0,2,39,12.4,2019-01-04,22.5,2019-10-27,21.3,2019-06-25,2019-11-04
C839X,LA GRACIOSA,LAS PALMAS,19.0,2020,366,117,76,0,7,62,11.7,2020-03-23,22.7,2020-08-27,21.8,2020-05-30,2020-11-17
C839X,LA GRACIOSA,LAS PALMAS,19.0,2021,350,84,41,0,5,17,10.4,2021-02-06,22.5,2021-09-09,21.5,2021-03-25,2021-11-02
C839X,LA GRACIOSA,LAS PALMAS,19.0,2022,327,94,44,0,11,66,9.9,2022-03-14,22.8,2022-07-26,21.9,2022-02-08,2022-12-27
C839X,LA GRACIOSA,LAS PALMAS,19.0,2023,303,138,81,1,50,75,11.8,2023-02-16,27.2,2023-10-08,22.7,2023-06-02,2023-11-21
C839X,LA GRACIOSA,LAS PALMAS,19.0,2024,363,105,51,0,11,47,13.3,2024-03-07,24.3,2024-11-09,21.9,2024-01-12,2024-12-25
C839X,LA GRACIOSA,LAS PALMAS,19.0,2025,359,111,67,0,23,52,12.3,2025-12-13,23.6,2025-08-10,22.1,2025-06-14,2025-11-09
C916Q,"EL PINAR, DEPÓSITO",STA. CRUZ DE TENERIFE,948.0,2017,365,32,28,5,21,10,3.4,2017-02-13,27.5,2017-08-23,22.5,2017-06-23,2017-10-15
C916Q,"EL PINAR, DEPÓSITO",STA. CRUZ DE TENERIFE,948.0,2018,365,12,10,2,5,3,3.7,2018-01-12,26.6,2018-08-07,18.4,2018-07-09,2018-09-27
C916Q,"EL PINAR, DEPÓSITO",STA. CRUZ DE TENERIFE,948.0,2019,365,19,14,2,11,5,3.9,2019-03-29,27.8,2019-08-19,20.1,2019-07-26,2019-10-04
C916Q,"EL PINAR, DEPÓSITO",STA. CRUZ DE TENERIFE,948.0,2020,366,41,31,8,23,7,3.4,2020-01-15,27.1,2020-08-28,22.7,2020-05-24,2020-09-26
C916Q,"EL PINAR, DEPÓSITO",STA. CRUZ DE TENERIFE,948.0,2021,364,33,24,4,17,9,3.4,2021-01-18,29.9,2021-08-17,21.8,2021-05-21,2021-10-21
C916Q,"EL PINAR, DEPÓSITO",STA. CRUZ DE TENERIFE,948.0,2022,356,23,22,8,16,8,3.7,2022-01-31,27.6,2022-07-21,21.7,2022-06-09,2022-10-05
C916Q,"EL PINAR, DEPÓSITO",STA. CRUZ DE TENERIFE,948.0,2023,365,38,27,8,20,9,3.1,2023-02-02,30.7,2023-08-11,22.2,2023-03-30,2023-10-16
C916Q,"EL PINAR, DEPÓSITO",STA. CRUZ DE TENERIFE,948.0,2024,366,33,31,2,15,6,5.4,2024-12-27,25.9,2024-07-26,21.4,2024-04-11,2024-10-04
C916Q,"EL PINAR, DEPÓSITO",STA. CRUZ DE TENERIFE,948.0,2025,365,26,22,3,20,9,4.9,2025-01-09,27.4,2025-07-05,22.2,2025-06-29,2025-09-20
C917E,"EL PINAR, LA DEHESA",STA. CRUZ DE TENERIFE,713.0,2017,362,44,25,12,27,5,7.5,2017-12-25,28.7,2017-07-28,23.3,2017-03-07,2017-11-12
C917E,"EL PINAR, LA DEHESA",STA. CRUZ DE TENERIFE,713.0,2018,365,16,10,3,12,4,7.9,2018-02-22,27.2,2018-08-24,18.8,2018-07-09,2018-09-27
C917E,"EL PINAR, LA DEHESA",STA. CRUZ DE TENERIFE,713.0,2019,363,24,13,7,13,5,7.4,2019-02-21,28.8,2019-08-17,20.9,2019-06-03,2019-11-30
C917E,"EL PINAR, LA DEHESA",STA. CRUZ DE TENERIFE,713.0,2020,313,36,23,14,23,10,7.7,2020-01-28,30.5,2020-08-27,23.8,2020-01-30,2020-11-17
C917E,"EL PINAR, LA DEHESA",STA. CRUZ DE TENERIFE,713.0,2021,365,38,25,10,24,9,7.0,2021-02-05,31.9,2021-08-17,23.3,2021-05-21,2021-10-20
C917E,"EL PINAR, LA DEHESA",STA. CRUZ DE TENERIFE,713.0,2022,365,31,27,13,23,8,7.5,2022-03-15,31.0,2022-07-26,23.7,2022-06-08,2022-10-28
C917E,"EL PINAR, LA DEHESA",STA. CRUZ DE TENERIFE,713.0,2024,353,28,20,4,21,6,9.3,2024-03-23,27.8,2024-07-26,22.4,2024-04-11,2024-11-11
C917E,"EL PINAR, LA DEHESA",STA. CRUZ DE TENERIFE,713.0,2025,360,20,16,10,17,8,8.3,2025-03-03,28.9,2025-08-08,21.0,2025-06-29,2025-11-04
C919K,TACORON-LAPILLAS-TORTUGA,STA. CRUZ DE TENERIFE,98.0,2018,365,74,30,0,14,12,12.2,2018-02-23,24.0,2018-12-07,21.7,2018-07-10,2018-12-17
C919K,TACORON-LAPILLAS-TORTUGA,STA. CRUZ DE TENERIFE,98.0,2019,354,95,41,0,12,29,13.3,2019-02-09,23.3,2019-02-13,21.6,2019-02-11,2019-11-30
C919K,TACORON-LAPILLAS-TORTUGA,STA. CRUZ DE TENERIFE,98.0,2020,333,127,69,1,28,39,14.3,2020-01-22,26.7,2020-08-27,22.6,2020-01-30,2020-11-24
C919K,TACORON-LAPILLAS-TORTUGA,STA. CRUZ DE TENERIFE,98.0,2021,348,96,45,1,20,50,12.4,2021-02-05,27.0,2021-08-17,22.2,2021-06-09,2021-12-31
C919K,TACORON-LAPILLAS-TORTUGA,STA. CRUZ DE TENERIFE,98.0,2022,363,114,48,0,17,42,13.0,2022-03-15,25.0,2022-07-25,22.0,2022-01-01,2022-12-29
C919K,TACORON-LAPILLAS-TORTUGA,STA. CRUZ DE TENERIFE,98.0,2023,365,187,84,14,72,161,13.1,2023-02-10,32.0,2023-10-04,24.4,2023-03-26,2023-12-29
C919K,TACORON-LAPILLAS-TORTUGA,STA. CRUZ DE TENERIFE,98.0,2025,365,129,61,2,32,72,14.3,2025-03-02,26.0,2025-09-19,22.3,2025-06-22,2025-11-25
C925F,"SAN ANDRÉS, VALVERDE",STA. CRUZ DE TENERIFE,1070.0,2017,365,24,21,0,9,5,3.1,2017-01-18,23.8,2017-08-08,21.1,2017-06-23,2017-10-15
C925F,"SAN ANDRÉS, VALVERDE",STA. CRUZ DE TENERIFE,1070.0,2018,365,6,6,0,0,2,2.7,2018-03-23,21.6,2018-07-10,16.3,2018-07-10,2018-08-24
C925F,"SAN ANDRÉS, VALVERDE",STA. CRUZ DE TENERIFE,1070.0,2021,365,14,11,2,6,6,2.9,2021-01-19,26.1,2021-08-16,19.0,2021-07-12,2021-09-11
C925F,"SAN ANDRÉS, VALVERDE",STA. CRUZ DE TENERIFE,1070.0,2022,365,20,20,1,5,9,3.6,2022-01-31,26.6,2022-07-26,20.6,2022-07-10,2022-08-24
C925F,"SAN ANDRÉS, VALVERDE",STA. CRUZ DE TENERIFE,1070.0,2023,364,16,15,3,7,5,2.2,2023-02-04,27.5,2023-08-11,19.4,2023-06-28,2023-10-04
C925F,"SAN ANDRÉS, VALVERDE",STA. CRUZ DE TENERIFE,1070.0,2024,366,7,7,0,2,3,4.9,2024-03-12,22.4,2024-07-25,17.6,2024-07-14,2024-08-27
C925F,"SAN ANDRÉS, VALVERDE",STA. CRUZ DE TENERIFE,1070.0,2025,351,12,9,0,6,5,3.5,2025-02-17,23.2,2025-08-11,17.9,2025-07-16,2025-09-19
C928I,VALVERDE,STA. CRUZ DE TENERIFE,670.0,2021,365,7,6,0,2,4,7.2,2021-02-05,23.7,2021-07-18,18.0,2021-07-18,2021-10-18
C928I,VALVERDE,STA. CRUZ DE TENERIFE,670.0,2022,365,4,4,0,2,3,8.4,2022-03-14,24.3,2022-07-24,17.5,2022-07-10,2022-07-26
C928I,VALVERDE,STA. CRUZ DE TENERIFE,670.0,2023,365,24,10,1,14,13,9.1,2023-02-02,25.2,2023-10-10,21.5,2023-03-25,2023-10-16
C928I,VALVERDE,STA. CRUZ DE TENERIFE,670.0,2024,366,9,1,0,1,5,9.9,2024-03-23,22.3,2024-04-15,17.6,2024-04-12,2024-11-29
C928I,VALVERDE,STA. CRUZ DE TENERIFE,670.0,2025,365,11,6,0,7,3,9.1,2025-03-02,24.8,2025-09-19,17.4,2025-07-16,2025-11-04
C929I,HIERRO AEROPUERTO,SANTA CRUZ DE TENERIFE,32.0,2017,365,190,90,0,92,84,14.1,2017-02-13,24.1,2017-10-27,23.1,2017-03-10,2017-12-04
C929I,HIERRO AEROPUERTO,SANTA CRUZ DE TENERIFE,32.0,2018,365,131,72,0,43,117,13.5,2018-02-07,23.4,2018-09-13,22.4,2018-06-19,2018-12-08
C929I,HIERRO AEROPUERTO,SANTA CRUZ DE TENERIFE,32.0,2019,363,157,78,0,60,127,13.4,2019-04-02,23.4,2019-10-27,22.5,2019-06-03,2019-12-01
C929I,HIERRO AEROPUERTO,SANTA CRUZ DE TENERIFE,32.0,2020,366,166,89,0,67,135,14.1,2020-03-23,24.3,2020-08-27,22.8,2020-04-10,2020-11-22
C929I,HIERRO AEROPUERTO,SANTA CRUZ DE TENERIFE,32.0,2021,365,155,79,0,58,133,12.5,2021-02-05,24.2,2021-09-07,23.1,2021-04-14,2021-11-22
C929I,HIERRO AEROPUERTO,SANTA CRUZ DE TENERIFE,32.0,2022,365,176,84,0,58,101,14.0,2022-12-26,24.3,2022-07-25,22.8,2022-05-18,2022-12-30
C929I,HIERRO AEROPUERTO,SANTA CRUZ DE TENERIFE,32.0,2023,365,204,90,3,136,161,14.4,2023-02-11,26.2,2023-10-11,24.0,2023-01-03,2023-12-20
C929I,HIERRO AEROPUERTO,SANTA CRUZ DE TENERIFE,32.0,2024,366,183,87,0,75,112,15.3,2024-02-07,23.2,2024-08-20,22.6,2024-01-16,2024-12-16
C929I,HIERRO AEROPUERTO,SANTA CRUZ DE TENERIFE,32.0,2025,365,170,87,1,84,152,14.2,2025-03-02,25.7,2025-09-20,23.1,2025-05-22,2025-11-29
C939T,"FRONTERA, SABINOSA",STA. CRUZ DE TENERIFE,20.0,2017,356,159,83,0,53,43,13.3,2017-01-04,23.9,2017-08-08,22.8,2017-01-06,2017-11-27
C939T,"FRONTERA, SABINOSA",STA. CRUZ DE TENERIFE,20.0,2018,365,112,63,0,20,54,12.9,2018-02-24,23.8,2018-09-13,22.1,2018-06-20,2018-12-24
C939T,"FRONTERA, SABINOSA",STA. CRUZ DE TENERIFE,20.0,2019,364,122,66,0,23,57,13.3,2019-01-13,23.1,2019-08-17,22.2,2019-06-03,2019-11-14
C939T,"FRONTERA, SABINOSA",STA. CRUZ DE TENERIFE,20.0,2020,366,150,85,0,36,66,13.7,2020-01-17,24.3,2020-09-16,22.5,2020-05-24,2020-11-22
C939T,"FRONTERA, SABINOSA",STA. CRUZ DE TENERIFE,20.0,2021,365,129,73,1,34,99,12.4,2021-02-05,25.4,2021-08-17,22.6,2021-01-06,2021-11-07
C939T,"FRONTERA, SABINOSA",STA. CRUZ DE TENERIFE,20.0,2022,364,141,78,0,43,51,13.4,2022-01-28,24.1,2022-07-26,22.6,2022-01-16,2022-12-10
C939T,"FRONTERA, SABINOSA",STA. CRUZ DE TENERIFE,20.0,2023,365,174,89,2,93,149,14.0,2023-02-10,28.1,2023-11-21,23.6,2023-03-30,2023-12-06
C939T,"FRONTERA, SABINOSA",STA. CRUZ DE TENERIFE,20.0,2024,366,154,79,1,42,99,14.5,2024-04-05,25.7,2024-12-16,22.6,2024-01-12,2024-12-16
C939T,"FRONTERA, SABINOSA",STA. CRUZ DE TENERIFE,20.0,2025,364,148,83,0,64,98,13.7,2025-03-03,25.0,2025-09-20,22.9,2025-06-02,2025-11-29
